supplier_id,month,po_count,otif_rate,avg_delay_days,fill_rate,quality_ppm,commitments_made,commitments_kept
SUP0001,2023-02-01,1,0.0,11.0,1.0,,0,0
SUP0001,2023-03-01,2,0.0,13.5,0.7215,,0,0
SUP0001,2023-04-01,3,0.0,6.0,1.0,,0,0
SUP0001,2023-05-01,2,0.5,5.5,1.0,,0,0
SUP0001,2023-06-01,3,0.6667,2.333,1.0,,0,0
SUP0001,2023-07-01,2,0.0,3.5,0.8878,,0,0
SUP0001,2023-08-01,3,0.0,8.333,1.0,,0,0
SUP0001,2023-09-01,1,1.0,0.0,1.0,,0,0
SUP0001,2023-10-01,4,0.25,7.5,1.0,,0,0
SUP0001,2023-11-01,2,0.0,7.5,1.0,,0,0
SUP0001,2023-12-01,3,0.6667,4.667,1.0,,0,0
SUP0001,2024-01-01,1,1.0,0.0,1.0,,0,0
SUP0001,2024-02-01,2,1.0,0.0,1.0,,0,0
SUP0001,2024-03-01,2,0.0,6.5,1.0,,0,0
SUP0001,2024-04-01,4,0.25,3.75,1.0,,0,0
SUP0001,2024-05-01,1,1.0,0.0,1.0,,0,0
SUP0001,2024-06-01,2,0.5,7.0,1.0,,0,0
SUP0001,2024-07-01,2,0.0,8.5,1.0,,0,0
SUP0001,2024-08-01,2,0.5,4.0,1.0,,0,0
SUP0001,2024-09-01,2,0.5,3.5,1.0,,0,0
SUP0001,2024-11-01,2,0.5,1.5,1.0,,0,0
SUP0001,2024-12-01,2,0.0,8.5,1.0,,0,0
SUP0001,2025-01-01,4,0.25,4.0,1.0,,0,0
SUP0001,2025-02-01,3,0.3333,7.333,1.0,,0,0
SUP0001,2025-03-01,3,0.3333,5.0,1.0,,0,0
SUP0001,2025-06-01,3,0.3333,3.667,1.0,,0,0
SUP0001,2025-07-01,1,1.0,0.0,1.0,,0,0
SUP0001,2025-08-01,2,0.0,6.5,1.0,,0,0
SUP0001,2025-09-01,2,0.0,10.0,0.5801,,0,0
SUP0001,2025-10-01,2,0.0,11.5,1.0,,0,0
SUP0001,2025-11-01,2,0.0,8.0,1.0,,0,0
SUP0001,2025-12-01,2,0.0,9.0,0.4052,,0,0
SUP0002,2023-03-01,1,0.0,3.0,1.0,,0,0
SUP0002,2023-04-01,3,0.3333,7.333,1.0,,0,0
SUP0002,2023-05-01,2,1.0,0.0,1.0,,0,0
SUP0002,2023-07-01,2,0.5,2.0,1.0,,0,0
SUP0002,2023-08-01,1,0.0,3.0,1.0,,0,0
SUP0002,2023-10-01,1,0.0,6.0,1.0,,0,0
SUP0002,2023-11-01,3,0.0,10.0,1.0,,0,0
SUP0002,2024-02-01,3,0.0,8.333,1.0,,0,0
SUP0002,2024-03-01,1,0.0,6.0,1.0,,0,0
SUP0002,2024-05-01,2,0.5,5.5,1.0,,0,0
SUP0002,2024-06-01,3,0.0,5.667,1.0,,0,0
SUP0002,2024-08-01,2,0.0,5.5,0.4754,,0,0
SUP0002,2024-09-01,3,0.6667,3.0,1.0,,0,0
SUP0002,2024-11-01,3,0.0,9.667,1.0,,0,0
SUP0002,2024-12-01,1,0.0,9.0,1.0,,0,0
SUP0002,2025-01-01,2,0.0,5.0,1.0,,0,0
SUP0002,2025-03-01,1,0.0,9.0,1.0,,0,0
SUP0002,2025-04-01,2,0.0,6.5,1.0,,0,0
SUP0002,2025-05-01,1,1.0,0.0,1.0,,0,0
SUP0002,2025-06-01,1,0.0,7.0,1.0,,0,0
SUP0002,2025-07-01,1,0.0,12.0,0.7026,,0,0
SUP0002,2025-09-01,2,0.0,9.5,1.0,,0,0
SUP0002,2025-11-01,3,0.3333,9.0,1.0,,0,0
SUP0002,2025-12-01,4,0.5,2.0,0.8477,,0,0
SUP0003,2023-01-01,1,1.0,0.0,1.0,0.0,0,0
SUP0003,2023-02-01,10,0.5,7.8,1.0,13027.0,0,0
SUP0003,2023-03-01,23,0.7826,2.435,0.9962,5729.3,0,0
SUP0003,2023-04-01,18,0.6111,3.056,1.0,0.0,0,0
SUP0003,2023-05-01,15,0.5333,2.867,0.9996,0.0,0,0
SUP0003,2023-06-01,15,0.7333,4.067,1.0,0.0,0,0
SUP0003,2023-07-01,18,0.6111,4.222,1.0,0.0,1,1
SUP0003,2023-08-01,17,0.7647,1.882,1.0,0.0,0,0
SUP0003,2023-09-01,19,0.5789,6.684,0.8639,1289.6,0,0
SUP0003,2023-10-01,16,0.625,3.375,0.9991,4300.4,0,0
SUP0003,2023-11-01,13,0.5385,7.462,0.9738,0.0,0,0
SUP0003,2023-12-01,20,0.6,5.0,0.999,3523.9,0,0
SUP0003,2024-01-01,16,0.5625,4.375,1.0,1813.8,0,0
SUP0003,2024-02-01,15,0.3333,9.0,0.9997,1486.2,0,0
SUP0003,2024-03-01,19,0.5263,3.368,0.999,0.0,0,0
SUP0003,2024-04-01,19,0.8421,1.211,0.9998,0.0,0,0
SUP0003,2024-05-01,14,0.7857,0.857,0.9976,0.0,0,0
SUP0003,2024-06-01,12,0.5,4.333,0.9997,963.6,0,0
SUP0003,2024-07-01,13,0.5385,4.308,1.0,267.4,0,0
SUP0003,2024-08-01,16,0.6875,3.938,1.0,0.0,0,0
SUP0003,2024-09-01,15,0.4667,5.267,0.896,1060.8,0,0
SUP0003,2024-10-01,23,0.5217,6.174,1.0,0.0,1,1
SUP0003,2024-11-01,25,0.52,2.76,0.9999,0.0,0,0
SUP0003,2024-12-01,20,0.55,3.15,1.0,0.0,0,0
SUP0003,2025-01-01,20,0.45,5.85,1.0,0.0,0,0
SUP0003,2025-02-01,18,0.6111,2.0,0.9991,0.0,0,0
SUP0003,2025-03-01,12,0.75,1.917,1.0,0.0,0,0
SUP0003,2025-04-01,14,0.5714,3.143,0.9951,0.0,0,0
SUP0003,2025-05-01,21,0.5238,5.667,0.9685,4837.9,0,0
SUP0003,2025-06-01,21,0.2857,8.238,0.8951,0.0,0,0
SUP0003,2025-07-01,12,0.75,1.083,1.0,4074.5,0,0
SUP0003,2025-08-01,22,0.5,3.909,0.9999,0.0,0,0
SUP0003,2025-09-01,19,0.4737,8.211,0.9991,919.9,0,0
SUP0003,2025-10-01,23,0.5217,4.913,0.9997,2410.4,0,0
SUP0003,2025-11-01,21,0.6667,1.905,1.0,0.0,0,0
SUP0003,2025-12-01,16,0.375,2.545,0.0732,0.0,0,0
SUP0004,2023-01-01,1,1.0,0.0,1.0,,0,0
SUP0004,2023-02-01,1,0.0,2.0,1.0,,0,0
SUP0004,2023-04-01,1,0.0,5.0,0.1506,,0,0
SUP0004,2023-05-01,4,0.25,4.75,1.0,,0,0
SUP0004,2023-06-01,2,0.5,0.0,0.7048,,0,0
SUP0004,2023-07-01,1,1.0,0.0,1.0,,0,0
SUP0004,2023-08-01,1,0.0,5.0,1.0,,0,0
SUP0004,2023-09-01,3,0.0,4.667,1.0,,0,0
SUP0004,2023-10-01,4,0.25,6.0,1.0,,0,0
SUP0004,2023-11-01,4,0.25,5.75,1.0,,0,0
SUP0004,2023-12-01,3,0.0,5.667,1.0,,0,0
SUP0004,2024-01-01,1,0.0,12.0,1.0,,0,0
SUP0004,2024-03-01,3,0.0,9.667,1.0,,0,0
SUP0004,2024-04-01,5,0.4,4.0,0.9287,,0,0
SUP0004,2024-05-01,5,0.0,8.6,1.0,,0,0
SUP0004,2024-06-01,2,0.5,2.0,1.0,,0,0
SUP0004,2024-07-01,3,0.0,3.333,1.0,,0,0
SUP0004,2024-08-01,1,0.0,9.0,1.0,,0,0
SUP0004,2024-09-01,1,0.0,6.0,1.0,,0,0
SUP0004,2024-10-01,3,0.0,8.333,0.7541,,0,0
SUP0004,2024-11-01,5,0.2,5.4,1.0,,0,0
SUP0004,2024-12-01,2,0.0,8.5,1.0,,0,0
SUP0004,2025-01-01,3,0.0,6.667,1.0,,0,0
SUP0004,2025-02-01,1,0.0,13.0,1.0,,0,0
SUP0004,2025-03-01,3,0.6667,3.667,1.0,,0,0
SUP0004,2025-06-01,2,0.0,13.0,1.0,,0,0
SUP0004,2025-09-01,3,0.0,6.0,1.0,,0,0
SUP0004,2025-10-01,3,0.3333,6.0,1.0,,0,0
SUP0004,2025-11-01,3,0.0,7.667,0.9591,,0,0
SUP0004,2025-12-01,2,0.0,,0.0,,0,0
SUP0005,2023-02-01,2,0.0,9.5,1.0,,0,0
SUP0005,2023-03-01,2,0.0,2.5,1.0,,0,0
SUP0005,2023-04-01,5,0.0,10.8,1.0,,0,0
SUP0005,2023-05-01,2,0.5,3.0,1.0,,0,0
SUP0005,2023-06-01,3,0.0,8.333,1.0,,0,0
SUP0005,2023-07-01,3,0.0,7.667,1.0,,0,0
SUP0005,2023-08-01,2,0.0,11.5,1.0,,0,0
SUP0005,2023-10-01,2,0.0,8.5,1.0,,0,0
SUP0005,2023-11-01,1,1.0,0.0,1.0,,0,0
SUP0005,2023-12-01,3,0.0,6.667,1.0,,0,0
SUP0005,2024-01-01,1,0.0,10.0,0.4742,,0,0
SUP0005,2024-02-01,1,1.0,0.0,1.0,,0,0
SUP0005,2024-03-01,1,0.0,11.0,1.0,,0,0
SUP0005,2024-04-01,2,0.0,10.5,1.0,,0,0
SUP0005,2024-05-01,1,0.0,3.0,1.0,,0,0
SUP0005,2024-06-01,2,0.0,7.5,1.0,,0,0
SUP0005,2024-07-01,1,0.0,4.0,1.0,,0,0
SUP0005,2024-08-01,1,0.0,7.0,1.0,,0,0
SUP0005,2024-09-01,1,0.0,9.0,1.0,,0,0
SUP0005,2024-10-01,2,0.0,7.0,1.0,,0,0
SUP0005,2024-12-01,1,0.0,3.0,1.0,,0,0
SUP0005,2025-01-01,3,0.6667,1.667,0.9858,,0,0
SUP0005,2025-03-01,3,0.3333,1.667,1.0,,0,0
SUP0005,2025-04-01,2,0.0,13.0,0.485,,0,0
SUP0005,2025-05-01,4,0.0,10.75,1.0,,0,0
SUP0005,2025-06-01,1,0.0,14.0,1.0,,0,0
SUP0005,2025-07-01,1,1.0,0.0,1.0,,0,0
SUP0005,2025-08-01,3,0.3333,2.667,1.0,,0,0
SUP0005,2025-09-01,1,0.0,14.0,1.0,,0,0
SUP0005,2025-10-01,2,0.5,6.5,1.0,,0,0
SUP0005,2025-11-01,3,0.0,7.667,1.0,,0,0
SUP0005,2025-12-01,2,0.0,,0.0,,0,0
SUP0006,2023-04-01,2,0.5,0.5,1.0,,0,0
SUP0006,2023-05-01,2,0.0,9.5,1.0,,0,0
SUP0006,2023-06-01,1,1.0,0.0,1.0,,0,0
SUP0006,2023-07-01,2,0.5,0.5,1.0,,0,0
SUP0006,2023-08-01,3,0.3333,5.667,1.0,,0,0
SUP0006,2023-09-01,6,0.1667,6.667,1.0,,0,0
SUP0006,2023-11-01,3,0.0,10.333,1.0,,0,0
SUP0006,2023-12-01,3,0.0,7.333,0.8653,,0,0
SUP0006,2024-01-01,1,0.0,8.0,1.0,,0,0
SUP0006,2024-02-01,6,0.0,8.667,1.0,,0,0
SUP0006,2024-04-01,2,0.0,8.5,1.0,,0,0
SUP0006,2024-05-01,1,1.0,0.0,1.0,,0,0
SUP0006,2024-06-01,2,0.0,8.0,1.0,,0,0
SUP0006,2024-08-01,1,1.0,0.0,1.0,,0,0
SUP0006,2024-09-01,3,0.6667,3.667,0.7627,,0,0
SUP0006,2024-11-01,1,0.0,3.0,1.0,,0,0
SUP0006,2024-12-01,2,1.0,0.0,1.0,,0,0
SUP0006,2025-01-01,5,0.0,9.0,0.9389,,0,0
SUP0006,2025-02-01,2,0.5,6.0,1.0,,0,0
SUP0006,2025-03-01,2,0.0,7.5,0.6987,,0,0
SUP0006,2025-05-01,2,0.5,5.0,1.0,,0,0
SUP0006,2025-06-01,2,0.0,2.5,1.0,,0,0
SUP0006,2025-07-01,1,0.0,11.0,1.0,,0,0
SUP0006,2025-09-01,2,0.5,1.0,1.0,,0,0
SUP0006,2025-10-01,2,0.5,5.0,1.0,,0,0
SUP0006,2025-12-01,3,0.3333,7.0,0.4304,,0,0
SUP0007,2023-04-01,2,0.5,5.0,1.0,,0,0
SUP0007,2023-05-01,5,0.0,7.8,0.8994,,0,0
SUP0007,2023-06-01,2,0.0,11.5,1.0,,0,0
SUP0007,2023-07-01,2,0.5,6.5,1.0,,0,0
SUP0007,2023-08-01,1,0.0,7.0,1.0,,0,0
SUP0007,2023-09-01,2,0.5,7.0,1.0,,0,0
SUP0007,2023-10-01,1,0.0,3.0,0.2412,,0,0
SUP0007,2023-11-01,1,0.0,14.0,1.0,,0,0
SUP0007,2023-12-01,3,0.3333,3.667,0.8213,,0,0
SUP0007,2024-01-01,3,0.0,7.333,1.0,,0,0
SUP0007,2024-03-01,2,0.0,10.5,1.0,,0,0
SUP0007,2024-04-01,2,0.0,5.5,0.8619,,0,0
SUP0007,2024-05-01,2,0.0,6.0,1.0,,0,0
SUP0007,2024-06-01,2,0.0,10.0,1.0,,0,0
SUP0007,2024-08-01,2,0.5,6.5,0.6568,,0,0
SUP0007,2024-09-01,3,0.3333,7.0,1.0,,0,0
SUP0007,2024-10-01,1,0.0,6.0,1.0,,0,0
SUP0007,2024-12-01,1,0.0,10.0,1.0,,0,0
SUP0007,2025-01-01,3,0.3333,6.333,1.0,,0,0
SUP0007,2025-02-01,3,0.0,5.667,1.0,,0,0
SUP0007,2025-03-01,2,1.0,0.0,1.0,,0,0
SUP0007,2025-04-01,2,0.0,9.5,1.0,,0,0
SUP0007,2025-05-01,4,0.25,4.0,1.0,,0,0
SUP0007,2025-06-01,1,0.0,2.0,1.0,,0,0
SUP0007,2025-07-01,1,0.0,11.0,1.0,,0,0
SUP0007,2025-09-01,3,0.3333,3.333,0.9832,,0,0
SUP0007,2025-10-01,2,0.0,4.5,1.0,,0,0
SUP0007,2025-12-01,4,0.25,4.333,0.6582,,0,0
SUP0008,2023-02-01,2,0.0,8.5,1.0,,0,0
SUP0008,2023-03-01,2,0.0,1.5,1.0,,0,0
SUP0008,2023-04-01,3,0.3333,5.667,1.0,,0,0
SUP0008,2023-05-01,2,0.5,1.0,1.0,,0,0
SUP0008,2023-06-01,3,0.0,7.667,1.0,,0,0
SUP0008,2023-07-01,1,0.0,7.0,1.0,,0,0
SUP0008,2023-08-01,1,0.0,13.0,1.0,,0,0
SUP0008,2023-09-01,3,0.0,3.0,1.0,,0,0
SUP0008,2023-10-01,5,0.4,5.0,0.9337,,0,0
SUP0008,2023-11-01,4,0.0,6.75,1.0,,0,0
SUP0008,2023-12-01,3,0.0,4.667,1.0,,0,0
SUP0008,2024-01-01,2,0.0,3.0,1.0,,0,0
SUP0008,2024-02-01,1,0.0,0.0,0.6643,,0,0
SUP0008,2024-04-01,2,0.0,12.0,1.0,,0,0
SUP0008,2024-05-01,2,0.0,7.0,1.0,,0,0
SUP0008,2024-07-01,2,0.0,11.0,1.0,,0,0
SUP0008,2024-08-01,1,0.0,6.0,1.0,,0,0
SUP0008,2024-09-01,2,0.5,7.0,1.0,,0,0
SUP0008,2024-10-01,2,0.0,7.5,1.0,,0,0
SUP0008,2024-11-01,1,0.0,14.0,1.0,,0,0
SUP0008,2024-12-01,3,0.6667,0.333,0.9814,,0,0
SUP0008,2025-01-01,1,0.0,0.0,0.4422,,0,0
SUP0008,2025-02-01,3,0.3333,4.333,1.0,,0,0
SUP0008,2025-03-01,2,0.0,8.0,1.0,,0,0
SUP0008,2025-04-01,1,0.0,3.0,1.0,,0,0
SUP0008,2025-05-01,2,0.0,8.0,1.0,,0,0
SUP0008,2025-06-01,4,0.0,9.0,1.0,,0,0
SUP0008,2025-07-01,2,0.5,3.5,1.0,,0,0
SUP0008,2025-08-01,2,0.0,9.5,1.0,,0,0
SUP0008,2025-09-01,1,0.0,5.0,1.0,,0,0
SUP0008,2025-10-01,2,0.0,5.5,1.0,,0,0
SUP0008,2025-12-01,7,0.0,6.0,0.1914,,0,0
SUP0009,2023-02-01,1,1.0,0.0,1.0,,0,0
SUP0009,2023-03-01,2,0.0,6.5,0.814,,0,0
SUP0009,2023-04-01,2,0.0,10.0,1.0,,0,0
SUP0009,2023-05-01,1,0.0,13.0,1.0,,0,0
SUP0009,2023-06-01,2,0.5,3.5,1.0,,0,0
SUP0009,2023-07-01,4,0.5,2.0,0.8666,,0,0
SUP0009,2023-08-01,2,0.0,3.5,1.0,,0,0
SUP0009,2023-09-01,1,0.0,6.0,1.0,,0,0
SUP0009,2023-11-01,3,0.3333,5.0,1.0,,0,0
SUP0009,2023-12-01,5,0.4,4.4,1.0,,0,0
SUP0009,2024-01-01,1,1.0,0.0,1.0,,0,0
SUP0009,2024-02-01,3,0.0,2.667,0.816,,0,0
SUP0009,2024-03-01,1,0.0,5.0,1.0,,0,0
SUP0009,2024-04-01,2,0.0,3.0,1.0,,0,0
SUP0009,2024-05-01,1,1.0,0.0,1.0,,0,0
SUP0009,2024-06-01,4,0.25,8.5,1.0,,0,0
SUP0009,2024-07-01,1,0.0,1.0,1.0,,0,0
SUP0009,2024-08-01,2,0.0,4.0,1.0,,0,0
SUP0009,2024-09-01,3,0.0,9.333,1.0,,0,0
SUP0009,2024-11-01,1,0.0,4.0,1.0,,0,0
SUP0009,2024-12-01,2,0.0,4.0,0.9489,,0,0
SUP0009,2025-01-01,5,0.2,9.4,1.0,,0,0
SUP0009,2025-02-01,2,0.0,9.5,1.0,,0,0
SUP0009,2025-03-01,6,0.1667,7.667,1.0,,0,0
SUP0009,2025-04-01,4,0.0,7.25,1.0,,0,0
SUP0009,2025-05-01,3,0.3333,5.0,1.0,,0,0
SUP0009,2025-06-01,3,0.6667,3.0,1.0,,0,0
SUP0009,2025-07-01,6,0.0,8.667,1.0,,0,0
SUP0009,2025-08-01,2,0.0,9.0,1.0,,0,0
SUP0009,2025-09-01,4,0.0,7.75,0.9602,,0,0
SUP0009,2025-11-01,1,0.0,3.0,1.0,,0,0
SUP0009,2025-12-01,8,0.25,2.75,0.6218,,0,0
SUP0010,2023-03-01,1,1.0,0.0,1.0,,0,0
SUP0010,2023-04-01,2,0.0,2.0,1.0,,0,0
SUP0010,2023-05-01,1,1.0,0.0,1.0,,0,0
SUP0010,2023-06-01,3,0.0,8.0,1.0,,0,0
SUP0010,2023-07-01,1,0.0,10.0,1.0,,0,0
SUP0010,2023-08-01,3,0.0,7.667,1.0,,0,0
SUP0010,2023-09-01,1,0.0,13.0,1.0,,0,0
SUP0010,2023-10-01,2,1.0,0.0,1.0,,0,0
SUP0010,2023-11-01,4,0.25,7.5,1.0,,0,0
SUP0010,2023-12-01,3,0.3333,5.0,1.0,,0,0
SUP0010,2024-01-01,3,0.3333,1.667,1.0,,0,0
SUP0010,2024-02-01,1,0.0,12.0,1.0,,0,0
SUP0010,2024-03-01,2,0.0,6.0,1.0,,0,0
SUP0010,2024-04-01,3,0.0,7.0,1.0,,0,0
SUP0010,2024-05-01,4,0.25,2.5,0.9063,,0,0
SUP0010,2024-06-01,1,0.0,2.0,1.0,,0,0
SUP0010,2024-07-01,1,1.0,0.0,1.0,,0,0
SUP0010,2024-08-01,2,0.5,3.0,0.6763,,0,0
SUP0010,2024-09-01,1,0.0,14.0,1.0,,0,0
SUP0010,2024-10-01,1,0.0,10.0,0.5469,,0,0
SUP0010,2024-12-01,2,0.0,11.5,0.7945,,0,0
SUP0010,2025-01-01,3,0.0,3.333,0.9827,,0,0
SUP0010,2025-02-01,2,0.5,0.5,1.0,,0,0
SUP0010,2025-03-01,2,0.0,9.5,1.0,,0,0
SUP0010,2025-04-01,2,0.5,3.0,1.0,,0,0
SUP0010,2025-05-01,1,0.0,14.0,1.0,,0,0
SUP0010,2025-06-01,3,0.6667,2.667,1.0,,0,0
SUP0010,2025-07-01,1,0.0,12.0,1.0,,0,0
SUP0010,2025-08-01,3,0.3333,6.333,1.0,,1,0
SUP0010,2025-09-01,4,0.25,8.5,0.9749,,0,0
SUP0010,2025-10-01,3,0.0,9.0,0.9366,,0,0
SUP0010,2025-12-01,6,0.3333,4.25,0.7438,,0,0
SUP0011,2023-02-01,2,0.0,10.0,0.7661,,0,0
SUP0011,2023-03-01,2,0.5,1.0,1.0,,0,0
SUP0011,2023-04-01,4,0.5,4.25,1.0,,0,0
SUP0011,2023-05-01,3,0.0,8.333,0.7478,,0,0
SUP0011,2023-07-01,2,0.0,6.5,1.0,,0,0
SUP0011,2023-08-01,5,0.4,0.8,1.0,,0,0
SUP0011,2023-10-01,1,0.0,11.0,1.0,,0,0
SUP0011,2023-11-01,2,0.0,9.5,1.0,,0,0
SUP0011,2023-12-01,2,1.0,0.0,1.0,,0,0
SUP0011,2024-01-01,3,0.3333,5.667,1.0,,0,0
SUP0011,2024-02-01,1,0.0,14.0,1.0,,0,0
SUP0011,2024-03-01,2,0.0,6.0,1.0,,0,0
SUP0011,2024-04-01,2,0.5,5.5,1.0,,0,0
SUP0011,2024-05-01,4,0.0,7.5,1.0,,0,0
SUP0011,2024-06-01,1,1.0,0.0,1.0,,0,0
SUP0011,2024-07-01,1,1.0,0.0,1.0,,0,0
SUP0011,2024-08-01,2,0.0,7.5,1.0,,0,0
SUP0011,2024-09-01,3,0.0,6.333,1.0,,0,0
SUP0011,2024-10-01,2,0.0,8.5,1.0,,0,0
SUP0011,2024-11-01,1,0.0,14.0,1.0,,0,0
SUP0011,2024-12-01,3,0.0,8.0,1.0,,0,0
SUP0011,2025-01-01,2,0.5,2.0,1.0,,0,0
SUP0011,2025-02-01,2,0.0,7.5,0.7829,,0,0
SUP0011,2025-05-01,3,0.3333,4.667,1.0,,0,0
SUP0011,2025-06-01,3,0.0,6.333,0.906,,1,1
SUP0011,2025-07-01,6,0.1667,4.5,1.0,,0,0
SUP0011,2025-08-01,2,0.0,4.5,1.0,,0,0
SUP0011,2025-09-01,4,0.75,2.5,1.0,,0,0
SUP0011,2025-10-01,3,0.3333,4.667,1.0,,0,0
SUP0011,2025-11-01,4,0.5,5.5,1.0,,0,0
SUP0011,2025-12-01,5,0.0,4.75,0.5939,,0,0
SUP0012,2023-01-01,5,1.0,0.0,1.0,0.0,0,0
SUP0012,2023-02-01,12,0.6667,3.417,1.0,0.0,1,0
SUP0012,2023-03-01,9,0.5556,1.889,0.9622,0.0,0,0
SUP0012,2023-04-01,22,0.8636,1.545,1.0,4650.4,0,0
SUP0012,2023-05-01,22,0.8182,2.273,1.0,2867.2,0,0
SUP0012,2023-06-01,13,0.6923,1.692,1.0,0.0,0,0
SUP0012,2023-07-01,12,0.8333,1.917,1.0,0.0,0,0
SUP0012,2023-08-01,14,0.9286,0.571,1.0,1555.9,0,0
SUP0012,2023-09-01,17,0.7059,4.353,1.0,0.0,0,0
SUP0012,2023-10-01,15,0.9333,0.0,0.9943,2404.8,0,0
SUP0012,2023-11-01,19,0.8421,2.158,1.0,0.0,0,0
SUP0012,2023-12-01,20,0.75,1.9,1.0,0.0,0,0
SUP0012,2024-01-01,19,0.7895,2.474,1.0,1650.3,0,0
SUP0012,2024-02-01,21,0.8571,1.095,1.0,1504.6,0,0
SUP0012,2024-03-01,16,1.0,0.0,1.0,0.0,0,0
SUP0012,2024-04-01,23,0.8261,1.652,1.0,0.0,0,0
SUP0012,2024-05-01,18,1.0,0.0,1.0,846.8,0,0
SUP0012,2024-06-01,23,0.8696,0.826,1.0,0.0,0,0
SUP0012,2024-07-01,26,0.7692,2.654,1.0,1680.5,0,0
SUP0012,2024-08-01,15,0.8,0.333,1.0,0.0,1,1
SUP0012,2024-09-01,20,0.75,2.65,0.7138,4286.2,0,0
SUP0012,2024-10-01,17,1.0,0.0,1.0,991.8,0,0
SUP0012,2024-11-01,11,0.8182,0.273,1.0,0.0,0,0
SUP0012,2024-12-01,15,0.8,2.6,1.0,0.0,0,0
SUP0012,2025-01-01,19,0.8947,0.368,0.993,1422.6,0,0
SUP0012,2025-02-01,18,0.8333,2.5,0.9998,0.0,0,0
SUP0012,2025-03-01,20,0.8,3.25,1.0,2692.9,0,0
SUP0012,2025-04-01,14,0.7857,2.429,1.0,0.0,0,0
SUP0012,2025-05-01,17,0.8824,1.059,1.0,0.0,0,0
SUP0012,2025-06-01,19,0.8947,0.789,1.0,2501.2,0,0
SUP0012,2025-07-01,15,0.9333,0.6,1.0,2312.4,0,0
SUP0012,2025-08-01,17,0.8235,2.588,1.0,0.0,0,0
SUP0012,2025-09-01,19,0.9474,0.579,1.0,730.0,0,0
SUP0012,2025-10-01,21,0.8095,0.429,0.8473,0.0,0,0
SUP0012,2025-11-01,11,0.8182,0.636,1.0,0.0,0,0
SUP0012,2025-12-01,18,0.8333,0.0,0.288,0.0,0,0
SUP0013,2023-02-01,1,0.0,7.0,1.0,,0,0
SUP0013,2023-03-01,2,0.5,1.5,1.0,,0,0
SUP0013,2023-04-01,1,0.0,3.0,1.0,,0,0
SUP0013,2023-05-01,4,0.75,1.75,1.0,,1,1
SUP0013,2023-06-01,4,0.25,5.75,0.9728,,0,0
SUP0013,2023-07-01,1,0.0,6.0,1.0,,0,0
SUP0013,2023-08-01,1,0.0,0.0,0.637,,0,0
SUP0013,2023-09-01,2,0.0,4.5,1.0,,0,0
SUP0013,2023-10-01,5,0.2,7.6,1.0,,0,0
SUP0013,2023-11-01,3,0.6667,3.333,1.0,,0,0
SUP0013,2023-12-01,3,0.6667,0.0,0.9161,,1,1
SUP0013,2024-01-01,1,0.0,10.0,1.0,,0,0
SUP0013,2024-02-01,3,0.6667,2.333,0.9494,,0,0
SUP0013,2024-03-01,3,0.0,12.333,0.7941,,1,0
SUP0013,2024-04-01,2,0.0,6.5,1.0,,0,0
SUP0013,2024-05-01,2,0.0,9.0,1.0,,0,0
SUP0013,2024-06-01,3,0.0,8.667,1.0,,0,0
SUP0013,2024-08-01,5,0.0,8.0,1.0,,0,0
SUP0013,2024-09-01,2,0.5,4.0,1.0,,0,0
SUP0013,2024-10-01,2,0.0,9.5,1.0,,0,0
SUP0013,2024-11-01,2,0.0,6.0,0.5684,,0,0
SUP0013,2024-12-01,2,0.5,2.5,1.0,,0,0
SUP0013,2025-01-01,1,0.0,8.0,0.2848,,0,0
SUP0013,2025-02-01,2,1.0,0.0,1.0,,0,0
SUP0013,2025-03-01,1,0.0,13.0,1.0,,0,0
SUP0013,2025-04-01,3,0.0,10.667,1.0,,0,0
SUP0013,2025-05-01,1,0.0,13.0,1.0,,0,0
SUP0013,2025-06-01,3,0.0,11.0,1.0,,0,0
SUP0013,2025-08-01,2,0.5,3.0,1.0,,0,0
SUP0013,2025-09-01,1,0.0,4.0,1.0,,0,0
SUP0013,2025-10-01,1,0.0,4.0,0.5215,,0,0
SUP0013,2025-12-01,2,0.5,2.0,1.0,,0,0
SUP0014,2023-01-01,2,0.0,8.0,1.0,,0,0
SUP0014,2023-02-01,3,0.0,5.0,1.0,,0,0
SUP0014,2023-03-01,1,0.0,10.0,1.0,,0,0
SUP0014,2023-04-01,2,0.0,6.5,1.0,,0,0
SUP0014,2023-05-01,1,0.0,13.0,1.0,,0,0
SUP0014,2023-06-01,4,0.0,5.5,1.0,,0,0
SUP0014,2023-07-01,1,0.0,2.0,1.0,,0,0
SUP0014,2023-08-01,4,0.5,1.5,0.9443,,0,0
SUP0014,2023-09-01,2,0.5,6.5,1.0,,0,0
SUP0014,2023-11-01,1,0.0,14.0,1.0,,0,0
SUP0014,2023-12-01,1,1.0,0.0,1.0,,0,0
SUP0014,2024-02-01,1,0.0,14.0,1.0,,0,0
SUP0014,2024-03-01,3,0.0,6.0,1.0,,0,0
SUP0014,2024-04-01,4,0.0,7.0,1.0,,0,0
SUP0014,2024-05-01,5,0.4,4.2,1.0,,0,0
SUP0014,2024-06-01,2,0.0,8.0,1.0,,0,0
SUP0014,2024-07-01,1,0.0,13.0,1.0,,0,0
SUP0014,2024-08-01,4,0.5,2.5,1.0,,0,0
SUP0014,2024-10-01,2,0.0,4.5,0.9688,,0,0
SUP0014,2024-11-01,1,0.0,1.0,1.0,,0,0
SUP0014,2024-12-01,1,0.0,9.0,1.0,,0,0
SUP0014,2025-01-01,2,0.5,2.0,1.0,,0,0
SUP0014,2025-02-01,2,0.5,0.5,1.0,,0,0
SUP0014,2025-03-01,1,0.0,9.0,1.0,,0,0
SUP0014,2025-05-01,3,0.6667,2.0,1.0,,0,0
SUP0014,2025-06-01,1,0.0,14.0,1.0,,0,0
SUP0014,2025-07-01,1,0.0,11.0,1.0,,0,0
SUP0014,2025-08-01,1,0.0,8.0,1.0,,0,0
SUP0014,2025-09-01,1,1.0,0.0,1.0,,0,0
SUP0014,2025-10-01,1,0.0,13.0,1.0,,0,0
SUP0014,2025-11-01,2,0.0,7.0,1.0,,0,0
SUP0014,2025-12-01,1,0.0,,0.0,,0,0
SUP0015,2023-02-01,3,0.6667,1.333,1.0,,0,0
SUP0015,2023-03-01,1,0.0,1.0,1.0,,0,0
SUP0015,2023-04-01,3,0.3333,6.0,1.0,,0,0
SUP0015,2023-05-01,1,0.0,12.0,1.0,,0,0
SUP0015,2023-06-01,3,0.3333,8.0,0.7055,,0,0
SUP0015,2023-07-01,3,0.0,3.667,0.8733,,0,0
SUP0015,2023-08-01,1,0.0,3.0,1.0,,0,0
SUP0015,2023-09-01,2,0.0,8.5,1.0,,0,0
SUP0015,2023-10-01,5,0.4,1.8,1.0,,0,0
SUP0015,2023-11-01,1,0.0,7.0,1.0,,0,0
SUP0015,2023-12-01,3,0.6667,4.667,1.0,,0,0
SUP0015,2024-01-01,2,0.0,4.5,1.0,,0,0
SUP0015,2024-02-01,1,0.0,4.0,1.0,,0,0
SUP0015,2024-03-01,3,0.0,5.0,0.845,,0,0
SUP0015,2024-04-01,3,0.0,10.0,1.0,,0,0
SUP0015,2024-05-01,1,0.0,7.0,1.0,,0,0
SUP0015,2024-06-01,3,0.3333,5.333,1.0,,0,0
SUP0015,2024-07-01,3,0.0,7.333,0.788,,0,0
SUP0015,2024-09-01,2,0.0,7.5,0.4675,,0,0
SUP0015,2024-10-01,2,0.0,10.5,1.0,,0,0
SUP0015,2024-11-01,2,0.0,7.0,1.0,,0,0
SUP0015,2024-12-01,3,0.0,5.333,0.9849,,0,0
SUP0015,2025-01-01,1,0.0,0.0,0.637,,0,0
SUP0015,2025-02-01,2,0.5,3.0,1.0,,0,0
SUP0015,2025-03-01,2,0.5,2.0,1.0,,0,0
SUP0015,2025-04-01,1,0.0,1.0,1.0,,0,0
SUP0015,2025-05-01,3,0.3333,1.667,1.0,,0,0
SUP0015,2025-06-01,2,0.0,9.5,1.0,,0,0
SUP0015,2025-07-01,2,0.5,3.0,1.0,,0,0
SUP0015,2025-08-01,2,0.0,11.5,0.6336,,0,0
SUP0015,2025-09-01,2,0.5,4.0,1.0,,0,0
SUP0015,2025-10-01,3,0.3333,2.667,1.0,,0,0
SUP0015,2025-11-01,3,0.3333,6.667,1.0,,0,0
SUP0016,2023-02-01,6,0.5,8.0,1.0,0.0,0,0
SUP0016,2023-03-01,19,0.4737,6.158,0.9997,725.1,0,0
SUP0016,2023-04-01,11,0.7273,5.091,0.9993,0.0,0,0
SUP0016,2023-05-01,11,0.6364,2.364,1.0,0.0,0,0
SUP0016,2023-06-01,14,0.5,7.286,0.9424,0.0,0,0
SUP0016,2023-07-01,12,0.4167,10.583,1.0,0.0,0,0
SUP0016,2023-08-01,10,0.6,9.5,1.0,2303.2,0,0
SUP0016,2023-09-01,10,0.7,2.1,1.0,0.0,0,0
SUP0016,2023-10-01,13,0.5385,4.077,0.9996,0.0,0,0
SUP0016,2023-11-01,13,0.4615,8.385,1.0,0.0,0,0
SUP0016,2023-12-01,16,0.5,9.312,1.0,0.0,0,0
SUP0016,2024-01-01,15,0.3333,9.333,0.9347,12286.7,0,0
SUP0016,2024-02-01,14,0.5,6.429,0.9998,0.0,0,0
SUP0016,2024-03-01,13,0.3077,7.462,0.1222,0.0,0,0
SUP0016,2024-04-01,10,0.9,1.3,1.0,10238.2,0,0
SUP0016,2024-05-01,14,0.5714,3.286,0.9995,0.0,0,0
SUP0016,2024-06-01,12,0.8333,1.083,1.0,0.0,0,0
SUP0016,2024-07-01,15,0.6,2.8,1.0,0.0,0,0
SUP0016,2024-08-01,19,0.7368,1.789,0.9999,0.0,0,0
SUP0016,2024-09-01,15,0.6667,8.667,0.8306,0.0,0,0
SUP0016,2024-10-01,22,0.4545,5.591,0.8606,0.0,1,0
SUP0016,2024-11-01,13,0.5385,4.308,0.9992,0.0,0,0
SUP0016,2024-12-01,15,0.4,4.067,0.9997,0.0,1,0
SUP0016,2025-01-01,21,0.619,3.571,0.9234,0.0,1,0
SUP0016,2025-02-01,16,0.4375,5.688,1.0,0.0,0,0
SUP0016,2025-03-01,19,0.5789,2.158,0.9996,0.0,0,0
SUP0016,2025-04-01,17,0.6471,8.235,1.0,0.0,0,0
SUP0016,2025-05-01,20,0.4,7.6,0.5507,1306.6,0,0
SUP0016,2025-06-01,21,0.5238,6.238,0.9825,0.0,0,0
SUP0016,2025-07-01,23,0.4348,5.087,0.9998,0.0,1,1
SUP0016,2025-08-01,17,0.2941,7.294,0.9999,4487.4,0,0
SUP0016,2025-09-01,18,0.5,11.889,1.0,0.0,0,0
SUP0016,2025-10-01,21,0.5238,9.286,0.9993,0.0,1,0
SUP0016,2025-11-01,19,0.6842,3.316,0.9988,1424.4,0,0
SUP0016,2025-12-01,16,0.8125,0.0,0.996,0.0,3,1
SUP0017,2023-02-01,8,0.625,3.75,1.0,0.0,0,0
SUP0017,2023-03-01,13,0.4615,5.308,1.0,0.0,0,0
SUP0017,2023-04-01,6,0.5,4.5,1.0,0.0,0,0
SUP0017,2023-05-01,12,0.5,5.667,0.6958,0.0,0,0
SUP0017,2023-06-01,8,0.625,3.75,1.0,7386.6,0,0
SUP0017,2023-07-01,7,0.5714,8.571,1.0,0.0,0,0
SUP0017,2023-08-01,9,0.4444,5.889,1.0,0.0,0,0
SUP0017,2023-09-01,9,0.3333,7.222,1.0,0.0,0,0
SUP0017,2023-10-01,11,0.4545,6.727,1.0,1210.6,0,0
SUP0017,2023-11-01,12,0.4167,5.25,0.9999,0.0,0,0
SUP0017,2023-12-01,10,0.4,3.0,0.9999,3264.6,0,0
SUP0017,2024-01-01,11,0.7273,6.273,1.0,0.0,0,0
SUP0017,2024-02-01,11,0.5455,6.091,1.0,0.0,0,0
SUP0017,2024-03-01,12,0.5,16.75,1.0,0.0,0,0
SUP0017,2024-04-01,13,0.2308,10.615,0.9987,0.0,0,0
SUP0017,2024-05-01,16,0.3125,7.375,1.0,0.0,0,0
SUP0017,2024-06-01,6,0.6667,10.833,1.0,0.0,0,0
SUP0017,2024-07-01,11,0.1818,7.455,1.0,0.0,1,0
SUP0017,2024-08-01,9,0.4444,12.0,1.0,0.0,0,0
SUP0017,2024-09-01,7,0.5714,7.0,1.0,12889.0,0,0
SUP0017,2024-10-01,14,0.3571,21.357,0.9999,0.0,1,1
SUP0017,2024-11-01,10,0.3,20.3,0.3454,0.0,0,0
SUP0017,2024-12-01,10,0.3,15.4,0.9978,0.0,0,0
SUP0017,2025-01-01,8,0.5,2.625,0.5928,0.0,0,0
SUP0017,2025-02-01,6,0.6667,2.5,0.7422,47434.7,0,0
SUP0017,2025-03-01,11,0.6364,3.545,1.0,0.0,0,0
SUP0017,2025-04-01,8,0.5,4.125,1.0,1580.3,0,0
SUP0017,2025-05-01,12,0.25,13.333,1.0,0.0,1,1
SUP0017,2025-06-01,11,0.2727,9.818,1.0,0.0,0,0
SUP0017,2025-07-01,11,0.4545,8.455,1.0,0.0,0,0
SUP0017,2025-08-01,11,0.3636,12.364,1.0,0.0,1,1
SUP0017,2025-09-01,12,0.5,5.5,1.0,3376.4,0,0
SUP0017,2025-10-01,13,0.3077,9.615,1.0,0.0,0,0
SUP0017,2025-11-01,12,0.25,9.333,0.9991,0.0,0,0
SUP0017,2025-12-01,23,0.3043,3.25,0.5521,0.0,1,0
SUP0018,2023-02-01,2,1.0,0.0,1.0,0.0,0,0
SUP0018,2023-03-01,17,0.8235,1.353,0.7193,0.0,0,0
SUP0018,2023-04-01,13,0.5385,5.231,0.9122,0.0,1,0
SUP0018,2023-05-01,19,0.6316,2.947,1.0,0.0,0,0
SUP0018,2023-06-01,16,0.75,3.125,1.0,0.0,0,0
SUP0018,2023-07-01,13,0.7692,2.154,1.0,0.0,0,0
SUP0018,2023-08-01,18,0.3333,9.722,1.0,0.0,0,0
SUP0018,2023-09-01,15,0.6667,3.133,1.0,0.0,1,0
SUP0018,2023-10-01,19,0.3684,7.263,0.7059,0.0,1,0
SUP0018,2023-11-01,19,0.7368,2.158,0.925,5369.2,0,0
SUP0018,2023-12-01,13,0.7692,0.538,0.9973,0.0,0,0
SUP0018,2024-01-01,19,0.7895,2.737,0.9993,0.0,0,0
SUP0018,2024-02-01,16,0.8125,1.188,0.9402,0.0,0,0
SUP0018,2024-03-01,17,0.8235,0.941,1.0,2610.6,0,0
SUP0018,2024-04-01,18,0.7778,2.056,1.0,3325.4,0,0
SUP0018,2024-05-01,15,0.8,2.0,1.0,2166.5,0,0
SUP0018,2024-06-01,14,0.7143,4.143,1.0,2621.1,0,0
SUP0018,2024-07-01,17,0.7059,4.0,0.9982,1897.2,0,0
SUP0018,2024-08-01,13,0.6923,3.231,1.0,0.0,0,0
SUP0018,2024-09-01,15,0.6667,4.4,1.0,788.9,0,0
SUP0018,2024-10-01,18,0.5,6.889,0.9984,920.0,0,0
SUP0018,2024-11-01,17,0.6471,2.0,0.9994,0.0,0,0
SUP0018,2024-12-01,20,0.9,1.75,1.0,0.0,0,0
SUP0018,2025-01-01,16,0.625,3.562,1.0,0.0,0,0
SUP0018,2025-02-01,12,0.75,4.583,1.0,0.0,0,0
SUP0018,2025-03-01,16,0.375,9.438,0.9991,0.0,0,0
SUP0018,2025-04-01,15,0.8,0.933,1.0,1078.0,0,0
SUP0018,2025-05-01,14,0.6429,1.357,1.0,0.0,0,0
SUP0018,2025-06-01,15,0.9333,0.667,1.0,0.0,0,0
SUP0018,2025-07-01,16,0.625,4.312,1.0,0.0,0,0
SUP0018,2025-08-01,18,0.5556,2.833,0.9977,0.0,0,0
SUP0018,2025-09-01,19,0.5263,6.632,0.6742,2921.8,0,0
SUP0018,2025-10-01,16,0.75,2.375,0.9992,0.0,1,1
SUP0018,2025-11-01,13,0.7692,2.154,0.9979,0.0,0,0
SUP0018,2025-12-01,18,0.7778,0.294,0.997,729.3,1,0
SUP0019,2023-01-01,2,0.0,7.0,1.0,,0,0
SUP0019,2023-02-01,1,0.0,13.0,1.0,,0,0
SUP0019,2023-03-01,3,0.3333,5.0,1.0,,0,0
SUP0019,2023-04-01,5,0.4,7.8,0.913,,0,0
SUP0019,2023-06-01,1,0.0,6.0,1.0,,0,0
SUP0019,2023-07-01,3,0.0,8.667,1.0,,0,0
SUP0019,2023-08-01,2,0.0,7.0,1.0,,0,0
SUP0019,2023-09-01,3,0.3333,3.333,1.0,,0,0
SUP0019,2023-10-01,3,0.6667,3.333,1.0,,0,0
SUP0019,2023-11-01,2,0.0,8.0,1.0,,0,0
SUP0019,2023-12-01,3,0.0,6.333,1.0,,0,0
SUP0019,2024-01-01,2,0.0,7.0,1.0,,0,0
SUP0019,2024-02-01,3,0.0,9.0,1.0,,0,0
SUP0019,2024-03-01,3,0.3333,3.667,1.0,,0,0
SUP0019,2024-05-01,3,0.0,8.667,1.0,,0,0
SUP0019,2024-06-01,1,0.0,12.0,1.0,,0,0
SUP0019,2024-07-01,1,0.0,9.0,0.375,,0,0
SUP0019,2024-08-01,2,0.0,10.5,1.0,,0,0
SUP0019,2024-09-01,3,0.3333,2.667,1.0,,0,0
SUP0019,2024-10-01,3,0.3333,5.0,0.7134,,0,0
SUP0019,2024-11-01,2,0.0,7.0,1.0,,0,0
SUP0019,2024-12-01,2,0.0,8.0,0.8075,,0,0
SUP0019,2025-01-01,3,0.0,5.333,1.0,,0,0
SUP0019,2025-02-01,4,0.25,3.25,0.9757,,0,0
SUP0019,2025-03-01,1,0.0,14.0,1.0,,0,0
SUP0019,2025-04-01,2,0.0,8.5,1.0,,0,0
SUP0019,2025-05-01,3,0.0,8.0,1.0,,0,0
SUP0019,2025-06-01,2,0.5,1.5,1.0,,0,0
SUP0019,2025-07-01,3,0.3333,4.667,1.0,,0,0
SUP0019,2025-08-01,2,0.0,9.0,1.0,,0,0
SUP0019,2025-09-01,2,0.5,1.0,1.0,,0,0
SUP0019,2025-10-01,3,0.3333,5.0,0.8198,,0,0
SUP0019,2025-11-01,1,1.0,0.0,1.0,,0,0
SUP0019,2025-12-01,1,0.0,,0.0,,0,0
SUP0020,2023-02-01,2,0.0,13.5,1.0,,0,0
SUP0020,2023-03-01,1,0.0,7.0,1.0,,0,0
SUP0020,2023-04-01,1,0.0,10.0,1.0,,0,0
SUP0020,2023-05-01,3,0.0,5.667,0.9064,,0,0
SUP0020,2023-06-01,1,0.0,14.0,0.3537,,0,0
SUP0020,2023-08-01,3,0.0,5.0,1.0,,0,0
SUP0020,2023-09-01,2,0.0,8.5,1.0,,0,0
SUP0020,2023-10-01,1,0.0,13.0,1.0,,0,0
SUP0020,2023-11-01,1,0.0,14.0,1.0,,0,0
SUP0020,2023-12-01,3,0.3333,7.0,1.0,,0,0
SUP0020,2024-02-01,1,0.0,1.0,1.0,,0,0
SUP0020,2024-03-01,3,0.0,3.333,1.0,,0,0
SUP0020,2024-04-01,1,1.0,0.0,1.0,,0,0
SUP0020,2024-05-01,1,0.0,13.0,1.0,,0,0
SUP0020,2024-06-01,1,0.0,10.0,1.0,,0,0
SUP0020,2024-07-01,1,0.0,13.0,1.0,,0,0
SUP0020,2024-08-01,2,0.0,8.5,1.0,,0,0
SUP0020,2024-09-01,4,0.25,2.75,1.0,,0,0
SUP0020,2024-11-01,2,0.0,7.5,0.9344,,0,0
SUP0020,2024-12-01,1,1.0,0.0,1.0,,0,0
SUP0020,2025-04-01,1,0.0,3.0,1.0,,0,0
SUP0020,2025-05-01,3,0.6667,1.333,1.0,,0,0
SUP0020,2025-07-01,2,0.0,6.0,1.0,,0,0
SUP0020,2025-08-01,4,0.0,8.25,1.0,,0,0
SUP0020,2025-09-01,2,0.5,0.5,1.0,,0,0
SUP0020,2025-10-01,1,0.0,4.0,1.0,,0,0
SUP0021,2023-01-01,1,0.0,8.0,1.0,,0,0
SUP0021,2023-02-01,3,0.0,9.0,1.0,,0,0
SUP0021,2023-05-01,1,1.0,0.0,1.0,,0,0
SUP0021,2023-06-01,2,1.0,0.0,1.0,,0,0
SUP0021,2023-07-01,2,0.0,6.5,0.6454,,0,0
SUP0021,2023-08-01,2,0.0,4.0,1.0,,0,0
SUP0021,2023-09-01,1,1.0,0.0,1.0,,0,0
SUP0021,2023-10-01,3,0.0,7.333,1.0,,0,0
SUP0021,2023-11-01,1,0.0,7.0,1.0,,0,0
SUP0021,2023-12-01,1,1.0,0.0,1.0,,0,0
SUP0021,2024-02-01,3,0.0,8.667,1.0,,0,0
SUP0021,2024-03-01,1,0.0,7.0,1.0,,0,0
SUP0021,2024-04-01,2,0.0,0.0,0.5149,,0,0
SUP0021,2024-05-01,3,0.6667,0.0,0.4892,,0,0
SUP0021,2024-06-01,2,0.0,7.5,1.0,,0,0
SUP0021,2024-07-01,1,0.0,10.0,1.0,,0,0
SUP0021,2024-08-01,1,0.0,5.0,1.0,,0,0
SUP0021,2024-09-01,1,1.0,0.0,1.0,,0,0
SUP0021,2024-10-01,4,0.0,8.25,1.0,,0,0
SUP0021,2024-11-01,2,0.0,10.0,1.0,,0,0
SUP0021,2024-12-01,1,0.0,11.0,1.0,,0,0
SUP0021,2025-02-01,2,0.0,10.0,0.7372,,0,0
SUP0021,2025-03-01,3,0.0,8.0,1.0,,0,0
SUP0021,2025-05-01,4,0.25,8.5,0.7605,,0,0
SUP0021,2025-07-01,2,0.0,4.5,1.0,,1,1
SUP0021,2025-12-01,1,0.0,,0.0,,0,0
SUP0022,2023-02-01,7,0.4286,4.857,1.0,3980.7,0,0
SUP0022,2023-03-01,5,0.2,2.8,0.4437,0.0,0,0
SUP0022,2023-04-01,9,0.5556,4.667,1.0,987.8,0,0
SUP0022,2023-05-01,2,1.0,0.0,1.0,0.0,0,0
SUP0022,2023-06-01,7,0.4286,4.429,1.0,0.0,0,0
SUP0022,2023-07-01,8,0.5,5.875,0.6249,0.0,0,0
SUP0022,2023-08-01,7,0.4286,4.143,0.8694,0.0,0,0
SUP0022,2023-09-01,3,0.6667,5.333,1.0,0.0,0,0
SUP0022,2023-10-01,2,0.0,3.5,0.8609,,0,0
SUP0022,2023-11-01,9,0.5556,6.778,1.0,0.0,0,0
SUP0022,2023-12-01,5,0.8,2.2,1.0,0.0,0,0
SUP0022,2024-01-01,6,0.6667,2.667,1.0,0.0,0,0
SUP0022,2024-02-01,4,1.0,0.0,1.0,0.0,0,0
SUP0022,2024-03-01,9,0.2222,9.222,1.0,0.0,0,0
SUP0022,2024-04-01,2,0.0,4.0,1.0,0.0,0,0
SUP0022,2024-05-01,7,0.4286,6.429,1.0,0.0,0,0
SUP0022,2024-06-01,4,0.25,2.5,0.7013,0.0,0,0
SUP0022,2024-07-01,7,0.5714,3.857,0.9993,0.0,0,0
SUP0022,2024-08-01,6,0.5,1.333,1.0,0.0,0,0
SUP0022,2024-09-01,8,0.25,5.875,1.0,0.0,0,0
SUP0022,2024-10-01,3,1.0,0.0,1.0,22163.4,0,0
SUP0022,2024-11-01,6,0.5,3.833,0.7962,0.0,0,0
SUP0022,2024-12-01,6,0.3333,3.5,1.0,0.0,0,0
SUP0022,2025-01-01,6,0.5,2.333,1.0,0.0,0,0
SUP0022,2025-02-01,5,0.8,0.4,1.0,0.0,1,0
SUP0022,2025-03-01,6,0.0,10.667,1.0,0.0,0,0
SUP0022,2025-04-01,5,0.6,4.8,1.0,0.0,0,0
SUP0022,2025-05-01,5,0.4,8.2,1.0,0.0,0,0
SUP0022,2025-06-01,5,0.6,1.8,1.0,0.0,0,0
SUP0022,2025-07-01,8,0.5,7.0,0.9044,6288.6,0,0
SUP0022,2025-08-01,3,0.3333,2.667,1.0,,0,0
SUP0022,2025-09-01,6,0.8333,1.5,1.0,0.0,0,0
SUP0022,2025-10-01,7,0.4286,6.714,0.7217,0.0,0,0
SUP0022,2025-11-01,7,0.2857,5.571,1.0,0.0,0,0
SUP0022,2025-12-01,10,0.3,1.8,0.0741,0.0,0,0
SUP0023,2023-02-01,1,0.0,3.0,1.0,,0,0
SUP0023,2023-03-01,3,0.3333,3.0,1.0,,0,0
SUP0023,2023-05-01,3,0.0,6.0,1.0,,0,0
SUP0023,2023-06-01,1,1.0,0.0,1.0,,0,0
SUP0023,2023-07-01,1,0.0,9.0,1.0,,0,0
SUP0023,2023-09-01,1,0.0,4.0,1.0,,0,0
SUP0023,2023-10-01,1,0.0,13.0,1.0,,0,0
SUP0023,2023-12-01,3,0.0,6.0,1.0,,0,0
SUP0023,2024-01-01,2,0.0,6.5,1.0,,0,0
SUP0023,2024-02-01,6,0.3333,5.833,0.9117,,0,0
SUP0023,2024-03-01,2,0.0,10.0,1.0,,0,0
SUP0023,2024-04-01,4,0.0,9.75,1.0,,0,0
SUP0023,2024-05-01,1,1.0,0.0,1.0,,0,0
SUP0023,2024-06-01,2,0.0,7.5,1.0,,0,0
SUP0023,2024-07-01,3,0.0,7.333,1.0,,0,0
SUP0023,2024-08-01,1,0.0,13.0,1.0,,0,0
SUP0023,2024-10-01,2,0.0,14.0,1.0,,0,0
SUP0023,2024-11-01,3,0.3333,5.333,1.0,,0,0
SUP0023,2024-12-01,3,0.3333,9.333,0.8362,,0,0
SUP0023,2025-01-01,2,0.5,7.0,1.0,,0,0
SUP0023,2025-02-01,1,1.0,0.0,1.0,,0,0
SUP0023,2025-03-01,3,0.0,9.667,1.0,,0,0
SUP0023,2025-04-01,1,0.0,8.0,1.0,,0,0
SUP0023,2025-05-01,2,0.0,9.5,1.0,,0,0
SUP0023,2025-06-01,1,1.0,0.0,1.0,,0,0
SUP0023,2025-07-01,2,0.0,5.5,1.0,,0,0
SUP0023,2025-08-01,2,0.5,2.0,1.0,,0,0
SUP0023,2025-11-01,1,1.0,0.0,1.0,,0,0
SUP0023,2025-12-01,2,0.0,,0.0,,0,0
SUP0024,2023-01-01,2,0.0,13.0,1.0,,0,0
SUP0024,2023-03-01,4,0.5,2.0,0.7892,,0,0
SUP0024,2023-04-01,2,0.0,10.5,1.0,,0,0
SUP0024,2023-05-01,1,1.0,0.0,1.0,,0,0
SUP0024,2023-06-01,2,1.0,0.0,1.0,,0,0
SUP0024,2023-08-01,2,0.0,8.5,1.0,,0,0
SUP0024,2023-10-01,1,0.0,2.0,1.0,,0,0
SUP0024,2023-11-01,1,0.0,6.0,1.0,,0,0
SUP0024,2023-12-01,1,0.0,7.0,1.0,,0,0
SUP0024,2024-01-01,4,0.0,6.25,1.0,,0,0
SUP0024,2024-02-01,4,0.0,8.0,1.0,,0,0
SUP0024,2024-03-01,2,0.0,7.5,1.0,,0,0
SUP0024,2024-05-01,2,0.0,6.0,1.0,,0,0
SUP0024,2024-06-01,3,0.0,10.0,1.0,,0,0
SUP0024,2024-07-01,3,0.0,6.0,1.0,,1,0
SUP0024,2024-09-01,3,0.0,4.667,1.0,,0,0
SUP0024,2024-10-01,2,0.5,2.5,1.0,,0,0
SUP0024,2024-11-01,2,0.5,4.5,1.0,,0,0
SUP0024,2024-12-01,1,0.0,7.0,1.0,,0,0
SUP0024,2025-01-01,1,1.0,0.0,1.0,,0,0
SUP0024,2025-02-01,4,0.0,9.5,1.0,,0,0
SUP0024,2025-03-01,1,0.0,8.0,1.0,,0,0
SUP0024,2025-04-01,2,1.0,0.0,1.0,,0,0
SUP0024,2025-06-01,2,0.0,1.5,0.886,,0,0
SUP0024,2025-07-01,1,0.0,10.0,1.0,,0,0
SUP0024,2025-08-01,2,0.5,2.5,1.0,,0,0
SUP0024,2025-09-01,2,0.5,6.5,1.0,,0,0
SUP0024,2025-10-01,1,1.0,0.0,1.0,,0,0
SUP0024,2025-12-01,2,0.0,,0.0,,0,0
SUP0025,2023-02-01,4,0.0,11.75,1.0,,0,0
SUP0025,2023-03-01,3,0.0,7.667,0.7948,,0,0
SUP0025,2023-04-01,1,1.0,0.0,1.0,,0,0
SUP0025,2023-05-01,1,0.0,8.0,1.0,,0,0
SUP0025,2023-06-01,1,0.0,0.0,0.1244,,0,0
SUP0025,2023-07-01,1,0.0,13.0,1.0,,0,0
SUP0025,2023-08-01,1,0.0,12.0,1.0,,0,0
SUP0025,2023-10-01,3,0.3333,4.667,1.0,,0,0
SUP0025,2023-11-01,3,0.3333,8.667,1.0,,0,0
SUP0025,2024-01-01,2,0.5,1.0,1.0,,0,0
SUP0025,2024-02-01,6,0.1667,6.833,1.0,,0,0
SUP0025,2024-03-01,1,1.0,0.0,1.0,,0,0
SUP0025,2024-04-01,1,0.0,12.0,1.0,,0,0
SUP0025,2024-05-01,1,0.0,4.0,1.0,,0,0
SUP0025,2024-07-01,3,0.3333,7.333,1.0,,0,0
SUP0025,2024-08-01,1,0.0,6.0,1.0,,0,0
SUP0025,2024-09-01,2,0.0,10.0,1.0,,0,0
SUP0025,2024-10-01,5,0.0,7.0,1.0,,0,0
SUP0025,2024-12-01,2,1.0,0.0,1.0,,0,0
SUP0025,2025-01-01,2,0.0,7.5,1.0,,0,0
SUP0025,2025-02-01,3,0.0,4.333,0.698,,0,0
SUP0025,2025-03-01,2,0.0,5.0,1.0,,0,0
SUP0025,2025-04-01,1,0.0,5.0,1.0,,0,0
SUP0025,2025-06-01,1,1.0,0.0,1.0,,0,0
SUP0025,2025-08-01,1,0.0,3.0,1.0,,0,0
SUP0025,2025-09-01,6,0.1667,7.5,1.0,,0,0
SUP0025,2025-10-01,2,0.0,12.5,0.6886,,0,0
SUP0025,2025-11-01,2,0.5,6.0,1.0,,0,0
SUP0025,2025-12-01,1,0.0,,0.0,,0,0
SUP0026,2023-02-01,2,0.5,2.0,1.0,0.0,0,0
SUP0026,2023-03-01,5,0.6,0.6,0.3302,0.0,0,0
SUP0026,2023-04-01,8,0.5,3.0,1.0,0.0,0,0
SUP0026,2023-05-01,8,0.75,4.75,1.0,0.0,1,1
SUP0026,2023-06-01,8,0.125,11.625,1.0,0.0,0,0
SUP0026,2023-07-01,6,0.5,1.667,0.9994,0.0,0,0
SUP0026,2023-08-01,3,1.0,0.0,1.0,0.0,0,0
SUP0026,2023-09-01,6,0.6667,5.667,0.9772,0.0,0,0
SUP0026,2023-10-01,8,0.625,4.375,1.0,0.0,0,0
SUP0026,2023-11-01,3,0.0,28.667,1.0,0.0,0,0
SUP0026,2024-01-01,5,0.2,4.8,1.0,0.0,0,0
SUP0026,2024-02-01,1,0.0,6.0,0.5313,,0,0
SUP0026,2024-03-01,4,1.0,0.0,1.0,0.0,0,0
SUP0026,2024-04-01,5,0.8,3.2,1.0,0.0,0,0
SUP0026,2024-05-01,1,1.0,0.0,1.0,0.0,0,0
SUP0026,2024-06-01,1,0.0,4.0,1.0,,0,0
SUP0026,2024-07-01,6,0.5,1.167,1.0,0.0,0,0
SUP0026,2024-08-01,6,0.1667,9.333,1.0,0.0,0,0
SUP0026,2024-09-01,4,0.5,4.25,1.0,0.0,1,0
SUP0026,2024-10-01,5,0.6,2.8,0.7492,0.0,0,0
SUP0026,2024-11-01,3,0.3333,11.333,1.0,0.0,1,1
SUP0026,2024-12-01,8,0.75,1.5,1.0,0.0,0,0
SUP0026,2025-01-01,9,0.6667,2.333,1.0,0.0,0,0
SUP0026,2025-02-01,8,0.375,5.25,1.0,0.0,0,0
SUP0026,2025-03-01,11,0.4545,5.818,0.8179,0.0,0,0
SUP0026,2025-04-01,12,0.75,3.167,1.0,9430.7,0,0
SUP0026,2025-05-01,13,0.6923,2.385,0.9364,0.0,0,0
SUP0026,2025-06-01,8,0.875,1.125,1.0,0.0,0,0
SUP0026,2025-07-01,8,0.625,2.25,1.0,1543.4,0,0
SUP0026,2025-08-01,11,0.5455,4.727,1.0,22402.9,0,0
SUP0026,2025-09-01,7,0.5714,2.714,0.9766,27850.8,0,0
SUP0026,2025-10-01,10,0.6,1.7,1.0,0.0,0,0
SUP0026,2025-11-01,10,0.8,1.5,1.0,0.0,0,0
SUP0026,2025-12-01,6,0.5,1.4,0.0006,0.0,0,0
SUP0027,2023-03-01,1,1.0,0.0,1.0,,0,0
SUP0027,2023-04-01,1,1.0,0.0,1.0,,0,0
SUP0027,2023-05-01,2,0.5,1.5,1.0,,0,0
SUP0027,2023-06-01,2,0.0,5.5,1.0,,0,0
SUP0027,2023-07-01,3,0.6667,1.333,1.0,,0,0
SUP0027,2023-08-01,1,0.0,2.0,1.0,,0,0
SUP0027,2023-09-01,3,0.3333,6.0,1.0,,0,0
SUP0027,2023-10-01,3,0.3333,3.0,1.0,,1,1
SUP0027,2023-11-01,2,0.5,4.5,1.0,,0,0
SUP0027,2023-12-01,2,0.0,12.5,1.0,,0,0
SUP0027,2024-01-01,4,0.5,3.0,1.0,,0,0
SUP0027,2024-02-01,2,0.0,5.5,1.0,,0,0
SUP0027,2024-03-01,3,0.0,5.333,1.0,,0,0
SUP0027,2024-04-01,2,0.0,10.5,1.0,,0,0
SUP0027,2024-05-01,2,0.5,0.0,0.3531,,0,0
SUP0027,2024-06-01,1,1.0,0.0,1.0,,0,0
SUP0027,2024-07-01,3,0.0,9.667,1.0,,0,0
SUP0027,2024-08-01,1,0.0,14.0,1.0,,0,0
SUP0027,2024-09-01,4,0.25,5.75,1.0,,0,0
SUP0027,2024-10-01,3,0.3333,3.333,1.0,,0,0
SUP0027,2024-11-01,1,0.0,14.0,1.0,,0,0
SUP0027,2024-12-01,1,0.0,4.0,1.0,,0,0
SUP0027,2025-01-01,2,0.5,1.5,1.0,,0,0
SUP0027,2025-02-01,1,1.0,0.0,1.0,,0,0
SUP0027,2025-03-01,3,0.3333,5.0,1.0,,0,0
SUP0027,2025-04-01,1,1.0,0.0,1.0,,0,0
SUP0027,2025-05-01,3,0.0,8.333,1.0,,0,0
SUP0027,2025-06-01,1,0.0,3.0,0.4485,,0,0
SUP0027,2025-07-01,1,0.0,14.0,1.0,,0,0
SUP0027,2025-08-01,1,0.0,3.0,1.0,,0,0
SUP0027,2025-09-01,1,0.0,6.0,1.0,,0,0
SUP0027,2025-10-01,2,0.0,4.0,0.4236,,0,0
SUP0027,2025-11-01,4,0.0,11.5,0.9048,,0,0
SUP0027,2025-12-01,5,0.0,7.5,0.357,,0,0
SUP0028,2023-02-01,1,0.0,14.0,1.0,,0,0
SUP0028,2023-03-01,3,0.3333,5.333,1.0,,0,0
SUP0028,2023-04-01,3,0.0,7.333,1.0,,0,0
SUP0028,2023-05-01,2,0.0,8.0,1.0,,0,0
SUP0028,2023-06-01,2,0.0,9.0,1.0,,0,0
SUP0028,2023-07-01,2,0.0,5.5,0.6824,,0,0
SUP0028,2023-08-01,2,0.5,6.0,1.0,,0,0
SUP0028,2023-09-01,4,0.5,3.5,1.0,,0,0
SUP0028,2023-10-01,2,1.0,0.0,1.0,,0,0
SUP0028,2023-11-01,2,0.5,6.5,1.0,,0,0
SUP0028,2023-12-01,1,0.0,7.0,1.0,,0,0
SUP0028,2024-01-01,3,0.0,6.667,1.0,,0,0
SUP0028,2024-02-01,3,0.3333,4.667,1.0,,0,0
SUP0028,2024-03-01,3,0.3333,3.0,1.0,,0,0
SUP0028,2024-04-01,2,0.0,6.5,1.0,,0,0
SUP0028,2024-05-01,4,0.0,4.5,1.0,,0,0
SUP0028,2024-06-01,4,0.25,8.5,1.0,,0,0
SUP0028,2024-07-01,2,0.0,6.5,0.5381,,0,0
SUP0028,2024-08-01,1,0.0,12.0,1.0,,0,0
SUP0028,2024-09-01,1,0.0,2.0,1.0,,0,0
SUP0028,2024-10-01,3,0.0,10.333,1.0,,0,0
SUP0028,2024-11-01,4,0.25,1.5,0.8404,,0,0
SUP0028,2024-12-01,1,1.0,0.0,1.0,,0,0
SUP0028,2025-01-01,2,0.5,3.0,1.0,,0,0
SUP0028,2025-02-01,1,0.0,4.0,1.0,,0,0
SUP0028,2025-03-01,2,0.5,2.0,1.0,,0,0
SUP0028,2025-04-01,4,0.25,6.0,1.0,,0,0
SUP0028,2025-06-01,1,0.0,1.0,1.0,,0,0
SUP0028,2025-07-01,1,0.0,8.0,1.0,,0,0
SUP0028,2025-08-01,3,0.0,11.0,0.8349,,0,0
SUP0028,2025-09-01,2,0.0,5.5,0.8446,,0,0
SUP0028,2025-10-01,4,0.0,6.25,1.0,,1,0
SUP0028,2025-11-01,4,0.0,7.25,1.0,,0,0
SUP0028,2025-12-01,4,0.0,4.0,0.0087,,0,0
SUP0029,2023-02-01,11,0.3636,6.273,1.0,0.0,0,0
SUP0029,2023-03-01,5,0.8,1.8,1.0,0.0,0,0
SUP0029,2023-04-01,9,0.4444,8.333,1.0,0.0,0,0
SUP0029,2023-05-01,9,0.6667,4.0,1.0,0.0,0,0
SUP0029,2023-06-01,11,0.4545,4.273,1.0,0.0,0,0
SUP0029,2023-07-01,4,0.5,3.75,1.0,0.0,0,0
SUP0029,2023-08-01,6,1.0,0.0,1.0,0.0,0,0
SUP0029,2023-09-01,9,0.5556,5.333,1.0,0.0,0,0
SUP0029,2023-10-01,6,0.6667,6.333,1.0,1471.1,0,0
SUP0029,2023-11-01,8,0.625,2.625,1.0,5716.0,0,0
SUP0029,2023-12-01,6,0.6667,3.833,1.0,0.0,0,0
SUP0029,2024-01-01,8,0.375,10.375,1.0,0.0,0,0
SUP0029,2024-02-01,6,0.5,5.5,1.0,0.0,0,0
SUP0029,2024-03-01,10,0.7,5.3,1.0,0.0,0,0
SUP0029,2024-04-01,8,0.5,9.25,1.0,0.0,0,0
SUP0029,2024-05-01,5,1.0,0.0,1.0,0.0,0,0
SUP0029,2024-06-01,2,1.0,0.0,1.0,0.0,0,0
SUP0029,2024-07-01,8,0.375,5.0,1.0,0.0,0,0
SUP0029,2024-08-01,1,0.0,19.0,1.0,0.0,0,0
SUP0029,2024-09-01,4,0.75,3.5,1.0,0.0,0,0
SUP0029,2024-10-01,7,0.8571,1.714,1.0,0.0,0,0
SUP0029,2024-11-01,6,0.8333,2.167,0.7056,0.0,0,0
SUP0029,2024-12-01,7,0.7143,2.429,1.0,0.0,0,0
SUP0029,2025-01-01,10,0.7,7.3,1.0,0.0,0,0
SUP0029,2025-02-01,10,0.7,3.3,1.0,0.0,0,0
SUP0029,2025-03-01,12,0.5833,9.417,1.0,0.0,0,0
SUP0029,2025-04-01,10,0.6,5.9,1.0,0.0,0,0
SUP0029,2025-05-01,9,0.4444,5.444,1.0,0.0,0,0
SUP0029,2025-06-01,9,0.6667,0.667,0.9999,0.0,0,0
SUP0029,2025-07-01,12,0.5833,6.75,1.0,6295.7,0,0
SUP0029,2025-08-01,13,0.4615,8.077,1.0,0.0,1,1
SUP0029,2025-09-01,6,0.6667,2.5,0.8785,0.0,0,0
SUP0029,2025-10-01,6,1.0,0.0,1.0,0.0,0,0
SUP0029,2025-11-01,9,0.6667,2.222,0.6281,0.0,0,0
SUP0029,2025-12-01,7,0.7143,0.0,0.2589,0.0,1,0
SUP0029,2026-01-01,0,,,,,1,0
SUP0030,2023-01-01,1,0.0,10.0,1.0,,0,0
SUP0030,2023-02-01,3,0.3333,5.333,1.0,,0,0
SUP0030,2023-04-01,3,0.6667,2.0,0.5893,,0,0
SUP0030,2023-05-01,1,0.0,9.0,1.0,,0,0
SUP0030,2023-06-01,2,0.0,6.5,1.0,,0,0
SUP0030,2023-08-01,4,0.25,8.25,1.0,,0,0
SUP0030,2023-09-01,2,0.0,6.5,1.0,,0,0
SUP0030,2023-10-01,4,0.25,4.0,0.97,,0,0
SUP0030,2023-11-01,3,0.3333,3.667,1.0,,0,0
SUP0030,2023-12-01,3,0.0,8.333,1.0,,0,0
SUP0030,2024-01-01,5,0.0,3.2,0.6605,,0,0
SUP0030,2024-02-01,1,1.0,0.0,1.0,,0,0
SUP0030,2024-03-01,4,0.25,7.5,0.85,,0,0
SUP0030,2024-04-01,1,1.0,0.0,1.0,,0,0
SUP0030,2024-05-01,4,0.25,5.75,0.9687,,0,0
SUP0030,2024-07-01,1,0.0,11.0,1.0,,1,0
SUP0030,2024-08-01,4,0.0,7.25,0.8067,,0,0
SUP0030,2024-09-01,1,0.0,5.0,0.3722,,0,0
SUP0030,2024-10-01,4,0.0,6.5,1.0,,0,0
SUP0030,2024-11-01,2,0.0,7.5,1.0,,0,0
SUP0030,2024-12-01,1,0.0,1.0,1.0,,0,0
SUP0030,2025-01-01,1,0.0,12.0,1.0,,0,0
SUP0030,2025-03-01,3,0.0,8.0,1.0,,0,0
SUP0030,2025-05-01,3,0.3333,4.667,0.7641,,0,0
SUP0030,2025-06-01,3,0.0,4.667,0.9814,,0,0
SUP0030,2025-07-01,2,0.0,10.0,1.0,,0,0
SUP0030,2025-08-01,5,0.0,6.4,0.8128,,0,0
SUP0030,2025-12-01,3,0.0,,0.0,,0,0
SUP0031,2023-02-01,3,0.0,8.667,1.0,,0,0
SUP0031,2023-03-01,1,0.0,12.0,1.0,,0,0
SUP0031,2023-04-01,2,0.0,2.0,1.0,,0,0
SUP0031,2023-05-01,2,0.0,9.5,1.0,,0,0
SUP0031,2023-06-01,1,0.0,9.0,1.0,,0,0
SUP0031,2023-07-01,3,0.3333,5.333,1.0,,0,0
SUP0031,2023-08-01,2,0.0,8.0,1.0,,0,0
SUP0031,2023-09-01,6,0.0,6.0,1.0,,0,0
SUP0031,2023-10-01,4,0.0,4.5,1.0,,0,0
SUP0031,2023-11-01,2,0.5,4.5,1.0,,0,0
SUP0031,2023-12-01,1,1.0,0.0,1.0,,0,0
SUP0031,2024-01-01,2,0.0,11.0,1.0,,0,0
SUP0031,2024-02-01,5,0.2,5.6,0.9397,,0,0
SUP0031,2024-04-01,2,0.5,6.0,1.0,,0,0
SUP0031,2024-05-01,1,0.0,14.0,1.0,,0,0
SUP0031,2024-06-01,2,0.5,6.0,1.0,,0,0
SUP0031,2024-07-01,3,0.3333,1.333,0.903,,0,0
SUP0031,2024-08-01,3,0.3333,6.0,1.0,,0,0
SUP0031,2024-10-01,3,0.0,7.667,0.8126,,0,0
SUP0031,2024-11-01,2,0.0,9.5,1.0,,0,0
SUP0031,2024-12-01,3,0.3333,6.333,1.0,,0,0
SUP0031,2025-01-01,2,0.5,7.0,1.0,,0,0
SUP0031,2025-03-01,1,0.0,12.0,1.0,,0,0
SUP0031,2025-04-01,3,0.0,5.333,1.0,,0,0
SUP0031,2025-05-01,1,0.0,9.0,1.0,,0,0
SUP0031,2025-07-01,1,0.0,14.0,1.0,,0,0
SUP0031,2025-08-01,2,0.0,11.0,0.7353,,0,0
SUP0031,2025-09-01,3,0.0,4.667,0.8143,,0,0
SUP0031,2025-10-01,5,0.4,6.2,1.0,,0,0
SUP0031,2025-11-01,2,0.0,9.5,1.0,,0,0
SUP0031,2025-12-01,5,0.0,12.0,0.0488,,0,0
SUP0032,2023-01-01,1,1.0,0.0,1.0,0.0,0,0
SUP0032,2023-02-01,16,0.5625,2.625,0.7378,0.0,1,0
SUP0032,2023-03-01,23,0.8261,2.087,1.0,0.0,0,0
SUP0032,2023-04-01,14,0.9286,1.643,1.0,1215.6,0,0
SUP0032,2023-05-01,18,0.8333,1.0,1.0,1837.0,0,0
SUP0032,2023-06-01,17,0.9412,0.824,0.9917,5094.9,0,0
SUP0032,2023-07-01,19,0.7368,1.737,1.0,0.0,0,0
SUP0032,2023-08-01,19,0.8421,1.211,0.8208,1774.3,0,0
SUP0032,2023-09-01,13,0.8462,0.538,0.9999,0.0,0,0
SUP0032,2023-10-01,12,0.9167,0.417,1.0,0.0,0,0
SUP0032,2023-11-01,10,0.8,3.7,1.0,0.0,0,0
SUP0032,2023-12-01,14,0.5,8.143,1.0,0.0,0,0
SUP0032,2024-01-01,13,0.7692,1.462,1.0,0.0,0,0
SUP0032,2024-02-01,10,0.8,1.0,1.0,5030.1,0,0
SUP0032,2024-03-01,13,0.6154,3.538,1.0,0.0,0,0
SUP0032,2024-04-01,16,0.5,5.438,1.0,0.0,0,0
SUP0032,2024-05-01,17,0.7647,2.588,0.942,0.0,0,0
SUP0032,2024-06-01,12,0.8333,1.25,1.0,4549.3,0,0
SUP0032,2024-07-01,14,0.7857,2.143,1.0,5755.3,0,0
SUP0032,2024-08-01,13,0.6923,2.692,1.0,0.0,0,0
SUP0032,2024-09-01,14,0.8571,1.214,1.0,0.0,0,0
SUP0032,2024-10-01,15,0.8667,0.533,1.0,0.0,0,0
SUP0032,2024-11-01,23,0.6957,2.87,1.0,0.0,0,0
SUP0032,2024-12-01,19,0.5789,5.842,1.0,0.0,0,0
SUP0032,2025-01-01,11,0.3636,10.364,1.0,0.0,0,0
SUP0032,2025-02-01,11,0.4545,7.0,1.0,0.0,0,0
SUP0032,2025-03-01,8,0.75,3.0,1.0,0.0,0,0
SUP0032,2025-04-01,13,0.9231,1.615,1.0,0.0,0,0
SUP0032,2025-05-01,9,0.8889,0.0,0.9766,0.0,0,0
SUP0032,2025-06-01,13,0.7692,1.692,1.0,0.0,0,0
SUP0032,2025-07-01,12,0.5833,3.333,1.0,0.0,0,0
SUP0032,2025-08-01,12,0.75,2.083,1.0,0.0,0,0
SUP0032,2025-09-01,11,0.7273,1.545,1.0,0.0,0,0
SUP0032,2025-10-01,14,0.7143,5.214,1.0,0.0,0,0
SUP0032,2025-11-01,17,0.7647,2.706,1.0,0.0,0,0
SUP0032,2025-12-01,10,0.5,3.75,0.9987,0.0,0,0
SUP0033,2023-02-01,1,0.0,5.0,1.0,,0,0
SUP0033,2023-03-01,1,0.0,14.0,1.0,,0,0
SUP0033,2023-04-01,3,0.0,7.333,0.9631,,0,0
SUP0033,2023-06-01,1,1.0,0.0,1.0,,0,0
SUP0033,2023-08-01,1,0.0,11.0,0.5377,,0,0
SUP0033,2023-09-01,1,1.0,0.0,1.0,,0,0
SUP0033,2023-10-01,1,0.0,8.0,1.0,,0,0
SUP0033,2023-11-01,2,0.0,7.5,0.8188,,0,0
SUP0033,2023-12-01,1,0.0,8.0,1.0,,0,0
SUP0033,2024-01-01,2,0.5,4.5,1.0,,0,0
SUP0033,2024-02-01,2,1.0,0.0,1.0,,0,0
SUP0033,2024-03-01,3,0.3333,2.667,1.0,,0,0
SUP0033,2024-04-01,3,0.3333,1.333,1.0,,0,0
SUP0033,2024-05-01,1,0.0,7.0,1.0,,0,0
SUP0033,2024-07-01,2,0.0,7.0,0.5431,,0,0
SUP0033,2024-08-01,2,0.0,7.5,1.0,,0,0
SUP0033,2024-09-01,2,0.0,6.5,1.0,,0,0
SUP0033,2024-10-01,1,0.0,12.0,1.0,,0,0
SUP0033,2024-11-01,2,0.5,5.0,1.0,,0,0
SUP0033,2024-12-01,3,0.3333,1.333,0.8323,,0,0
SUP0033,2025-01-01,1,0.0,6.0,1.0,,0,0
SUP0033,2025-02-01,1,0.0,7.0,1.0,,0,0
SUP0033,2025-03-01,1,1.0,0.0,1.0,,0,0
SUP0033,2025-04-01,2,0.0,11.5,1.0,,0,0
SUP0033,2025-05-01,2,0.0,5.5,0.8834,,0,0
SUP0033,2025-07-01,2,0.5,2.5,1.0,,0,0
SUP0033,2025-08-01,6,0.0,9.333,0.7706,,0,0
SUP0033,2025-09-01,1,1.0,0.0,1.0,,0,0
SUP0033,2025-11-01,3,0.0,8.333,1.0,,0,0
SUP0033,2025-12-01,3,0.3333,0.0,0.2769,,0,0
SUP0034,2023-01-01,1,1.0,0.0,1.0,0.0,0,0
SUP0034,2023-02-01,8,0.5,2.5,0.6786,0.0,0,0
SUP0034,2023-03-01,8,0.75,2.0,1.0,0.0,0,0
SUP0034,2023-04-01,12,0.5833,4.417,1.0,190.0,0,0
SUP0034,2023-05-01,9,0.5556,5.333,1.0,0.0,0,0
SUP0034,2023-06-01,13,0.1538,13.308,1.0,0.0,0,0
SUP0034,2023-07-01,7,0.5714,6.143,1.0,0.0,0,0
SUP0034,2023-08-01,5,0.8,3.0,1.0,0.0,0,0
SUP0034,2023-09-01,8,0.75,1.875,1.0,0.0,0,0
SUP0034,2023-10-01,6,0.6667,2.0,1.0,0.0,0,0
SUP0034,2023-11-01,6,0.5,2.833,0.7438,0.0,0,0
SUP0034,2023-12-01,4,1.0,0.0,1.0,0.0,0,0
SUP0034,2024-01-01,8,0.875,0.375,1.0,7264.3,0,0
SUP0034,2024-02-01,12,0.5833,9.0,1.0,0.0,0,0
SUP0034,2024-03-01,11,0.6364,3.636,1.0,0.0,0,0
SUP0034,2024-04-01,9,0.7778,3.889,1.0,1611.7,1,1
SUP0034,2024-05-01,13,0.6154,3.769,1.0,0.0,2,2
SUP0034,2024-06-01,12,0.5833,4.917,1.0,0.0,0,0
SUP0034,2024-07-01,10,0.5,10.4,0.9944,0.0,0,0
SUP0034,2024-08-01,13,0.3846,8.615,1.0,0.0,0,0
SUP0034,2024-09-01,9,0.3333,14.111,1.0,0.0,1,1
SUP0034,2024-10-01,8,0.125,11.0,0.9287,0.0,0,0
SUP0034,2024-11-01,10,0.8,1.8,1.0,0.0,0,0
SUP0034,2024-12-01,8,1.0,0.0,1.0,0.0,0,0
SUP0034,2025-01-01,9,0.6667,6.111,1.0,0.0,1,1
SUP0034,2025-02-01,7,0.2857,12.143,1.0,0.0,0,0
SUP0034,2025-03-01,8,1.0,0.0,1.0,0.0,0,0
SUP0034,2025-04-01,10,0.4,10.6,1.0,0.0,0,0
SUP0034,2025-05-01,5,0.8,2.8,1.0,0.0,0,0
SUP0034,2025-06-01,8,0.75,1.125,1.0,0.0,0,0
SUP0034,2025-07-01,8,0.625,2.0,1.0,9753.8,0,0
SUP0034,2025-08-01,10,0.8,1.6,1.0,0.0,0,0
SUP0034,2025-09-01,8,0.75,0.125,0.8356,0.0,0,0
SUP0034,2025-10-01,8,0.75,0.875,1.0,0.0,0,0
SUP0034,2025-11-01,4,0.5,1.75,1.0,31681.9,0,0
SUP0034,2025-12-01,6,0.8333,0.0,0.0025,0.0,0,0
SUP0035,2023-03-01,6,0.1667,2.667,0.8055,,0,0
SUP0035,2023-04-01,5,0.0,7.2,1.0,,0,0
SUP0035,2023-05-01,2,0.0,10.0,0.8749,,0,0
SUP0035,2023-06-01,2,0.5,0.5,1.0,,0,0
SUP0035,2023-09-01,1,0.0,10.0,1.0,,0,0
SUP0035,2023-10-01,2,0.0,11.0,1.0,,0,0
SUP0035,2023-11-01,4,0.25,3.25,1.0,,0,0
SUP0035,2023-12-01,1,0.0,1.0,1.0,,0,0
SUP0035,2024-01-01,3,0.3333,8.0,1.0,,0,0
SUP0035,2024-02-01,3,0.0,4.333,0.9507,,0,0
SUP0035,2024-04-01,1,1.0,0.0,1.0,,0,0
SUP0035,2024-05-01,2,0.0,11.5,0.9334,,0,0
SUP0035,2024-06-01,2,0.0,2.5,1.0,,0,0
SUP0035,2024-07-01,3,0.3333,4.667,1.0,,0,0
SUP0035,2024-08-01,2,0.0,11.0,1.0,,0,0
SUP0035,2024-09-01,3,0.6667,4.667,1.0,,0,0
SUP0035,2024-10-01,2,0.0,7.0,1.0,,0,0
SUP0035,2024-11-01,3,0.0,3.667,1.0,,0,0
SUP0035,2024-12-01,1,1.0,0.0,1.0,,0,0
SUP0035,2025-01-01,2,0.5,2.0,1.0,,0,0
SUP0035,2025-02-01,1,0.0,7.0,1.0,,0,0
SUP0035,2025-04-01,1,1.0,0.0,1.0,,0,0
SUP0035,2025-05-01,2,0.0,10.0,1.0,,0,0
SUP0035,2025-06-01,3,0.3333,1.333,1.0,,0,0
SUP0035,2025-08-01,2,1.0,0.0,1.0,,0,0
SUP0035,2025-09-01,3,0.6667,3.667,1.0,,0,0
SUP0035,2025-10-01,4,0.25,4.0,0.928,,0,0
SUP0035,2025-11-01,2,0.0,9.0,0.7578,,0,0
SUP0035,2025-12-01,2,0.0,,0.0,,0,0
SUP0036,2023-04-01,5,0.4,5.4,0.7285,,0,0
SUP0036,2023-05-01,3,0.6667,1.0,1.0,,0,0
SUP0036,2023-06-01,3,0.0,8.667,0.7279,,0,0
SUP0036,2023-07-01,1,0.0,14.0,1.0,,0,0
SUP0036,2023-09-01,3,0.3333,5.0,1.0,,0,0
SUP0036,2023-11-01,1,1.0,0.0,1.0,,0,0
SUP0036,2023-12-01,2,0.0,8.0,0.9958,,0,0
SUP0036,2024-01-01,1,0.0,14.0,0.1426,,0,0
SUP0036,2024-02-01,1,0.0,10.0,1.0,,0,0
SUP0036,2024-03-01,1,0.0,9.0,1.0,,0,0
SUP0036,2024-04-01,1,0.0,10.0,1.0,,0,0
SUP0036,2024-05-01,1,0.0,3.0,1.0,,0,0
SUP0036,2024-06-01,2,0.5,2.0,1.0,,0,0
SUP0036,2024-07-01,1,0.0,7.0,1.0,,0,0
SUP0036,2024-08-01,1,1.0,0.0,1.0,,0,0
SUP0036,2024-09-01,1,0.0,0.0,0.4959,,0,0
SUP0036,2024-10-01,2,0.0,7.5,1.0,,0,0
SUP0036,2024-11-01,1,0.0,1.0,1.0,,0,0
SUP0036,2024-12-01,3,0.3333,0.333,0.9082,,0,0
SUP0036,2025-01-01,3,0.3333,4.0,0.8672,,0,0
SUP0036,2025-04-01,1,0.0,5.0,0.359,,0,0
SUP0036,2025-05-01,5,0.2,7.2,1.0,,0,0
SUP0036,2025-07-01,1,0.0,9.0,1.0,,0,0
SUP0036,2025-08-01,2,1.0,0.0,1.0,,0,0
SUP0036,2025-09-01,1,0.0,4.0,1.0,,0,0
SUP0036,2025-11-01,1,0.0,5.0,1.0,,0,0
SUP0036,2025-12-01,4,0.25,2.5,0.6796,,0,0
SUP0037,2023-03-01,2,0.0,12.0,0.6212,,0,0
SUP0037,2023-04-01,7,0.0,6.0,0.7599,,0,0
SUP0037,2023-05-01,3,0.0,5.667,1.0,,0,0
SUP0037,2023-06-01,2,0.5,6.0,1.0,,0,0
SUP0037,2023-07-01,2,0.5,4.5,1.0,,0,0
SUP0037,2023-08-01,3,0.0,12.0,0.8598,,1,1
SUP0037,2023-09-01,7,0.4286,3.429,0.797,,0,0
SUP0037,2023-10-01,1,0.0,13.0,1.0,,0,0
SUP0037,2023-11-01,2,0.0,7.5,1.0,,0,0
SUP0037,2024-01-01,2,0.0,12.0,1.0,,0,0
SUP0037,2024-02-01,1,0.0,2.0,1.0,,0,0
SUP0037,2024-03-01,3,0.3333,8.0,1.0,,0,0
SUP0037,2024-05-01,1,0.0,5.0,1.0,,0,0
SUP0037,2024-07-01,4,0.0,5.0,0.9506,,0,0
SUP0037,2024-08-01,1,0.0,2.0,1.0,,0,0
SUP0037,2024-10-01,2,0.0,5.0,1.0,,0,0
SUP0037,2024-11-01,1,0.0,3.0,1.0,,0,0
SUP0037,2025-01-01,2,0.0,10.0,1.0,,0,0
SUP0037,2025-02-01,1,1.0,0.0,1.0,,0,0
SUP0037,2025-03-01,1,1.0,0.0,1.0,,0,0
SUP0037,2025-07-01,3,0.0,6.0,1.0,,0,0
SUP0037,2025-08-01,2,0.0,11.0,1.0,,0,0
SUP0037,2025-09-01,1,1.0,0.0,1.0,,0,0
SUP0037,2025-10-01,5,0.0,6.8,1.0,,0,0
SUP0037,2025-11-01,1,0.0,1.0,0.5857,,0,0
SUP0037,2025-12-01,6,0.0,5.5,0.1125,,0,0
SUP0038,2023-02-01,3,0.3333,5.0,1.0,0.0,1,1
SUP0038,2023-03-01,22,0.7273,2.136,0.9443,0.0,0,0
SUP0038,2023-04-01,20,0.55,7.9,1.0,0.0,0,0
SUP0038,2023-05-01,23,0.5652,5.478,0.8816,0.0,0,0
SUP0038,2023-06-01,13,0.8462,1.308,1.0,0.0,0,0
SUP0038,2023-07-01,21,0.5714,3.857,1.0,0.0,0,0
SUP0038,2023-08-01,13,0.4615,7.231,1.0,6842.9,1,1
SUP0038,2023-09-01,15,0.6,2.533,0.4341,0.0,0,0
SUP0038,2023-10-01,17,0.5882,5.353,0.8468,3940.3,0,0
SUP0038,2023-11-01,13,0.7692,3.308,1.0,0.0,0,0
SUP0038,2023-12-01,17,0.4706,5.941,0.9993,0.0,0,0
SUP0038,2024-01-01,17,0.3529,8.588,0.9992,0.0,0,0
SUP0038,2024-02-01,6,0.5,10.5,1.0,0.0,0,0
SUP0038,2024-03-01,12,0.6667,2.75,1.0,0.0,0,0
SUP0038,2024-04-01,14,0.7143,3.714,0.9998,0.0,0,0
SUP0038,2024-05-01,16,0.625,3.312,0.6317,0.0,1,1
SUP0038,2024-06-01,10,0.4,8.0,0.9993,2108.2,0,0
SUP0038,2024-07-01,13,0.6154,8.538,0.9999,0.0,0,0
SUP0038,2024-08-01,17,0.4706,6.471,0.9999,0.0,0,0
SUP0038,2024-09-01,8,0.75,1.25,1.0,0.0,0,0
SUP0038,2024-10-01,14,0.5714,2.143,0.9985,7806.1,1,1
SUP0038,2024-11-01,14,0.7143,2.071,0.8162,0.0,0,0
SUP0038,2024-12-01,12,0.9167,0.333,1.0,0.0,0,0
SUP0038,2025-01-01,24,0.6667,5.75,1.0,0.0,1,0
SUP0038,2025-02-01,16,0.375,9.062,1.0,3732.0,0,0
SUP0038,2025-03-01,20,0.65,2.0,0.798,1021.4,0,0
SUP0038,2025-04-01,13,0.8462,1.462,1.0,6415.5,0,0
SUP0038,2025-05-01,17,0.7059,1.059,0.7313,5019.0,0,0
SUP0038,2025-06-01,18,0.5556,8.056,1.0,0.0,1,1
SUP0038,2025-07-01,24,0.5417,5.958,1.0,1300.4,0,0
SUP0038,2025-08-01,18,0.6111,3.167,0.9998,952.2,1,1
SUP0038,2025-09-01,16,0.625,6.938,0.9977,1097.2,0,0
SUP0038,2025-10-01,11,0.7273,2.909,1.0,4730.0,0,0
SUP0038,2025-11-01,17,0.7059,3.882,0.999,0.0,0,0
SUP0038,2025-12-01,18,0.6111,2.0,0.3866,606.8,1,0
SUP0039,2022-12-01,3,1.0,0.0,1.0,0.0,0,0
SUP0039,2023-01-01,2,0.5,3.0,1.0,0.0,0,0
SUP0039,2023-02-01,9,0.6667,3.667,1.0,0.0,0,0
SUP0039,2023-03-01,11,0.7273,2.273,1.0,0.0,0,0
SUP0039,2023-04-01,11,0.6364,4.455,1.0,0.0,1,1
SUP0039,2023-05-01,14,0.7143,2.071,1.0,985.4,0,0
SUP0039,2023-06-01,12,0.9167,0.583,1.0,1790.7,0,0
SUP0039,2023-07-01,11,0.6364,3.818,1.0,0.0,0,0
SUP0039,2023-08-01,11,0.9091,0.727,1.0,6329.6,1,1
SUP0039,2023-09-01,8,1.0,0.0,1.0,0.0,0,0
SUP0039,2023-10-01,8,1.0,0.0,1.0,2122.0,0,0
SUP0039,2023-11-01,10,1.0,0.0,1.0,0.0,0,0
SUP0039,2023-12-01,11,0.7273,2.636,1.0,5411.7,0,0
SUP0039,2024-01-01,10,1.0,0.0,1.0,0.0,0,0
SUP0039,2024-02-01,9,0.6667,1.444,1.0,0.0,0,0
SUP0039,2024-03-01,11,1.0,0.0,1.0,0.0,0,0
SUP0039,2024-04-01,10,0.8,1.3,1.0,0.0,0,0
SUP0039,2024-05-01,16,0.5625,4.125,0.9562,0.0,0,0
SUP0039,2024-06-01,9,0.8889,1.444,1.0,0.0,0,0
SUP0039,2024-07-01,15,0.7333,1.333,0.9927,0.0,0,0
SUP0039,2024-08-01,11,0.7273,2.727,0.8733,0.0,0,0
SUP0039,2024-09-01,14,0.6429,5.571,1.0,0.0,0,0
SUP0039,2024-10-01,14,0.9286,0.786,1.0,0.0,0,0
SUP0039,2024-11-01,11,1.0,0.0,1.0,0.0,0,0
SUP0039,2024-12-01,11,0.7273,1.545,1.0,0.0,0,0
SUP0039,2025-01-01,11,0.6364,3.727,0.7951,0.0,1,1
SUP0039,2025-02-01,9,0.5556,4.556,0.8637,11586.0,0,0
SUP0039,2025-03-01,11,0.8182,2.091,1.0,0.0,0,0
SUP0039,2025-04-01,8,0.875,0.625,1.0,0.0,0,0
SUP0039,2025-05-01,10,0.6,3.5,1.0,0.0,1,0
SUP0039,2025-06-01,11,0.8182,2.0,1.0,0.0,0,0
SUP0039,2025-07-01,10,0.8,4.0,1.0,0.0,0,0
SUP0039,2025-08-01,11,0.9091,0.273,1.0,10181.7,0,0
SUP0039,2025-09-01,14,0.7857,1.357,1.0,0.0,0,0
SUP0039,2025-10-01,17,0.8235,1.471,1.0,0.0,0,0
SUP0039,2025-11-01,10,0.9,1.4,1.0,0.0,0,0
SUP0039,2025-12-01,11,0.6364,0.0,0.0023,0.0,0,0
SUP0040,2023-01-01,1,0.0,14.0,1.0,,0,0
SUP0040,2023-03-01,3,0.0,7.0,1.0,,0,0
SUP0040,2023-04-01,1,0.0,10.0,1.0,,0,0
SUP0040,2023-05-01,1,0.0,14.0,1.0,,0,0
SUP0040,2023-06-01,3,0.0,10.667,1.0,,0,0
SUP0040,2023-07-01,3,0.0,4.667,1.0,,0,0
SUP0040,2023-08-01,1,0.0,3.0,1.0,,0,0
SUP0040,2023-09-01,2,0.0,7.0,1.0,,0,0
SUP0040,2023-10-01,2,0.5,2.5,1.0,,0,0
SUP0040,2024-01-01,4,0.5,3.25,1.0,,0,0
SUP0040,2024-02-01,2,0.0,4.5,1.0,,0,0
SUP0040,2024-03-01,3,0.0,12.333,1.0,,0,0
SUP0040,2024-04-01,3,0.0,2.667,0.7369,,0,0
SUP0040,2024-05-01,6,0.1667,8.0,1.0,,0,0
SUP0040,2024-07-01,2,1.0,0.0,1.0,,0,0
SUP0040,2024-08-01,1,1.0,0.0,1.0,,0,0
SUP0040,2024-09-01,2,0.0,8.5,1.0,,0,0
SUP0040,2024-11-01,3,0.0,7.667,1.0,,0,0
SUP0040,2024-12-01,3,0.0,4.667,1.0,,0,0
SUP0040,2025-01-01,4,0.0,9.75,0.7419,,0,0
SUP0040,2025-02-01,6,0.3333,5.0,1.0,,0,0
SUP0040,2025-03-01,6,0.3333,2.5,0.8064,,0,0
SUP0040,2025-04-01,2,0.0,11.0,1.0,,0,0
SUP0040,2025-05-01,3,0.3333,4.0,0.8394,,0,0
SUP0040,2025-06-01,1,0.0,1.0,1.0,,0,0
SUP0040,2025-08-01,3,0.3333,3.0,1.0,,0,0
SUP0040,2025-09-01,2,0.5,1.0,1.0,,0,0
SUP0040,2025-10-01,1,0.0,14.0,0.3953,,0,0
SUP0040,2025-11-01,1,0.0,11.0,1.0,,0,0
SUP0040,2025-12-01,1,0.0,,0.0,,0,0
SUP0041,2023-02-01,2,0.0,6.5,1.0,,0,0
SUP0041,2023-03-01,2,0.5,6.0,1.0,,0,0
SUP0041,2023-07-01,3,0.3333,5.333,1.0,,0,0
SUP0041,2023-08-01,1,1.0,0.0,1.0,,0,0
SUP0041,2023-09-01,4,0.25,4.5,0.9529,,0,0
SUP0041,2023-10-01,2,0.0,7.0,1.0,,0,0
SUP0041,2023-11-01,3,0.0,5.333,0.9408,,0,0
SUP0041,2023-12-01,5,0.0,8.2,0.9938,,1,0
SUP0041,2024-01-01,2,0.5,1.0,1.0,,0,0
SUP0041,2024-03-01,1,1.0,0.0,1.0,,0,0
SUP0041,2024-04-01,2,0.5,7.0,1.0,,0,0
SUP0041,2024-07-01,2,0.0,4.0,0.7489,,0,0
SUP0041,2024-08-01,2,0.0,4.5,1.0,,0,0
SUP0041,2024-09-01,2,0.0,5.5,1.0,,0,0
SUP0041,2024-10-01,3,0.3333,6.667,1.0,,1,0
SUP0041,2024-11-01,1,0.0,7.0,1.0,,0,0
SUP0041,2024-12-01,2,0.0,8.5,1.0,,0,0
SUP0041,2025-01-01,2,0.0,6.0,1.0,,0,0
SUP0041,2025-02-01,2,0.0,11.5,1.0,,0,0
SUP0041,2025-03-01,4,0.25,7.5,1.0,,0,0
SUP0041,2025-04-01,3,0.6667,2.667,0.6271,,1,1
SUP0041,2025-05-01,2,0.0,2.0,0.7536,,0,0
SUP0041,2025-06-01,1,1.0,0.0,1.0,,0,0
SUP0041,2025-07-01,3,0.0,8.0,1.0,,0,0
SUP0041,2025-08-01,1,0.0,5.0,1.0,,0,0
SUP0041,2025-09-01,4,0.0,6.25,1.0,,0,0
SUP0041,2025-11-01,1,1.0,0.0,1.0,,0,0
SUP0041,2025-12-01,4,0.25,7.0,0.4613,,0,0
SUP0042,2023-01-01,6,0.8333,2.333,1.0,0.0,0,0
SUP0042,2023-02-01,2,0.5,2.0,0.85,,0,0
SUP0042,2023-03-01,5,0.6,4.2,0.9429,0.0,0,0
SUP0042,2023-04-01,6,0.8333,0.5,1.0,0.0,0,0
SUP0042,2023-05-01,4,0.5,2.0,1.0,0.0,0,0
SUP0042,2023-06-01,5,0.8,2.6,1.0,0.0,0,0
SUP0042,2023-07-01,9,0.5556,4.0,1.0,0.0,0,0
SUP0042,2023-08-01,8,0.75,0.125,0.9765,0.0,0,0
SUP0042,2023-09-01,4,1.0,0.0,1.0,0.0,0,0
SUP0042,2023-10-01,11,0.7273,3.182,0.677,0.0,0,0
SUP0042,2023-11-01,9,0.6667,3.333,1.0,0.0,0,0
SUP0042,2023-12-01,9,0.5556,2.444,0.9999,0.0,0,0
SUP0042,2024-01-01,10,0.8,1.5,0.9692,4719.3,0,0
SUP0042,2024-02-01,9,0.3333,7.778,1.0,0.0,0,0
SUP0042,2024-03-01,7,0.7143,0.714,1.0,0.0,0,0
SUP0042,2024-04-01,7,0.8571,1.143,1.0,0.0,0,0
SUP0042,2024-05-01,10,0.6,1.6,1.0,0.0,0,0
SUP0042,2024-06-01,6,0.6667,2.167,1.0,7352.0,0,0
SUP0042,2024-07-01,4,1.0,0.0,1.0,0.0,0,0
SUP0042,2024-08-01,6,0.6667,2.667,1.0,0.0,0,0
SUP0042,2024-09-01,5,0.8,2.0,0.5849,0.0,0,0
SUP0042,2024-10-01,7,0.7143,1.143,1.0,16588.0,0,0
SUP0042,2024-11-01,6,0.8333,0.5,1.0,0.0,0,0
SUP0042,2024-12-01,11,0.8182,1.455,1.0,0.0,0,0
SUP0042,2025-01-01,11,0.6364,1.909,0.9999,0.0,0,0
SUP0042,2025-02-01,11,0.1818,7.545,1.0,0.0,0,0
SUP0042,2025-03-01,12,0.9167,0.25,1.0,0.0,0,0
SUP0042,2025-04-01,16,0.625,2.188,1.0,0.0,0,0
SUP0042,2025-05-01,9,0.7778,1.556,1.0,0.0,0,0
SUP0042,2025-06-01,8,1.0,0.0,1.0,0.0,0,0
SUP0042,2025-07-01,10,0.7,0.8,0.9147,7999.2,0,0
SUP0042,2025-08-01,10,0.7,2.5,1.0,11996.5,0,0
SUP0042,2025-09-01,9,0.8889,1.0,1.0,5210.2,0,0
SUP0042,2025-10-01,8,0.75,1.375,0.6233,0.0,0,0
SUP0042,2025-11-01,5,0.8,1.8,1.0,0.0,0,0
SUP0042,2025-12-01,7,0.4286,0.0,0.0007,0.0,0,0
SUP0043,2023-01-01,1,0.0,1.0,1.0,,0,0
SUP0043,2023-02-01,3,0.3333,4.333,0.5718,,1,0
SUP0043,2023-03-01,5,0.0,6.4,0.9638,,0,0
SUP0043,2023-04-01,3,0.3333,7.667,1.0,,0,0
SUP0043,2023-05-01,1,1.0,0.0,1.0,,0,0
SUP0043,2023-07-01,2,0.5,2.5,1.0,,0,0
SUP0043,2023-08-01,2,0.5,5.5,1.0,,0,0
SUP0043,2023-09-01,1,0.0,3.0,1.0,,0,0
SUP0043,2023-10-01,3,0.3333,6.667,1.0,,0,0
SUP0043,2023-11-01,3,0.0,4.667,1.0,,0,0
SUP0043,2023-12-01,3,0.6667,4.667,1.0,,0,0
SUP0043,2024-01-01,3,0.3333,2.0,1.0,,0,0
SUP0043,2024-03-01,5,0.2,4.0,1.0,,0,0
SUP0043,2024-04-01,4,0.25,7.0,1.0,,0,0
SUP0043,2024-05-01,2,0.0,5.5,1.0,,0,0
SUP0043,2024-06-01,1,1.0,0.0,1.0,,0,0
SUP0043,2024-07-01,1,0.0,8.0,1.0,,0,0
SUP0043,2024-09-01,1,0.0,7.0,1.0,,0,0
SUP0043,2024-11-01,1,0.0,8.0,1.0,,0,0
SUP0043,2024-12-01,5,0.2,6.4,1.0,,0,0
SUP0043,2025-01-01,3,0.0,7.0,1.0,,0,0
SUP0043,2025-02-01,1,0.0,1.0,1.0,,0,0
SUP0043,2025-05-01,1,1.0,0.0,1.0,,0,0
SUP0043,2025-06-01,4,0.0,7.0,1.0,,0,0
SUP0043,2025-07-01,5,0.4,3.0,1.0,,0,0
SUP0043,2025-08-01,2,0.0,8.5,1.0,,1,0
SUP0043,2025-09-01,3,0.6667,3.667,0.8978,,0,0
SUP0043,2025-10-01,1,0.0,8.0,0.2696,,0,0
SUP0043,2025-11-01,4,0.25,5.5,1.0,,0,0
SUP0043,2025-12-01,1,0.0,,0.0,,0,0
SUP0044,2023-03-01,3,0.3333,7.0,1.0,,0,0
SUP0044,2023-04-01,1,1.0,0.0,1.0,,0,0
SUP0044,2023-05-01,2,0.0,4.5,1.0,,0,0
SUP0044,2023-06-01,2,0.5,6.5,1.0,,0,0
SUP0044,2023-07-01,5,0.0,9.0,0.9192,,0,0
SUP0044,2023-08-01,3,0.0,6.333,1.0,,0,0
SUP0044,2023-09-01,1,0.0,9.0,1.0,,0,0
SUP0044,2023-10-01,1,0.0,5.0,1.0,,0,0
SUP0044,2023-11-01,3,0.3333,6.667,1.0,,0,0
SUP0044,2023-12-01,2,0.5,1.5,1.0,,0,0
SUP0044,2024-01-01,2,0.0,9.0,1.0,,0,0
SUP0044,2024-03-01,3,0.0,6.0,1.0,,0,0
SUP0044,2024-04-01,3,0.3333,6.0,1.0,,0,0
SUP0044,2024-05-01,3,0.0,10.333,1.0,,0,0
SUP0044,2024-06-01,3,0.0,8.333,1.0,,0,0
SUP0044,2024-07-01,1,0.0,12.0,1.0,,0,0
SUP0044,2024-08-01,4,0.25,7.25,1.0,,0,0
SUP0044,2024-09-01,2,0.0,11.0,1.0,,0,0
SUP0044,2024-10-01,2,0.5,4.5,0.448,,0,0
SUP0044,2024-11-01,1,0.0,8.0,1.0,,0,0
SUP0044,2024-12-01,4,0.5,5.75,1.0,,0,0
SUP0044,2025-01-01,2,0.0,9.0,1.0,,0,0
SUP0044,2025-02-01,1,0.0,3.0,1.0,,0,0
SUP0044,2025-03-01,3,0.0,7.333,0.6876,,0,0
SUP0044,2025-05-01,3,0.3333,2.333,1.0,,0,0
SUP0044,2025-06-01,3,0.6667,2.333,1.0,,0,0
SUP0044,2025-07-01,2,0.0,7.5,1.0,,0,0
SUP0044,2025-08-01,6,0.0,4.667,1.0,,0,0
SUP0044,2025-09-01,1,0.0,12.0,1.0,,0,0
SUP0044,2025-10-01,2,0.0,3.5,1.0,,0,0
SUP0044,2025-11-01,1,0.0,14.0,1.0,,0,0
SUP0044,2025-12-01,2,0.5,5.5,0.6208,,0,0
SUP0045,2023-01-01,2,0.0,9.0,1.0,,0,0
SUP0045,2023-02-01,1,0.0,4.0,1.0,,0,0
SUP0045,2023-03-01,2,0.5,5.5,1.0,,0,0
SUP0045,2023-04-01,5,0.0,11.6,1.0,,0,0
SUP0045,2023-05-01,2,0.0,5.5,0.7957,,0,0
SUP0045,2023-06-01,2,0.5,1.0,1.0,,0,0
SUP0045,2023-07-01,1,0.0,13.0,1.0,,0,0
SUP0045,2023-08-01,1,1.0,0.0,1.0,,0,0
SUP0045,2023-09-01,1,0.0,8.0,1.0,,0,0
SUP0045,2023-10-01,2,0.5,0.5,1.0,,0,0
SUP0045,2023-11-01,1,0.0,8.0,1.0,,0,0
SUP0045,2023-12-01,1,0.0,7.0,0.0435,,0,0
SUP0045,2024-01-01,2,0.5,1.5,1.0,,0,0
SUP0045,2024-02-01,2,1.0,0.0,1.0,,0,0
SUP0045,2024-03-01,4,0.0,10.25,1.0,,0,0
SUP0045,2024-04-01,1,0.0,11.0,1.0,,0,0
SUP0045,2024-05-01,2,0.0,8.0,1.0,,0,0
SUP0045,2024-06-01,1,1.0,0.0,1.0,,0,0
SUP0045,2024-07-01,1,0.0,13.0,1.0,,0,0
SUP0045,2024-09-01,2,0.0,6.5,1.0,,0,0
SUP0045,2024-10-01,2,0.5,4.0,1.0,,0,0
SUP0045,2024-11-01,2,0.0,9.0,1.0,,0,0
SUP0045,2024-12-01,1,0.0,14.0,1.0,,0,0
SUP0045,2025-01-01,4,0.25,8.5,1.0,,0,0
SUP0045,2025-02-01,3,0.0,5.667,1.0,,0,0
SUP0045,2025-03-01,5,0.2,4.2,1.0,,0,0
SUP0045,2025-04-01,1,0.0,10.0,1.0,,0,0
SUP0045,2025-05-01,2,0.0,5.0,1.0,,0,0
SUP0045,2025-06-01,2,0.0,6.0,1.0,,0,0
SUP0045,2025-07-01,4,0.0,8.5,1.0,,0,0
SUP0045,2025-08-01,2,0.0,8.0,1.0,,0,0
SUP0045,2025-10-01,3,0.6667,1.333,1.0,,0,0
SUP0045,2025-11-01,1,0.0,12.0,1.0,,0,0
SUP0045,2025-12-01,3,0.0,,0.0,,0,0
SUP0046,2023-02-01,2,1.0,0.0,1.0,0.0,0,0
SUP0046,2023-03-01,6,0.5,4.667,1.0,13425.9,0,0
SUP0046,2023-04-01,3,0.6667,0.333,1.0,0.0,0,0
SUP0046,2023-05-01,5,0.4,6.2,1.0,0.0,0,0
SUP0046,2023-06-01,3,0.3333,5.667,1.0,0.0,0,0
SUP0046,2023-07-01,4,0.75,1.75,1.0,0.0,0,0
SUP0046,2023-08-01,9,0.4444,3.0,1.0,0.0,0,0
SUP0046,2023-09-01,8,0.375,7.625,0.9936,0.0,0,0
SUP0046,2023-10-01,3,1.0,0.0,1.0,0.0,0,0
SUP0046,2023-11-01,5,0.8,2.0,1.0,0.0,0,0
SUP0046,2023-12-01,7,0.2857,4.429,1.0,0.0,0,0
SUP0046,2024-01-01,6,0.5,4.5,1.0,0.0,0,0
SUP0046,2024-02-01,8,0.375,5.125,1.0,0.0,0,0
SUP0046,2024-03-01,4,0.75,1.75,1.0,0.0,0,0
SUP0046,2024-04-01,5,0.4,12.8,1.0,0.0,0,0
SUP0046,2024-05-01,4,0.5,7.0,1.0,0.0,0,0
SUP0046,2024-06-01,5,0.4,3.2,0.9794,0.0,0,0
SUP0046,2024-07-01,9,0.3333,8.556,1.0,0.0,0,0
SUP0046,2024-08-01,9,0.6667,5.111,0.7653,0.0,1,0
SUP0046,2024-09-01,10,0.8,0.2,1.0,0.0,0,0
SUP0046,2024-10-01,5,0.2,6.0,1.0,19981.9,0,0
SUP0046,2024-11-01,2,0.0,25.0,1.0,0.0,0,0
SUP0046,2024-12-01,5,0.2,6.0,1.0,,0,0
SUP0046,2025-01-01,3,0.6667,0.667,1.0,0.0,0,0
SUP0046,2025-02-01,1,0.0,22.0,1.0,0.0,0,0
SUP0046,2025-03-01,5,0.4,3.4,1.0,0.0,0,0
SUP0046,2025-04-01,1,0.0,0.0,0.3643,,0,0
SUP0046,2025-05-01,2,1.0,0.0,1.0,,0,0
SUP0046,2025-06-01,1,1.0,0.0,1.0,,0,0
SUP0046,2025-07-01,5,0.4,4.2,1.0,0.0,0,0
SUP0046,2025-08-01,1,1.0,0.0,1.0,0.0,1,1
SUP0046,2025-09-01,1,0.0,8.0,1.0,0.0,0,0
SUP0046,2025-10-01,3,0.3333,9.333,0.8897,0.0,0,0
SUP0046,2025-11-01,3,0.6667,1.667,1.0,0.0,0,0
SUP0046,2025-12-01,6,0.1667,4.333,0.143,0.0,1,0
SUP0047,2023-02-01,7,0.5714,5.571,1.0,0.0,0,0
SUP0047,2023-03-01,10,0.3,8.8,1.0,0.0,1,1
SUP0047,2023-04-01,6,0.3333,4.667,0.6457,0.0,0,0
SUP0047,2023-05-01,5,0.6,2.8,0.9682,0.0,0,0
SUP0047,2023-06-01,10,0.6,3.6,1.0,0.0,0,0
SUP0047,2023-07-01,15,0.3333,10.4,1.0,2243.9,0,0
SUP0047,2023-08-01,6,0.6667,1.667,1.0,0.0,0,0
SUP0047,2023-09-01,7,0.5714,5.571,1.0,8220.5,0,0
SUP0047,2023-10-01,8,0.375,6.5,1.0,0.0,0,0
SUP0047,2023-11-01,11,0.5455,4.455,1.0,5016.7,0,0
SUP0047,2023-12-01,9,0.3333,6.111,1.0,0.0,0,0
SUP0047,2024-01-01,11,0.2727,4.909,0.9993,0.0,1,1
SUP0047,2024-02-01,8,0.5,4.375,0.9769,0.0,0,0
SUP0047,2024-03-01,10,0.4,7.3,1.0,0.0,0,0
SUP0047,2024-04-01,8,0.125,10.625,0.4055,0.0,0,0
SUP0047,2024-05-01,11,0.4545,8.182,0.5083,702.9,0,0
SUP0047,2024-06-01,11,0.4545,8.0,0.9064,0.0,0,0
SUP0047,2024-07-01,12,0.25,7.167,0.7079,0.0,0,0
SUP0047,2024-08-01,3,0.6667,0.0,0.8237,0.0,0,0
SUP0047,2024-09-01,10,0.3,13.3,1.0,0.0,1,1
SUP0047,2024-10-01,9,0.5556,6.333,1.0,0.0,1,1
SUP0047,2024-11-01,9,0.2222,5.778,0.909,3260.6,0,0
SUP0047,2024-12-01,9,0.3333,10.111,1.0,0.0,0,0
SUP0047,2025-01-01,12,0.25,14.167,0.999,0.0,0,0
SUP0047,2025-02-01,11,0.1818,10.364,0.9997,0.0,0,0
SUP0047,2025-03-01,8,0.375,13.125,1.0,0.0,0,0
SUP0047,2025-04-01,7,0.4286,4.857,1.0,0.0,0,0
SUP0047,2025-05-01,10,0.3,19.9,1.0,4466.3,0,0
SUP0047,2025-06-01,12,0.3333,8.167,0.9997,0.0,0,0
SUP0047,2025-07-01,9,0.2222,9.889,0.8982,0.0,0,0
SUP0047,2025-08-01,8,0.25,6.375,0.999,0.0,0,0
SUP0047,2025-09-01,9,0.5556,6.444,1.0,0.0,0,0
SUP0047,2025-10-01,11,0.5455,9.909,1.0,0.0,0,0
SUP0047,2025-11-01,6,0.0,6.5,0.9439,0.0,0,0
SUP0047,2025-12-01,9,0.5556,3.429,0.0018,0.0,1,0
SUP0048,2023-03-01,2,0.0,4.5,1.0,,0,0
SUP0048,2023-04-01,1,0.0,13.0,1.0,,0,0
SUP0048,2023-05-01,1,1.0,0.0,1.0,,0,0
SUP0048,2023-06-01,1,1.0,0.0,1.0,,0,0
SUP0048,2023-07-01,1,0.0,8.0,1.0,,0,0
SUP0048,2023-08-01,2,0.0,2.0,1.0,,0,0
SUP0048,2023-09-01,1,1.0,0.0,1.0,,0,0
SUP0048,2023-10-01,4,0.0,8.25,1.0,,0,0
SUP0048,2023-11-01,2,0.0,10.0,1.0,,0,0
SUP0048,2023-12-01,3,0.0,6.333,0.7595,,0,0
SUP0048,2024-01-01,1,0.0,13.0,1.0,,0,0
SUP0048,2024-03-01,1,0.0,5.0,0.654,,0,0
SUP0048,2024-05-01,2,0.5,2.0,1.0,,0,0
SUP0048,2024-07-01,1,0.0,7.0,1.0,,0,0
SUP0048,2024-08-01,2,0.5,0.0,0.7668,,0,0
SUP0048,2024-09-01,4,0.5,5.75,1.0,,0,0
SUP0048,2024-11-01,2,0.0,4.0,1.0,,0,0
SUP0048,2025-02-01,2,0.5,2.0,1.0,,0,0
SUP0048,2025-03-01,1,0.0,11.0,1.0,,0,0
SUP0048,2025-04-01,4,0.25,6.25,1.0,,0,0
SUP0048,2025-06-01,4,0.0,6.25,1.0,,0,0
SUP0048,2025-07-01,3,0.0,5.333,1.0,,0,0
SUP0048,2025-08-01,2,0.0,9.0,1.0,,0,0
SUP0048,2025-09-01,1,0.0,6.0,1.0,,0,0
SUP0048,2025-10-01,3,0.3333,6.0,0.7925,,0,0
SUP0048,2025-11-01,2,0.0,11.5,1.0,,0,0
SUP0049,2023-03-01,6,0.1667,3.667,1.0,,0,0
SUP0049,2023-04-01,4,0.25,3.25,0.9703,,0,0
SUP0049,2023-07-01,1,0.0,9.0,1.0,,0,0
SUP0049,2023-08-01,3,0.3333,4.333,1.0,,0,0
SUP0049,2023-09-01,2,0.5,5.5,1.0,,0,0
SUP0049,2023-11-01,5,0.0,7.6,1.0,,1,0
SUP0049,2024-03-01,2,0.0,3.5,1.0,,0,0
SUP0049,2024-04-01,2,0.0,7.5,1.0,,0,0
SUP0049,2024-05-01,4,0.5,2.25,1.0,,0,0
SUP0049,2024-07-01,2,0.0,7.5,1.0,,0,0
SUP0049,2024-08-01,3,0.0,8.0,1.0,,0,0
SUP0049,2024-09-01,1,1.0,0.0,1.0,,0,0
SUP0049,2024-10-01,4,0.25,3.5,0.9203,,0,0
SUP0049,2024-11-01,2,0.0,8.5,0.4161,,0,0
SUP0049,2024-12-01,2,0.0,2.0,1.0,,0,0
SUP0049,2025-01-01,1,0.0,10.0,1.0,,0,0
SUP0049,2025-02-01,1,1.0,0.0,1.0,,0,0
SUP0049,2025-04-01,3,0.3333,7.333,0.7608,,0,0
SUP0049,2025-05-01,4,0.0,5.5,1.0,,0,0
SUP0049,2025-06-01,3,0.3333,5.0,1.0,,0,0
SUP0049,2025-07-01,2,0.0,1.5,1.0,,0,0
SUP0049,2025-08-01,3,0.3333,1.667,1.0,,0,0
SUP0049,2025-09-01,1,1.0,0.0,1.0,,0,0
SUP0049,2025-10-01,2,0.0,10.0,1.0,,0,0
SUP0049,2025-11-01,3,0.3333,5.333,1.0,,0,0
SUP0049,2025-12-01,2,0.0,4.0,0.0682,,0,0
SUP0050,2023-02-01,3,0.3333,2.333,1.0,,0,0
SUP0050,2023-03-01,1,0.0,10.0,1.0,,0,0
SUP0050,2023-05-01,3,0.0,4.0,1.0,,1,0
SUP0050,2023-06-01,5,0.2,6.2,1.0,,0,0
SUP0050,2023-07-01,1,0.0,13.0,0.7863,,0,0
SUP0050,2023-08-01,1,0.0,11.0,1.0,,0,0
SUP0050,2023-09-01,1,0.0,9.0,1.0,,0,0
SUP0050,2023-12-01,2,0.5,6.5,1.0,,0,0
SUP0050,2024-01-01,1,0.0,10.0,1.0,,0,0
SUP0050,2024-02-01,1,0.0,5.0,1.0,,0,0
SUP0050,2024-03-01,2,0.0,3.5,0.6136,,0,0
SUP0050,2024-04-01,2,0.0,13.5,1.0,,0,0
SUP0050,2024-05-01,2,0.0,3.0,0.9863,,0,0
SUP0050,2024-06-01,1,0.0,6.0,1.0,,0,0
SUP0050,2024-07-01,1,0.0,14.0,1.0,,0,0
SUP0050,2024-08-01,2,0.5,0.5,1.0,,0,0
SUP0050,2024-09-01,3,0.3333,4.333,1.0,,0,0
SUP0050,2024-10-01,2,0.0,1.5,0.951,,0,0
SUP0050,2024-11-01,1,1.0,0.0,1.0,,0,0
SUP0050,2025-01-01,2,0.5,3.0,1.0,,1,0
SUP0050,2025-02-01,2,0.0,10.0,1.0,,0,0
SUP0050,2025-03-01,4,0.25,4.5,1.0,,0,0
SUP0050,2025-05-01,2,0.0,11.0,1.0,,0,0
SUP0050,2025-06-01,1,0.0,10.0,1.0,,0,0
SUP0050,2025-07-01,2,0.0,9.0,1.0,,0,0
SUP0050,2025-08-01,3,0.3333,8.0,0.7696,,0,0
SUP0050,2025-09-01,2,0.0,10.5,1.0,,0,0
SUP0050,2025-10-01,1,1.0,0.0,1.0,,0,0
SUP0050,2025-11-01,2,0.0,14.0,0.1967,,0,0
SUP0050,2025-12-01,1,0.0,,0.0,,0,0
SUP0051,2023-03-01,1,0.0,14.0,1.0,,0,0
SUP0051,2023-04-01,5,0.4,4.6,1.0,,0,0
SUP0051,2023-05-01,1,0.0,4.0,0.2785,,0,0
SUP0051,2023-06-01,1,0.0,5.0,1.0,,0,0
SUP0051,2023-07-01,2,0.5,4.5,1.0,,0,0
SUP0051,2023-08-01,3,0.6667,3.667,1.0,,0,0
SUP0051,2023-09-01,2,0.0,9.0,1.0,,0,0
SUP0051,2023-10-01,4,0.25,6.5,1.0,,0,0
SUP0051,2024-01-01,1,0.0,14.0,1.0,,0,0
SUP0051,2024-03-01,2,0.5,2.0,1.0,,0,0
SUP0051,2024-04-01,2,0.0,7.0,1.0,,0,0
SUP0051,2024-05-01,3,0.3333,9.0,1.0,,0,0
SUP0051,2024-06-01,2,0.0,9.0,1.0,,0,0
SUP0051,2024-07-01,2,0.0,13.0,1.0,,0,0
SUP0051,2024-08-01,1,1.0,0.0,1.0,,0,0
SUP0051,2024-09-01,5,0.0,5.6,0.8582,,0,0
SUP0051,2024-10-01,3,0.0,11.667,1.0,,0,0
SUP0051,2024-11-01,2,0.0,10.0,1.0,,0,0
SUP0051,2024-12-01,1,0.0,9.0,1.0,,0,0
SUP0051,2025-01-01,1,0.0,9.0,0.9008,,0,0
SUP0051,2025-02-01,2,0.5,2.0,1.0,,0,0
SUP0051,2025-03-01,3,0.3333,4.333,0.5607,,0,0
SUP0051,2025-04-01,2,0.0,2.5,1.0,,0,0
SUP0051,2025-05-01,1,0.0,2.0,1.0,,0,0
SUP0051,2025-06-01,2,0.0,9.5,1.0,,0,0
SUP0051,2025-07-01,3,0.0,7.667,0.6495,,0,0
SUP0051,2025-10-01,2,0.0,3.0,1.0,,0,0
SUP0051,2025-11-01,3,0.3333,4.333,1.0,,0,0
SUP0051,2025-12-01,3,0.0,1.0,0.0884,,0,0
SUP0052,2023-02-01,1,1.0,0.0,1.0,,0,0
SUP0052,2023-03-01,1,0.0,7.0,1.0,,0,0
SUP0052,2023-04-01,2,0.5,1.5,1.0,,0,0
SUP0052,2023-06-01,1,0.0,1.0,1.0,,0,0
SUP0052,2023-07-01,2,1.0,0.0,1.0,,0,0
SUP0052,2023-08-01,3,0.0,4.333,1.0,,0,0
SUP0052,2023-09-01,1,0.0,2.0,1.0,,0,0
SUP0052,2023-10-01,3,0.0,4.333,1.0,,0,0
SUP0052,2023-11-01,2,0.0,5.0,1.0,,0,0
SUP0052,2023-12-01,5,0.2,9.6,1.0,,0,0
SUP0052,2024-01-01,2,0.0,12.0,1.0,,0,0
SUP0052,2024-02-01,1,0.0,3.0,1.0,,0,0
SUP0052,2024-04-01,2,0.5,4.0,1.0,,0,0
SUP0052,2024-06-01,2,0.0,2.5,1.0,,0,0
SUP0052,2024-07-01,1,0.0,14.0,1.0,,0,0
SUP0052,2024-08-01,4,0.25,7.25,1.0,,0,0
SUP0052,2024-10-01,3,0.3333,5.667,1.0,,0,0
SUP0052,2024-11-01,3,0.0,5.333,1.0,,0,0
SUP0052,2024-12-01,5,0.2,4.0,1.0,,0,0
SUP0052,2025-01-01,3,0.3333,6.333,1.0,,0,0
SUP0052,2025-02-01,1,0.0,5.0,1.0,,0,0
SUP0052,2025-03-01,4,0.25,4.0,1.0,,0,0
SUP0052,2025-04-01,2,0.0,5.0,1.0,,0,0
SUP0052,2025-05-01,1,0.0,6.0,1.0,,0,0
SUP0052,2025-08-01,2,1.0,0.0,1.0,,0,0
SUP0052,2025-09-01,1,0.0,5.0,1.0,,0,0
SUP0052,2025-10-01,4,0.0,11.25,0.9468,,0,0
SUP0052,2025-11-01,1,1.0,0.0,1.0,,0,0
SUP0052,2025-12-01,1,0.0,,0.0,,0,0
SUP0053,2023-01-01,1,1.0,0.0,1.0,0.0,0,0
SUP0053,2023-02-01,12,0.5833,9.667,1.0,0.0,0,0
SUP0053,2023-03-01,17,0.6471,8.647,1.0,0.0,0,0
SUP0053,2023-04-01,16,0.625,3.875,1.0,0.0,0,0
SUP0053,2023-05-01,15,0.7333,4.6,1.0,0.0,0,0
SUP0053,2023-06-01,13,0.4615,8.231,0.1773,0.0,1,0
SUP0053,2023-07-01,13,0.4615,11.615,1.0,0.0,0,0
SUP0053,2023-08-01,14,0.3571,7.429,0.8724,3756.5,0,0
SUP0053,2023-09-01,10,0.8,0.8,1.0,0.0,0,0
SUP0053,2023-10-01,19,0.5263,5.368,1.0,965.8,0,0
SUP0053,2023-11-01,17,0.7647,3.882,1.0,0.0,0,0
SUP0053,2023-12-01,21,0.7619,2.952,1.0,0.0,0,0
SUP0053,2024-01-01,15,0.5333,7.133,1.0,0.0,0,0
SUP0053,2024-02-01,20,0.6,5.0,1.0,0.0,1,1
SUP0053,2024-03-01,19,0.6316,8.316,1.0,7862.8,0,0
SUP0053,2024-04-01,18,0.9444,0.389,1.0,0.0,0,0
SUP0053,2024-05-01,21,0.4286,8.619,1.0,0.0,0,0
SUP0053,2024-06-01,15,0.4667,7.867,1.0,0.0,0,0
SUP0053,2024-07-01,11,0.4545,5.545,1.0,0.0,0,0
SUP0053,2024-08-01,18,0.5,7.833,1.0,2894.2,0,0
SUP0053,2024-09-01,23,0.7391,4.652,1.0,0.0,0,0
SUP0053,2024-10-01,8,0.875,6.25,1.0,0.0,0,0
SUP0053,2024-11-01,13,0.6923,8.308,1.0,0.0,0,0
SUP0053,2024-12-01,25,0.8,4.72,1.0,1996.9,0,0
SUP0053,2025-01-01,22,0.5455,6.591,0.9995,0.0,0,0
SUP0053,2025-02-01,11,0.9091,2.545,1.0,3623.8,0,0
SUP0053,2025-03-01,13,0.6154,9.615,1.0,0.0,0,0
SUP0053,2025-04-01,15,0.6,3.333,1.0,0.0,0,0
SUP0053,2025-05-01,25,0.48,5.52,1.0,2440.8,0,0
SUP0053,2025-06-01,16,0.6875,6.0,1.0,3533.9,0,0
SUP0053,2025-07-01,16,0.4375,12.062,1.0,0.0,0,0
SUP0053,2025-08-01,11,0.4545,6.182,1.0,1318.2,0,0
SUP0053,2025-09-01,20,0.7,2.15,1.0,0.0,0,0
SUP0053,2025-10-01,18,0.7778,2.722,1.0,696.2,0,0
SUP0053,2025-11-01,17,0.7647,2.353,1.0,2476.8,0,0
SUP0053,2025-12-01,14,0.7143,1.25,0.2765,416.9,0,0
SUP0054,2022-12-01,1,1.0,0.0,1.0,0.0,0,0
SUP0054,2023-01-01,3,0.6667,4.0,1.0,0.0,0,0
SUP0054,2023-02-01,4,0.75,3.25,1.0,0.0,0,0
SUP0054,2023-03-01,7,0.8571,2.714,1.0,0.0,0,0
SUP0054,2023-04-01,9,0.6667,3.333,1.0,0.0,0,0
SUP0054,2023-05-01,11,0.8182,1.091,1.0,0.0,0,0
SUP0054,2023-06-01,9,0.8889,1.111,1.0,3590.6,0,0
SUP0054,2023-07-01,5,0.8,2.0,0.4396,0.0,0,0
SUP0054,2023-08-01,8,0.625,2.625,0.9812,0.0,1,0
SUP0054,2023-09-01,6,0.8333,0.167,1.0,0.0,0,0
SUP0054,2023-10-01,7,0.7143,4.714,1.0,0.0,0,0
SUP0054,2023-11-01,4,0.75,2.5,1.0,0.0,0,0
SUP0054,2023-12-01,4,0.75,2.0,1.0,0.0,0,0
SUP0054,2024-01-01,5,0.4,2.6,1.0,0.0,0,0
SUP0054,2024-02-01,4,0.5,1.0,1.0,0.0,0,0
SUP0054,2024-03-01,4,1.0,0.0,1.0,0.0,0,0
SUP0054,2024-04-01,9,0.8889,1.333,1.0,0.0,0,0
SUP0054,2024-05-01,5,0.8,1.8,1.0,0.0,0,0
SUP0054,2024-06-01,7,0.2857,5.429,1.0,0.0,0,0
SUP0054,2024-07-01,5,0.6,4.6,1.0,0.0,0,0
SUP0054,2024-08-01,7,0.8571,1.571,1.0,16024.8,0,0
SUP0054,2024-09-01,3,1.0,0.0,1.0,0.0,0,0
SUP0054,2024-10-01,7,0.7143,1.714,1.0,6618.4,0,0
SUP0054,2024-11-01,4,1.0,0.0,1.0,0.0,0,0
SUP0054,2024-12-01,2,0.5,1.5,1.0,0.0,0,0
SUP0054,2025-01-01,5,0.6,3.6,0.4739,0.0,0,0
SUP0054,2025-02-01,4,0.5,2.25,1.0,0.0,0,0
SUP0054,2025-03-01,3,1.0,0.0,1.0,0.0,0,0
SUP0054,2025-04-01,5,1.0,0.0,1.0,0.0,0,0
SUP0054,2025-05-01,3,0.6667,2.0,0.7866,0.0,0,0
SUP0054,2025-06-01,6,0.6667,1.667,1.0,0.0,0,0
SUP0054,2025-07-01,4,0.5,3.5,1.0,0.0,0,0
SUP0054,2025-08-01,6,1.0,0.0,1.0,0.0,0,0
SUP0054,2025-09-01,5,0.4,2.4,1.0,24855.2,0,0
SUP0054,2025-10-01,6,1.0,0.0,1.0,983.4,0,0
SUP0054,2025-11-01,4,0.75,3.0,1.0,0.0,0,0
SUP0054,2025-12-01,3,0.6667,0.0,0.0006,0.0,0,0
SUP0055,2023-02-01,3,0.3333,4.667,1.0,,0,0
SUP0055,2023-04-01,3,0.0,7.333,1.0,,0,0
SUP0055,2023-05-01,3,0.0,3.667,1.0,,0,0
SUP0055,2023-06-01,3,0.3333,4.667,1.0,,0,0
SUP0055,2023-07-01,2,0.5,6.5,1.0,,0,0
SUP0055,2023-08-01,2,0.5,6.5,1.0,,0,0
SUP0055,2023-09-01,3,0.3333,4.0,1.0,,0,0
SUP0055,2023-10-01,1,0.0,7.0,1.0,,0,0
SUP0055,2023-11-01,4,0.0,6.75,1.0,,0,0
SUP0055,2024-01-01,3,0.3333,4.333,1.0,,0,0
SUP0055,2024-02-01,4,0.0,8.75,0.9822,,0,0
SUP0055,2024-03-01,3,0.0,8.667,1.0,,0,0
SUP0055,2024-04-01,5,0.0,7.0,1.0,,1,0
SUP0055,2024-05-01,2,0.0,14.0,1.0,,0,0
SUP0055,2024-07-01,2,0.0,9.0,1.0,,0,0
SUP0055,2024-08-01,3,0.0,5.0,1.0,,0,0
SUP0055,2024-09-01,1,1.0,0.0,1.0,,0,0
SUP0055,2024-10-01,3,0.3333,2.667,1.0,,0,0
SUP0055,2024-11-01,2,1.0,0.0,1.0,,0,0
SUP0055,2024-12-01,3,0.0,6.667,0.9723,,0,0
SUP0055,2025-01-01,1,0.0,9.0,1.0,,0,0
SUP0055,2025-03-01,1,0.0,12.0,1.0,,0,0
SUP0055,2025-04-01,2,0.0,13.5,0.4583,,0,0
SUP0055,2025-05-01,4,0.25,5.5,1.0,,0,0
SUP0055,2025-07-01,1,0.0,11.0,0.5065,,0,0
SUP0055,2025-08-01,1,0.0,1.0,1.0,,0,0
SUP0055,2025-09-01,3,0.3333,8.667,1.0,,0,0
SUP0055,2025-10-01,3,0.0,6.333,0.8417,,0,0
SUP0055,2025-11-01,1,0.0,13.0,1.0,,0,0
SUP0055,2025-12-01,3,0.0,9.0,0.1369,,0,0
SUP0056,2023-01-01,3,0.3333,3.667,1.0,,0,0
SUP0056,2023-02-01,3,0.0,6.667,0.8598,,0,0
SUP0056,2023-03-01,2,0.5,1.0,1.0,,0,0
SUP0056,2023-04-01,3,0.0,9.0,0.7511,,0,0
SUP0056,2023-05-01,3,0.6667,2.333,1.0,,0,0
SUP0056,2023-06-01,4,0.0,11.0,1.0,,0,0
SUP0056,2023-07-01,2,0.5,7.0,1.0,,0,0
SUP0056,2023-08-01,3,0.3333,5.333,0.9985,,0,0
SUP0056,2023-09-01,2,0.0,6.0,1.0,,0,0
SUP0056,2023-10-01,3,0.3333,6.333,1.0,,0,0
SUP0056,2023-11-01,4,0.25,9.5,1.0,,0,0
SUP0056,2023-12-01,2,0.0,9.0,1.0,,0,0
SUP0056,2024-01-01,2,0.0,2.5,0.8917,,0,0
SUP0056,2024-02-01,1,0.0,12.0,1.0,,0,0
SUP0056,2024-03-01,1,1.0,0.0,1.0,,0,0
SUP0056,2024-04-01,1,1.0,0.0,1.0,,0,0
SUP0056,2024-05-01,1,0.0,11.0,1.0,,0,0
SUP0056,2024-06-01,2,0.0,8.0,1.0,,0,0
SUP0056,2024-07-01,1,0.0,3.0,1.0,,0,0
SUP0056,2024-08-01,1,1.0,0.0,1.0,,0,0
SUP0056,2024-10-01,1,1.0,0.0,1.0,,0,0
SUP0056,2024-11-01,1,0.0,2.0,1.0,,0,0
SUP0056,2024-12-01,3,0.0,7.0,1.0,,0,0
SUP0056,2025-01-01,3,0.0,4.667,1.0,,0,0
SUP0056,2025-02-01,1,0.0,12.0,1.0,,0,0
SUP0056,2025-03-01,3,0.3333,8.333,1.0,,0,0
SUP0056,2025-04-01,3,0.0,9.333,1.0,,0,0
SUP0056,2025-05-01,4,0.0,3.25,1.0,,0,0
SUP0056,2025-06-01,4,0.0,8.25,0.7569,,0,0
SUP0056,2025-07-01,3,0.3333,0.333,0.6456,,0,0
SUP0056,2025-08-01,2,1.0,0.0,1.0,,0,0
SUP0056,2025-09-01,3,0.0,4.667,0.5323,,0,0
SUP0056,2025-10-01,4,0.5,3.75,0.9716,,0,0
SUP0056,2025-11-01,1,0.0,12.0,1.0,,0,0
SUP0056,2025-12-01,1,0.0,,0.0,,0,0
SUP0057,2023-01-01,1,0.0,1.0,1.0,,0,0
SUP0057,2023-02-01,4,0.25,7.5,1.0,,0,0
SUP0057,2023-03-01,5,0.6,3.0,1.0,,0,0
SUP0057,2023-04-01,3,0.0,7.667,1.0,,0,0
SUP0057,2023-05-01,4,0.25,1.5,1.0,,0,0
SUP0057,2023-06-01,4,0.0,8.0,0.9691,,0,0
SUP0057,2023-07-01,2,0.0,2.0,1.0,,0,0
SUP0057,2023-08-01,1,1.0,0.0,1.0,,0,0
SUP0057,2023-09-01,4,0.5,1.75,0.7523,,0,0
SUP0057,2023-10-01,1,0.0,2.0,1.0,,0,0
SUP0057,2023-11-01,2,0.0,9.5,1.0,,0,0
SUP0057,2023-12-01,1,0.0,7.0,1.0,,0,0
SUP0057,2024-02-01,2,1.0,0.0,1.0,,0,0
SUP0057,2024-03-01,1,0.0,8.0,1.0,,0,0
SUP0057,2024-04-01,2,0.0,8.5,1.0,,0,0
SUP0057,2024-05-01,4,0.25,4.75,1.0,,0,0
SUP0057,2024-06-01,3,0.3333,7.0,0.7511,,0,0
SUP0057,2024-07-01,3,0.6667,4.667,1.0,,0,0
SUP0057,2024-08-01,1,0.0,0.0,0.6241,,0,0
SUP0057,2024-09-01,2,0.5,0.5,1.0,,0,0
SUP0057,2024-10-01,1,0.0,1.0,1.0,,0,0
SUP0057,2024-11-01,2,0.0,3.5,1.0,,0,0
SUP0057,2024-12-01,1,0.0,11.0,1.0,,0,0
SUP0057,2025-01-01,4,0.25,9.0,1.0,,0,0
SUP0057,2025-02-01,3,0.0,7.333,1.0,,0,0
SUP0057,2025-03-01,1,0.0,11.0,1.0,,0,0
SUP0057,2025-05-01,5,0.4,3.4,1.0,,0,0
SUP0057,2025-06-01,3,0.3333,6.333,1.0,,0,0
SUP0057,2025-07-01,2,0.5,1.0,1.0,,0,0
SUP0057,2025-08-01,1,0.0,2.0,1.0,,0,0
SUP0057,2025-10-01,2,1.0,0.0,1.0,,0,0
SUP0057,2025-11-01,3,0.3333,6.0,1.0,,0,0
SUP0057,2025-12-01,2,0.0,,0.0,,0,0
SUP0058,2023-01-01,4,0.0,7.75,1.0,,0,0
SUP0058,2023-02-01,1,0.0,10.0,1.0,,0,0
SUP0058,2023-03-01,1,1.0,0.0,1.0,,0,0
SUP0058,2023-04-01,2,0.5,0.5,1.0,,0,0
SUP0058,2023-05-01,1,0.0,12.0,1.0,,0,0
SUP0058,2023-07-01,2,0.0,6.5,1.0,,0,0
SUP0058,2023-09-01,5,0.4,4.8,1.0,,0,0
SUP0058,2023-10-01,3,0.3333,2.667,1.0,,0,0
SUP0058,2023-11-01,1,0.0,2.0,1.0,,0,0
SUP0058,2023-12-01,2,0.0,3.0,1.0,,0,0
SUP0058,2024-01-01,1,0.0,6.0,1.0,,0,0
SUP0058,2024-02-01,2,0.0,10.0,1.0,,0,0
SUP0058,2024-03-01,1,0.0,9.0,1.0,,0,0
SUP0058,2024-04-01,2,1.0,0.0,1.0,,0,0
SUP0058,2024-05-01,3,0.3333,4.667,1.0,,0,0
SUP0058,2024-06-01,2,0.0,10.0,1.0,,0,0
SUP0058,2024-08-01,6,0.0,5.5,1.0,,0,0
SUP0058,2024-10-01,5,0.2,6.8,1.0,,0,0
SUP0058,2024-11-01,2,0.5,6.5,1.0,,0,0
SUP0058,2024-12-01,2,0.5,4.0,1.0,,0,0
SUP0058,2025-01-01,1,0.0,12.0,1.0,,0,0
SUP0058,2025-02-01,3,0.0,6.667,0.6643,,0,0
SUP0058,2025-03-01,3,0.3333,4.667,1.0,,0,0
SUP0058,2025-04-01,2,0.0,3.5,1.0,,0,0
SUP0058,2025-05-01,2,0.5,2.5,0.891,,0,0
SUP0058,2025-06-01,2,0.5,4.5,1.0,,0,0
SUP0058,2025-08-01,1,0.0,4.0,1.0,,0,0
SUP0058,2025-09-01,1,0.0,13.0,1.0,,0,0
SUP0058,2025-10-01,5,0.0,4.6,1.0,,0,0
SUP0058,2025-11-01,1,0.0,8.0,1.0,,0,0
SUP0058,2025-12-01,1,0.0,,0.0,,0,0
SUP0059,2023-02-01,1,1.0,0.0,1.0,,0,0
SUP0059,2023-03-01,2,0.5,2.0,1.0,,0,0
SUP0059,2023-05-01,1,0.0,0.0,0.8317,,0,0
SUP0059,2023-06-01,4,0.25,8.75,1.0,,1,0
SUP0059,2023-07-01,1,0.0,8.0,1.0,,0,0
SUP0059,2023-08-01,1,0.0,8.0,1.0,,0,0
SUP0059,2023-09-01,1,0.0,10.0,1.0,,1,0
SUP0059,2023-10-01,3,0.6667,0.667,1.0,,0,0
SUP0059,2023-11-01,1,0.0,12.0,1.0,,0,0
SUP0059,2023-12-01,1,0.0,6.0,1.0,,0,0
SUP0059,2024-02-01,2,0.0,7.5,1.0,,0,0
SUP0059,2024-03-01,2,0.0,12.5,1.0,,0,0
SUP0059,2024-04-01,2,0.0,4.0,1.0,,0,0
SUP0059,2024-05-01,1,1.0,0.0,1.0,,0,0
SUP0059,2024-06-01,4,0.25,6.0,0.9624,,0,0
SUP0059,2024-07-01,1,0.0,10.0,1.0,,0,0
SUP0059,2024-08-01,6,0.3333,4.0,1.0,,0,0
SUP0059,2024-09-01,3,0.3333,2.667,1.0,,0,0
SUP0059,2024-10-01,4,0.0,4.75,1.0,,0,0
SUP0059,2024-11-01,1,0.0,5.0,1.0,,0,0
SUP0059,2024-12-01,1,0.0,8.0,1.0,,0,0
SUP0059,2025-01-01,1,0.0,13.0,1.0,,0,0
SUP0059,2025-03-01,5,0.2,6.0,0.9163,,0,0
SUP0059,2025-04-01,1,0.0,4.0,1.0,,0,0
SUP0059,2025-05-01,1,0.0,3.0,1.0,,0,0
SUP0059,2025-06-01,2,0.0,3.5,1.0,,0,0
SUP0059,2025-07-01,2,0.5,1.0,1.0,,0,0
SUP0059,2025-08-01,2,0.5,2.0,1.0,,0,0
SUP0059,2025-09-01,2,0.5,3.5,1.0,,0,0
SUP0059,2025-10-01,4,0.0,3.75,1.0,,0,0
SUP0059,2025-11-01,1,0.0,14.0,1.0,,0,0
SUP0059,2025-12-01,2,0.0,11.0,0.4455,,0,0
SUP0060,2023-01-01,1,0.0,0.0,0.3762,,0,0
SUP0060,2023-02-01,1,0.0,6.0,1.0,,0,0
SUP0060,2023-03-01,3,0.3333,1.0,1.0,,0,0
SUP0060,2023-04-01,4,0.0,5.5,1.0,,0,0
SUP0060,2023-05-01,2,0.5,3.0,1.0,,0,0
SUP0060,2023-06-01,2,0.5,3.0,1.0,,0,0
SUP0060,2023-07-01,3,0.3333,6.333,1.0,,0,0
SUP0060,2023-08-01,3,0.0,7.667,0.8887,,0,0
SUP0060,2023-09-01,2,0.0,11.5,0.6549,,0,0
SUP0060,2023-10-01,2,0.0,7.0,1.0,,0,0
SUP0060,2023-11-01,2,0.0,6.5,0.6975,,0,0
SUP0060,2023-12-01,3,0.0,8.0,1.0,,0,0
SUP0060,2024-01-01,2,0.5,5.5,1.0,,0,0
SUP0060,2024-03-01,1,1.0,0.0,1.0,,0,0
SUP0060,2024-04-01,3,0.0,11.0,1.0,,0,0
SUP0060,2024-05-01,3,0.0,9.667,1.0,,0,0
SUP0060,2024-06-01,3,0.0,7.333,1.0,,0,0
SUP0060,2024-07-01,1,1.0,0.0,1.0,,0,0
SUP0060,2024-08-01,2,0.0,1.5,1.0,,0,0
SUP0060,2024-09-01,2,0.5,4.0,1.0,,0,0
SUP0060,2024-10-01,1,0.0,11.0,1.0,,0,0
SUP0060,2024-11-01,3,0.0,8.0,1.0,,0,0
SUP0060,2024-12-01,3,0.3333,4.333,1.0,,0,0
SUP0060,2025-01-01,1,0.0,11.0,0.2407,,0,0
SUP0060,2025-02-01,1,0.0,8.0,1.0,,0,0
SUP0060,2025-03-01,2,0.5,0.5,0.7417,,0,0
SUP0060,2025-04-01,3,0.0,8.0,1.0,,0,0
SUP0060,2025-05-01,1,1.0,0.0,1.0,,0,0
SUP0060,2025-06-01,2,0.0,12.0,1.0,,0,0
SUP0060,2025-07-01,2,0.0,12.0,1.0,,0,0
SUP0060,2025-08-01,1,1.0,0.0,1.0,,0,0
SUP0060,2025-09-01,1,0.0,6.0,0.252,,0,0
SUP0060,2025-10-01,2,0.0,12.5,1.0,,0,0
SUP0060,2025-11-01,1,1.0,0.0,1.0,,0,0
SUP0060,2025-12-01,1,0.0,,0.0,,0,0
SUP0061,2023-01-01,2,1.0,0.0,1.0,37500.0,0,0
SUP0061,2023-02-01,4,0.25,11.5,1.0,0.0,0,0
SUP0061,2023-03-01,10,0.4,4.6,0.8543,0.0,0,0
SUP0061,2023-04-01,11,0.7273,0.364,1.0,0.0,0,0
SUP0061,2023-05-01,9,0.4444,8.889,1.0,0.0,0,0
SUP0061,2023-06-01,11,0.3636,5.909,0.8858,0.0,0,0
SUP0061,2023-07-01,10,0.7,4.4,0.9998,7175.2,0,0
SUP0061,2023-08-01,14,0.5,4.429,1.0,0.0,0,0
SUP0061,2023-09-01,12,0.3333,4.0,0.756,5777.6,0,0
SUP0061,2023-10-01,11,0.6364,4.455,0.9998,8602.7,0,0
SUP0061,2023-11-01,14,0.7857,2.286,1.0,0.0,1,1
SUP0061,2023-12-01,24,0.3333,10.917,0.9999,0.0,0,0
SUP0061,2024-01-01,17,0.4706,3.353,0.9172,2999.6,0,0
SUP0061,2024-02-01,7,0.4286,3.143,1.0,0.0,0,0
SUP0061,2024-03-01,8,0.25,3.875,0.9999,4255.2,0,0
SUP0061,2024-04-01,8,0.625,4.125,0.9929,0.0,0,0
SUP0061,2024-05-01,12,0.5833,3.0,0.9895,3533.8,0,0
SUP0061,2024-06-01,9,0.5556,1.667,0.9661,0.0,0,0
SUP0061,2024-07-01,10,0.2,7.7,0.9945,0.0,0,0
SUP0061,2024-08-01,9,0.4444,12.667,1.0,9860.6,0,0
SUP0061,2024-09-01,9,0.4444,7.667,0.9507,0.0,0,0
SUP0061,2024-10-01,13,0.3846,8.538,1.0,0.0,0,0
SUP0061,2024-11-01,13,0.5385,5.385,1.0,0.0,0,0
SUP0061,2024-12-01,14,0.5,5.0,0.9998,0.0,1,0
SUP0061,2025-01-01,12,0.5,5.0,1.0,0.0,0,0
SUP0061,2025-02-01,9,0.3333,15.667,0.9996,385.3,0,0
SUP0061,2025-03-01,5,0.6,15.4,1.0,0.0,0,0
SUP0061,2025-04-01,8,0.5,3.25,1.0,0.0,0,0
SUP0061,2025-05-01,3,1.0,0.0,1.0,0.0,0,0
SUP0061,2025-06-01,4,0.5,6.5,1.0,0.0,1,0
SUP0061,2025-07-01,6,0.3333,13.0,0.9999,0.0,0,0
SUP0061,2025-08-01,2,0.0,3.0,0.5428,,0,0
SUP0061,2025-09-01,3,1.0,0.0,1.0,0.0,0,0
SUP0061,2025-10-01,5,0.6,0.8,0.8072,0.0,0,0
SUP0061,2025-11-01,8,0.375,2.75,0.2618,0.0,0,0
SUP0061,2025-12-01,8,0.625,2.5,0.0017,0.0,0,0
SUP0062,2023-03-01,5,0.2,4.6,0.956,,0,0
SUP0062,2023-05-01,5,0.6,7.8,1.0,0.0,0,0
SUP0062,2023-06-01,1,0.0,10.0,1.0,,0,0
SUP0062,2023-07-01,3,0.3333,4.333,0.8853,,0,0
SUP0062,2023-08-01,4,0.5,4.5,0.564,0.0,0,0
SUP0062,2023-09-01,5,0.4,1.2,1.0,0.0,0,0
SUP0062,2023-10-01,5,0.2,3.4,1.0,,0,0
SUP0062,2023-11-01,4,0.5,5.75,1.0,0.0,0,0
SUP0062,2023-12-01,4,0.75,3.5,1.0,0.0,0,0
SUP0062,2024-01-01,8,0.375,3.875,1.0,0.0,0,0
SUP0062,2024-02-01,5,0.2,4.8,1.0,0.0,0,0
SUP0062,2024-03-01,5,0.6,3.8,1.0,7124.2,0,0
SUP0062,2024-04-01,3,0.3333,4.333,1.0,0.0,0,0
SUP0062,2024-05-01,2,0.0,9.0,1.0,,0,0
SUP0062,2024-06-01,3,0.3333,2.0,1.0,0.0,0,0
SUP0062,2024-07-01,6,0.3333,5.667,1.0,0.0,0,0
SUP0062,2024-08-01,3,1.0,0.0,1.0,0.0,0,0
SUP0062,2024-09-01,7,0.5714,1.429,1.0,0.0,0,0
SUP0062,2024-10-01,3,0.3333,13.667,1.0,0.0,0,0
SUP0062,2024-11-01,3,0.3333,6.667,0.7936,0.0,0,0
SUP0062,2024-12-01,3,0.6667,2.667,1.0,0.0,0,0
SUP0062,2025-01-01,3,0.6667,0.333,1.0,0.0,0,0
SUP0062,2025-02-01,3,0.6667,3.0,1.0,0.0,0,0
SUP0062,2025-03-01,2,0.0,32.0,1.0,41991.3,0,0
SUP0062,2025-04-01,5,0.2,4.4,1.0,0.0,0,0
SUP0062,2025-05-01,3,0.3333,2.333,1.0,0.0,0,0
SUP0062,2025-06-01,2,0.0,12.0,1.0,0.0,0,0
SUP0062,2025-07-01,3,0.0,17.333,1.0,0.0,0,0
SUP0062,2025-08-01,8,0.625,3.5,1.0,0.0,1,1
SUP0062,2025-09-01,4,0.25,14.25,1.0,0.0,0,0
SUP0062,2025-10-01,5,0.4,4.8,1.0,,0,0
SUP0062,2025-11-01,7,0.5714,1.0,0.8223,0.0,0,0
SUP0062,2025-12-01,4,0.75,0.0,0.4389,0.0,0,0
SUP0063,2023-01-01,4,0.25,4.0,1.0,0.0,0,0
SUP0063,2023-02-01,3,0.3333,1.333,1.0,0.0,0,0
SUP0063,2023-03-01,5,1.0,0.0,1.0,0.0,0,0
SUP0063,2023-04-01,6,0.8333,4.0,1.0,3044.5,0,0
SUP0063,2023-05-01,9,0.5556,3.333,1.0,0.0,0,0
SUP0063,2023-06-01,8,0.75,2.875,1.0,0.0,0,0
SUP0063,2023-07-01,5,1.0,0.0,1.0,0.0,0,0
SUP0063,2023-08-01,10,0.5,6.9,0.9999,1673.1,0,0
SUP0063,2023-09-01,8,0.75,3.0,1.0,0.0,0,0
SUP0063,2023-10-01,9,0.4444,2.222,0.861,0.0,0,0
SUP0063,2023-11-01,5,0.6,2.0,1.0,0.0,0,0
SUP0063,2023-12-01,7,0.8571,1.857,1.0,0.0,0,0
SUP0063,2024-01-01,3,0.6667,0.667,1.0,0.0,0,0
SUP0063,2024-02-01,7,0.5714,3.714,0.8179,0.0,0,0
SUP0063,2024-03-01,3,1.0,0.0,1.0,0.0,0,0
SUP0063,2024-04-01,6,0.6667,1.167,1.0,0.0,0,0
SUP0063,2024-05-01,6,0.5,4.833,1.0,0.0,0,0
SUP0063,2024-06-01,5,0.8,1.4,1.0,0.0,0,0
SUP0063,2024-07-01,8,0.5,1.375,1.0,17465.1,0,0
SUP0063,2024-08-01,8,0.75,1.75,0.9996,0.0,0,0
SUP0063,2024-09-01,7,0.5714,2.571,1.0,0.0,0,0
SUP0063,2024-10-01,10,0.9,1.3,0.8581,3211.9,0,0
SUP0063,2024-11-01,4,0.5,4.0,1.0,0.0,0,0
SUP0063,2024-12-01,6,0.5,4.833,0.9999,0.0,0,0
SUP0063,2025-01-01,5,0.8,0.4,1.0,0.0,1,1
SUP0063,2025-02-01,5,0.6,0.4,1.0,0.0,0,0
SUP0063,2025-03-01,5,0.6,4.6,0.9949,0.0,0,0
SUP0063,2025-04-01,6,0.5,3.0,1.0,0.0,0,0
SUP0063,2025-05-01,7,0.8571,1.571,1.0,0.0,0,0
SUP0063,2025-06-01,10,0.6,1.5,1.0,0.0,0,0
SUP0063,2025-07-01,5,0.6,3.8,0.7574,0.0,0,0
SUP0063,2025-08-01,8,0.75,0.75,1.0,0.0,0,0
SUP0063,2025-09-01,10,0.7,1.9,0.912,0.0,0,0
SUP0063,2025-10-01,8,0.875,0.5,0.8192,0.0,0,0
SUP0063,2025-11-01,7,0.7143,2.286,1.0,0.0,0,0
SUP0063,2025-12-01,4,0.75,0.0,0.0041,4402.8,0,0
SUP0064,2023-04-01,1,0.0,12.0,1.0,,0,0
SUP0064,2023-05-01,1,1.0,0.0,1.0,,0,0
SUP0064,2023-06-01,2,0.5,1.5,1.0,,0,0
SUP0064,2023-07-01,2,0.0,10.0,1.0,,0,0
SUP0064,2023-08-01,1,0.0,5.0,1.0,,0,0
SUP0064,2023-09-01,4,0.25,3.75,1.0,,0,0
SUP0064,2023-11-01,1,0.0,2.0,1.0,,0,0
SUP0064,2023-12-01,1,1.0,0.0,1.0,,0,0
SUP0064,2024-01-01,2,0.5,0.5,1.0,,0,0
SUP0064,2024-03-01,3,0.6667,4.667,1.0,,0,0
SUP0064,2024-04-01,6,0.1667,6.5,1.0,,0,0
SUP0064,2024-05-01,2,0.0,8.5,0.867,,0,0
SUP0064,2024-06-01,3,0.0,2.333,1.0,,0,0
SUP0064,2024-07-01,2,0.0,9.0,1.0,,0,0
SUP0064,2024-08-01,2,0.0,9.0,1.0,,0,0
SUP0064,2024-09-01,2,0.0,4.0,0.8379,,0,0
SUP0064,2024-10-01,1,0.0,13.0,1.0,,0,0
SUP0064,2024-11-01,4,0.0,6.0,1.0,,0,0
SUP0064,2024-12-01,4,0.25,8.5,1.0,,0,0
SUP0064,2025-01-01,4,0.25,5.0,1.0,,0,0
SUP0064,2025-02-01,1,1.0,0.0,1.0,,0,0
SUP0064,2025-03-01,1,0.0,13.0,1.0,,0,0
SUP0064,2025-04-01,2,0.0,4.5,1.0,,0,0
SUP0064,2025-05-01,3,0.3333,5.0,1.0,,0,0
SUP0064,2025-06-01,1,0.0,3.0,1.0,,0,0
SUP0064,2025-08-01,1,1.0,0.0,1.0,,0,0
SUP0064,2025-09-01,5,0.2,3.6,0.9991,,0,0
SUP0064,2025-10-01,2,0.5,6.5,1.0,,0,0
SUP0064,2025-11-01,3,0.6667,2.333,1.0,,0,0
SUP0064,2025-12-01,4,0.25,5.333,0.8924,,0,0
SUP0065,2023-02-01,2,0.5,4.0,1.0,,0,0
SUP0065,2023-03-01,7,0.1429,7.286,0.9122,,0,0
SUP0065,2023-04-01,3,0.0,3.333,1.0,,0,0
SUP0065,2023-05-01,5,0.6,2.2,1.0,,0,0
SUP0065,2023-06-01,2,0.0,10.5,1.0,,0,0
SUP0065,2023-07-01,1,1.0,0.0,1.0,,0,0
SUP0065,2023-08-01,2,0.0,6.5,1.0,,0,0
SUP0065,2023-09-01,1,0.0,4.0,1.0,,0,0
SUP0065,2023-10-01,3,0.3333,4.0,0.6539,,0,0
SUP0065,2023-11-01,1,1.0,0.0,1.0,,0,0
SUP0065,2024-01-01,3,0.0,7.0,1.0,,0,0
SUP0065,2024-02-01,1,0.0,7.0,1.0,,0,0
SUP0065,2024-03-01,3,0.3333,6.0,1.0,,0,0
SUP0065,2024-04-01,1,0.0,3.0,1.0,,0,0
SUP0065,2024-05-01,3,0.3333,4.0,1.0,,0,0
SUP0065,2024-06-01,1,1.0,0.0,1.0,,0,0
SUP0065,2024-07-01,4,0.25,4.25,1.0,,0,0
SUP0065,2024-08-01,2,0.0,2.0,1.0,,0,0
SUP0065,2024-09-01,6,0.3333,4.333,0.9877,,0,0
SUP0065,2024-10-01,2,0.0,13.5,1.0,,0,0
SUP0065,2024-11-01,1,0.0,6.0,0.9333,,0,0
SUP0065,2024-12-01,2,0.0,5.0,1.0,,0,0
SUP0065,2025-02-01,1,0.0,14.0,1.0,,0,0
SUP0065,2025-03-01,2,0.0,13.0,1.0,,0,0
SUP0065,2025-04-01,5,0.4,2.8,1.0,,1,1
SUP0065,2025-05-01,3,0.3333,4.0,0.9779,,0,0
SUP0065,2025-06-01,2,0.0,6.0,1.0,,0,0
SUP0065,2025-07-01,1,0.0,9.0,1.0,,0,0
SUP0065,2025-08-01,3,0.6667,1.333,1.0,,0,0
SUP0065,2025-09-01,1,0.0,2.0,1.0,,0,0
SUP0065,2025-10-01,2,0.0,4.0,1.0,,0,0
SUP0065,2025-11-01,3,0.0,8.667,1.0,,0,0
SUP0065,2025-12-01,3,0.0,4.0,0.3719,,0,0
SUP0066,2023-03-01,1,0.0,13.0,1.0,,0,0
SUP0066,2023-04-01,5,0.2,5.0,1.0,,0,0
SUP0066,2023-05-01,1,0.0,9.0,1.0,,0,0
SUP0066,2023-06-01,1,0.0,14.0,1.0,,0,0
SUP0066,2023-07-01,6,0.1667,8.5,0.8066,,0,0
SUP0066,2023-08-01,1,1.0,0.0,1.0,,0,0
SUP0066,2023-09-01,3,0.0,5.0,1.0,,0,0
SUP0066,2023-10-01,1,1.0,0.0,1.0,,0,0
SUP0066,2023-11-01,1,1.0,0.0,1.0,,0,0
SUP0066,2023-12-01,2,0.5,6.0,1.0,,0,0
SUP0066,2024-01-01,3,0.0,3.667,0.967,,0,0
SUP0066,2024-02-01,1,0.0,12.0,0.3264,,0,0
SUP0066,2024-03-01,3,0.3333,6.333,1.0,,0,0
SUP0066,2024-05-01,2,0.5,3.0,1.0,,0,0
SUP0066,2024-06-01,1,1.0,0.0,1.0,,0,0
SUP0066,2024-07-01,1,0.0,11.0,1.0,,0,0
SUP0066,2024-08-01,2,0.0,5.5,1.0,,0,0
SUP0066,2024-09-01,3,0.6667,2.667,1.0,,0,0
SUP0066,2024-10-01,2,0.0,7.5,1.0,,0,0
SUP0066,2024-11-01,2,0.0,8.0,1.0,,0,0
SUP0066,2024-12-01,2,0.5,3.0,1.0,,1,1
SUP0066,2025-01-01,3,0.0,7.667,1.0,,0,0
SUP0066,2025-02-01,1,0.0,8.0,1.0,,0,0
SUP0066,2025-03-01,1,0.0,11.0,1.0,,0,0
SUP0066,2025-04-01,2,0.0,8.0,1.0,,0,0
SUP0066,2025-05-01,2,0.5,6.5,1.0,,0,0
SUP0066,2025-06-01,6,0.1667,5.333,1.0,,0,0
SUP0066,2025-07-01,2,0.5,0.0,0.8723,,0,0
SUP0066,2025-08-01,3,0.0,7.333,1.0,,0,0
SUP0066,2025-09-01,3,0.3333,8.0,1.0,,0,0
SUP0066,2025-10-01,4,0.25,5.75,1.0,,0,0
SUP0066,2025-11-01,3,0.3333,7.667,0.3362,,0,0
SUP0066,2025-12-01,6,0.1667,0.0,0.0849,,0,0
SUP0067,2023-01-01,2,0.5,3.0,0.7891,0.0,0,0
SUP0067,2023-02-01,5,0.4,5.8,0.9998,0.0,0,0
SUP0067,2023-03-01,6,0.1667,9.167,0.9998,0.0,0,0
SUP0067,2023-04-01,7,0.0,11.143,0.9998,0.0,0,0
SUP0067,2023-05-01,7,0.7143,1.714,0.9667,0.0,0,0
SUP0067,2023-06-01,10,0.6,2.6,1.0,0.0,0,0
SUP0067,2023-07-01,7,0.4286,9.714,1.0,3413.1,0,0
SUP0067,2023-08-01,8,0.5,6.0,0.9998,0.0,0,0
SUP0067,2023-09-01,12,0.3333,5.333,0.9999,0.0,0,0
SUP0067,2023-10-01,11,0.5455,3.273,1.0,0.0,0,0
SUP0067,2023-11-01,6,0.3333,4.5,1.0,0.0,0,0
SUP0067,2023-12-01,9,0.4444,4.667,1.0,0.0,0,0
SUP0067,2024-01-01,8,0.75,0.5,0.9997,0.0,0,0
SUP0067,2024-02-01,8,0.5,3.875,0.9999,0.0,0,0
SUP0067,2024-03-01,8,0.25,5.75,0.9756,0.0,0,0
SUP0067,2024-04-01,3,0.6667,6.333,1.0,20956.7,0,0
SUP0067,2024-05-01,7,0.5714,6.714,0.2084,0.0,0,0
SUP0067,2024-06-01,11,0.2727,4.273,1.0,0.0,0,0
SUP0067,2024-07-01,8,0.375,8.75,1.0,0.0,0,0
SUP0067,2024-08-01,9,0.5556,4.111,1.0,48912.0,0,0
SUP0067,2024-09-01,7,0.1429,9.429,0.9997,0.0,0,0
SUP0067,2024-10-01,7,0.4286,13.857,0.9599,3537.5,0,0
SUP0067,2024-11-01,11,0.4545,4.818,0.8453,6142.0,0,0
SUP0067,2024-12-01,8,0.5,2.5,1.0,0.0,0,0
SUP0067,2025-01-01,12,0.5833,3.25,1.0,0.0,0,0
SUP0067,2025-02-01,7,0.4286,2.857,0.856,0.0,0,0
SUP0067,2025-03-01,8,0.875,0.75,0.7834,0.0,0,0
SUP0067,2025-04-01,4,0.25,5.75,1.0,0.0,0,0
SUP0067,2025-05-01,9,0.7778,2.0,1.0,0.0,0,0
SUP0067,2025-06-01,7,0.1429,10.571,0.9997,0.0,0,0
SUP0067,2025-07-01,4,0.25,10.25,1.0,0.0,0,0
SUP0067,2025-08-01,10,0.4,4.7,1.0,0.0,0,0
SUP0067,2025-09-01,5,0.6,2.0,1.0,0.0,0,0
SUP0067,2025-10-01,10,0.5,2.9,0.9999,0.0,1,1
SUP0067,2025-11-01,10,0.3,10.9,0.9996,0.0,0,0
SUP0067,2025-12-01,7,0.7143,2.857,1.0,0.0,0,0
SUP0068,2023-01-01,4,0.25,6.0,0.639,0.0,0,0
SUP0068,2023-02-01,7,0.8571,0.571,1.0,0.0,0,0
SUP0068,2023-03-01,18,0.6667,1.667,1.0,0.0,0,0
SUP0068,2023-04-01,13,0.9231,0.615,0.7517,0.0,0,0
SUP0068,2023-05-01,13,0.9231,0.385,1.0,0.0,0,0
SUP0068,2023-06-01,14,0.4286,4.643,1.0,0.0,0,0
SUP0068,2023-07-01,15,0.6667,1.333,0.9998,0.0,0,0
SUP0068,2023-08-01,16,0.8125,0.875,0.9869,0.0,0,0
SUP0068,2023-09-01,11,0.6364,2.0,1.0,0.0,0,0
SUP0068,2023-10-01,12,0.5833,3.167,1.0,0.0,0,0
SUP0068,2023-11-01,11,0.8182,1.455,1.0,5912.2,0,0
SUP0068,2023-12-01,13,0.6154,2.538,1.0,0.0,0,0
SUP0068,2024-01-01,11,0.8182,0.091,0.9929,0.0,0,0
SUP0068,2024-02-01,9,0.5556,2.0,0.9977,4073.4,0,0
SUP0068,2024-03-01,10,0.7,3.8,1.0,0.0,0,0
SUP0068,2024-04-01,10,0.5,4.6,1.0,556.2,1,0
SUP0068,2024-05-01,7,0.5714,1.857,1.0,2221.7,0,0
SUP0068,2024-06-01,10,0.6,2.2,1.0,0.0,0,0
SUP0068,2024-07-01,8,1.0,0.0,1.0,0.0,0,0
SUP0068,2024-08-01,7,0.8571,0.857,1.0,0.0,0,0
SUP0068,2024-09-01,12,0.6667,1.75,1.0,0.0,0,0
SUP0068,2024-10-01,12,0.5,3.75,1.0,0.0,0,0
SUP0068,2024-11-01,10,0.8,1.3,1.0,0.0,0,0
SUP0068,2024-12-01,13,0.6923,2.692,1.0,5628.4,0,0
SUP0068,2025-01-01,15,0.8,0.733,1.0,0.0,0,0
SUP0068,2025-02-01,10,0.8,2.5,1.0,22797.4,0,0
SUP0068,2025-03-01,5,1.0,0.0,1.0,1083.0,0,0
SUP0068,2025-04-01,10,0.5,2.3,1.0,11217.8,0,0
SUP0068,2025-05-01,9,0.6667,2.889,1.0,0.0,0,0
SUP0068,2025-06-01,11,0.8182,1.455,1.0,0.0,0,0
SUP0068,2025-07-01,10,0.7,1.3,1.0,0.0,0,0
SUP0068,2025-08-01,12,0.8333,0.833,1.0,0.0,0,0
SUP0068,2025-09-01,10,0.8,2.0,1.0,0.0,0,0
SUP0068,2025-10-01,8,0.875,0.0,0.9799,0.0,0,0
SUP0068,2025-11-01,13,0.5385,1.667,0.5775,3452.9,0,0
SUP0068,2025-12-01,10,0.7,1.444,0.0462,0.0,0,0
SUP0069,2023-03-01,2,1.0,0.0,1.0,,0,0
SUP0069,2023-04-01,1,0.0,3.0,0.3988,,0,0
SUP0069,2023-05-01,3,0.3333,1.0,0.9607,,0,0
SUP0069,2023-06-01,2,0.0,14.0,0.9373,,0,0
SUP0069,2023-07-01,3,0.0,8.333,1.0,,0,0
SUP0069,2023-08-01,1,0.0,4.0,1.0,,0,0
SUP0069,2023-09-01,1,0.0,5.0,1.0,,0,0
SUP0069,2023-10-01,3,0.0,9.333,1.0,,0,0
SUP0069,2023-11-01,2,0.0,8.5,0.6738,,0,0
SUP0069,2024-01-01,3,0.0,7.0,1.0,,0,0
SUP0069,2024-02-01,2,0.5,7.0,1.0,,0,0
SUP0069,2024-03-01,1,0.0,12.0,1.0,,0,0
SUP0069,2024-04-01,3,0.0,6.333,1.0,,0,0
SUP0069,2024-05-01,3,0.0,6.667,1.0,,0,0
SUP0069,2024-06-01,5,0.4,4.4,1.0,,0,0
SUP0069,2024-07-01,2,0.0,13.0,1.0,,0,0
SUP0069,2024-08-01,2,0.5,3.5,1.0,,1,0
SUP0069,2024-10-01,2,0.0,4.5,1.0,,0,0
SUP0069,2024-11-01,5,0.4,1.8,0.8666,,0,0
SUP0069,2024-12-01,3,0.3333,1.333,0.921,,0,0
SUP0069,2025-01-01,2,0.0,7.0,1.0,,0,0
SUP0069,2025-02-01,3,0.3333,4.0,1.0,,0,0
SUP0069,2025-04-01,2,0.0,8.5,1.0,,0,0
SUP0069,2025-05-01,1,0.0,6.0,1.0,,0,0
SUP0069,2025-06-01,1,0.0,12.0,1.0,,0,0
SUP0069,2025-07-01,7,0.1429,5.429,1.0,,0,0
SUP0069,2025-08-01,3,0.3333,3.0,1.0,,0,0
SUP0069,2025-09-01,1,0.0,7.0,0.678,,0,0
SUP0069,2025-10-01,3,0.3333,5.333,1.0,,0,0
SUP0069,2025-11-01,3,0.0,6.333,1.0,,0,0
SUP0069,2025-12-01,3,0.3333,0.0,0.3998,,0,0
SUP0070,2023-02-01,1,1.0,0.0,1.0,,0,0
SUP0070,2023-03-01,2,0.5,6.5,1.0,,0,0
SUP0070,2023-04-01,3,0.0,6.333,0.838,,0,0
SUP0070,2023-06-01,5,0.2,6.2,1.0,,0,0
SUP0070,2023-07-01,5,0.4,4.2,0.9136,,0,0
SUP0070,2023-08-01,1,0.0,2.0,1.0,,0,0
SUP0070,2023-09-01,3,0.0,9.667,1.0,,0,0
SUP0070,2023-11-01,4,0.25,5.0,1.0,,0,0
SUP0070,2023-12-01,3,0.3333,8.333,1.0,,0,0
SUP0070,2024-01-01,1,0.0,2.0,1.0,,0,0
SUP0070,2024-02-01,1,1.0,0.0,1.0,,0,0
SUP0070,2024-04-01,1,0.0,8.0,1.0,,0,0
SUP0070,2024-05-01,4,0.0,3.25,1.0,,0,0
SUP0070,2024-06-01,1,0.0,7.0,1.0,,0,0
SUP0070,2024-07-01,3,0.6667,0.0,0.8419,,0,0
SUP0070,2024-08-01,5,0.0,6.0,0.6963,,0,0
SUP0070,2024-09-01,1,0.0,12.0,1.0,,0,0
SUP0070,2024-10-01,1,0.0,3.0,1.0,,0,0
SUP0070,2024-11-01,3,0.3333,1.0,0.7828,,0,0
SUP0070,2025-02-01,4,0.5,2.75,1.0,,0,0
SUP0070,2025-03-01,2,0.0,4.5,1.0,,0,0
SUP0070,2025-04-01,4,0.25,2.0,0.7045,,0,0
SUP0070,2025-05-01,4,0.25,6.75,0.9755,,0,0
SUP0070,2025-06-01,2,0.0,4.5,0.889,,0,0
SUP0070,2025-07-01,5,0.0,7.8,1.0,,0,0
SUP0070,2025-08-01,2,0.0,12.0,1.0,,0,0
SUP0070,2025-09-01,1,0.0,13.0,1.0,,0,0
SUP0070,2025-10-01,1,0.0,5.0,1.0,,0,0
SUP0070,2025-11-01,1,0.0,4.0,1.0,,0,0
SUP0071,2023-02-01,2,0.0,8.5,1.0,,0,0
SUP0071,2023-03-01,2,0.0,13.0,0.8622,,0,0
SUP0071,2023-04-01,2,0.5,3.0,1.0,,0,0
SUP0071,2023-05-01,4,0.5,3.5,0.8423,,1,1
SUP0071,2023-06-01,2,1.0,0.0,1.0,,0,0
SUP0071,2023-07-01,1,0.0,1.0,0.4274,,0,0
SUP0071,2023-08-01,2,0.0,7.0,1.0,,0,0
SUP0071,2023-12-01,5,0.4,2.8,1.0,,0,0
SUP0071,2024-01-01,3,0.0,6.333,0.7359,,0,0
SUP0071,2024-02-01,1,0.0,1.0,1.0,,0,0
SUP0071,2024-03-01,4,0.5,5.25,1.0,,0,0
SUP0071,2024-04-01,1,0.0,9.0,1.0,,0,0
SUP0071,2024-05-01,1,0.0,2.0,1.0,,0,0
SUP0071,2024-06-01,2,0.5,1.5,1.0,,0,0
SUP0071,2024-07-01,1,0.0,3.0,1.0,,0,0
SUP0071,2024-09-01,1,0.0,2.0,1.0,,0,0
SUP0071,2024-10-01,2,0.0,6.5,1.0,,0,0
SUP0071,2024-11-01,3,0.3333,7.667,0.9063,,0,0
SUP0071,2025-01-01,1,0.0,11.0,1.0,,0,0
SUP0071,2025-02-01,2,0.5,5.5,1.0,,0,0
SUP0071,2025-05-01,1,0.0,0.0,0.1478,,0,0
SUP0071,2025-06-01,1,1.0,0.0,1.0,,0,0
SUP0071,2025-08-01,2,0.0,7.5,1.0,,0,0
SUP0071,2025-09-01,1,0.0,1.0,1.0,,0,0
SUP0071,2025-10-01,2,0.5,2.5,1.0,,0,0
SUP0071,2025-11-01,1,0.0,12.0,1.0,,0,0
SUP0071,2025-12-01,3,0.0,8.0,0.2597,,0,0
SUP0072,2023-02-01,6,0.6667,1.0,0.9989,0.0,0,0
SUP0072,2023-03-01,7,0.2857,5.143,0.8899,0.0,0,0
SUP0072,2023-04-01,3,0.3333,2.667,1.0,0.0,0,0
SUP0072,2023-05-01,5,1.0,0.0,1.0,0.0,0,0
SUP0072,2023-06-01,5,0.8,2.6,1.0,0.0,0,0
SUP0072,2023-07-01,6,0.8333,1.167,1.0,0.0,0,0
SUP0072,2023-08-01,10,0.7,1.6,1.0,0.0,0,0
SUP0072,2023-09-01,9,0.8889,0.778,1.0,4117.2,0,0
SUP0072,2023-10-01,8,1.0,0.0,1.0,0.0,0,0
SUP0072,2023-11-01,8,0.5,6.5,1.0,0.0,0,0
SUP0072,2023-12-01,8,0.625,1.5,1.0,0.0,0,0
SUP0072,2024-01-01,7,0.5714,4.143,1.0,0.0,0,0
SUP0072,2024-02-01,8,0.5,4.75,0.9329,0.0,0,0
SUP0072,2024-03-01,7,0.5714,3.714,1.0,0.0,0,0
SUP0072,2024-04-01,7,0.5714,3.571,1.0,0.0,0,0
SUP0072,2024-05-01,7,0.4286,3.143,0.6893,0.0,0,0
SUP0072,2024-06-01,7,0.5714,3.143,0.9934,0.0,0,0
SUP0072,2024-07-01,6,0.5,4.333,1.0,0.0,0,0
SUP0072,2024-08-01,12,0.75,2.333,1.0,6933.0,0,0
SUP0072,2024-09-01,10,0.6,4.2,0.9884,0.0,0,0
SUP0072,2024-10-01,10,0.6,3.0,1.0,0.0,0,0
SUP0072,2024-11-01,12,0.5,3.5,1.0,1641.7,0,0
SUP0072,2024-12-01,9,0.7778,1.333,1.0,9048.8,0,0
SUP0072,2025-01-01,10,0.6,5.3,1.0,0.0,0,0
SUP0072,2025-02-01,5,0.6,5.2,1.0,0.0,0,0
SUP0072,2025-03-01,8,0.5,8.0,0.996,0.0,0,0
SUP0072,2025-04-01,6,1.0,0.0,1.0,0.0,0,0
SUP0072,2025-05-01,7,0.5714,17.286,1.0,0.0,0,0
SUP0072,2025-06-01,10,0.6,3.7,1.0,0.0,0,0
SUP0072,2025-07-01,14,0.5714,3.571,0.9998,0.0,0,0
SUP0072,2025-08-01,13,0.3077,10.154,0.7927,0.0,0,0
SUP0072,2025-09-01,13,0.5385,3.385,0.8934,0.0,0,0
SUP0072,2025-10-01,9,0.5556,4.0,0.9992,15016.6,0,0
SUP0072,2025-11-01,11,0.6364,2.273,0.8847,0.0,0,0
SUP0072,2025-12-01,13,0.3846,2.7,0.8663,13790.8,0,0
SUP0073,2023-03-01,3,0.0,8.333,1.0,,0,0
SUP0073,2023-04-01,3,0.3333,6.333,1.0,,1,0
SUP0073,2023-05-01,2,0.5,2.5,1.0,,0,0
SUP0073,2023-06-01,4,0.0,7.75,1.0,,1,0
SUP0073,2023-07-01,2,0.0,3.5,1.0,,0,0
SUP0073,2023-08-01,1,0.0,12.0,1.0,,1,1
SUP0073,2023-09-01,4,0.5,1.0,1.0,,0,0
SUP0073,2023-10-01,1,0.0,13.0,1.0,,0,0
SUP0073,2023-11-01,2,0.5,6.5,0.8524,,0,0
SUP0073,2024-01-01,3,0.0,4.667,1.0,,0,0
SUP0073,2024-02-01,1,0.0,3.0,1.0,,0,0
SUP0073,2024-04-01,2,0.0,8.5,0.8903,,0,0
SUP0073,2024-05-01,5,0.4,3.8,0.8963,,0,0
SUP0073,2024-06-01,2,0.0,8.5,1.0,,0,0
SUP0073,2024-08-01,1,0.0,14.0,0.6112,,0,0
SUP0073,2024-09-01,1,0.0,8.0,1.0,,0,0
SUP0073,2024-11-01,3,0.0,4.667,1.0,,0,0
SUP0073,2024-12-01,2,0.0,3.0,1.0,,0,0
SUP0073,2025-01-01,3,0.0,8.667,1.0,,0,0
SUP0073,2025-03-01,1,0.0,8.0,1.0,,0,0
SUP0073,2025-04-01,3,0.3333,4.333,1.0,,0,0
SUP0073,2025-05-01,4,0.5,3.25,0.4817,,0,0
SUP0073,2025-06-01,3,0.6667,3.333,1.0,,0,0
SUP0073,2025-07-01,1,0.0,14.0,1.0,,0,0
SUP0073,2025-08-01,4,0.5,2.0,1.0,,0,0
SUP0073,2025-09-01,3,0.0,4.333,0.8096,,0,0
SUP0073,2025-10-01,1,0.0,1.0,1.0,,0,0
SUP0073,2025-11-01,1,0.0,7.0,1.0,,0,0
SUP0073,2025-12-01,1,1.0,0.0,1.0,,0,0
SUP0074,2023-03-01,2,0.5,2.5,1.0,,0,0
SUP0074,2023-04-01,1,0.0,4.0,1.0,,0,0
SUP0074,2023-05-01,3,0.3333,3.0,1.0,,0,0
SUP0074,2023-06-01,1,0.0,1.0,1.0,,0,0
SUP0074,2023-07-01,2,0.0,7.5,1.0,,0,0
SUP0074,2023-08-01,3,0.0,6.667,1.0,,0,0
SUP0074,2023-10-01,6,0.3333,1.5,0.6993,,1,0
SUP0074,2023-11-01,4,0.75,0.0,0.8983,,0,0
SUP0074,2023-12-01,1,0.0,11.0,0.6674,,0,0
SUP0074,2024-01-01,3,0.3333,4.667,1.0,,0,0
SUP0074,2024-02-01,1,0.0,3.0,0.6481,,0,0
SUP0074,2024-04-01,4,0.25,6.25,0.9975,,0,0
SUP0074,2024-05-01,3,0.0,7.667,0.9471,,0,0
SUP0074,2024-06-01,6,0.1667,5.0,0.98,,0,0
SUP0074,2024-07-01,1,0.0,10.0,1.0,,0,0
SUP0074,2024-08-01,3,0.0,5.667,1.0,,0,0
SUP0074,2024-09-01,2,0.0,6.0,1.0,,0,0
SUP0074,2024-11-01,1,0.0,4.0,1.0,,0,0
SUP0074,2024-12-01,1,0.0,12.0,1.0,,0,0
SUP0074,2025-01-01,2,0.0,4.0,0.9099,,0,0
SUP0074,2025-02-01,2,0.0,10.0,0.5229,,0,0
SUP0074,2025-03-01,1,0.0,14.0,1.0,,0,0
SUP0074,2025-04-01,1,0.0,3.0,1.0,,0,0
SUP0074,2025-05-01,1,1.0,0.0,1.0,,0,0
SUP0074,2025-06-01,1,0.0,5.0,1.0,,0,0
SUP0074,2025-07-01,1,0.0,14.0,1.0,,0,0
SUP0074,2025-09-01,2,0.0,2.0,1.0,,0,0
SUP0074,2025-10-01,2,0.5,1.5,1.0,,0,0
SUP0074,2025-11-01,3,1.0,0.0,1.0,,0,0
SUP0074,2025-12-01,4,0.0,2.0,0.3883,,0,0
SUP0075,2023-02-01,3,0.0,4.667,1.0,,0,0
SUP0075,2023-03-01,3,0.0,9.667,1.0,,0,0
SUP0075,2023-05-01,1,1.0,0.0,1.0,,0,0
SUP0075,2023-06-01,1,0.0,2.0,1.0,,0,0
SUP0075,2023-07-01,2,1.0,0.0,1.0,,0,0
SUP0075,2023-09-01,2,1.0,0.0,1.0,,0,0
SUP0075,2023-11-01,4,0.25,5.75,1.0,,0,0
SUP0075,2024-01-01,4,0.0,4.5,1.0,,0,0
SUP0075,2024-02-01,2,0.0,9.0,0.7421,,0,0
SUP0075,2024-03-01,2,0.0,8.5,1.0,,0,0
SUP0075,2024-04-01,2,0.0,10.5,1.0,,0,0
SUP0075,2024-05-01,1,0.0,13.0,1.0,,0,0
SUP0075,2024-06-01,3,0.0,4.333,1.0,,0,0
SUP0075,2024-07-01,2,0.5,2.0,1.0,,0,0
SUP0075,2024-08-01,4,0.0,6.5,0.9471,,0,0
SUP0075,2024-10-01,2,0.5,1.0,1.0,,0,0
SUP0075,2024-11-01,3,0.0,9.0,1.0,,0,0
SUP0075,2024-12-01,1,0.0,7.0,1.0,,0,0
SUP0075,2025-02-01,2,0.0,6.5,1.0,,0,0
SUP0075,2025-03-01,2,0.5,4.0,1.0,,0,0
SUP0075,2025-04-01,2,0.0,9.0,1.0,,0,0
SUP0075,2025-05-01,1,0.0,10.0,1.0,,0,0
SUP0075,2025-06-01,3,0.0,3.667,1.0,,0,0
SUP0075,2025-07-01,2,0.5,4.0,1.0,,0,0
SUP0075,2025-08-01,4,0.25,5.75,1.0,,0,0
SUP0075,2025-09-01,2,0.5,2.0,1.0,,0,0
SUP0075,2025-10-01,2,0.0,10.5,1.0,,0,0
SUP0075,2025-11-01,6,0.0,4.833,0.8977,,0,0
SUP0075,2025-12-01,3,0.0,,0.0,,0,0
SUP0076,2023-02-01,1,0.0,5.0,1.0,,0,0
SUP0076,2023-03-01,4,0.0,5.75,1.0,,0,0
SUP0076,2023-04-01,1,1.0,0.0,1.0,,0,0
SUP0076,2023-05-01,2,0.0,7.5,1.0,,0,0
SUP0076,2023-06-01,1,0.0,7.0,1.0,,0,0
SUP0076,2023-07-01,2,0.0,5.0,0.8264,,0,0
SUP0076,2023-08-01,3,0.0,10.667,1.0,,0,0
SUP0076,2023-09-01,3,0.3333,5.667,1.0,,0,0
SUP0076,2023-11-01,3,0.3333,7.667,1.0,,0,0
SUP0076,2023-12-01,3,0.0,6.333,1.0,,0,0
SUP0076,2024-01-01,3,0.0,5.333,0.9714,,0,0
SUP0076,2024-02-01,2,0.5,3.0,1.0,,0,0
SUP0076,2024-03-01,2,0.5,3.5,1.0,,0,0
SUP0076,2024-04-01,1,0.0,6.0,1.0,,0,0
SUP0076,2024-05-01,3,0.3333,4.667,1.0,,0,0
SUP0076,2024-07-01,4,0.5,4.25,1.0,,0,0
SUP0076,2024-08-01,1,0.0,8.0,1.0,,0,0
SUP0076,2024-10-01,3,1.0,0.0,1.0,,0,0
SUP0076,2024-11-01,2,0.0,6.0,1.0,,0,0
SUP0076,2024-12-01,1,1.0,0.0,1.0,,0,0
SUP0076,2025-01-01,2,0.5,5.0,1.0,,0,0
SUP0076,2025-02-01,4,0.0,9.5,1.0,,0,0
SUP0076,2025-03-01,2,0.0,11.0,1.0,,0,0
SUP0076,2025-04-01,2,0.0,6.0,1.0,,0,0
SUP0076,2025-05-01,1,0.0,14.0,1.0,,0,0
SUP0076,2025-06-01,2,0.0,7.0,1.0,,0,0
SUP0076,2025-08-01,2,0.5,3.5,1.0,,0,0
SUP0076,2025-09-01,1,0.0,7.0,1.0,,0,0
SUP0076,2025-10-01,4,0.25,6.75,1.0,,0,0
SUP0076,2025-11-01,1,0.0,8.0,1.0,,0,0
SUP0076,2025-12-01,4,0.0,10.0,0.1764,,0,0
SUP0077,2023-02-01,1,0.0,2.0,1.0,,0,0
SUP0077,2023-03-01,4,0.25,8.0,1.0,,0,0
SUP0077,2023-04-01,2,0.0,11.5,1.0,,0,0
SUP0077,2023-05-01,7,0.2857,6.0,1.0,,0,0
SUP0077,2023-07-01,2,0.5,4.5,1.0,,0,0
SUP0077,2023-08-01,3,0.3333,6.333,1.0,,0,0
SUP0077,2023-09-01,6,0.1667,6.167,1.0,,0,0
SUP0077,2023-10-01,1,0.0,10.0,1.0,,0,0
SUP0077,2023-11-01,5,0.0,4.6,1.0,,0,0
SUP0077,2024-01-01,4,0.5,3.75,1.0,,0,0
SUP0077,2024-02-01,1,0.0,10.0,1.0,,0,0
SUP0077,2024-03-01,1,0.0,5.0,1.0,,0,0
SUP0077,2024-04-01,3,0.3333,4.0,0.8176,,0,0
SUP0077,2024-05-01,2,0.0,8.0,1.0,,0,0
SUP0077,2024-06-01,6,0.3333,6.667,1.0,,0,0
SUP0077,2024-07-01,1,0.0,3.0,0.5002,,0,0
SUP0077,2024-08-01,1,1.0,0.0,1.0,,0,0
SUP0077,2024-11-01,2,0.0,7.5,1.0,,0,0
SUP0077,2024-12-01,1,0.0,4.0,1.0,,0,0
SUP0077,2025-01-01,1,0.0,2.0,1.0,,0,0
SUP0077,2025-02-01,1,0.0,7.0,1.0,,0,0
SUP0077,2025-03-01,3,0.3333,5.0,1.0,,0,0
SUP0077,2025-04-01,2,0.5,2.5,1.0,,0,0
SUP0077,2025-05-01,4,0.25,5.5,1.0,,0,0
SUP0077,2025-06-01,1,0.0,7.0,1.0,,0,0
SUP0077,2025-07-01,1,0.0,13.0,1.0,,0,0
SUP0077,2025-08-01,2,0.5,2.0,1.0,,0,0
SUP0077,2025-09-01,3,0.0,7.0,1.0,,0,0
SUP0077,2025-10-01,1,0.0,6.0,1.0,,0,0
SUP0077,2025-11-01,5,0.4,3.8,0.9353,,0,0
SUP0078,2023-03-01,2,0.5,1.5,1.0,,0,0
SUP0078,2023-04-01,3,0.3333,8.667,1.0,,0,0
SUP0078,2023-06-01,1,0.0,6.0,1.0,,0,0
SUP0078,2023-07-01,2,0.5,5.0,1.0,,0,0
SUP0078,2023-08-01,1,0.0,4.0,1.0,,0,0
SUP0078,2023-09-01,1,0.0,9.0,1.0,,0,0
SUP0078,2023-10-01,1,0.0,10.0,1.0,,0,0
SUP0078,2023-11-01,3,0.0,8.667,1.0,,0,0
SUP0078,2023-12-01,2,0.0,10.0,1.0,,0,0
SUP0078,2024-01-01,1,1.0,0.0,1.0,,0,0
SUP0078,2024-02-01,2,0.0,9.5,1.0,,0,0
SUP0078,2024-03-01,4,0.0,6.0,1.0,,0,0
SUP0078,2024-04-01,5,0.0,5.0,0.8232,,0,0
SUP0078,2024-05-01,4,0.0,5.0,0.7344,,0,0
SUP0078,2024-06-01,3,0.3333,8.0,1.0,,0,0
SUP0078,2024-07-01,3,0.0,7.333,1.0,,0,0
SUP0078,2024-08-01,1,0.0,13.0,1.0,,0,0
SUP0078,2024-09-01,2,0.5,0.5,1.0,,0,0
SUP0078,2024-10-01,5,0.0,6.8,1.0,,0,0
SUP0078,2024-11-01,3,0.3333,3.0,1.0,,0,0
SUP0078,2025-01-01,1,1.0,0.0,1.0,,0,0
SUP0078,2025-02-01,2,0.0,8.5,1.0,,0,0
SUP0078,2025-03-01,3,0.0,7.0,0.6541,,0,0
SUP0078,2025-04-01,2,0.0,7.5,0.6929,,0,0
SUP0078,2025-05-01,1,0.0,7.0,1.0,,0,0
SUP0078,2025-06-01,2,0.0,8.5,1.0,,0,0
SUP0078,2025-07-01,1,0.0,10.0,1.0,,0,0
SUP0078,2025-08-01,1,0.0,10.0,1.0,,0,0
SUP0078,2025-09-01,1,0.0,5.0,1.0,,0,0
SUP0078,2025-10-01,1,0.0,8.0,1.0,,0,0
SUP0078,2025-11-01,3,0.3333,1.333,1.0,,0,0
SUP0078,2025-12-01,3,0.3333,0.0,0.3811,,0,0
SUP0079,2023-02-01,1,0.0,14.0,1.0,,0,0
SUP0079,2023-04-01,1,0.0,10.0,1.0,,0,0
SUP0079,2023-05-01,1,0.0,10.0,1.0,,0,0
SUP0079,2023-06-01,2,1.0,0.0,1.0,,0,0
SUP0079,2023-07-01,3,0.0,6.0,1.0,,0,0
SUP0079,2023-08-01,1,1.0,0.0,1.0,,0,0
SUP0079,2023-10-01,3,0.0,4.333,0.7373,,0,0
SUP0079,2023-11-01,3,0.0,11.333,0.6997,,0,0
SUP0079,2023-12-01,3,0.3333,3.333,1.0,,0,0
SUP0079,2024-01-01,1,1.0,0.0,1.0,,0,0
SUP0079,2024-02-01,2,0.0,7.0,1.0,,0,0
SUP0079,2024-03-01,1,0.0,12.0,1.0,,0,0
SUP0079,2024-04-01,3,0.0,6.0,1.0,,0,0
SUP0079,2024-05-01,1,1.0,0.0,1.0,,0,0
SUP0079,2024-07-01,3,0.0,11.333,1.0,,0,0
SUP0079,2024-08-01,3,0.0,9.667,0.8039,,0,0
SUP0079,2024-09-01,2,0.5,4.5,0.5155,,0,0
SUP0079,2024-10-01,1,0.0,13.0,1.0,,0,0
SUP0079,2024-11-01,2,0.5,4.0,1.0,,0,0
SUP0079,2024-12-01,1,1.0,0.0,1.0,,0,0
SUP0079,2025-01-01,2,0.0,4.5,1.0,,0,0
SUP0079,2025-02-01,4,0.25,4.25,1.0,,0,0
SUP0079,2025-03-01,2,0.0,12.0,0.8693,,0,0
SUP0079,2025-04-01,1,0.0,4.0,1.0,,0,0
SUP0079,2025-05-01,1,0.0,2.0,1.0,,0,0
SUP0079,2025-06-01,1,0.0,9.0,1.0,,0,0
SUP0079,2025-07-01,4,0.5,6.5,1.0,,0,0
SUP0079,2025-08-01,4,0.25,7.75,1.0,,0,0
SUP0079,2025-09-01,1,0.0,3.0,1.0,,0,0
SUP0079,2025-10-01,3,0.0,4.333,1.0,,0,0
SUP0079,2025-11-01,1,0.0,1.0,1.0,,0,0
SUP0079,2025-12-01,3,0.0,,0.0,,0,0
SUP0080,2023-01-01,3,0.3333,1.333,0.91,,0,0
SUP0080,2023-03-01,2,0.0,8.0,1.0,,0,0
SUP0080,2023-04-01,2,0.5,6.5,1.0,,0,0
SUP0080,2023-05-01,2,0.0,7.0,1.0,,0,0
SUP0080,2023-06-01,4,0.25,8.0,1.0,,0,0
SUP0080,2023-07-01,1,0.0,8.0,1.0,,0,0
SUP0080,2023-08-01,2,0.0,4.5,0.7244,,0,0
SUP0080,2023-09-01,3,0.3333,6.0,1.0,,0,0
SUP0080,2023-10-01,1,0.0,9.0,1.0,,0,0
SUP0080,2024-01-01,3,0.0,5.667,0.7542,,0,0
SUP0080,2024-02-01,2,0.0,2.5,1.0,,0,0
SUP0080,2024-03-01,3,0.3333,7.667,1.0,,0,0
SUP0080,2024-05-01,5,0.4,4.6,0.8516,,0,0
SUP0080,2024-08-01,4,0.75,0.5,1.0,,0,0
SUP0080,2024-09-01,2,0.0,8.0,1.0,,0,0
SUP0080,2024-11-01,3,0.3333,6.667,1.0,,0,0
SUP0080,2025-01-01,2,0.5,6.5,0.8619,,0,0
SUP0080,2025-02-01,1,0.0,3.0,0.5271,,0,0
SUP0080,2025-03-01,1,0.0,4.0,1.0,,0,0
SUP0080,2025-04-01,4,0.5,2.75,1.0,,0,0
SUP0080,2025-05-01,1,0.0,5.0,1.0,,0,0
SUP0080,2025-06-01,5,0.0,8.6,1.0,,0,0
SUP0080,2025-07-01,4,0.25,9.0,1.0,,0,0
SUP0080,2025-08-01,1,0.0,12.0,1.0,,0,0
SUP0080,2025-09-01,2,0.0,9.5,1.0,,0,0
SUP0080,2025-10-01,2,0.0,8.5,1.0,,0,0
SUP0080,2025-11-01,1,0.0,6.0,1.0,,0,0
SUP0080,2025-12-01,2,0.0,,0.0,,0,0
SUP0081,2023-01-01,1,1.0,0.0,1.0,,0,0
SUP0081,2023-03-01,4,0.25,5.5,0.8556,,0,0
SUP0081,2023-04-01,4,0.0,8.25,1.0,,0,0
SUP0081,2023-05-01,2,0.0,8.0,1.0,,0,0
SUP0081,2023-06-01,2,0.0,8.0,1.0,,0,0
SUP0081,2023-07-01,3,0.3333,6.0,1.0,,0,0
SUP0081,2023-08-01,5,0.0,9.4,1.0,,0,0
SUP0081,2023-09-01,1,0.0,10.0,1.0,,0,0
SUP0081,2023-10-01,2,1.0,0.0,1.0,,0,0
SUP0081,2023-11-01,1,0.0,3.0,1.0,,0,0
SUP0081,2023-12-01,5,0.2,4.0,0.7164,,0,0
SUP0081,2024-01-01,4,0.5,6.0,1.0,,0,0
SUP0081,2024-03-01,1,0.0,4.0,1.0,,0,0
SUP0081,2024-04-01,3,0.0,6.667,1.0,,0,0
SUP0081,2024-05-01,1,0.0,4.0,1.0,,0,0
SUP0081,2024-06-01,1,0.0,10.0,1.0,,0,0
SUP0081,2024-07-01,2,0.0,8.0,1.0,,0,0
SUP0081,2024-08-01,4,0.0,7.5,1.0,,0,0
SUP0081,2024-09-01,3,0.3333,3.333,1.0,,0,0
SUP0081,2024-10-01,1,1.0,0.0,1.0,,0,0
SUP0081,2024-12-01,1,0.0,5.0,1.0,,0,0
SUP0081,2025-01-01,2,0.0,3.0,1.0,,0,0
SUP0081,2025-02-01,3,0.0,11.333,1.0,,0,0
SUP0081,2025-03-01,3,0.0,6.333,0.9006,,0,0
SUP0081,2025-04-01,2,0.0,11.0,1.0,,0,0
SUP0081,2025-06-01,2,0.5,5.0,1.0,,0,0
SUP0081,2025-07-01,2,0.0,8.5,1.0,,0,0
SUP0081,2025-08-01,3,0.3333,7.0,1.0,,0,0
SUP0081,2025-09-01,1,0.0,6.0,1.0,,0,0
SUP0081,2025-11-01,6,0.1667,8.0,1.0,,0,0
SUP0081,2025-12-01,3,0.0,,0.0,,0,0
SUP0082,2023-02-01,2,0.0,9.0,1.0,,0,0
SUP0082,2023-03-01,3,0.6667,3.333,1.0,,0,0
SUP0082,2023-04-01,2,0.5,6.0,0.7311,,0,0
SUP0082,2023-05-01,1,0.0,1.0,1.0,,0,0
SUP0082,2023-06-01,4,0.25,4.5,0.8331,,0,0
SUP0082,2023-07-01,3,0.0,7.667,0.6767,,0,0
SUP0082,2023-08-01,3,0.0,5.333,1.0,,0,0
SUP0082,2023-11-01,1,0.0,5.0,1.0,,0,0
SUP0082,2023-12-01,1,0.0,6.0,1.0,,0,0
SUP0082,2024-01-01,1,0.0,4.0,1.0,,0,0
SUP0082,2024-02-01,1,1.0,0.0,1.0,,0,0
SUP0082,2024-03-01,4,0.0,7.0,1.0,,0,0
SUP0082,2024-04-01,3,0.0,6.667,1.0,,0,0
SUP0082,2024-05-01,2,0.0,3.5,0.7793,,0,0
SUP0082,2024-06-01,3,0.0,10.333,1.0,,0,0
SUP0082,2024-07-01,2,0.5,2.0,1.0,,0,0
SUP0082,2024-08-01,1,0.0,3.0,1.0,,0,0
SUP0082,2024-09-01,2,0.5,4.5,1.0,,0,0
SUP0082,2024-10-01,1,0.0,0.0,0.4048,,0,0
SUP0082,2024-11-01,2,0.0,12.0,0.8751,,0,0
SUP0082,2024-12-01,5,0.2,7.8,0.9644,,0,0
SUP0082,2025-01-01,2,0.0,12.0,1.0,,0,0
SUP0082,2025-02-01,3,0.0,11.0,1.0,,0,0
SUP0082,2025-03-01,3,0.0,3.0,0.9993,,0,0
SUP0082,2025-04-01,3,0.6667,1.0,1.0,,0,0
SUP0082,2025-05-01,1,0.0,9.0,1.0,,0,0
SUP0082,2025-06-01,1,0.0,10.0,1.0,,0,0
SUP0082,2025-08-01,3,0.0,5.333,0.7995,,0,0
SUP0082,2025-09-01,1,0.0,10.0,1.0,,0,0
SUP0082,2025-10-01,6,0.1667,7.167,1.0,,0,0
SUP0082,2025-11-01,1,1.0,0.0,1.0,,0,0
SUP0082,2025-12-01,4,0.25,0.0,0.2009,,0,0
SUP0083,2023-02-01,1,0.0,13.0,1.0,,0,0
SUP0083,2023-03-01,7,0.1429,4.857,1.0,,0,0
SUP0083,2023-05-01,1,0.0,6.0,1.0,,0,0
SUP0083,2023-06-01,3,0.3333,6.333,1.0,,0,0
SUP0083,2023-07-01,2,0.0,3.0,1.0,,0,0
SUP0083,2023-10-01,3,0.3333,5.0,1.0,,0,0
SUP0083,2023-11-01,3,0.0,10.0,1.0,,0,0
SUP0083,2023-12-01,2,0.0,3.5,1.0,,0,0
SUP0083,2024-01-01,3,0.0,6.333,1.0,,0,0
SUP0083,2024-02-01,3,0.0,9.667,1.0,,0,0
SUP0083,2024-03-01,1,0.0,2.0,1.0,,1,0
SUP0083,2024-05-01,2,0.5,0.0,0.9951,,0,0
SUP0083,2024-06-01,3,0.0,4.667,0.5707,,0,0
SUP0083,2024-07-01,3,0.6667,2.0,0.9778,,0,0
SUP0083,2024-08-01,2,0.0,9.5,1.0,,0,0
SUP0083,2024-09-01,1,1.0,0.0,1.0,,0,0
SUP0083,2024-10-01,2,0.0,9.5,1.0,,0,0
SUP0083,2024-11-01,4,0.5,1.0,1.0,,1,1
SUP0083,2025-01-01,2,0.0,7.0,1.0,,0,0
SUP0083,2025-02-01,4,0.0,8.0,1.0,,0,0
SUP0083,2025-03-01,2,0.0,11.5,1.0,,0,0
SUP0083,2025-04-01,1,0.0,3.0,1.0,,0,0
SUP0083,2025-05-01,2,0.0,7.5,1.0,,0,0
SUP0083,2025-07-01,1,0.0,5.0,0.5744,,0,0
SUP0083,2025-08-01,2,0.0,8.0,0.9113,,0,0
SUP0083,2025-09-01,2,0.0,13.5,1.0,,0,0
SUP0083,2025-10-01,4,0.0,4.75,1.0,,0,0
SUP0083,2025-11-01,2,0.0,6.0,1.0,,0,0
SUP0083,2025-12-01,2,0.0,,0.0,,0,0
SUP0084,2023-03-01,4,0.25,4.25,1.0,,0,0
SUP0084,2023-04-01,1,0.0,4.0,1.0,,0,0
SUP0084,2023-05-01,2,0.5,7.0,1.0,,0,0
SUP0084,2023-06-01,1,0.0,8.0,0.7103,,0,0
SUP0084,2023-08-01,1,0.0,8.0,1.0,,0,0
SUP0084,2023-09-01,1,0.0,14.0,1.0,,0,0
SUP0084,2023-10-01,3,0.0,6.667,0.7139,,0,0
SUP0084,2023-11-01,2,0.0,9.0,1.0,,0,0
SUP0084,2023-12-01,1,0.0,13.0,1.0,,0,0
SUP0084,2024-01-01,1,0.0,12.0,1.0,,0,0
SUP0084,2024-02-01,3,0.0,10.0,1.0,,0,0
SUP0084,2024-03-01,2,0.0,10.0,1.0,,0,0
SUP0084,2024-04-01,5,0.2,6.2,1.0,,0,0
SUP0084,2024-05-01,1,0.0,8.0,1.0,,0,0
SUP0084,2024-06-01,0,,,,,1,1
SUP0084,2024-07-01,3,0.6667,1.0,1.0,,0,0
SUP0084,2024-08-01,2,0.0,8.5,1.0,,0,0
SUP0084,2024-09-01,1,0.0,7.0,1.0,,0,0
SUP0084,2024-10-01,1,0.0,12.0,1.0,,0,0
SUP0084,2024-11-01,1,0.0,13.0,1.0,,0,0
SUP0084,2025-01-01,4,0.5,3.0,1.0,,0,0
SUP0084,2025-02-01,3,0.3333,6.0,1.0,,0,0
SUP0084,2025-03-01,3,0.3333,2.333,1.0,,0,0
SUP0084,2025-04-01,2,0.0,9.0,1.0,,0,0
SUP0084,2025-05-01,2,0.0,8.5,1.0,,0,0
SUP0084,2025-06-01,2,0.5,4.0,1.0,,0,0
SUP0084,2025-08-01,2,0.0,3.5,0.825,,0,0
SUP0084,2025-09-01,5,0.0,8.4,1.0,,0,0
SUP0084,2025-10-01,1,0.0,11.0,1.0,,0,0
SUP0084,2025-11-01,1,1.0,0.0,1.0,,0,0
SUP0084,2025-12-01,5,0.0,3.0,0.4767,,0,0
SUP0085,2023-02-01,1,0.0,8.0,1.0,,0,0
SUP0085,2023-03-01,3,0.6667,4.667,1.0,,0,0
SUP0085,2023-04-01,1,0.0,8.0,0.4368,,0,0
SUP0085,2023-05-01,1,0.0,13.0,1.0,,0,0
SUP0085,2023-06-01,3,0.3333,5.333,1.0,,0,0
SUP0085,2023-07-01,4,0.25,3.25,1.0,,0,0
SUP0085,2023-08-01,2,0.0,2.0,1.0,,0,0
SUP0085,2023-09-01,2,0.0,7.0,1.0,,0,0
SUP0085,2023-10-01,3,0.3333,4.667,1.0,,0,0
SUP0085,2023-11-01,4,0.5,5.75,1.0,,0,0
SUP0085,2023-12-01,1,0.0,6.0,1.0,,0,0
SUP0085,2024-01-01,2,0.5,0.0,0.9756,,0,0
SUP0085,2024-02-01,4,0.0,6.75,0.9793,,0,0
SUP0085,2024-03-01,1,0.0,12.0,1.0,,0,0
SUP0085,2024-04-01,1,1.0,0.0,1.0,,0,0
SUP0085,2024-05-01,2,0.0,11.0,1.0,,0,0
SUP0085,2024-07-01,2,0.0,1.5,1.0,,0,0
SUP0085,2024-10-01,1,0.0,12.0,1.0,,0,0
SUP0085,2024-11-01,2,0.0,6.5,1.0,,0,0
SUP0085,2024-12-01,3,0.6667,4.0,1.0,,0,0
SUP0085,2025-01-01,5,0.2,5.4,1.0,,0,0
SUP0085,2025-02-01,1,0.0,9.0,1.0,,0,0
SUP0085,2025-03-01,2,0.0,11.0,1.0,,0,0
SUP0085,2025-04-01,2,0.5,3.5,1.0,,0,0
SUP0085,2025-06-01,1,0.0,7.0,0.5071,,0,0
SUP0085,2025-07-01,5,0.2,8.4,1.0,,0,0
SUP0085,2025-08-01,2,0.0,8.0,0.8444,,0,0
SUP0085,2025-10-01,4,0.25,7.75,1.0,,0,0
SUP0085,2025-11-01,1,0.0,11.0,1.0,,0,0
SUP0085,2025-12-01,2,0.0,2.0,0.2611,,0,0
SUP0086,2023-03-01,1,0.0,10.0,1.0,,0,0
SUP0086,2023-04-01,3,0.0,4.0,1.0,,0,0
SUP0086,2023-05-01,3,0.0,10.333,1.0,,0,0
SUP0086,2023-06-01,5,0.2,4.8,1.0,,0,0
SUP0086,2023-07-01,3,0.3333,6.333,1.0,,0,0
SUP0086,2023-08-01,1,0.0,2.0,1.0,,1,0
SUP0086,2023-10-01,2,0.5,1.0,1.0,,0,0
SUP0086,2023-11-01,1,1.0,0.0,1.0,,0,0
SUP0086,2023-12-01,2,0.0,6.5,1.0,,0,0
SUP0086,2024-01-01,4,0.5,3.0,1.0,,0,0
SUP0086,2024-03-01,2,0.0,6.0,0.8979,,0,0
SUP0086,2024-04-01,2,0.5,3.0,1.0,,0,0
SUP0086,2024-05-01,1,0.0,14.0,1.0,,0,0
SUP0086,2024-06-01,4,0.25,8.75,1.0,,0,0
SUP0086,2024-07-01,1,0.0,6.0,1.0,,0,0
SUP0086,2024-08-01,2,0.0,7.5,0.8906,,0,0
SUP0086,2024-09-01,4,0.5,4.25,1.0,,0,0
SUP0086,2024-10-01,1,0.0,8.0,1.0,,0,0
SUP0086,2024-12-01,2,1.0,0.0,1.0,,0,0
SUP0086,2025-01-01,2,0.0,5.5,0.7306,,0,0
SUP0086,2025-04-01,1,1.0,0.0,1.0,,0,0
SUP0086,2025-06-01,2,0.5,3.5,1.0,,0,0
SUP0086,2025-07-01,2,0.5,3.0,1.0,,0,0
SUP0086,2025-08-01,4,0.25,9.25,1.0,,0,0
SUP0086,2025-09-01,1,0.0,5.0,1.0,,0,0
SUP0086,2025-10-01,4,0.0,7.0,1.0,,0,0
SUP0086,2025-11-01,1,0.0,5.0,1.0,,1,0
SUP0086,2025-12-01,3,0.0,10.0,0.6721,,0,0
SUP0087,2023-01-01,1,0.0,12.0,1.0,,0,0
SUP0087,2023-02-01,8,0.5,8.375,0.4221,0.0,0,0
SUP0087,2023-03-01,12,0.6667,1.5,0.5454,0.0,0,0
SUP0087,2023-04-01,9,0.6667,6.444,0.9999,0.0,0,0
SUP0087,2023-05-01,10,0.8,0.8,1.0,0.0,0,0
SUP0087,2023-06-01,12,0.5833,4.083,1.0,0.0,0,0
SUP0087,2023-07-01,9,0.4444,4.778,1.0,0.0,0,0
SUP0087,2023-08-01,8,0.625,3.125,1.0,0.0,0,0
SUP0087,2023-09-01,8,0.5,3.25,0.9999,0.0,0,0
SUP0087,2023-10-01,14,0.7857,1.0,0.4711,0.0,0,0
SUP0087,2023-11-01,14,0.8571,1.0,1.0,0.0,0,0
SUP0087,2023-12-01,8,0.5,10.75,1.0,7926.5,0,0
SUP0087,2024-01-01,10,0.6,5.5,1.0,10602.6,0,0
SUP0087,2024-02-01,8,0.625,4.5,1.0,6463.2,0,0
SUP0087,2024-03-01,12,0.6667,2.083,0.9999,0.0,0,0
SUP0087,2024-04-01,9,0.8889,2.667,1.0,13647.5,0,0
SUP0087,2024-05-01,12,0.75,1.667,1.0,0.0,0,0
SUP0087,2024-06-01,8,0.625,2.5,1.0,0.0,0,0
SUP0087,2024-07-01,11,0.5455,2.455,0.9999,0.0,0,0
SUP0087,2024-08-01,11,0.5455,4.455,1.0,4715.1,0,0
SUP0087,2024-09-01,8,1.0,0.0,1.0,23230.9,0,0
SUP0087,2024-10-01,8,0.5,2.0,0.9999,0.0,0,0
SUP0087,2024-11-01,11,0.2727,7.545,0.9997,0.0,0,0
SUP0087,2024-12-01,10,0.7,1.1,1.0,0.0,0,0
SUP0087,2025-01-01,7,0.8571,0.571,1.0,0.0,0,0
SUP0087,2025-02-01,14,0.6429,2.0,1.0,0.0,1,1
SUP0087,2025-03-01,13,0.5385,2.769,0.8127,0.0,0,0
SUP0087,2025-04-01,9,0.7778,0.778,1.0,0.0,0,0
SUP0087,2025-05-01,11,0.9091,0.182,1.0,0.0,0,0
SUP0087,2025-06-01,10,0.7,1.8,1.0,21317.4,0,0
SUP0087,2025-07-01,10,0.7,2.5,1.0,0.0,0,0
SUP0087,2025-08-01,12,0.5833,10.333,1.0,11021.1,1,1
SUP0087,2025-09-01,9,0.5556,2.667,0.8838,0.0,0,0
SUP0087,2025-10-01,15,0.6,2.4,1.0,0.0,0,0
SUP0087,2025-11-01,9,0.7778,2.111,1.0,0.0,1,1
SUP0087,2025-12-01,9,0.7778,0.0,0.0091,0.0,0,0
SUP0088,2023-01-01,1,0.0,3.0,1.0,,0,0
SUP0088,2023-02-01,19,0.6842,1.421,0.8125,0.0,0,0
SUP0088,2023-03-01,14,0.5714,6.071,1.0,0.0,0,0
SUP0088,2023-04-01,9,0.8889,1.333,1.0,0.0,0,0
SUP0088,2023-05-01,12,0.6667,4.917,1.0,0.0,0,0
SUP0088,2023-06-01,10,0.7,3.8,0.9995,0.0,0,0
SUP0088,2023-07-01,14,0.7857,1.214,1.0,0.0,0,0
SUP0088,2023-08-01,14,0.7143,2.071,1.0,3378.7,0,0
SUP0088,2023-09-01,8,0.625,5.375,0.9978,0.0,0,0
SUP0088,2023-10-01,7,0.8571,1.429,1.0,0.0,0,0
SUP0088,2023-11-01,6,0.5,3.0,1.0,0.0,0,0
SUP0088,2023-12-01,11,0.8182,1.182,1.0,0.0,0,0
SUP0088,2024-01-01,13,0.5385,3.846,1.0,2944.7,0,0
SUP0088,2024-02-01,11,0.2727,8.364,0.8431,0.0,0,0
SUP0088,2024-03-01,14,0.8571,1.214,1.0,0.0,0,0
SUP0088,2024-04-01,13,0.7692,2.385,1.0,0.0,0,0
SUP0088,2024-05-01,12,0.75,1.417,0.9999,0.0,0,0
SUP0088,2024-06-01,9,0.6667,6.0,1.0,0.0,0,0
SUP0088,2024-07-01,5,0.6,4.0,1.0,0.0,0,0
SUP0088,2024-08-01,11,0.5455,5.909,1.0,0.0,0,0
SUP0088,2024-09-01,9,0.8889,1.556,1.0,0.0,0,0
SUP0088,2024-10-01,9,0.6667,1.889,1.0,0.0,0,0
SUP0088,2024-11-01,16,0.8125,0.812,0.9998,0.0,0,0
SUP0088,2024-12-01,16,0.625,5.375,0.8105,0.0,0,0
SUP0088,2025-01-01,16,0.6875,3.562,1.0,2243.4,0,0
SUP0088,2025-02-01,7,0.8571,1.429,1.0,0.0,0,0
SUP0088,2025-03-01,11,0.6364,3.182,1.0,0.0,2,1
SUP0088,2025-04-01,6,1.0,0.0,1.0,0.0,0,0
SUP0088,2025-05-01,7,0.8571,1.0,1.0,0.0,0,0
SUP0088,2025-06-01,6,0.5,4.833,1.0,15830.6,0,0
SUP0088,2025-07-01,9,0.8889,0.667,1.0,0.0,0,0
SUP0088,2025-08-01,11,0.8182,3.909,1.0,0.0,0,0
SUP0088,2025-09-01,13,0.8462,0.538,1.0,0.0,0,0
SUP0088,2025-10-01,11,0.7273,1.0,1.0,0.0,0,0
SUP0088,2025-11-01,9,0.8889,0.667,1.0,0.0,0,0
SUP0088,2025-12-01,11,0.9091,0.0,0.0163,0.0,0,0
SUP0089,2023-01-01,1,1.0,0.0,1.0,0.0,0,0
SUP0089,2023-02-01,9,0.0,8.111,1.0,0.0,1,0
SUP0089,2023-03-01,8,0.625,3.5,1.0,0.0,0,0
SUP0089,2023-04-01,11,0.5455,4.818,1.0,0.0,0,0
SUP0089,2023-05-01,8,0.375,7.875,1.0,0.0,0,0
SUP0089,2023-06-01,8,0.625,3.375,0.3707,0.0,0,0
SUP0089,2023-07-01,10,0.5,3.8,1.0,0.0,0,0
SUP0089,2023-08-01,9,0.6667,7.111,1.0,0.0,0,0
SUP0089,2023-09-01,5,0.8,6.2,1.0,3293.4,0,0
SUP0089,2023-10-01,7,0.5714,6.571,1.0,0.0,0,0
SUP0089,2023-11-01,13,0.4615,4.769,1.0,0.0,0,0
SUP0089,2023-12-01,8,0.875,0.0,0.9998,0.0,0,0
SUP0089,2024-01-01,9,0.5556,5.222,1.0,0.0,0,0
SUP0089,2024-02-01,4,0.5,8.25,1.0,0.0,0,0
SUP0089,2024-03-01,9,0.5556,4.222,0.8586,0.0,0,0
SUP0089,2024-04-01,11,0.5455,2.364,1.0,0.0,0,0
SUP0089,2024-05-01,11,0.4545,6.455,1.0,0.0,0,0
SUP0089,2024-06-01,10,0.6,7.4,1.0,4825.0,0,0
SUP0089,2024-07-01,8,0.5,9.5,1.0,14423.7,0,0
SUP0089,2024-08-01,11,0.3636,9.091,1.0,0.0,0,0
SUP0089,2024-09-01,8,0.5,2.75,1.0,0.0,0,0
SUP0089,2024-10-01,3,0.6667,9.333,1.0,0.0,0,0
SUP0089,2024-11-01,9,0.5556,6.889,1.0,7124.2,0,0
SUP0089,2024-12-01,12,0.75,3.417,1.0,0.0,0,0
SUP0089,2025-01-01,9,0.5556,6.667,0.9996,0.0,0,0
SUP0089,2025-02-01,9,0.4444,7.444,1.0,0.0,0,0
SUP0089,2025-03-01,5,0.6,9.4,1.0,0.0,0,0
SUP0089,2025-04-01,6,0.5,5.333,1.0,0.0,0,0
SUP0089,2025-05-01,3,0.6667,5.667,1.0,0.0,0,0
SUP0089,2025-06-01,9,0.5556,3.556,1.0,2608.2,0,0
SUP0089,2025-07-01,6,0.5,4.167,1.0,0.0,0,0
SUP0089,2025-08-01,6,0.1667,8.833,1.0,0.0,0,0
SUP0089,2025-09-01,12,0.6667,3.167,1.0,0.0,0,0
SUP0089,2025-10-01,10,0.5,5.8,0.9461,0.0,0,0
SUP0089,2025-11-01,10,0.6,3.3,1.0,1564.3,0,0
SUP0089,2025-12-01,11,0.5455,0.0,0.0016,0.0,0,0
SUP0090,2023-03-01,1,1.0,0.0,1.0,,0,0
SUP0090,2023-05-01,3,0.0,6.667,1.0,,0,0
SUP0090,2023-06-01,3,0.3333,7.333,1.0,,0,0
SUP0090,2023-07-01,3,0.6667,1.667,1.0,,0,0
SUP0090,2023-08-01,2,0.0,3.0,1.0,,0,0
SUP0090,2023-09-01,4,0.0,7.25,1.0,,0,0
SUP0090,2023-10-01,6,0.3333,6.333,1.0,,0,0
SUP0090,2023-12-01,2,0.0,5.5,1.0,,0,0
SUP0090,2024-01-01,1,0.0,4.0,1.0,,0,0
SUP0090,2024-02-01,1,1.0,0.0,1.0,,0,0
SUP0090,2024-03-01,3,0.0,7.667,0.7782,,0,0
SUP0090,2024-04-01,1,0.0,13.0,0.3071,,0,0
SUP0090,2024-05-01,3,0.3333,6.0,1.0,,0,0
SUP0090,2024-06-01,2,0.0,7.5,1.0,,0,0
SUP0090,2024-07-01,1,0.0,3.0,0.3127,,0,0
SUP0090,2024-09-01,1,0.0,7.0,1.0,,0,0
SUP0090,2024-10-01,1,1.0,0.0,1.0,,0,0
SUP0090,2024-11-01,2,0.0,6.0,1.0,,0,0
SUP0090,2025-01-01,1,0.0,1.0,1.0,,0,0
SUP0090,2025-02-01,3,0.3333,2.667,1.0,,0,0
SUP0090,2025-03-01,2,0.0,13.0,1.0,,0,0
SUP0090,2025-04-01,1,0.0,4.0,0.6886,,0,0
SUP0090,2025-05-01,3,0.3333,1.333,0.6585,,0,0
SUP0090,2025-06-01,1,0.0,14.0,1.0,,0,0
SUP0090,2025-07-01,2,0.5,7.0,1.0,,0,0
SUP0090,2025-08-01,2,0.5,5.0,1.0,,0,0
SUP0090,2025-09-01,2,0.5,4.0,1.0,,0,0
SUP0090,2025-10-01,2,0.0,3.0,1.0,,0,0
SUP0090,2025-11-01,10,0.1,4.4,0.8506,,0,0
SUP0090,2025-12-01,3,0.0,9.0,0.7764,,0,0
SUP0091,2023-01-01,3,0.6667,0.0,0.9884,0.0,1,0
SUP0091,2023-02-01,11,0.3636,4.364,1.0,0.0,4,1
SUP0091,2023-03-01,22,0.4091,5.091,0.9997,8220.6,6,4
SUP0091,2023-04-01,18,0.6111,2.722,1.0,2296.2,4,1
SUP0091,2023-05-01,17,0.3529,7.353,1.0,0.0,3,2
SUP0091,2023-06-01,14,0.5714,5.143,1.0,4706.8,5,0
SUP0091,2023-07-01,17,0.4118,3.235,0.9998,0.0,8,5
SUP0091,2023-08-01,15,0.4667,3.533,0.9995,0.0,6,4
SUP0091,2023-09-01,14,0.4286,3.214,1.0,0.0,2,0
SUP0091,2023-10-01,8,0.25,7.375,0.9939,0.0,4,2
SUP0091,2023-11-01,13,0.4615,3.846,1.0,0.0,4,2
SUP0091,2023-12-01,19,0.3158,7.579,0.9999,0.0,2,1
SUP0091,2024-01-01,17,0.4118,5.588,1.0,6089.2,4,1
SUP0091,2024-02-01,11,0.4545,6.455,1.0,0.0,6,3
SUP0091,2024-03-01,13,0.5385,6.0,1.0,0.0,4,3
SUP0091,2024-04-01,17,0.4706,3.059,0.9492,0.0,5,4
SUP0091,2024-05-01,19,0.4211,3.474,0.9998,3386.0,4,2
SUP0091,2024-06-01,17,0.4706,5.0,1.0,0.0,2,1
SUP0091,2024-07-01,13,0.6154,3.308,1.0,0.0,3,2
SUP0091,2024-08-01,14,0.3571,10.429,1.0,0.0,3,2
SUP0091,2024-09-01,18,0.3333,6.778,0.9998,0.0,2,1
SUP0091,2024-10-01,22,0.4545,4.273,1.0,0.0,2,1
SUP0091,2024-11-01,14,0.4286,6.357,1.0,0.0,3,2
SUP0091,2024-12-01,13,0.6154,2.308,1.0,0.0,3,2
SUP0091,2025-01-01,14,0.5,3.643,0.8157,2527.3,3,2
SUP0091,2025-02-01,13,0.5385,3.462,1.0,0.0,2,2
SUP0091,2025-03-01,11,0.4545,4.818,1.0,0.0,3,1
SUP0091,2025-04-01,17,0.4706,3.176,0.9996,17143.2,3,1
SUP0091,2025-05-01,18,0.2778,8.5,0.9998,1320.7,4,2
SUP0091,2025-06-01,21,0.4286,5.095,1.0,0.0,3,1
SUP0091,2025-07-01,16,0.25,6.188,0.9998,4251.8,2,2
SUP0091,2025-08-01,20,0.3,8.6,0.9999,0.0,6,4
SUP0091,2025-09-01,10,0.6,7.9,1.0,0.0,9,6
SUP0091,2025-10-01,28,0.3571,7.75,0.7859,0.0,2,1
SUP0091,2025-11-01,15,0.5333,3.267,1.0,608.9,6,3
SUP0091,2025-12-01,11,0.5455,2.0,0.3477,0.0,1,0
SUP0092,2023-03-01,4,0.75,0.25,1.0,0.0,0,0
SUP0092,2023-04-01,4,0.5,4.5,1.0,0.0,0,0
SUP0092,2023-05-01,2,0.0,6.0,1.0,,0,0
SUP0092,2023-06-01,1,0.0,13.0,1.0,,0,0
SUP0092,2023-07-01,4,0.25,8.25,1.0,,0,0
SUP0092,2023-08-01,2,0.0,9.0,1.0,,0,0
SUP0092,2023-10-01,3,0.6667,3.333,1.0,0.0,0,0
SUP0092,2023-12-01,5,0.2,5.4,1.0,0.0,0,0
SUP0092,2024-01-01,2,0.5,1.5,1.0,0.0,0,0
SUP0092,2024-02-01,3,1.0,0.0,1.0,0.0,0,0
SUP0092,2024-03-01,4,0.25,5.75,0.9997,0.0,0,0
SUP0092,2024-04-01,1,1.0,0.0,1.0,0.0,0,0
SUP0092,2024-05-01,2,0.5,5.0,1.0,,0,0
SUP0092,2024-06-01,3,0.6667,1.0,1.0,0.0,0,0
SUP0092,2024-07-01,1,0.0,9.0,1.0,,0,0
SUP0092,2024-08-01,4,0.5,5.25,0.7911,0.0,0,0
SUP0092,2024-09-01,1,0.0,16.0,1.0,0.0,0,0
SUP0092,2024-10-01,7,0.2857,6.286,1.0,0.0,0,0
SUP0092,2024-11-01,2,0.5,2.5,1.0,0.0,0,0
SUP0092,2025-01-01,4,0.5,2.0,1.0,0.0,0,0
SUP0092,2025-02-01,1,0.0,3.0,1.0,,0,0
SUP0092,2025-03-01,3,0.3333,4.0,1.0,,0,0
SUP0092,2025-04-01,3,0.0,8.333,1.0,,0,0
SUP0092,2025-05-01,2,0.5,11.0,1.0,0.0,0,0
SUP0092,2025-06-01,2,1.0,0.0,1.0,0.0,0,0
SUP0092,2025-07-01,3,0.0,10.0,1.0,0.0,0,0
SUP0092,2025-08-01,3,0.3333,3.667,1.0,,0,0
SUP0092,2025-09-01,3,0.0,8.0,1.0,0.0,0,0
SUP0092,2025-10-01,2,0.5,6.5,1.0,21927.2,0,0
SUP0092,2025-11-01,2,0.0,6.0,1.0,,0,0
SUP0092,2025-12-01,3,0.3333,0.0,0.0001,0.0,0,0
SUP0093,2023-03-01,4,0.25,6.0,0.8696,,0,0
SUP0093,2023-04-01,1,0.0,14.0,0.5406,,0,0
SUP0093,2023-05-01,2,0.5,4.0,0.6768,,0,0
SUP0093,2023-06-01,4,0.25,7.5,0.8615,,0,0
SUP0093,2023-08-01,1,0.0,12.0,1.0,,0,0
SUP0093,2023-09-01,4,0.0,4.0,1.0,,0,0
SUP0093,2023-10-01,2,0.0,4.5,1.0,,0,0
SUP0093,2023-11-01,3,0.0,6.667,0.7249,,0,0
SUP0093,2023-12-01,2,0.5,7.0,1.0,,0,0
SUP0093,2024-01-01,4,0.5,5.75,1.0,,0,0
SUP0093,2024-02-01,4,0.25,1.5,1.0,,0,0
SUP0093,2024-03-01,2,0.5,6.5,1.0,,0,0
SUP0093,2024-04-01,1,0.0,14.0,1.0,,0,0
SUP0093,2024-05-01,1,0.0,0.0,0.3654,,0,0
SUP0093,2024-06-01,2,0.0,4.5,1.0,,0,0
SUP0093,2024-07-01,3,0.0,12.333,1.0,,0,0
SUP0093,2024-08-01,1,0.0,13.0,1.0,,0,0
SUP0093,2024-10-01,2,0.0,7.0,1.0,,0,0
SUP0093,2024-11-01,1,0.0,6.0,1.0,,0,0
SUP0093,2024-12-01,3,0.3333,3.667,1.0,,0,0
SUP0093,2025-01-01,8,0.25,5.625,1.0,,0,0
SUP0093,2025-02-01,1,0.0,6.0,1.0,,0,0
SUP0093,2025-04-01,3,0.0,8.333,1.0,,0,0
SUP0093,2025-06-01,1,0.0,11.0,1.0,,0,0
SUP0093,2025-07-01,2,0.0,11.0,1.0,,0,0
SUP0093,2025-09-01,1,0.0,9.0,1.0,,0,0
SUP0093,2025-10-01,1,0.0,7.0,1.0,,0,0
SUP0093,2025-11-01,1,1.0,0.0,1.0,,0,0
SUP0093,2025-12-01,4,0.5,0.0,0.6931,,0,0
SUP0094,2023-02-01,1,0.0,9.0,0.5573,,0,0
SUP0094,2023-03-01,4,0.0,4.0,0.9538,,0,0
SUP0094,2023-04-01,1,0.0,4.0,0.2278,,0,0
SUP0094,2023-05-01,2,0.0,4.5,1.0,,0,0
SUP0094,2023-06-01,4,0.25,5.5,1.0,,0,0
SUP0094,2023-07-01,1,0.0,4.0,1.0,,0,0
SUP0094,2023-08-01,3,0.0,9.0,0.9038,,0,0
SUP0094,2023-09-01,5,0.0,5.6,1.0,,0,0
SUP0094,2023-10-01,3,0.3333,3.0,1.0,,0,0
SUP0094,2023-11-01,3,0.0,10.667,0.7587,,0,0
SUP0094,2024-01-01,4,0.0,11.5,0.9738,,0,0
SUP0094,2024-02-01,5,0.2,3.4,1.0,,0,0
SUP0094,2024-03-01,2,0.0,8.0,1.0,,0,0
SUP0094,2024-04-01,3,0.0,10.667,1.0,,0,0
SUP0094,2024-06-01,3,0.3333,3.667,1.0,,0,0
SUP0094,2024-07-01,1,0.0,5.0,1.0,,0,0
SUP0094,2024-08-01,3,0.0,7.667,1.0,,0,0
SUP0094,2024-10-01,3,0.3333,8.0,1.0,,0,0
SUP0094,2024-12-01,1,0.0,11.0,1.0,,0,0
SUP0094,2025-01-01,1,1.0,0.0,1.0,,0,0
SUP0094,2025-02-01,1,0.0,5.0,1.0,,0,0
SUP0094,2025-04-01,5,0.2,3.6,0.9158,,0,0
SUP0094,2025-05-01,3,0.0,9.667,1.0,,0,0
SUP0094,2025-06-01,3,0.3333,4.333,1.0,,0,0
SUP0094,2025-07-01,2,0.0,3.0,0.849,,0,0
SUP0094,2025-08-01,2,0.5,1.5,1.0,,0,0
SUP0094,2025-09-01,1,0.0,10.0,0.7472,,0,0
SUP0094,2025-10-01,3,0.3333,4.667,1.0,,0,0
SUP0094,2025-11-01,1,0.0,14.0,1.0,,0,0
SUP0094,2025-12-01,4,0.25,1.0,0.3266,,0,0
SUP0095,2023-02-01,2,0.0,10.0,1.0,,0,0
SUP0095,2023-03-01,2,0.5,6.5,1.0,,0,0
SUP0095,2023-04-01,1,0.0,6.0,1.0,,0,0
SUP0095,2023-06-01,1,0.0,13.0,1.0,,0,0
SUP0095,2023-07-01,2,1.0,0.0,1.0,,0,0
SUP0095,2023-08-01,1,0.0,11.0,1.0,,0,0
SUP0095,2023-10-01,1,0.0,7.0,1.0,,0,0
SUP0095,2023-11-01,1,1.0,0.0,1.0,,0,0
SUP0095,2023-12-01,2,0.0,7.0,0.7724,,0,0
SUP0095,2024-01-01,2,0.0,10.5,0.721,,0,0
SUP0095,2024-04-01,2,0.0,9.0,1.0,,0,0
SUP0095,2024-05-01,3,0.3333,7.0,1.0,,0,0
SUP0095,2024-06-01,1,1.0,0.0,1.0,,0,0
SUP0095,2024-07-01,3,0.0,9.667,1.0,,0,0
SUP0095,2024-08-01,6,0.3333,5.833,0.9992,,0,0
SUP0095,2024-09-01,2,0.0,6.5,1.0,,0,0
SUP0095,2024-10-01,4,0.0,6.5,1.0,,0,0
SUP0095,2024-12-01,4,0.0,5.75,0.6279,,0,0
SUP0095,2025-01-01,2,0.5,6.5,1.0,,0,0
SUP0095,2025-02-01,2,0.0,6.0,1.0,,0,0
SUP0095,2025-03-01,1,0.0,12.0,0.6235,,0,0
SUP0095,2025-04-01,2,0.0,2.5,1.0,,0,0
SUP0095,2025-05-01,1,0.0,8.0,1.0,,0,0
SUP0095,2025-07-01,1,0.0,3.0,1.0,,0,0
SUP0095,2025-08-01,4,0.0,9.0,1.0,,0,0
SUP0095,2025-09-01,2,1.0,0.0,1.0,,0,0
SUP0095,2025-10-01,3,0.0,1.667,0.7082,,0,0
SUP0095,2025-11-01,3,0.3333,7.333,1.0,,0,0
SUP0095,2025-12-01,2,0.0,,0.0,,0,0
SUP0096,2023-01-01,1,1.0,0.0,1.0,,0,0
SUP0096,2023-02-01,3,0.3333,7.333,1.0,,0,0
SUP0096,2023-03-01,4,0.25,4.0,0.9072,,0,0
SUP0096,2023-04-01,1,0.0,10.0,1.0,,0,0
SUP0096,2023-05-01,1,0.0,2.0,1.0,,0,0
SUP0096,2023-06-01,1,0.0,9.0,1.0,,0,0
SUP0096,2023-07-01,1,0.0,3.0,1.0,,0,0
SUP0096,2023-09-01,2,0.0,9.5,1.0,,0,0
SUP0096,2023-10-01,3,0.0,11.333,1.0,,0,0
SUP0096,2023-11-01,2,0.0,7.0,0.8678,,0,0
SUP0096,2023-12-01,2,0.0,3.5,1.0,,0,0
SUP0096,2024-01-01,1,0.0,1.0,1.0,,0,0
SUP0096,2024-02-01,2,0.0,6.5,1.0,,0,0
SUP0096,2024-03-01,3,0.3333,5.0,1.0,,0,0
SUP0096,2024-05-01,1,0.0,10.0,1.0,,0,0
SUP0096,2024-07-01,4,0.0,9.75,1.0,,0,0
SUP0096,2024-08-01,2,0.0,11.5,1.0,,0,0
SUP0096,2024-09-01,1,0.0,11.0,1.0,,0,0
SUP0096,2024-10-01,2,0.0,7.0,1.0,,0,0
SUP0096,2024-11-01,1,0.0,10.0,1.0,,0,0
SUP0096,2024-12-01,2,0.5,5.5,1.0,,0,0
SUP0096,2025-01-01,1,0.0,14.0,1.0,,0,0
SUP0096,2025-02-01,3,0.6667,4.0,0.7858,,0,0
SUP0096,2025-03-01,3,0.6667,1.333,1.0,,0,0
SUP0096,2025-04-01,3,0.0,1.667,1.0,,0,0
SUP0096,2025-05-01,3,0.0,8.333,1.0,,0,0
SUP0096,2025-06-01,3,0.0,7.333,1.0,,0,0
SUP0096,2025-07-01,3,0.3333,4.667,1.0,,0,0
SUP0096,2025-09-01,1,0.0,12.0,1.0,,0,0
SUP0096,2025-10-01,1,0.0,14.0,1.0,,0,0
SUP0096,2025-11-01,2,0.0,11.0,0.5616,,0,0
SUP0096,2025-12-01,2,0.0,,0.0,,0,0
SUP0097,2023-01-01,14,0.8571,0.357,1.0,517.8,0,0
SUP0097,2023-02-01,8,1.0,0.0,1.0,0.0,0,0
SUP0097,2023-03-01,15,0.6667,2.2,1.0,0.0,0,0
SUP0097,2023-04-01,12,0.6667,1.833,0.9994,0.0,0,0
SUP0097,2023-05-01,10,1.0,0.0,1.0,4114.0,0,0
SUP0097,2023-06-01,14,0.7143,1.214,1.0,0.0,1,1
SUP0097,2023-07-01,13,0.7692,1.077,1.0,4762.2,0,0
SUP0097,2023-08-01,14,0.7857,1.143,0.9998,0.0,0,0
SUP0097,2023-09-01,10,0.9,1.4,1.0,0.0,0,0
SUP0097,2023-10-01,12,0.8333,1.583,1.0,3797.6,0,0
SUP0097,2023-11-01,9,0.6667,2.778,1.0,0.0,0,0
SUP0097,2023-12-01,11,0.9091,0.909,1.0,6243.8,0,0
SUP0097,2024-01-01,15,0.7333,1.267,1.0,4479.4,0,0
SUP0097,2024-02-01,11,0.8182,4.0,1.0,0.0,0,0
SUP0097,2024-03-01,12,0.6667,1.75,1.0,100.2,0,0
SUP0097,2024-04-01,11,1.0,0.0,1.0,0.0,0,0
SUP0097,2024-05-01,12,0.8333,1.0,1.0,0.0,0,0
SUP0097,2024-06-01,12,0.9167,1.0,1.0,0.0,0,0
SUP0097,2024-07-01,19,0.5789,3.737,1.0,0.0,0,0
SUP0097,2024-08-01,13,0.6923,1.0,1.0,3544.4,0,0
SUP0097,2024-09-01,13,0.8462,0.846,1.0,6819.8,0,0
SUP0097,2024-10-01,12,0.6667,2.0,1.0,0.0,0,0
SUP0097,2024-11-01,12,0.75,1.583,0.542,0.0,0,0
SUP0097,2024-12-01,17,0.7647,1.824,1.0,0.0,0,0
SUP0097,2025-01-01,13,0.9231,0.0,0.6529,2114.0,0,0
SUP0097,2025-02-01,15,0.7333,1.6,1.0,0.0,0,0
SUP0097,2025-03-01,10,0.9,0.3,1.0,0.0,0,0
SUP0097,2025-04-01,11,0.8182,0.455,1.0,1622.7,0,0
SUP0097,2025-05-01,14,0.5,3.071,0.9019,599.3,0,0
SUP0097,2025-06-01,13,0.7692,2.308,1.0,0.0,0,0
SUP0097,2025-07-01,14,0.9286,0.143,1.0,0.0,0,0
SUP0097,2025-08-01,13,0.6923,1.308,1.0,0.0,0,0
SUP0097,2025-09-01,11,0.8182,1.0,0.6925,0.0,0,0
SUP0097,2025-10-01,10,0.8,1.5,0.7221,0.0,1,0
SUP0097,2025-11-01,14,0.7143,1.154,0.557,0.0,0,0
SUP0097,2025-12-01,11,0.9091,0.0,0.5709,0.0,0,0
SUP0098,2023-02-01,2,0.5,5.5,1.0,,0,0
SUP0098,2023-03-01,1,0.0,4.0,1.0,,0,0
SUP0098,2023-05-01,1,1.0,0.0,1.0,,0,0
SUP0098,2023-06-01,2,1.0,0.0,1.0,,0,0
SUP0098,2023-07-01,1,0.0,2.0,1.0,,0,0
SUP0098,2023-08-01,2,0.0,7.0,1.0,,0,0
SUP0098,2023-09-01,1,1.0,0.0,1.0,,0,0
SUP0098,2023-10-01,3,0.3333,3.667,0.8838,,0,0
SUP0098,2023-11-01,1,0.0,7.0,1.0,,0,0
SUP0098,2024-01-01,2,0.0,7.0,1.0,,0,0
SUP0098,2024-02-01,6,0.3333,4.167,1.0,,0,0
SUP0098,2024-03-01,3,0.0,7.0,1.0,,0,0
SUP0098,2024-04-01,2,0.0,3.5,1.0,,0,0
SUP0098,2024-05-01,3,0.6667,0.333,1.0,,0,0
SUP0098,2024-06-01,4,0.25,4.0,1.0,,0,0
SUP0098,2024-07-01,2,0.5,6.0,0.8031,,0,0
SUP0098,2024-08-01,2,0.0,4.0,1.0,,0,0
SUP0098,2024-09-01,2,0.5,7.0,1.0,,1,1
SUP0098,2024-10-01,4,0.25,3.5,1.0,,0,0
SUP0098,2024-11-01,2,0.0,2.5,1.0,,0,0
SUP0098,2024-12-01,2,0.0,10.0,0.8473,,0,0
SUP0098,2025-01-01,3,0.0,8.667,1.0,,0,0
SUP0098,2025-02-01,1,0.0,5.0,1.0,,0,0
SUP0098,2025-03-01,1,0.0,7.0,1.0,,0,0
SUP0098,2025-04-01,1,0.0,9.0,1.0,,0,0
SUP0098,2025-05-01,2,0.5,3.5,1.0,,0,0
SUP0098,2025-06-01,2,0.0,7.5,1.0,,0,0
SUP0098,2025-07-01,1,1.0,0.0,1.0,,0,0
SUP0098,2025-08-01,3,0.3333,6.333,1.0,,0,0
SUP0098,2025-09-01,4,0.0,11.0,0.8725,,0,0
SUP0098,2025-10-01,2,0.0,7.5,1.0,,0,0
SUP0098,2025-11-01,1,0.0,2.0,1.0,,0,0
SUP0098,2025-12-01,5,0.0,,0.0,,0,0
SUP0099,2023-02-01,1,1.0,0.0,1.0,0.0,0,0
SUP0099,2023-03-01,10,0.5,1.6,1.0,0.0,0,0
SUP0099,2023-04-01,7,0.5714,3.429,1.0,2650.4,0,0
SUP0099,2023-05-01,8,0.25,4.25,0.8981,0.0,0,0
SUP0099,2023-06-01,8,0.625,4.375,1.0,0.0,0,0
SUP0099,2023-07-01,10,0.7,4.9,0.7818,0.0,0,0
SUP0099,2023-08-01,10,0.7,2.1,1.0,0.0,0,0
SUP0099,2023-09-01,18,0.7222,4.278,0.9863,0.0,0,0
SUP0099,2023-10-01,12,0.9167,3.833,1.0,0.0,0,0
SUP0099,2023-11-01,15,0.6,12.133,1.0,0.0,0,0
SUP0099,2023-12-01,14,0.3571,11.286,0.9999,1649.0,0,0
SUP0099,2024-01-01,18,0.6111,6.722,0.9999,0.0,0,0
SUP0099,2024-02-01,13,0.3846,14.385,0.3549,0.0,0,0
SUP0099,2024-03-01,16,0.5,10.312,1.0,0.0,0,0
SUP0099,2024-04-01,12,0.6667,3.25,1.0,0.0,0,0
SUP0099,2024-05-01,12,0.6667,6.333,0.4155,0.0,0,0
SUP0099,2024-06-01,13,0.6154,5.462,0.7856,0.0,2,1
SUP0099,2024-07-01,13,0.4615,11.615,0.9814,6215.2,0,0
SUP0099,2024-08-01,12,0.4167,5.417,1.0,0.0,0,0
SUP0099,2024-09-01,12,0.6667,11.917,1.0,1780.0,0,0
SUP0099,2024-10-01,14,0.5,8.714,1.0,0.0,0,0
SUP0099,2024-11-01,11,0.7273,6.364,1.0,0.0,0,0
SUP0099,2024-12-01,15,0.6,7.133,1.0,0.0,0,0
SUP0099,2025-01-01,13,0.5385,20.308,1.0,0.0,0,0
SUP0099,2025-02-01,11,0.7273,4.182,0.5695,0.0,0,0
SUP0099,2025-03-01,15,0.6,5.8,1.0,1332.5,0,0
SUP0099,2025-04-01,8,0.75,2.125,1.0,0.0,0,0
SUP0099,2025-05-01,6,1.0,0.0,1.0,0.0,0,0
SUP0099,2025-06-01,10,0.7,5.2,1.0,0.0,0,0
SUP0099,2025-07-01,12,0.75,5.5,1.0,0.0,0,0
SUP0099,2025-08-01,14,0.7143,4.286,1.0,662.6,0,0
SUP0099,2025-09-01,9,0.5556,11.333,1.0,0.0,0,0
SUP0099,2025-10-01,12,0.5833,5.917,1.0,2468.4,1,1
SUP0099,2025-11-01,10,0.9,0.4,1.0,0.0,0,0
SUP0099,2025-12-01,18,0.6667,1.357,0.3503,0.0,0,0
SUP0100,2023-03-01,3,0.0,5.0,1.0,,0,0
SUP0100,2023-04-01,3,0.0,8.0,1.0,,0,0
SUP0100,2023-05-01,3,0.3333,7.667,1.0,,0,0
SUP0100,2023-06-01,2,0.0,5.5,1.0,,0,0
SUP0100,2023-09-01,2,0.0,9.5,1.0,,0,0
SUP0100,2023-10-01,3,0.0,9.333,0.8425,,0,0
SUP0100,2023-11-01,3,0.3333,8.667,1.0,,0,0
SUP0100,2023-12-01,4,0.25,6.25,1.0,,0,0
SUP0100,2024-01-01,1,0.0,8.0,1.0,,0,0
SUP0100,2024-02-01,1,0.0,12.0,1.0,,0,0
SUP0100,2024-03-01,2,0.5,1.5,1.0,,0,0
SUP0100,2024-04-01,1,0.0,9.0,1.0,,0,0
SUP0100,2024-05-01,4,0.25,7.25,1.0,,0,0
SUP0100,2024-06-01,1,0.0,7.0,1.0,,0,0
SUP0100,2024-07-01,3,0.3333,8.0,1.0,,0,0
SUP0100,2024-08-01,3,0.0,9.0,1.0,,0,0
SUP0100,2024-09-01,2,0.5,5.5,1.0,,0,0
SUP0100,2024-10-01,4,0.5,5.5,1.0,,0,0
SUP0100,2024-11-01,1,0.0,6.0,1.0,,0,0
SUP0100,2024-12-01,1,0.0,6.0,1.0,,0,0
SUP0100,2025-01-01,2,0.0,2.0,0.5231,,0,0
SUP0100,2025-02-01,1,0.0,6.0,1.0,,0,0
SUP0100,2025-03-01,1,0.0,5.0,1.0,,0,0
SUP0100,2025-04-01,1,0.0,2.0,1.0,,0,0
SUP0100,2025-05-01,1,1.0,0.0,1.0,,0,0
SUP0100,2025-06-01,1,0.0,1.0,1.0,,0,0
SUP0100,2025-07-01,1,0.0,9.0,1.0,,0,0
SUP0100,2025-08-01,1,1.0,0.0,1.0,,0,0
SUP0100,2025-10-01,3,0.0,6.0,1.0,,0,0
SUP0100,2025-11-01,1,1.0,0.0,1.0,,0,0
SUP0100,2025-12-01,6,0.1667,6.4,0.8332,,0,0
SUP0101,2023-01-01,2,0.0,5.5,1.0,,0,0
SUP0101,2023-02-01,2,0.5,4.0,1.0,0.0,0,0
SUP0101,2023-03-01,12,0.8333,1.25,1.0,0.0,0,0
SUP0101,2023-04-01,11,0.9091,3.636,1.0,0.0,0,0
SUP0101,2023-05-01,12,0.6667,3.417,1.0,0.0,0,0
SUP0101,2023-06-01,11,0.8182,0.182,1.0,0.0,0,0
SUP0101,2023-07-01,14,0.5714,1.357,0.9999,0.0,0,0
SUP0101,2023-08-01,13,0.5385,6.0,1.0,0.0,0,0
SUP0101,2023-09-01,11,0.6364,2.818,1.0,0.0,0,0
SUP0101,2023-10-01,9,0.4444,2.333,1.0,0.0,0,0
SUP0101,2023-11-01,6,0.6667,0.333,0.981,0.0,0,0
SUP0101,2023-12-01,8,0.625,2.375,0.9997,0.0,0,0
SUP0101,2024-01-01,10,0.6,2.0,1.0,0.0,0,0
SUP0101,2024-02-01,9,0.5556,3.333,1.0,0.0,0,0
SUP0101,2024-03-01,7,0.8571,0.571,0.9381,4887.8,0,0
SUP0101,2024-04-01,4,1.0,0.0,1.0,0.0,0,0
SUP0101,2024-05-01,6,0.1667,5.833,1.0,0.0,0,0
SUP0101,2024-06-01,4,0.25,4.25,0.6398,0.0,0,0
SUP0101,2024-07-01,4,0.75,2.75,1.0,0.0,0,0
SUP0101,2024-08-01,5,0.4,2.8,0.9994,0.0,1,0
SUP0101,2024-09-01,6,0.3333,5.667,1.0,0.0,0,0
SUP0101,2024-10-01,4,0.25,7.5,0.7784,0.0,0,0
SUP0101,2024-11-01,9,0.8889,0.889,1.0,0.0,0,0
SUP0101,2024-12-01,9,0.6667,1.556,0.9468,0.0,0,0
SUP0101,2025-01-01,7,0.5714,1.571,1.0,0.0,0,0
SUP0101,2025-02-01,6,0.8333,2.333,1.0,0.0,0,0
SUP0101,2025-03-01,7,0.8571,1.0,0.6105,0.0,0,0
SUP0101,2025-04-01,8,0.875,1.0,1.0,0.0,0,0
SUP0101,2025-05-01,8,0.5,2.75,0.9999,0.0,0,0
SUP0101,2025-06-01,7,0.8571,2.0,1.0,0.0,0,0
SUP0101,2025-07-01,9,0.5556,3.111,1.0,0.0,0,0
SUP0101,2025-08-01,8,0.5,0.875,0.9999,0.0,0,0
SUP0101,2025-09-01,6,0.6667,0.667,1.0,0.0,0,0
SUP0101,2025-10-01,9,0.6667,1.0,1.0,0.0,0,0
SUP0101,2025-11-01,9,0.6667,2.222,0.8242,0.0,0,0
SUP0101,2025-12-01,8,0.5,1.857,0.0973,0.0,0,0
SUP0102,2023-01-01,10,0.7,0.9,1.0,0.0,0,0
SUP0102,2023-02-01,14,0.6429,2.071,1.0,0.0,0,0
SUP0102,2023-03-01,14,0.7857,1.714,1.0,0.0,0,0
SUP0102,2023-04-01,12,0.3333,3.75,0.9996,0.0,2,1
SUP0102,2023-05-01,8,0.5,3.375,0.8497,0.0,0,0
SUP0102,2023-06-01,11,0.6364,3.818,1.0,0.0,0,0
SUP0102,2023-07-01,12,0.75,2.25,1.0,0.0,0,0
SUP0102,2023-08-01,17,0.5882,3.235,1.0,0.0,0,0
SUP0102,2023-09-01,10,0.9,1.2,1.0,0.0,0,0
SUP0102,2023-10-01,11,0.6364,3.364,1.0,3285.6,0,0
SUP0102,2023-11-01,11,0.6364,3.727,1.0,0.0,0,0
SUP0102,2023-12-01,13,0.9231,0.231,1.0,0.0,0,0
SUP0102,2024-01-01,12,1.0,0.0,1.0,0.0,0,0
SUP0102,2024-02-01,5,1.0,0.0,1.0,0.0,0,0
SUP0102,2024-03-01,9,0.6667,2.556,1.0,0.0,0,0
SUP0102,2024-04-01,12,0.8333,0.75,1.0,0.0,0,0
SUP0102,2024-05-01,10,0.8,1.0,0.9995,2610.1,0,0
SUP0102,2024-06-01,13,0.6154,4.846,1.0,0.0,0,0
SUP0102,2024-07-01,11,0.6364,3.636,0.6811,0.0,0,0
SUP0102,2024-08-01,9,0.4444,3.778,0.9998,0.0,0,0
SUP0102,2024-09-01,11,0.9091,0.636,1.0,0.0,0,0
SUP0102,2024-10-01,10,0.8,1.0,1.0,0.0,0,0
SUP0102,2024-11-01,13,0.7692,1.769,1.0,0.0,0,0
SUP0102,2024-12-01,14,0.6429,2.357,0.9046,0.0,0,0
SUP0102,2025-01-01,11,0.7273,1.0,1.0,7793.9,0,0
SUP0102,2025-02-01,12,0.8333,1.583,1.0,0.0,0,0
SUP0102,2025-03-01,13,0.7692,2.077,0.964,0.0,0,0
SUP0102,2025-04-01,12,0.75,3.25,1.0,0.0,1,1
SUP0102,2025-05-01,12,0.9167,0.917,0.7539,0.0,0,0
SUP0102,2025-06-01,13,0.8462,1.077,1.0,0.0,0,0
SUP0102,2025-07-01,12,0.8333,0.0,0.9999,400.0,0,0
SUP0102,2025-08-01,11,0.8182,0.182,1.0,253.8,0,0
SUP0102,2025-09-01,12,0.8333,0.833,1.0,0.0,0,0
SUP0102,2025-10-01,13,0.8462,0.923,1.0,0.0,0,0
SUP0102,2025-11-01,12,0.6667,1.091,0.6313,0.0,0,0
SUP0102,2025-12-01,11,0.5455,0.429,0.0011,0.0,0,0
SUP0103,2023-02-01,2,0.5,3.0,1.0,,1,1
SUP0103,2023-03-01,1,0.0,14.0,1.0,,0,0
SUP0103,2023-05-01,4,0.25,6.0,1.0,,0,0
SUP0103,2023-06-01,1,0.0,1.0,1.0,,0,0
SUP0103,2023-07-01,5,0.4,4.6,0.8604,,0,0
SUP0103,2023-08-01,3,0.0,6.667,1.0,,0,0
SUP0103,2023-09-01,1,0.0,3.0,1.0,,0,0
SUP0103,2023-10-01,1,0.0,12.0,1.0,,0,0
SUP0103,2023-11-01,1,1.0,0.0,1.0,,0,0
SUP0103,2024-02-01,2,0.0,6.5,1.0,,0,0
SUP0103,2024-03-01,3,0.3333,3.0,1.0,,0,0
SUP0103,2024-04-01,1,0.0,6.0,1.0,,0,0
SUP0103,2024-05-01,1,0.0,9.0,1.0,,0,0
SUP0103,2024-07-01,6,0.1667,5.833,0.8232,,1,0
SUP0103,2024-08-01,3,0.3333,2.667,1.0,,0,0
SUP0103,2024-09-01,1,0.0,12.0,1.0,,0,0
SUP0103,2024-10-01,3,0.0,13.0,1.0,,0,0
SUP0103,2024-12-01,3,0.3333,8.0,1.0,,0,0
SUP0103,2025-02-01,3,0.3333,6.333,1.0,,0,0
SUP0103,2025-03-01,3,0.0,6.667,0.88,,0,0
SUP0103,2025-04-01,1,0.0,13.0,1.0,,0,0
SUP0103,2025-06-01,1,0.0,9.0,0.3149,,0,0
SUP0103,2025-07-01,1,0.0,6.0,1.0,,0,0
SUP0103,2025-08-01,2,0.5,1.0,1.0,,0,0
SUP0103,2025-09-01,2,0.0,9.5,0.7184,,0,0
SUP0103,2025-10-01,4,0.25,5.5,1.0,,0,0
SUP0103,2025-11-01,3,0.0,8.0,1.0,,0,0
SUP0103,2025-12-01,2,0.0,11.0,0.6167,,0,0
SUP0104,2022-12-01,3,1.0,0.0,1.0,0.0,0,0
SUP0104,2023-01-01,9,0.6667,1.778,1.0,0.0,0,0
SUP0104,2023-02-01,17,0.9412,0.059,1.0,1122.0,0,0
SUP0104,2023-03-01,20,0.8,1.1,1.0,1977.0,0,0
SUP0104,2023-04-01,18,0.7778,0.5,1.0,7065.2,1,1
SUP0104,2023-05-01,24,0.8333,0.292,0.9991,220.1,0,0
SUP0104,2023-06-01,21,0.7143,1.0,0.9583,996.4,1,1
SUP0104,2023-07-01,22,0.7727,1.136,1.0,0.0,0,0
SUP0104,2023-08-01,19,0.7368,1.368,0.996,0.0,0,0
SUP0104,2023-09-01,17,0.8235,0.471,1.0,0.0,0,0
SUP0104,2023-10-01,26,0.6538,1.5,0.9988,2388.5,0,0
SUP0104,2023-11-01,18,0.7778,0.778,0.9877,8723.5,0,0
SUP0104,2023-12-01,25,0.72,2.28,1.0,0.0,0,0
SUP0104,2024-01-01,19,0.6842,1.105,1.0,0.0,0,0
SUP0104,2024-02-01,20,0.8,0.85,1.0,0.0,0,0
SUP0104,2024-03-01,23,0.6087,1.0,0.9999,0.0,0,0
SUP0104,2024-04-01,21,0.7143,0.952,1.0,873.4,0,0
SUP0104,2024-05-01,21,0.7143,1.762,1.0,874.2,1,1
SUP0104,2024-06-01,20,0.9,0.1,0.9984,2562.1,1,1
SUP0104,2024-07-01,17,0.8824,0.941,1.0,0.0,0,0
SUP0104,2024-08-01,18,0.7778,1.222,0.8194,0.0,0,0
SUP0104,2024-09-01,22,0.7727,0.773,0.9985,1112.7,0,0
SUP0104,2024-10-01,22,0.8182,1.409,1.0,0.0,0,0
SUP0104,2024-11-01,20,0.85,0.65,1.0,0.0,0,0
SUP0104,2024-12-01,25,0.8,0.56,0.9859,457.5,0,0
SUP0104,2025-01-01,20,0.6,2.85,0.9988,0.0,0,0
SUP0104,2025-02-01,22,0.8182,0.5,0.953,0.0,0,0
SUP0104,2025-03-01,24,0.75,0.708,0.9997,0.0,0,0
SUP0104,2025-04-01,16,0.875,0.188,0.9541,0.0,0,0
SUP0104,2025-05-01,19,0.6842,1.684,0.9799,989.4,0,0
SUP0104,2025-06-01,20,1.0,0.0,1.0,0.0,0,0
SUP0104,2025-07-01,18,0.5556,1.5,0.9994,0.0,0,0
SUP0104,2025-08-01,23,0.6087,5.0,0.9991,0.0,0,0
SUP0104,2025-09-01,23,0.7391,1.348,0.9996,0.0,0,0
SUP0104,2025-10-01,22,0.7273,0.636,0.9313,0.0,0,0
SUP0104,2025-11-01,21,0.7143,0.5,0.1248,5373.5,0,0
SUP0104,2025-12-01,16,0.875,0.2,0.2192,0.0,0,0
SUP0105,2023-02-01,1,0.0,8.0,1.0,,0,0
SUP0105,2023-03-01,2,0.5,5.5,1.0,,0,0
SUP0105,2023-04-01,3,0.3333,5.0,1.0,,0,0
SUP0105,2023-05-01,4,0.0,6.25,1.0,,0,0
SUP0105,2023-06-01,3,0.0,11.0,1.0,,0,0
SUP0105,2023-08-01,3,0.3333,6.667,0.996,,0,0
SUP0105,2023-09-01,4,0.25,4.75,0.751,,0,0
SUP0105,2023-10-01,2,0.0,7.0,1.0,,0,0
SUP0105,2023-11-01,1,0.0,12.0,1.0,,0,0
SUP0105,2023-12-01,1,0.0,12.0,1.0,,0,0
SUP0105,2024-01-01,2,0.0,3.0,1.0,,0,0
SUP0105,2024-02-01,1,0.0,2.0,1.0,,0,0
SUP0105,2024-03-01,4,0.25,5.75,1.0,,0,0
SUP0105,2024-04-01,2,0.5,2.5,1.0,,0,0
SUP0105,2024-06-01,2,0.5,0.5,1.0,,0,0
SUP0105,2024-07-01,1,0.0,4.0,1.0,,0,0
SUP0105,2024-08-01,4,0.25,7.75,0.6999,,0,0
SUP0105,2024-09-01,1,0.0,14.0,1.0,,0,0
SUP0105,2024-10-01,1,0.0,5.0,1.0,,0,0
SUP0105,2024-11-01,1,0.0,2.0,0.8607,,0,0
SUP0105,2024-12-01,1,0.0,14.0,1.0,,0,0
SUP0105,2025-01-01,1,0.0,1.0,1.0,,0,0
SUP0105,2025-03-01,2,0.0,5.0,1.0,,0,0
SUP0105,2025-04-01,1,0.0,8.0,1.0,,0,0
SUP0105,2025-05-01,2,1.0,0.0,1.0,,0,0
SUP0105,2025-06-01,3,0.3333,4.0,0.5501,,0,0
SUP0105,2025-07-01,2,0.0,4.0,1.0,,0,0
SUP0105,2025-08-01,7,0.4286,3.571,0.9363,,0,0
SUP0105,2025-10-01,1,0.0,11.0,1.0,,0,0
SUP0105,2025-11-01,2,0.0,8.5,1.0,,0,0
SUP0105,2025-12-01,1,0.0,10.0,1.0,,0,0
SUP0106,2023-02-01,3,0.3333,1.667,1.0,,0,0
SUP0106,2023-03-01,1,0.0,8.0,1.0,,0,0
SUP0106,2023-04-01,1,0.0,3.0,1.0,,0,0
SUP0106,2023-05-01,4,0.0,6.25,1.0,,0,0
SUP0106,2023-06-01,2,0.0,11.5,1.0,,0,0
SUP0106,2023-07-01,1,1.0,0.0,1.0,,0,0
SUP0106,2023-09-01,2,0.5,0.5,1.0,,0,0
SUP0106,2023-10-01,1,0.0,5.0,1.0,,0,0
SUP0106,2023-11-01,2,0.0,11.0,0.7337,,0,0
SUP0106,2023-12-01,6,0.1667,9.5,0.8403,,0,0
SUP0106,2024-01-01,1,0.0,1.0,1.0,,0,0
SUP0106,2024-02-01,1,0.0,9.0,1.0,,0,0
SUP0106,2024-03-01,2,0.0,4.0,1.0,,0,0
SUP0106,2024-04-01,1,0.0,6.0,1.0,,0,0
SUP0106,2024-05-01,4,0.0,10.5,1.0,,0,0
SUP0106,2024-06-01,4,0.25,6.5,1.0,,0,0
SUP0106,2024-07-01,1,0.0,3.0,1.0,,0,0
SUP0106,2024-09-01,1,0.0,9.0,1.0,,0,0
SUP0106,2024-10-01,4,0.25,2.0,1.0,,0,0
SUP0106,2024-11-01,2,0.5,3.0,1.0,,1,0
SUP0106,2024-12-01,2,0.0,7.0,0.8548,,0,0
SUP0106,2025-02-01,3,0.3333,3.667,1.0,,0,0
SUP0106,2025-03-01,1,0.0,14.0,1.0,,0,0
SUP0106,2025-04-01,2,0.5,5.0,1.0,,0,0
SUP0106,2025-05-01,1,0.0,13.0,1.0,,0,0
SUP0106,2025-06-01,5,0.4,2.2,0.9397,,0,0
SUP0106,2025-07-01,3,0.6667,2.0,0.8493,,0,0
SUP0106,2025-09-01,1,0.0,2.0,1.0,,0,0
SUP0106,2025-11-01,3,0.0,9.667,0.9594,,0,0
SUP0106,2025-12-01,1,0.0,,0.0,,0,0
SUP0107,2023-01-01,1,0.0,13.0,1.0,,0,0
SUP0107,2023-02-01,3,0.3333,4.0,1.0,0.0,0,0
SUP0107,2023-03-01,12,0.8333,0.583,1.0,0.0,0,0
SUP0107,2023-04-01,9,0.7778,2.556,1.0,0.0,0,0
SUP0107,2023-05-01,10,0.9,0.4,1.0,0.0,0,0
SUP0107,2023-06-01,13,0.9231,0.0,1.0,0.0,0,0
SUP0107,2023-07-01,8,0.875,0.25,1.0,0.0,0,0
SUP0107,2023-08-01,7,0.7143,0.286,1.0,0.0,0,0
SUP0107,2023-09-01,5,1.0,0.0,1.0,0.0,0,0
SUP0107,2023-10-01,6,0.6667,1.833,0.5907,0.0,0,0
SUP0107,2023-11-01,9,0.6667,2.889,1.0,0.0,0,0
SUP0107,2023-12-01,5,1.0,0.0,1.0,0.0,0,0
SUP0107,2024-01-01,9,0.4444,6.556,0.9152,0.0,0,0
SUP0107,2024-02-01,4,0.5,2.25,1.0,0.0,0,0
SUP0107,2024-03-01,3,1.0,0.0,1.0,0.0,0,0
SUP0107,2024-04-01,8,0.625,4.125,1.0,0.0,0,0
SUP0107,2024-05-01,8,0.75,1.625,1.0,0.0,0,0
SUP0107,2024-06-01,4,0.75,0.25,1.0,0.0,0,0
SUP0107,2024-07-01,3,0.3333,4.0,0.9934,0.0,0,0
SUP0107,2024-08-01,5,0.8,1.4,1.0,6039.8,0,0
SUP0107,2024-09-01,6,0.6667,2.5,1.0,0.0,0,0
SUP0107,2024-10-01,7,0.5714,4.143,0.9557,0.0,0,0
SUP0107,2024-11-01,4,1.0,0.0,1.0,0.0,0,0
SUP0107,2024-12-01,3,0.3333,4.0,1.0,0.0,0,0
SUP0107,2025-01-01,6,0.6667,1.167,1.0,0.0,0,0
SUP0107,2025-02-01,5,0.6,2.4,1.0,0.0,0,0
SUP0107,2025-03-01,8,0.875,1.75,1.0,0.0,0,0
SUP0107,2025-04-01,4,0.75,1.5,1.0,0.0,0,0
SUP0107,2025-05-01,4,1.0,0.0,1.0,1249.7,0,0
SUP0107,2025-06-01,5,1.0,0.0,1.0,0.0,0,0
SUP0107,2025-07-01,8,0.75,1.25,1.0,0.0,0,0
SUP0107,2025-08-01,9,0.7778,1.0,0.9453,12627.0,1,1
SUP0107,2025-09-01,10,0.7,1.1,1.0,0.0,0,0
SUP0107,2025-10-01,12,0.75,1.667,1.0,0.0,0,0
SUP0107,2025-11-01,10,0.9,0.3,1.0,183.0,0,0
SUP0107,2025-12-01,7,0.7143,0.0,0.0203,0.0,0,0
SUP0108,2023-02-01,2,0.0,8.0,1.0,,0,0
SUP0108,2023-03-01,2,0.5,0.0,0.6724,,0,0
SUP0108,2023-04-01,1,0.0,12.0,1.0,,0,0
SUP0108,2023-05-01,2,0.0,13.5,0.6537,,0,0
SUP0108,2023-07-01,2,0.0,8.5,1.0,,0,0
SUP0108,2023-08-01,3,0.3333,2.667,0.4892,,0,0
SUP0108,2023-09-01,3,0.3333,8.667,1.0,,0,0
SUP0108,2023-10-01,4,0.25,5.5,1.0,,0,0
SUP0108,2023-11-01,4,0.25,4.5,0.9947,,0,0
SUP0108,2023-12-01,4,0.0,6.0,1.0,,0,0
SUP0108,2024-01-01,1,0.0,4.0,1.0,,0,0
SUP0108,2024-03-01,1,1.0,0.0,1.0,,0,0
SUP0108,2024-04-01,2,0.0,7.0,1.0,,0,0
SUP0108,2024-05-01,2,0.0,4.0,1.0,,0,0
SUP0108,2024-06-01,3,0.3333,4.333,1.0,,0,0
SUP0108,2024-07-01,1,0.0,3.0,1.0,,0,0
SUP0108,2024-08-01,4,0.0,3.75,1.0,,0,0
SUP0108,2024-09-01,5,0.8,0.2,1.0,,0,0
SUP0108,2024-10-01,5,0.2,7.8,1.0,,0,0
SUP0108,2024-11-01,1,0.0,14.0,1.0,,0,0
SUP0108,2024-12-01,5,0.2,6.2,0.9384,,0,0
SUP0108,2025-01-01,1,0.0,10.0,1.0,,0,0
SUP0108,2025-02-01,3,0.0,8.333,1.0,,0,0
SUP0108,2025-03-01,3,0.3333,3.667,1.0,,0,0
SUP0108,2025-05-01,1,0.0,3.0,1.0,,0,0
SUP0108,2025-06-01,1,0.0,13.0,1.0,,0,0
SUP0108,2025-07-01,2,0.0,8.0,1.0,,0,0
SUP0108,2025-08-01,1,0.0,14.0,1.0,,0,0
SUP0108,2025-09-01,3,0.3333,5.0,1.0,,0,0
SUP0108,2025-10-01,3,0.0,7.333,1.0,,0,0
SUP0108,2025-11-01,3,0.6667,0.333,1.0,,0,0
SUP0108,2025-12-01,1,0.0,,0.0,,0,0
SUP0109,2023-02-01,13,0.6923,1.923,1.0,0.0,0,0
SUP0109,2023-03-01,11,0.4545,3.0,1.0,0.0,0,0
SUP0109,2023-04-01,10,0.4,3.8,1.0,0.0,0,0
SUP0109,2023-05-01,18,0.6111,5.0,1.0,0.0,0,0
SUP0109,2023-06-01,9,0.5556,0.889,1.0,13562.7,0,0
SUP0109,2023-07-01,6,0.5,2.333,1.0,0.0,0,0
SUP0109,2023-08-01,6,0.6667,2.833,1.0,0.0,0,0
SUP0109,2023-09-01,7,0.7143,1.571,1.0,0.0,0,0
SUP0109,2023-10-01,9,0.7778,1.778,0.824,0.0,0,0
SUP0109,2023-11-01,12,0.4167,1.667,0.9802,10653.0,0,0
SUP0109,2023-12-01,15,0.3333,3.133,1.0,0.0,0,0
SUP0109,2024-01-01,11,0.5455,4.909,0.9961,20016.1,0,0
SUP0109,2024-02-01,5,0.6,0.8,1.0,15827.2,0,0
SUP0109,2024-03-01,10,0.6,3.2,1.0,0.0,0,0
SUP0109,2024-04-01,9,0.3333,1.111,1.0,0.0,0,0
SUP0109,2024-05-01,12,0.5833,1.917,1.0,0.0,0,0
SUP0109,2024-06-01,10,0.6,2.0,1.0,0.0,0,0
SUP0109,2024-07-01,12,0.6667,0.583,0.9566,2363.7,0,0
SUP0109,2024-08-01,11,0.4545,4.909,1.0,0.0,0,0
SUP0109,2024-09-01,9,0.5556,1.444,1.0,0.0,0,0
SUP0109,2024-10-01,6,0.8333,1.0,1.0,0.0,0,0
SUP0109,2024-11-01,10,0.5,4.1,1.0,0.0,0,0
SUP0109,2024-12-01,7,0.8571,0.143,1.0,0.0,0,0
SUP0109,2025-01-01,10,0.6,1.1,1.0,0.0,0,0
SUP0109,2025-02-01,8,0.75,1.625,1.0,0.0,0,0
SUP0109,2025-03-01,12,0.5,3.25,1.0,0.0,0,0
SUP0109,2025-04-01,14,0.7857,2.214,1.0,0.0,0,0
SUP0109,2025-05-01,12,0.5833,3.167,0.9627,0.0,0,0
SUP0109,2025-06-01,9,0.5556,1.222,1.0,0.0,0,0
SUP0109,2025-07-01,12,0.8333,1.083,1.0,0.0,0,0
SUP0109,2025-08-01,13,0.6923,1.077,1.0,3008.8,0,0
SUP0109,2025-09-01,10,0.7,0.3,1.0,0.0,0,0
SUP0109,2025-10-01,11,0.8182,0.909,1.0,0.0,0,0
SUP0109,2025-11-01,8,0.75,0.625,1.0,0.0,0,0
SUP0109,2025-12-01,9,0.8889,0.0,0.0012,0.0,0,0
SUP0110,2023-03-01,2,0.5,4.5,1.0,,0,0
SUP0110,2023-04-01,4,0.25,9.0,1.0,,0,0
SUP0110,2023-05-01,5,0.2,3.0,0.9575,,0,0
SUP0110,2023-07-01,4,0.0,7.5,1.0,,0,0
SUP0110,2023-08-01,2,0.0,10.0,1.0,,0,0
SUP0110,2023-09-01,4,0.5,1.75,1.0,,0,0
SUP0110,2023-10-01,1,0.0,7.0,1.0,,0,0
SUP0110,2023-12-01,2,0.5,3.5,1.0,,0,0
SUP0110,2024-01-01,3,0.0,5.667,1.0,,0,0
SUP0110,2024-02-01,4,0.25,1.75,0.8525,,0,0
SUP0110,2024-03-01,3,0.3333,4.0,1.0,,0,0
SUP0110,2024-04-01,1,0.0,9.0,1.0,,0,0
SUP0110,2024-06-01,1,0.0,13.0,1.0,,0,0
SUP0110,2024-07-01,2,0.5,4.0,1.0,,0,0
SUP0110,2024-09-01,2,0.0,9.5,1.0,,0,0
SUP0110,2024-11-01,4,0.0,9.5,1.0,,0,0
SUP0110,2024-12-01,2,0.0,8.5,1.0,,0,0
SUP0110,2025-01-01,2,0.0,9.5,1.0,,0,0
SUP0110,2025-02-01,3,0.3333,6.333,0.8815,,0,0
SUP0110,2025-03-01,3,0.0,12.0,1.0,,0,0
SUP0110,2025-04-01,1,0.0,13.0,1.0,,0,0
SUP0110,2025-05-01,1,0.0,5.0,1.0,,0,0
SUP0110,2025-06-01,2,0.0,8.0,1.0,,0,0
SUP0110,2025-07-01,3,0.3333,6.0,1.0,,0,0
SUP0110,2025-08-01,2,0.0,5.0,1.0,,0,0
SUP0110,2025-09-01,3,0.0,12.667,1.0,,0,0
SUP0110,2025-10-01,1,0.0,12.0,1.0,,0,0
SUP0110,2025-11-01,9,0.1111,9.778,1.0,,0,0
SUP0110,2025-12-01,4,0.0,12.0,0.4459,,0,0
SUP0111,2023-01-01,3,1.0,0.0,1.0,0.0,0,0
SUP0111,2023-02-01,8,0.875,3.75,1.0,0.0,0,0
SUP0111,2023-03-01,13,0.6923,2.462,0.5107,352.9,0,0
SUP0111,2023-04-01,17,0.5882,4.882,1.0,2855.6,0,0
SUP0111,2023-05-01,15,0.6667,9.333,0.3438,0.0,0,0
SUP0111,2023-06-01,16,0.625,4.5,1.0,0.0,0,0
SUP0111,2023-07-01,13,0.6154,4.846,1.0,0.0,0,0
SUP0111,2023-08-01,17,0.5294,4.353,0.9036,0.0,2,2
SUP0111,2023-09-01,14,0.7143,7.786,1.0,203.4,0,0
SUP0111,2023-10-01,14,0.6429,4.214,1.0,0.0,0,0
SUP0111,2023-11-01,9,0.7778,11.556,1.0,0.0,0,0
SUP0111,2023-12-01,9,0.6667,2.111,0.6232,0.0,0,0
SUP0111,2024-01-01,10,0.8,0.2,1.0,1342.9,0,0
SUP0111,2024-02-01,12,0.75,2.25,1.0,7729.5,0,0
SUP0111,2024-03-01,12,0.8333,1.167,1.0,0.0,0,0
SUP0111,2024-04-01,12,0.8333,1.25,1.0,0.0,0,0
SUP0111,2024-05-01,15,0.7333,2.4,1.0,8235.2,0,0
SUP0111,2024-06-01,12,0.6667,5.083,0.458,0.0,0,0
SUP0111,2024-07-01,15,0.5333,7.333,1.0,0.0,0,0
SUP0111,2024-08-01,12,0.8333,3.417,0.9887,564.6,0,0
SUP0111,2024-09-01,16,0.75,3.688,0.6908,0.0,0,0
SUP0111,2024-10-01,18,0.7778,3.889,1.0,2446.9,0,0
SUP0111,2024-11-01,11,0.8182,1.727,1.0,0.0,0,0
SUP0111,2024-12-01,11,0.9091,0.636,1.0,0.0,0,0
SUP0111,2025-01-01,16,0.6875,3.25,0.9555,0.0,0,0
SUP0111,2025-02-01,12,0.6667,2.167,1.0,0.0,0,0
SUP0111,2025-03-01,15,0.7333,2.133,1.0,0.0,0,0
SUP0111,2025-04-01,15,0.7333,3.733,0.9999,0.0,0,0
SUP0111,2025-05-01,12,0.6667,1.0,1.0,1897.4,0,0
SUP0111,2025-06-01,7,1.0,0.0,1.0,0.0,0,0
SUP0111,2025-07-01,11,0.8182,0.909,1.0,0.0,0,0
SUP0111,2025-08-01,9,0.8889,0.222,0.5875,0.0,0,0
SUP0111,2025-09-01,14,0.7857,3.429,1.0,0.0,2,2
SUP0111,2025-10-01,14,0.7143,1.929,1.0,0.0,0,0
SUP0111,2025-11-01,6,1.0,0.0,1.0,0.0,0,0
SUP0111,2025-12-01,8,0.875,0.0,0.0354,0.0,0,0
SUP0112,2023-02-01,2,0.0,2.0,1.0,,0,0
SUP0112,2023-03-01,3,0.0,7.0,1.0,,0,0
SUP0112,2023-04-01,2,0.0,9.0,0.476,,0,0
SUP0112,2023-05-01,2,0.5,2.5,1.0,,0,0
SUP0112,2023-06-01,2,0.0,8.5,1.0,,0,0
SUP0112,2023-07-01,1,0.0,12.0,1.0,,0,0
SUP0112,2023-10-01,2,0.0,8.5,1.0,,0,0
SUP0112,2023-11-01,4,0.25,5.75,1.0,,0,0
SUP0112,2024-01-01,4,0.0,8.0,0.797,,0,0
SUP0112,2024-02-01,1,0.0,7.0,1.0,,0,0
SUP0112,2024-03-01,2,0.0,9.5,1.0,,0,0
SUP0112,2024-04-01,1,0.0,8.0,1.0,,0,0
SUP0112,2024-06-01,1,0.0,8.0,1.0,,0,0
SUP0112,2024-07-01,1,0.0,14.0,1.0,,0,0
SUP0112,2024-08-01,2,0.0,7.0,1.0,,0,0
SUP0112,2024-09-01,2,0.0,5.5,1.0,,0,0
SUP0112,2024-12-01,1,1.0,0.0,1.0,,0,0
SUP0112,2025-01-01,2,0.0,11.0,0.8822,,0,0
SUP0112,2025-02-01,2,0.5,2.5,0.7178,,0,0
SUP0112,2025-05-01,1,0.0,11.0,1.0,,0,0
SUP0112,2025-06-01,3,0.0,8.333,1.0,,0,0
SUP0112,2025-07-01,2,0.5,0.5,1.0,,0,0
SUP0112,2025-08-01,7,0.1429,7.571,0.9029,,0,0
SUP0112,2025-09-01,1,0.0,8.0,0.5795,,0,0
SUP0112,2025-11-01,2,0.0,4.5,1.0,,0,0
SUP0112,2025-12-01,3,0.6667,0.0,0.7691,,0,0
SUP0113,2023-04-01,3,0.3333,2.333,1.0,,0,0
SUP0113,2023-05-01,3,0.0,7.0,1.0,,0,0
SUP0113,2023-06-01,3,0.0,10.667,1.0,,0,0
SUP0113,2023-08-01,4,0.5,3.0,1.0,,0,0
SUP0113,2023-09-01,3,0.0,2.333,1.0,,0,0
SUP0113,2023-11-01,1,0.0,10.0,1.0,,0,0
SUP0113,2023-12-01,2,0.5,3.5,0.5419,,0,0
SUP0113,2024-01-01,1,1.0,0.0,1.0,,0,0
SUP0113,2024-03-01,3,0.3333,5.667,0.9446,,0,0
SUP0113,2024-04-01,1,0.0,14.0,1.0,,0,0
SUP0113,2024-05-01,3,0.3333,6.333,0.7504,,0,0
SUP0113,2024-06-01,1,0.0,8.0,1.0,,0,0
SUP0113,2024-07-01,2,0.0,7.5,1.0,,0,0
SUP0113,2024-08-01,1,0.0,0.0,0.397,,0,0
SUP0113,2024-09-01,1,1.0,0.0,1.0,,0,0
SUP0113,2024-10-01,1,0.0,8.0,1.0,,0,0
SUP0113,2024-11-01,5,0.0,7.8,1.0,,0,0
SUP0113,2024-12-01,2,0.0,6.0,1.0,,0,0
SUP0113,2025-02-01,3,0.0,11.333,0.9511,,0,0
SUP0113,2025-03-01,3,0.3333,7.667,1.0,,0,0
SUP0113,2025-04-01,1,0.0,8.0,1.0,,1,0
SUP0113,2025-05-01,2,0.0,12.5,1.0,,0,0
SUP0113,2025-06-01,2,0.5,2.0,1.0,,0,0
SUP0113,2025-07-01,3,0.0,9.0,1.0,,0,0
SUP0113,2025-09-01,1,0.0,8.0,0.6562,,0,0
SUP0113,2025-10-01,3,0.6667,4.0,1.0,,0,0
SUP0113,2025-11-01,1,0.0,13.0,1.0,,0,0
SUP0113,2025-12-01,7,0.2857,3.25,0.469,,0,0
SUP0114,2023-04-01,3,0.0,8.333,0.6109,,0,0
SUP0114,2023-05-01,2,0.0,1.5,1.0,,0,0
SUP0114,2023-06-01,3,0.0,7.0,1.0,,0,0
SUP0114,2023-07-01,1,0.0,7.0,1.0,,0,0
SUP0114,2023-09-01,2,0.0,9.0,1.0,,0,0
SUP0114,2023-10-01,1,0.0,9.0,1.0,,0,0
SUP0114,2023-12-01,1,0.0,10.0,1.0,,0,0
SUP0114,2024-02-01,1,0.0,9.0,1.0,,0,0
SUP0114,2024-03-01,4,0.25,8.25,1.0,,0,0
SUP0114,2024-04-01,1,0.0,9.0,0.4479,,0,0
SUP0114,2024-05-01,2,0.5,5.5,1.0,,0,0
SUP0114,2024-09-01,3,0.6667,4.667,1.0,,0,0
SUP0114,2024-10-01,5,0.0,4.6,1.0,,0,0
SUP0114,2024-11-01,2,0.5,3.0,1.0,,0,0
SUP0114,2024-12-01,3,0.3333,4.0,1.0,,0,0
SUP0114,2025-01-01,5,0.2,4.8,1.0,,0,0
SUP0114,2025-02-01,2,0.5,7.0,1.0,,0,0
SUP0114,2025-03-01,4,0.0,7.25,0.8115,,0,0
SUP0114,2025-04-01,4,0.25,3.5,1.0,,0,0
SUP0114,2025-05-01,2,0.0,3.0,1.0,,0,0
SUP0114,2025-06-01,4,0.0,9.0,1.0,,1,0
SUP0114,2025-08-01,1,0.0,5.0,1.0,,0,0
SUP0114,2025-09-01,3,0.6667,2.667,1.0,,0,0
SUP0114,2025-10-01,2,0.0,6.0,0.8765,,0,0
SUP0114,2025-11-01,3,0.3333,3.333,1.0,,0,0
SUP0114,2025-12-01,5,0.2,4.0,0.2057,,0,0
SUP0115,2023-01-01,2,0.0,10.0,1.0,,0,0
SUP0115,2023-02-01,2,0.5,1.5,1.0,,0,0
SUP0115,2023-03-01,1,1.0,0.0,1.0,,0,0
SUP0115,2023-04-01,4,0.25,4.25,1.0,,0,0
SUP0115,2023-05-01,3,0.0,5.0,0.783,,0,0
SUP0115,2023-07-01,3,0.0,10.333,1.0,,0,0
SUP0115,2023-08-01,1,0.0,9.0,1.0,,1,0
SUP0115,2023-09-01,2,0.0,8.0,1.0,,0,0
SUP0115,2023-10-01,3,0.0,5.333,1.0,,0,0
SUP0115,2023-12-01,3,0.0,6.333,1.0,,0,0
SUP0115,2024-01-01,1,0.0,12.0,1.0,,0,0
SUP0115,2024-02-01,3,0.0,6.0,1.0,,0,0
SUP0115,2024-03-01,2,0.5,3.0,1.0,,0,0
SUP0115,2024-04-01,1,0.0,13.0,1.0,,0,0
SUP0115,2024-05-01,4,0.25,6.25,1.0,,1,1
SUP0115,2024-06-01,2,0.0,4.5,1.0,,0,0
SUP0115,2024-07-01,1,0.0,11.0,1.0,,0,0
SUP0115,2024-10-01,2,0.5,4.0,1.0,,0,0
SUP0115,2024-11-01,2,0.0,12.5,1.0,,0,0
SUP0115,2024-12-01,2,0.5,6.0,1.0,,0,0
SUP0115,2025-01-01,8,0.125,5.625,1.0,,0,0
SUP0115,2025-02-01,3,0.0,4.0,1.0,,0,0
SUP0115,2025-03-01,3,0.3333,7.667,1.0,,0,0
SUP0115,2025-04-01,1,0.0,12.0,1.0,,0,0
SUP0115,2025-05-01,2,0.0,4.5,1.0,,0,0
SUP0115,2025-06-01,3,0.3333,8.333,1.0,,0,0
SUP0115,2025-07-01,2,0.5,6.5,0.6996,,0,0
SUP0115,2025-08-01,4,0.5,4.0,1.0,,0,0
SUP0115,2025-09-01,2,1.0,0.0,1.0,,0,0
SUP0115,2025-10-01,3,0.0,5.667,1.0,,0,0
SUP0115,2025-11-01,1,1.0,0.0,1.0,,0,0
SUP0115,2025-12-01,3,0.0,,0.0,,0,0
SUP0116,2023-02-01,3,1.0,0.0,1.0,0.0,0,0
SUP0116,2023-03-01,3,0.6667,3.333,1.0,0.0,0,0
SUP0116,2023-04-01,5,0.6,0.6,1.0,0.0,0,0
SUP0116,2023-05-01,6,0.3333,4.833,0.9999,0.0,0,0
SUP0116,2023-06-01,6,0.5,2.333,1.0,0.0,0,0
SUP0116,2023-07-01,7,0.4286,13.429,1.0,0.0,0,0
SUP0116,2023-08-01,4,0.5,4.75,1.0,0.0,0,0
SUP0116,2023-09-01,8,0.5,8.25,0.9998,0.0,0,0
SUP0116,2023-10-01,9,0.6667,1.0,1.0,22635.0,0,0
SUP0116,2023-11-01,9,0.4444,12.889,1.0,0.0,0,0
SUP0116,2023-12-01,6,0.6667,4.667,1.0,1500.5,0,0
SUP0116,2024-01-01,10,0.7,2.4,1.0,0.0,0,0
SUP0116,2024-02-01,7,0.5714,1.429,0.9999,3313.0,0,0
SUP0116,2024-03-01,13,0.4615,7.538,1.0,0.0,0,0
SUP0116,2024-04-01,5,1.0,0.0,1.0,21041.7,0,0
SUP0116,2024-05-01,7,0.7143,1.857,1.0,0.0,0,0
SUP0116,2024-06-01,6,0.8333,0.667,1.0,0.0,0,0
SUP0116,2024-07-01,7,0.4286,4.0,1.0,4457.6,0,0
SUP0116,2024-08-01,10,0.6,4.5,0.8968,0.0,0,0
SUP0116,2024-09-01,8,0.75,2.75,1.0,0.0,0,0
SUP0116,2024-10-01,6,0.6667,2.0,1.0,0.0,1,1
SUP0116,2024-11-01,10,0.8,2.0,1.0,0.0,0,0
SUP0116,2024-12-01,5,1.0,0.0,1.0,0.0,0,0
SUP0116,2025-01-01,5,0.4,3.6,0.9999,0.0,0,0
SUP0116,2025-02-01,8,0.25,8.625,0.9257,0.0,0,0
SUP0116,2025-03-01,6,0.5,5.5,1.0,0.0,0,0
SUP0116,2025-04-01,2,1.0,0.0,1.0,0.0,0,0
SUP0116,2025-05-01,4,0.25,10.0,1.0,0.0,0,0
SUP0116,2025-06-01,5,0.2,28.2,0.2006,0.0,0,0
SUP0116,2025-07-01,7,0.5714,6.857,0.9649,0.0,0,0
SUP0116,2025-08-01,11,0.6364,3.364,1.0,0.0,0,0
SUP0116,2025-09-01,12,0.4167,8.917,1.0,0.0,0,0
SUP0116,2025-10-01,7,0.5714,4.143,1.0,0.0,0,0
SUP0116,2025-11-01,5,0.8,1.8,1.0,0.0,0,0
SUP0116,2025-12-01,8,0.5,3.0,0.263,0.0,0,0
SUP0117,2023-01-01,1,0.0,1.0,1.0,,0,0
SUP0117,2023-02-01,1,0.0,5.0,1.0,,0,0
SUP0117,2023-03-01,2,0.0,6.0,1.0,,0,0
SUP0117,2023-04-01,1,0.0,13.0,1.0,,0,0
SUP0117,2023-05-01,4,0.75,0.5,1.0,,0,0
SUP0117,2023-06-01,1,0.0,10.0,1.0,,0,0
SUP0117,2023-07-01,3,0.0,5.667,1.0,,0,0
SUP0117,2023-08-01,1,0.0,1.0,1.0,,0,0
SUP0117,2023-09-01,1,0.0,6.0,1.0,,0,0
SUP0117,2023-10-01,4,0.25,4.25,0.9618,,0,0
SUP0117,2023-11-01,1,0.0,9.0,1.0,,0,0
SUP0117,2023-12-01,3,0.6667,4.333,1.0,,0,0
SUP0117,2024-01-01,1,0.0,7.0,1.0,,0,0
SUP0117,2024-02-01,2,0.5,3.5,1.0,,0,0
SUP0117,2024-03-01,1,0.0,4.0,1.0,,0,0
SUP0117,2024-04-01,1,0.0,3.0,1.0,,0,0
SUP0117,2024-05-01,2,0.0,7.5,1.0,,0,0
SUP0117,2024-06-01,2,0.5,7.0,1.0,,0,0
SUP0117,2024-07-01,1,0.0,7.0,1.0,,0,0
SUP0117,2024-08-01,5,0.4,4.0,1.0,,0,0
SUP0117,2024-09-01,2,0.0,9.0,1.0,,0,0
SUP0117,2024-10-01,1,0.0,7.0,1.0,,0,0
SUP0117,2024-11-01,2,0.5,2.5,1.0,,0,0
SUP0117,2024-12-01,4,0.0,5.75,1.0,,0,0
SUP0117,2025-01-01,1,0.0,14.0,1.0,,0,0
SUP0117,2025-03-01,3,0.6667,1.0,1.0,,0,0
SUP0117,2025-05-01,5,0.0,6.2,1.0,,0,0
SUP0117,2025-06-01,1,0.0,8.0,1.0,,0,0
SUP0117,2025-07-01,4,0.25,4.5,0.999,,0,0
SUP0117,2025-08-01,1,0.0,11.0,1.0,,0,0
SUP0117,2025-09-01,1,0.0,11.0,1.0,,0,0
SUP0117,2025-10-01,5,0.4,3.4,0.7412,,0,0
SUP0117,2025-11-01,1,0.0,12.0,1.0,,0,0
SUP0118,2023-03-01,1,1.0,0.0,1.0,,0,0
SUP0118,2023-04-01,3,0.3333,2.667,1.0,,0,0
SUP0118,2023-05-01,2,0.5,3.0,1.0,,0,0
SUP0118,2023-06-01,2,0.0,12.0,0.6465,,0,0
SUP0118,2023-07-01,2,0.5,3.0,1.0,,0,0
SUP0118,2023-08-01,4,0.25,3.25,0.899,,0,0
SUP0118,2023-09-01,4,0.0,6.75,1.0,,0,0
SUP0118,2023-11-01,3,0.0,9.0,1.0,,0,0
SUP0118,2023-12-01,1,0.0,5.0,1.0,,0,0
SUP0118,2024-01-01,3,0.6667,4.0,1.0,,0,0
SUP0118,2024-03-01,2,0.0,10.5,0.7531,,0,0
SUP0118,2024-04-01,1,0.0,9.0,1.0,,0,0
SUP0118,2024-05-01,2,0.0,3.0,0.387,,0,0
SUP0118,2024-06-01,1,0.0,8.0,1.0,,0,0
SUP0118,2024-08-01,2,0.0,2.0,0.9763,,0,0
SUP0118,2024-09-01,1,0.0,4.0,1.0,,0,0
SUP0118,2024-10-01,3,0.3333,5.333,1.0,,0,0
SUP0118,2024-12-01,1,0.0,5.0,1.0,,0,0
SUP0118,2025-01-01,4,0.0,7.5,0.9591,,0,0
SUP0118,2025-02-01,4,0.0,9.75,1.0,,0,0
SUP0118,2025-03-01,2,0.0,6.0,1.0,,0,0
SUP0118,2025-05-01,2,0.0,8.5,1.0,,0,0
SUP0118,2025-07-01,6,0.0,5.167,1.0,,0,0
SUP0118,2025-09-01,1,0.0,6.0,0.1676,,0,0
SUP0118,2025-10-01,2,0.5,0.5,1.0,,0,0
SUP0118,2025-11-01,2,0.0,1.5,0.7638,,0,0
SUP0118,2025-12-01,7,0.0,4.667,0.2112,,0,0
SUP0119,2023-02-01,2,0.0,10.5,1.0,,0,0
SUP0119,2023-03-01,1,0.0,11.0,1.0,,0,0
SUP0119,2023-04-01,2,0.0,8.5,1.0,,0,0
SUP0119,2023-05-01,3,0.3333,3.333,1.0,,0,0
SUP0119,2023-06-01,2,0.5,0.5,1.0,,0,0
SUP0119,2023-07-01,2,0.0,10.0,1.0,,0,0
SUP0119,2023-08-01,2,0.0,3.5,0.5737,,0,0
SUP0119,2023-09-01,2,0.5,4.5,1.0,,0,0
SUP0119,2023-10-01,3,0.3333,4.0,1.0,,0,0
SUP0119,2023-11-01,2,0.0,14.0,1.0,,0,0
SUP0119,2023-12-01,2,0.0,10.5,1.0,,0,0
SUP0119,2024-01-01,1,0.0,8.0,1.0,,0,0
SUP0119,2024-02-01,1,0.0,7.0,1.0,,0,0
SUP0119,2024-03-01,2,0.0,4.5,1.0,,0,0
SUP0119,2024-04-01,2,0.0,9.0,0.9072,,0,0
SUP0119,2024-05-01,2,0.0,8.5,1.0,,0,0
SUP0119,2024-07-01,1,0.0,14.0,1.0,,0,0
SUP0119,2024-08-01,5,0.0,4.4,0.9548,,0,0
SUP0119,2024-10-01,2,0.0,1.5,0.7899,,0,0
SUP0119,2024-11-01,1,0.0,7.0,1.0,,0,0
SUP0119,2024-12-01,6,0.1667,7.833,0.788,,0,0
SUP0119,2025-01-01,2,0.0,7.5,1.0,,0,0
SUP0119,2025-02-01,2,0.0,7.0,1.0,,0,0
SUP0119,2025-03-01,3,0.0,6.333,0.9374,,0,0
SUP0119,2025-04-01,1,0.0,14.0,1.0,,0,0
SUP0119,2025-05-01,4,0.25,4.5,1.0,,0,0
SUP0119,2025-06-01,2,0.5,1.5,1.0,,0,0
SUP0119,2025-07-01,3,0.6667,3.667,1.0,,0,0
SUP0119,2025-08-01,4,0.25,7.75,1.0,,0,0
SUP0119,2025-09-01,2,0.0,7.0,1.0,,0,0
SUP0119,2025-11-01,1,0.0,9.0,1.0,,0,0
SUP0119,2025-12-01,1,0.0,,0.0,,0,0
SUP0120,2023-03-01,1,0.0,7.0,1.0,,0,0
SUP0120,2023-07-01,1,0.0,13.0,1.0,,0,0
SUP0120,2023-08-01,3,0.0,6.333,1.0,,0,0
SUP0120,2023-09-01,2,1.0,0.0,1.0,,0,0
SUP0120,2023-10-01,4,0.25,6.75,1.0,,0,0
SUP0120,2023-11-01,3,0.3333,6.0,1.0,,0,0
SUP0120,2023-12-01,2,1.0,0.0,1.0,,0,0
SUP0120,2024-01-01,4,0.25,7.0,1.0,,0,0
SUP0120,2024-02-01,4,0.25,4.5,1.0,,0,0
SUP0120,2024-03-01,3,0.0,9.0,0.4684,,0,0
SUP0120,2024-04-01,3,0.0,4.667,0.9188,,0,0
SUP0120,2024-05-01,3,0.0,6.0,0.8092,,0,0
SUP0120,2024-06-01,2,0.0,5.0,1.0,,0,0
SUP0120,2024-07-01,1,0.0,12.0,1.0,,0,0
SUP0120,2024-08-01,2,0.0,2.0,1.0,,0,0
SUP0120,2024-09-01,4,0.25,5.5,1.0,,0,0
SUP0120,2024-10-01,2,0.0,9.5,1.0,,0,0
SUP0120,2024-11-01,1,1.0,0.0,1.0,,0,0
SUP0120,2024-12-01,3,0.0,4.0,1.0,,0,0
SUP0120,2025-01-01,3,0.0,6.333,0.5712,,0,0
SUP0120,2025-02-01,1,0.0,5.0,1.0,,0,0
SUP0120,2025-03-01,1,0.0,11.0,1.0,,0,0
SUP0120,2025-04-01,2,0.5,1.0,1.0,,0,0
SUP0120,2025-05-01,2,0.0,10.0,1.0,,0,0
SUP0120,2025-06-01,2,0.5,0.5,1.0,,0,0
SUP0120,2025-08-01,2,0.5,0.5,1.0,,0,0
SUP0120,2025-09-01,6,0.1667,4.5,0.933,,0,0
SUP0120,2025-10-01,3,0.3333,6.333,1.0,,0,0
SUP0120,2025-12-01,1,1.0,0.0,1.0,,0,0
SUP0121,2023-02-01,2,0.0,5.0,0.2286,,0,0
SUP0121,2023-03-01,3,0.3333,6.333,0.9992,,0,0
SUP0121,2023-04-01,4,0.5,4.25,1.0,,0,0
SUP0121,2023-05-01,2,0.0,12.5,1.0,,0,0
SUP0121,2023-06-01,1,0.0,2.0,1.0,,0,0
SUP0121,2023-07-01,1,0.0,3.0,1.0,,0,0
SUP0121,2023-08-01,3,0.0,6.667,1.0,,0,0
SUP0121,2023-09-01,2,0.5,1.5,1.0,,0,0
SUP0121,2023-10-01,1,0.0,9.0,1.0,,0,0
SUP0121,2023-11-01,2,0.5,6.0,0.7083,,0,0
SUP0121,2023-12-01,3,0.3333,5.0,0.8575,,0,0
SUP0121,2024-01-01,2,0.0,7.0,1.0,,0,0
SUP0121,2024-02-01,4,0.5,2.0,1.0,,0,0
SUP0121,2024-03-01,4,0.25,5.75,1.0,,0,0
SUP0121,2024-04-01,1,1.0,0.0,1.0,,0,0
SUP0121,2024-05-01,1,0.0,8.0,1.0,,0,0
SUP0121,2024-06-01,3,0.0,8.667,1.0,,0,0
SUP0121,2024-07-01,1,0.0,10.0,1.0,,0,0
SUP0121,2024-08-01,1,1.0,0.0,1.0,,0,0
SUP0121,2024-09-01,2,0.5,3.5,1.0,,0,0
SUP0121,2024-10-01,3,0.3333,6.333,1.0,,0,0
SUP0121,2024-11-01,2,0.0,4.0,1.0,,0,0
SUP0121,2024-12-01,1,1.0,0.0,1.0,,0,0
SUP0121,2025-01-01,2,0.5,0.5,1.0,,0,0
SUP0121,2025-02-01,2,0.0,5.5,1.0,,0,0
SUP0121,2025-03-01,2,0.0,9.5,1.0,,0,0
SUP0121,2025-05-01,2,0.0,7.0,1.0,,0,0
SUP0121,2025-06-01,1,1.0,0.0,1.0,,0,0
SUP0121,2025-08-01,1,0.0,6.0,1.0,,0,0
SUP0121,2025-09-01,1,0.0,4.0,1.0,,0,0
SUP0121,2025-10-01,2,0.5,1.5,1.0,,0,0
SUP0121,2025-11-01,4,0.5,4.25,1.0,,0,0
SUP0121,2025-12-01,4,0.5,0.0,0.3409,,0,0
SUP0122,2023-02-01,3,0.0,7.0,0.9452,,0,0
SUP0122,2023-04-01,4,0.0,5.75,1.0,,0,0
SUP0122,2023-05-01,3,0.0,7.0,1.0,,0,0
SUP0122,2023-06-01,2,1.0,0.0,1.0,,0,0
SUP0122,2023-10-01,1,0.0,10.0,1.0,,0,0
SUP0122,2023-11-01,1,0.0,10.0,1.0,,0,0
SUP0122,2023-12-01,3,0.3333,3.667,1.0,,0,0
SUP0122,2024-01-01,3,0.0,5.0,1.0,,0,0
SUP0122,2024-02-01,2,0.5,2.5,0.6041,,0,0
SUP0122,2024-03-01,1,0.0,1.0,1.0,,0,0
SUP0122,2024-04-01,3,0.0,7.0,1.0,,0,0
SUP0122,2024-05-01,1,0.0,7.0,1.0,,0,0
SUP0122,2024-07-01,3,0.0,7.667,0.9402,,0,0
SUP0122,2024-09-01,5,0.2,6.0,1.0,,0,0
SUP0122,2024-10-01,1,0.0,12.0,1.0,,0,0
SUP0122,2024-11-01,3,0.3333,4.0,1.0,,0,0
SUP0122,2024-12-01,1,0.0,11.0,1.0,,0,0
SUP0122,2025-01-01,2,0.5,5.0,1.0,,0,0
SUP0122,2025-02-01,2,0.0,6.5,1.0,,0,0
SUP0122,2025-04-01,1,0.0,3.0,1.0,,0,0
SUP0122,2025-05-01,2,0.5,2.0,1.0,,0,0
SUP0122,2025-07-01,1,0.0,3.0,1.0,,0,0
SUP0122,2025-08-01,3,0.0,8.333,1.0,,0,0
SUP0122,2025-10-01,1,0.0,3.0,1.0,,0,0
SUP0122,2025-11-01,1,0.0,8.0,1.0,,0,0
SUP0122,2025-12-01,2,0.0,1.0,0.0252,,0,0
SUP0123,2023-02-01,1,0.0,5.0,1.0,,0,0
SUP0123,2023-03-01,1,0.0,13.0,1.0,,0,0
SUP0123,2023-04-01,1,0.0,5.0,1.0,,0,0
SUP0123,2023-06-01,2,0.5,7.0,1.0,,0,0
SUP0123,2023-07-01,2,0.5,5.0,1.0,,0,0
SUP0123,2023-08-01,4,0.25,7.5,0.87,,0,0
SUP0123,2023-09-01,1,0.0,3.0,1.0,,0,0
SUP0123,2023-10-01,2,0.0,10.0,0.8386,,0,0
SUP0123,2023-11-01,2,0.0,4.0,1.0,,0,0
SUP0123,2023-12-01,1,0.0,1.0,1.0,,0,0
SUP0123,2024-01-01,2,0.5,0.5,1.0,,0,0
SUP0123,2024-02-01,1,1.0,0.0,1.0,,0,0
SUP0123,2024-03-01,1,0.0,12.0,1.0,,0,0
SUP0123,2024-04-01,4,0.5,3.75,1.0,,0,0
SUP0123,2024-06-01,1,1.0,0.0,1.0,,0,0
SUP0123,2024-07-01,2,0.5,6.5,1.0,,0,0
SUP0123,2024-08-01,3,0.3333,5.333,1.0,,0,0
SUP0123,2024-09-01,2,0.0,7.0,1.0,,0,0
SUP0123,2024-11-01,1,0.0,6.0,1.0,,0,0
SUP0123,2024-12-01,4,0.5,5.25,0.852,,0,0
SUP0123,2025-01-01,2,0.0,7.0,1.0,,0,0
SUP0123,2025-02-01,3,0.3333,5.667,1.0,,0,0
SUP0123,2025-03-01,3,0.0,8.333,1.0,,0,0
SUP0123,2025-04-01,2,1.0,0.0,1.0,,0,0
SUP0123,2025-05-01,2,1.0,0.0,1.0,,0,0
SUP0123,2025-06-01,1,0.0,1.0,1.0,,0,0
SUP0123,2025-07-01,1,0.0,2.0,1.0,,0,0
SUP0123,2025-08-01,2,0.0,6.5,1.0,,0,0
SUP0123,2025-09-01,1,0.0,2.0,1.0,,0,0
SUP0123,2025-11-01,1,0.0,13.0,1.0,,0,0
SUP0123,2025-12-01,2,0.0,6.0,0.6836,,0,0
SUP0124,2023-02-01,2,1.0,0.0,1.0,,0,0
SUP0124,2023-03-01,2,0.0,8.0,1.0,,0,0
SUP0124,2023-04-01,2,0.5,2.5,1.0,,0,0
SUP0124,2023-05-01,1,0.0,5.0,1.0,,0,0
SUP0124,2023-06-01,3,0.3333,6.667,1.0,,0,0
SUP0124,2023-07-01,1,0.0,10.0,1.0,,0,0
SUP0124,2023-08-01,1,1.0,0.0,1.0,,0,0
SUP0124,2023-09-01,3,0.0,7.667,1.0,,0,0
SUP0124,2023-10-01,3,0.0,10.667,1.0,,0,0
SUP0124,2023-11-01,3,0.3333,4.333,0.7801,,0,0
SUP0124,2023-12-01,1,0.0,10.0,1.0,,0,0
SUP0124,2024-01-01,2,0.0,10.0,0.8596,,0,0
SUP0124,2024-02-01,1,1.0,0.0,1.0,,0,0
SUP0124,2024-03-01,3,0.3333,6.333,1.0,,0,0
SUP0124,2024-04-01,3,0.0,7.0,1.0,,0,0
SUP0124,2024-05-01,3,0.0,1.333,1.0,,0,0
SUP0124,2024-06-01,3,0.3333,5.333,1.0,,0,0
SUP0124,2024-07-01,3,0.3333,4.667,0.862,,0,0
SUP0124,2024-08-01,2,0.0,13.5,1.0,,0,0
SUP0124,2024-09-01,3,0.3333,1.667,0.7642,,0,0
SUP0124,2024-10-01,2,0.0,10.5,1.0,,0,0
SUP0124,2024-11-01,1,0.0,3.0,1.0,,0,0
SUP0124,2024-12-01,1,0.0,12.0,1.0,,0,0
SUP0124,2025-01-01,2,0.0,3.0,1.0,,0,0
SUP0124,2025-04-01,4,0.0,9.75,1.0,,0,0
SUP0124,2025-05-01,2,0.0,14.0,1.0,,0,0
SUP0124,2025-06-01,4,0.25,5.75,0.7457,,0,0
SUP0124,2025-07-01,1,0.0,7.0,1.0,,0,0
SUP0124,2025-08-01,5,0.2,8.4,1.0,,0,0
SUP0124,2025-09-01,1,0.0,4.0,1.0,,0,0
SUP0124,2025-10-01,2,0.0,8.0,1.0,,0,0
SUP0124,2025-11-01,2,0.5,4.5,1.0,,0,0
SUP0124,2025-12-01,1,0.0,,0.0,,0,0
SUP0125,2023-01-01,2,0.0,2.5,0.8381,,0,0
SUP0125,2023-02-01,1,0.0,11.0,1.0,,0,0
SUP0125,2023-04-01,1,0.0,3.0,1.0,,0,0
SUP0125,2023-05-01,2,0.0,8.5,1.0,,0,0
SUP0125,2023-06-01,1,1.0,0.0,1.0,,0,0
SUP0125,2023-07-01,5,0.2,3.8,1.0,,0,0
SUP0125,2023-08-01,1,0.0,1.0,1.0,,1,0
SUP0125,2023-09-01,1,0.0,9.0,1.0,,0,0
SUP0125,2023-10-01,4,0.0,10.5,0.9311,,0,0
SUP0125,2023-11-01,1,0.0,12.0,1.0,,0,0
SUP0125,2023-12-01,1,0.0,5.0,0.2336,,0,0
SUP0125,2024-01-01,4,0.25,6.25,1.0,,0,0
SUP0125,2024-02-01,1,1.0,0.0,1.0,,0,0
SUP0125,2024-04-01,1,0.0,2.0,1.0,,0,0
SUP0125,2024-05-01,1,1.0,0.0,1.0,,0,0
SUP0125,2024-06-01,2,0.5,3.0,1.0,,0,0
SUP0125,2024-07-01,3,0.3333,5.667,1.0,,0,0
SUP0125,2024-09-01,2,0.0,7.5,1.0,,0,0
SUP0125,2024-10-01,1,0.0,8.0,1.0,,0,0
SUP0125,2024-11-01,2,0.5,2.5,1.0,,0,0
SUP0125,2024-12-01,3,0.0,9.667,1.0,,0,0
SUP0125,2025-01-01,1,0.0,4.0,1.0,,0,0
SUP0125,2025-03-01,2,0.0,1.0,1.0,,0,0
SUP0125,2025-04-01,8,0.125,4.375,0.8989,,0,0
SUP0125,2025-05-01,1,0.0,3.0,1.0,,1,0
SUP0125,2025-06-01,6,0.1667,8.833,0.9502,,0,0
SUP0125,2025-07-01,3,0.0,7.333,1.0,,0,0
SUP0125,2025-08-01,2,0.5,1.5,1.0,,0,0
SUP0125,2025-09-01,2,0.0,5.5,1.0,,0,0
SUP0125,2025-10-01,3,0.3333,4.0,1.0,,0,0
SUP0125,2025-11-01,3,0.0,7.0,0.3361,,0,0
SUP0125,2025-12-01,2,0.0,,0.0,,0,0
SUP0126,2023-01-01,2,0.0,8.0,1.0,,0,0
SUP0126,2023-02-01,2,0.0,5.5,1.0,,0,0
SUP0126,2023-03-01,3,0.0,12.0,1.0,,0,0
SUP0126,2023-04-01,2,0.0,11.0,1.0,,0,0
SUP0126,2023-06-01,2,0.0,13.0,0.5292,,0,0
SUP0126,2023-07-01,1,0.0,10.0,1.0,,0,0
SUP0126,2023-08-01,2,0.5,4.0,1.0,,0,0
SUP0126,2023-09-01,1,0.0,4.0,1.0,,0,0
SUP0126,2023-10-01,3,0.0,4.0,1.0,,0,0
SUP0126,2023-11-01,3,0.3333,5.0,1.0,,0,0
SUP0126,2023-12-01,6,0.3333,7.0,1.0,,0,0
SUP0126,2024-01-01,4,0.5,3.75,1.0,,0,0
SUP0126,2024-02-01,3,0.0,10.0,1.0,,0,0
SUP0126,2024-03-01,3,0.3333,3.667,1.0,,0,0
SUP0126,2024-04-01,3,0.0,7.0,1.0,,0,0
SUP0126,2024-05-01,2,0.0,14.0,0.6581,,0,0
SUP0126,2024-06-01,1,0.0,9.0,1.0,,0,0
SUP0126,2024-07-01,3,0.6667,2.333,1.0,,0,0
SUP0126,2024-08-01,2,0.5,6.0,1.0,,0,0
SUP0126,2024-09-01,4,0.25,5.0,1.0,,0,0
SUP0126,2024-10-01,3,0.0,8.667,1.0,,0,0
SUP0126,2024-11-01,3,0.0,9.333,0.7288,,0,0
SUP0126,2025-01-01,1,0.0,1.0,1.0,,0,0
SUP0126,2025-02-01,4,0.25,7.5,1.0,,0,0
SUP0126,2025-03-01,1,0.0,4.0,1.0,,0,0
SUP0126,2025-04-01,2,0.0,10.5,1.0,,0,0
SUP0126,2025-05-01,2,0.0,3.0,1.0,,0,0
SUP0126,2025-06-01,2,0.5,4.5,1.0,,0,0
SUP0126,2025-07-01,1,1.0,0.0,1.0,,0,0
SUP0126,2025-09-01,1,0.0,7.0,1.0,,0,0
SUP0126,2025-10-01,3,0.0,6.667,1.0,,0,0
SUP0126,2025-11-01,2,0.5,4.0,1.0,,0,0
SUP0126,2025-12-01,2,0.0,,0.0,,0,0
SUP0127,2023-03-01,3,0.3333,5.667,1.0,,0,0
SUP0127,2023-04-01,2,0.0,11.5,1.0,,0,0
SUP0127,2023-05-01,1,0.0,3.0,1.0,,0,0
SUP0127,2023-06-01,3,0.3333,6.667,1.0,,0,0
SUP0127,2023-07-01,1,1.0,0.0,1.0,,0,0
SUP0127,2023-08-01,4,0.25,4.25,0.7437,,0,0
SUP0127,2023-09-01,3,0.0,3.667,1.0,,0,0
SUP0127,2023-10-01,4,0.5,7.0,0.9419,,0,0
SUP0127,2023-12-01,1,0.0,11.0,1.0,,0,0
SUP0127,2024-01-01,2,0.0,8.0,0.7039,,1,0
SUP0127,2024-02-01,4,0.25,7.5,1.0,,0,0
SUP0127,2024-03-01,2,0.0,4.0,1.0,,0,0
SUP0127,2024-06-01,1,0.0,10.0,1.0,,0,0
SUP0127,2024-07-01,3,0.0,11.333,1.0,,0,0
SUP0127,2024-08-01,4,0.0,5.5,0.9828,,0,0
SUP0127,2024-10-01,3,0.3333,2.333,1.0,,0,0
SUP0127,2024-11-01,2,0.0,5.0,1.0,,0,0
SUP0127,2025-01-01,5,0.0,8.2,0.7905,,0,0
SUP0127,2025-03-01,1,0.0,7.0,1.0,,0,0
SUP0127,2025-04-01,1,0.0,10.0,1.0,,0,0
SUP0127,2025-05-01,2,0.0,11.5,1.0,,0,0
SUP0127,2025-06-01,1,0.0,9.0,1.0,,0,0
SUP0127,2025-07-01,1,0.0,1.0,1.0,,0,0
SUP0127,2025-08-01,2,1.0,0.0,1.0,,0,0
SUP0127,2025-09-01,2,0.5,6.0,1.0,,0,0
SUP0127,2025-11-01,1,0.0,6.0,1.0,,0,0
SUP0127,2025-12-01,3,0.0,,0.0,,0,0
SUP0128,2023-02-01,8,0.5,6.25,1.0,0.0,0,0
SUP0128,2023-03-01,7,0.5714,8.571,1.0,0.0,0,0
SUP0128,2023-04-01,12,0.6667,3.5,1.0,6402.6,0,0
SUP0128,2023-05-01,7,0.7143,1.714,0.8228,0.0,0,0
SUP0128,2023-06-01,9,0.3333,7.889,1.0,0.0,0,0
SUP0128,2023-07-01,8,0.375,7.5,0.9997,0.0,0,0
SUP0128,2023-08-01,8,0.625,2.25,0.9998,0.0,0,0
SUP0128,2023-09-01,4,1.0,0.0,1.0,12557.1,0,0
SUP0128,2023-10-01,4,1.0,0.0,1.0,0.0,0,0
SUP0128,2023-11-01,8,0.75,2.5,1.0,0.0,0,0
SUP0128,2023-12-01,9,0.5556,6.889,0.5655,0.0,0,0
SUP0128,2024-01-01,16,0.5625,3.688,0.8129,7129.9,0,0
SUP0128,2024-02-01,11,0.6364,1.273,0.8215,0.0,0,0
SUP0128,2024-03-01,11,0.2727,6.0,1.0,0.0,0,0
SUP0128,2024-04-01,11,0.7273,4.182,1.0,0.0,0,0
SUP0128,2024-05-01,9,0.5556,5.0,0.5428,0.0,0,0
SUP0128,2024-06-01,7,0.7143,1.857,0.6097,0.0,0,0
SUP0128,2024-07-01,9,0.5556,7.778,0.8272,0.0,0,0
SUP0128,2024-08-01,13,0.5385,4.692,1.0,0.0,0,0
SUP0128,2024-09-01,10,0.5,11.2,0.9993,0.0,0,0
SUP0128,2024-10-01,10,0.7,8.7,1.0,2004.9,0,0
SUP0128,2024-11-01,7,0.4286,8.0,1.0,0.0,0,0
SUP0128,2024-12-01,6,0.6667,2.333,1.0,0.0,0,0
SUP0128,2025-01-01,12,0.5833,4.5,1.0,0.0,0,0
SUP0128,2025-02-01,7,0.7143,3.714,0.3895,0.0,0,0
SUP0128,2025-03-01,12,0.8333,1.167,1.0,0.0,0,0
SUP0128,2025-04-01,4,0.75,0.0,0.9682,0.0,0,0
SUP0128,2025-05-01,8,0.5,9.25,1.0,0.0,0,0
SUP0128,2025-06-01,6,0.5,8.0,1.0,8067.3,0,0
SUP0128,2025-07-01,7,0.8571,5.286,1.0,0.0,0,0
SUP0128,2025-08-01,7,0.8571,0.429,1.0,0.0,0,0
SUP0128,2025-09-01,10,0.6,4.3,1.0,0.0,0,0
SUP0128,2025-10-01,6,0.1667,11.5,1.0,0.0,0,0
SUP0128,2025-11-01,5,0.4,9.6,1.0,0.0,0,0
SUP0128,2025-12-01,10,0.9,0.4,1.0,0.0,0,0
SUP0129,2023-02-01,1,0.0,20.0,1.0,0.0,0,0
SUP0129,2023-04-01,4,0.25,12.75,1.0,0.0,0,0
SUP0129,2023-05-01,4,0.0,5.25,1.0,0.0,0,0
SUP0129,2023-06-01,3,0.3333,3.0,1.0,,0,0
SUP0129,2023-07-01,2,0.5,3.0,1.0,0.0,0,0
SUP0129,2023-08-01,5,0.6,1.8,1.0,0.0,0,0
SUP0129,2023-09-01,4,0.5,8.5,1.0,0.0,0,0
SUP0129,2023-10-01,5,0.0,10.6,1.0,0.0,0,0
SUP0129,2023-11-01,3,0.3333,4.0,0.711,0.0,0,0
SUP0129,2023-12-01,4,0.0,9.5,1.0,0.0,0,0
SUP0129,2024-01-01,5,0.8,4.0,1.0,0.0,0,0
SUP0129,2024-02-01,3,0.0,3.333,0.7989,0.0,0,0
SUP0129,2024-04-01,3,0.6667,1.333,1.0,0.0,0,0
SUP0129,2024-05-01,5,0.2,12.6,1.0,0.0,0,0
SUP0129,2024-06-01,1,0.0,3.0,1.0,,0,0
SUP0129,2024-07-01,2,0.0,5.0,1.0,0.0,0,0
SUP0129,2024-08-01,3,0.0,6.333,0.7628,,0,0
SUP0129,2024-09-01,4,0.75,2.0,1.0,0.0,0,0
SUP0129,2024-10-01,1,0.0,11.0,1.0,,0,0
SUP0129,2024-11-01,4,0.5,1.25,1.0,0.0,0,0
SUP0129,2024-12-01,2,0.5,5.0,1.0,0.0,1,1
SUP0129,2025-01-01,6,0.3333,7.333,0.398,0.0,0,0
SUP0129,2025-02-01,3,0.3333,8.667,1.0,0.0,0,0
SUP0129,2025-03-01,6,0.3333,3.833,1.0,0.0,0,0
SUP0129,2025-04-01,5,0.8,4.8,1.0,0.0,0,0
SUP0129,2025-05-01,8,0.5,2.875,0.7497,4166.9,0,0
SUP0129,2025-06-01,7,0.2857,14.429,0.9999,0.0,0,0
SUP0129,2025-07-01,6,0.1667,10.0,0.9994,1473.6,0,0
SUP0129,2025-08-01,3,0.6667,0.0,0.9829,0.0,0,0
SUP0129,2025-09-01,1,1.0,0.0,1.0,0.0,0,0
SUP0129,2025-10-01,2,0.5,2.5,1.0,,0,0
SUP0129,2025-11-01,3,0.6667,2.0,1.0,0.0,1,1
SUP0129,2025-12-01,2,0.5,0.0,0.7204,,2,0
SUP0130,2023-01-01,4,0.25,3.0,1.0,,0,0
SUP0130,2023-02-01,1,1.0,0.0,1.0,,0,0
SUP0130,2023-04-01,1,0.0,2.0,1.0,,0,0
SUP0130,2023-05-01,2,0.0,8.0,0.4852,,0,0
SUP0130,2023-06-01,1,0.0,1.0,1.0,,0,0
SUP0130,2023-07-01,2,0.0,9.0,1.0,,0,0
SUP0130,2023-08-01,2,0.0,12.0,0.3135,,0,0
SUP0130,2023-09-01,3,0.0,8.667,1.0,,0,0
SUP0130,2023-10-01,1,0.0,11.0,1.0,,0,0
SUP0130,2023-11-01,5,0.2,4.8,1.0,,0,0
SUP0130,2023-12-01,3,0.0,9.333,1.0,,0,0
SUP0130,2024-01-01,2,0.0,6.5,1.0,,0,0
SUP0130,2024-02-01,2,0.5,2.5,1.0,,0,0
SUP0130,2024-03-01,1,1.0,0.0,1.0,,0,0
SUP0130,2024-04-01,2,0.0,5.5,0.8273,,1,0
SUP0130,2024-05-01,2,0.5,5.5,1.0,,0,0
SUP0130,2024-06-01,2,0.0,8.5,1.0,,1,0
SUP0130,2024-07-01,1,0.0,10.0,1.0,,0,0
SUP0130,2024-08-01,4,0.25,7.0,1.0,,1,0
SUP0130,2024-09-01,1,0.0,12.0,1.0,,0,0
SUP0130,2024-10-01,1,0.0,5.0,1.0,,0,0
SUP0130,2024-11-01,7,0.4286,3.571,0.9611,,0,0
SUP0130,2025-02-01,4,0.5,2.75,1.0,,0,0
SUP0130,2025-03-01,2,1.0,0.0,1.0,,0,0
SUP0130,2025-04-01,3,0.0,7.0,1.0,,0,0
SUP0130,2025-05-01,2,0.0,5.5,1.0,,0,0
SUP0130,2025-06-01,2,0.5,5.0,1.0,,0,0
SUP0130,2025-09-01,1,0.0,7.0,1.0,,0,0
SUP0130,2025-10-01,3,0.3333,3.0,1.0,,0,0
SUP0130,2025-11-01,2,0.0,14.0,0.4289,,0,0
SUP0131,2023-03-01,1,1.0,0.0,1.0,,0,0
SUP0131,2023-04-01,4,0.25,5.0,1.0,,0,0
SUP0131,2023-05-01,3,0.0,6.667,1.0,,0,0
SUP0131,2023-06-01,5,0.4,3.8,1.0,,0,0
SUP0131,2023-07-01,3,0.0,5.333,1.0,,0,0
SUP0131,2023-08-01,3,0.3333,8.0,0.5441,,0,0
SUP0131,2023-09-01,2,0.0,2.0,0.9994,,0,0
SUP0131,2023-10-01,1,1.0,0.0,1.0,,0,0
SUP0131,2023-11-01,5,0.0,8.0,1.0,,0,0
SUP0131,2023-12-01,2,1.0,0.0,1.0,,0,0
SUP0131,2024-01-01,2,0.0,6.0,1.0,,0,0
SUP0131,2024-02-01,1,1.0,0.0,1.0,,0,0
SUP0131,2024-03-01,1,0.0,13.0,0.8378,,0,0
SUP0131,2024-04-01,3,0.0,6.667,1.0,,0,0
SUP0131,2024-05-01,5,0.2,3.8,0.9211,,0,0
SUP0131,2024-06-01,2,0.5,0.0,0.7323,,1,1
SUP0131,2024-07-01,3,0.0,12.333,1.0,,0,0
SUP0131,2024-08-01,2,0.0,5.5,0.6663,,0,0
SUP0131,2024-09-01,3,0.0,6.667,1.0,,0,0
SUP0131,2024-10-01,1,0.0,9.0,1.0,,0,0
SUP0131,2024-11-01,3,0.3333,3.667,1.0,,0,0
SUP0131,2024-12-01,1,0.0,7.0,1.0,,0,0
SUP0131,2025-01-01,2,0.0,10.0,1.0,,0,0
SUP0131,2025-02-01,2,0.5,4.5,1.0,,0,0
SUP0131,2025-03-01,1,0.0,11.0,0.6149,,0,0
SUP0131,2025-04-01,2,0.0,10.0,1.0,,0,0
SUP0131,2025-05-01,2,0.5,6.5,1.0,,0,0
SUP0131,2025-06-01,2,0.0,3.5,1.0,,0,0
SUP0131,2025-07-01,3,0.0,7.667,0.4839,,0,0
SUP0131,2025-08-01,1,0.0,5.0,1.0,,0,0
SUP0131,2025-09-01,1,0.0,10.0,1.0,,0,0
SUP0131,2025-10-01,3,0.3333,4.667,1.0,,0,0
SUP0131,2025-11-01,2,0.5,7.0,1.0,,0,0
SUP0131,2025-12-01,4,0.25,0.0,0.2554,,0,0
SUP0132,2023-01-01,1,0.0,6.0,1.0,,0,0
SUP0132,2023-02-01,4,0.0,7.0,0.9056,,0,0
SUP0132,2023-03-01,3,0.0,8.0,1.0,,0,0
SUP0132,2023-04-01,1,0.0,6.0,1.0,,0,0
SUP0132,2023-07-01,2,0.5,0.0,0.8962,,0,0
SUP0132,2023-08-01,3,0.0,11.333,1.0,,0,0
SUP0132,2023-09-01,3,0.3333,7.667,0.8987,,0,0
SUP0132,2023-10-01,1,0.0,1.0,1.0,,1,0
SUP0132,2023-12-01,1,0.0,4.0,1.0,,0,0
SUP0132,2024-01-01,3,0.3333,6.667,1.0,,0,0
SUP0132,2024-02-01,4,0.25,4.75,1.0,,0,0
SUP0132,2024-03-01,3,0.3333,5.333,1.0,,0,0
SUP0132,2024-04-01,1,1.0,0.0,1.0,,0,0
SUP0132,2024-05-01,2,0.0,7.0,1.0,,0,0
SUP0132,2024-06-01,3,0.3333,5.0,1.0,,0,0
SUP0132,2024-07-01,1,0.0,3.0,1.0,,0,0
SUP0132,2024-08-01,1,1.0,0.0,1.0,,0,0
SUP0132,2024-09-01,3,0.0,9.0,0.897,,0,0
SUP0132,2024-10-01,1,0.0,14.0,1.0,,0,0
SUP0132,2024-11-01,2,0.0,9.0,1.0,,0,0
SUP0132,2024-12-01,3,0.3333,4.667,1.0,,0,0
SUP0132,2025-01-01,1,0.0,12.0,1.0,,0,0
SUP0132,2025-02-01,1,0.0,3.0,1.0,,0,0
SUP0132,2025-03-01,2,0.5,5.0,1.0,,0,0
SUP0132,2025-04-01,1,0.0,10.0,1.0,,0,0
SUP0132,2025-06-01,2,0.5,3.5,1.0,,0,0
SUP0132,2025-07-01,5,0.0,5.8,1.0,,0,0
SUP0132,2025-08-01,5,0.4,5.2,1.0,,0,0
SUP0132,2025-09-01,2,0.0,9.0,0.7625,,0,0
SUP0132,2025-10-01,1,0.0,12.0,1.0,,0,0
SUP0132,2025-11-01,1,0.0,0.0,0.5258,,0,0
SUP0133,2023-02-01,2,0.5,6.0,1.0,,0,0
SUP0133,2023-03-01,5,0.2,4.2,0.8844,,0,0
SUP0133,2023-04-01,2,0.5,0.5,1.0,,0,0
SUP0133,2023-05-01,1,0.0,10.0,1.0,,0,0
SUP0133,2023-06-01,1,0.0,11.0,1.0,,0,0
SUP0133,2023-07-01,1,0.0,12.0,1.0,,0,0
SUP0133,2023-08-01,3,0.0,9.333,1.0,,1,1
SUP0133,2023-09-01,2,0.5,2.5,1.0,,0,0
SUP0133,2023-10-01,2,0.5,5.5,0.7251,,0,0
SUP0133,2023-11-01,3,0.0,4.667,1.0,,0,0
SUP0133,2023-12-01,3,0.6667,1.333,1.0,,0,0
SUP0133,2024-01-01,4,0.0,7.5,1.0,,0,0
SUP0133,2024-02-01,1,0.0,5.0,1.0,,0,0
SUP0133,2024-03-01,1,0.0,4.0,1.0,,0,0
SUP0133,2024-05-01,4,0.0,5.75,1.0,,0,0
SUP0133,2024-08-01,2,0.0,8.5,1.0,,0,0
SUP0133,2024-09-01,1,0.0,3.0,1.0,,0,0
SUP0133,2024-11-01,3,0.3333,9.0,0.8352,,0,0
SUP0133,2024-12-01,1,0.0,7.0,1.0,,0,0
SUP0133,2025-01-01,1,0.0,11.0,1.0,,0,0
SUP0133,2025-04-01,2,0.0,6.0,0.8682,,0,0
SUP0133,2025-05-01,2,0.0,7.5,1.0,,0,0
SUP0133,2025-06-01,3,0.0,12.0,1.0,,0,0
SUP0133,2025-07-01,2,0.5,5.5,1.0,,0,0
SUP0133,2025-08-01,1,0.0,3.0,1.0,,0,0
SUP0133,2025-09-01,5,0.4,4.8,1.0,,0,0
SUP0133,2025-10-01,3,0.0,8.667,0.9926,,0,0
SUP0133,2025-11-01,2,0.5,2.0,1.0,,0,0
SUP0134,2023-01-01,2,1.0,0.0,1.0,10091.3,0,0
SUP0134,2023-02-01,4,0.75,5.5,1.0,0.0,0,0
SUP0134,2023-03-01,12,0.1667,11.167,1.0,0.0,0,0
SUP0134,2023-04-01,10,0.4,9.6,1.0,0.0,0,0
SUP0134,2023-05-01,13,0.4615,7.231,0.9999,0.0,0,0
SUP0134,2023-06-01,12,0.4167,9.167,0.9716,0.0,0,0
SUP0134,2023-07-01,11,0.6364,7.545,1.0,0.0,0,0
SUP0134,2023-08-01,12,0.6667,3.083,1.0,0.0,0,0
SUP0134,2023-09-01,18,0.5,6.0,1.0,1068.2,0,0
SUP0134,2023-10-01,10,0.3,19.4,0.9922,0.0,0,0
SUP0134,2023-11-01,14,0.5714,10.071,0.9978,0.0,0,0
SUP0134,2023-12-01,11,0.2727,7.727,0.9648,0.0,0,0
SUP0134,2024-01-01,12,0.5,3.167,0.775,0.0,1,0
SUP0134,2024-02-01,13,0.4615,6.846,0.6043,0.0,0,0
SUP0134,2024-03-01,15,0.3333,8.733,1.0,0.0,0,0
SUP0134,2024-04-01,14,0.5714,3.071,1.0,0.0,0,0
SUP0134,2024-05-01,10,0.5,15.3,0.9985,0.0,1,1
SUP0134,2024-06-01,13,0.6154,7.615,1.0,0.0,0,0
SUP0134,2024-07-01,10,0.4,11.2,0.9975,0.0,1,0
SUP0134,2024-08-01,14,0.4286,6.0,1.0,0.0,0,0
SUP0134,2024-09-01,8,0.5,4.125,1.0,0.0,0,0
SUP0134,2024-10-01,7,0.5714,5.429,0.9738,0.0,0,0
SUP0134,2024-11-01,9,0.5556,7.222,1.0,0.0,0,0
SUP0134,2024-12-01,13,0.3077,12.0,0.9972,747.3,0,0
SUP0134,2025-01-01,11,0.2727,8.545,0.9998,0.0,0,0
SUP0134,2025-02-01,8,0.375,16.25,1.0,0.0,0,0
SUP0134,2025-03-01,10,0.2,8.6,1.0,0.0,0,0
SUP0134,2025-04-01,9,0.7778,2.0,1.0,0.0,0,0
SUP0134,2025-05-01,14,0.5714,3.143,0.9999,167.2,0,0
SUP0134,2025-06-01,9,0.5556,3.667,1.0,0.0,0,0
SUP0134,2025-07-01,15,0.5333,4.0,1.0,0.0,0,0
SUP0134,2025-08-01,13,0.3846,7.692,0.792,0.0,0,0
SUP0134,2025-09-01,7,0.4286,2.429,1.0,0.0,0,0
SUP0134,2025-10-01,11,0.6364,5.455,1.0,0.0,0,0
SUP0134,2025-11-01,14,0.5,5.643,0.9999,0.0,0,0
SUP0134,2025-12-01,11,0.4545,2.111,0.4142,16828.4,0,0
SUP0135,2023-03-01,4,0.25,1.75,1.0,,0,0
SUP0135,2023-04-01,3,0.3333,3.0,0.8755,,0,0
SUP0135,2023-05-01,2,0.5,3.0,1.0,,0,0
SUP0135,2023-06-01,1,0.0,1.0,1.0,,0,0
SUP0135,2023-09-01,5,0.0,5.6,0.7076,,0,0
SUP0135,2023-10-01,1,0.0,1.0,1.0,,0,0
SUP0135,2023-11-01,2,0.0,5.5,0.9087,,0,0
SUP0135,2023-12-01,2,0.0,9.0,0.8655,,0,0
SUP0135,2024-01-01,3,0.0,9.333,1.0,,0,0
SUP0135,2024-02-01,2,0.0,2.5,1.0,,0,0
SUP0135,2024-03-01,3,0.0,9.333,1.0,,0,0
SUP0135,2024-04-01,4,0.25,5.5,1.0,,0,0
SUP0135,2024-05-01,3,0.0,3.667,1.0,,0,0
SUP0135,2024-06-01,2,0.5,7.0,0.8855,,0,0
SUP0135,2024-07-01,2,0.0,9.0,1.0,,0,0
SUP0135,2024-08-01,3,0.0,7.0,1.0,,0,0
SUP0135,2024-09-01,1,0.0,1.0,1.0,,0,0
SUP0135,2024-11-01,3,0.0,9.333,0.9513,,0,0
SUP0135,2024-12-01,1,0.0,14.0,1.0,,0,0
SUP0135,2025-01-01,3,0.3333,6.333,1.0,,0,0
SUP0135,2025-02-01,1,0.0,2.0,1.0,,0,0
SUP0135,2025-03-01,3,0.3333,8.0,1.0,,0,0
SUP0135,2025-04-01,2,0.5,4.0,1.0,,0,0
SUP0135,2025-05-01,4,0.25,7.0,1.0,,0,0
SUP0135,2025-06-01,1,0.0,9.0,1.0,,0,0
SUP0135,2025-07-01,3,0.0,11.667,1.0,,0,0
SUP0135,2025-09-01,2,0.0,6.5,1.0,,0,0
SUP0135,2025-10-01,5,0.2,9.0,0.9195,,0,0
SUP0135,2025-11-01,1,0.0,6.0,1.0,,0,0
SUP0135,2025-12-01,9,0.3333,2.25,0.5461,,0,0
SUP0136,2023-02-01,1,0.0,13.0,1.0,,0,0
SUP0136,2023-03-01,6,0.0,5.167,0.9689,,0,0
SUP0136,2023-04-01,2,0.0,6.5,1.0,,0,0
SUP0136,2023-05-01,2,0.5,4.0,1.0,,0,0
SUP0136,2023-06-01,2,0.0,6.5,1.0,,0,0
SUP0136,2023-07-01,3,0.3333,3.333,0.9606,,0,0
SUP0136,2023-08-01,2,0.0,10.0,1.0,,0,0
SUP0136,2023-09-01,1,0.0,2.0,1.0,,0,0
SUP0136,2023-10-01,3,0.0,6.333,0.9599,,0,0
SUP0136,2023-11-01,2,0.5,1.5,1.0,,0,0
SUP0136,2023-12-01,3,0.6667,3.0,1.0,,0,0
SUP0136,2024-01-01,2,0.5,3.5,1.0,,0,0
SUP0136,2024-02-01,4,0.0,9.5,1.0,,0,0
SUP0136,2024-03-01,3,0.3333,3.667,0.8861,,0,0
SUP0136,2024-04-01,4,0.25,9.75,1.0,,0,0
SUP0136,2024-05-01,4,0.0,8.5,0.5318,,0,0
SUP0136,2024-06-01,3,0.3333,7.333,1.0,,0,0
SUP0136,2024-07-01,3,0.6667,3.0,1.0,,0,0
SUP0136,2024-08-01,2,0.0,8.5,1.0,,0,0
SUP0136,2024-09-01,3,0.3333,2.667,0.8223,,0,0
SUP0136,2024-10-01,1,0.0,7.0,1.0,,0,0
SUP0136,2024-11-01,2,0.0,5.0,1.0,,0,0
SUP0136,2024-12-01,4,0.0,7.25,1.0,,0,0
SUP0136,2025-01-01,1,0.0,5.0,1.0,,0,0
SUP0136,2025-02-01,2,0.0,3.5,0.7204,,0,0
SUP0136,2025-04-01,4,0.25,7.25,0.8362,,0,0
SUP0136,2025-05-01,3,0.3333,7.333,1.0,,0,0
SUP0136,2025-06-01,1,0.0,7.0,1.0,,0,0
SUP0136,2025-07-01,1,0.0,3.0,0.2879,,0,0
SUP0136,2025-08-01,4,0.25,7.25,1.0,,0,0
SUP0136,2025-09-01,2,0.0,10.5,1.0,,0,0
SUP0136,2025-10-01,1,0.0,14.0,1.0,,0,0
SUP0136,2025-11-01,3,0.0,2.0,1.0,,0,0
SUP0137,2023-02-01,1,0.0,14.0,1.0,,0,0
SUP0137,2023-03-01,2,0.5,3.0,1.0,,0,0
SUP0137,2023-04-01,3,0.0,12.0,1.0,,0,0
SUP0137,2023-05-01,2,0.0,11.5,1.0,,0,0
SUP0137,2023-06-01,3,0.3333,7.333,1.0,,0,0
SUP0137,2023-07-01,1,0.0,14.0,1.0,,0,0
SUP0137,2023-08-01,1,0.0,14.0,1.0,,0,0
SUP0137,2023-09-01,2,0.5,3.0,1.0,,0,0
SUP0137,2023-10-01,5,0.6,3.0,1.0,,0,0
SUP0137,2023-11-01,2,0.0,9.0,1.0,,0,0
SUP0137,2023-12-01,4,0.25,4.75,0.705,,0,0
SUP0137,2024-01-01,1,0.0,2.0,1.0,,0,0
SUP0137,2024-02-01,6,0.1667,7.5,0.9674,,0,0
SUP0137,2024-03-01,5,0.2,7.0,1.0,,0,0
SUP0137,2024-04-01,3,0.6667,4.0,1.0,,0,0
SUP0137,2024-06-01,3,0.3333,5.667,1.0,,0,0
SUP0137,2024-07-01,4,0.0,8.5,0.7165,,0,0
SUP0137,2024-08-01,3,0.0,7.667,0.9028,,0,0
SUP0137,2024-09-01,2,0.0,2.0,1.0,,0,0
SUP0137,2024-10-01,2,0.5,5.0,1.0,,0,0
SUP0137,2024-11-01,8,0.25,3.625,1.0,,0,0
SUP0137,2024-12-01,2,0.5,4.0,1.0,,0,0
SUP0137,2025-01-01,1,1.0,0.0,1.0,,0,0
SUP0137,2025-02-01,2,0.0,10.5,1.0,,0,0
SUP0137,2025-03-01,2,0.5,6.0,1.0,,0,0
SUP0137,2025-04-01,4,0.5,2.5,1.0,,0,0
SUP0137,2025-05-01,2,0.5,0.5,0.8776,,0,0
SUP0137,2025-06-01,2,0.0,11.5,1.0,,0,0
SUP0137,2025-07-01,3,0.0,7.667,0.9718,,0,0
SUP0137,2025-08-01,2,0.5,2.0,0.9631,,0,0
SUP0137,2025-10-01,1,0.0,8.0,0.8135,,0,0
SUP0137,2025-11-01,1,0.0,3.0,1.0,,0,0
SUP0137,2025-12-01,1,0.0,,0.0,,0,0
SUP0138,2023-03-01,3,0.0,3.333,1.0,,0,0
SUP0138,2023-05-01,4,0.25,5.0,0.9797,,0,0
SUP0138,2023-06-01,1,0.0,9.0,1.0,,0,0
SUP0138,2023-07-01,2,0.0,7.5,1.0,,0,0
SUP0138,2023-08-01,1,1.0,0.0,1.0,,0,0
SUP0138,2023-09-01,2,0.0,13.0,1.0,,0,0
SUP0138,2023-10-01,2,0.0,8.5,0.9217,,0,0
SUP0138,2023-11-01,1,0.0,14.0,1.0,,0,0
SUP0138,2023-12-01,1,0.0,3.0,1.0,,0,0
SUP0138,2024-01-01,3,0.0,7.667,0.7517,,0,0
SUP0138,2024-03-01,2,0.5,4.5,1.0,,0,0
SUP0138,2024-04-01,4,0.0,8.25,0.9767,,0,0
SUP0138,2024-05-01,4,0.25,7.0,1.0,,0,0
SUP0138,2024-06-01,2,0.0,10.5,0.835,,0,0
SUP0138,2024-07-01,1,0.0,12.0,1.0,,0,0
SUP0138,2024-08-01,4,0.0,8.75,0.8776,,0,0
SUP0138,2024-10-01,2,0.0,1.5,1.0,,0,0
SUP0138,2024-11-01,3,0.3333,6.333,1.0,,0,0
SUP0138,2024-12-01,1,0.0,12.0,0.6855,,0,0
SUP0138,2025-01-01,2,0.0,9.5,1.0,,0,0
SUP0138,2025-02-01,1,0.0,13.0,1.0,,0,0
SUP0138,2025-03-01,1,0.0,6.0,1.0,,0,0
SUP0138,2025-05-01,3,0.3333,3.667,1.0,,0,0
SUP0138,2025-06-01,1,0.0,3.0,1.0,,0,0
SUP0138,2025-07-01,1,1.0,0.0,1.0,,0,0
SUP0138,2025-08-01,1,0.0,8.0,1.0,,0,0
SUP0138,2025-09-01,2,0.0,8.5,0.9057,,0,0
SUP0138,2025-11-01,1,0.0,12.0,1.0,,0,0
SUP0138,2025-12-01,5,0.2,5.0,0.6238,,0,0
SUP0139,2023-01-01,7,0.7143,2.857,1.0,0.0,0,0
SUP0139,2023-02-01,10,0.9,0.2,1.0,0.0,1,1
SUP0139,2023-03-01,11,0.8182,0.545,0.9993,0.0,0,0
SUP0139,2023-04-01,6,0.5,4.5,1.0,0.0,0,0
SUP0139,2023-05-01,6,0.5,2.833,1.0,0.0,0,0
SUP0139,2023-06-01,2,1.0,0.0,1.0,0.0,0,0
SUP0139,2023-07-01,2,0.5,1.5,1.0,0.0,0,0
SUP0139,2023-08-01,3,0.6667,3.667,1.0,0.0,0,0
SUP0139,2023-09-01,1,0.0,10.0,1.0,,0,0
SUP0139,2023-10-01,2,0.5,3.0,1.0,0.0,0,0
SUP0139,2023-11-01,2,0.5,3.5,1.0,0.0,0,0
SUP0139,2023-12-01,6,0.5,5.5,1.0,0.0,0,0
SUP0139,2024-01-01,9,0.6667,2.556,0.9993,0.0,0,0
SUP0139,2024-02-01,4,0.25,6.75,1.0,0.0,0,0
SUP0139,2024-03-01,4,0.75,2.25,0.8887,0.0,0,0
SUP0139,2024-04-01,5,0.4,3.8,1.0,0.0,0,0
SUP0139,2024-05-01,6,0.6667,3.0,1.0,35675.0,0,0
SUP0139,2024-06-01,2,0.5,3.5,0.4977,0.0,0,0
SUP0139,2024-07-01,7,0.5714,2.429,1.0,0.0,0,0
SUP0139,2024-08-01,3,0.3333,6.0,0.7029,0.0,0,0
SUP0139,2024-09-01,4,0.75,1.25,1.0,0.0,0,0
SUP0139,2024-10-01,1,1.0,0.0,1.0,0.0,0,0
SUP0139,2024-11-01,5,0.8,1.2,1.0,0.0,0,0
SUP0139,2024-12-01,1,1.0,0.0,1.0,0.0,0,0
SUP0139,2025-01-01,12,0.75,1.333,1.0,0.0,0,0
SUP0139,2025-02-01,10,0.7,2.0,1.0,0.0,0,0
SUP0139,2025-03-01,7,0.5714,1.0,1.0,0.0,0,0
SUP0139,2025-04-01,2,1.0,0.0,1.0,0.0,1,1
SUP0139,2025-05-01,7,0.7143,1.714,1.0,0.0,0,0
SUP0139,2025-06-01,8,0.625,3.0,1.0,0.0,0,0
SUP0139,2025-07-01,2,0.0,2.5,1.0,0.0,0,0
SUP0139,2025-08-01,6,0.3333,6.333,1.0,0.0,0,0
SUP0139,2025-09-01,3,0.3333,3.333,0.9999,0.0,0,0
SUP0139,2025-10-01,4,0.5,5.75,0.9706,0.0,1,1
SUP0139,2025-11-01,5,0.6,3.0,1.0,0.0,1,1
SUP0139,2025-12-01,6,0.6667,0.0,0.0017,1207.9,0,0
SUP0140,2023-01-01,2,0.0,8.5,1.0,,0,0
SUP0140,2023-02-01,1,0.0,9.0,1.0,,0,0
SUP0140,2023-03-01,1,0.0,1.0,1.0,,0,0
SUP0140,2023-04-01,1,0.0,10.0,1.0,,0,0
SUP0140,2023-05-01,3,0.3333,8.333,1.0,,0,0
SUP0140,2023-06-01,2,0.0,4.0,1.0,,0,0
SUP0140,2023-07-01,3,0.0,7.0,1.0,,0,0
SUP0140,2023-08-01,3,0.3333,3.333,0.8625,,0,0
SUP0140,2023-09-01,1,1.0,0.0,1.0,,0,0
SUP0140,2023-10-01,2,0.0,5.0,1.0,,0,0
SUP0140,2023-11-01,2,0.5,0.5,1.0,,0,0
SUP0140,2024-01-01,2,0.5,0.5,1.0,,0,0
SUP0140,2024-02-01,2,0.5,5.0,1.0,,0,0
SUP0140,2024-03-01,1,0.0,7.0,1.0,,0,0
SUP0140,2024-04-01,2,0.0,11.0,1.0,,0,0
SUP0140,2024-05-01,2,0.0,5.5,1.0,,0,0
SUP0140,2024-06-01,1,0.0,8.0,1.0,,0,0
SUP0140,2024-07-01,3,0.0,7.0,0.8968,,0,0
SUP0140,2024-08-01,3,0.0,5.667,1.0,,0,0
SUP0140,2024-09-01,3,0.0,5.667,1.0,,0,0
SUP0140,2024-10-01,4,0.25,7.0,1.0,,0,0
SUP0140,2024-11-01,2,0.5,0.5,1.0,,0,0
SUP0140,2024-12-01,3,0.3333,1.667,1.0,,0,0
SUP0140,2025-01-01,2,0.0,9.5,1.0,,0,0
SUP0140,2025-03-01,1,0.0,14.0,1.0,,0,0
SUP0140,2025-04-01,3,0.6667,1.667,1.0,,0,0
SUP0140,2025-06-01,1,0.0,10.0,1.0,,0,0
SUP0140,2025-07-01,3,0.3333,2.333,1.0,,0,0
SUP0140,2025-08-01,2,0.0,7.0,1.0,,0,0
SUP0140,2025-10-01,1,0.0,0.0,0.2158,,0,0
SUP0140,2025-11-01,1,1.0,0.0,1.0,,0,0
SUP0140,2025-12-01,3,0.0,,0.0,,0,0
SUP0141,2023-01-01,4,0.0,4.25,1.0,0.0,0,0
SUP0141,2023-02-01,5,0.0,7.0,1.0,58315.0,0,0
SUP0141,2023-03-01,12,0.75,1.5,1.0,0.0,0,0
SUP0141,2023-04-01,6,0.6667,1.333,1.0,0.0,0,0
SUP0141,2023-05-01,10,0.6,3.5,0.4509,0.0,0,0
SUP0141,2023-06-01,11,0.8182,1.091,1.0,0.0,0,0
SUP0141,2023-07-01,11,0.6364,3.0,1.0,0.0,0,0
SUP0141,2023-08-01,7,0.5714,1.0,1.0,0.0,0,0
SUP0141,2023-09-01,8,0.5,3.0,0.6827,0.0,0,0
SUP0141,2023-10-01,6,0.6667,1.5,1.0,0.0,0,0
SUP0141,2023-11-01,5,0.6,2.0,0.9994,0.0,0,0
SUP0141,2023-12-01,6,0.5,5.167,0.7821,0.0,0,0
SUP0141,2024-01-01,10,0.6,5.1,0.8752,0.0,0,0
SUP0141,2024-02-01,10,0.1,8.6,1.0,0.0,0,0
SUP0141,2024-03-01,6,0.6667,1.167,1.0,0.0,0,0
SUP0141,2024-04-01,5,0.8,1.2,1.0,0.0,0,0
SUP0141,2024-05-01,8,0.625,4.125,0.9994,0.0,0,0
SUP0141,2024-06-01,9,0.8889,0.556,1.0,0.0,0,0
SUP0141,2024-07-01,7,0.8571,0.0,0.5137,0.0,0,0
SUP0141,2024-08-01,10,0.7,1.0,0.9999,0.0,0,0
SUP0141,2024-09-01,4,0.5,2.75,1.0,0.0,0,0
SUP0141,2024-10-01,6,0.6667,1.833,1.0,0.0,0,0
SUP0141,2024-11-01,8,0.375,3.25,1.0,0.0,0,0
SUP0141,2024-12-01,8,0.875,1.0,1.0,0.0,0,0
SUP0141,2025-01-01,9,0.7778,0.333,1.0,0.0,0,0
SUP0141,2025-02-01,7,0.2857,12.286,1.0,0.0,0,0
SUP0141,2025-03-01,4,0.5,3.5,1.0,0.0,0,0
SUP0141,2025-04-01,3,1.0,0.0,1.0,0.0,0,0
SUP0141,2025-05-01,5,0.6,4.8,1.0,0.0,0,0
SUP0141,2025-06-01,7,0.8571,0.857,1.0,0.0,0,0
SUP0141,2025-07-01,13,0.6923,4.0,1.0,0.0,0,0
SUP0141,2025-08-01,14,0.5714,2.071,0.7285,0.0,0,0
SUP0141,2025-09-01,7,0.7143,1.857,1.0,0.0,0,0
SUP0141,2025-10-01,9,0.6667,1.889,1.0,0.0,0,0
SUP0141,2025-11-01,7,0.5714,2.286,1.0,0.0,0,0
SUP0141,2025-12-01,7,0.5714,0.0,0.0037,0.0,0,0
SUP0142,2023-02-01,6,0.8333,3.167,1.0,0.0,0,0
SUP0142,2023-03-01,20,0.5,5.0,0.9999,1417.4,0,0
SUP0142,2023-04-01,16,0.5625,3.625,1.0,0.0,0,0
SUP0142,2023-05-01,15,0.4,9.067,0.9998,0.0,0,0
SUP0142,2023-06-01,18,0.5,5.833,0.9992,0.0,0,0
SUP0142,2023-07-01,16,0.625,3.562,1.0,1166.2,0,0
SUP0142,2023-08-01,33,0.5455,5.788,0.9999,915.0,0,0
SUP0142,2023-09-01,23,0.5217,6.0,0.9999,0.0,0,0
SUP0142,2023-10-01,19,0.3684,6.579,0.9701,0.0,0,0
SUP0142,2023-11-01,22,0.4091,8.227,0.9998,1035.5,0,0
SUP0142,2023-12-01,24,0.625,2.5,0.9998,198.9,0,0
SUP0142,2024-01-01,17,0.4706,7.941,0.9992,4863.4,0,0
SUP0142,2024-02-01,17,0.4118,7.647,1.0,0.0,0,0
SUP0142,2024-03-01,21,0.5238,2.714,0.89,1097.5,0,0
SUP0142,2024-04-01,17,0.5882,4.059,1.0,184.6,0,0
SUP0142,2024-05-01,19,0.7368,7.263,1.0,0.0,0,0
SUP0142,2024-06-01,26,0.5,7.692,1.0,1188.9,0,0
SUP0142,2024-07-01,19,0.5789,5.211,1.0,3482.9,0,0
SUP0142,2024-08-01,19,0.4737,4.526,0.9663,0.0,0,0
SUP0142,2024-09-01,18,0.6111,3.889,0.9998,0.0,0,0
SUP0142,2024-10-01,20,0.55,5.7,0.9991,2503.3,0,0
SUP0142,2024-11-01,21,0.3333,9.19,0.9998,0.0,2,2
SUP0142,2024-12-01,21,0.381,7.19,1.0,0.0,2,1
SUP0142,2025-01-01,20,0.45,6.5,0.9979,0.0,0,0
SUP0142,2025-02-01,16,0.5,3.0,0.9713,486.9,0,0
SUP0142,2025-03-01,21,0.4762,7.0,0.9998,0.0,0,0
SUP0142,2025-04-01,15,0.6,3.867,1.0,0.0,0,0
SUP0142,2025-05-01,13,0.4615,7.923,0.9966,0.0,0,0
SUP0142,2025-06-01,20,0.35,5.55,0.9993,0.0,1,1
SUP0142,2025-07-01,23,0.5217,5.261,0.9996,0.0,0,0
SUP0142,2025-08-01,21,0.7143,6.762,0.9983,617.8,0,0
SUP0142,2025-09-01,17,0.4706,3.176,0.9848,0.0,0,0
SUP0142,2025-10-01,18,0.5556,5.167,0.9998,0.0,0,0
SUP0142,2025-11-01,22,0.6364,4.909,1.0,5620.1,0,0
SUP0142,2025-12-01,17,0.5294,1.167,0.1383,0.0,0,0
SUP0143,2023-02-01,6,0.3333,5.667,1.0,0.0,0,0
SUP0143,2023-03-01,24,0.7083,5.5,0.9988,0.0,0,0
SUP0143,2023-04-01,27,0.5556,5.037,1.0,1046.7,0,0
SUP0143,2023-05-01,27,0.5926,5.852,1.0,0.0,0,0
SUP0143,2023-06-01,24,0.6667,6.667,1.0,386.0,1,1
SUP0143,2023-07-01,19,0.4737,11.632,1.0,0.0,0,0
SUP0143,2023-08-01,23,0.5652,4.261,1.0,957.6,0,0
SUP0143,2023-09-01,24,0.75,2.292,1.0,20609.9,0,0
SUP0143,2023-10-01,19,0.5263,9.684,1.0,5894.0,0,0
SUP0143,2023-11-01,24,0.4167,11.917,1.0,0.0,0,0
SUP0143,2023-12-01,23,0.6522,3.478,1.0,0.0,0,0
SUP0143,2024-01-01,27,0.7037,7.222,1.0,0.0,0,0
SUP0143,2024-02-01,24,0.3333,6.833,1.0,0.0,0,0
SUP0143,2024-03-01,32,0.8125,1.344,1.0,609.4,0,0
SUP0143,2024-04-01,24,0.5,12.833,1.0,0.0,1,1
SUP0143,2024-05-01,30,0.6,5.533,0.9727,298.9,0,0
SUP0143,2024-06-01,22,0.6818,4.0,1.0,0.0,0,0
SUP0143,2024-07-01,20,0.95,1.15,1.0,0.0,0,0
SUP0143,2024-08-01,28,0.6786,6.036,1.0,0.0,0,0
SUP0143,2024-09-01,24,0.2917,16.167,1.0,0.0,0,0
SUP0143,2024-10-01,25,0.84,2.36,1.0,5980.3,0,0
SUP0143,2024-11-01,24,0.75,2.208,1.0,1080.7,0,0
SUP0143,2024-12-01,23,0.7826,5.348,1.0,1626.0,0,0
SUP0143,2025-01-01,23,0.7826,3.826,1.0,0.0,0,0
SUP0143,2025-02-01,19,0.2632,7.842,1.0,5112.7,0,0
SUP0143,2025-03-01,21,0.7143,4.524,0.8197,0.0,0,0
SUP0143,2025-04-01,20,0.6,4.2,0.9998,3482.4,0,0
SUP0143,2025-05-01,25,0.6,7.36,1.0,0.0,0,0
SUP0143,2025-06-01,23,0.5652,9.435,1.0,0.0,0,0
SUP0143,2025-07-01,22,0.6818,4.864,1.0,0.0,0,0
SUP0143,2025-08-01,21,0.619,5.857,0.9938,1049.8,0,0
SUP0143,2025-09-01,20,0.7,5.8,1.0,21309.9,0,0
SUP0143,2025-10-01,25,0.56,7.68,1.0,204.0,1,1
SUP0143,2025-11-01,23,0.5217,8.957,1.0,0.0,0,0
SUP0143,2025-12-01,30,0.6,1.333,0.0983,1413.0,0,0
SUP0144,2023-02-01,5,0.4,4.4,0.7977,,0,0
SUP0144,2023-03-01,3,0.3333,1.0,1.0,,0,0
SUP0144,2023-04-01,3,0.3333,3.667,1.0,,0,0
SUP0144,2023-05-01,3,0.3333,3.333,1.0,,0,0
SUP0144,2023-06-01,1,1.0,0.0,1.0,,0,0
SUP0144,2023-08-01,3,0.0,4.333,0.8794,,0,0
SUP0144,2023-10-01,2,0.0,9.5,1.0,,0,0
SUP0144,2023-11-01,2,0.0,10.5,1.0,,0,0
SUP0144,2023-12-01,1,0.0,5.0,1.0,,0,0
SUP0144,2024-01-01,1,0.0,8.0,0.5414,,0,0
SUP0144,2024-02-01,1,0.0,1.0,1.0,,0,0
SUP0144,2024-03-01,4,0.0,7.25,0.9817,,0,0
SUP0144,2024-04-01,1,0.0,2.0,1.0,,0,0
SUP0144,2024-05-01,1,1.0,0.0,1.0,,0,0
SUP0144,2024-07-01,1,0.0,10.0,1.0,,0,0
SUP0144,2024-08-01,2,0.5,3.5,1.0,,0,0
SUP0144,2024-09-01,1,0.0,12.0,1.0,,0,0
SUP0144,2024-10-01,2,0.0,6.5,1.0,,0,0
SUP0144,2024-11-01,3,0.0,9.333,1.0,,0,0
SUP0144,2024-12-01,1,0.0,13.0,1.0,,0,0
SUP0144,2025-01-01,3,0.0,11.0,1.0,,0,0
SUP0144,2025-02-01,3,0.0,10.0,0.9563,,0,0
SUP0144,2025-04-01,2,1.0,0.0,1.0,,0,0
SUP0144,2025-05-01,3,0.3333,3.667,0.6754,,0,0
SUP0144,2025-06-01,2,0.5,6.0,1.0,,0,0
SUP0144,2025-07-01,1,1.0,0.0,1.0,,0,0
SUP0144,2025-09-01,3,0.0,10.667,1.0,,0,0
SUP0144,2025-10-01,3,0.6667,1.0,1.0,,0,0
SUP0144,2025-11-01,2,0.5,1.5,1.0,,0,0
SUP0144,2025-12-01,2,0.0,14.0,0.5082,,0,0
SUP0145,2023-02-01,2,0.0,3.5,1.0,,0,0
SUP0145,2023-03-01,4,0.5,4.0,1.0,,0,0
SUP0145,2023-04-01,1,0.0,10.0,1.0,,0,0
SUP0145,2023-06-01,4,0.25,2.5,0.5687,,0,0
SUP0145,2023-08-01,1,1.0,0.0,1.0,,0,0
SUP0145,2023-09-01,2,0.0,8.5,1.0,,0,0
SUP0145,2023-10-01,1,0.0,10.0,1.0,,0,0
SUP0145,2023-11-01,3,0.0,8.0,1.0,,0,0
SUP0145,2023-12-01,2,0.0,7.5,1.0,,0,0
SUP0145,2024-01-01,4,0.5,2.25,1.0,,0,0
SUP0145,2024-02-01,2,0.0,9.5,1.0,,0,0
SUP0145,2024-03-01,1,0.0,5.0,1.0,,0,0
SUP0145,2024-04-01,3,0.0,7.333,1.0,,0,0
SUP0145,2024-05-01,2,0.0,4.5,1.0,,0,0
SUP0145,2024-06-01,3,0.0,10.0,1.0,,0,0
SUP0145,2024-07-01,2,0.0,5.0,0.9439,,0,0
SUP0145,2024-08-01,2,0.0,7.5,0.9987,,0,0
SUP0145,2024-09-01,4,0.0,7.25,1.0,,0,0
SUP0145,2024-10-01,2,0.0,5.0,1.0,,0,0
SUP0145,2024-12-01,3,0.0,10.0,0.8658,,0,0
SUP0145,2025-01-01,2,0.0,9.0,1.0,,0,0
SUP0145,2025-02-01,2,0.5,2.5,1.0,,0,0
SUP0145,2025-03-01,1,1.0,0.0,1.0,,0,0
SUP0145,2025-04-01,2,0.0,9.0,1.0,,0,0
SUP0145,2025-05-01,1,1.0,0.0,1.0,,0,0
SUP0145,2025-06-01,2,0.0,11.0,1.0,,0,0
SUP0145,2025-07-01,2,0.0,8.0,1.0,,0,0
SUP0145,2025-08-01,2,0.0,7.5,1.0,,0,0
SUP0145,2025-09-01,1,0.0,4.0,1.0,,0,0
SUP0145,2025-10-01,2,0.0,8.0,1.0,,0,0
SUP0145,2025-11-01,4,0.75,2.75,1.0,,0,0
SUP0145,2025-12-01,3,0.0,,0.0,,0,0
SUP0146,2023-02-01,10,0.8,3.9,1.0,0.0,0,0
SUP0146,2023-03-01,2,0.5,1.5,1.0,0.0,0,0
SUP0146,2023-04-01,5,1.0,0.0,1.0,0.0,0,0
SUP0146,2023-05-01,6,0.5,4.5,1.0,0.0,0,0
SUP0146,2023-06-01,5,0.6,2.2,1.0,0.0,0,0
SUP0146,2023-07-01,12,0.4167,4.0,0.8838,0.0,0,0
SUP0146,2023-08-01,8,0.5,10.75,1.0,0.0,0,0
SUP0146,2023-09-01,11,0.3636,12.727,1.0,0.0,0,0
SUP0146,2023-10-01,16,0.5625,4.688,0.9996,0.0,1,1
SUP0146,2023-11-01,9,0.5556,2.889,0.9999,0.0,0,0
SUP0146,2023-12-01,3,1.0,0.0,1.0,0.0,0,0
SUP0146,2024-01-01,5,1.0,0.0,1.0,0.0,0,0
SUP0146,2024-02-01,9,0.2222,12.667,0.5868,0.0,0,0
SUP0146,2024-03-01,13,0.4615,9.077,1.0,0.0,0,0
SUP0146,2024-04-01,10,0.6,4.1,1.0,0.0,0,0
SUP0146,2024-05-01,8,0.625,5.5,1.0,0.0,0,0
SUP0146,2024-06-01,3,0.6667,3.667,1.0,0.0,0,0
SUP0146,2024-07-01,7,0.7143,1.429,1.0,0.0,0,0
SUP0146,2024-08-01,5,0.6,9.2,1.0,0.0,0,0
SUP0146,2024-09-01,8,0.5,3.375,1.0,12467.4,0,0
SUP0146,2024-10-01,4,0.5,5.5,0.8801,0.0,0,0
SUP0146,2024-11-01,5,0.6,1.4,0.8336,0.0,0,0
SUP0146,2024-12-01,9,0.4444,5.444,0.9998,13460.0,0,0
SUP0146,2025-01-01,6,0.5,3.0,0.9725,0.0,0,0
SUP0146,2025-02-01,7,0.7143,2.0,1.0,0.0,0,0
SUP0146,2025-03-01,12,0.4167,11.083,1.0,0.0,0,0
SUP0146,2025-04-01,11,0.2727,8.455,1.0,0.0,0,0
SUP0146,2025-05-01,13,0.6154,2.308,0.9948,0.0,0,0
SUP0146,2025-06-01,10,0.6,1.4,0.9999,0.0,0,0
SUP0146,2025-07-01,12,0.6667,7.667,0.9999,0.0,0,0
SUP0146,2025-08-01,12,0.1667,22.75,0.9999,0.0,0,0
SUP0146,2025-09-01,15,0.4,7.6,0.9997,0.0,0,0
SUP0146,2025-10-01,9,0.8889,1.889,1.0,0.0,0,0
SUP0146,2025-11-01,9,0.3333,5.111,0.9996,0.0,0,0
SUP0146,2025-12-01,11,0.6364,0.625,0.2331,0.0,0,0
SUP0147,2023-02-01,1,0.0,2.0,1.0,,0,0
SUP0147,2023-03-01,2,0.0,9.5,1.0,,0,0
SUP0147,2023-04-01,4,0.0,6.75,0.807,,0,0
SUP0147,2023-05-01,3,0.0,11.333,1.0,,0,0
SUP0147,2023-06-01,4,0.25,5.25,1.0,,0,0
SUP0147,2023-07-01,2,0.5,4.0,1.0,,0,0
SUP0147,2023-08-01,2,0.0,8.5,1.0,,0,0
SUP0147,2023-09-01,3,0.3333,3.667,1.0,,0,0
SUP0147,2023-10-01,3,0.3333,3.333,1.0,,0,0
SUP0147,2023-11-01,3,0.3333,5.333,1.0,,0,0
SUP0147,2023-12-01,3,0.0,9.333,1.0,,0,0
SUP0147,2024-01-01,2,0.5,1.5,0.8393,,0,0
SUP0147,2024-03-01,1,0.0,2.0,1.0,,0,0
SUP0147,2024-04-01,1,1.0,0.0,1.0,,0,0
SUP0147,2024-07-01,1,1.0,0.0,1.0,,0,0
SUP0147,2024-08-01,2,0.0,10.5,1.0,,0,0
SUP0147,2024-09-01,6,0.3333,6.0,0.9794,,0,0
SUP0147,2024-11-01,3,0.6667,4.667,1.0,,0,0
SUP0147,2024-12-01,3,0.0,5.0,1.0,,0,0
SUP0147,2025-01-01,2,0.5,2.0,1.0,,0,0
SUP0147,2025-03-01,3,0.6667,1.333,1.0,,0,0
SUP0147,2025-04-01,5,0.4,3.6,1.0,,0,0
SUP0147,2025-07-01,3,0.3333,6.0,0.951,,0,0
SUP0147,2025-08-01,1,0.0,10.0,1.0,,0,0
SUP0147,2025-09-01,1,0.0,12.0,1.0,,0,0
SUP0147,2025-10-01,1,0.0,7.0,1.0,,0,0
SUP0147,2025-12-01,2,0.0,7.0,0.4074,,0,0
SUP0148,2023-01-01,1,1.0,0.0,1.0,,0,0
SUP0148,2023-02-01,1,0.0,7.0,1.0,,0,0
SUP0148,2023-03-01,3,0.0,10.667,1.0,,0,0
SUP0148,2023-04-01,2,0.5,1.5,1.0,,0,0
SUP0148,2023-05-01,3,0.3333,4.667,1.0,,0,0
SUP0148,2023-06-01,4,0.0,8.75,0.8673,,0,0
SUP0148,2023-07-01,2,1.0,0.0,1.0,,0,0
SUP0148,2023-08-01,3,0.0,9.667,1.0,,0,0
SUP0148,2023-09-01,2,0.0,12.0,1.0,,0,0
SUP0148,2023-10-01,2,0.5,6.5,0.7703,,0,0
SUP0148,2023-11-01,1,0.0,5.0,1.0,,0,0
SUP0148,2023-12-01,1,0.0,3.0,1.0,,0,0
SUP0148,2024-01-01,1,0.0,3.0,1.0,,0,0
SUP0148,2024-03-01,1,1.0,0.0,1.0,,0,0
SUP0148,2024-04-01,5,0.2,6.2,1.0,,0,0
SUP0148,2024-05-01,1,0.0,1.0,1.0,,0,0
SUP0148,2024-06-01,1,1.0,0.0,1.0,,0,0
SUP0148,2024-07-01,2,0.0,5.0,0.885,,0,0
SUP0148,2024-08-01,2,1.0,0.0,1.0,,0,0
SUP0148,2024-09-01,3,0.0,6.333,1.0,,0,0
SUP0148,2024-10-01,3,0.0,5.0,0.8804,,0,0
SUP0148,2024-11-01,1,0.0,2.0,1.0,,0,0
SUP0148,2024-12-01,4,0.25,3.75,1.0,,0,0
SUP0148,2025-02-01,1,0.0,3.0,1.0,,0,0
SUP0148,2025-03-01,2,0.5,6.5,1.0,,0,0
SUP0148,2025-04-01,2,0.0,7.0,1.0,,0,0
SUP0148,2025-05-01,2,0.0,11.5,1.0,,0,0
SUP0148,2025-06-01,1,0.0,13.0,1.0,,0,0
SUP0148,2025-07-01,1,0.0,5.0,0.3744,,0,0
SUP0148,2025-09-01,1,0.0,1.0,1.0,,0,0
SUP0148,2025-10-01,1,1.0,0.0,1.0,,0,0
SUP0148,2025-11-01,4,0.25,6.25,0.9277,,0,0
SUP0148,2025-12-01,5,0.0,7.0,0.4166,,0,0
SUP0149,2023-01-01,3,0.6667,4.667,1.0,0.0,0,0
SUP0149,2023-02-01,12,0.6667,2.667,0.8558,0.0,0,0
SUP0149,2023-03-01,10,0.8,0.7,1.0,0.0,0,0
SUP0149,2023-04-01,13,0.6154,2.462,1.0,0.0,0,0
SUP0149,2023-05-01,13,0.9231,0.154,1.0,0.0,0,0
SUP0149,2023-06-01,11,0.9091,0.182,1.0,0.0,0,0
SUP0149,2023-07-01,14,0.5714,2.0,0.9999,0.0,0,0
SUP0149,2023-08-01,10,0.7,2.1,0.9997,0.0,0,0
SUP0149,2023-09-01,9,0.5556,6.111,0.7871,0.0,0,0
SUP0149,2023-10-01,4,0.5,2.75,1.0,0.0,0,0
SUP0149,2023-11-01,8,1.0,0.0,1.0,0.0,0,0
SUP0149,2023-12-01,11,0.6364,1.727,1.0,0.0,0,0
SUP0149,2024-01-01,9,0.7778,2.333,1.0,0.0,0,0
SUP0149,2024-02-01,6,0.8333,0.5,1.0,0.0,0,0
SUP0149,2024-03-01,7,0.4286,5.429,1.0,0.0,0,0
SUP0149,2024-04-01,7,0.7143,2.143,1.0,0.0,0,0
SUP0149,2024-05-01,8,0.875,1.375,1.0,0.0,0,0
SUP0149,2024-06-01,10,0.8,1.1,0.9028,0.0,0,0
SUP0149,2024-07-01,9,0.8889,1.556,1.0,0.0,0,0
SUP0149,2024-08-01,8,0.875,1.5,1.0,0.0,0,0
SUP0149,2024-09-01,10,0.7,0.6,0.8685,656.4,0,0
SUP0149,2024-10-01,7,0.8571,1.571,1.0,0.0,0,0
SUP0149,2024-11-01,9,1.0,0.0,1.0,0.0,0,0
SUP0149,2024-12-01,10,1.0,0.0,1.0,0.0,0,0
SUP0149,2025-01-01,10,0.7,2.2,1.0,6502.5,0,0
SUP0149,2025-02-01,9,0.6667,2.333,1.0,0.0,0,0
SUP0149,2025-03-01,9,0.8889,0.667,1.0,0.0,1,1
SUP0149,2025-04-01,11,0.6364,1.727,1.0,0.0,0,0
SUP0149,2025-05-01,11,0.8182,0.636,1.0,0.0,0,0
SUP0149,2025-06-01,12,0.8333,1.0,1.0,0.0,0,0
SUP0149,2025-07-01,11,0.8182,1.455,0.8503,0.0,0,0
SUP0149,2025-08-01,10,0.7,2.8,0.5072,0.0,0,0
SUP0149,2025-09-01,15,0.5333,3.933,0.8119,0.0,0,0
SUP0149,2025-10-01,13,0.8462,0.692,1.0,0.0,0,0
SUP0149,2025-11-01,15,0.6667,2.571,0.3957,0.0,0,0
SUP0149,2025-12-01,8,0.75,0.714,0.0122,0.0,0,0
SUP0150,2023-01-01,1,0.0,5.0,1.0,,0,0
SUP0150,2023-02-01,2,1.0,0.0,1.0,,0,0
SUP0150,2023-03-01,2,0.0,4.0,1.0,,0,0
SUP0150,2023-04-01,3,0.3333,4.0,1.0,,0,0
SUP0150,2023-05-01,4,0.0,8.75,0.8331,,0,0
SUP0150,2023-06-01,1,0.0,4.0,1.0,,0,0
SUP0150,2023-07-01,1,0.0,8.0,1.0,,0,0
SUP0150,2023-08-01,3,0.3333,1.333,1.0,,0,0
SUP0150,2023-09-01,1,0.0,3.0,1.0,,0,0
SUP0150,2023-10-01,3,0.0,7.667,1.0,,0,0
SUP0150,2023-11-01,1,0.0,7.0,1.0,,0,0
SUP0150,2023-12-01,2,0.0,8.5,1.0,,0,0
SUP0150,2024-01-01,3,0.0,7.0,1.0,,0,0
SUP0150,2024-02-01,4,0.5,2.5,1.0,,0,0
SUP0150,2024-03-01,4,0.0,8.25,1.0,,0,0
SUP0150,2024-04-01,1,0.0,13.0,1.0,,0,0
SUP0150,2024-05-01,1,0.0,1.0,1.0,,0,0
SUP0150,2024-06-01,5,0.2,9.2,1.0,,0,0
SUP0150,2024-07-01,2,0.0,11.5,1.0,,0,0
SUP0150,2024-08-01,4,0.25,3.0,0.9115,,0,0
SUP0150,2024-09-01,1,0.0,5.0,1.0,,0,0
SUP0150,2024-10-01,1,0.0,6.0,1.0,,0,0
SUP0150,2024-11-01,3,0.0,9.0,0.9167,,0,0
SUP0150,2025-01-01,7,0.1429,4.857,0.9455,,0,0
SUP0150,2025-02-01,3,0.0,5.667,1.0,,0,0
SUP0150,2025-03-01,2,0.5,3.5,1.0,,0,0
SUP0150,2025-05-01,2,0.0,10.5,1.0,,0,0
SUP0150,2025-06-01,4,0.5,1.75,1.0,,0,0
SUP0150,2025-07-01,2,0.0,8.5,1.0,,0,0
SUP0150,2025-08-01,1,0.0,5.0,1.0,,0,0
SUP0150,2025-09-01,4,0.5,3.0,0.7362,,0,0
SUP0150,2025-10-01,2,0.0,7.5,0.6601,,0,0
SUP0150,2025-11-01,4,0.25,6.5,1.0,,0,0
SUP0150,2025-12-01,6,0.0,10.5,0.3242,,0,0
SUP0151,2023-02-01,2,0.0,9.0,0.6579,,0,0
SUP0151,2023-03-01,3,0.6667,1.667,1.0,,0,0
SUP0151,2023-05-01,3,0.0,6.333,1.0,,0,0
SUP0151,2023-06-01,2,0.5,0.5,1.0,,0,0
SUP0151,2023-07-01,4,0.5,3.75,0.8816,,0,0
SUP0151,2023-08-01,3,0.3333,5.0,1.0,,0,0
SUP0151,2023-10-01,4,0.25,4.0,0.9188,,0,0
SUP0151,2023-11-01,2,0.0,5.5,1.0,,0,0
SUP0151,2023-12-01,2,0.5,5.0,0.9086,,0,0
SUP0151,2024-01-01,1,1.0,0.0,1.0,,0,0
SUP0151,2024-02-01,1,0.0,8.0,1.0,,0,0
SUP0151,2024-03-01,2,0.5,6.5,1.0,,0,0
SUP0151,2024-04-01,4,0.0,6.25,0.8359,,0,0
SUP0151,2024-05-01,2,0.5,5.0,1.0,,0,0
SUP0151,2024-06-01,1,0.0,6.0,1.0,,0,0
SUP0151,2024-07-01,2,0.0,5.0,0.8007,,0,0
SUP0151,2024-08-01,1,0.0,8.0,1.0,,0,0
SUP0151,2024-09-01,2,0.0,14.0,1.0,,0,0
SUP0151,2024-10-01,1,0.0,9.0,1.0,,0,0
SUP0151,2024-12-01,1,0.0,13.0,1.0,,0,0
SUP0151,2025-01-01,1,0.0,4.0,1.0,,0,0
SUP0151,2025-02-01,3,0.0,7.667,1.0,,1,0
SUP0151,2025-03-01,1,0.0,7.0,1.0,,0,0
SUP0151,2025-04-01,3,0.0,2.667,1.0,,0,0
SUP0151,2025-05-01,1,0.0,12.0,1.0,,0,0
SUP0151,2025-06-01,2,0.0,3.5,1.0,,0,0
SUP0151,2025-07-01,2,0.0,4.0,1.0,,0,0
SUP0151,2025-08-01,1,0.0,11.0,1.0,,0,0
SUP0151,2025-09-01,2,0.5,6.5,1.0,,0,0
SUP0151,2025-10-01,3,0.0,9.667,0.7112,,1,0
SUP0151,2025-11-01,1,0.0,12.0,1.0,,0,0
SUP0151,2025-12-01,3,0.3333,0.0,0.43,,0,0
SUP0152,2023-02-01,1,1.0,0.0,1.0,,0,0
SUP0152,2023-03-01,3,0.0,8.667,1.0,,0,0
SUP0152,2023-04-01,2,0.0,6.0,1.0,,0,0
SUP0152,2023-05-01,4,0.5,4.25,1.0,,0,0
SUP0152,2023-06-01,1,0.0,11.0,1.0,,0,0
SUP0152,2023-07-01,1,0.0,1.0,1.0,,0,0
SUP0152,2023-08-01,1,1.0,0.0,1.0,,0,0
SUP0152,2023-09-01,4,0.25,4.75,1.0,,0,0
SUP0152,2023-10-01,2,0.5,6.0,1.0,,0,0
SUP0152,2023-11-01,5,0.0,6.6,1.0,,0,0
SUP0152,2024-01-01,1,0.0,12.0,1.0,,0,0
SUP0152,2024-02-01,4,0.25,7.5,1.0,,0,0
SUP0152,2024-03-01,1,0.0,5.0,1.0,,0,0
SUP0152,2024-04-01,1,0.0,3.0,1.0,,1,0
SUP0152,2024-05-01,3,0.3333,3.667,0.83,,0,0
SUP0152,2024-06-01,1,0.0,8.0,0.4848,,0,0
SUP0152,2024-07-01,1,0.0,12.0,1.0,,0,0
SUP0152,2024-08-01,5,0.8,1.0,1.0,,0,0
SUP0152,2024-09-01,4,0.0,6.5,0.8338,,0,0
SUP0152,2024-10-01,4,0.0,7.25,1.0,,0,0
SUP0152,2024-11-01,2,0.5,5.5,1.0,,0,0
SUP0152,2024-12-01,2,0.0,9.0,1.0,,0,0
SUP0152,2025-01-01,2,0.0,4.5,0.7499,,0,0
SUP0152,2025-02-01,2,1.0,0.0,1.0,,0,0
SUP0152,2025-06-01,2,0.0,5.0,1.0,,0,0
SUP0152,2025-07-01,1,0.0,11.0,1.0,,0,0
SUP0152,2025-08-01,4,0.5,3.5,1.0,,0,0
SUP0152,2025-09-01,3,0.6667,0.667,1.0,,0,0
SUP0152,2025-10-01,2,0.5,1.0,1.0,,0,0
SUP0152,2025-11-01,1,0.0,2.0,1.0,,0,0
SUP0152,2025-12-01,1,0.0,,0.0,,0,0
SUP0153,2023-02-01,2,0.0,8.0,0.725,,0,0
SUP0153,2023-03-01,5,0.2,5.0,1.0,17000.0,0,0
SUP0153,2023-04-01,2,0.0,13.0,1.0,0.0,0,0
SUP0153,2023-05-01,5,0.4,3.6,1.0,0.0,0,0
SUP0153,2023-06-01,5,0.2,12.0,0.942,15100.9,0,0
SUP0153,2023-07-01,1,1.0,0.0,1.0,,0,0
SUP0153,2023-08-01,3,0.6667,1.333,1.0,0.0,0,0
SUP0153,2023-09-01,2,1.0,0.0,1.0,0.0,0,0
SUP0153,2023-10-01,3,0.3333,6.333,1.0,0.0,0,0
SUP0153,2023-11-01,3,0.6667,4.333,1.0,,0,0
SUP0153,2023-12-01,4,0.5,3.0,1.0,0.0,0,0
SUP0153,2024-01-01,4,0.25,6.0,1.0,0.0,0,0
SUP0153,2024-02-01,3,0.0,8.333,0.9635,,0,0
SUP0153,2024-03-01,2,0.0,5.5,1.0,,0,0
SUP0153,2024-05-01,2,0.5,3.5,1.0,,0,0
SUP0153,2024-06-01,2,0.0,10.5,1.0,,0,0
SUP0153,2024-07-01,1,0.0,46.0,1.0,0.0,0,0
SUP0153,2024-08-01,2,0.5,5.5,1.0,0.0,0,0
SUP0153,2024-09-01,2,0.0,8.0,1.0,,0,0
SUP0153,2024-10-01,1,0.0,2.0,1.0,,0,0
SUP0153,2024-11-01,3,0.0,6.333,1.0,,0,0
SUP0153,2024-12-01,3,0.3333,5.333,0.4368,0.0,1,1
SUP0153,2025-02-01,6,0.1667,9.833,0.7713,0.0,0,0
SUP0153,2025-03-01,4,0.0,4.5,0.6274,0.0,0,0
SUP0153,2025-04-01,4,0.25,8.25,1.0,,1,0
SUP0153,2025-05-01,5,0.4,5.0,1.0,0.0,0,0
SUP0153,2025-06-01,2,1.0,0.0,1.0,0.0,0,0
SUP0153,2025-07-01,2,0.5,3.5,1.0,0.0,0,0
SUP0153,2025-08-01,2,0.5,2.0,1.0,0.0,0,0
SUP0153,2025-09-01,3,0.0,3.667,0.7935,0.0,0,0
SUP0153,2025-10-01,4,0.25,8.25,1.0,0.0,0,0
SUP0153,2025-11-01,4,0.25,2.333,0.5893,,0,0
SUP0153,2025-12-01,4,0.5,0.0,0.0151,0.0,1,1
SUP0154,2023-02-01,3,0.3333,6.0,1.0,,0,0
SUP0154,2023-03-01,7,0.2857,6.286,0.9717,,0,0
SUP0154,2023-05-01,1,0.0,9.0,1.0,,0,0
SUP0154,2023-06-01,1,0.0,1.0,1.0,,0,0
SUP0154,2023-08-01,2,0.0,9.0,1.0,,0,0
SUP0154,2023-09-01,2,0.5,6.0,1.0,,0,0
SUP0154,2023-10-01,3,0.3333,3.667,1.0,,0,0
SUP0154,2023-11-01,3,0.0,7.667,1.0,,0,0
SUP0154,2023-12-01,1,0.0,4.0,1.0,,0,0
SUP0154,2024-01-01,3,0.0,6.333,0.8021,,1,0
SUP0154,2024-02-01,3,0.3333,8.0,0.7339,,0,0
SUP0154,2024-03-01,1,0.0,9.0,1.0,,0,0
SUP0154,2024-04-01,3,0.0,6.333,1.0,,0,0
SUP0154,2024-05-01,3,0.0,6.0,1.0,,0,0
SUP0154,2024-06-01,2,0.5,3.5,1.0,,0,0
SUP0154,2024-08-01,3,0.3333,1.0,1.0,,0,0
SUP0154,2024-09-01,2,1.0,0.0,1.0,,0,0
SUP0154,2024-10-01,1,0.0,11.0,1.0,,0,0
SUP0154,2024-12-01,3,0.0,11.0,1.0,,0,0
SUP0154,2025-01-01,2,0.0,3.5,1.0,,0,0
SUP0154,2025-02-01,3,0.6667,2.0,1.0,,0,0
SUP0154,2025-03-01,4,0.0,7.75,0.874,,0,0
SUP0154,2025-04-01,3,0.0,3.333,1.0,,0,0
SUP0154,2025-06-01,4,0.25,6.25,1.0,,0,0
SUP0154,2025-08-01,2,0.5,3.0,1.0,,0,0
SUP0154,2025-09-01,5,0.0,9.6,1.0,,0,0
SUP0154,2025-10-01,2,0.5,2.5,1.0,,0,0
SUP0154,2025-11-01,1,0.0,11.0,1.0,,0,0
SUP0154,2025-12-01,2,0.0,,0.0,,0,0
SUP0155,2023-02-01,1,0.0,1.0,1.0,,0,0
SUP0155,2023-03-01,3,1.0,0.0,1.0,,0,0
SUP0155,2023-04-01,2,0.0,10.5,1.0,,0,0
SUP0155,2023-05-01,2,0.0,4.5,1.0,,0,0
SUP0155,2023-06-01,3,0.0,7.333,1.0,,0,0
SUP0155,2023-07-01,5,0.4,2.6,1.0,,0,0
SUP0155,2023-08-01,4,0.25,1.0,1.0,,0,0
SUP0155,2023-09-01,1,1.0,0.0,1.0,,0,0
SUP0155,2023-10-01,2,0.0,5.0,1.0,,0,0
SUP0155,2023-11-01,2,0.0,8.0,1.0,,0,0
SUP0155,2023-12-01,2,0.0,7.5,0.7182,,0,0
SUP0155,2024-02-01,2,0.5,3.0,1.0,,0,0
SUP0155,2024-03-01,4,0.0,9.75,1.0,,0,0
SUP0155,2024-04-01,6,0.1667,4.5,0.9877,,0,0
SUP0155,2024-05-01,1,1.0,0.0,1.0,,0,0
SUP0155,2024-06-01,3,0.3333,4.333,1.0,,0,0
SUP0155,2024-07-01,1,1.0,0.0,1.0,,0,0
SUP0155,2024-09-01,4,0.0,11.25,1.0,,0,0
SUP0155,2024-10-01,2,0.0,4.0,1.0,,0,0
SUP0155,2024-11-01,1,0.0,13.0,1.0,,0,0
SUP0155,2024-12-01,2,0.0,7.0,1.0,,0,0
SUP0155,2025-01-01,1,1.0,0.0,1.0,,0,0
SUP0155,2025-02-01,3,0.0,12.333,0.9427,,0,0
SUP0155,2025-05-01,3,0.3333,4.333,0.9251,,0,0
SUP0155,2025-06-01,2,0.0,5.0,1.0,,0,0
SUP0155,2025-07-01,2,0.5,3.5,1.0,,0,0
SUP0155,2025-08-01,3,0.3333,6.667,1.0,,0,0
SUP0155,2025-09-01,3,0.3333,2.667,1.0,,0,0
SUP0155,2025-10-01,4,0.5,3.75,1.0,,0,0
SUP0155,2025-12-01,2,0.0,3.0,0.5024,,0,0
SUP0156,2023-02-01,1,0.0,8.0,1.0,,0,0
SUP0156,2023-03-01,1,0.0,9.0,1.0,,0,0
SUP0156,2023-04-01,2,0.0,5.5,0.6193,,0,0
SUP0156,2023-05-01,2,0.5,2.0,1.0,,0,0
SUP0156,2023-06-01,2,0.5,7.0,1.0,,0,0
SUP0156,2023-07-01,1,0.0,6.0,1.0,,0,0
SUP0156,2023-08-01,3,0.6667,0.333,1.0,,0,0
SUP0156,2023-09-01,4,0.0,10.5,1.0,,0,0
SUP0156,2023-10-01,2,0.0,11.0,0.6809,,0,0
SUP0156,2024-02-01,1,0.0,4.0,1.0,,0,0
SUP0156,2024-03-01,1,0.0,12.0,1.0,,0,0
SUP0156,2024-04-01,3,0.3333,4.333,1.0,,0,0
SUP0156,2024-05-01,2,0.0,9.0,1.0,,0,0
SUP0156,2024-06-01,1,0.0,2.0,1.0,,0,0
SUP0156,2024-08-01,3,0.3333,3.0,1.0,,0,0
SUP0156,2024-09-01,4,0.0,6.25,1.0,,1,0
SUP0156,2024-10-01,1,1.0,0.0,1.0,,0,0
SUP0156,2024-12-01,3,0.0,8.333,1.0,,0,0
SUP0156,2025-01-01,2,0.0,8.5,1.0,,0,0
SUP0156,2025-02-01,3,0.0,10.333,1.0,,0,0
SUP0156,2025-04-01,1,0.0,8.0,1.0,,0,0
SUP0156,2025-06-01,1,1.0,0.0,1.0,,0,0
SUP0156,2025-07-01,1,0.0,5.0,1.0,,0,0
SUP0156,2025-08-01,2,0.0,8.0,1.0,,0,0
SUP0156,2025-09-01,3,0.0,5.667,1.0,,0,0
SUP0156,2025-10-01,3,0.3333,8.667,0.9301,,0,0
SUP0156,2025-11-01,4,0.25,9.25,1.0,,1,0
SUP0156,2025-12-01,4,0.25,0.0,0.1962,,0,0
SUP0157,2023-02-01,2,0.0,13.5,1.0,0.0,0,0
SUP0157,2023-03-01,9,0.5556,2.222,1.0,0.0,0,0
SUP0157,2023-05-01,2,0.0,11.0,1.0,,0,0
SUP0157,2023-07-01,3,0.3333,2.667,1.0,0.0,0,0
SUP0157,2023-08-01,1,1.0,0.0,1.0,0.0,0,0
SUP0157,2023-09-01,2,0.5,6.5,1.0,,0,0
SUP0157,2023-10-01,2,0.5,21.0,0.957,0.0,0,0
SUP0157,2023-11-01,2,1.0,0.0,1.0,0.0,0,0
SUP0157,2023-12-01,2,0.5,0.5,0.2804,0.0,0,0
SUP0157,2024-01-01,3,0.3333,7.667,0.9999,0.0,0,0
SUP0157,2024-02-01,7,0.8571,0.714,1.0,0.0,0,0
SUP0157,2024-03-01,10,0.2,12.5,1.0,0.0,0,0
SUP0157,2024-04-01,7,0.4286,14.0,1.0,9367.2,0,0
SUP0157,2024-05-01,9,0.3333,6.111,1.0,0.0,0,0
SUP0157,2024-06-01,5,0.6,3.6,1.0,0.0,0,0
SUP0157,2024-07-01,7,0.4286,7.286,1.0,0.0,0,0
SUP0157,2024-08-01,11,0.4545,10.909,0.9792,2744.4,0,0
SUP0157,2024-09-01,5,0.6,14.0,1.0,0.0,0,0
SUP0157,2024-10-01,10,0.5,2.7,1.0,0.0,1,0
SUP0157,2024-11-01,8,0.125,5.625,1.0,0.0,1,0
SUP0157,2024-12-01,6,0.8333,2.167,1.0,0.0,0,0
SUP0157,2025-01-01,12,0.5833,3.167,1.0,0.0,0,0
SUP0157,2025-02-01,1,1.0,0.0,1.0,0.0,0,0
SUP0157,2025-03-01,2,0.5,7.0,0.8692,,0,0
SUP0157,2025-04-01,2,0.0,6.5,1.0,,0,0
SUP0157,2025-06-01,1,0.0,1.0,1.0,,0,0
SUP0157,2025-07-01,1,1.0,0.0,1.0,,0,0
SUP0157,2025-08-01,3,1.0,0.0,1.0,,0,0
SUP0157,2025-10-01,2,0.5,5.5,1.0,,0,0
SUP0157,2025-11-01,1,0.0,2.0,1.0,,0,0
SUP0157,2025-12-01,6,0.5,1.6,0.7938,,0,0
SUP0158,2023-02-01,2,0.0,24.0,1.0,0.0,0,0
SUP0158,2023-03-01,7,0.5714,3.429,1.0,0.0,0,0
SUP0158,2023-04-01,4,0.75,1.75,1.0,0.0,0,0
SUP0158,2023-05-01,8,0.5,5.25,1.0,0.0,1,1
SUP0158,2023-06-01,7,0.1429,4.286,0.888,0.0,0,0
SUP0158,2023-07-01,4,0.75,1.75,1.0,0.0,0,0
SUP0158,2023-08-01,5,0.8,0.6,0.9009,7137.9,0,0
SUP0158,2023-09-01,6,0.5,5.833,1.0,0.0,0,0
SUP0158,2023-10-01,9,0.3333,7.111,1.0,21096.9,0,0
SUP0158,2023-11-01,4,0.75,2.75,1.0,0.0,0,0
SUP0158,2023-12-01,10,0.7,5.7,1.0,0.0,0,0
SUP0158,2024-01-01,7,0.5714,3.857,0.9861,0.0,0,0
SUP0158,2024-02-01,3,0.0,11.667,1.0,0.0,0,0
SUP0158,2024-03-01,6,0.6667,14.0,1.0,0.0,0,0
SUP0158,2024-04-01,10,0.6,3.6,1.0,0.0,0,0
SUP0158,2024-05-01,8,0.25,8.375,0.8694,0.0,0,0
SUP0158,2024-06-01,4,0.25,7.75,1.0,0.0,0,0
SUP0158,2024-07-01,3,1.0,0.0,1.0,9113.1,0,0
SUP0158,2024-08-01,2,0.5,1.5,1.0,0.0,0,0
SUP0158,2024-09-01,7,0.5714,9.714,1.0,0.0,0,0
SUP0158,2024-10-01,8,0.375,7.125,1.0,0.0,0,0
SUP0158,2024-11-01,5,1.0,0.0,1.0,0.0,0,0
SUP0158,2024-12-01,4,0.5,4.75,1.0,0.0,0,0
SUP0158,2025-01-01,9,0.6667,2.556,1.0,0.0,0,0
SUP0158,2025-02-01,7,0.1429,7.143,1.0,0.0,0,0
SUP0158,2025-03-01,5,0.4,3.8,1.0,0.0,0,0
SUP0158,2025-04-01,5,0.8,0.8,1.0,7174.7,0,0
SUP0158,2025-05-01,5,0.4,3.8,0.7742,0.0,0,0
SUP0158,2025-06-01,4,0.25,14.25,0.9994,0.0,0,0
SUP0158,2025-07-01,6,0.3333,12.0,0.3392,17627.5,0,0
SUP0158,2025-08-01,7,0.5714,3.286,1.0,0.0,0,0
SUP0158,2025-09-01,7,0.5714,10.429,1.0,0.0,0,0
SUP0158,2025-10-01,8,0.375,12.0,1.0,0.0,0,0
SUP0158,2025-11-01,6,0.6667,2.833,1.0,0.0,0,0
SUP0158,2025-12-01,5,0.2,3.333,0.2644,0.0,0,0
SUP0159,2023-02-01,1,0.0,12.0,1.0,,0,0
SUP0159,2023-03-01,2,0.0,5.5,1.0,,0,0
SUP0159,2023-04-01,4,0.5,3.0,0.9997,0.0,0,0
SUP0159,2023-05-01,5,0.6,4.6,1.0,0.0,0,0
SUP0159,2023-06-01,1,0.0,5.0,1.0,,0,0
SUP0159,2023-07-01,2,0.5,3.5,1.0,0.0,0,0
SUP0159,2023-08-01,2,0.5,12.0,1.0,0.0,0,0
SUP0159,2023-09-01,7,0.7143,0.571,0.9999,0.0,0,0
SUP0159,2023-10-01,4,0.5,4.5,0.9999,0.0,0,0
SUP0159,2023-11-01,6,0.5,3.667,0.7978,3747.3,0,0
SUP0159,2023-12-01,8,0.75,2.375,1.0,0.0,0,0
SUP0159,2024-01-01,2,0.5,9.5,1.0,0.0,0,0
SUP0159,2024-02-01,3,0.3333,4.333,1.0,0.0,0,0
SUP0159,2024-03-01,10,0.2,6.2,1.0,0.0,0,0
SUP0159,2024-04-01,3,0.3333,6.0,0.9998,0.0,0,0
SUP0159,2024-05-01,1,0.0,9.0,1.0,,0,0
SUP0159,2024-06-01,4,0.25,5.0,0.7914,,0,0
SUP0159,2024-07-01,6,0.5,4.667,0.7,0.0,0,0
SUP0159,2024-08-01,4,0.25,6.0,1.0,0.0,0,0
SUP0159,2024-09-01,5,0.6,1.6,0.4806,0.0,0,0
SUP0159,2024-10-01,7,0.7143,2.429,1.0,0.0,0,0
SUP0159,2024-11-01,4,0.25,4.75,1.0,,0,0
SUP0159,2024-12-01,2,0.5,5.0,1.0,0.0,0,0
SUP0159,2025-01-01,1,0.0,11.0,1.0,,0,0
SUP0159,2025-02-01,6,0.5,2.5,1.0,0.0,0,0
SUP0159,2025-03-01,3,0.6667,3.667,1.0,0.0,0,0
SUP0159,2025-04-01,4,0.75,3.75,1.0,0.0,0,0
SUP0159,2025-05-01,5,0.2,6.8,1.0,0.0,0,0
SUP0159,2025-06-01,5,0.0,12.6,1.0,0.0,0,0
SUP0159,2025-07-01,6,0.3333,3.0,0.6137,0.0,0,0
SUP0159,2025-08-01,4,0.25,11.0,1.0,0.0,0,0
SUP0159,2025-10-01,1,0.0,12.0,1.0,,0,0
SUP0159,2025-11-01,6,0.3333,6.5,1.0,0.0,0,0
SUP0159,2025-12-01,5,0.6,0.0,0.0027,0.0,0,0
SUP0160,2023-03-01,4,0.25,7.25,1.0,,0,0
SUP0160,2023-05-01,3,0.3333,6.667,1.0,,0,0
SUP0160,2023-06-01,3,0.0,12.0,1.0,,0,0
SUP0160,2023-07-01,1,0.0,14.0,1.0,,0,0
SUP0160,2023-08-01,1,0.0,6.0,1.0,,0,0
SUP0160,2023-09-01,2,0.0,4.0,1.0,,0,0
SUP0160,2023-11-01,2,0.0,10.5,1.0,,0,0
SUP0160,2023-12-01,2,0.0,7.5,1.0,,0,0
SUP0160,2024-01-01,1,1.0,0.0,1.0,,0,0
SUP0160,2024-02-01,6,0.3333,4.333,1.0,,0,0
SUP0160,2024-03-01,2,0.0,6.5,1.0,,0,0
SUP0160,2024-04-01,1,0.0,5.0,1.0,,0,0
SUP0160,2024-05-01,5,0.2,4.8,0.9042,,0,0
SUP0160,2024-06-01,1,0.0,1.0,1.0,,0,0
SUP0160,2024-07-01,3,0.3333,6.0,1.0,,0,0
SUP0160,2024-08-01,2,0.5,1.5,1.0,,0,0
SUP0160,2024-09-01,2,0.0,2.0,0.7776,,0,0
SUP0160,2024-10-01,3,0.3333,2.333,1.0,,0,0
SUP0160,2024-12-01,1,0.0,11.0,1.0,,0,0
SUP0160,2025-01-01,3,0.0,10.0,1.0,,0,0
SUP0160,2025-03-01,2,0.0,6.0,1.0,,0,0
SUP0160,2025-04-01,2,0.0,10.0,1.0,,0,0
SUP0160,2025-05-01,4,0.25,8.25,1.0,,0,0
SUP0160,2025-06-01,2,0.0,8.5,1.0,,0,0
SUP0160,2025-07-01,2,0.0,10.0,1.0,,0,0
SUP0160,2025-08-01,1,0.0,8.0,0.7313,,0,0
SUP0160,2025-09-01,2,1.0,0.0,1.0,,0,0
SUP0160,2025-10-01,1,1.0,0.0,1.0,,0,0
SUP0160,2025-11-01,2,1.0,0.0,1.0,,0,0
SUP0160,2025-12-01,2,0.0,6.0,0.7259,,0,0
SUP0161,2023-02-01,2,0.5,6.0,1.0,,0,0
SUP0161,2023-03-01,2,0.0,8.0,1.0,,0,0
SUP0161,2023-06-01,1,0.0,11.0,1.0,,0,0
SUP0161,2023-08-01,4,0.25,7.5,1.0,,0,0
SUP0161,2023-09-01,2,0.5,5.0,1.0,,0,0
SUP0161,2023-10-01,1,0.0,5.0,1.0,,0,0
SUP0161,2023-12-01,3,0.3333,7.333,1.0,,0,0
SUP0161,2024-01-01,1,0.0,7.0,1.0,,0,0
SUP0161,2024-02-01,3,0.3333,7.0,1.0,,0,0
SUP0161,2024-03-01,1,0.0,14.0,1.0,,0,0
SUP0161,2024-04-01,1,1.0,0.0,1.0,,0,0
SUP0161,2024-05-01,3,0.3333,3.0,1.0,,0,0
SUP0161,2024-06-01,3,0.3333,3.667,1.0,,0,0
SUP0161,2024-07-01,5,0.4,6.2,1.0,,0,0
SUP0161,2024-08-01,2,1.0,0.0,1.0,,0,0
SUP0161,2024-09-01,2,0.0,7.0,1.0,,0,0
SUP0161,2024-11-01,2,0.0,8.0,1.0,,0,0
SUP0161,2024-12-01,1,1.0,0.0,1.0,,0,0
SUP0161,2025-01-01,1,0.0,7.0,1.0,,0,0
SUP0161,2025-02-01,6,0.1667,8.333,0.9211,,0,0
SUP0161,2025-03-01,4,0.25,3.25,1.0,,0,0
SUP0161,2025-04-01,2,0.0,7.0,1.0,,0,0
SUP0161,2025-05-01,3,0.3333,5.667,1.0,,0,0
SUP0161,2025-06-01,2,0.0,13.5,1.0,,0,0
SUP0161,2025-07-01,1,0.0,12.0,1.0,,0,0
SUP0161,2025-08-01,3,0.0,7.333,1.0,,0,0
SUP0161,2025-09-01,3,0.0,5.667,1.0,,0,0
SUP0161,2025-10-01,3,0.3333,6.333,1.0,,0,0
SUP0161,2025-11-01,3,0.0,7.667,1.0,,0,0
SUP0161,2025-12-01,4,0.0,4.0,0.3329,,0,0
SUP0162,2023-02-01,11,0.1818,7.818,0.9999,11902.2,0,0
SUP0162,2023-03-01,9,0.5556,10.333,1.0,0.0,1,1
SUP0162,2023-04-01,24,0.5,6.75,0.9994,0.0,0,0
SUP0162,2023-05-01,21,0.6667,2.381,0.9981,4894.3,0,0
SUP0162,2023-06-01,16,0.6875,5.812,0.9868,0.0,0,0
SUP0162,2023-07-01,15,0.6,4.2,0.9999,0.0,0,0
SUP0162,2023-08-01,17,0.5882,7.471,1.0,0.0,0,0
SUP0162,2023-09-01,22,0.5455,6.227,0.9997,0.0,0,0
SUP0162,2023-10-01,23,0.7391,1.087,0.9999,0.0,0,0
SUP0162,2023-11-01,20,0.7,2.35,0.9965,1879.8,0,0
SUP0162,2023-12-01,21,0.7143,2.381,0.6706,530.5,0,0
SUP0162,2024-01-01,14,0.8571,3.286,1.0,0.0,0,0
SUP0162,2024-02-01,18,0.2778,7.222,1.0,9384.0,0,0
SUP0162,2024-03-01,23,0.7826,2.913,0.9289,0.0,0,0
SUP0162,2024-04-01,19,0.6316,6.579,0.9994,0.0,0,0
SUP0162,2024-05-01,20,0.65,1.8,0.9985,4550.3,0,0
SUP0162,2024-06-01,22,0.7273,3.636,0.9912,1295.6,0,0
SUP0162,2024-07-01,23,0.6522,3.957,0.9998,0.0,1,1
SUP0162,2024-08-01,29,0.6207,5.207,0.6719,7117.7,0,0
SUP0162,2024-09-01,20,0.9,1.05,1.0,2222.4,0,0
SUP0162,2024-10-01,24,0.6667,3.417,1.0,329.0,0,0
SUP0162,2024-11-01,18,0.6667,4.389,1.0,0.0,0,0
SUP0162,2024-12-01,21,0.6667,3.476,0.9999,0.0,0,0
SUP0162,2025-01-01,24,0.5833,4.708,1.0,0.0,0,0
SUP0162,2025-02-01,19,0.1053,9.474,1.0,658.1,0,0
SUP0162,2025-03-01,20,0.7,5.5,1.0,0.0,0,0
SUP0162,2025-04-01,23,0.6957,4.783,1.0,0.0,0,0
SUP0162,2025-05-01,21,0.7619,1.952,0.9899,0.0,0,0
SUP0162,2025-06-01,24,0.7083,1.875,0.9999,2805.3,0,0
SUP0162,2025-07-01,25,0.76,2.8,1.0,0.0,0,0
SUP0162,2025-08-01,28,0.6429,2.643,1.0,2994.4,0,0
SUP0162,2025-09-01,22,0.7727,3.0,0.9928,0.0,0,0
SUP0162,2025-10-01,19,0.8421,1.105,0.9999,3821.9,0,0
SUP0162,2025-11-01,18,0.5,3.389,1.0,0.0,0,0
SUP0162,2025-12-01,19,0.5789,1.286,0.0783,0.0,0,0
SUP0163,2023-02-01,2,1.0,0.0,1.0,0.0,0,0
SUP0163,2023-03-01,9,0.4444,6.778,0.9997,7237.5,0,0
SUP0163,2023-04-01,5,0.8,0.0,0.971,0.0,0,0
SUP0163,2023-05-01,10,0.8,1.6,0.7612,7353.2,0,0
SUP0163,2023-06-01,9,0.5556,4.778,1.0,0.0,0,0
SUP0163,2023-07-01,10,0.8,0.3,1.0,0.0,0,0
SUP0163,2023-08-01,10,0.6,2.7,0.8459,0.0,0,0
SUP0163,2023-09-01,11,0.3636,8.545,1.0,0.0,0,0
SUP0163,2023-10-01,8,0.625,13.875,1.0,0.0,0,0
SUP0163,2023-11-01,8,0.5,8.875,1.0,0.0,1,1
SUP0163,2023-12-01,11,0.5455,6.273,0.9999,0.0,0,0
SUP0163,2024-01-01,9,0.7778,3.778,1.0,0.0,0,0
SUP0163,2024-02-01,8,1.0,0.0,1.0,0.0,1,1
SUP0163,2024-03-01,9,0.8889,0.222,1.0,0.0,0,0
SUP0163,2024-04-01,12,0.6667,1.417,1.0,0.0,1,1
SUP0163,2024-05-01,8,0.0,11.125,0.7853,0.0,0,0
SUP0163,2024-06-01,10,0.5,4.7,1.0,0.0,0,0
SUP0163,2024-07-01,10,0.7,2.1,1.0,0.0,0,0
SUP0163,2024-08-01,8,0.75,3.25,1.0,0.0,0,0
SUP0163,2024-09-01,10,0.5,14.1,1.0,0.0,0,0
SUP0163,2024-10-01,9,0.5556,5.333,1.0,0.0,0,0
SUP0163,2024-11-01,8,0.375,3.125,0.658,0.0,0,0
SUP0163,2024-12-01,9,0.5556,6.444,0.9181,4345.7,0,0
SUP0163,2025-01-01,9,0.5556,1.222,0.9982,0.0,0,0
SUP0163,2025-02-01,8,0.5,2.0,1.0,0.0,0,0
SUP0163,2025-03-01,14,0.5714,4.429,1.0,30012.3,0,0
SUP0163,2025-04-01,10,0.5,2.4,1.0,477.4,0,0
SUP0163,2025-05-01,9,0.6667,3.111,1.0,8126.4,0,0
SUP0163,2025-06-01,8,0.5,6.75,1.0,0.0,0,0
SUP0163,2025-07-01,9,0.6667,5.889,1.0,311.1,0,0
SUP0163,2025-08-01,6,0.5,4.167,1.0,0.0,0,0
SUP0163,2025-09-01,12,0.8333,0.5,1.0,0.0,0,0
SUP0163,2025-10-01,9,0.8889,0.889,1.0,0.0,0,0
SUP0163,2025-11-01,8,0.75,2.25,1.0,0.0,0,0
SUP0163,2025-12-01,15,0.6,1.583,0.5933,0.0,0,0
SUP0164,2023-03-01,1,0.0,5.0,1.0,,0,0
SUP0164,2023-05-01,1,1.0,0.0,1.0,,0,0
SUP0164,2023-06-01,2,0.0,8.0,1.0,,0,0
SUP0164,2023-08-01,1,0.0,5.0,1.0,,0,0
SUP0164,2023-09-01,2,0.0,6.5,1.0,,0,0
SUP0164,2023-10-01,1,0.0,7.0,1.0,,0,0
SUP0164,2023-11-01,3,0.3333,4.667,1.0,,0,0
SUP0164,2023-12-01,5,0.0,11.8,0.978,,0,0
SUP0164,2024-01-01,2,0.5,5.5,1.0,,0,0
SUP0164,2024-02-01,3,0.6667,0.667,1.0,,0,0
SUP0164,2024-04-01,3,0.6667,2.667,1.0,,0,0
SUP0164,2024-05-01,2,0.0,5.0,1.0,,0,0
SUP0164,2024-06-01,2,0.5,2.5,1.0,,0,0
SUP0164,2024-07-01,2,0.5,5.0,1.0,,0,0
SUP0164,2024-08-01,2,0.0,9.0,0.8902,,0,0
SUP0164,2024-10-01,5,0.4,5.0,0.8019,,0,0
SUP0164,2024-11-01,1,0.0,12.0,1.0,,0,0
SUP0164,2024-12-01,5,0.0,9.0,1.0,,0,0
SUP0164,2025-01-01,3,0.3333,3.0,1.0,,0,0
SUP0164,2025-03-01,1,0.0,14.0,1.0,,0,0
SUP0164,2025-04-01,3,0.3333,5.333,1.0,,0,0
SUP0164,2025-05-01,2,0.0,6.5,1.0,,0,0
SUP0164,2025-06-01,1,0.0,14.0,1.0,,0,0
SUP0164,2025-07-01,3,0.3333,7.0,0.5618,,0,0
SUP0164,2025-08-01,4,0.0,10.75,1.0,,0,0
SUP0164,2025-09-01,3,0.3333,5.333,1.0,,0,0
SUP0164,2025-11-01,2,0.0,6.0,1.0,,0,0
SUP0164,2025-12-01,4,0.25,2.0,0.8954,,0,0
SUP0165,2023-02-01,4,0.0,3.0,0.8306,,0,0
SUP0165,2023-03-01,1,0.0,3.0,1.0,,0,0
SUP0165,2023-04-01,2,0.0,10.5,1.0,,0,0
SUP0165,2023-05-01,3,0.3333,4.667,1.0,,0,0
SUP0165,2023-06-01,1,0.0,14.0,1.0,,0,0
SUP0165,2023-07-01,4,0.25,8.0,1.0,,0,0
SUP0165,2023-08-01,1,0.0,14.0,1.0,,0,0
SUP0165,2023-10-01,1,0.0,10.0,1.0,,0,0
SUP0165,2023-11-01,3,0.3333,5.667,1.0,,0,0
SUP0165,2023-12-01,1,1.0,0.0,1.0,,0,0
SUP0165,2024-01-01,1,0.0,8.0,1.0,,0,0
SUP0165,2024-02-01,1,0.0,2.0,1.0,,0,0
SUP0165,2024-03-01,3,0.0,6.0,0.8708,,0,0
SUP0165,2024-04-01,4,0.25,2.75,1.0,,0,0
SUP0165,2024-05-01,2,0.0,8.5,1.0,,0,0
SUP0165,2024-06-01,2,0.0,4.5,1.0,,0,0
SUP0165,2024-07-01,1,0.0,5.0,1.0,,0,0
SUP0165,2024-08-01,3,0.6667,3.0,1.0,,0,0
SUP0165,2024-09-01,2,0.0,3.0,1.0,,0,0
SUP0165,2024-10-01,2,0.0,3.0,1.0,,0,0
SUP0165,2024-11-01,3,0.3333,2.667,0.9271,,0,0
SUP0165,2024-12-01,2,0.5,5.5,1.0,,0,0
SUP0165,2025-01-01,3,0.0,11.667,1.0,,0,0
SUP0165,2025-02-01,1,0.0,8.0,1.0,,0,0
SUP0165,2025-03-01,2,0.0,6.0,1.0,,0,0
SUP0165,2025-04-01,3,0.6667,0.333,1.0,,0,0
SUP0165,2025-05-01,1,0.0,8.0,1.0,,0,0
SUP0165,2025-06-01,4,0.0,5.25,0.7776,,0,0
SUP0165,2025-07-01,4,0.25,3.25,1.0,,0,0
SUP0165,2025-08-01,1,0.0,12.0,1.0,,0,0
SUP0165,2025-09-01,1,1.0,0.0,1.0,,0,0
SUP0165,2025-10-01,1,0.0,11.0,1.0,,0,0
SUP0166,2023-01-01,2,1.0,0.0,1.0,0.0,0,0
SUP0166,2023-02-01,1,0.0,4.0,1.0,,0,0
SUP0166,2023-05-01,3,0.0,8.0,1.0,,1,0
SUP0166,2023-06-01,1,0.0,7.0,1.0,,0,0
SUP0166,2023-07-01,1,0.0,5.0,1.0,,0,0
SUP0166,2023-08-01,2,0.5,0.0,1.0,0.0,0,0
SUP0166,2023-09-01,3,0.3333,4.333,1.0,,0,0
SUP0166,2023-10-01,1,1.0,0.0,1.0,,0,0
SUP0166,2023-11-01,1,1.0,0.0,1.0,0.0,0,0
SUP0166,2024-02-01,5,0.2,2.6,1.0,0.0,0,0
SUP0166,2024-03-01,3,0.6667,3.0,1.0,0.0,0,0
SUP0166,2024-04-01,1,0.0,10.0,1.0,,0,0
SUP0166,2024-05-01,1,0.0,1.0,1.0,,0,0
SUP0166,2024-06-01,2,0.0,1.0,0.6595,,0,0
SUP0166,2024-07-01,2,0.0,4.5,1.0,0.0,0,0
SUP0166,2024-08-01,1,0.0,2.0,1.0,,0,0
SUP0166,2024-09-01,3,0.3333,7.667,1.0,,0,0
SUP0166,2024-11-01,3,0.3333,5.333,1.0,,0,0
SUP0166,2024-12-01,1,0.0,5.0,1.0,,0,0
SUP0166,2025-01-01,5,0.4,2.4,1.0,0.0,0,0
SUP0166,2025-02-01,2,0.5,6.0,1.0,,0,0
SUP0166,2025-03-01,3,0.0,3.667,0.7697,,0,0
SUP0166,2025-04-01,3,0.0,5.0,1.0,,0,0
SUP0166,2025-05-01,2,0.0,5.5,0.6739,,0,0
SUP0166,2025-06-01,6,0.3333,4.333,0.9941,0.0,0,0
SUP0166,2025-08-01,3,0.6667,0.333,1.0,0.0,0,0
SUP0166,2025-09-01,1,0.0,11.0,1.0,,0,0
SUP0166,2025-10-01,2,0.0,10.0,0.9354,,0,0
SUP0166,2025-11-01,3,0.0,6.667,1.0,,0,0
SUP0166,2025-12-01,3,0.6667,0.0,0.0003,0.0,0,0
SUP0167,2023-01-01,2,0.0,8.0,1.0,,0,0
SUP0167,2023-02-01,3,0.0,5.333,1.0,,0,0
SUP0167,2023-03-01,2,0.0,2.0,0.6793,,0,0
SUP0167,2023-04-01,4,0.75,3.5,1.0,,0,0
SUP0167,2023-05-01,2,0.0,9.0,1.0,,0,0
SUP0167,2023-07-01,3,0.3333,9.0,1.0,,0,0
SUP0167,2023-09-01,1,0.0,0.0,0.5376,,0,0
SUP0167,2023-10-01,2,0.0,8.5,1.0,,0,0
SUP0167,2023-11-01,2,0.5,5.0,1.0,,0,0
SUP0167,2023-12-01,6,0.1667,4.5,0.899,,0,0
SUP0167,2024-01-01,4,0.5,6.0,1.0,,0,0
SUP0167,2024-02-01,2,0.5,5.0,1.0,,0,0
SUP0167,2024-03-01,3,0.3333,5.333,1.0,,0,0
SUP0167,2024-04-01,1,0.0,9.0,1.0,,0,0
SUP0167,2024-06-01,3,0.0,7.0,1.0,,0,0
SUP0167,2024-07-01,1,0.0,2.0,1.0,,0,0
SUP0167,2024-08-01,2,0.0,8.5,0.7991,,0,0
SUP0167,2024-09-01,1,0.0,2.0,0.4344,,0,0
SUP0167,2024-10-01,3,0.3333,9.333,1.0,,0,0
SUP0167,2024-12-01,1,1.0,0.0,1.0,,0,0
SUP0167,2025-01-01,4,0.75,1.25,1.0,,0,0
SUP0167,2025-02-01,2,0.0,1.0,1.0,,0,0
SUP0167,2025-03-01,3,0.3333,9.333,1.0,,0,0
SUP0167,2025-04-01,5,0.2,5.8,1.0,,0,0
SUP0167,2025-05-01,2,0.5,4.5,1.0,,0,0
SUP0167,2025-06-01,2,0.5,2.5,1.0,,0,0
SUP0167,2025-07-01,2,0.5,5.0,1.0,,0,0
SUP0167,2025-08-01,2,0.5,6.0,1.0,,0,0
SUP0167,2025-09-01,2,1.0,0.0,1.0,,0,0
SUP0167,2025-10-01,3,0.0,11.333,1.0,,0,0
SUP0167,2025-11-01,3,0.3333,7.667,0.7783,,0,0
SUP0167,2025-12-01,2,0.0,,0.0,,0,0
SUP0168,2023-03-01,5,0.4,2.6,0.8594,,0,0
SUP0168,2023-04-01,5,0.0,8.0,0.9607,,0,0
SUP0168,2023-05-01,1,0.0,8.0,1.0,,0,0
SUP0168,2023-06-01,1,1.0,0.0,1.0,,0,0
SUP0168,2023-07-01,5,0.0,9.2,0.9022,,0,0
SUP0168,2023-08-01,2,0.0,12.5,1.0,,0,0
SUP0168,2023-09-01,1,0.0,3.0,1.0,,0,0
SUP0168,2023-11-01,1,0.0,7.0,1.0,,0,0
SUP0168,2023-12-01,2,0.0,2.5,0.861,,0,0
SUP0168,2024-02-01,2,0.0,9.0,1.0,,0,0
SUP0168,2024-03-01,6,0.0,8.167,1.0,,0,0
SUP0168,2024-04-01,4,0.25,5.0,1.0,,0,0
SUP0168,2024-05-01,4,0.25,5.25,1.0,,0,0
SUP0168,2024-06-01,1,1.0,0.0,1.0,,0,0
SUP0168,2024-07-01,2,0.0,1.5,0.7318,,0,0
SUP0168,2024-08-01,3,0.3333,5.333,1.0,,0,0
SUP0168,2024-09-01,4,0.25,6.75,1.0,,0,0
SUP0168,2024-11-01,3,0.3333,7.0,1.0,,0,0
SUP0168,2024-12-01,1,1.0,0.0,1.0,,0,0
SUP0168,2025-01-01,1,0.0,3.0,1.0,,0,0
SUP0168,2025-02-01,1,0.0,0.0,0.3687,,0,0
SUP0168,2025-03-01,1,0.0,1.0,1.0,,0,0
SUP0168,2025-04-01,1,0.0,6.0,1.0,,0,0
SUP0168,2025-05-01,1,0.0,13.0,1.0,,0,0
SUP0168,2025-06-01,2,0.0,9.5,1.0,,0,0
SUP0168,2025-07-01,2,0.5,5.0,1.0,,0,0
SUP0168,2025-08-01,5,0.0,7.6,0.9031,,0,0
SUP0168,2025-09-01,1,1.0,0.0,1.0,,0,0
SUP0168,2025-10-01,1,0.0,8.0,1.0,,0,0
SUP0168,2025-11-01,3,0.0,7.333,1.0,,0,0
SUP0168,2025-12-01,5,0.0,10.0,0.0217,,0,0
SUP0169,2023-02-01,2,0.5,4.5,1.0,0.0,0,0
SUP0169,2023-03-01,2,0.5,2.0,1.0,0.0,0,0
SUP0169,2023-04-01,3,0.6667,2.333,1.0,0.0,0,0
SUP0169,2023-05-01,2,0.5,3.5,1.0,,0,0
SUP0169,2023-06-01,2,0.0,8.0,1.0,,0,0
SUP0169,2023-07-01,5,0.0,16.8,1.0,0.0,0,0
SUP0169,2023-08-01,8,0.25,6.375,1.0,0.0,1,0
SUP0169,2023-09-01,3,0.3333,6.0,1.0,0.0,0,0
SUP0169,2023-10-01,4,0.75,0.75,0.5854,0.0,0,0
SUP0169,2023-11-01,5,0.8,1.6,1.0,0.0,0,0
SUP0169,2023-12-01,8,0.5,7.625,1.0,0.0,0,0
SUP0169,2024-01-01,9,0.8889,1.333,1.0,0.0,0,0
SUP0169,2024-02-01,7,0.4286,2.714,1.0,10973.9,1,0
SUP0169,2024-03-01,5,0.8,0.0,0.9698,0.0,0,0
SUP0169,2024-04-01,8,0.625,5.25,0.9999,0.0,0,0
SUP0169,2024-05-01,6,0.8333,3.167,1.0,0.0,0,0
SUP0169,2024-06-01,6,0.1667,8.667,1.0,0.0,0,0
SUP0169,2024-07-01,9,0.5556,2.778,1.0,0.0,0,0
SUP0169,2024-08-01,8,0.625,5.25,1.0,0.0,0,0
SUP0169,2024-09-01,8,0.625,2.25,1.0,0.0,0,0
SUP0169,2024-10-01,4,1.0,0.0,1.0,0.0,0,0
SUP0169,2024-11-01,5,0.2,9.0,1.0,0.0,0,0
SUP0169,2024-12-01,3,0.3333,5.667,1.0,,2,1
SUP0169,2025-01-01,5,0.4,13.6,1.0,0.0,0,0
SUP0169,2025-02-01,7,0.1429,9.0,1.0,0.0,0,0
SUP0169,2025-03-01,3,0.3333,13.667,1.0,0.0,0,0
SUP0169,2025-04-01,5,0.2,3.6,1.0,0.0,0,0
SUP0169,2025-05-01,5,0.6,1.8,1.0,0.0,0,0
SUP0169,2025-06-01,8,0.125,20.5,1.0,0.0,0,0
SUP0169,2025-07-01,3,0.3333,6.0,0.2116,0.0,1,0
SUP0169,2025-08-01,3,0.0,3.0,1.0,0.0,0,0
SUP0169,2025-09-01,4,0.0,3.5,1.0,0.0,0,0
SUP0169,2025-10-01,4,0.25,18.5,1.0,0.0,0,0
SUP0169,2025-11-01,2,0.5,5.0,1.0,0.0,0,0
SUP0169,2025-12-01,7,0.2857,2.25,0.1804,0.0,0,0
SUP0170,2023-01-01,2,0.0,9.0,1.0,,0,0
SUP0170,2023-02-01,2,0.0,7.0,1.0,,0,0
SUP0170,2023-03-01,1,0.0,8.0,1.0,,0,0
SUP0170,2023-04-01,4,0.0,5.75,1.0,,0,0
SUP0170,2023-05-01,2,0.0,5.0,1.0,,0,0
SUP0170,2023-06-01,3,0.0,6.333,0.8194,,1,1
SUP0170,2023-07-01,3,0.3333,6.667,1.0,,0,0
SUP0170,2023-09-01,2,0.0,3.5,1.0,,0,0
SUP0170,2023-10-01,3,0.3333,6.333,0.9918,,0,0
SUP0170,2023-11-01,3,0.0,11.667,1.0,,0,0
SUP0170,2023-12-01,5,0.4,5.2,1.0,,0,0
SUP0170,2024-01-01,4,0.25,3.75,1.0,,0,0
SUP0170,2024-03-01,3,0.0,6.333,1.0,,0,0
SUP0170,2024-04-01,4,0.5,4.75,0.989,,0,0
SUP0170,2024-05-01,3,0.6667,0.667,1.0,,0,0
SUP0170,2024-06-01,4,0.25,7.25,0.9962,,0,0
SUP0170,2024-07-01,4,0.25,7.75,1.0,,0,0
SUP0170,2024-09-01,1,1.0,0.0,1.0,,0,0
SUP0170,2024-10-01,4,0.25,4.75,1.0,,0,0
SUP0170,2024-11-01,2,0.5,2.0,0.3213,,0,0
SUP0170,2024-12-01,6,0.0,3.5,1.0,,0,0
SUP0170,2025-01-01,2,0.0,13.5,1.0,,0,0
SUP0170,2025-02-01,1,0.0,10.0,1.0,,0,0
SUP0170,2025-03-01,3,0.0,10.0,0.7568,,0,0
SUP0170,2025-04-01,3,0.3333,2.333,1.0,,0,0
SUP0170,2025-06-01,5,0.0,7.0,0.926,,0,0
SUP0170,2025-07-01,3,0.3333,5.667,1.0,,0,0
SUP0170,2025-08-01,3,0.3333,6.333,1.0,,0,0
SUP0170,2025-09-01,1,1.0,0.0,1.0,,0,0
SUP0170,2025-11-01,4,0.25,6.0,0.6353,,0,0
SUP0170,2025-12-01,2,0.0,,0.0,,0,0
SUP0171,2023-03-01,3,0.0,5.667,1.0,,0,0
SUP0171,2023-04-01,2,0.5,2.0,1.0,,0,0
SUP0171,2023-05-01,4,0.25,3.5,0.9146,,0,0
SUP0171,2023-06-01,1,0.0,11.0,0.4262,,0,0
SUP0171,2023-07-01,1,0.0,7.0,1.0,,0,0
SUP0171,2023-08-01,3,0.3333,7.0,1.0,,0,0
SUP0171,2023-09-01,1,0.0,1.0,1.0,,0,0
SUP0171,2023-10-01,3,0.0,9.0,1.0,,0,0
SUP0171,2023-11-01,4,0.5,2.25,1.0,,0,0
SUP0171,2023-12-01,2,0.5,2.5,1.0,,0,0
SUP0171,2024-01-01,1,0.0,5.0,1.0,,0,0
SUP0171,2024-02-01,2,0.0,2.5,1.0,,0,0
SUP0171,2024-03-01,6,0.3333,4.333,0.7915,,0,0
SUP0171,2024-04-01,2,0.0,5.0,1.0,,0,0
SUP0171,2024-05-01,3,0.0,6.333,1.0,,0,0
SUP0171,2024-07-01,1,0.0,9.0,1.0,,0,0
SUP0171,2024-08-01,2,1.0,0.0,1.0,,0,0
SUP0171,2024-09-01,2,0.5,3.0,1.0,,0,0
SUP0171,2024-10-01,1,0.0,2.0,1.0,,0,0
SUP0171,2024-11-01,2,0.0,4.5,1.0,,0,0
SUP0171,2024-12-01,1,0.0,6.0,1.0,,0,0
SUP0171,2025-01-01,1,0.0,3.0,1.0,,0,0
SUP0171,2025-02-01,1,0.0,5.0,1.0,,0,0
SUP0171,2025-03-01,3,0.0,7.0,1.0,,0,0
SUP0171,2025-04-01,1,0.0,10.0,0.5523,,0,0
SUP0171,2025-05-01,3,0.0,6.333,1.0,,0,0
SUP0171,2025-06-01,3,0.0,4.0,1.0,,0,0
SUP0171,2025-08-01,1,0.0,6.0,1.0,,0,0
SUP0171,2025-09-01,2,0.5,1.5,1.0,,0,0
SUP0171,2025-12-01,3,0.3333,0.0,0.4906,,0,0
SUP0172,2023-02-01,2,0.0,3.0,1.0,,0,0
SUP0172,2023-03-01,2,0.5,2.5,1.0,,0,0
SUP0172,2023-04-01,3,0.6667,3.667,1.0,,0,0
SUP0172,2023-05-01,2,0.5,7.0,1.0,,0,0
SUP0172,2023-06-01,3,0.0,9.667,0.7532,,0,0
SUP0172,2023-07-01,1,0.0,8.0,1.0,,0,0
SUP0172,2023-08-01,2,0.5,2.5,1.0,,0,0
SUP0172,2023-09-01,1,0.0,7.0,1.0,,0,0
SUP0172,2023-10-01,1,1.0,0.0,1.0,,0,0
SUP0172,2023-11-01,3,0.3333,7.0,1.0,,0,0
SUP0172,2023-12-01,1,1.0,0.0,1.0,,0,0
SUP0172,2024-03-01,1,0.0,2.0,1.0,,0,0
SUP0172,2024-04-01,2,0.0,7.5,1.0,,0,0
SUP0172,2024-05-01,5,0.8,0.8,1.0,,0,0
SUP0172,2024-06-01,2,0.0,11.5,1.0,,0,0
SUP0172,2024-07-01,4,0.25,7.0,1.0,,0,0
SUP0172,2024-08-01,2,0.0,6.5,1.0,,0,0
SUP0172,2024-09-01,4,0.25,8.25,1.0,,0,0
SUP0172,2024-10-01,1,0.0,13.0,1.0,,0,0
SUP0172,2024-11-01,3,0.6667,4.0,1.0,,0,0
SUP0172,2024-12-01,3,0.0,6.333,1.0,,0,0
SUP0172,2025-02-01,3,0.0,5.667,1.0,,0,0
SUP0172,2025-04-01,3,0.0,3.333,1.0,,0,0
SUP0172,2025-05-01,1,1.0,0.0,1.0,,0,0
SUP0172,2025-06-01,1,0.0,14.0,1.0,,0,0
SUP0172,2025-07-01,1,0.0,5.0,1.0,,0,0
SUP0172,2025-08-01,3,0.0,7.333,0.9577,,0,0
SUP0172,2025-09-01,3,0.0,6.667,1.0,,0,0
SUP0172,2025-10-01,3,0.3333,5.0,1.0,,0,0
SUP0172,2025-11-01,1,0.0,5.0,1.0,,0,0
SUP0172,2025-12-01,4,0.25,0.0,0.1671,,0,0
SUP0173,2023-02-01,1,0.0,7.0,1.0,,0,0
SUP0173,2023-03-01,4,0.0,5.5,0.782,,0,0
SUP0173,2023-04-01,1,0.0,6.0,1.0,,0,0
SUP0173,2023-05-01,5,0.2,9.6,0.9858,,0,0
SUP0173,2023-06-01,3,0.3333,0.667,0.9095,,0,0
SUP0173,2023-07-01,2,1.0,0.0,1.0,,0,0
SUP0173,2023-08-01,4,0.0,5.0,1.0,,0,0
SUP0173,2023-09-01,2,0.5,6.0,1.0,,0,0
SUP0173,2023-10-01,3,0.0,9.333,1.0,,0,0
SUP0173,2023-11-01,1,0.0,2.0,1.0,,0,0
SUP0173,2023-12-01,4,0.0,4.0,0.3969,,0,0
SUP0173,2024-01-01,4,0.5,1.75,1.0,,0,0
SUP0173,2024-03-01,1,1.0,0.0,1.0,,0,0
SUP0173,2024-04-01,2,0.0,8.0,1.0,,0,0
SUP0173,2024-05-01,3,0.0,5.667,1.0,,0,0
SUP0173,2024-07-01,3,0.0,7.0,1.0,,0,0
SUP0173,2024-08-01,2,0.0,5.5,0.7799,,0,0
SUP0173,2024-09-01,2,0.0,5.0,0.9374,,0,0
SUP0173,2024-10-01,3,0.3333,5.0,1.0,,0,0
SUP0173,2024-11-01,1,1.0,0.0,1.0,,0,0
SUP0173,2024-12-01,3,0.0,4.0,1.0,,0,0
SUP0173,2025-02-01,2,0.0,6.0,1.0,,0,0
SUP0173,2025-04-01,2,0.5,0.0,0.8272,,0,0
SUP0173,2025-05-01,2,0.0,6.5,0.7665,,0,0
SUP0173,2025-06-01,3,0.0,9.667,0.7367,,0,0
SUP0173,2025-07-01,3,0.0,8.0,1.0,,0,0
SUP0173,2025-08-01,1,0.0,9.0,1.0,,0,0
SUP0173,2025-09-01,1,0.0,10.0,0.6116,,0,0
SUP0173,2025-10-01,4,0.5,6.5,1.0,,0,0
SUP0173,2025-12-01,2,0.0,,0.0,,0,0
SUP0174,2023-02-01,2,0.5,0.5,1.0,,0,0
SUP0174,2023-03-01,3,0.3333,6.0,0.9576,,0,0
SUP0174,2023-04-01,4,0.0,8.25,1.0,,0,0
SUP0174,2023-05-01,1,0.0,8.0,1.0,,0,0
SUP0174,2023-06-01,1,0.0,6.0,1.0,,0,0
SUP0174,2023-09-01,2,0.5,4.0,1.0,,0,0
SUP0174,2023-11-01,1,0.0,9.0,1.0,,0,0
SUP0174,2023-12-01,3,0.0,6.333,1.0,,0,0
SUP0174,2024-01-01,5,0.0,6.2,1.0,,0,0
SUP0174,2024-02-01,3,0.6667,4.333,1.0,,0,0
SUP0174,2024-03-01,3,0.3333,1.667,1.0,,0,0
SUP0174,2024-04-01,5,0.2,3.4,0.9839,,0,0
SUP0174,2024-05-01,2,0.0,5.5,1.0,,0,0
SUP0174,2024-06-01,4,0.25,6.75,1.0,,0,0
SUP0174,2024-07-01,3,0.3333,6.0,1.0,,0,0
SUP0174,2024-08-01,1,0.0,10.0,1.0,,0,0
SUP0174,2024-09-01,1,0.0,6.0,1.0,,0,0
SUP0174,2024-10-01,2,0.5,7.0,1.0,,0,0
SUP0174,2024-11-01,1,0.0,3.0,1.0,,0,0
SUP0174,2024-12-01,1,0.0,2.0,1.0,,0,0
SUP0174,2025-01-01,2,0.0,12.5,1.0,,0,0
SUP0174,2025-02-01,1,0.0,11.0,1.0,,0,0
SUP0174,2025-03-01,3,0.0,7.0,1.0,,0,0
SUP0174,2025-04-01,3,0.3333,6.0,1.0,,0,0
SUP0174,2025-06-01,2,0.5,0.5,1.0,,0,0
SUP0174,2025-07-01,2,0.5,3.5,1.0,,0,0
SUP0174,2025-08-01,2,0.5,4.5,1.0,,0,0
SUP0174,2025-09-01,3,0.3333,7.667,1.0,,0,0
SUP0174,2025-10-01,3,0.0,4.667,1.0,,0,0
SUP0174,2025-11-01,2,0.0,12.0,1.0,,0,0
SUP0174,2025-12-01,9,0.2222,3.167,0.5765,,0,0
SUP0175,2023-01-01,1,0.0,8.0,1.0,,0,0
SUP0175,2023-02-01,2,0.0,9.5,1.0,,0,0
SUP0175,2023-03-01,4,0.5,4.25,1.0,,0,0
SUP0175,2023-04-01,3,0.3333,5.333,1.0,,0,0
SUP0175,2023-05-01,2,0.5,4.5,1.0,,0,0
SUP0175,2023-06-01,4,0.25,3.75,1.0,,0,0
SUP0175,2023-07-01,3,0.3333,5.667,1.0,,0,0
SUP0175,2023-08-01,2,0.0,10.0,1.0,,0,0
SUP0175,2023-10-01,2,0.0,2.5,1.0,,0,0
SUP0175,2023-12-01,3,0.0,5.0,0.8798,,0,0
SUP0175,2024-02-01,2,0.0,12.5,1.0,,0,0
SUP0175,2024-03-01,5,0.2,5.4,1.0,,0,0
SUP0175,2024-04-01,2,0.5,4.5,1.0,,0,0
SUP0175,2024-05-01,4,0.0,8.75,1.0,,0,0
SUP0175,2024-06-01,2,0.5,3.5,1.0,,0,0
SUP0175,2024-08-01,3,0.0,9.0,1.0,,0,0
SUP0175,2024-09-01,3,0.3333,4.667,1.0,,0,0
SUP0175,2024-10-01,1,1.0,0.0,1.0,,0,0
SUP0175,2024-11-01,3,0.3333,5.0,0.6298,,0,0
SUP0175,2024-12-01,2,0.0,11.0,1.0,,0,0
SUP0175,2025-01-01,2,0.5,5.5,1.0,,0,0
SUP0175,2025-02-01,1,0.0,7.0,1.0,,0,0
SUP0175,2025-03-01,2,0.5,1.5,1.0,,0,0
SUP0175,2025-05-01,1,0.0,5.0,1.0,,0,0
SUP0175,2025-06-01,1,0.0,6.0,1.0,,0,0
SUP0175,2025-07-01,4,0.25,5.75,1.0,,0,0
SUP0175,2025-08-01,3,0.0,8.0,1.0,,0,0
SUP0175,2025-09-01,1,0.0,5.0,1.0,,0,0
SUP0175,2025-10-01,2,0.5,3.0,1.0,,0,0
SUP0175,2025-11-01,2,0.0,4.0,0.0076,,0,0
SUP0175,2025-12-01,1,0.0,,0.0,,0,0
SUP0176,2023-02-01,1,0.0,10.0,1.0,,0,0
SUP0176,2023-03-01,4,0.25,6.0,1.0,,0,0
SUP0176,2023-04-01,5,0.0,5.8,0.8929,,0,0
SUP0176,2023-05-01,3,0.6667,4.333,1.0,,0,0
SUP0176,2023-06-01,2,0.0,6.0,0.8676,,0,0
SUP0176,2023-07-01,1,0.0,11.0,1.0,,0,0
SUP0176,2023-08-01,3,0.0,4.667,1.0,,0,0
SUP0176,2023-12-01,3,0.3333,5.667,1.0,,0,0
SUP0176,2024-01-01,1,0.0,10.0,1.0,,0,0
SUP0176,2024-02-01,3,0.3333,2.0,1.0,,0,0
SUP0176,2024-03-01,2,0.5,0.5,1.0,,0,0
SUP0176,2024-05-01,3,0.0,8.333,1.0,,0,0
SUP0176,2024-06-01,2,0.0,11.5,1.0,,0,0
SUP0176,2024-08-01,3,0.6667,2.667,1.0,,0,0
SUP0176,2024-09-01,3,0.6667,0.0,0.9577,,0,0
SUP0176,2024-10-01,1,0.0,9.0,1.0,,0,0
SUP0176,2024-11-01,4,0.25,4.0,1.0,,0,0
SUP0176,2024-12-01,2,0.0,11.5,0.679,,0,0
SUP0176,2025-01-01,2,0.0,5.0,1.0,,0,0
SUP0176,2025-02-01,1,0.0,12.0,1.0,,0,0
SUP0176,2025-03-01,4,0.5,3.25,1.0,,0,0
SUP0176,2025-04-01,1,0.0,6.0,1.0,,0,0
SUP0176,2025-05-01,3,0.3333,8.333,1.0,,0,0
SUP0176,2025-06-01,3,0.0,5.667,0.8381,,0,0
SUP0176,2025-07-01,3,0.0,8.0,1.0,,0,0
SUP0176,2025-08-01,1,0.0,4.0,1.0,,0,0
SUP0176,2025-09-01,3,0.0,5.333,1.0,,0,0
SUP0176,2025-10-01,3,0.0,3.667,1.0,,0,0
SUP0176,2025-11-01,4,0.0,7.5,1.0,,0,0
SUP0176,2025-12-01,5,0.0,4.0,0.5267,,0,0
SUP0177,2023-02-01,7,0.8571,0.0,0.9498,0.0,0,0
SUP0177,2023-03-01,5,0.8,0.2,1.0,5088.6,0,0
SUP0177,2023-04-01,6,0.3333,12.0,1.0,0.0,0,0
SUP0177,2023-05-01,3,0.3333,3.333,1.0,0.0,0,0
SUP0177,2023-07-01,4,0.25,6.0,0.8251,0.0,0,0
SUP0177,2023-08-01,3,0.6667,1.333,1.0,0.0,0,0
SUP0177,2023-09-01,6,0.6667,0.667,0.9995,0.0,0,0
SUP0177,2023-10-01,12,0.5,12.667,1.0,0.0,0,0
SUP0177,2023-11-01,12,0.4167,6.833,0.9066,3549.5,0,0
SUP0177,2023-12-01,9,0.5556,11.444,0.7239,0.0,0,0
SUP0177,2024-01-01,13,0.6154,9.308,1.0,152.9,2,1
SUP0177,2024-02-01,13,0.3077,13.769,1.0,0.0,0,0
SUP0177,2024-03-01,12,0.5,12.25,1.0,0.0,0,0
SUP0177,2024-04-01,12,0.5833,5.75,1.0,0.0,0,0
SUP0177,2024-05-01,15,0.5333,6.067,1.0,1097.0,0,0
SUP0177,2024-06-01,10,0.6,8.7,1.0,0.0,0,0
SUP0177,2024-07-01,7,0.5714,7.0,1.0,0.0,0,0
SUP0177,2024-08-01,12,0.4167,11.917,1.0,0.0,0,0
SUP0177,2024-09-01,11,0.1818,15.364,1.0,0.0,1,1
SUP0177,2024-10-01,13,0.3846,14.231,1.0,0.0,0,0
SUP0177,2024-11-01,12,0.5,8.25,0.9322,0.0,0,0
SUP0177,2024-12-01,9,0.4444,9.222,1.0,0.0,0,0
SUP0177,2025-01-01,7,0.8571,1.143,1.0,0.0,0,0
SUP0177,2025-02-01,11,0.8182,4.182,1.0,0.0,0,0
SUP0177,2025-03-01,13,0.5385,4.538,1.0,0.0,0,0
SUP0177,2025-04-01,10,0.7,0.6,1.0,0.0,0,0
SUP0177,2025-05-01,14,0.5714,7.5,0.5032,0.0,0,0
SUP0177,2025-06-01,9,0.4444,5.889,1.0,0.0,0,0
SUP0177,2025-07-01,16,0.4375,2.25,0.902,0.0,0,0
SUP0177,2025-08-01,11,0.7273,2.818,1.0,0.0,0,0
SUP0177,2025-09-01,13,0.6154,4.462,1.0,0.0,0,0
SUP0177,2025-10-01,12,0.6667,5.667,1.0,0.0,0,0
SUP0177,2025-11-01,9,0.7778,1.111,1.0,3964.6,2,0
SUP0177,2025-12-01,14,0.6429,0.0,0.0821,0.0,1,0
SUP0178,2023-01-01,1,0.0,11.0,1.0,,0,0
SUP0178,2023-02-01,3,0.6667,3.0,1.0,,0,0
SUP0178,2023-03-01,2,0.0,0.5,0.8085,,0,0
SUP0178,2023-05-01,2,0.0,8.0,1.0,,0,0
SUP0178,2023-06-01,1,1.0,0.0,1.0,,0,0
SUP0178,2023-07-01,3,0.0,7.333,0.7327,,0,0
SUP0178,2023-08-01,1,0.0,3.0,1.0,,0,0
SUP0178,2023-12-01,6,0.0,3.833,0.96,,0,0
SUP0178,2024-01-01,4,0.0,4.5,0.758,,0,0
SUP0178,2024-02-01,3,0.0,2.0,0.6078,,0,0
SUP0178,2024-03-01,2,0.5,3.0,1.0,,0,0
SUP0178,2024-04-01,2,0.0,7.5,0.8809,,0,0
SUP0178,2024-05-01,5,0.2,7.6,1.0,,0,0
SUP0178,2024-06-01,1,0.0,12.0,1.0,,0,0
SUP0178,2024-08-01,1,0.0,11.0,1.0,,0,0
SUP0178,2024-09-01,1,0.0,1.0,1.0,,0,0
SUP0178,2024-10-01,1,0.0,10.0,1.0,,0,0
SUP0178,2024-11-01,2,0.0,7.0,1.0,,0,0
SUP0178,2024-12-01,4,0.0,6.0,0.8354,,0,0
SUP0178,2025-01-01,3,0.0,8.333,1.0,,0,0
SUP0178,2025-03-01,1,0.0,12.0,1.0,,0,0
SUP0178,2025-04-01,3,0.3333,8.0,1.0,,0,0
SUP0178,2025-06-01,7,0.0,8.0,0.9699,,0,0
SUP0178,2025-07-01,2,0.0,11.5,1.0,,0,0
SUP0178,2025-08-01,1,0.0,6.0,1.0,,0,0
SUP0178,2025-09-01,7,0.0,8.714,1.0,,0,0
SUP0178,2025-10-01,2,0.0,10.0,1.0,,0,0
SUP0178,2025-11-01,2,0.0,6.0,0.9985,,0,0
SUP0178,2025-12-01,1,0.0,,0.0,,0,0
SUP0179,2023-01-01,8,0.875,0.0,0.9641,4989.2,1,1
SUP0179,2023-02-01,14,0.7143,2.143,1.0,8260.7,1,0
SUP0179,2023-03-01,18,0.8333,0.778,1.0,0.0,0,0
SUP0179,2023-04-01,17,0.7059,4.353,1.0,0.0,2,1
SUP0179,2023-05-01,24,0.5833,4.583,0.9993,0.0,3,2
SUP0179,2023-06-01,18,0.8889,1.0,1.0,0.0,0,0
SUP0179,2023-07-01,18,0.7222,4.722,1.0,0.0,2,2
SUP0179,2023-08-01,27,0.7407,2.556,0.9999,0.0,0,0
SUP0179,2023-09-01,20,0.75,2.05,1.0,0.0,1,1
SUP0179,2023-10-01,24,0.625,5.083,0.9999,0.0,2,2
SUP0179,2023-11-01,19,0.7368,6.158,1.0,2160.0,2,1
SUP0179,2023-12-01,16,0.8125,1.812,0.9999,0.0,1,1
SUP0179,2024-01-01,21,0.8095,2.286,1.0,0.0,1,1
SUP0179,2024-02-01,17,0.7059,3.706,0.9995,2586.4,1,1
SUP0179,2024-03-01,17,0.5882,3.706,0.6415,0.0,0,0
SUP0179,2024-04-01,20,0.75,1.75,1.0,278.7,2,1
SUP0179,2024-05-01,22,0.5909,5.227,0.9996,0.0,1,1
SUP0179,2024-06-01,22,0.4545,5.227,1.0,0.0,1,1
SUP0179,2024-07-01,20,0.85,1.35,0.5927,0.0,2,1
SUP0179,2024-08-01,25,0.72,2.8,0.9936,6066.1,0,0
SUP0179,2024-09-01,25,0.64,4.88,0.9998,1671.3,1,1
SUP0179,2024-10-01,18,0.7778,1.667,1.0,0.0,2,1
SUP0179,2024-11-01,23,0.6522,5.0,0.9993,0.0,1,1
SUP0179,2024-12-01,22,0.7273,3.455,0.9996,3522.0,0,0
SUP0179,2025-01-01,23,0.0,4.739,1.0,0.0,2,2
SUP0179,2025-02-01,17,0.0,7.529,1.0,0.0,2,1
SUP0179,2025-03-01,18,0.0,11.833,0.571,11434.0,2,1
SUP0179,2025-04-01,22,0.0,6.409,1.0,0.0,3,2
SUP0179,2025-05-01,21,0.0476,8.571,1.0,0.0,1,1
SUP0179,2025-06-01,21,0.0476,11.429,1.0,0.0,6,3
SUP0179,2025-07-01,22,0.0909,7.818,0.9977,452.9,1,1
SUP0179,2025-08-01,23,0.0435,12.391,0.9299,468.0,1,1
SUP0179,2025-09-01,22,0.0,11.545,1.0,0.0,2,2
SUP0179,2025-10-01,21,0.0476,13.429,0.9998,816.5,7,3
SUP0179,2025-11-01,16,0.0,13.0,0.2354,0.0,4,2
SUP0179,2025-12-01,20,0.05,13.5,0.3043,0.0,1,0
SUP0180,2023-02-01,1,0.0,9.0,1.0,,0,0
SUP0180,2023-04-01,1,0.0,9.0,1.0,,0,0
SUP0180,2023-05-01,3,0.0,8.667,0.9042,,0,0
SUP0180,2023-06-01,2,0.0,9.0,1.0,,0,0
SUP0180,2023-07-01,1,0.0,5.0,1.0,,0,0
SUP0180,2023-08-01,3,0.3333,4.333,1.0,,0,0
SUP0180,2023-09-01,2,0.0,6.0,1.0,,0,0
SUP0180,2023-10-01,2,0.0,6.0,1.0,,0,0
SUP0180,2023-11-01,1,0.0,7.0,1.0,,0,0
SUP0180,2023-12-01,2,0.5,6.5,1.0,,0,0
SUP0180,2024-01-01,2,0.5,6.5,1.0,,0,0
SUP0180,2024-02-01,2,0.5,6.0,1.0,,0,0
SUP0180,2024-03-01,5,0.4,4.2,0.8288,,0,0
SUP0180,2024-04-01,4,0.0,8.0,1.0,,0,0
SUP0180,2024-05-01,1,1.0,0.0,1.0,,0,0
SUP0180,2024-06-01,1,0.0,11.0,1.0,,0,0
SUP0180,2024-07-01,5,0.2,5.0,1.0,,0,0
SUP0180,2024-08-01,1,0.0,9.0,1.0,,0,0
SUP0180,2024-09-01,1,0.0,5.0,1.0,,0,0
SUP0180,2024-11-01,2,0.0,9.5,1.0,,0,0
SUP0180,2024-12-01,1,1.0,0.0,1.0,,0,0
SUP0180,2025-01-01,2,0.0,7.0,1.0,,0,0
SUP0180,2025-02-01,2,0.0,10.0,1.0,,0,0
SUP0180,2025-03-01,4,0.25,6.75,1.0,,1,1
SUP0180,2025-04-01,2,0.5,4.0,1.0,,0,0
SUP0180,2025-06-01,1,0.0,13.0,1.0,,0,0
SUP0180,2025-07-01,2,0.5,1.5,1.0,,0,0
SUP0180,2025-08-01,4,0.25,4.25,1.0,,0,0
SUP0180,2025-09-01,3,0.0,8.333,1.0,,0,0
SUP0180,2025-10-01,2,1.0,0.0,1.0,,0,0
SUP0180,2025-11-01,3,0.3333,6.667,1.0,,0,0
SUP0180,2025-12-01,4,0.25,4.0,0.7429,,0,0
SUP0181,2023-02-01,1,0.0,11.0,1.0,,0,0
SUP0181,2023-03-01,3,0.0,5.0,0.9942,,0,0
SUP0181,2023-04-01,1,0.0,14.0,1.0,,0,0
SUP0181,2023-06-01,3,0.0,5.333,1.0,,0,0
SUP0181,2023-07-01,3,0.3333,5.667,1.0,,0,0
SUP0181,2023-08-01,2,0.0,6.0,1.0,,0,0
SUP0181,2023-09-01,2,0.5,1.0,1.0,,0,0
SUP0181,2023-10-01,2,0.0,6.5,0.6754,,0,0
SUP0181,2024-01-01,1,0.0,11.0,1.0,,0,0
SUP0181,2024-03-01,1,1.0,0.0,1.0,,0,0
SUP0181,2024-04-01,1,0.0,8.0,1.0,,0,0
SUP0181,2024-05-01,1,0.0,1.0,1.0,,0,0
SUP0181,2024-06-01,3,0.0,11.0,1.0,,0,0
SUP0181,2024-07-01,3,0.0,5.333,0.9557,,0,0
SUP0181,2024-08-01,2,0.5,1.0,1.0,,0,0
SUP0181,2024-09-01,2,0.0,9.0,1.0,,0,0
SUP0181,2024-10-01,3,0.0,2.667,1.0,,0,0
SUP0181,2024-11-01,3,0.3333,5.333,1.0,,0,0
SUP0181,2024-12-01,2,0.0,8.0,1.0,,0,0
SUP0181,2025-01-01,2,0.0,8.0,1.0,,0,0
SUP0181,2025-02-01,1,0.0,4.0,1.0,,0,0
SUP0181,2025-03-01,4,0.0,11.0,1.0,,0,0
SUP0181,2025-04-01,2,0.0,6.5,1.0,,0,0
SUP0181,2025-05-01,2,0.0,7.0,0.9645,,0,0
SUP0181,2025-06-01,1,0.0,9.0,0.2752,,0,0
SUP0181,2025-08-01,2,0.5,4.0,0.8512,,0,0
SUP0181,2025-09-01,4,0.0,6.75,0.9081,,0,0
SUP0181,2025-10-01,3,0.3333,3.0,0.6902,,0,0
SUP0181,2025-12-01,1,0.0,,0.0,,0,0
SUP0182,2023-01-01,1,1.0,0.0,1.0,0.0,0,0
SUP0182,2023-02-01,12,0.4167,6.917,0.9756,0.0,0,0
SUP0182,2023-03-01,22,0.3182,8.636,0.9078,1257.2,0,0
SUP0182,2023-04-01,14,0.0714,10.571,0.9999,0.0,0,0
SUP0182,2023-05-01,17,0.4706,8.588,1.0,0.0,0,0
SUP0182,2023-06-01,19,0.4211,8.526,1.0,1460.7,0,0
SUP0182,2023-07-01,21,0.4762,5.667,1.0,0.0,0,0
SUP0182,2023-08-01,25,0.52,7.64,1.0,0.0,1,0
SUP0182,2023-09-01,16,0.4375,9.375,0.9958,0.0,0,0
SUP0182,2023-10-01,18,0.4444,12.111,1.0,0.0,1,1
SUP0182,2023-11-01,12,0.5,11.75,1.0,0.0,0,0
SUP0182,2023-12-01,22,0.3182,9.364,0.9934,3041.8,0,0
SUP0182,2024-01-01,23,0.3478,11.304,0.9996,0.0,1,1
SUP0182,2024-02-01,21,0.2857,11.0,1.0,140.1,0,0
SUP0182,2024-03-01,23,0.3043,7.696,0.9996,6372.1,0,0
SUP0182,2024-04-01,20,0.7,2.7,1.0,0.0,1,1
SUP0182,2024-05-01,25,0.56,2.56,1.0,3815.7,0,0
SUP0182,2024-06-01,18,0.7222,7.167,1.0,0.0,0,0
SUP0182,2024-07-01,20,0.55,4.25,0.9999,0.0,0,0
SUP0182,2024-08-01,27,0.2963,10.63,0.688,0.0,0,0
SUP0182,2024-09-01,19,0.2632,11.0,1.0,0.0,0,0
SUP0182,2024-10-01,19,0.4211,7.158,1.0,0.0,0,0
SUP0182,2024-11-01,17,0.4118,10.0,0.984,1184.8,0,0
SUP0182,2024-12-01,22,0.4091,7.955,0.9998,1776.5,0,0
SUP0182,2025-01-01,28,0.3214,7.429,1.0,856.1,0,0
SUP0182,2025-02-01,23,0.6087,6.174,0.9065,1558.3,0,0
SUP0182,2025-03-01,21,0.7143,2.238,1.0,0.0,0,0
SUP0182,2025-04-01,18,0.6667,6.333,1.0,2569.0,1,1
SUP0182,2025-05-01,20,0.35,12.6,1.0,0.0,0,0
SUP0182,2025-06-01,31,0.3548,6.581,1.0,0.0,0,0
SUP0182,2025-07-01,27,0.3333,7.963,0.9973,0.0,0,0
SUP0182,2025-08-01,20,0.5,7.35,0.9649,714.8,0,0
SUP0182,2025-09-01,23,0.4783,5.957,0.9999,0.0,1,1
SUP0182,2025-10-01,23,0.6522,3.957,1.0,0.0,0,0
SUP0182,2025-11-01,26,0.5769,5.077,0.9706,0.0,1,1
SUP0182,2025-12-01,27,0.5185,3.609,0.2164,0.0,0,0
SUP0183,2023-01-01,1,0.0,2.0,1.0,,0,0
SUP0183,2023-02-01,2,0.0,8.5,1.0,,0,0
SUP0183,2023-03-01,1,0.0,3.0,1.0,,0,0
SUP0183,2023-04-01,2,0.0,10.0,1.0,,0,0
SUP0183,2023-05-01,2,0.0,11.0,1.0,,0,0
SUP0183,2023-06-01,1,0.0,10.0,1.0,,0,0
SUP0183,2023-07-01,2,0.5,3.0,1.0,,0,0
SUP0183,2023-08-01,1,0.0,8.0,1.0,,0,0
SUP0183,2023-10-01,6,0.1667,4.667,0.8544,,0,0
SUP0183,2023-12-01,2,0.5,4.5,1.0,,0,0
SUP0183,2024-01-01,1,0.0,2.0,1.0,,0,0
SUP0183,2024-02-01,4,0.25,4.5,0.8982,,0,0
SUP0183,2024-03-01,2,0.0,14.0,1.0,,0,0
SUP0183,2024-04-01,1,0.0,0.0,0.2529,,0,0
SUP0183,2024-05-01,3,0.0,8.0,0.8885,,0,0
SUP0183,2024-06-01,3,0.0,8.0,1.0,,0,0
SUP0183,2024-07-01,2,0.5,6.5,1.0,,0,0
SUP0183,2024-08-01,3,0.3333,7.0,1.0,,0,0
SUP0183,2024-09-01,1,0.0,14.0,1.0,,0,0
SUP0183,2024-10-01,1,0.0,9.0,1.0,,0,0
SUP0183,2024-11-01,4,0.5,5.75,1.0,,0,0
SUP0183,2024-12-01,1,0.0,14.0,0.2035,,0,0
SUP0183,2025-01-01,3,0.0,10.333,0.7424,,0,0
SUP0183,2025-02-01,1,0.0,14.0,1.0,,0,0
SUP0183,2025-03-01,1,0.0,5.0,1.0,,0,0
SUP0183,2025-04-01,2,0.0,4.0,1.0,,0,0
SUP0183,2025-05-01,2,1.0,0.0,1.0,,0,0
SUP0183,2025-06-01,4,0.25,6.25,1.0,,0,0
SUP0183,2025-07-01,1,0.0,13.0,1.0,,0,0
SUP0183,2025-08-01,5,0.4,4.6,0.9968,,0,0
SUP0183,2025-09-01,2,0.0,11.5,1.0,,0,0
SUP0183,2025-10-01,4,0.25,4.25,1.0,,0,0
SUP0183,2025-12-01,1,0.0,,0.0,,0,0
SUP0184,2023-02-01,5,0.6,3.8,1.0,0.0,0,0
SUP0184,2023-03-01,13,0.6154,4.308,0.9997,0.0,0,0
SUP0184,2023-04-01,15,0.2667,6.0,1.0,0.0,0,0
SUP0184,2023-05-01,6,0.6667,10.0,0.9934,0.0,0,0
SUP0184,2023-06-01,10,0.6,3.1,1.0,0.0,0,0
SUP0184,2023-07-01,9,0.6667,4.444,0.9999,0.0,0,0
SUP0184,2023-08-01,13,0.5385,3.692,0.7945,11683.9,0,0
SUP0184,2023-09-01,6,0.0,21.5,1.0,0.0,0,0
SUP0184,2023-10-01,7,0.7143,4.429,1.0,0.0,0,0
SUP0184,2023-11-01,10,0.7,4.4,1.0,0.0,0,0
SUP0184,2023-12-01,9,0.5556,8.333,1.0,0.0,0,0
SUP0184,2024-01-01,16,0.3125,5.562,1.0,0.0,0,0
SUP0184,2024-02-01,12,0.5833,2.917,0.9999,0.0,0,0
SUP0184,2024-03-01,15,0.2667,8.6,0.9067,0.0,0,0
SUP0184,2024-04-01,12,0.5,3.167,0.9999,0.0,0,0
SUP0184,2024-05-01,8,0.25,11.75,1.0,0.0,0,0
SUP0184,2024-06-01,9,0.3333,7.333,1.0,8157.9,0,0
SUP0184,2024-07-01,11,0.8182,2.636,1.0,0.0,0,0
SUP0184,2024-08-01,14,0.7143,4.857,1.0,0.0,0,0
SUP0184,2024-09-01,6,0.5,3.833,1.0,0.0,0,0
SUP0184,2024-10-01,9,0.3333,4.444,0.9646,0.0,0,0
SUP0184,2024-11-01,9,0.4444,10.0,1.0,0.0,0,0
SUP0184,2024-12-01,8,0.5,9.375,1.0,0.0,0,0
SUP0184,2025-01-01,15,0.2667,12.667,0.7146,0.0,0,0
SUP0184,2025-02-01,9,0.4444,6.111,1.0,0.0,0,0
SUP0184,2025-03-01,9,0.5556,5.222,1.0,0.0,0,0
SUP0184,2025-04-01,5,0.8,1.0,1.0,0.0,0,0
SUP0184,2025-05-01,7,0.5714,10.143,1.0,0.0,0,0
SUP0184,2025-06-01,11,0.4545,4.0,0.9994,1077.5,0,0
SUP0184,2025-07-01,12,0.6667,2.167,1.0,0.0,0,0
SUP0184,2025-08-01,7,0.4286,5.714,1.0,0.0,0,0
SUP0184,2025-09-01,10,0.6,5.1,1.0,0.0,0,0
SUP0184,2025-10-01,8,0.5,5.25,1.0,0.0,0,0
SUP0184,2025-11-01,12,0.3333,5.0,1.0,0.0,0,0
SUP0184,2025-12-01,7,0.0,5.25,0.3755,0.0,0,0
SUP0185,2023-02-01,2,0.5,6.0,1.0,,0,0
SUP0185,2023-04-01,1,0.0,13.0,1.0,,0,0
SUP0185,2023-05-01,1,1.0,0.0,1.0,,0,0
SUP0185,2023-06-01,3,0.6667,3.333,1.0,,0,0
SUP0185,2023-07-01,2,0.0,2.5,1.0,,0,0
SUP0185,2023-08-01,3,0.0,8.333,1.0,,0,0
SUP0185,2023-09-01,3,0.3333,3.0,1.0,,0,0
SUP0185,2023-11-01,2,0.0,6.5,0.6394,,0,0
SUP0185,2023-12-01,1,0.0,11.0,1.0,,0,0
SUP0185,2024-01-01,1,0.0,14.0,0.4531,,0,0
SUP0185,2024-02-01,1,0.0,5.0,1.0,,0,0
SUP0185,2024-03-01,1,0.0,3.0,1.0,,0,0
SUP0185,2024-04-01,1,0.0,6.0,1.0,,0,0
SUP0185,2024-05-01,4,0.25,6.0,1.0,,0,0
SUP0185,2024-07-01,2,0.0,6.5,1.0,,0,0
SUP0185,2024-08-01,1,0.0,11.0,1.0,,0,0
SUP0185,2024-09-01,1,0.0,11.0,1.0,,0,0
SUP0185,2024-10-01,1,0.0,1.0,1.0,,0,0
SUP0185,2024-11-01,4,0.5,4.5,1.0,,0,0
SUP0185,2024-12-01,1,0.0,11.0,0.8002,,0,0
SUP0185,2025-01-01,4,0.0,6.75,0.8597,,0,0
SUP0185,2025-02-01,3,0.6667,2.0,1.0,,0,0
SUP0185,2025-03-01,2,0.5,6.5,1.0,,0,0
SUP0185,2025-07-01,3,0.3333,3.333,1.0,,0,0
SUP0185,2025-08-01,2,0.5,4.5,1.0,,0,0
SUP0185,2025-09-01,1,0.0,10.0,1.0,,0,0
SUP0185,2025-10-01,2,0.5,3.0,1.0,,0,0
SUP0185,2025-11-01,3,0.3333,1.0,0.8258,,0,0
SUP0185,2025-12-01,1,0.0,,0.0,,0,0
SUP0186,2023-03-01,7,0.2857,6.714,1.0,,0,0
SUP0186,2023-04-01,1,0.0,13.0,1.0,,0,0
SUP0186,2023-05-01,2,0.5,2.5,1.0,,0,0
SUP0186,2023-06-01,3,0.0,4.0,1.0,,0,0
SUP0186,2023-07-01,1,0.0,5.0,1.0,,0,0
SUP0186,2023-08-01,4,0.0,7.75,1.0,,0,0
SUP0186,2023-09-01,2,0.0,6.5,1.0,,0,0
SUP0186,2023-10-01,3,0.0,6.667,1.0,,0,0
SUP0186,2023-11-01,1,0.0,11.0,1.0,,0,0
SUP0186,2023-12-01,3,0.3333,0.667,0.8085,,0,0
SUP0186,2024-01-01,2,0.5,1.5,1.0,,0,0
SUP0186,2024-02-01,3,0.0,11.0,1.0,,0,0
SUP0186,2024-03-01,1,1.0,0.0,1.0,,0,0
SUP0186,2024-04-01,4,0.25,4.25,0.8908,,0,0
SUP0186,2024-05-01,3,0.6667,2.0,1.0,,0,0
SUP0186,2024-06-01,3,0.0,7.667,0.4115,,0,0
SUP0186,2024-07-01,1,0.0,7.0,1.0,,0,0
SUP0186,2024-08-01,1,0.0,3.0,1.0,,0,0
SUP0186,2024-09-01,1,0.0,2.0,1.0,,0,0
SUP0186,2024-10-01,2,0.0,13.5,1.0,,0,0
SUP0186,2024-11-01,3,0.6667,0.333,1.0,,0,0
SUP0186,2024-12-01,3,0.3333,3.0,0.8256,,0,0
SUP0186,2025-01-01,3,0.6667,1.0,1.0,,0,0
SUP0186,2025-02-01,2,0.0,0.5,0.5104,,0,0
SUP0186,2025-03-01,1,0.0,9.0,0.776,,0,0
SUP0186,2025-04-01,1,1.0,0.0,1.0,,0,0
SUP0186,2025-07-01,1,0.0,1.0,1.0,,0,0
SUP0186,2025-08-01,1,0.0,4.0,1.0,,0,0
SUP0186,2025-09-01,2,0.5,3.5,1.0,,0,0
SUP0186,2025-10-01,1,0.0,12.0,1.0,,0,0
SUP0186,2025-12-01,3,0.3333,0.5,0.741,,0,0
SUP0187,2023-01-01,1,0.0,1.0,1.0,,0,0
SUP0187,2023-02-01,14,0.6429,2.5,1.0,2251.8,0,0
SUP0187,2023-03-01,19,0.5263,3.421,0.9999,0.0,0,0
SUP0187,2023-04-01,18,0.6111,1.722,1.0,0.0,0,0
SUP0187,2023-05-01,20,0.4,2.65,0.9997,0.0,0,0
SUP0187,2023-06-01,18,0.6111,1.5,0.6221,0.0,0,0
SUP0187,2023-07-01,19,0.4737,1.895,0.7301,0.0,0,0
SUP0187,2023-08-01,21,0.4762,2.286,0.9999,0.0,0,0
SUP0187,2023-09-01,12,0.6667,1.917,1.0,3369.8,0,0
SUP0187,2023-10-01,16,0.8125,0.688,1.0,2993.9,0,0
SUP0187,2023-11-01,15,0.4,4.467,0.9065,0.0,0,0
SUP0187,2023-12-01,20,0.55,2.65,1.0,0.0,0,0
SUP0187,2024-01-01,19,0.5789,1.526,0.9717,1111.2,0,0
SUP0187,2024-02-01,17,0.4706,1.176,0.8793,0.0,0,0
SUP0187,2024-03-01,22,0.6364,2.318,0.9987,216.9,1,0
SUP0187,2024-04-01,18,0.5556,2.278,1.0,5365.0,0,0
SUP0187,2024-05-01,22,0.6818,1.682,1.0,749.2,0,0
SUP0187,2024-06-01,16,0.5625,2.688,1.0,0.0,0,0
SUP0187,2024-07-01,19,0.6842,1.474,1.0,0.0,0,0
SUP0187,2024-08-01,18,0.6111,1.389,0.9964,0.0,0,0
SUP0187,2024-09-01,19,0.4737,2.0,0.9996,0.0,0,0
SUP0187,2024-10-01,19,0.6842,1.579,0.7998,5912.6,0,0
SUP0187,2024-11-01,24,0.7083,3.167,1.0,0.0,0,0
SUP0187,2024-12-01,21,0.5714,2.476,1.0,0.0,0,0
SUP0187,2025-01-01,16,0.375,3.375,1.0,9981.2,1,1
SUP0187,2025-02-01,16,0.8125,0.25,0.9777,0.0,0,0
SUP0187,2025-03-01,18,0.6111,1.333,0.9999,0.0,1,1
SUP0187,2025-04-01,22,0.7273,2.5,1.0,0.0,1,1
SUP0187,2025-05-01,14,0.6429,1.929,1.0,0.0,0,0
SUP0187,2025-06-01,23,0.5217,3.522,0.9999,0.0,0,0
SUP0187,2025-07-01,19,0.4211,2.842,1.0,1514.7,0,0
SUP0187,2025-08-01,17,0.6471,1.118,0.9939,0.0,0,0
SUP0187,2025-09-01,16,0.75,1.75,1.0,0.0,0,0
SUP0187,2025-10-01,17,0.5294,1.941,0.5072,0.0,0,0
SUP0187,2025-11-01,19,0.6842,1.722,0.3721,0.0,0,0
SUP0187,2025-12-01,22,0.5455,1.263,0.0039,0.0,1,1
SUP0188,2023-01-01,2,0.5,0.0,0.8872,0.0,0,0
SUP0188,2023-02-01,6,0.3333,3.333,0.9994,0.0,0,0
SUP0188,2023-03-01,18,0.7222,3.111,1.0,9914.3,0,0
SUP0188,2023-04-01,16,0.8125,2.5,1.0,4624.4,0,0
SUP0188,2023-05-01,18,0.7222,2.944,0.8325,1206.4,1,0
SUP0188,2023-06-01,19,0.7368,3.632,1.0,9994.3,0,0
SUP0188,2023-07-01,16,0.875,1.062,1.0,386.3,0,0
SUP0188,2023-08-01,19,0.7368,3.0,1.0,5297.8,0,0
SUP0188,2023-09-01,23,0.6522,2.609,1.0,827.4,0,0
SUP0188,2023-10-01,13,0.6923,2.692,0.6754,0.0,0,0
SUP0188,2023-11-01,15,0.8,1.533,1.0,0.0,0,0
SUP0188,2023-12-01,16,0.875,0.688,1.0,0.0,0,0
SUP0188,2024-01-01,13,0.8462,1.231,1.0,791.7,0,0
SUP0188,2024-02-01,12,0.75,0.917,1.0,0.0,0,0
SUP0188,2024-03-01,13,0.9231,0.615,1.0,0.0,0,0
SUP0188,2024-04-01,13,0.8462,1.308,1.0,0.0,0,0
SUP0188,2024-05-01,20,0.8,3.6,1.0,3292.3,0,0
SUP0188,2024-06-01,12,1.0,0.0,1.0,6710.1,0,0
SUP0188,2024-07-01,17,0.7647,1.471,1.0,2955.6,0,0
SUP0188,2024-08-01,24,0.8333,0.625,1.0,0.0,0,0
SUP0188,2024-09-01,15,0.9333,0.4,1.0,0.0,0,0
SUP0188,2024-10-01,18,0.6667,2.833,0.7981,0.0,0,0
SUP0188,2024-11-01,15,1.0,0.0,1.0,0.0,0,0
SUP0188,2024-12-01,18,0.6111,4.5,1.0,904.6,0,0
SUP0188,2025-01-01,20,0.7,3.35,1.0,725.6,0,0
SUP0188,2025-02-01,16,0.75,1.688,1.0,0.0,0,0
SUP0188,2025-03-01,15,0.8,1.2,1.0,0.0,0,0
SUP0188,2025-04-01,15,0.8,2.0,1.0,0.0,0,0
SUP0188,2025-05-01,17,0.5882,3.647,1.0,10632.3,0,0
SUP0188,2025-06-01,14,0.7857,1.286,0.5525,0.0,0,0
SUP0188,2025-07-01,18,0.8889,1.056,0.6884,0.0,0,0
SUP0188,2025-08-01,15,0.8,1.333,1.0,0.0,0,0
SUP0188,2025-09-01,17,0.8824,0.176,1.0,0.0,0,0
SUP0188,2025-10-01,20,0.9,0.35,1.0,0.0,0,0
SUP0188,2025-11-01,21,0.8095,1.048,1.0,0.0,1,1
SUP0188,2025-12-01,12,0.9167,0.0,0.9765,0.0,0,0
SUP0189,2023-02-01,4,0.0,6.75,1.0,,0,0
SUP0189,2023-03-01,4,0.0,8.5,1.0,,0,0
SUP0189,2023-04-01,2,0.5,2.0,1.0,0.0,0,0
SUP0189,2023-05-01,7,0.2857,6.857,1.0,0.0,0,0
SUP0189,2023-06-01,6,0.6667,3.167,1.0,0.0,0,0
SUP0189,2023-07-01,4,0.75,1.5,1.0,0.0,0,0
SUP0189,2023-08-01,5,0.8,1.6,1.0,0.0,0,0
SUP0189,2023-09-01,6,0.3333,7.0,1.0,0.0,1,1
SUP0189,2023-10-01,7,0.5714,1.714,0.8463,0.0,0,0
SUP0189,2023-11-01,5,0.6,3.8,0.7166,0.0,0,0
SUP0189,2023-12-01,5,0.2,5.8,1.0,0.0,0,0
SUP0189,2024-01-01,6,0.5,3.0,0.8006,0.0,1,0
SUP0189,2024-02-01,4,0.75,1.5,1.0,0.0,0,0
SUP0189,2024-03-01,5,0.8,2.4,1.0,0.0,0,0
SUP0189,2024-04-01,1,1.0,0.0,1.0,0.0,0,0
SUP0189,2024-05-01,4,0.0,7.5,1.0,,0,0
SUP0189,2024-06-01,5,0.2,4.6,0.4833,43700.0,0,0
SUP0189,2024-07-01,2,0.0,4.5,1.0,,0,0
SUP0189,2024-08-01,3,0.3333,1.667,1.0,,0,0
SUP0189,2024-09-01,4,0.75,1.5,1.0,0.0,0,0
SUP0189,2024-10-01,5,1.0,0.0,1.0,0.0,0,0
SUP0189,2024-11-01,8,0.625,3.875,1.0,0.0,0,0
SUP0189,2024-12-01,4,0.5,4.25,1.0,0.0,0,0
SUP0189,2025-01-01,2,0.5,1.0,1.0,0.0,0,0
SUP0189,2025-02-01,3,0.3333,1.667,1.0,0.0,0,0
SUP0189,2025-03-01,3,0.6667,0.0,0.977,0.0,0,0
SUP0189,2025-04-01,2,1.0,0.0,1.0,0.0,0,0
SUP0189,2025-05-01,1,0.0,10.0,1.0,,0,0
SUP0189,2025-07-01,3,0.3333,5.333,1.0,0.0,0,0
SUP0189,2025-08-01,2,0.5,5.0,1.0,,0,0
SUP0189,2025-09-01,3,0.3333,5.667,1.0,,0,0
SUP0189,2025-10-01,3,0.0,5.667,1.0,,0,0
SUP0189,2025-11-01,3,0.3333,3.667,1.0,,0,0
SUP0189,2025-12-01,5,0.4,3.667,0.3334,0.0,0,0
SUP0190,2023-04-01,2,0.0,7.0,1.0,,0,0
SUP0190,2023-05-01,3,0.6667,3.333,1.0,,0,0
SUP0190,2023-06-01,4,0.0,11.0,1.0,,0,0
SUP0190,2023-07-01,1,0.0,4.0,1.0,,0,0
SUP0190,2023-08-01,1,0.0,3.0,1.0,,0,0
SUP0190,2023-09-01,2,0.0,6.0,1.0,,0,0
SUP0190,2023-10-01,4,0.0,6.0,1.0,,0,0
SUP0190,2023-11-01,4,0.0,6.25,1.0,,0,0
SUP0190,2023-12-01,1,0.0,2.0,1.0,,0,0
SUP0190,2024-01-01,2,0.5,3.5,1.0,,0,0
SUP0190,2024-02-01,2,0.5,5.0,0.6445,,0,0
SUP0190,2024-03-01,2,0.0,6.5,1.0,,0,0
SUP0190,2024-04-01,1,0.0,12.0,0.9435,,0,0
SUP0190,2024-05-01,3,0.3333,2.333,1.0,,0,0
SUP0190,2024-06-01,1,0.0,14.0,1.0,,0,0
SUP0190,2024-07-01,4,0.25,6.75,1.0,,0,0
SUP0190,2024-08-01,1,0.0,14.0,1.0,,0,0
SUP0190,2024-09-01,2,0.5,0.5,1.0,,0,0
SUP0190,2024-10-01,2,0.0,9.0,1.0,,0,0
SUP0190,2024-11-01,4,0.5,4.0,1.0,,0,0
SUP0190,2025-01-01,2,0.0,6.0,0.3818,,0,0
SUP0190,2025-03-01,2,0.0,7.5,1.0,,0,0
SUP0190,2025-05-01,2,0.0,8.5,1.0,,0,0
SUP0190,2025-06-01,3,0.0,7.0,1.0,,0,0
SUP0190,2025-07-01,1,0.0,14.0,1.0,,0,0
SUP0190,2025-08-01,3,0.6667,3.0,1.0,,0,0
SUP0190,2025-09-01,1,0.0,9.0,1.0,,0,0
SUP0190,2025-10-01,3,0.0,5.667,1.0,,0,0
SUP0190,2025-11-01,4,0.25,3.5,1.0,,0,0
SUP0190,2025-12-01,2,0.0,,0.0,,0,0
SUP0191,2023-03-01,3,0.3333,7.0,1.0,,0,0
SUP0191,2023-04-01,4,0.25,6.5,1.0,,0,0
SUP0191,2023-05-01,1,1.0,0.0,1.0,,0,0
SUP0191,2023-06-01,1,0.0,3.0,1.0,,0,0
SUP0191,2023-07-01,1,0.0,14.0,1.0,,0,0
SUP0191,2023-08-01,1,0.0,8.0,1.0,,0,0
SUP0191,2023-09-01,4,0.0,8.5,1.0,,0,0
SUP0191,2023-10-01,2,0.5,3.5,0.3186,,0,0
SUP0191,2023-11-01,5,0.4,6.0,1.0,,0,0
SUP0191,2023-12-01,2,0.5,3.0,1.0,,0,0
SUP0191,2024-01-01,2,0.0,3.0,1.0,,0,0
SUP0191,2024-02-01,3,0.0,7.667,1.0,,0,0
SUP0191,2024-03-01,1,0.0,3.0,1.0,,0,0
SUP0191,2024-04-01,3,0.0,8.0,0.7994,,0,0
SUP0191,2024-05-01,3,0.0,10.333,1.0,,0,0
SUP0191,2024-06-01,1,1.0,0.0,1.0,,0,0
SUP0191,2024-07-01,1,0.0,1.0,1.0,,0,0
SUP0191,2024-08-01,3,0.3333,1.0,0.9181,,0,0
SUP0191,2024-09-01,2,0.0,5.0,0.5275,,0,0
SUP0191,2024-10-01,3,0.3333,6.667,1.0,,0,0
SUP0191,2024-11-01,2,0.0,3.5,1.0,,0,0
SUP0191,2024-12-01,1,0.0,1.0,1.0,,0,0
SUP0191,2025-01-01,1,0.0,11.0,1.0,,0,0
SUP0191,2025-02-01,2,0.0,9.0,1.0,,0,0
SUP0191,2025-03-01,1,1.0,0.0,1.0,,0,0
SUP0191,2025-05-01,3,0.0,4.333,1.0,,0,0
SUP0191,2025-07-01,3,0.0,8.333,1.0,,0,0
SUP0191,2025-08-01,4,0.25,2.75,1.0,,0,0
SUP0191,2025-09-01,3,0.3333,5.0,1.0,,0,0
SUP0191,2025-11-01,1,1.0,0.0,1.0,,0,0
SUP0191,2025-12-01,4,0.0,10.0,0.5448,,0,0
SUP0192,2023-01-01,3,0.3333,7.0,1.0,0.0,0,0
SUP0192,2023-02-01,9,0.6667,2.333,1.0,564.6,0,0
SUP0192,2023-03-01,10,0.7,1.6,1.0,0.0,0,0
SUP0192,2023-04-01,9,0.3333,3.778,1.0,0.0,0,0
SUP0192,2023-05-01,10,0.6,2.5,1.0,0.0,0,0
SUP0192,2023-06-01,10,0.7,2.9,1.0,0.0,0,0
SUP0192,2023-07-01,12,0.75,1.167,1.0,0.0,0,0
SUP0192,2023-08-01,15,0.4667,4.733,1.0,0.0,0,0
SUP0192,2023-09-01,19,0.4737,10.421,1.0,0.0,0,0
SUP0192,2023-10-01,11,0.4545,7.0,1.0,0.0,0,0
SUP0192,2023-11-01,14,0.5,4.0,0.9999,0.0,0,0
SUP0192,2023-12-01,12,0.75,0.417,0.9975,0.0,0,0
SUP0192,2024-01-01,13,0.6154,2.846,1.0,0.0,0,0
SUP0192,2024-02-01,11,0.7273,2.182,1.0,0.0,0,0
SUP0192,2024-03-01,11,0.4545,3.273,1.0,6686.1,0,0
SUP0192,2024-04-01,15,0.5333,4.133,1.0,0.0,0,0
SUP0192,2024-05-01,10,0.4,2.7,1.0,0.0,0,0
SUP0192,2024-06-01,14,0.5714,3.286,0.9975,0.0,0,0
SUP0192,2024-07-01,18,0.5556,4.056,0.9999,3751.1,1,1
SUP0192,2024-08-01,14,0.5,4.214,0.9999,0.0,0,0
SUP0192,2024-09-01,15,0.3333,5.933,0.9999,173.3,0,0
SUP0192,2024-10-01,12,0.4167,5.333,1.0,13822.7,0,0
SUP0192,2024-11-01,16,0.25,8.625,0.9992,0.0,0,0
SUP0192,2024-12-01,14,0.7143,2.0,0.9958,0.0,0,0
SUP0192,2025-01-01,9,0.7778,0.444,1.0,0.0,0,0
SUP0192,2025-02-01,9,0.8889,1.667,1.0,2272.9,0,0
SUP0192,2025-03-01,12,0.5,2.25,1.0,0.0,0,0
SUP0192,2025-04-01,11,0.8182,1.273,0.8027,0.0,0,0
SUP0192,2025-05-01,16,0.625,4.688,1.0,2889.6,0,0
SUP0192,2025-06-01,7,0.5714,0.571,0.9852,0.0,0,0
SUP0192,2025-07-01,11,0.5455,3.545,1.0,0.0,0,0
SUP0192,2025-08-01,8,0.625,0.875,0.8455,0.0,1,1
SUP0192,2025-09-01,13,0.7692,2.308,1.0,74.8,0,0
SUP0192,2025-10-01,13,0.6923,3.077,1.0,0.0,0,0
SUP0192,2025-11-01,9,0.5556,3.889,1.0,1225.8,1,1
SUP0192,2025-12-01,8,0.75,0.571,0.0591,0.0,0,0
SUP0193,2023-03-01,1,0.0,12.0,1.0,,0,0
SUP0193,2023-04-01,1,0.0,2.0,1.0,,0,0
SUP0193,2023-05-01,2,0.0,12.0,1.0,,0,0
SUP0193,2023-06-01,2,0.0,3.5,1.0,,0,0
SUP0193,2023-07-01,2,0.0,5.5,1.0,,0,0
SUP0193,2023-08-01,3,0.0,8.0,0.814,,0,0
SUP0193,2023-10-01,1,0.0,8.0,1.0,,0,0
SUP0193,2023-11-01,2,0.0,14.0,0.569,,0,0
SUP0193,2023-12-01,2,0.0,8.5,1.0,,0,0
SUP0193,2024-01-01,5,0.2,7.2,1.0,,0,0
SUP0193,2024-02-01,2,0.0,2.0,1.0,,0,0
SUP0193,2024-03-01,2,0.5,1.0,1.0,,1,0
SUP0193,2024-04-01,2,1.0,0.0,1.0,,0,0
SUP0193,2024-05-01,3,0.0,5.0,1.0,,0,0
SUP0193,2024-06-01,1,0.0,7.0,1.0,,0,0
SUP0193,2024-07-01,4,0.0,5.75,1.0,,0,0
SUP0193,2024-08-01,1,0.0,3.0,1.0,,0,0
SUP0193,2024-09-01,1,0.0,3.0,1.0,,0,0
SUP0193,2024-10-01,3,0.6667,3.667,1.0,,0,0
SUP0193,2024-11-01,4,0.5,5.5,1.0,,0,0
SUP0193,2024-12-01,2,0.0,8.0,1.0,,0,0
SUP0193,2025-02-01,2,0.5,2.5,1.0,,0,0
SUP0193,2025-03-01,2,0.5,3.5,0.6573,,0,0
SUP0193,2025-04-01,1,0.0,0.0,0.4218,,0,0
SUP0193,2025-05-01,1,0.0,9.0,1.0,,0,0
SUP0193,2025-06-01,2,0.0,13.5,1.0,,0,0
SUP0193,2025-07-01,2,0.0,7.5,1.0,,0,0
SUP0193,2025-08-01,2,0.0,6.0,1.0,,0,0
SUP0193,2025-09-01,4,0.5,5.5,1.0,,0,0
SUP0193,2025-10-01,2,0.0,2.5,1.0,,0,0
SUP0193,2025-11-01,1,0.0,5.0,1.0,,0,0
SUP0193,2025-12-01,2,0.0,2.5,1.0,,0,0
SUP0194,2023-01-01,3,0.3333,4.0,1.0,,0,0
SUP0194,2023-02-01,2,0.0,8.0,1.0,,0,0
SUP0194,2023-03-01,1,0.0,11.0,1.0,,0,0
SUP0194,2023-04-01,1,0.0,11.0,0.5504,,0,0
SUP0194,2023-05-01,3,0.0,7.0,1.0,,0,0
SUP0194,2023-06-01,4,0.5,2.0,1.0,,0,0
SUP0194,2023-07-01,5,0.4,6.6,1.0,,0,0
SUP0194,2023-08-01,1,0.0,11.0,1.0,,0,0
SUP0194,2023-09-01,2,0.5,4.0,1.0,,0,0
SUP0194,2023-10-01,1,0.0,8.0,1.0,,0,0
SUP0194,2023-11-01,1,1.0,0.0,1.0,,0,0
SUP0194,2023-12-01,4,0.25,5.75,1.0,,0,0
SUP0194,2024-01-01,2,0.0,2.0,1.0,,0,0
SUP0194,2024-04-01,2,0.0,5.5,1.0,,0,0
SUP0194,2024-05-01,3,0.0,9.0,0.7517,,0,0
SUP0194,2024-06-01,3,0.0,10.333,1.0,,0,0
SUP0194,2024-07-01,2,0.0,5.5,1.0,,0,0
SUP0194,2024-08-01,2,0.0,4.5,1.0,,0,0
SUP0194,2024-09-01,1,0.0,6.0,1.0,,0,0
SUP0194,2024-10-01,1,0.0,3.0,1.0,,0,0
SUP0194,2024-11-01,2,0.0,2.5,1.0,,0,0
SUP0194,2024-12-01,2,0.0,6.0,1.0,,0,0
SUP0194,2025-01-01,2,0.0,10.5,1.0,,0,0
SUP0194,2025-02-01,1,0.0,8.0,1.0,,0,0
SUP0194,2025-03-01,2,0.0,2.5,1.0,,0,0
SUP0194,2025-05-01,3,0.0,7.0,1.0,,0,0
SUP0194,2025-06-01,4,0.0,9.0,0.815,,0,0
SUP0194,2025-07-01,2,0.0,7.0,1.0,,0,0
SUP0194,2025-08-01,1,0.0,5.0,1.0,,0,0
SUP0194,2025-09-01,4,0.25,6.75,1.0,,0,0
SUP0194,2025-10-01,3,0.0,5.0,1.0,,0,0
SUP0194,2025-11-01,1,0.0,9.0,1.0,,0,0
SUP0194,2025-12-01,4,0.0,,0.0,,0,0
SUP0195,2023-03-01,4,0.5,3.25,0.9237,,0,0
SUP0195,2023-06-01,1,0.0,7.0,1.0,,0,0
SUP0195,2023-07-01,3,0.3333,8.333,1.0,,0,0
SUP0195,2023-08-01,2,0.0,9.0,1.0,,0,0
SUP0195,2023-09-01,2,0.5,2.5,1.0,,0,0
SUP0195,2023-10-01,2,0.0,9.0,1.0,,0,0
SUP0195,2023-11-01,1,0.0,12.0,1.0,,0,0
SUP0195,2023-12-01,3,0.3333,4.0,1.0,,0,0
SUP0195,2024-01-01,2,0.5,6.5,1.0,,0,0
SUP0195,2024-02-01,5,0.4,3.6,1.0,,0,0
SUP0195,2024-03-01,2,0.0,11.5,0.6211,,0,0
SUP0195,2024-04-01,3,0.3333,2.667,1.0,,0,0
SUP0195,2024-05-01,2,0.0,2.5,1.0,,0,0
SUP0195,2024-06-01,1,0.0,12.0,0.7096,,0,0
SUP0195,2024-07-01,1,0.0,6.0,1.0,,0,0
SUP0195,2024-08-01,3,0.3333,8.667,1.0,,1,0
SUP0195,2024-09-01,2,0.0,6.0,1.0,,0,0
SUP0195,2024-10-01,3,0.0,3.333,1.0,,0,0
SUP0195,2024-11-01,4,0.25,3.5,0.9491,,0,0
SUP0195,2024-12-01,2,0.0,8.0,1.0,,0,0
SUP0195,2025-01-01,3,0.0,3.667,1.0,,0,0
SUP0195,2025-02-01,1,0.0,0.0,0.2781,,0,0
SUP0195,2025-03-01,4,0.0,4.5,1.0,,0,0
SUP0195,2025-04-01,6,0.1667,4.0,1.0,,0,0
SUP0195,2025-05-01,1,0.0,0.0,0.1986,,0,0
SUP0195,2025-06-01,1,0.0,9.0,1.0,,0,0
SUP0195,2025-07-01,2,0.0,8.5,1.0,,0,0
SUP0195,2025-08-01,2,0.0,5.5,1.0,,0,0
SUP0195,2025-09-01,1,1.0,0.0,1.0,,0,0
SUP0195,2025-10-01,2,0.0,10.0,1.0,,0,0
SUP0195,2025-11-01,2,0.5,6.5,1.0,,0,0
SUP0195,2025-12-01,4,0.0,10.0,0.0786,,0,0
SUP0196,2023-03-01,1,0.0,5.0,1.0,,0,0
SUP0196,2023-04-01,1,0.0,8.0,1.0,,0,0
SUP0196,2023-05-01,1,0.0,3.0,1.0,,0,0
SUP0196,2023-06-01,2,0.0,8.5,1.0,,0,0
SUP0196,2023-07-01,2,0.5,1.0,1.0,,0,0
SUP0196,2023-08-01,3,0.0,8.333,1.0,,0,0
SUP0196,2023-09-01,3,0.0,7.667,1.0,,0,0
SUP0196,2023-11-01,2,0.5,2.5,0.9786,,0,0
SUP0196,2023-12-01,3,0.0,6.0,1.0,,0,0
SUP0196,2024-02-01,1,0.0,0.0,0.214,,0,0
SUP0196,2024-03-01,2,0.0,5.5,1.0,,0,0
SUP0196,2024-04-01,5,0.2,10.6,0.9042,,0,0
SUP0196,2024-05-01,6,0.1667,7.833,1.0,,0,0
SUP0196,2024-06-01,3,0.0,10.333,0.829,,0,0
SUP0196,2024-07-01,3,0.0,5.667,1.0,,0,0
SUP0196,2024-09-01,3,0.0,7.333,1.0,,0,0
SUP0196,2024-10-01,1,1.0,0.0,1.0,,0,0
SUP0196,2024-11-01,1,0.0,6.0,1.0,,0,0
SUP0196,2024-12-01,2,0.0,10.0,1.0,,0,0
SUP0196,2025-01-01,3,0.0,5.333,1.0,,0,0
SUP0196,2025-02-01,1,0.0,7.0,1.0,,0,0
SUP0196,2025-03-01,5,0.2,4.8,0.7674,,0,0
SUP0196,2025-04-01,1,0.0,1.0,1.0,,0,0
SUP0196,2025-05-01,1,0.0,13.0,1.0,,0,0
SUP0196,2025-06-01,1,0.0,2.0,1.0,,0,0
SUP0196,2025-07-01,1,0.0,14.0,1.0,,0,0
SUP0196,2025-08-01,6,0.0,9.167,1.0,,0,0
SUP0196,2025-10-01,2,0.0,7.5,1.0,,0,0
SUP0196,2025-11-01,3,0.3333,7.333,1.0,,0,0
SUP0196,2025-12-01,2,0.5,0.0,0.1166,,0,0
SUP0197,2023-01-01,6,0.6667,4.5,1.0,0.0,0,0
SUP0197,2023-02-01,6,0.5,5.167,0.9991,0.0,0,0
SUP0197,2023-03-01,11,0.7273,1.545,0.9282,0.0,0,0
SUP0197,2023-04-01,11,0.8182,1.0,1.0,0.0,0,0
SUP0197,2023-05-01,11,0.8182,1.091,1.0,0.0,0,0
SUP0197,2023-06-01,12,0.5,2.25,0.9545,0.0,0,0
SUP0197,2023-07-01,11,0.9091,0.818,1.0,0.0,0,0
SUP0197,2023-08-01,9,0.5556,2.222,1.0,0.0,0,0
SUP0197,2023-09-01,9,0.5556,5.333,1.0,0.0,0,0
SUP0197,2023-10-01,6,0.6667,2.0,1.0,0.0,0,0
SUP0197,2023-11-01,4,0.75,0.0,0.931,0.0,0,0
SUP0197,2023-12-01,7,0.1429,4.429,1.0,0.0,0,0
SUP0197,2024-01-01,9,0.4444,2.444,0.9974,0.0,0,0
SUP0197,2024-02-01,8,0.5,5.125,1.0,13957.1,0,0
SUP0197,2024-03-01,9,0.4444,2.778,1.0,0.0,0,0
SUP0197,2024-04-01,9,0.5556,2.778,0.999,0.0,0,0
SUP0197,2024-05-01,7,1.0,0.0,1.0,0.0,1,1
SUP0197,2024-06-01,11,0.8182,0.818,1.0,0.0,0,0
SUP0197,2024-07-01,8,1.0,0.0,1.0,0.0,0,0
SUP0197,2024-08-01,11,0.4545,6.182,1.0,12647.4,0,0
SUP0197,2024-09-01,6,0.5,3.5,0.9998,0.0,0,0
SUP0197,2024-10-01,8,0.625,2.5,1.0,2994.1,0,0
SUP0197,2024-11-01,10,0.6,3.5,1.0,12921.2,0,0
SUP0197,2024-12-01,9,0.5556,1.778,1.0,0.0,0,0
SUP0197,2025-01-01,10,0.7,1.5,1.0,0.0,0,0
SUP0197,2025-02-01,10,0.5,2.7,1.0,0.0,0,0
SUP0197,2025-03-01,6,0.6667,1.5,1.0,0.0,0,0
SUP0197,2025-04-01,4,0.5,3.25,0.7161,0.0,0,0
SUP0197,2025-05-01,4,0.75,1.0,1.0,0.0,0,0
SUP0197,2025-06-01,10,0.6,2.6,1.0,0.0,0,0
SUP0197,2025-07-01,11,0.6364,1.545,1.0,0.0,0,0
SUP0197,2025-08-01,10,0.8,1.4,0.8048,0.0,0,0
SUP0197,2025-09-01,6,0.6667,1.0,1.0,0.0,0,0
SUP0197,2025-10-01,8,0.625,1.125,0.7423,0.0,0,0
SUP0197,2025-11-01,10,0.6,2.1,0.7062,0.0,0,0
SUP0197,2025-12-01,9,0.5556,2.5,0.0022,8758.7,0,0
SUP0198,2023-02-01,1,0.0,6.0,1.0,,0,0
SUP0198,2023-03-01,1,0.0,14.0,1.0,,0,0
SUP0198,2023-04-01,1,0.0,13.0,1.0,,0,0
SUP0198,2023-05-01,3,0.3333,5.0,1.0,,0,0
SUP0198,2023-06-01,3,0.3333,8.0,1.0,,0,0
SUP0198,2023-07-01,2,0.0,6.0,1.0,,0,0
SUP0198,2023-08-01,4,0.0,6.0,1.0,,0,0
SUP0198,2023-09-01,2,0.0,4.0,0.9655,,0,0
SUP0198,2023-10-01,3,0.3333,6.0,1.0,,0,0
SUP0198,2023-11-01,4,0.5,3.5,1.0,,0,0
SUP0198,2023-12-01,1,0.0,7.0,1.0,,0,0
SUP0198,2024-01-01,5,0.4,2.6,0.9071,,0,0
SUP0198,2024-02-01,2,0.0,2.5,1.0,,0,0
SUP0198,2024-03-01,5,0.2,5.4,1.0,,0,0
SUP0198,2024-04-01,2,0.5,0.5,1.0,,0,0
SUP0198,2024-05-01,3,0.3333,8.0,1.0,,0,0
SUP0198,2024-08-01,2,0.0,12.5,1.0,,0,0
SUP0198,2024-09-01,1,0.0,4.0,1.0,,0,0
SUP0198,2024-10-01,2,0.0,10.5,1.0,,0,0
SUP0198,2024-11-01,2,0.5,7.0,1.0,,0,0
SUP0198,2024-12-01,2,0.0,4.5,0.8169,,0,0
SUP0198,2025-02-01,1,0.0,10.0,1.0,,0,0
SUP0198,2025-03-01,1,0.0,10.0,1.0,,0,0
SUP0198,2025-04-01,3,0.3333,6.667,1.0,,0,0
SUP0198,2025-05-01,3,0.0,6.0,1.0,,0,0
SUP0198,2025-06-01,1,0.0,1.0,1.0,,0,0
SUP0198,2025-07-01,1,0.0,5.0,1.0,,0,0
SUP0198,2025-08-01,2,0.0,9.0,1.0,,0,0
SUP0198,2025-09-01,2,0.5,7.0,1.0,,0,0
SUP0198,2025-10-01,3,0.0,4.333,0.6848,,0,0
SUP0198,2025-12-01,7,0.1429,1.5,0.4798,,0,0
SUP0199,2023-01-01,5,0.8,0.8,1.0,0.0,0,0
SUP0199,2023-02-01,2,1.0,0.0,1.0,,0,0
SUP0199,2023-03-01,5,0.4,4.2,0.9999,0.0,1,1
SUP0199,2023-04-01,6,0.8333,1.5,1.0,0.0,0,0
SUP0199,2023-05-01,10,0.5,2.9,0.9951,0.0,0,0
SUP0199,2023-06-01,9,0.6667,2.0,1.0,0.0,0,0
SUP0199,2023-07-01,8,0.5,4.375,1.0,4578.5,0,0
SUP0199,2023-08-01,6,0.5,4.167,1.0,0.0,0,0
SUP0199,2023-09-01,7,1.0,0.0,1.0,3401.7,0,0
SUP0199,2023-10-01,8,0.625,4.5,1.0,0.0,0,0
SUP0199,2023-11-01,13,0.4615,3.308,1.0,0.0,0,0
SUP0199,2023-12-01,8,0.75,0.75,1.0,0.0,0,0
SUP0199,2024-01-01,5,0.8,0.4,1.0,0.0,0,0
SUP0199,2024-02-01,8,0.75,1.875,1.0,0.0,0,0
SUP0199,2024-03-01,5,0.6,3.0,1.0,0.0,0,0
SUP0199,2024-04-01,5,0.2,10.0,1.0,28217.9,0,0
SUP0199,2024-05-01,7,1.0,0.0,1.0,0.0,0,0
SUP0199,2024-06-01,9,0.5556,1.778,0.1892,0.0,0,0
SUP0199,2024-07-01,8,0.5,1.375,0.9998,0.0,0,0
SUP0199,2024-08-01,9,0.4444,4.111,0.9874,5112.8,0,0
SUP0199,2024-09-01,5,0.8,0.6,1.0,0.0,0,0
SUP0199,2024-10-01,9,0.6667,2.667,1.0,0.0,0,0
SUP0199,2024-11-01,9,0.5556,2.889,0.9985,0.0,0,0
SUP0199,2024-12-01,5,0.8,1.8,1.0,0.0,0,0
SUP0199,2025-01-01,10,0.6,3.2,0.9402,0.0,0,0
SUP0199,2025-02-01,10,0.5,5.1,1.0,0.0,0,0
SUP0199,2025-03-01,9,0.3333,7.111,0.8349,0.0,0,0
SUP0199,2025-04-01,11,0.4545,5.727,0.9646,0.0,0,0
SUP0199,2025-05-01,13,0.3846,8.154,1.0,0.0,0,0
SUP0199,2025-06-01,12,0.5,5.25,0.9999,0.0,0,0
SUP0199,2025-07-01,13,0.2308,6.615,0.7232,0.0,0,0
SUP0199,2025-08-01,7,0.4286,5.143,0.9978,0.0,0,0
SUP0199,2025-09-01,10,0.3,3.8,1.0,0.0,0,0
SUP0199,2025-10-01,8,0.375,4.75,0.5467,0.0,0,0
SUP0199,2025-11-01,7,0.2857,5.143,1.0,0.0,0,0
SUP0199,2025-12-01,6,0.6667,0.0,0.0028,0.0,0,0
SUP0200,2023-03-01,2,0.0,12.0,1.0,,0,0
SUP0200,2023-04-01,2,0.0,7.0,1.0,,0,0
SUP0200,2023-05-01,3,0.3333,4.0,1.0,,0,0
SUP0200,2023-06-01,3,0.3333,1.667,1.0,,0,0
SUP0200,2023-07-01,3,0.0,9.333,1.0,,0,0
SUP0200,2023-08-01,2,0.0,9.5,1.0,,0,0
SUP0200,2023-09-01,1,0.0,13.0,1.0,,0,0
SUP0200,2023-10-01,1,0.0,7.0,1.0,,0,0
SUP0200,2023-11-01,4,0.25,5.0,1.0,,0,0
SUP0200,2023-12-01,2,0.5,2.5,1.0,,0,0
SUP0200,2024-02-01,1,0.0,12.0,1.0,,0,0
SUP0200,2024-03-01,2,0.0,8.5,1.0,,0,0
SUP0200,2024-04-01,1,0.0,12.0,1.0,,0,0
SUP0200,2024-05-01,3,0.3333,8.667,1.0,,0,0
SUP0200,2024-06-01,1,0.0,5.0,1.0,,0,0
SUP0200,2024-07-01,1,1.0,0.0,1.0,,0,0
SUP0200,2024-08-01,3,0.0,5.0,1.0,,0,0
SUP0200,2024-09-01,1,0.0,1.0,1.0,,0,0
SUP0200,2024-10-01,1,0.0,3.0,1.0,,0,0
SUP0200,2024-11-01,6,0.1667,5.333,1.0,,0,0
SUP0200,2024-12-01,3,0.6667,1.0,1.0,,0,0
SUP0200,2025-01-01,1,0.0,12.0,1.0,,0,0
SUP0200,2025-02-01,2,0.5,2.5,0.7639,,0,0
SUP0200,2025-03-01,3,0.0,2.667,1.0,,0,0
SUP0200,2025-04-01,3,0.0,6.667,1.0,,0,0
SUP0200,2025-05-01,1,1.0,0.0,1.0,,0,0
SUP0200,2025-06-01,2,0.5,3.0,1.0,,0,0
SUP0200,2025-07-01,3,0.6667,1.333,1.0,,0,0
SUP0200,2025-08-01,1,0.0,2.0,1.0,,0,0
SUP0200,2025-09-01,2,0.0,8.0,1.0,,0,0
SUP0200,2025-10-01,2,0.0,6.0,1.0,,0,0
SUP0200,2025-11-01,1,1.0,0.0,1.0,,0,0
SUP0200,2025-12-01,2,0.0,6.0,0.2573,,0,0
SUP0201,2023-02-01,3,0.0,6.333,1.0,,0,0
SUP0201,2023-03-01,3,0.0,4.667,1.0,,0,0
SUP0201,2023-04-01,3,0.3333,6.0,1.0,,0,0
SUP0201,2023-05-01,2,0.0,9.0,1.0,,0,0
SUP0201,2023-06-01,1,0.0,5.0,1.0,,0,0
SUP0201,2023-07-01,2,0.5,0.5,1.0,,0,0
SUP0201,2023-08-01,2,0.0,6.5,1.0,,0,0
SUP0201,2023-09-01,1,0.0,6.0,1.0,,0,0
SUP0201,2023-10-01,2,0.0,10.5,1.0,,0,0
SUP0201,2023-11-01,4,0.0,7.5,1.0,,0,0
SUP0201,2023-12-01,3,0.0,10.333,1.0,,0,0
SUP0201,2024-01-01,4,0.25,6.25,1.0,,0,0
SUP0201,2024-02-01,3,0.0,8.0,0.976,,0,0
SUP0201,2024-03-01,1,0.0,5.0,1.0,,0,0
SUP0201,2024-04-01,4,0.25,5.5,1.0,,0,0
SUP0201,2024-05-01,1,0.0,6.0,1.0,,0,0
SUP0201,2024-06-01,6,0.0,9.333,1.0,,0,0
SUP0201,2024-07-01,3,0.3333,7.333,1.0,,0,0
SUP0201,2024-08-01,1,0.0,6.0,1.0,,0,0
SUP0201,2024-09-01,2,0.0,6.0,1.0,,0,0
SUP0201,2024-10-01,1,0.0,8.0,1.0,,0,0
SUP0201,2024-11-01,1,0.0,13.0,1.0,,0,0
SUP0201,2024-12-01,1,0.0,1.0,1.0,,0,0
SUP0201,2025-01-01,1,1.0,0.0,1.0,,0,0
SUP0201,2025-02-01,1,0.0,9.0,1.0,,0,0
SUP0201,2025-03-01,3,0.6667,4.333,1.0,,0,0
SUP0201,2025-04-01,3,0.0,5.333,1.0,,0,0
SUP0201,2025-06-01,2,0.0,9.5,1.0,,0,0
SUP0201,2025-07-01,3,0.6667,2.667,1.0,,0,0
SUP0201,2025-08-01,2,0.0,5.0,1.0,,0,0
SUP0201,2025-09-01,4,0.25,3.75,0.9765,,0,0
SUP0201,2025-10-01,3,0.3333,7.0,1.0,,0,0
SUP0201,2025-12-01,1,0.0,,0.0,,0,0
SUP0202,2023-02-01,9,0.6667,3.111,0.779,0.0,0,0
SUP0202,2023-03-01,20,0.85,0.75,0.9998,0.0,0,0
SUP0202,2023-04-01,16,0.75,2.062,1.0,0.0,0,0
SUP0202,2023-05-01,11,0.9091,1.0,1.0,5760.6,0,0
SUP0202,2023-06-01,18,0.7778,2.0,1.0,0.0,0,0
SUP0202,2023-07-01,15,0.8667,0.8,0.8124,0.0,0,0
SUP0202,2023-08-01,12,0.6667,3.167,1.0,0.0,0,0
SUP0202,2023-09-01,9,1.0,0.0,1.0,0.0,0,0
SUP0202,2023-10-01,8,0.875,1.0,1.0,0.0,0,0
SUP0202,2023-11-01,13,0.7692,0.615,1.0,0.0,0,0
SUP0202,2023-12-01,7,0.8571,3.429,1.0,0.0,1,1
SUP0202,2024-01-01,9,0.6667,4.111,1.0,0.0,0,0
SUP0202,2024-02-01,7,0.8571,1.286,1.0,0.0,1,1
SUP0202,2024-03-01,12,0.75,3.167,0.9361,0.0,0,0
SUP0202,2024-04-01,11,0.6364,2.545,0.9471,0.0,0,0
SUP0202,2024-05-01,9,0.8889,0.444,1.0,2177.9,0,0
SUP0202,2024-06-01,11,0.7273,2.273,0.9999,12212.8,0,0
SUP0202,2024-07-01,11,0.9091,0.455,1.0,0.0,0,0
SUP0202,2024-08-01,14,0.6429,2.571,1.0,0.0,0,0
SUP0202,2024-09-01,9,0.8889,1.0,1.0,0.0,0,0
SUP0202,2024-10-01,11,0.7273,3.909,1.0,0.0,1,1
SUP0202,2024-11-01,13,0.7692,2.462,1.0,2512.3,1,1
SUP0202,2024-12-01,11,0.6364,2.182,0.8968,0.0,0,0
SUP0202,2025-01-01,9,0.8889,0.0,0.9981,0.0,0,0
SUP0202,2025-02-01,3,0.3333,5.667,1.0,0.0,0,0
SUP0202,2025-03-01,5,0.2,7.4,1.0,0.0,0,0
SUP0202,2025-04-01,6,0.6667,1.833,1.0,0.0,0,0
SUP0202,2025-05-01,1,0.0,8.0,1.0,,0,0
SUP0202,2025-06-01,6,0.6667,3.333,1.0,0.0,0,0
SUP0202,2025-07-01,7,0.8571,0.143,1.0,0.0,0,0
SUP0202,2025-08-01,3,0.6667,0.0,0.8763,0.0,0,0
SUP0202,2025-09-01,7,0.4286,2.714,1.0,0.0,0,0
SUP0202,2025-10-01,9,0.7778,1.333,0.9998,2145.4,1,0
SUP0202,2025-11-01,7,0.7143,3.0,1.0,0.0,0,0
SUP0202,2025-12-01,3,1.0,0.0,1.0,0.0,0,0
SUP0203,2023-02-01,2,1.0,0.0,1.0,,0,0
SUP0203,2023-03-01,2,0.5,4.5,1.0,,0,0
SUP0203,2023-04-01,4,0.5,5.75,1.0,,0,0
SUP0203,2023-05-01,1,0.0,7.0,1.0,,0,0
SUP0203,2023-06-01,2,0.0,10.0,1.0,,0,0
SUP0203,2023-07-01,1,0.0,5.0,0.3175,,0,0
SUP0203,2023-08-01,3,0.0,5.333,1.0,,0,0
SUP0203,2023-10-01,2,0.5,1.0,1.0,,0,0
SUP0203,2023-11-01,2,0.5,5.5,0.5442,,0,0
SUP0203,2023-12-01,2,0.5,6.0,1.0,,0,0
SUP0203,2024-01-01,1,0.0,2.0,1.0,,0,0
SUP0203,2024-02-01,2,0.0,7.0,0.7975,,0,0
SUP0203,2024-03-01,1,1.0,0.0,1.0,,0,0
SUP0203,2024-05-01,1,0.0,0.0,0.6592,,0,0
SUP0203,2024-06-01,2,0.0,7.5,1.0,,0,0
SUP0203,2024-08-01,2,0.0,10.5,0.7187,,0,0
SUP0203,2024-11-01,3,0.0,6.0,1.0,,0,0
SUP0203,2024-12-01,5,0.4,3.0,1.0,,0,0
SUP0203,2025-02-01,5,0.2,5.6,1.0,,0,0
SUP0203,2025-03-01,5,0.2,7.0,0.8841,,0,0
SUP0203,2025-04-01,1,0.0,11.0,1.0,,0,0
SUP0203,2025-05-01,3,0.0,6.333,0.6186,,0,0
SUP0203,2025-06-01,2,1.0,0.0,1.0,,0,0
SUP0203,2025-08-01,3,0.0,11.0,1.0,,0,0
SUP0203,2025-09-01,2,0.0,8.0,1.0,,0,0
SUP0203,2025-10-01,2,0.5,1.5,1.0,,0,0
SUP0203,2025-11-01,4,0.5,5.25,1.0,,0,0
SUP0204,2023-02-01,1,1.0,0.0,1.0,,0,0
SUP0204,2023-03-01,5,0.2,4.2,1.0,,0,0
SUP0204,2023-05-01,4,0.25,4.25,1.0,,0,0
SUP0204,2023-06-01,3,0.3333,6.0,1.0,,0,0
SUP0204,2023-07-01,1,0.0,11.0,1.0,,0,0
SUP0204,2023-08-01,4,0.0,9.25,1.0,,0,0
SUP0204,2023-09-01,1,0.0,6.0,0.4839,,0,0
SUP0204,2023-10-01,6,0.3333,4.833,0.927,,0,0
SUP0204,2023-11-01,3,0.0,7.333,1.0,,0,0
SUP0204,2023-12-01,3,0.0,8.0,0.7968,,0,0
SUP0204,2024-01-01,2,0.0,8.5,1.0,,0,0
SUP0204,2024-02-01,1,0.0,6.0,1.0,,0,0
SUP0204,2024-03-01,4,0.0,7.5,0.9365,,0,0
SUP0204,2024-05-01,2,0.5,4.5,1.0,,0,0
SUP0204,2024-06-01,2,1.0,0.0,1.0,,0,0
SUP0204,2024-07-01,1,1.0,0.0,1.0,,0,0
SUP0204,2024-08-01,1,1.0,0.0,1.0,,0,0
SUP0204,2024-09-01,1,0.0,3.0,1.0,,0,0
SUP0204,2024-10-01,1,0.0,11.0,0.2172,,0,0
SUP0204,2024-11-01,1,1.0,0.0,1.0,,0,0
SUP0204,2024-12-01,1,1.0,0.0,1.0,,0,0
SUP0204,2025-01-01,5,0.4,4.2,1.0,,0,0
SUP0204,2025-04-01,1,0.0,9.0,1.0,,0,0
SUP0204,2025-05-01,1,0.0,2.0,0.8394,,0,0
SUP0204,2025-06-01,1,0.0,14.0,1.0,,0,0
SUP0204,2025-07-01,1,0.0,14.0,1.0,,0,0
SUP0204,2025-08-01,2,0.0,4.0,1.0,,0,0
SUP0204,2025-09-01,4,0.25,8.0,1.0,,0,0
SUP0204,2025-10-01,2,0.0,4.0,1.0,,0,0
SUP0204,2025-11-01,4,0.0,3.75,1.0,,0,0
SUP0205,2023-02-01,3,0.0,7.667,1.0,,0,0
SUP0205,2023-03-01,7,0.1429,3.571,1.0,,0,0
SUP0205,2023-04-01,3,0.0,8.667,0.6658,,0,0
SUP0205,2023-05-01,3,0.3333,6.333,1.0,,0,0
SUP0205,2023-06-01,3,0.3333,2.667,0.8729,,0,0
SUP0205,2023-07-01,1,1.0,0.0,1.0,,0,0
SUP0205,2023-09-01,3,0.3333,4.333,1.0,,0,0
SUP0205,2023-10-01,3,0.0,9.667,1.0,,0,0
SUP0205,2023-11-01,2,0.0,3.0,1.0,,0,0
SUP0205,2023-12-01,6,0.1667,6.167,0.9326,,0,0
SUP0205,2024-01-01,2,0.0,9.0,1.0,,0,0
SUP0205,2024-02-01,2,0.0,9.5,1.0,,0,0
SUP0205,2024-03-01,3,0.0,9.667,1.0,,0,0
SUP0205,2024-05-01,3,0.0,6.0,1.0,,0,0
SUP0205,2024-06-01,2,0.5,7.0,1.0,,0,0
SUP0205,2024-07-01,1,1.0,0.0,1.0,,0,0
SUP0205,2024-08-01,4,0.0,9.0,1.0,,0,0
SUP0205,2024-09-01,2,0.0,6.5,1.0,,0,0
SUP0205,2024-10-01,1,0.0,13.0,1.0,,0,0
SUP0205,2024-11-01,1,0.0,8.0,1.0,,0,0
SUP0205,2025-01-01,3,0.0,4.667,1.0,,0,0
SUP0205,2025-02-01,1,0.0,5.0,1.0,,0,0
SUP0205,2025-04-01,5,0.6,3.0,1.0,,0,0
SUP0205,2025-05-01,3,0.0,11.667,1.0,,0,0
SUP0205,2025-06-01,1,1.0,0.0,1.0,,0,0
SUP0205,2025-07-01,4,0.25,5.75,1.0,,0,0
SUP0205,2025-08-01,1,0.0,7.0,1.0,,0,0
SUP0205,2025-09-01,2,0.0,7.0,1.0,,0,0
SUP0205,2025-10-01,2,0.0,9.5,1.0,,0,0
SUP0205,2025-11-01,1,0.0,9.0,1.0,,0,0
SUP0205,2025-12-01,5,0.0,3.5,0.1956,,0,0
SUP0206,2023-02-01,5,0.2,8.8,1.0,,0,0
SUP0206,2023-03-01,3,0.3333,2.333,0.3803,,0,0
SUP0206,2023-05-01,1,0.0,8.0,1.0,,0,0
SUP0206,2023-06-01,1,0.0,12.0,1.0,,0,0
SUP0206,2023-07-01,1,0.0,9.0,1.0,,0,0
SUP0206,2023-08-01,3,0.0,5.667,1.0,,0,0
SUP0206,2023-09-01,3,0.6667,3.333,1.0,,0,0
SUP0206,2023-10-01,3,0.0,10.0,1.0,,0,0
SUP0206,2023-11-01,1,0.0,14.0,1.0,,0,0
SUP0206,2023-12-01,5,0.2,6.0,1.0,,0,0
SUP0206,2024-01-01,2,0.0,7.0,0.9776,,0,0
SUP0206,2024-03-01,1,0.0,11.0,1.0,,0,0
SUP0206,2024-04-01,2,0.5,3.0,1.0,,0,0
SUP0206,2024-05-01,2,1.0,0.0,1.0,,0,0
SUP0206,2024-06-01,4,0.25,7.25,1.0,,0,0
SUP0206,2024-07-01,1,0.0,14.0,1.0,,0,0
SUP0206,2024-08-01,3,0.3333,7.0,1.0,,0,0
SUP0206,2024-10-01,2,0.0,5.5,1.0,,0,0
SUP0206,2024-11-01,1,0.0,14.0,1.0,,0,0
SUP0206,2025-01-01,2,0.0,8.0,1.0,,0,0
SUP0206,2025-02-01,2,0.0,10.5,0.993,,0,0
SUP0206,2025-03-01,2,0.5,7.0,1.0,,0,0
SUP0206,2025-04-01,5,0.2,5.2,1.0,,0,0
SUP0206,2025-06-01,1,0.0,12.0,1.0,,0,0
SUP0206,2025-07-01,5,0.4,2.6,1.0,,0,0
SUP0206,2025-08-01,5,0.2,5.0,1.0,,0,0
SUP0206,2025-09-01,3,0.0,8.333,0.7096,,0,0
SUP0206,2025-10-01,3,0.0,9.0,0.7085,,0,0
SUP0206,2025-11-01,3,0.0,4.667,1.0,,0,0
SUP0206,2025-12-01,4,0.0,5.0,0.2787,,0,0
SUP0207,2023-01-01,6,0.6667,1.833,1.0,0.0,0,0
SUP0207,2023-02-01,13,0.0769,9.077,0.9999,0.0,0,0
SUP0207,2023-03-01,17,0.6471,2.647,1.0,0.0,0,0
SUP0207,2023-04-01,12,0.5,1.5,0.9025,0.0,0,0
SUP0207,2023-05-01,12,0.75,2.25,1.0,0.0,0,0
SUP0207,2023-06-01,12,0.6667,2.667,0.999,2617.2,1,1
SUP0207,2023-07-01,13,0.6923,1.692,1.0,3673.7,0,0
SUP0207,2023-08-01,11,0.3636,2.364,0.9964,0.0,0,0
SUP0207,2023-09-01,13,0.3077,4.308,0.9999,0.0,0,0
SUP0207,2023-10-01,9,0.6667,1.667,0.9859,0.0,0,0
SUP0207,2023-11-01,10,0.2,2.3,0.9996,0.0,0,0
SUP0207,2023-12-01,15,0.6667,1.6,0.9997,4529.5,0,0
SUP0207,2024-01-01,14,0.2857,5.357,1.0,0.0,0,0
SUP0207,2024-02-01,12,0.0833,6.5,0.9989,0.0,0,0
SUP0207,2024-03-01,13,0.6154,2.231,0.9998,0.0,2,1
SUP0207,2024-04-01,12,0.6667,0.583,0.9999,0.0,0,0
SUP0207,2024-05-01,14,0.5,7.214,0.9998,2115.4,0,0
SUP0207,2024-06-01,13,0.3077,5.077,0.8469,0.0,0,0
SUP0207,2024-07-01,11,0.6364,2.545,0.9999,0.0,0,0
SUP0207,2024-08-01,10,0.4,2.4,0.9998,0.0,0,0
SUP0207,2024-09-01,10,0.6,0.7,0.9994,1319.2,1,1
SUP0207,2024-10-01,10,0.7,1.0,0.9998,1164.0,1,0
SUP0207,2024-11-01,15,0.4667,2.533,0.9999,0.0,1,0
SUP0207,2024-12-01,13,0.8462,0.231,0.3466,0.0,0,0
SUP0207,2025-01-01,15,0.6,7.267,0.9999,0.0,0,0
SUP0207,2025-02-01,13,0.2308,11.846,1.0,5842.1,0,0
SUP0207,2025-03-01,11,0.5455,2.727,1.0,7490.7,0,0
SUP0207,2025-04-01,9,1.0,0.0,1.0,0.0,0,0
SUP0207,2025-05-01,12,0.5833,8.333,1.0,7213.0,0,0
SUP0207,2025-06-01,13,0.5385,2.231,1.0,4611.0,1,0
SUP0207,2025-07-01,13,0.3846,3.538,1.0,3716.3,0,0
SUP0207,2025-08-01,9,0.7778,2.0,0.4383,0.0,0,0
SUP0207,2025-09-01,8,0.625,0.5,0.7334,8125.7,0,0
SUP0207,2025-10-01,14,0.5,3.143,0.9998,0.0,0,0
SUP0207,2025-11-01,11,0.5455,2.727,0.9596,0.0,0,0
SUP0207,2025-12-01,8,0.625,1.5,1.0,0.0,0,0
SUP0208,2023-02-01,5,0.4,7.8,1.0,0.0,0,0
SUP0208,2023-03-01,10,0.4,5.8,1.0,0.0,1,1
SUP0208,2023-04-01,16,0.4375,5.875,0.4109,2603.9,0,0
SUP0208,2023-05-01,14,0.7143,3.571,1.0,0.0,0,0
SUP0208,2023-06-01,12,0.5,6.75,0.9999,0.0,0,0
SUP0208,2023-07-01,10,0.4,2.7,0.9996,0.0,0,0
SUP0208,2023-08-01,15,0.4,10.267,0.9996,0.0,0,0
SUP0208,2023-09-01,15,0.4,13.267,0.9996,0.0,0,0
SUP0208,2023-10-01,12,0.5,6.333,1.0,0.0,0,0
SUP0208,2023-11-01,7,0.4286,4.857,1.0,0.0,0,0
SUP0208,2023-12-01,9,0.6667,4.0,1.0,0.0,0,0
SUP0208,2024-01-01,8,0.75,3.0,1.0,1325.3,0,0
SUP0208,2024-02-01,11,0.7273,0.909,1.0,0.0,0,0
SUP0208,2024-03-01,16,0.5,3.938,0.9998,0.0,0,0
SUP0208,2024-04-01,15,0.4,7.267,0.9992,0.0,0,0
SUP0208,2024-05-01,15,0.6,5.333,1.0,0.0,1,1
SUP0208,2024-06-01,20,0.6,5.55,0.9992,0.0,0,0
SUP0208,2024-07-01,22,0.6364,5.955,0.9999,0.0,0,0
SUP0208,2024-08-01,20,0.65,6.1,1.0,6716.7,0,0
SUP0208,2024-09-01,16,0.5,4.562,0.9996,4060.2,0,0
SUP0208,2024-10-01,20,0.55,8.3,1.0,0.0,0,0
SUP0208,2024-11-01,18,0.6667,5.5,0.9962,6922.2,0,0
SUP0208,2024-12-01,15,0.5333,4.667,1.0,2188.6,1,0
SUP0208,2025-01-01,13,0.4615,13.615,1.0,9946.2,0,0
SUP0208,2025-02-01,12,0.4167,5.083,0.9928,1858.5,0,0
SUP0208,2025-03-01,3,1.0,0.0,1.0,0.0,0,0
SUP0208,2025-04-01,8,0.625,4.875,1.0,0.0,0,0
SUP0208,2025-05-01,6,0.1667,20.167,1.0,0.0,0,0
SUP0208,2025-06-01,16,0.5,5.125,0.9754,0.0,0,0
SUP0208,2025-07-01,8,0.75,1.25,1.0,0.0,0,0
SUP0208,2025-08-01,11,0.3636,12.636,1.0,0.0,0,0
SUP0208,2025-09-01,9,0.6667,4.333,0.8885,0.0,0,0
SUP0208,2025-10-01,3,0.3333,18.0,1.0,0.0,0,0
SUP0208,2025-11-01,9,0.7778,1.111,1.0,0.0,1,0
SUP0208,2025-12-01,11,0.4545,2.143,0.2941,0.0,0,0
SUP0209,2023-02-01,1,0.0,9.0,1.0,,0,0
SUP0209,2023-03-01,3,0.3333,4.667,1.0,,0,0
SUP0209,2023-04-01,4,0.25,4.0,1.0,,1,0
SUP0209,2023-05-01,5,0.0,7.8,1.0,,0,0
SUP0209,2023-06-01,1,0.0,10.0,1.0,,0,0
SUP0209,2023-07-01,4,0.5,2.5,1.0,,0,0
SUP0209,2023-08-01,1,1.0,0.0,1.0,,0,0
SUP0209,2023-09-01,4,0.75,0.75,1.0,,0,0
SUP0209,2023-10-01,1,0.0,2.0,1.0,,0,0
SUP0209,2023-11-01,4,0.25,5.25,0.9639,,0,0
SUP0209,2023-12-01,2,0.5,5.0,1.0,,0,0
SUP0209,2024-01-01,2,0.0,12.0,1.0,,0,0
SUP0209,2024-02-01,2,0.0,6.0,1.0,,0,0
SUP0209,2024-03-01,5,0.2,5.6,1.0,,1,0
SUP0209,2024-04-01,2,0.0,7.0,1.0,,0,0
SUP0209,2024-07-01,1,0.0,0.0,0.2998,,0,0
SUP0209,2024-08-01,4,0.25,3.5,1.0,,0,0
SUP0209,2024-09-01,2,0.0,10.5,1.0,,0,0
SUP0209,2024-10-01,1,0.0,8.0,1.0,,0,0
SUP0209,2024-11-01,2,0.0,9.5,1.0,,0,0
SUP0209,2024-12-01,1,0.0,2.0,1.0,,0,0
SUP0209,2025-01-01,5,0.4,3.0,1.0,,0,0
SUP0209,2025-02-01,2,0.0,8.5,1.0,,0,0
SUP0209,2025-03-01,1,1.0,0.0,1.0,,0,0
SUP0209,2025-04-01,3,0.3333,5.333,1.0,,0,0
SUP0209,2025-05-01,1,0.0,5.0,1.0,,0,0
SUP0209,2025-06-01,1,0.0,4.0,1.0,,0,0
SUP0209,2025-07-01,3,0.3333,9.0,1.0,,0,0
SUP0209,2025-08-01,2,0.5,7.0,1.0,,0,0
SUP0209,2025-09-01,1,1.0,0.0,1.0,,0,0
SUP0209,2025-11-01,1,0.0,5.0,1.0,,0,0
SUP0209,2025-12-01,6,0.3333,4.0,0.7211,,0,0
SUP0210,2023-04-01,1,1.0,0.0,1.0,,0,0
SUP0210,2023-05-01,1,0.0,14.0,1.0,,0,0
SUP0210,2023-06-01,1,0.0,8.0,1.0,,0,0
SUP0210,2023-07-01,3,0.6667,1.0,1.0,,0,0
SUP0210,2023-08-01,1,0.0,7.0,1.0,,0,0
SUP0210,2023-09-01,2,0.0,5.0,1.0,,0,0
SUP0210,2023-11-01,1,0.0,13.0,1.0,,0,0
SUP0210,2023-12-01,5,0.2,8.6,1.0,,0,0
SUP0210,2024-01-01,2,0.0,3.5,1.0,,0,0
SUP0210,2024-02-01,1,0.0,3.0,1.0,,0,0
SUP0210,2024-03-01,2,0.5,6.0,1.0,,0,0
SUP0210,2024-04-01,1,0.0,11.0,1.0,,0,0
SUP0210,2024-05-01,2,0.5,3.0,1.0,,0,0
SUP0210,2024-06-01,4,0.25,4.75,1.0,,0,0
SUP0210,2024-07-01,1,0.0,11.0,0.1968,,0,0
SUP0210,2024-08-01,1,1.0,0.0,1.0,,0,0
SUP0210,2024-09-01,1,0.0,11.0,1.0,,0,0
SUP0210,2024-10-01,2,0.5,3.5,1.0,,0,0
SUP0210,2024-11-01,3,0.0,7.333,0.9378,,0,0
SUP0210,2024-12-01,5,0.2,4.6,1.0,,0,0
SUP0210,2025-01-01,3,0.0,12.0,1.0,,0,0
SUP0210,2025-02-01,2,0.0,4.5,0.4712,,0,0
SUP0210,2025-03-01,2,0.5,3.0,0.7105,,0,0
SUP0210,2025-04-01,1,0.0,0.0,0.6342,,0,0
SUP0210,2025-05-01,5,0.0,8.4,0.9178,,0,0
SUP0210,2025-06-01,5,0.0,4.4,0.8398,,0,0
SUP0210,2025-07-01,1,0.0,1.0,0.6961,,0,0
SUP0210,2025-08-01,2,0.0,6.5,0.8123,,0,0
SUP0210,2025-10-01,3,0.3333,6.0,0.8037,,0,0
SUP0210,2025-11-01,1,0.0,0.0,0.6742,,0,0
SUP0210,2025-12-01,1,0.0,0.0,0.8405,,0,0
SUP0211,2023-01-01,3,0.3333,4.333,1.0,,0,0
SUP0211,2023-02-01,4,0.0,7.0,1.0,,0,0
SUP0211,2023-03-01,1,0.0,9.0,1.0,,0,0
SUP0211,2023-04-01,3,0.0,9.333,1.0,,0,0
SUP0211,2023-05-01,2,1.0,0.0,1.0,,0,0
SUP0211,2023-06-01,1,0.0,2.0,1.0,,0,0
SUP0211,2023-07-01,1,1.0,0.0,1.0,,0,0
SUP0211,2023-08-01,2,0.0,1.5,0.643,,0,0
SUP0211,2023-09-01,2,0.0,3.5,1.0,,0,0
SUP0211,2023-10-01,1,1.0,0.0,1.0,,0,0
SUP0211,2023-11-01,2,0.5,7.0,1.0,,0,0
SUP0211,2023-12-01,2,0.0,6.0,1.0,,0,0
SUP0211,2024-01-01,1,0.0,13.0,1.0,,0,0
SUP0211,2024-02-01,2,0.5,0.5,1.0,,0,0
SUP0211,2024-03-01,4,0.25,4.5,1.0,,0,0
SUP0211,2024-04-01,2,0.0,5.5,1.0,,0,0
SUP0211,2024-05-01,1,1.0,0.0,1.0,,0,0
SUP0211,2024-07-01,4,0.0,7.25,1.0,,0,0
SUP0211,2024-08-01,1,0.0,5.0,1.0,,0,0
SUP0211,2024-09-01,1,0.0,4.0,1.0,,0,0
SUP0211,2024-10-01,4,0.5,5.5,1.0,,0,0
SUP0211,2024-11-01,3,0.0,8.0,0.9103,,0,0
SUP0211,2024-12-01,5,0.0,9.8,1.0,,1,0
SUP0211,2025-01-01,3,0.0,8.333,0.9297,,0,0
SUP0211,2025-02-01,1,0.0,5.0,1.0,,0,0
SUP0211,2025-04-01,3,0.6667,1.333,1.0,,0,0
SUP0211,2025-05-01,1,0.0,6.0,1.0,,0,0
SUP0211,2025-07-01,4,0.0,9.75,1.0,,0,0
SUP0211,2025-08-01,2,0.0,5.0,1.0,,0,0
SUP0211,2025-09-01,2,0.0,5.5,1.0,,0,0
SUP0211,2025-10-01,1,0.0,8.0,1.0,,0,0
SUP0212,2023-02-01,2,0.0,8.5,1.0,,0,0
SUP0212,2023-03-01,2,0.0,6.0,1.0,,0,0
SUP0212,2023-04-01,2,0.0,7.0,1.0,,0,0
SUP0212,2023-05-01,2,0.0,5.5,1.0,,0,0
SUP0212,2023-07-01,2,0.0,8.5,1.0,,0,0
SUP0212,2023-08-01,2,0.5,6.5,0.9553,,0,0
SUP0212,2023-09-01,1,0.0,6.0,1.0,,0,0
SUP0212,2023-10-01,2,0.0,3.5,1.0,,0,0
SUP0212,2023-12-01,1,0.0,3.0,1.0,,0,0
SUP0212,2024-01-01,3,0.3333,2.333,1.0,,0,0
SUP0212,2024-02-01,2,0.5,6.0,1.0,,0,0
SUP0212,2024-03-01,4,0.25,5.75,1.0,,0,0
SUP0212,2024-04-01,1,0.0,8.0,1.0,,0,0
SUP0212,2024-05-01,2,0.0,5.0,1.0,,0,0
SUP0212,2024-06-01,2,0.0,7.0,1.0,,0,0
SUP0212,2024-07-01,4,0.25,3.5,0.892,,0,0
SUP0212,2024-09-01,1,1.0,0.0,1.0,,0,0
SUP0212,2024-11-01,3,0.3333,8.333,1.0,,0,0
SUP0212,2025-01-01,2,0.5,5.5,1.0,,0,0
SUP0212,2025-02-01,2,0.5,4.5,1.0,,0,0
SUP0212,2025-03-01,3,0.0,6.333,0.8083,,0,0
SUP0212,2025-04-01,1,0.0,1.0,1.0,,0,0
SUP0212,2025-06-01,1,0.0,4.0,1.0,,0,0
SUP0212,2025-08-01,1,0.0,12.0,1.0,,0,0
SUP0212,2025-09-01,2,0.5,5.5,1.0,,0,0
SUP0212,2025-10-01,3,0.6667,3.667,1.0,,0,0
SUP0212,2025-12-01,3,0.0,8.0,0.3355,,0,0
SUP0213,2023-02-01,1,0.0,11.0,1.0,,0,0
SUP0213,2023-03-01,3,0.0,10.667,1.0,,0,0
SUP0213,2023-04-01,5,0.2,5.2,1.0,,0,0
SUP0213,2023-05-01,4,0.25,7.0,1.0,,0,0
SUP0213,2023-06-01,2,0.5,6.5,1.0,,0,0
SUP0213,2023-07-01,1,0.0,8.0,1.0,,0,0
SUP0213,2023-08-01,1,0.0,5.0,1.0,,0,0
SUP0213,2023-09-01,5,0.0,8.8,0.9942,,0,0
SUP0213,2023-10-01,1,0.0,0.0,0.2366,,0,0
SUP0213,2023-11-01,5,0.0,8.2,0.8833,,0,0
SUP0213,2023-12-01,1,1.0,0.0,1.0,,0,0
SUP0213,2024-02-01,4,0.25,4.75,0.7177,,0,0
SUP0213,2024-04-01,2,0.0,9.0,1.0,,0,0
SUP0213,2024-05-01,2,0.5,1.5,1.0,,0,0
SUP0213,2024-06-01,3,0.3333,3.667,1.0,,0,0
SUP0213,2024-07-01,2,0.5,6.0,1.0,,0,0
SUP0213,2024-09-01,1,0.0,14.0,1.0,,0,0
SUP0213,2024-10-01,1,0.0,3.0,1.0,,0,0
SUP0213,2024-11-01,2,0.0,7.0,1.0,,0,0
SUP0213,2024-12-01,2,0.5,7.0,1.0,,0,0
SUP0213,2025-01-01,1,0.0,6.0,1.0,,0,0
SUP0213,2025-02-01,4,0.0,7.0,1.0,,0,0
SUP0213,2025-04-01,1,1.0,0.0,1.0,,0,0
SUP0213,2025-05-01,1,0.0,7.0,1.0,,0,0
SUP0213,2025-07-01,4,0.25,8.75,0.9202,,1,0
SUP0213,2025-08-01,2,0.5,3.5,1.0,,0,0
SUP0213,2025-10-01,2,0.0,6.5,1.0,,0,0
SUP0213,2025-11-01,3,0.0,4.333,0.8224,,0,0
SUP0213,2025-12-01,5,0.2,5.0,0.5536,,0,0
SUP0214,2023-02-01,2,0.0,13.0,1.0,,0,0
SUP0214,2023-04-01,3,0.0,4.0,0.7631,,0,0
SUP0214,2023-05-01,3,0.3333,6.667,1.0,,0,0
SUP0214,2023-08-01,1,1.0,0.0,1.0,,0,0
SUP0214,2023-09-01,1,0.0,9.0,0.4469,,0,0
SUP0214,2023-10-01,2,0.0,3.5,1.0,,0,0
SUP0214,2023-11-01,1,1.0,0.0,1.0,,0,0
SUP0214,2024-01-01,2,0.5,6.0,0.4896,,0,0
SUP0214,2024-02-01,1,0.0,8.0,1.0,,0,0
SUP0214,2024-03-01,2,0.5,2.5,1.0,,0,0
SUP0214,2024-04-01,2,0.0,8.0,1.0,,0,0
SUP0214,2024-05-01,1,0.0,12.0,1.0,,0,0
SUP0214,2024-06-01,3,0.0,5.0,0.965,,0,0
SUP0214,2024-07-01,1,0.0,1.0,1.0,,0,0
SUP0214,2024-08-01,5,0.2,6.2,0.9867,,0,0
SUP0214,2024-09-01,4,0.0,8.25,1.0,,0,0
SUP0214,2024-10-01,3,0.0,13.0,1.0,,0,0
SUP0214,2024-11-01,5,0.4,5.4,1.0,,0,0
SUP0214,2024-12-01,2,0.0,8.5,1.0,,0,0
SUP0214,2025-01-01,3,0.3333,4.667,1.0,,0,0
SUP0214,2025-03-01,2,0.0,9.5,1.0,,0,0
SUP0214,2025-04-01,2,0.0,13.0,1.0,,0,0
SUP0214,2025-05-01,3,0.3333,7.667,1.0,,0,0
SUP0214,2025-06-01,3,0.0,8.0,1.0,,0,0
SUP0214,2025-07-01,3,0.3333,5.667,1.0,,0,0
SUP0214,2025-08-01,4,0.0,6.5,0.9516,,0,0
SUP0214,2025-09-01,1,1.0,0.0,1.0,,0,0
SUP0214,2025-10-01,1,0.0,11.0,1.0,,0,0
SUP0214,2025-11-01,2,0.0,8.0,1.0,,0,0
SUP0214,2025-12-01,3,0.0,4.0,0.6731,,0,0
SUP0215,2023-03-01,1,0.0,6.0,1.0,,0,0
SUP0215,2023-04-01,1,0.0,2.0,1.0,,0,0
SUP0215,2023-05-01,2,0.5,5.0,1.0,,0,0
SUP0215,2023-06-01,3,0.0,9.333,1.0,,0,0
SUP0215,2023-07-01,2,0.5,5.0,1.0,,0,0
SUP0215,2023-08-01,5,0.4,8.4,1.0,,0,0
SUP0215,2023-09-01,4,0.75,1.25,1.0,,0,0
SUP0215,2023-10-01,1,0.0,12.0,1.0,,0,0
SUP0215,2023-11-01,1,1.0,0.0,1.0,,0,0
SUP0215,2024-01-01,4,0.0,9.75,0.7605,,0,0
SUP0215,2024-02-01,1,0.0,12.0,1.0,,0,0
SUP0215,2024-03-01,4,0.0,5.5,1.0,,0,0
SUP0215,2024-04-01,4,0.0,7.5,1.0,,0,0
SUP0215,2024-05-01,4,0.25,7.5,1.0,,0,0
SUP0215,2024-06-01,3,0.3333,6.333,1.0,,0,0
SUP0215,2024-07-01,5,0.2,4.4,0.8698,,0,0
SUP0215,2024-08-01,1,0.0,8.0,1.0,,0,0
SUP0215,2024-09-01,1,0.0,11.0,1.0,,0,0
SUP0215,2024-10-01,4,0.25,5.0,1.0,,0,0
SUP0215,2024-11-01,2,0.5,4.0,1.0,,0,0
SUP0215,2024-12-01,4,0.25,4.0,1.0,,0,0
SUP0215,2025-01-01,4,0.0,9.5,1.0,,0,0
SUP0215,2025-02-01,1,0.0,12.0,0.2199,,0,0
SUP0215,2025-03-01,2,0.5,6.0,1.0,,0,0
SUP0215,2025-05-01,4,0.25,4.0,1.0,,0,0
SUP0215,2025-06-01,3,0.3333,3.0,1.0,,0,0
SUP0215,2025-07-01,1,0.0,12.0,1.0,,0,0
SUP0215,2025-08-01,3,0.0,7.333,1.0,,0,0
SUP0215,2025-09-01,2,0.0,10.0,1.0,,0,0
SUP0215,2025-10-01,3,0.0,9.0,1.0,,0,0
SUP0215,2025-11-01,3,0.3333,4.667,1.0,,0,0
SUP0215,2025-12-01,1,0.0,,0.0,,0,0
SUP0216,2023-03-01,2,0.0,9.5,1.0,,0,0
SUP0216,2023-05-01,1,0.0,7.0,1.0,,0,0
SUP0216,2023-06-01,2,0.5,2.5,1.0,,0,0
SUP0216,2023-07-01,2,0.5,0.5,1.0,,0,0
SUP0216,2023-08-01,5,0.0,8.8,1.0,,1,0
SUP0216,2023-09-01,1,0.0,2.0,1.0,,0,0
SUP0216,2023-10-01,2,0.5,4.0,1.0,,0,0
SUP0216,2023-11-01,5,0.0,10.2,1.0,,0,0
SUP0216,2023-12-01,1,0.0,1.0,1.0,,0,0
SUP0216,2024-01-01,1,0.0,13.0,1.0,,0,0
SUP0216,2024-02-01,5,0.0,7.0,0.8443,,0,0
SUP0216,2024-03-01,3,0.3333,4.667,1.0,,0,0
SUP0216,2024-04-01,1,0.0,9.0,1.0,,0,0
SUP0216,2024-05-01,1,0.0,1.0,1.0,,0,0
SUP0216,2024-06-01,2,0.0,9.0,0.9676,,0,0
SUP0216,2024-07-01,3,0.0,7.0,1.0,,0,0
SUP0216,2024-08-01,1,0.0,2.0,1.0,,0,0
SUP0216,2024-09-01,2,0.5,1.5,1.0,,0,0
SUP0216,2024-10-01,3,0.3333,3.333,1.0,,0,0
SUP0216,2024-11-01,1,0.0,13.0,1.0,,0,0
SUP0216,2024-12-01,3,0.0,5.667,1.0,,0,0
SUP0216,2025-01-01,2,0.5,6.0,1.0,,0,0
SUP0216,2025-02-01,2,0.0,10.0,1.0,,0,0
SUP0216,2025-03-01,2,0.0,10.0,1.0,,0,0
SUP0216,2025-05-01,7,0.1429,4.286,0.9128,,0,0
SUP0216,2025-06-01,3,0.0,7.0,1.0,,0,0
SUP0216,2025-07-01,1,0.0,1.0,1.0,,0,0
SUP0216,2025-08-01,2,0.0,7.5,1.0,,0,0
SUP0216,2025-09-01,5,0.0,7.2,1.0,,0,0
SUP0216,2025-10-01,4,0.25,5.25,1.0,,0,0
SUP0216,2025-12-01,5,0.0,3.5,0.3621,,0,0
SUP0217,2023-02-01,15,0.6,4.933,1.0,1558.4,0,0
SUP0217,2023-03-01,13,0.8462,0.462,1.0,6411.9,1,1
SUP0217,2023-04-01,15,0.7333,1.667,0.9821,0.0,0,0
SUP0217,2023-05-01,13,0.6154,4.923,1.0,0.0,1,1
SUP0217,2023-06-01,14,0.7143,3.143,1.0,5110.2,0,0
SUP0217,2023-07-01,16,0.8125,2.125,1.0,0.0,0,0
SUP0217,2023-08-01,12,0.75,1.833,0.9994,0.0,1,0
SUP0217,2023-09-01,21,0.619,2.714,0.9286,0.0,0,0
SUP0217,2023-10-01,18,0.7222,1.444,1.0,0.0,0,0
SUP0217,2023-11-01,14,0.5714,4.571,1.0,0.0,0,0
SUP0217,2023-12-01,12,0.75,1.667,0.9551,397.2,0,0
SUP0217,2024-01-01,14,0.5714,3.786,1.0,0.0,0,0
SUP0217,2024-02-01,13,0.6154,3.154,1.0,4103.0,0,0
SUP0217,2024-03-01,19,0.7368,2.632,0.9463,0.0,0,0
SUP0217,2024-04-01,18,0.4444,9.333,1.0,450.5,1,0
SUP0217,2024-05-01,14,0.6429,2.571,0.9996,8522.7,0,0
SUP0217,2024-06-01,13,0.8462,1.154,1.0,0.0,0,0
SUP0217,2024-07-01,11,0.8182,1.545,1.0,0.0,0,0
SUP0217,2024-08-01,17,0.5294,4.294,0.9999,0.0,0,0
SUP0217,2024-09-01,13,0.6923,1.615,0.9993,0.0,0,0
SUP0217,2024-10-01,12,0.5833,3.0,0.554,0.0,0,0
SUP0217,2024-11-01,11,0.7273,1.455,0.9995,0.0,1,0
SUP0217,2024-12-01,13,0.5385,9.385,1.0,1199.2,0,0
SUP0217,2025-01-01,14,0.5714,4.357,1.0,0.0,0,0
SUP0217,2025-02-01,16,0.5625,11.625,1.0,607.3,0,0
SUP0217,2025-03-01,18,0.6111,4.556,1.0,171.7,0,0
SUP0217,2025-04-01,14,0.5714,5.643,0.9916,0.0,0,0
SUP0217,2025-05-01,11,0.6364,2.636,1.0,0.0,0,0
SUP0217,2025-06-01,13,0.7692,0.538,1.0,1214.4,0,0
SUP0217,2025-07-01,15,0.8,2.333,1.0,0.0,0,0
SUP0217,2025-08-01,16,0.75,5.0,1.0,0.0,0,0
SUP0217,2025-09-01,15,0.8,3.4,1.0,649.4,0,0
SUP0217,2025-10-01,13,0.6154,2.538,0.9999,0.0,0,0
SUP0217,2025-11-01,10,1.0,0.0,1.0,0.0,0,0
SUP0217,2025-12-01,13,0.6923,2.0,0.4704,5600.0,0,0
SUP0218,2023-01-01,3,0.3333,3.667,1.0,,0,0
SUP0218,2023-02-01,2,0.0,7.0,1.0,,0,0
SUP0218,2023-03-01,2,0.0,7.0,1.0,,0,0
SUP0218,2023-04-01,2,0.0,3.0,1.0,,0,0
SUP0218,2023-05-01,1,1.0,0.0,1.0,,0,0
SUP0218,2023-06-01,1,0.0,1.0,1.0,,0,0
SUP0218,2023-07-01,2,0.0,14.0,1.0,,0,0
SUP0218,2023-08-01,1,0.0,6.0,1.0,,0,0
SUP0218,2023-09-01,4,0.75,1.25,0.8041,,0,0
SUP0218,2023-10-01,1,0.0,11.0,1.0,,0,0
SUP0218,2023-11-01,1,0.0,9.0,1.0,,0,0
SUP0218,2023-12-01,2,1.0,0.0,1.0,,0,0
SUP0218,2024-01-01,3,0.3333,2.667,1.0,,0,0
SUP0218,2024-02-01,1,0.0,13.0,1.0,,0,0
SUP0218,2024-03-01,4,0.0,8.75,1.0,,0,0
SUP0218,2024-06-01,2,1.0,0.0,1.0,,0,0
SUP0218,2024-07-01,1,0.0,8.0,1.0,,0,0
SUP0218,2024-08-01,3,0.3333,1.333,1.0,,0,0
SUP0218,2024-09-01,1,0.0,6.0,1.0,,0,0
SUP0218,2024-10-01,3,0.0,10.667,1.0,,0,0
SUP0218,2024-11-01,1,0.0,6.0,1.0,,0,0
SUP0218,2024-12-01,2,0.0,4.0,1.0,,0,0
SUP0218,2025-01-01,5,0.2,4.8,1.0,,0,0
SUP0218,2025-02-01,4,0.0,7.25,1.0,,0,0
SUP0218,2025-03-01,2,0.0,10.5,1.0,,0,0
SUP0218,2025-04-01,2,0.5,7.0,1.0,,0,0
SUP0218,2025-07-01,3,0.6667,3.667,1.0,,0,0
SUP0218,2025-09-01,1,1.0,0.0,1.0,,0,0
SUP0218,2025-10-01,2,0.5,5.5,1.0,,0,0
SUP0218,2025-11-01,2,0.0,8.0,0.8933,,1,0
SUP0218,2025-12-01,1,0.0,,0.0,,0,0
SUP0219,2023-02-01,8,0.5,9.375,0.0973,0.0,0,0
SUP0219,2023-03-01,17,0.7059,5.353,1.0,0.0,0,0
SUP0219,2023-04-01,12,0.5,3.5,1.0,0.0,0,0
SUP0219,2023-05-01,18,0.5556,4.778,1.0,0.0,0,0
SUP0219,2023-06-01,17,0.5882,2.765,0.9309,0.0,1,0
SUP0219,2023-07-01,22,0.5455,3.682,1.0,0.0,0,0
SUP0219,2023-08-01,18,0.8889,0.111,1.0,0.0,0,0
SUP0219,2023-09-01,15,0.6,2.733,0.9998,0.0,0,0
SUP0219,2023-10-01,21,0.5714,2.286,0.9999,3339.9,0,0
SUP0219,2023-11-01,11,0.7273,6.0,1.0,4000.5,0,0
SUP0219,2023-12-01,13,0.6923,2.154,1.0,0.0,0,0
SUP0219,2024-01-01,16,0.8125,2.875,1.0,0.0,0,0
SUP0219,2024-02-01,13,0.5385,5.077,0.9994,2210.0,0,0
SUP0219,2024-03-01,19,0.6842,4.158,1.0,2635.8,0,0
SUP0219,2024-04-01,16,0.875,0.812,1.0,0.0,0,0
SUP0219,2024-05-01,15,0.7333,2.2,1.0,0.0,0,0
SUP0219,2024-06-01,9,0.6667,8.667,0.3576,0.0,0,0
SUP0219,2024-07-01,15,0.5333,11.2,1.0,0.0,0,0
SUP0219,2024-08-01,18,0.6667,6.444,1.0,7910.3,0,0
SUP0219,2024-09-01,13,0.4615,6.0,1.0,0.0,0,0
SUP0219,2024-10-01,17,0.6471,1.588,0.8539,0.0,0,0
SUP0219,2024-11-01,15,0.2667,8.133,0.9999,0.0,0,0
SUP0219,2024-12-01,11,0.9091,0.364,1.0,1468.9,0,0
SUP0219,2025-01-01,16,0.75,4.0,1.0,1632.1,0,0
SUP0219,2025-02-01,13,0.6154,2.615,1.0,0.0,0,0
SUP0219,2025-03-01,9,0.6667,4.889,1.0,1495.3,0,0
SUP0219,2025-04-01,15,0.6667,6.6,1.0,0.0,0,0
SUP0219,2025-05-01,11,0.5455,7.182,1.0,0.0,0,0
SUP0219,2025-06-01,15,0.3333,7.667,1.0,0.0,0,0
SUP0219,2025-07-01,18,0.8333,1.111,1.0,0.0,0,0
SUP0219,2025-08-01,16,0.75,3.062,0.7343,6170.1,0,0
SUP0219,2025-09-01,16,0.75,3.125,1.0,0.0,0,0
SUP0219,2025-10-01,14,0.7143,1.857,0.9993,0.0,0,0
SUP0219,2025-11-01,13,0.7692,0.769,1.0,0.0,0,0
SUP0219,2025-12-01,13,0.5385,1.455,0.4274,0.0,0,0
SUP0220,2023-01-01,1,0.0,11.0,0.9489,,0,0
SUP0220,2023-02-01,1,0.0,7.0,0.7048,,0,0
SUP0220,2023-04-01,1,0.0,2.0,1.0,,1,0
SUP0220,2023-05-01,6,0.0,5.167,0.9569,,0,0
SUP0220,2023-06-01,4,0.0,7.75,0.9438,,0,0
SUP0220,2023-07-01,1,1.0,0.0,1.0,,0,0
SUP0220,2023-08-01,2,0.0,7.5,1.0,,0,0
SUP0220,2023-09-01,3,0.3333,8.667,0.9281,,0,0
SUP0220,2023-10-01,3,0.0,3.667,1.0,,0,0
SUP0220,2023-11-01,4,0.0,5.25,1.0,,0,0
SUP0220,2024-01-01,5,0.2,6.2,1.0,,0,0
SUP0220,2024-03-01,3,0.3333,2.333,1.0,,0,0
SUP0220,2024-05-01,1,0.0,10.0,1.0,,0,0
SUP0220,2024-06-01,2,0.0,6.0,1.0,,0,0
SUP0220,2024-07-01,2,0.0,9.5,1.0,,0,0
SUP0220,2024-08-01,1,0.0,8.0,1.0,,0,0
SUP0220,2024-09-01,1,1.0,0.0,1.0,,0,0
SUP0220,2024-10-01,2,0.0,2.5,1.0,,0,0
SUP0220,2024-12-01,1,1.0,0.0,1.0,,0,0
SUP0220,2025-01-01,4,0.0,12.75,1.0,,0,0
SUP0220,2025-02-01,5,0.4,2.8,1.0,,0,0
SUP0220,2025-03-01,5,0.0,3.6,1.0,,0,0
SUP0220,2025-04-01,4,0.0,9.75,1.0,,0,0
SUP0220,2025-05-01,3,0.0,9.333,1.0,,0,0
SUP0220,2025-06-01,2,0.5,4.0,1.0,,0,0
SUP0220,2025-07-01,2,0.5,4.5,1.0,,0,0
SUP0220,2025-08-01,4,0.0,8.25,1.0,,0,0
SUP0220,2025-09-01,1,0.0,3.0,1.0,,0,0
SUP0220,2025-10-01,2,1.0,0.0,1.0,,0,0
SUP0220,2025-11-01,3,0.0,8.5,0.8612,,0,0
SUP0221,2023-01-01,1,0.0,5.0,1.0,,0,0
SUP0221,2023-03-01,2,0.5,4.0,1.0,,0,0
SUP0221,2023-04-01,1,0.0,10.0,1.0,,0,0
SUP0221,2023-05-01,1,0.0,8.0,1.0,,0,0
SUP0221,2023-06-01,3,0.3333,3.333,1.0,,0,0
SUP0221,2023-07-01,3,0.0,8.333,1.0,,0,0
SUP0221,2023-08-01,4,0.0,6.75,1.0,,0,0
SUP0221,2023-09-01,1,0.0,8.0,1.0,,0,0
SUP0221,2023-10-01,5,0.2,8.8,0.8754,,0,0
SUP0221,2023-11-01,3,0.6667,4.0,1.0,,0,0
SUP0221,2023-12-01,3,0.3333,6.0,1.0,,0,0
SUP0221,2024-01-01,1,0.0,6.0,1.0,,0,0
SUP0221,2024-02-01,4,0.25,6.25,1.0,,0,0
SUP0221,2024-03-01,1,0.0,13.0,1.0,,0,0
SUP0221,2024-04-01,3,0.0,6.667,0.8302,,0,0
SUP0221,2024-05-01,2,0.5,3.5,1.0,,0,0
SUP0221,2024-06-01,2,0.0,7.5,1.0,,0,0
SUP0221,2024-07-01,2,0.0,7.5,1.0,,0,0
SUP0221,2024-08-01,2,0.5,3.0,1.0,,0,0
SUP0221,2024-09-01,2,0.5,3.5,1.0,,0,0
SUP0221,2024-10-01,1,0.0,14.0,1.0,,0,0
SUP0221,2024-11-01,2,0.0,5.5,1.0,,0,0
SUP0221,2024-12-01,2,0.0,5.5,1.0,,0,0
SUP0221,2025-03-01,2,0.0,13.0,1.0,,0,0
SUP0221,2025-04-01,2,0.0,3.5,1.0,,0,0
SUP0221,2025-05-01,1,0.0,12.0,1.0,,0,0
SUP0221,2025-06-01,2,0.0,7.5,1.0,,0,0
SUP0221,2025-07-01,2,0.5,3.5,1.0,,0,0
SUP0221,2025-08-01,5,0.2,8.4,1.0,,0,0
SUP0221,2025-09-01,2,0.0,1.5,0.7772,,0,0
SUP0221,2025-10-01,1,0.0,5.0,1.0,,0,0
SUP0221,2025-11-01,3,0.0,7.5,0.6207,,0,0
SUP0221,2025-12-01,1,0.0,,0.0,,0,0
SUP0222,2023-02-01,1,0.0,10.0,1.0,,0,0
SUP0222,2023-04-01,3,0.0,8.333,1.0,,0,0
SUP0222,2023-05-01,2,0.0,9.0,1.0,,0,0
SUP0222,2023-06-01,2,0.0,11.5,0.8806,,0,0
SUP0222,2023-07-01,2,0.0,6.5,1.0,,0,0
SUP0222,2023-08-01,2,0.0,11.0,1.0,,0,0
SUP0222,2023-10-01,5,0.4,5.4,1.0,,0,0
SUP0222,2023-11-01,1,1.0,0.0,1.0,,0,0
SUP0222,2023-12-01,1,0.0,14.0,0.6093,,0,0
SUP0222,2024-01-01,1,0.0,7.0,1.0,,0,0
SUP0222,2024-02-01,1,0.0,3.0,1.0,,0,0
SUP0222,2024-04-01,3,0.0,12.0,1.0,,0,0
SUP0222,2024-05-01,3,0.0,9.667,1.0,,0,0
SUP0222,2024-07-01,3,0.3333,3.333,1.0,,0,0
SUP0222,2024-08-01,3,0.0,6.667,1.0,,0,0
SUP0222,2024-09-01,2,0.0,8.0,1.0,,0,0
SUP0222,2024-10-01,1,0.0,9.0,1.0,,0,0
SUP0222,2024-11-01,2,0.0,6.0,1.0,,0,0
SUP0222,2024-12-01,2,0.5,2.0,1.0,,0,0
SUP0222,2025-01-01,1,0.0,3.0,1.0,,0,0
SUP0222,2025-02-01,1,0.0,14.0,1.0,,0,0
SUP0222,2025-03-01,3,0.3333,7.667,1.0,,0,0
SUP0222,2025-05-01,2,0.0,6.5,1.0,,0,0
SUP0222,2025-06-01,3,0.3333,3.667,1.0,,0,0
SUP0222,2025-07-01,2,0.0,7.0,1.0,,0,0
SUP0222,2025-08-01,3,0.6667,1.667,1.0,,0,0
SUP0222,2025-11-01,3,0.0,10.333,1.0,,0,0
SUP0222,2025-12-01,5,0.2,1.5,0.292,,0,0
SUP0223,2023-02-01,5,0.0,7.6,1.0,0.0,0,0
SUP0223,2023-03-01,7,0.8571,1.143,1.0,0.0,0,0
SUP0223,2023-04-01,14,0.8571,0.643,0.9995,7221.7,0,0
SUP0223,2023-05-01,16,0.8125,0.812,1.0,0.0,0,0
SUP0223,2023-06-01,15,0.6,3.2,1.0,0.0,0,0
SUP0223,2023-07-01,9,0.8889,0.667,1.0,0.0,0,0
SUP0223,2023-08-01,9,0.7778,6.333,1.0,4323.1,2,2
SUP0223,2023-09-01,10,0.7,4.6,1.0,0.0,0,0
SUP0223,2023-10-01,10,0.1,7.0,1.0,7690.4,0,0
SUP0223,2023-11-01,10,0.5,7.3,1.0,0.0,0,0
SUP0223,2023-12-01,8,0.75,2.125,1.0,0.0,0,0
SUP0223,2024-01-01,11,1.0,0.0,1.0,0.0,0,0
SUP0223,2024-02-01,14,0.2857,6.143,0.966,0.0,0,0
SUP0223,2024-03-01,11,0.8182,1.909,1.0,0.0,0,0
SUP0223,2024-04-01,10,0.8,2.2,1.0,0.0,0,0
SUP0223,2024-05-01,9,0.7778,2.222,1.0,0.0,0,0
SUP0223,2024-06-01,5,1.0,0.0,1.0,0.0,0,0
SUP0223,2024-07-01,11,0.8182,2.182,1.0,0.0,0,0
SUP0223,2024-08-01,11,0.7273,2.818,0.3507,0.0,0,0
SUP0223,2024-09-01,8,0.75,4.125,1.0,1422.8,2,2
SUP0223,2024-10-01,12,0.0,13.25,0.8564,0.0,1,1
SUP0223,2024-11-01,12,0.5,7.417,1.0,0.0,0,0
SUP0223,2024-12-01,12,0.9167,0.167,1.0,0.0,0,0
SUP0223,2025-01-01,10,0.7,3.4,1.0,0.0,0,0
SUP0223,2025-02-01,9,0.2222,5.333,1.0,0.0,0,0
SUP0223,2025-03-01,8,0.875,0.75,1.0,9083.0,0,0
SUP0223,2025-04-01,8,0.875,0.5,1.0,5903.0,0,0
SUP0223,2025-05-01,12,0.8333,0.667,1.0,0.0,0,0
SUP0223,2025-06-01,14,0.6429,3.214,0.8709,0.0,0,0
SUP0223,2025-07-01,12,0.75,1.167,1.0,0.0,2,1
SUP0223,2025-08-01,6,0.0,13.5,1.0,0.0,2,1
SUP0223,2025-09-01,12,0.25,9.583,1.0,0.0,0,0
SUP0223,2025-10-01,7,0.8571,1.0,1.0,0.0,0,0
SUP0223,2025-11-01,13,0.8462,1.077,0.7694,0.0,0,0
SUP0223,2025-12-01,11,0.8182,1.909,1.0,0.0,0,0
SUP0224,2023-01-01,1,0.0,1.0,1.0,,0,0
SUP0224,2023-02-01,2,0.5,2.0,1.0,,0,0
SUP0224,2023-04-01,2,0.5,4.5,1.0,,0,0
SUP0224,2023-05-01,2,0.5,5.0,1.0,,0,0
SUP0224,2023-06-01,3,0.0,3.333,1.0,,0,0
SUP0224,2023-07-01,2,0.0,6.5,1.0,,0,0
SUP0224,2023-08-01,3,0.0,11.667,1.0,,0,0
SUP0224,2023-09-01,3,0.3333,8.333,1.0,,0,0
SUP0224,2023-11-01,2,0.5,1.5,1.0,,0,0
SUP0224,2023-12-01,1,1.0,0.0,1.0,,0,0
SUP0224,2024-01-01,3,0.3333,6.0,1.0,,0,0
SUP0224,2024-02-01,2,0.0,8.5,1.0,,0,0
SUP0224,2024-03-01,4,0.0,7.75,1.0,,0,0
SUP0224,2024-04-01,3,0.0,2.667,0.9952,,0,0
SUP0224,2024-05-01,5,0.2,9.0,0.8947,,0,0
SUP0224,2024-06-01,2,0.0,7.0,1.0,,0,0
SUP0224,2024-07-01,1,0.0,5.0,1.0,,0,0
SUP0224,2024-08-01,1,1.0,0.0,1.0,,0,0
SUP0224,2024-09-01,2,0.5,7.0,1.0,,0,0
SUP0224,2024-10-01,2,0.0,10.5,1.0,,0,0
SUP0224,2024-11-01,2,0.0,4.5,1.0,,0,0
SUP0224,2024-12-01,2,1.0,0.0,1.0,,0,0
SUP0224,2025-02-01,1,0.0,4.0,1.0,,0,0
SUP0224,2025-03-01,2,0.0,7.5,1.0,,0,0
SUP0224,2025-04-01,1,1.0,0.0,1.0,,0,0
SUP0224,2025-05-01,4,0.25,5.25,1.0,,0,0
SUP0224,2025-06-01,4,0.25,5.5,1.0,,0,0
SUP0224,2025-07-01,2,0.5,1.5,1.0,,0,0
SUP0224,2025-08-01,1,0.0,4.0,1.0,,0,0
SUP0224,2025-09-01,3,0.0,6.0,1.0,,0,0
SUP0224,2025-11-01,1,0.0,11.0,1.0,,0,0
SUP0224,2025-12-01,3,0.0,,0.0,,0,0
SUP0225,2023-01-01,2,1.0,0.0,1.0,,0,0
SUP0225,2023-03-01,3,0.3333,6.667,1.0,,1,0
SUP0225,2023-04-01,3,0.0,8.333,1.0,,0,0
SUP0225,2023-06-01,5,0.4,4.6,1.0,,0,0
SUP0225,2023-08-01,2,0.0,9.0,1.0,,0,0
SUP0225,2023-09-01,5,0.0,7.8,1.0,,0,0
SUP0225,2023-11-01,4,0.25,5.25,1.0,,0,0
SUP0225,2023-12-01,4,0.25,7.75,1.0,,0,0
SUP0225,2024-02-01,2,0.5,2.5,1.0,,0,0
SUP0225,2024-03-01,3,0.3333,7.667,1.0,,0,0
SUP0225,2024-04-01,1,0.0,13.0,1.0,,0,0
SUP0225,2024-06-01,2,0.5,4.5,1.0,,0,0
SUP0225,2024-07-01,2,0.5,3.0,1.0,,0,0
SUP0225,2024-08-01,3,0.3333,5.667,1.0,,0,0
SUP0225,2024-09-01,3,0.3333,5.0,0.4298,,0,0
SUP0225,2024-10-01,1,0.0,3.0,1.0,,0,0
SUP0225,2024-11-01,3,0.0,10.667,1.0,,0,0
SUP0225,2025-01-01,1,0.0,9.0,1.0,,0,0
SUP0225,2025-02-01,1,1.0,0.0,1.0,,0,0
SUP0225,2025-03-01,2,0.0,6.5,1.0,,0,0
SUP0225,2025-04-01,2,0.0,10.0,1.0,,0,0
SUP0225,2025-05-01,3,0.6667,2.667,1.0,,0,0
SUP0225,2025-06-01,2,0.0,7.5,1.0,,0,0
SUP0225,2025-07-01,1,1.0,0.0,1.0,,0,0
SUP0225,2025-08-01,2,0.5,1.5,1.0,,0,0
SUP0225,2025-09-01,2,0.0,7.5,0.9051,,0,0
SUP0225,2025-11-01,2,0.0,9.0,0.8253,,0,0
SUP0225,2025-12-01,2,0.0,,0.0,,0,0
SUP0226,2023-02-01,4,0.75,0.25,1.0,0.0,0,0
SUP0226,2023-03-01,3,0.3333,6.0,1.0,0.0,0,0
SUP0226,2023-04-01,7,0.7143,2.286,1.0,0.0,0,0
SUP0226,2023-05-01,6,0.0,8.667,0.9891,0.0,0,0
SUP0226,2023-06-01,4,1.0,0.0,1.0,0.0,0,0
SUP0226,2023-07-01,3,0.6667,1.0,1.0,0.0,0,0
SUP0226,2023-08-01,5,0.2,17.0,1.0,0.0,0,0
SUP0226,2023-09-01,3,0.6667,2.0,1.0,0.0,0,0
SUP0226,2023-10-01,7,0.4286,7.571,1.0,0.0,0,0
SUP0226,2023-11-01,6,0.3333,6.667,1.0,0.0,0,0
SUP0226,2023-12-01,7,0.2857,5.857,1.0,0.0,0,0
SUP0226,2024-01-01,1,1.0,0.0,1.0,0.0,1,1
SUP0226,2024-02-01,5,0.8,1.2,1.0,0.0,0,0
SUP0226,2024-03-01,4,0.75,0.5,1.0,0.0,0,0
SUP0226,2024-04-01,3,0.0,5.667,1.0,0.0,0,0
SUP0226,2024-05-01,6,0.0,5.667,1.0,0.0,0,0
SUP0226,2024-06-01,4,0.5,2.25,1.0,0.0,0,0
SUP0226,2024-07-01,2,1.0,0.0,1.0,0.0,0,0
SUP0226,2024-08-01,4,0.5,1.25,0.9606,0.0,0,0
SUP0226,2024-09-01,3,0.0,36.667,1.0,0.0,0,0
SUP0226,2024-10-01,2,0.0,23.0,1.0,0.0,0,0
SUP0226,2024-11-01,5,0.4,13.4,1.0,0.0,1,1
SUP0226,2024-12-01,7,0.5714,5.571,1.0,0.0,0,0
SUP0226,2025-01-01,10,0.7,1.9,0.7163,0.0,0,0
SUP0226,2025-02-01,9,0.3333,9.0,1.0,0.0,1,1
SUP0226,2025-03-01,4,0.75,4.0,1.0,0.0,0,0
SUP0226,2025-04-01,7,0.8571,1.571,1.0,0.0,0,0
SUP0226,2025-05-01,8,0.625,17.0,1.0,0.0,0,0
SUP0226,2025-06-01,7,0.4286,5.571,1.0,0.0,0,0
SUP0226,2025-07-01,6,0.5,5.167,1.0,0.0,0,0
SUP0226,2025-08-01,6,0.5,6.833,1.0,0.0,0,0
SUP0226,2025-09-01,6,0.6667,2.0,0.9989,0.0,0,0
SUP0226,2025-10-01,9,0.6667,8.111,0.8023,2473.7,1,1
SUP0226,2025-11-01,10,0.5,7.2,0.5928,0.0,0,0
SUP0226,2025-12-01,10,0.3,5.143,0.641,0.0,0,0
SUP0227,2023-02-01,16,0.625,2.062,0.9999,5428.1,0,0
SUP0227,2023-03-01,22,0.6818,3.227,0.9995,132.6,0,0
SUP0227,2023-04-01,12,0.5833,2.917,1.0,0.0,0,0
SUP0227,2023-05-01,17,0.7059,2.294,0.9996,0.0,0,0
SUP0227,2023-06-01,19,0.7368,1.579,1.0,0.0,0,0
SUP0227,2023-07-01,19,0.6316,3.737,0.9997,5722.2,0,0
SUP0227,2023-08-01,18,0.5,5.056,0.9997,0.0,0,0
SUP0227,2023-09-01,17,0.5294,10.235,1.0,0.0,0,0
SUP0227,2023-10-01,15,0.4,7.4,1.0,0.0,0,0
SUP0227,2023-11-01,10,0.7,3.8,1.0,0.0,0,0
SUP0227,2023-12-01,19,0.6316,5.211,0.9999,1079.9,0,0
SUP0227,2024-01-01,16,0.375,8.312,0.9989,1425.1,0,0
SUP0227,2024-02-01,14,0.7143,2.429,1.0,0.0,0,0
SUP0227,2024-03-01,13,0.6154,5.308,0.9361,0.0,0,0
SUP0227,2024-04-01,19,0.3684,4.789,0.9997,0.0,0,0
SUP0227,2024-05-01,13,0.6923,1.769,0.997,0.0,0,0
SUP0227,2024-06-01,12,0.75,2.333,1.0,0.0,0,0
SUP0227,2024-07-01,10,0.7,2.3,1.0,0.0,0,0
SUP0227,2024-08-01,12,0.5833,2.0,0.9996,0.0,0,0
SUP0227,2024-09-01,13,0.6154,3.154,0.4964,0.0,0,0
SUP0227,2024-10-01,13,0.5385,3.0,0.8551,0.0,0,0
SUP0227,2024-11-01,16,0.5625,3.688,1.0,4340.6,0,0
SUP0227,2024-12-01,16,0.5625,7.375,0.9998,0.0,1,1
SUP0227,2025-01-01,22,0.5909,3.409,1.0,0.0,0,0
SUP0227,2025-02-01,13,0.8462,1.692,1.0,0.0,0,0
SUP0227,2025-03-01,18,0.6111,6.056,0.9998,4389.6,0,0
SUP0227,2025-04-01,16,0.375,3.812,0.8452,0.0,0,0
SUP0227,2025-05-01,15,0.3333,6.667,0.9998,0.0,0,0
SUP0227,2025-06-01,11,0.4545,5.727,1.0,0.0,1,1
SUP0227,2025-07-01,13,0.4615,4.615,0.9999,0.0,0,0
SUP0227,2025-08-01,22,0.4091,5.955,0.8857,0.0,0,0
SUP0227,2025-09-01,12,0.8333,0.75,1.0,0.0,1,1
SUP0227,2025-10-01,12,0.75,2.917,1.0,3742.2,0,0
SUP0227,2025-11-01,17,0.5882,3.235,1.0,3100.5,0,0
SUP0227,2025-12-01,11,0.9091,0.727,1.0,0.0,0,0
SUP0228,2023-02-01,3,0.0,7.667,1.0,,0,0
SUP0228,2023-03-01,4,0.0,3.75,0.9998,9196.7,0,0
SUP0228,2023-04-01,2,0.5,6.0,1.0,0.0,0,0
SUP0228,2023-05-01,4,0.25,9.75,1.0,0.0,0,0
SUP0228,2023-06-01,4,0.25,9.0,1.0,,0,0
SUP0228,2023-07-01,6,0.5,5.167,1.0,0.0,0,0
SUP0228,2023-08-01,6,0.3333,5.833,0.9995,0.0,1,1
SUP0228,2023-09-01,2,0.0,16.0,1.0,0.0,0,0
SUP0228,2023-10-01,1,1.0,0.0,1.0,0.0,0,0
SUP0228,2023-11-01,3,0.3333,8.333,1.0,0.0,0,0
SUP0228,2023-12-01,7,0.4286,5.143,0.9329,0.0,1,0
SUP0228,2024-01-01,5,0.2,6.6,1.0,0.0,0,0
SUP0228,2024-02-01,1,0.0,7.0,1.0,,0,0
SUP0228,2024-03-01,4,0.75,0.5,1.0,0.0,0,0
SUP0228,2024-04-01,1,1.0,0.0,1.0,0.0,0,0
SUP0228,2024-05-01,5,0.6,10.4,1.0,0.0,0,0
SUP0228,2024-06-01,3,0.0,7.667,1.0,0.0,0,0
SUP0228,2024-07-01,4,0.25,8.5,1.0,0.0,0,0
SUP0228,2024-08-01,1,0.0,13.0,1.0,,0,0
SUP0228,2024-10-01,3,0.6667,3.667,1.0,0.0,0,0
SUP0228,2024-11-01,3,0.3333,6.0,1.0,0.0,0,0
SUP0228,2024-12-01,3,0.3333,7.667,1.0,,1,0
SUP0228,2025-01-01,5,0.4,9.4,1.0,0.0,0,0
SUP0228,2025-02-01,3,0.3333,6.0,1.0,0.0,0,0
SUP0228,2025-03-01,2,1.0,0.0,1.0,0.0,0,0
SUP0228,2025-05-01,2,0.0,8.0,1.0,,0,0
SUP0228,2025-06-01,4,0.25,6.5,0.9663,,0,0
SUP0228,2025-07-01,1,0.0,2.0,1.0,,0,0
SUP0228,2025-08-01,3,0.3333,4.333,0.728,,0,0
SUP0228,2025-09-01,1,0.0,0.0,0.2948,,0,0
SUP0228,2025-10-01,2,0.5,3.0,1.0,,0,0
SUP0228,2025-11-01,2,0.0,7.0,1.0,,0,0
SUP0228,2025-12-01,6,0.0,8.25,0.5517,,0,0
SUP0229,2023-02-01,1,0.0,8.0,1.0,,0,0
SUP0229,2023-03-01,2,0.0,2.5,1.0,,0,0
SUP0229,2023-04-01,2,0.5,1.5,1.0,,0,0
SUP0229,2023-05-01,2,0.5,6.0,1.0,,0,0
SUP0229,2023-06-01,3,0.0,8.0,1.0,,0,0
SUP0229,2023-07-01,1,1.0,0.0,1.0,,0,0
SUP0229,2023-08-01,2,0.0,5.0,1.0,,0,0
SUP0229,2023-10-01,1,0.0,9.0,1.0,,0,0
SUP0229,2023-11-01,1,0.0,13.0,1.0,,0,0
SUP0229,2023-12-01,3,0.0,10.667,1.0,,0,0
SUP0229,2024-01-01,1,0.0,8.0,1.0,,0,0
SUP0229,2024-03-01,3,0.3333,5.667,1.0,,0,0
SUP0229,2024-05-01,3,0.3333,2.0,1.0,,0,0
SUP0229,2024-06-01,3,0.3333,4.667,0.9216,,0,0
SUP0229,2024-07-01,4,0.0,9.75,1.0,,0,0
SUP0229,2024-08-01,3,0.0,6.667,0.5532,,0,0
SUP0229,2024-10-01,1,0.0,8.0,1.0,,0,0
SUP0229,2024-11-01,1,1.0,0.0,1.0,,0,0
SUP0229,2024-12-01,1,0.0,2.0,1.0,,0,0
SUP0229,2025-01-01,2,0.5,7.0,1.0,,0,0
SUP0229,2025-02-01,1,0.0,0.0,0.3487,,0,0
SUP0229,2025-04-01,4,0.0,7.25,0.9042,,0,0
SUP0229,2025-05-01,4,0.25,2.5,1.0,,0,0
SUP0229,2025-06-01,1,0.0,3.0,1.0,,0,0
SUP0229,2025-07-01,1,1.0,0.0,1.0,,0,0
SUP0229,2025-08-01,3,0.3333,1.333,1.0,,0,0
SUP0229,2025-10-01,1,0.0,3.0,1.0,,0,0
SUP0229,2025-12-01,1,0.0,,0.0,,0,0
SUP0230,2023-01-01,2,0.0,5.5,1.0,,0,0
SUP0230,2023-02-01,2,0.0,4.5,1.0,,0,0
SUP0230,2023-03-01,2,0.0,5.5,0.7399,,0,0
SUP0230,2023-04-01,3,0.0,6.333,0.8522,,0,0
SUP0230,2023-05-01,2,0.0,8.5,1.0,,0,0
SUP0230,2023-06-01,2,0.5,0.5,1.0,,0,0
SUP0230,2023-07-01,4,0.25,3.25,0.9344,,0,0
SUP0230,2023-08-01,3,0.3333,7.333,1.0,,1,0
SUP0230,2023-09-01,1,0.0,2.0,1.0,,0,0
SUP0230,2023-10-01,2,1.0,0.0,1.0,,0,0
SUP0230,2023-11-01,2,0.5,5.5,1.0,,0,0
SUP0230,2023-12-01,2,0.5,5.0,1.0,,0,0
SUP0230,2024-01-01,1,1.0,0.0,1.0,,1,1
SUP0230,2024-02-01,2,0.5,7.0,1.0,,0,0
SUP0230,2024-03-01,2,0.5,5.5,0.8771,,0,0
SUP0230,2024-04-01,3,0.0,8.667,1.0,,0,0
SUP0230,2024-07-01,1,1.0,0.0,1.0,,0,0
SUP0230,2024-08-01,1,0.0,10.0,1.0,,0,0
SUP0230,2024-09-01,1,0.0,3.0,1.0,,0,0
SUP0230,2024-10-01,1,1.0,0.0,1.0,,0,0
SUP0230,2024-11-01,2,0.5,2.5,1.0,,0,0
SUP0230,2024-12-01,3,0.0,8.0,0.8452,,0,0
SUP0230,2025-01-01,1,0.0,9.0,1.0,,0,0
SUP0230,2025-03-01,2,0.0,10.0,1.0,,0,0
SUP0230,2025-04-01,3,0.3333,5.0,1.0,,0,0
SUP0230,2025-05-01,1,0.0,4.0,1.0,,0,0
SUP0230,2025-06-01,2,0.0,6.5,1.0,,0,0
SUP0230,2025-07-01,2,0.0,6.5,1.0,,0,0
SUP0230,2025-08-01,2,0.0,6.0,1.0,,0,0
SUP0230,2025-10-01,3,0.3333,4.333,0.8742,,0,0
SUP0230,2025-11-01,2,0.0,1.0,0.1349,,0,0
SUP0230,2025-12-01,3,0.0,,0.0,,0,0
SUP0231,2023-02-01,2,0.0,8.0,1.0,,0,0
SUP0231,2023-04-01,1,0.0,10.0,1.0,,0,0
SUP0231,2023-05-01,2,0.5,4.5,1.0,,2,2
SUP0231,2023-08-01,1,0.0,1.0,1.0,,0,0
SUP0231,2023-10-01,2,0.0,8.5,1.0,,1,0
SUP0231,2023-11-01,2,1.0,0.0,1.0,,0,0
SUP0231,2023-12-01,2,0.0,3.0,1.0,,0,0
SUP0231,2024-01-01,1,0.0,3.0,1.0,,0,0
SUP0231,2024-02-01,2,0.0,7.0,0.8264,,0,0
SUP0231,2024-03-01,6,0.0,6.0,1.0,,0,0
SUP0231,2024-04-01,1,0.0,5.0,1.0,,0,0
SUP0231,2024-05-01,3,0.0,10.333,1.0,,0,0
SUP0231,2024-06-01,1,1.0,0.0,1.0,,0,0
SUP0231,2024-07-01,1,1.0,0.0,1.0,,0,0
SUP0231,2024-08-01,2,0.5,4.5,1.0,,0,0
SUP0231,2024-09-01,2,0.5,7.0,1.0,,0,0
SUP0231,2024-10-01,1,0.0,6.0,1.0,,0,0
SUP0231,2024-11-01,1,0.0,14.0,1.0,,0,0
SUP0231,2024-12-01,1,0.0,8.0,1.0,,0,0
SUP0231,2025-03-01,2,0.5,3.5,1.0,,0,0
SUP0231,2025-04-01,1,0.0,2.0,1.0,,0,0
SUP0231,2025-06-01,2,0.0,7.0,1.0,,0,0
SUP0231,2025-10-01,1,1.0,0.0,1.0,,0,0
SUP0231,2025-11-01,5,0.2,7.4,0.9702,,0,0
SUP0231,2025-12-01,4,0.0,6.333,0.9076,,0,0
SUP0232,2023-01-01,1,0.0,12.0,1.0,,0,0
SUP0232,2023-02-01,3,1.0,0.0,1.0,0.0,0,0
SUP0232,2023-03-01,8,0.75,0.5,0.8964,0.0,0,0
SUP0232,2023-04-01,10,0.8,1.1,1.0,0.0,0,0
SUP0232,2023-05-01,8,0.75,2.625,1.0,0.0,0,0
SUP0232,2023-06-01,6,1.0,0.0,1.0,0.0,0,0
SUP0232,2023-07-01,11,0.8182,1.545,1.0,1144.6,0,0
SUP0232,2023-08-01,6,0.6667,1.5,1.0,0.0,0,0
SUP0232,2023-09-01,6,0.8333,0.5,1.0,0.0,0,0
SUP0232,2023-10-01,3,1.0,0.0,1.0,0.0,0,0
SUP0232,2023-11-01,4,0.75,1.5,1.0,0.0,0,0
SUP0232,2023-12-01,6,0.5,4.667,1.0,0.0,0,0
SUP0232,2024-01-01,6,0.5,4.667,1.0,0.0,0,0
SUP0232,2024-02-01,5,0.4,3.4,1.0,0.0,0,0
SUP0232,2024-03-01,7,0.5714,2.429,1.0,0.0,0,0
SUP0232,2024-04-01,7,0.8571,0.857,1.0,0.0,0,0
SUP0232,2024-05-01,7,0.5714,3.286,0.8358,19895.8,0,0
SUP0232,2024-06-01,4,0.5,5.0,1.0,0.0,0,0
SUP0232,2024-07-01,6,0.6667,3.167,1.0,0.0,0,0
SUP0232,2024-08-01,4,0.5,2.5,1.0,0.0,0,0
SUP0232,2024-09-01,4,0.25,2.25,1.0,0.0,0,0
SUP0232,2024-10-01,4,1.0,0.0,1.0,0.0,0,0
SUP0232,2024-11-01,5,0.8,0.8,1.0,0.0,0,0
SUP0232,2024-12-01,7,0.4286,2.857,1.0,0.0,0,0
SUP0232,2025-01-01,2,0.5,1.0,1.0,0.0,0,0
SUP0232,2025-02-01,2,1.0,0.0,1.0,0.0,0,0
SUP0232,2025-03-01,4,0.5,3.0,1.0,0.0,0,0
SUP0232,2025-04-01,4,0.5,4.75,1.0,0.0,0,0
SUP0232,2025-05-01,5,0.8,1.6,1.0,32311.3,0,0
SUP0232,2025-06-01,4,0.25,8.0,1.0,0.0,0,0
SUP0232,2025-07-01,5,0.6,4.0,1.0,0.0,0,0
SUP0232,2025-08-01,5,0.8,1.6,1.0,0.0,0,0
SUP0232,2025-09-01,5,0.4,3.4,1.0,0.0,0,0
SUP0232,2025-10-01,7,0.7143,2.286,1.0,0.0,0,0
SUP0232,2025-11-01,6,1.0,0.0,1.0,0.0,0,0
SUP0232,2025-12-01,6,0.3333,2.0,0.0001,0.0,0,0
SUP0233,2023-01-01,1,0.0,11.0,0.4834,,0,0
SUP0233,2023-02-01,1,0.0,3.0,1.0,,0,0
SUP0233,2023-03-01,4,0.5,2.5,1.0,,0,0
SUP0233,2023-04-01,1,0.0,5.0,1.0,,0,0
SUP0233,2023-05-01,4,0.0,3.5,0.8049,,0,0
SUP0233,2023-06-01,3,0.0,9.667,1.0,,0,0
SUP0233,2023-07-01,2,0.0,9.5,1.0,,1,0
SUP0233,2023-08-01,1,0.0,9.0,1.0,,0,0
SUP0233,2023-09-01,5,0.4,2.8,0.9747,,0,0
SUP0233,2023-10-01,3,0.3333,5.0,1.0,,0,0
SUP0233,2023-11-01,1,0.0,1.0,0.6609,,0,0
SUP0233,2023-12-01,1,1.0,0.0,1.0,,0,0
SUP0233,2024-01-01,2,1.0,0.0,1.0,,0,0
SUP0233,2024-02-01,5,0.0,7.0,1.0,,0,0
SUP0233,2024-03-01,4,0.0,4.0,0.9306,,0,0
SUP0233,2024-04-01,5,0.2,6.2,0.9307,,0,0
SUP0233,2024-05-01,2,0.0,9.0,1.0,,0,0
SUP0233,2024-06-01,1,0.0,10.0,1.0,,0,0
SUP0233,2024-07-01,2,0.0,9.5,1.0,,0,0
SUP0233,2024-08-01,4,0.0,8.0,1.0,,0,0
SUP0233,2024-09-01,1,0.0,7.0,1.0,,0,0
SUP0233,2024-10-01,3,0.3333,6.333,0.8178,,0,0
SUP0233,2024-11-01,3,0.0,8.667,1.0,,0,0
SUP0233,2024-12-01,2,0.0,12.0,1.0,,0,0
SUP0233,2025-01-01,1,0.0,6.0,1.0,,0,0
SUP0233,2025-04-01,3,0.0,7.667,1.0,,0,0
SUP0233,2025-05-01,3,0.0,6.667,0.861,,0,0
SUP0233,2025-06-01,2,0.0,7.5,1.0,,0,0
SUP0233,2025-07-01,2,0.0,4.5,1.0,,0,0
SUP0233,2025-09-01,2,0.0,4.0,1.0,,0,0
SUP0233,2025-10-01,1,0.0,8.0,1.0,,0,0
SUP0233,2025-11-01,4,0.25,5.25,1.0,,0,0
SUP0233,2025-12-01,2,0.0,0.0,0.3271,,0,0
SUP0234,2023-02-01,4,0.25,4.5,0.5416,0.0,0,0
SUP0234,2023-03-01,16,0.625,3.875,0.8767,0.0,1,1
SUP0234,2023-04-01,8,0.625,7.0,1.0,12859.7,0,0
SUP0234,2023-05-01,13,0.4615,12.692,1.0,851.0,0,0
SUP0234,2023-06-01,16,0.25,8.938,0.9991,0.0,1,1
SUP0234,2023-07-01,14,0.5714,6.357,1.0,2631.1,1,1
SUP0234,2023-08-01,14,0.2143,9.143,1.0,0.0,0,0
SUP0234,2023-09-01,16,0.5,5.75,0.9781,0.0,1,1
SUP0234,2023-10-01,10,0.5,9.3,0.7786,0.0,0,0
SUP0234,2023-11-01,18,0.5556,6.278,1.0,0.0,0,0
SUP0234,2023-12-01,10,0.7,2.5,1.0,5056.9,0,0
SUP0234,2024-01-01,12,0.5833,4.083,1.0,0.0,0,0
SUP0234,2024-02-01,9,0.6667,2.444,1.0,0.0,0,0
SUP0234,2024-03-01,9,0.5556,8.778,1.0,0.0,0,0
SUP0234,2024-04-01,16,0.3125,5.938,0.9999,0.0,0,0
SUP0234,2024-05-01,15,0.6667,8.933,1.0,0.0,0,0
SUP0234,2024-06-01,13,0.2308,7.077,1.0,2365.5,0,0
SUP0234,2024-07-01,12,0.5,4.333,1.0,4031.8,0,0
SUP0234,2024-08-01,13,0.2308,6.615,1.0,0.0,0,0
SUP0234,2024-09-01,11,0.6364,3.455,1.0,0.0,0,0
SUP0234,2024-10-01,16,0.375,9.562,0.8637,0.0,0,0
SUP0234,2024-11-01,12,0.4167,13.0,1.0,10890.0,0,0
SUP0234,2024-12-01,8,0.5,9.375,1.0,0.0,0,0
SUP0234,2025-01-01,12,0.5,9.083,0.9999,0.0,0,0
SUP0234,2025-02-01,11,0.4545,4.0,1.0,0.0,0,0
SUP0234,2025-03-01,15,0.6667,3.133,1.0,0.0,0,0
SUP0234,2025-04-01,14,0.5,4.429,1.0,0.0,0,0
SUP0234,2025-05-01,8,0.5,7.5,1.0,0.0,0,0
SUP0234,2025-06-01,11,0.3636,6.909,1.0,1637.6,0,0
SUP0234,2025-07-01,11,0.5455,2.273,0.9999,0.0,0,0
SUP0234,2025-08-01,15,0.4,8.733,0.9859,0.0,0,0
SUP0234,2025-09-01,8,0.625,6.375,0.1737,2794.7,0,0
SUP0234,2025-10-01,11,0.6364,5.091,1.0,0.0,0,0
SUP0234,2025-11-01,11,0.4545,6.455,0.9996,0.0,0,0
SUP0234,2025-12-01,15,0.6,1.5,0.0228,0.0,0,0
SUP0235,2023-02-01,1,0.0,11.0,1.0,,0,0
SUP0235,2023-04-01,4,0.0,5.25,1.0,,0,0
SUP0235,2023-07-01,4,0.25,2.75,0.9605,,0,0
SUP0235,2023-08-01,2,0.0,12.0,0.7844,,0,0
SUP0235,2023-09-01,1,1.0,0.0,1.0,,0,0
SUP0235,2023-11-01,2,0.5,6.5,1.0,,0,0
SUP0235,2023-12-01,5,0.0,9.4,0.9301,,0,0
SUP0235,2024-02-01,3,0.0,6.333,1.0,,0,0
SUP0235,2024-03-01,4,0.5,4.5,0.7937,,0,0
SUP0235,2024-04-01,4,0.25,5.25,0.6425,,0,0
SUP0235,2024-05-01,2,0.0,10.5,1.0,,0,0
SUP0235,2024-06-01,2,1.0,0.0,1.0,,0,0
SUP0235,2024-07-01,1,0.0,8.0,1.0,,0,0
SUP0235,2024-08-01,1,0.0,6.0,1.0,,0,0
SUP0235,2024-09-01,1,0.0,3.0,1.0,,0,0
SUP0235,2024-10-01,3,0.3333,5.667,1.0,,0,0
SUP0235,2024-12-01,9,0.2222,3.444,1.0,,0,0
SUP0235,2025-01-01,1,1.0,0.0,1.0,,0,0
SUP0235,2025-02-01,2,0.0,8.0,1.0,,0,0
SUP0235,2025-03-01,2,0.5,1.0,1.0,,0,0
SUP0235,2025-04-01,4,0.25,7.5,1.0,,0,0
SUP0235,2025-07-01,1,0.0,10.0,0.44,,0,0
SUP0235,2025-08-01,6,0.1667,8.167,1.0,,1,0
SUP0235,2025-09-01,2,0.5,0.5,1.0,,0,0
SUP0235,2025-10-01,1,1.0,0.0,1.0,,0,0
SUP0235,2025-11-01,3,0.3333,4.667,1.0,,0,0
SUP0235,2025-12-01,5,0.4,0.667,0.3246,,0,0
SUP0236,2023-03-01,1,0.0,10.0,1.0,,0,0
SUP0236,2023-04-01,1,1.0,0.0,1.0,,0,0
SUP0236,2023-05-01,1,0.0,7.0,0.0942,,0,0
SUP0236,2023-06-01,4,0.0,6.0,1.0,,0,0
SUP0236,2023-07-01,2,0.0,5.0,1.0,,1,0
SUP0236,2023-08-01,4,0.75,1.75,1.0,,0,0
SUP0236,2023-10-01,2,0.5,0.0,0.7989,,0,0
SUP0236,2023-11-01,2,0.0,10.5,1.0,,0,0
SUP0236,2023-12-01,2,0.0,12.5,1.0,,0,0
SUP0236,2024-01-01,2,0.5,0.5,1.0,,0,0
SUP0236,2024-02-01,1,0.0,6.0,1.0,,0,0
SUP0236,2024-03-01,1,1.0,0.0,1.0,,0,0
SUP0236,2024-04-01,1,0.0,2.0,1.0,,0,0
SUP0236,2024-05-01,2,0.0,5.5,1.0,,0,0
SUP0236,2024-06-01,5,0.0,3.8,1.0,,0,0
SUP0236,2024-07-01,4,0.25,4.75,1.0,,0,0
SUP0236,2024-08-01,1,0.0,13.0,0.2036,,0,0
SUP0236,2024-09-01,1,0.0,2.0,1.0,,0,0
SUP0236,2024-10-01,3,0.0,5.667,0.6835,,0,0
SUP0236,2024-11-01,3,0.0,8.0,1.0,,0,0
SUP0236,2024-12-01,5,0.2,5.2,1.0,,0,0
SUP0236,2025-03-01,3,0.0,7.667,1.0,,0,0
SUP0236,2025-04-01,3,0.3333,8.0,0.8523,,0,0
SUP0236,2025-05-01,2,1.0,0.0,1.0,,0,0
SUP0236,2025-06-01,2,0.0,4.5,0.882,,0,0
SUP0236,2025-07-01,1,0.0,10.0,1.0,,0,0
SUP0236,2025-09-01,1,0.0,12.0,1.0,,0,0
SUP0236,2025-10-01,2,1.0,0.0,1.0,,0,0
SUP0236,2025-12-01,4,0.0,7.0,0.3712,,0,0
SUP0237,2023-01-01,8,0.5,1.5,1.0,0.0,1,1
SUP0237,2023-02-01,11,0.8182,0.091,0.9984,0.0,0,0
SUP0237,2023-03-01,13,0.5385,2.462,0.9995,3243.2,2,1
SUP0237,2023-04-01,14,0.4286,2.929,0.9997,0.0,3,2
SUP0237,2023-05-01,17,0.4706,5.412,0.9999,1693.7,7,4
SUP0237,2023-06-01,15,0.6667,2.733,1.0,7203.9,7,3
SUP0237,2023-07-01,16,0.5,2.812,1.0,854.4,4,0
SUP0237,2023-08-01,11,0.9091,0.0,0.9995,0.0,1,1
SUP0237,2023-09-01,11,0.6364,0.636,0.9986,0.0,1,0
SUP0237,2023-10-01,16,0.875,1.5,1.0,0.0,0,0
SUP0237,2023-11-01,17,0.6471,1.294,0.922,1215.4,1,0
SUP0237,2023-12-01,13,0.6154,1.692,1.0,0.0,3,0
SUP0237,2024-01-01,11,0.5455,1.0,0.9913,0.0,1,0
SUP0237,2024-02-01,13,0.5385,2.231,0.9499,9453.9,2,1
SUP0237,2024-03-01,13,0.9231,0.923,1.0,0.0,3,2
SUP0237,2024-04-01,14,0.7143,2.143,0.9997,0.0,0,0
SUP0237,2024-05-01,16,0.9375,0.188,1.0,2653.8,0,0
SUP0237,2024-06-01,15,0.6,1.667,0.927,1339.5,2,2
SUP0237,2024-07-01,13,0.3846,4.154,0.9994,0.0,6,2
SUP0237,2024-08-01,15,0.5333,3.267,0.9999,1380.3,6,5
SUP0237,2024-09-01,15,0.6,2.0,0.9996,2867.2,5,3
SUP0237,2024-10-01,20,0.7,2.95,0.7397,2734.6,0,0
SUP0237,2024-11-01,19,0.5263,1.842,0.9645,0.0,3,1
SUP0237,2024-12-01,13,0.6923,1.077,0.9988,1134.4,0,0
SUP0237,2025-01-01,11,0.6364,0.818,0.9996,0.0,4,1
SUP0237,2025-02-01,13,0.6154,3.0,0.7686,0.0,2,1
SUP0237,2025-03-01,13,0.6154,1.154,0.9998,0.0,2,1
SUP0237,2025-04-01,16,0.6875,1.188,1.0,1788.0,2,0
SUP0237,2025-05-01,16,0.6875,3.438,0.8045,0.0,1,1
SUP0237,2025-06-01,14,0.5,2.714,1.0,0.0,2,1
SUP0237,2025-07-01,15,0.4667,4.2,1.0,3309.3,1,0
SUP0237,2025-08-01,11,0.9091,0.182,1.0,0.0,1,0
SUP0237,2025-09-01,13,0.3846,2.769,0.9996,0.0,1,0
SUP0237,2025-10-01,14,0.7857,0.571,1.0,0.0,2,0
SUP0237,2025-11-01,11,0.5455,1.091,0.97,748.9,2,2
SUP0237,2025-12-01,8,0.625,0.625,0.9749,4492.9,2,1
SUP0238,2023-02-01,1,0.0,11.0,1.0,,0,0
SUP0238,2023-03-01,4,0.0,7.75,1.0,,0,0
SUP0238,2023-04-01,2,0.0,11.0,1.0,,0,0
SUP0238,2023-05-01,2,0.0,9.5,1.0,,0,0
SUP0238,2023-06-01,1,0.0,1.0,1.0,,0,0
SUP0238,2023-07-01,7,0.1429,3.429,0.8476,,0,0
SUP0238,2023-08-01,1,0.0,6.0,1.0,,0,0
SUP0238,2023-09-01,3,0.3333,6.0,1.0,,0,0
SUP0238,2023-10-01,2,0.0,8.5,1.0,,0,0
SUP0238,2024-01-01,3,0.0,7.333,0.7691,,0,0
SUP0238,2024-03-01,4,0.25,2.25,0.9005,,0,0
SUP0238,2024-05-01,1,0.0,10.0,1.0,,0,0
SUP0238,2024-06-01,1,0.0,6.0,1.0,,0,0
SUP0238,2024-07-01,2,0.5,7.0,1.0,,0,0
SUP0238,2024-08-01,1,0.0,14.0,1.0,,0,0
SUP0238,2024-09-01,3,0.6667,1.667,1.0,,1,1
SUP0238,2024-10-01,1,0.0,10.0,1.0,,0,0
SUP0238,2024-11-01,1,1.0,0.0,1.0,,0,0
SUP0238,2024-12-01,3,0.0,7.333,0.8797,,0,0
SUP0238,2025-02-01,2,0.0,8.5,1.0,,0,0
SUP0238,2025-03-01,2,0.0,5.5,1.0,,0,0
SUP0238,2025-06-01,1,0.0,12.0,1.0,,0,0
SUP0238,2025-07-01,4,0.5,4.75,0.886,,0,0
SUP0238,2025-08-01,1,0.0,13.0,1.0,,0,0
SUP0238,2025-09-01,2,0.0,10.5,0.9063,,0,0
SUP0238,2025-10-01,1,0.0,4.0,1.0,,0,0
SUP0238,2025-11-01,1,0.0,3.0,1.0,,0,0
SUP0238,2025-12-01,6,0.0,5.5,0.0472,,0,0
SUP0239,2023-03-01,2,0.0,8.5,0.9794,,0,0
SUP0239,2023-04-01,3,0.0,4.0,0.8118,,0,0
SUP0239,2023-05-01,4,0.0,5.75,1.0,,0,0
SUP0239,2023-06-01,5,0.0,5.8,1.0,,0,0
SUP0239,2023-08-01,2,0.0,9.0,1.0,,0,0
SUP0239,2023-09-01,2,0.0,6.0,1.0,,0,0
SUP0239,2023-12-01,2,0.5,2.5,1.0,,0,0
SUP0239,2024-01-01,3,0.0,10.667,1.0,,0,0
SUP0239,2024-02-01,2,0.0,4.5,1.0,,0,0
SUP0239,2024-03-01,2,0.0,12.0,1.0,,0,0
SUP0239,2024-04-01,4,0.5,3.75,1.0,,0,0
SUP0239,2024-05-01,1,1.0,0.0,1.0,,0,0
SUP0239,2024-06-01,2,0.5,6.5,1.0,,0,0
SUP0239,2024-07-01,2,0.0,7.5,1.0,,0,0
SUP0239,2024-08-01,3,0.3333,5.333,1.0,,0,0
SUP0239,2024-09-01,2,1.0,0.0,1.0,,0,0
SUP0239,2024-10-01,2,0.5,1.0,1.0,,0,0
SUP0239,2024-11-01,2,0.0,5.5,1.0,,0,0
SUP0239,2024-12-01,4,0.0,7.5,1.0,,0,0
SUP0239,2025-01-01,2,0.0,6.5,1.0,,0,0
SUP0239,2025-02-01,3,0.0,10.0,1.0,,0,0
SUP0239,2025-03-01,4,0.0,5.5,1.0,,0,0
SUP0239,2025-04-01,3,0.3333,8.667,0.9378,,0,0
SUP0239,2025-05-01,3,0.0,7.667,1.0,,0,0
SUP0239,2025-06-01,3,0.0,6.0,1.0,,0,0
SUP0239,2025-07-01,6,0.3333,4.667,1.0,,0,0
SUP0239,2025-08-01,2,0.0,4.0,1.0,,0,0
SUP0239,2025-09-01,2,0.0,6.5,1.0,,0,0
SUP0239,2025-10-01,1,1.0,0.0,1.0,,0,0
SUP0239,2025-11-01,1,1.0,0.0,1.0,,0,0
SUP0239,2025-12-01,1,0.0,,0.0,,0,0
SUP0240,2023-03-01,1,0.0,5.0,1.0,,0,0
SUP0240,2023-04-01,3,0.0,11.333,1.0,,0,0
SUP0240,2023-05-01,5,0.2,5.0,1.0,,0,0
SUP0240,2023-06-01,1,1.0,0.0,1.0,,0,0
SUP0240,2023-07-01,4,0.5,4.5,1.0,,0,0
SUP0240,2023-08-01,2,0.0,13.0,1.0,,0,0
SUP0240,2023-09-01,2,0.5,0.5,1.0,,0,0
SUP0240,2023-10-01,4,0.0,10.5,0.9909,,0,0
SUP0240,2023-11-01,2,0.5,6.5,1.0,,0,0
SUP0240,2023-12-01,1,1.0,0.0,1.0,,0,0
SUP0240,2024-01-01,1,0.0,7.0,1.0,,0,0
SUP0240,2024-03-01,2,0.5,4.5,1.0,,0,0
SUP0240,2024-04-01,1,1.0,0.0,1.0,,0,0
SUP0240,2024-05-01,2,0.0,7.0,0.8181,,0,0
SUP0240,2024-06-01,1,0.0,12.0,1.0,,0,0
SUP0240,2024-07-01,1,0.0,13.0,1.0,,0,0
SUP0240,2024-08-01,1,0.0,2.0,1.0,,0,0
SUP0240,2024-09-01,4,0.0,7.5,1.0,,0,0
SUP0240,2024-10-01,4,0.0,7.75,1.0,,0,0
SUP0240,2024-11-01,2,0.0,7.5,1.0,,0,0
SUP0240,2024-12-01,1,0.0,4.0,1.0,,0,0
SUP0240,2025-02-01,2,0.0,8.0,1.0,,0,0
SUP0240,2025-03-01,4,0.0,4.25,0.9397,,0,0
SUP0240,2025-04-01,3,0.0,4.333,1.0,,0,0
SUP0240,2025-05-01,7,0.4286,2.143,1.0,,0,0
SUP0240,2025-07-01,3,0.0,1.0,0.8252,,0,0
SUP0240,2025-08-01,1,0.0,1.0,1.0,,0,0
SUP0240,2025-09-01,3,0.3333,4.0,1.0,,0,0
SUP0240,2025-10-01,3,0.3333,4.0,0.9659,,0,0
SUP0240,2025-11-01,1,0.0,10.0,1.0,,0,0
SUP0241,2023-02-01,1,0.0,3.0,1.0,,0,0
SUP0241,2023-03-01,4,0.25,5.5,1.0,,0,0
SUP0241,2023-04-01,2,0.5,0.0,0.6539,,0,0
SUP0241,2023-05-01,4,0.25,6.5,1.0,,0,0
SUP0241,2023-06-01,1,0.0,13.0,1.0,,0,0
SUP0241,2023-07-01,2,0.0,5.0,1.0,,0,0
SUP0241,2023-09-01,2,0.5,5.5,1.0,,0,0
SUP0241,2023-10-01,2,0.0,10.5,1.0,,0,0
SUP0241,2023-11-01,2,0.0,10.0,1.0,,0,0
SUP0241,2023-12-01,3,0.0,5.667,1.0,,0,0
SUP0241,2024-01-01,2,0.5,1.5,1.0,,0,0
SUP0241,2024-03-01,2,0.5,3.5,1.0,,0,0
SUP0241,2024-04-01,3,0.6667,3.667,1.0,,0,0
SUP0241,2024-05-01,2,0.0,10.5,1.0,,0,0
SUP0241,2024-06-01,4,0.5,2.5,1.0,,0,0
SUP0241,2024-07-01,3,0.0,7.333,1.0,,0,0
SUP0241,2024-08-01,3,0.0,8.667,0.9839,,0,0
SUP0241,2024-09-01,6,0.1667,5.833,0.9868,,0,0
SUP0241,2024-10-01,5,0.2,5.4,0.8873,,0,0
SUP0241,2024-12-01,1,0.0,11.0,1.0,,0,0
SUP0241,2025-01-01,1,0.0,0.0,0.2153,,0,0
SUP0241,2025-02-01,1,1.0,0.0,1.0,,0,0
SUP0241,2025-03-01,1,0.0,1.0,1.0,,0,0
SUP0241,2025-04-01,2,0.0,13.0,1.0,,0,0
SUP0241,2025-05-01,2,0.0,7.0,0.7548,,1,0
SUP0241,2025-06-01,4,0.25,0.75,0.9825,,0,0
SUP0241,2025-07-01,2,0.0,8.5,1.0,,0,0
SUP0241,2025-08-01,3,0.0,10.667,1.0,,0,0
SUP0241,2025-09-01,2,0.0,8.5,1.0,,0,0
SUP0241,2025-10-01,1,0.0,7.0,1.0,,0,0
SUP0241,2025-11-01,2,0.5,4.0,1.0,,0,0
SUP0241,2025-12-01,3,0.0,,0.0,,0,0
SUP0242,2023-02-01,1,1.0,0.0,1.0,,0,0
SUP0242,2023-04-01,1,1.0,0.0,1.0,,0,0
SUP0242,2023-05-01,3,0.0,9.333,1.0,,0,0
SUP0242,2023-06-01,2,0.0,7.5,1.0,,0,0
SUP0242,2023-07-01,1,0.0,6.0,1.0,,0,0
SUP0242,2023-08-01,1,1.0,0.0,1.0,,0,0
SUP0242,2023-10-01,2,0.0,7.5,1.0,,0,0
SUP0242,2023-11-01,2,0.5,0.5,0.7206,,0,0
SUP0242,2023-12-01,3,0.3333,6.0,1.0,,0,0
SUP0242,2024-01-01,2,0.5,0.5,1.0,,0,0
SUP0242,2024-02-01,3,0.0,5.667,1.0,,0,0
SUP0242,2024-03-01,1,0.0,13.0,1.0,,0,0
SUP0242,2024-05-01,4,0.5,2.75,0.9429,,0,0
SUP0242,2024-07-01,4,0.0,9.0,1.0,,0,0
SUP0242,2024-08-01,3,0.6667,3.333,1.0,,0,0
SUP0242,2024-09-01,2,0.5,5.5,1.0,,0,0
SUP0242,2024-10-01,1,0.0,0.0,0.2923,,0,0
SUP0242,2024-12-01,2,0.0,1.5,1.0,,0,0
SUP0242,2025-01-01,1,0.0,13.0,1.0,,0,0
SUP0242,2025-02-01,1,0.0,2.0,1.0,,0,0
SUP0242,2025-03-01,2,0.0,2.5,1.0,,0,0
SUP0242,2025-05-01,3,0.3333,7.333,1.0,,0,0
SUP0242,2025-06-01,2,0.5,5.0,1.0,,0,0
SUP0242,2025-07-01,3,0.3333,4.0,1.0,,0,0
SUP0242,2025-08-01,2,0.0,13.5,0.8674,,0,0
SUP0242,2025-09-01,2,0.0,5.0,1.0,,0,0
SUP0242,2025-10-01,1,0.0,5.0,1.0,,0,0
SUP0242,2025-11-01,2,1.0,0.0,1.0,,0,0
SUP0242,2025-12-01,1,0.0,,0.0,,0,0
SUP0243,2023-01-01,3,0.6667,1.333,1.0,0.0,0,0
SUP0243,2023-02-01,11,0.7273,1.636,1.0,0.0,0,0
SUP0243,2023-03-01,17,0.6471,6.059,1.0,0.0,0,0
SUP0243,2023-04-01,17,0.4118,4.353,0.9988,0.0,0,0
SUP0243,2023-05-01,18,0.5556,3.722,0.998,9462.7,0,0
SUP0243,2023-06-01,12,0.8333,1.333,0.9371,4830.1,0,0
SUP0243,2023-07-01,13,0.7692,2.154,1.0,9335.4,0,0
SUP0243,2023-08-01,17,0.6471,4.412,0.9969,1858.8,0,0
SUP0243,2023-09-01,16,0.6875,3.625,1.0,0.0,0,0
SUP0243,2023-10-01,11,0.5455,4.818,1.0,0.0,0,0
SUP0243,2023-11-01,11,0.7273,2.364,1.0,876.7,0,0
SUP0243,2023-12-01,14,0.4286,6.143,0.9981,0.0,1,1
SUP0243,2024-01-01,18,0.7778,0.5,0.8208,0.0,0,0
SUP0243,2024-02-01,13,0.7692,1.0,1.0,0.0,0,0
SUP0243,2024-03-01,12,0.9167,1.083,1.0,2388.3,0,0
SUP0243,2024-04-01,14,0.7143,1.857,1.0,0.0,0,0
SUP0243,2024-05-01,18,0.6667,3.056,1.0,0.0,0,0
SUP0243,2024-06-01,10,0.6,2.8,0.9884,0.0,0,0
SUP0243,2024-07-01,19,0.5789,4.211,0.9979,0.0,0,0
SUP0243,2024-08-01,7,0.8571,2.143,1.0,0.0,0,0
SUP0243,2024-09-01,12,0.5,5.5,1.0,0.0,0,0
SUP0243,2024-10-01,17,0.4706,7.235,1.0,0.0,0,0
SUP0243,2024-11-01,8,0.75,0.875,0.995,0.0,0,0
SUP0243,2024-12-01,16,0.375,5.75,0.9994,0.0,0,0
SUP0243,2025-01-01,9,0.5556,3.111,1.0,0.0,0,0
SUP0243,2025-02-01,6,0.5,4.5,0.5871,0.0,0,0
SUP0243,2025-03-01,11,0.3636,6.364,1.0,0.0,0,0
SUP0243,2025-04-01,14,0.3571,6.786,1.0,0.0,0,0
SUP0243,2025-05-01,12,0.4167,2.417,0.9996,0.0,0,0
SUP0243,2025-06-01,13,0.5385,9.692,0.9883,0.0,0,0
SUP0243,2025-07-01,13,0.6154,6.077,1.0,0.0,0,0
SUP0243,2025-08-01,14,0.7143,1.786,1.0,14516.1,0,0
SUP0243,2025-09-01,21,0.6667,6.905,1.0,5133.9,0,0
SUP0243,2025-10-01,15,0.7333,3.6,1.0,0.0,0,0
SUP0243,2025-11-01,14,0.8571,0.286,0.9999,0.0,0,0
SUP0243,2025-12-01,16,0.625,1.25,0.3654,0.0,2,0
SUP0244,2023-03-01,2,0.0,8.5,1.0,,0,0
SUP0244,2023-05-01,5,0.2,3.4,1.0,,0,0
SUP0244,2023-06-01,4,0.25,3.0,1.0,,0,0
SUP0244,2023-07-01,1,0.0,13.0,1.0,,0,0
SUP0244,2023-08-01,2,0.5,3.0,1.0,,0,0
SUP0244,2023-09-01,2,0.0,11.0,1.0,,0,0
SUP0244,2023-10-01,6,0.3333,7.167,1.0,,0,0
SUP0244,2023-11-01,1,0.0,9.0,1.0,,0,0
SUP0244,2023-12-01,3,0.0,4.0,0.7319,,0,0
SUP0244,2024-01-01,2,0.5,6.0,0.7333,,0,0
SUP0244,2024-02-01,1,0.0,6.0,1.0,,0,0
SUP0244,2024-03-01,4,0.25,5.0,1.0,,0,0
SUP0244,2024-04-01,3,0.0,9.667,1.0,,0,0
SUP0244,2024-05-01,2,0.0,8.0,1.0,,0,0
SUP0244,2024-06-01,2,0.0,6.0,0.8681,,0,0
SUP0244,2024-07-01,2,1.0,0.0,1.0,,0,0
SUP0244,2024-08-01,2,0.0,12.5,1.0,,0,0
SUP0244,2024-09-01,3,0.3333,3.0,1.0,,0,0
SUP0244,2024-10-01,3,0.3333,6.333,1.0,,0,0
SUP0244,2024-11-01,2,0.5,7.0,1.0,,0,0
SUP0244,2024-12-01,3,0.0,8.333,1.0,,0,0
SUP0244,2025-01-01,1,0.0,3.0,1.0,,0,0
SUP0244,2025-02-01,3,0.0,6.333,1.0,,0,0
SUP0244,2025-03-01,3,0.3333,3.333,0.8952,,0,0
SUP0244,2025-04-01,3,0.6667,3.333,1.0,,0,0
SUP0244,2025-05-01,2,0.0,1.0,1.0,,0,0
SUP0244,2025-06-01,3,0.3333,4.333,1.0,,0,0
SUP0244,2025-07-01,1,0.0,7.0,1.0,,0,0
SUP0244,2025-09-01,3,0.0,6.333,1.0,,0,0
SUP0244,2025-10-01,6,0.1667,5.333,0.6958,,0,0
SUP0244,2025-11-01,5,0.2,7.6,0.8776,,0,0
SUP0244,2025-12-01,2,0.5,5.5,1.0,,0,0
SUP0245,2023-01-01,4,0.5,2.25,0.7275,,0,0
SUP0245,2023-02-01,2,0.0,1.5,1.0,,0,0
SUP0245,2023-04-01,3,0.0,7.0,0.7064,,1,0
SUP0245,2023-05-01,3,0.0,8.0,1.0,,0,0
SUP0245,2023-06-01,5,0.0,9.0,0.9129,,0,0
SUP0245,2023-07-01,2,0.5,6.5,1.0,,0,0
SUP0245,2023-08-01,2,0.0,10.5,1.0,,0,0
SUP0245,2023-09-01,2,0.5,4.0,0.9669,,0,0
SUP0245,2023-10-01,2,0.0,6.0,1.0,,0,0
SUP0245,2023-11-01,5,0.2,8.2,1.0,,0,0
SUP0245,2023-12-01,1,0.0,9.0,1.0,,0,0
SUP0245,2024-01-01,3,0.0,7.0,1.0,,0,0
SUP0245,2024-02-01,2,0.5,3.5,1.0,,0,0
SUP0245,2024-03-01,1,0.0,10.0,1.0,,0,0
SUP0245,2024-04-01,3,0.6667,2.667,1.0,,0,0
SUP0245,2024-05-01,2,0.5,4.5,1.0,,0,0
SUP0245,2024-06-01,1,0.0,9.0,1.0,,0,0
SUP0245,2024-07-01,2,0.0,6.0,0.3434,,0,0
SUP0245,2024-09-01,2,0.5,1.0,1.0,,0,0
SUP0245,2024-10-01,1,0.0,7.0,1.0,,0,0
SUP0245,2024-11-01,5,0.0,6.0,0.9079,,0,0
SUP0245,2024-12-01,1,1.0,0.0,1.0,,0,0
SUP0245,2025-02-01,2,0.0,6.5,1.0,,0,0
SUP0245,2025-04-01,1,1.0,0.0,1.0,,0,0
SUP0245,2025-05-01,1,0.0,7.0,1.0,,0,0
SUP0245,2025-06-01,1,0.0,6.0,1.0,,0,0
SUP0245,2025-07-01,1,0.0,10.0,1.0,,0,0
SUP0245,2025-08-01,2,0.0,11.5,1.0,,0,0
SUP0245,2025-09-01,3,0.0,9.333,1.0,,0,0
SUP0245,2025-10-01,3,0.0,9.0,0.9039,,0,0
SUP0245,2025-11-01,1,0.0,7.0,1.0,,0,0
SUP0245,2025-12-01,2,0.0,,0.0,,0,0
SUP0246,2023-02-01,2,0.0,4.0,0.9024,,0,0
SUP0246,2023-03-01,2,0.5,3.0,1.0,,0,0
SUP0246,2023-04-01,4,0.25,4.5,1.0,,0,0
SUP0246,2023-05-01,2,0.0,7.0,1.0,,0,0
SUP0246,2023-07-01,3,0.0,10.0,1.0,,0,0
SUP0246,2023-08-01,2,0.5,1.0,1.0,,0,0
SUP0246,2023-09-01,2,0.0,6.5,0.7593,,0,0
SUP0246,2023-10-01,1,0.0,3.0,1.0,,0,0
SUP0246,2023-11-01,4,0.0,8.75,0.7665,,0,0
SUP0246,2023-12-01,6,0.0,6.167,1.0,,0,0
SUP0246,2024-01-01,1,0.0,9.0,1.0,,0,0
SUP0246,2024-02-01,2,0.0,3.5,1.0,,0,0
SUP0246,2024-03-01,1,0.0,13.0,1.0,,0,0
SUP0246,2024-04-01,1,0.0,5.0,1.0,,0,0
SUP0246,2024-05-01,1,0.0,7.0,1.0,,0,0
SUP0246,2024-06-01,2,0.5,5.5,1.0,,0,0
SUP0246,2024-07-01,3,0.3333,2.333,0.7994,,0,0
SUP0246,2024-08-01,1,0.0,0.0,0.2046,,0,0
SUP0246,2024-09-01,2,0.5,1.0,0.8359,,0,0
SUP0246,2024-10-01,1,0.0,7.0,1.0,,0,0
SUP0246,2024-12-01,2,0.0,6.0,1.0,,0,0
SUP0246,2025-01-01,2,0.0,10.0,1.0,,0,0
SUP0246,2025-02-01,1,1.0,0.0,1.0,,0,0
SUP0246,2025-04-01,4,0.25,9.0,1.0,,0,0
SUP0246,2025-05-01,3,0.0,4.667,1.0,,0,0
SUP0246,2025-06-01,2,0.5,0.0,0.8225,,0,0
SUP0246,2025-07-01,5,0.2,5.0,1.0,,0,0
SUP0246,2025-08-01,3,0.3333,7.0,1.0,,1,0
SUP0246,2025-09-01,4,0.0,9.5,1.0,,0,0
SUP0246,2025-10-01,4,0.25,4.0,0.8306,,1,0
SUP0246,2025-11-01,1,0.0,12.0,1.0,,0,0
SUP0246,2025-12-01,6,0.1667,3.0,0.6342,,0,0
SUP0247,2023-02-01,18,1.0,0.0,1.0,14564.6,3,2
SUP0247,2023-03-01,34,0.6471,4.353,1.0,1758.1,3,1
SUP0247,2023-04-01,38,0.5789,8.368,1.0,0.0,4,3
SUP0247,2023-05-01,27,0.7407,3.852,0.9978,0.0,4,2
SUP0247,2023-06-01,34,0.6176,4.824,0.9434,0.0,4,4
SUP0247,2023-07-01,25,0.8,3.2,0.687,462.2,1,1
SUP0247,2023-08-01,32,0.7812,2.875,0.9184,7348.7,1,1
SUP0247,2023-09-01,34,0.7059,3.941,1.0,157.7,4,3
SUP0247,2023-10-01,39,0.641,6.256,0.9997,5915.0,5,3
SUP0247,2023-11-01,31,0.0,11.581,0.9999,0.0,5,4
SUP0247,2023-12-01,34,0.0,12.971,1.0,0.0,4,4
SUP0247,2024-01-01,40,0.75,5.15,0.7681,102.6,3,3
SUP0247,2024-02-01,38,0.5789,4.0,1.0,413.7,3,2
SUP0247,2024-03-01,34,0.6765,5.588,0.8205,0.0,1,1
SUP0247,2024-04-01,35,0.6857,2.686,0.8441,3085.7,1,0
SUP0247,2024-05-01,35,0.7143,6.486,0.9004,0.0,4,3
SUP0247,2024-06-01,29,0.5862,5.241,1.0,686.3,2,2
SUP0247,2024-07-01,28,0.8214,1.679,0.9833,102.0,3,1
SUP0247,2024-08-01,36,0.6389,7.556,1.0,2637.7,3,3
SUP0247,2024-09-01,40,0.65,7.55,0.9998,7054.8,5,4
SUP0247,2024-10-01,36,0.5278,7.056,1.0,0.0,3,1
SUP0247,2024-11-01,38,0.0263,13.342,1.0,0.0,5,2
SUP0247,2024-12-01,37,0.027,15.784,1.0,0.0,9,6
SUP0247,2025-01-01,44,0.6136,3.773,1.0,0.0,5,4
SUP0247,2025-02-01,26,0.7308,6.154,1.0,0.0,2,2
SUP0247,2025-03-01,41,0.6341,4.634,1.0,0.0,5,3
SUP0247,2025-04-01,32,0.6562,2.75,0.8243,0.0,5,4
SUP0247,2025-05-01,38,0.6053,6.211,1.0,97.2,7,5
SUP0247,2025-06-01,35,0.6571,3.4,1.0,0.0,2,1
SUP0247,2025-07-01,42,0.7381,4.31,1.0,14.5,5,3
SUP0247,2025-08-01,36,0.75,3.222,1.0,1975.5,4,3
SUP0247,2025-09-01,41,0.4878,8.244,0.9999,47.9,6,5
SUP0247,2025-10-01,49,0.4898,10.776,0.9998,1644.7,9,7
SUP0247,2025-11-01,34,0.0294,14.912,1.0,1852.8,4,3
SUP0247,2025-12-01,38,0.0,9.962,0.3237,7104.5,2,0
SUP0248,2023-01-01,1,0.0,5.0,1.0,0.0,0,0
SUP0248,2023-02-01,4,0.75,2.0,1.0,0.0,0,0
SUP0248,2023-03-01,6,0.1667,5.0,0.9911,0.0,0,0
SUP0248,2023-04-01,14,0.5,3.5,0.9111,0.0,0,0
SUP0248,2023-05-01,11,0.7273,7.091,0.9938,3016.7,0,0
SUP0248,2023-06-01,9,0.3333,18.111,1.0,0.0,0,0
SUP0248,2023-07-01,19,0.4211,6.211,0.9987,0.0,0,0
SUP0248,2023-08-01,13,0.7692,3.308,1.0,11395.1,0,0
SUP0248,2023-09-01,13,0.3846,9.231,0.4386,0.0,0,0
SUP0248,2023-10-01,17,0.5294,4.882,0.9996,0.0,0,0
SUP0248,2023-11-01,16,0.625,1.312,0.9597,2526.5,0,0
SUP0248,2023-12-01,14,0.7143,5.214,1.0,0.0,0,0
SUP0248,2024-01-01,12,0.5833,7.583,0.988,2011.6,0,0
SUP0248,2024-02-01,12,0.5,7.083,0.9962,0.0,0,0
SUP0248,2024-03-01,15,0.5333,3.667,0.9988,0.0,1,1
SUP0248,2024-04-01,22,0.5,5.682,0.9981,0.0,0,0
SUP0248,2024-05-01,17,0.2353,11.412,0.4876,0.0,0,0
SUP0248,2024-06-01,12,0.5833,2.667,1.0,0.0,0,0
SUP0248,2024-07-01,14,0.5714,2.143,0.9991,0.0,0,0
SUP0248,2024-08-01,20,0.45,6.1,0.4403,0.0,0,0
SUP0248,2024-09-01,15,0.8,1.467,1.0,1307.4,0,0
SUP0248,2024-10-01,7,0.4286,7.571,1.0,0.0,0,0
SUP0248,2024-11-01,16,0.625,4.188,1.0,0.0,0,0
SUP0248,2024-12-01,15,0.4667,8.2,1.0,0.0,0,0
SUP0248,2025-01-01,21,0.4286,5.952,1.0,0.0,0,0
SUP0248,2025-02-01,9,0.2222,16.333,0.9784,2888.5,0,0
SUP0248,2025-03-01,12,0.5833,6.5,1.0,0.0,1,0
SUP0248,2025-04-01,12,0.5833,8.333,1.0,0.0,0,0
SUP0248,2025-05-01,13,0.3846,5.154,0.9922,0.0,0,0
SUP0248,2025-06-01,7,0.4286,9.286,1.0,6608.4,0,0
SUP0248,2025-07-01,15,0.4667,6.8,1.0,0.0,0,0
SUP0248,2025-08-01,17,0.4706,5.471,0.9991,2826.0,0,0
SUP0248,2025-09-01,20,0.55,9.3,0.9994,0.0,0,0
SUP0248,2025-10-01,18,0.3333,11.0,0.9972,0.0,1,0
SUP0248,2025-11-01,21,0.5714,5.095,0.9997,0.0,0,0
SUP0248,2025-12-01,21,0.381,4.9,0.9995,3199.2,0,0
SUP0249,2023-02-01,0,,,,,1,1
SUP0249,2023-03-01,8,0.375,4.125,0.9999,0.0,0,0
SUP0249,2023-04-01,5,0.4,10.4,1.0,0.0,0,0
SUP0249,2023-05-01,7,0.5714,8.857,1.0,0.0,0,0
SUP0249,2023-06-01,12,0.5,10.833,0.9999,0.0,0,0
SUP0249,2023-07-01,13,0.4615,5.692,0.9995,0.0,0,0
SUP0249,2023-08-01,10,0.4,15.8,1.0,0.0,0,0
SUP0249,2023-09-01,10,0.6,4.5,1.0,0.0,0,0
SUP0249,2023-10-01,8,0.5,6.375,0.9996,0.0,0,0
SUP0249,2023-11-01,10,0.4,8.2,1.0,3154.2,1,0
SUP0249,2023-12-01,11,0.4545,6.909,1.0,0.0,0,0
SUP0249,2024-01-01,13,0.5385,4.692,0.9993,1101.3,0,0
SUP0249,2024-02-01,11,0.4545,4.636,0.999,0.0,0,0
SUP0249,2024-03-01,14,0.4286,15.071,0.9998,0.0,0,0
SUP0249,2024-04-01,11,0.3636,4.0,1.0,0.0,0,0
SUP0249,2024-05-01,7,0.4286,8.857,1.0,0.0,0,0
SUP0249,2024-06-01,17,0.3529,11.529,1.0,0.0,0,0
SUP0249,2024-07-01,11,0.4545,3.182,0.9993,0.0,1,0
SUP0249,2024-08-01,15,0.4667,5.533,0.9999,0.0,0,0
SUP0249,2024-09-01,12,0.3333,10.083,0.4891,1679.2,0,0
SUP0249,2024-10-01,16,0.375,9.812,1.0,0.0,0,0
SUP0249,2024-11-01,9,0.2222,9.889,0.9873,0.0,0,0
SUP0249,2024-12-01,9,0.1111,13.111,1.0,0.0,0,0
SUP0249,2025-01-01,11,0.5455,6.182,1.0,0.0,0,0
SUP0249,2025-02-01,5,0.8,4.6,1.0,0.0,0,0
SUP0249,2025-03-01,6,0.5,3.5,1.0,0.0,0,0
SUP0249,2025-04-01,7,0.4286,6.429,1.0,0.0,0,0
SUP0249,2025-05-01,12,0.5,5.667,1.0,0.0,0,0
SUP0249,2025-06-01,8,1.0,0.0,1.0,0.0,0,0
SUP0249,2025-07-01,12,0.4167,10.417,0.9999,5769.6,0,0
SUP0249,2025-08-01,11,0.7273,2.364,1.0,14155.0,0,0
SUP0249,2025-09-01,8,0.375,10.875,1.0,0.0,0,0
SUP0249,2025-10-01,12,0.3333,4.333,0.9996,1933.4,0,0
SUP0249,2025-11-01,8,0.375,17.75,0.9682,0.0,2,0
SUP0249,2025-12-01,15,0.3333,4.727,0.0599,0.0,0,0
SUP0250,2023-03-01,3,0.3333,2.667,1.0,,0,0
SUP0250,2023-04-01,5,0.2,3.2,1.0,,0,0
SUP0250,2023-06-01,6,0.0,5.667,1.0,,0,0
SUP0250,2023-07-01,2,0.0,8.0,1.0,,0,0
SUP0250,2023-08-01,1,0.0,2.0,1.0,,0,0
SUP0250,2023-09-01,1,0.0,7.0,1.0,,0,0
SUP0250,2024-01-01,1,1.0,0.0,1.0,,0,0
SUP0250,2024-02-01,2,0.5,1.0,1.0,,0,0
SUP0250,2024-03-01,2,1.0,0.0,1.0,,0,0
SUP0250,2024-04-01,2,0.0,7.0,1.0,,0,0
SUP0250,2024-06-01,2,0.5,6.5,1.0,,0,0
SUP0250,2024-07-01,5,0.6,5.2,1.0,,0,0
SUP0250,2024-08-01,2,0.0,14.0,1.0,,0,0
SUP0250,2024-09-01,1,0.0,8.0,1.0,,0,0
SUP0250,2024-11-01,1,1.0,0.0,1.0,,0,0
SUP0250,2024-12-01,2,0.0,5.5,1.0,,0,0
SUP0250,2025-01-01,2,0.0,9.5,0.7668,,0,0
SUP0250,2025-02-01,1,1.0,0.0,1.0,,0,0
SUP0250,2025-03-01,2,0.5,6.0,0.992,,0,0
SUP0250,2025-04-01,2,0.0,3.5,1.0,,0,0
SUP0250,2025-05-01,5,0.2,3.4,0.804,,0,0
SUP0250,2025-06-01,1,1.0,0.0,1.0,,0,0
SUP0250,2025-07-01,3,1.0,0.0,1.0,,1,1
SUP0250,2025-08-01,1,0.0,2.0,1.0,,0,0
SUP0250,2025-09-01,1,0.0,11.0,1.0,,1,0
SUP0250,2025-10-01,3,0.3333,3.333,1.0,,0,0
SUP0250,2025-11-01,2,0.0,3.5,1.0,,0,0
SUP0250,2025-12-01,3,0.0,8.5,0.5436,,0,0
