commitment_id,decision_id,negotiation_id,counterparty_type,counterparty_id,made_by_role,made_at,commitment_text,quantity,due_date,penalty_or_credit,status,resolved_at
CMT00001,DEC00001,,supplier,SUP0136,supplier_account_manager,2022-12-28,Supplier 136 (SUP0136) confirms revised ship-to-arrive date 2023-01-08 for RMPO000045,253.3567,2023-01-08,none,renegotiated,2023-01-03
CMT00002,DEC00001,,warehouse,W008,plant_scheduler,2022-12-29,P02 commits to deliver FG line POL0034907 (PO PO011675) to W008 by 2023-01-16,347.0,2023-01-16,service-level KPI,renegotiated,2023-01-03
CMT00003,DEC00002,,supplier,SUP0138,supplier_account_manager,2023-01-03,Supplier 138 (SUP0138) confirms revised ship-to-arrive date 2023-01-15 for RMPO000046,1265.1174,2023-01-15,none,renegotiated,2023-01-05
CMT00004,,,supplier,SUP0179,supplier_account_manager,2023-01-03,Supplier 179 (SUP0179) order confirmation: RMPO000745 to arrive by 2023-02-05,12.0,2023-02-05,1% credit per week late beyond 5 days,fulfilled,2023-02-05
CMT00005,,,supplier,SUP0179,supplier_account_manager,2023-01-03,Supplier 179 (SUP0179) order confirmation: RMPO000744 to arrive by 2023-01-31,500.0,2023-01-31,1% credit per week late beyond 5 days,fulfilled,2023-01-31
CMT00006,DEC00002,,warehouse,W008,plant_scheduler,2023-01-05,P03 commits to deliver FG line POL0033121 (PO PO011070) to W008 by 2023-01-22,202.0,2023-01-22,service-level KPI,breached,2023-01-24
CMT00007,DEC00003,,supplier,SUP0138,supplier_account_manager,2023-01-09,Supplier 138 (SUP0138) confirms revised ship-to-arrive date 2023-01-31 for RMPO000044,982.959,2023-01-31,none,fulfilled,2023-01-25
CMT00008,DEC00003,,supplier,SUP0138,supplier_account_manager,2023-01-10,Supplier 138 (SUP0138) commits to deliver RMPO000044 by 2023-01-26 on expedited freight,982.959,2023-01-26,none,fulfilled,2023-01-25
CMT00009,DEC00004,,supplier,SUP0185,supplier_account_manager,2023-01-10,Supplier 185 (SUP0185) confirms revised ship-to-arrive date 2023-02-02 for RMPO000801,3276.8551,2023-02-02,none,fulfilled,2023-01-30
CMT00010,DEC00003,,warehouse,W008,plant_scheduler,2023-01-11,P03 commits to deliver FG line POL0026776 (PO PO008967) to W008 by 2023-02-07,466.0,2023-02-07,service-level KPI,fulfilled,2023-02-02
CMT00011,DEC00004,,supplier,SUP0185,supplier_account_manager,2023-01-11,Supplier 185 (SUP0185) commits to deliver RMPO000801 by 2023-01-26 on expedited freight,3276.8551,2023-01-26,none,breached,2023-01-30
CMT00012,DEC00005,,supplier,SUP0185,supplier_account_manager,2023-01-11,Supplier 185 (SUP0185) commits to deliver RMPO000800 by 2023-01-19 on expedited freight,8904.5212,2023-01-19,none,breached,2023-01-23
CMT00013,DEC00005,,supplier,SUP0185,supplier_account_manager,2023-01-11,Supplier 185 (SUP0185) confirms revised ship-to-arrive date 2023-01-27 for RMPO000800,8904.5212,2023-01-27,none,fulfilled,2023-01-23
CMT00014,DEC00004,,warehouse,W001,plant_scheduler,2023-01-12,P01 commits to deliver FG line POL0020892 (PO PO007010) to W001 by 2023-02-12,159.0,2023-02-12,service-level KPI,fulfilled,2023-02-10
CMT00015,DEC00005,,warehouse,W007,plant_scheduler,2023-01-12,P02 commits to deliver FG line POL0005014 (PO PO001689) to W007 by 2023-01-31,26.0,2023-01-31,service-level KPI,fulfilled,2023-01-28
CMT00016,DEC00007,,supplier,SUP0240,supplier_account_manager,2023-01-15,Supplier 240 (SUP0240) confirms revised ship-to-arrive date 2023-02-08 for RMPO000967,400.0,2023-02-08,expedite freight at supplier cost if >7 days late,fulfilled,2023-02-05
CMT00017,DEC00006,,supplier,SUP0101,supplier_account_manager,2023-01-15,Supplier 101 (SUP0101) commits to deliver replacement order RMPO000978 by 2023-01-26,650.0,2023-01-26,expedite freight at supplier cost if >7 days late,renegotiated,2023-01-16
CMT00018,DEC00009,,supplier,SUP0170,supplier_account_manager,2023-01-16,Supplier 170 (SUP0170) confirms revised ship-to-arrive date 2023-01-30 for RMPO000460,1589.5394,2023-01-30,2% credit per week late beyond 3 days,fulfilled,2023-01-30
CMT00019,DEC00007,,supplier,SUP0240,supplier_account_manager,2023-01-16,Supplier 240 (SUP0240) commits to deliver RMPO000967 by 2023-02-05 on expedited freight,400.0,2023-02-05,expedite freight at supplier cost if >7 days late,fulfilled,2023-02-05
CMT00020,DEC00006,,warehouse,W005,plant_scheduler,2023-01-16,P05 commits to deliver FG line POL0050731 (PO PO016934) to W005 by 2023-02-15,505.0,2023-02-15,service-level KPI,fulfilled,2023-02-07
CMT00021,DEC00009,,supplier,SUP0170,supplier_account_manager,2023-01-17,Supplier 170 (SUP0170) commits to deliver RMPO000460 by 2023-01-24 on expedited freight,1589.5394,2023-01-24,2% credit per week late beyond 3 days,breached,2023-01-30
CMT00022,DEC00010,,plant,P02,plant_scheduler,2023-01-17,P02 commits to ship 198.1 ea of RM0132 to arrive at P04 by 2023-01-19,198.1446,2023-01-19,internal,breached,2023-01-21
CMT00023,DEC00008,,supplier,SUP0109,supplier_account_manager,2023-01-17,Supplier 109 (SUP0109) commits to deliver replacement order RMPO001161 by 2023-01-23,2500.0,2023-01-23,1% credit per week late beyond 5 days,renegotiated,2023-01-18
CMT00024,DEC00009,,warehouse,W005,plant_scheduler,2023-01-18,P01 commits to deliver FG line POL0018371 (PO PO006172) to W005 by 2023-02-07,257.0,2023-02-07,service-level KPI,fulfilled,2023-02-07
CMT00025,DEC00008,,warehouse,W003,plant_scheduler,2023-01-18,P01 commits to deliver FG line POL0010327 (PO PO003476) to W003 by 2023-02-11,365.0,2023-02-11,service-level KPI,renegotiated,2023-01-18
CMT00026,DEC00011,,supplier,SUP0051,supplier_account_manager,2023-01-20,Supplier 051 (SUP0051) commits to deliver RMPO000457 by 2023-02-11 on expedited freight,1385.3759,2023-02-11,none,fulfilled,2023-02-11
CMT00027,DEC00011,,warehouse,W006,plant_scheduler,2023-01-21,P03 commits to deliver FG line POL0019241 (PO PO006464) to W006 by 2023-02-21,305.0,2023-02-21,service-level KPI,fulfilled,2023-02-19
CMT00028,DEC00014,,supplier,SUP0039,supplier_account_manager,2023-01-22,Supplier 039 (SUP0039) confirms revised ship-to-arrive date 2023-02-05 for RMPO001164,3422.7644,2023-02-05,expedite freight at supplier cost if >7 days late,breached,2023-02-08
CMT00029,DEC00012,,supplier,SUP0191,supplier_account_manager,2023-01-22,Supplier 191 (SUP0191) commits to deliver RMPO000458 by 2023-02-18 on expedited freight,659.1043,2023-02-18,1% credit per week late beyond 5 days,fulfilled,2023-02-18
CMT00030,DEC00012,,supplier,SUP0191,supplier_account_manager,2023-01-22,Supplier 191 (SUP0191) confirms revised ship-to-arrive date 2023-02-25 for RMPO000458,659.1043,2023-02-25,1% credit per week late beyond 5 days,fulfilled,2023-02-18
CMT00031,DEC00014,,supplier,SUP0039,supplier_account_manager,2023-01-23,Supplier 039 (SUP0039) commits to deliver RMPO001164 by 2023-01-28 on expedited freight,3422.7644,2023-01-28,expedite freight at supplier cost if >7 days late,breached,2023-02-08
CMT00032,DEC00012,,warehouse,W008,plant_scheduler,2023-01-23,P03 commits to deliver FG line POL0031343 (PO PO010477) to W008 by 2023-03-05,180.0,2023-03-05,service-level KPI,fulfilled,2023-02-26
CMT00033,DEC00013,,supplier,SUP0054,supplier_account_manager,2023-01-23,Supplier 054 (SUP0054) commits to deliver RMPO001166 by 2023-02-07 on expedited freight,34.2912,2023-02-07,2% credit per week late beyond 3 days,fulfilled,2023-02-07
CMT00034,DEC00017,,supplier,SUP0103,supplier_account_manager,2023-01-23,Supplier 103 (SUP0103) confirms revised ship-to-arrive date 2023-02-16 for RMPO000612,64.5847,2023-02-16,expedite freight at supplier cost if >7 days late,fulfilled,2023-02-09
CMT00035,DEC00014,,warehouse,W009,plant_scheduler,2023-01-24,P04 commits to deliver FG line POL0018644 (PO PO006267) to W009 by 2023-02-12,252.0,2023-02-12,service-level KPI,renegotiated,2023-01-30
CMT00036,DEC00015,,supplier,SUP0054,supplier_account_manager,2023-01-24,Supplier 054 (SUP0054) commits to deliver RMPO001210 by 2023-02-15 on expedited freight,42.8065,2023-02-15,2% credit per week late beyond 3 days,fulfilled,2023-02-14
CMT00037,DEC00013,,warehouse,W008,plant_scheduler,2023-01-24,P05 commits to deliver FG line POL0051118 (PO PO017070) to W008 by 2023-02-19,244.0,2023-02-19,service-level KPI,fulfilled,2023-02-14
CMT00038,DEC00016,,supplier,SUP0054,supplier_account_manager,2023-01-24,Supplier 054 (SUP0054) commits to deliver RMPO001162 by 2023-02-17 on expedited freight,385.0712,2023-02-17,2% credit per week late beyond 3 days,fulfilled,2023-02-14
CMT00039,DEC00016,,supplier,SUP0054,supplier_account_manager,2023-01-24,Supplier 054 (SUP0054) confirms revised ship-to-arrive date 2023-02-22 for RMPO001162,385.0712,2023-02-22,2% credit per week late beyond 3 days,fulfilled,2023-02-14
CMT00040,DEC00017,,supplier,SUP0103,supplier_account_manager,2023-01-24,Supplier 103 (SUP0103) commits to deliver RMPO000612 by 2023-02-10 on expedited freight,64.5847,2023-02-10,expedite freight at supplier cost if >7 days late,fulfilled,2023-02-09
CMT00041,DEC00018,,supplier,SUP0183,supplier_account_manager,2023-01-24,Supplier 183 (SUP0183) commits to deliver RMPO000973 by 2023-02-04 on expedited freight,1447.0021,2023-02-04,1% credit per week late beyond 5 days,breached,2023-02-10
CMT00042,DEC00018,,supplier,SUP0183,supplier_account_manager,2023-01-24,Supplier 183 (SUP0183) confirms revised ship-to-arrive date 2023-02-12 for RMPO000973,1447.0021,2023-02-12,1% credit per week late beyond 5 days,fulfilled,2023-02-10
CMT00043,DEC00015,,warehouse,W001,plant_scheduler,2023-01-25,P04 commits to deliver FG line POL0030865 (PO PO010320) to W001 by 2023-02-27,285.0,2023-02-27,service-level KPI,fulfilled,2023-02-21
CMT00044,DEC00016,,warehouse,W009,plant_scheduler,2023-01-25,P02 commits to deliver FG line POL0034714 (PO PO011604) to W009 by 2023-03-02,560.0,2023-03-02,service-level KPI,fulfilled,2023-02-22
CMT00045,DEC00019,,supplier,SUP0054,supplier_account_manager,2023-01-25,Supplier 054 (SUP0054) confirms revised ship-to-arrive date 2023-02-15 for RMPO001361,309.1372,2023-02-15,2% credit per week late beyond 3 days,fulfilled,2023-02-13
CMT00046,DEC00022,,supplier,SUP0051,supplier_account_manager,2023-01-25,Supplier 051 (SUP0051) confirms revised ship-to-arrive date 2023-02-22 for RMPO000494,756.1761,2023-02-22,none,fulfilled,2023-02-15
CMT00047,DEC00017,,warehouse,W001,plant_scheduler,2023-01-25,P02 commits to deliver FG line POL0023950 (PO PO008031) to W001 by 2023-02-20,395.0,2023-02-20,service-level KPI,fulfilled,2023-02-14
CMT00048,DEC00018,,warehouse,W001,plant_scheduler,2023-01-25,P04 commits to deliver FG line POL0009809 (PO PO003305) to W001 by 2023-02-18,185.0,2023-02-18,service-level KPI,fulfilled,2023-02-17
CMT00049,DEC00020,,supplier,SUP0175,supplier_account_manager,2023-01-26,Supplier 175 (SUP0175) commits to deliver RMPO001364 by 2023-02-04 on expedited freight,287.07,2023-02-04,none,breached,2023-02-12
CMT00050,DEC00020,,supplier,SUP0175,supplier_account_manager,2023-01-26,Supplier 175 (SUP0175) confirms revised ship-to-arrive date 2023-02-07 for RMPO001364,287.07,2023-02-07,none,breached,2023-02-12
CMT00051,DEC00021,,supplier,SUP0182,supplier_account_manager,2023-01-26,Supplier 182 (SUP0182) commits to deliver RMPO000461 by 2023-02-03 on expedited freight,455.176,2023-02-03,1% credit per week late beyond 5 days,breached,2023-02-10
CMT00052,DEC00023,,plant,P01,plant_scheduler,2023-01-26,P01 commits to ship 504.4 ea of RM0105 to arrive at P03 by 2023-01-28,504.4173,2023-01-28,internal,breached,2023-01-30
CMT00053,DEC00019,,supplier,SUP0054,supplier_account_manager,2023-01-26,Supplier 054 (SUP0054) commits to deliver RMPO001361 by 2023-02-11 on expedited freight,309.1372,2023-02-11,2% credit per week late beyond 3 days,breached,2023-02-13
CMT00054,DEC00022,,supplier,SUP0051,supplier_account_manager,2023-01-26,Supplier 051 (SUP0051) commits to deliver RMPO000494 by 2023-02-15 on expedited freight,756.1761,2023-02-15,none,fulfilled,2023-02-15
CMT00055,DEC00020,,warehouse,W003,plant_scheduler,2023-01-27,P04 commits to deliver FG line POL0019354 (PO PO006497) to W003 by 2023-02-11,274.0,2023-02-11,service-level KPI,breached,2023-02-16
CMT00056,DEC00021,,warehouse,W006,plant_scheduler,2023-01-27,P05 commits to deliver FG line POL0042014 (PO PO014020) to W006 by 2023-02-21,265.0,2023-02-21,service-level KPI,breached,2023-02-22
CMT00057,DEC00019,,warehouse,W004,plant_scheduler,2023-01-27,P04 commits to deliver FG line POL0047402 (PO PO015821) to W004 by 2023-02-22,45.0,2023-02-22,service-level KPI,breached,2023-02-25
CMT00058,DEC00025,,supplier,SUP0054,supplier_account_manager,2023-01-27,Supplier 054 (SUP0054) confirms revised ship-to-arrive date 2023-02-10 for RMPO001363,102.9422,2023-02-10,2% credit per week late beyond 3 days,fulfilled,2023-02-07
CMT00059,DEC00022,,warehouse,W004,plant_scheduler,2023-01-27,P05 commits to deliver FG line POL0030330 (PO PO010150) to W004 by 2023-03-01,65.0,2023-03-01,service-level KPI,fulfilled,2023-02-26
CMT00060,DEC00024,,warehouse,W007,plant_scheduler,2023-01-28,P05 commits to deliver FG line POL0021461 (PO PO007192) to W007 by 2023-02-22,277.0,2023-02-22,service-level KPI,breached,2023-02-23
CMT00061,DEC00033,,supplier,SUP0039,supplier_account_manager,2023-01-28,Supplier 039 (SUP0039) confirms revised ship-to-arrive date 2023-02-11 for RMPO001362,130.2953,2023-02-11,expedite freight at supplier cost if >7 days late,breached,2023-02-15
CMT00062,DEC00029,,supplier,SUP0134,supplier_account_manager,2023-01-28,Supplier 134 (SUP0134) commits to deliver RMPO000539 by 2023-02-17 on expedited freight,440.0792,2023-02-17,none,breached,2023-02-21
CMT00063,DEC00029,,supplier,SUP0134,supplier_account_manager,2023-01-28,Supplier 134 (SUP0134) confirms revised ship-to-arrive date 2023-02-25 for RMPO000539,440.0792,2023-02-25,none,fulfilled,2023-02-21
CMT00064,DEC00025,,supplier,SUP0054,supplier_account_manager,2023-01-28,Supplier 054 (SUP0054) commits to deliver RMPO001363 by 2023-02-07 on expedited freight,102.9422,2023-02-07,2% credit per week late beyond 3 days,fulfilled,2023-02-07
CMT00065,DEC00026,,supplier,SUP0199,supplier_account_manager,2023-01-28,Supplier 199 (SUP0199) commits to deliver RMPO001124 by 2023-02-05 on expedited freight,5.5,2023-02-05,none,breached,2023-02-08
CMT00066,DEC00026,,supplier,SUP0199,supplier_account_manager,2023-01-28,Supplier 199 (SUP0199) confirms revised ship-to-arrive date 2023-02-08 for RMPO001124,5.5,2023-02-08,none,fulfilled,2023-02-08
CMT00067,DEC00027,,supplier,SUP0201,supplier_account_manager,2023-01-28,Supplier 201 (SUP0201) commits to deliver RMPO001167 by 2023-02-19 on expedited freight,7.5516,2023-02-19,"0.5% credit per day late, capped at 10%",fulfilled,2023-02-17
CMT00068,DEC00031,,supplier,SUP0214,supplier_account_manager,2023-01-28,Supplier 214 (SUP0214) confirms revised ship-to-arrive date 2023-02-09 for RMPO000610,15.9088,2023-02-09,none,fulfilled,2023-02-09
CMT00069,DEC00028,,supplier,SUP0065,supplier_account_manager,2023-01-28,Supplier 065 (SUP0065) commits to deliver RMPO001163 by 2023-02-09 on expedited freight,8.5839,2023-02-09,"0.5% credit per day late, capped at 10%",breached,2023-02-13
CMT00070,DEC00034,,supplier,SUP0013,supplier_account_manager,2023-01-29,Supplier 013 (SUP0013) confirms revised ship-to-arrive date 2023-02-11 for RMPO000970,696.9459,2023-02-11,none,fulfilled,2023-02-08
CMT00071,DEC00033,,supplier,SUP0039,supplier_account_manager,2023-01-29,Supplier 039 (SUP0039) commits to deliver RMPO001362 by 2023-02-04 on expedited freight,130.2953,2023-02-04,expedite freight at supplier cost if >7 days late,breached,2023-02-15
CMT00072,DEC00029,,warehouse,W003,plant_scheduler,2023-01-29,P01 commits to deliver FG line POL0053466 (PO PO017837) to W003 by 2023-03-04,496.0,2023-03-04,service-level KPI,fulfilled,2023-03-01
CMT00073,DEC00030,,supplier,SUP0054,supplier_account_manager,2023-01-29,Supplier 054 (SUP0054) commits to deliver RMPO001165 by 2023-02-20 on expedited freight,91.1344,2023-02-20,2% credit per week late beyond 3 days,fulfilled,2023-02-18
CMT00074,DEC00025,,warehouse,W004,plant_scheduler,2023-01-29,P02 commits to deliver FG line POL0000499 (PO PO000167) to W004 by 2023-02-18,307.0,2023-02-18,service-level KPI,fulfilled,2023-02-16
CMT00075,DEC00026,,warehouse,W012,plant_scheduler,2023-01-29,P02 commits to deliver FG line POL0012828 (PO PO004307) to W012 by 2023-02-15,105.0,2023-02-15,service-level KPI,fulfilled,2023-02-15
CMT00076,DEC00027,,warehouse,W004,plant_scheduler,2023-01-29,P05 commits to deliver FG line POL0030326 (PO PO010150) to W004 by 2023-02-28,222.0,2023-02-28,service-level KPI,fulfilled,2023-02-26
CMT00077,DEC00031,,supplier,SUP0214,supplier_account_manager,2023-01-29,Supplier 214 (SUP0214) commits to deliver RMPO000610 by 2023-02-05 on expedited freight,15.9088,2023-02-05,none,breached,2023-02-09
CMT00078,DEC00028,,warehouse,W010,plant_scheduler,2023-01-29,P01 commits to deliver FG line POL0014571 (PO PO004897) to W010 by 2023-02-17,340.0,2023-02-17,service-level KPI,fulfilled,2023-02-17
CMT00079,DEC00034,,supplier,SUP0013,supplier_account_manager,2023-01-30,Supplier 013 (SUP0013) commits to deliver RMPO000970 by 2023-02-04 on expedited freight,696.9459,2023-02-04,none,breached,2023-02-08
CMT00080,DEC00032,,warehouse,W005,plant_scheduler,2023-01-30,P05 commits to deliver FG line POL0051343 (PO PO017140) to W005 by 2023-02-07,102.0,2023-02-07,service-level KPI,breached,2023-02-08
CMT00081,DEC00033,,warehouse,W002,plant_scheduler,2023-01-30,P01 commits to deliver FG line POL0032833 (PO PO010968) to W002 by 2023-02-19,464.0,2023-02-19,service-level KPI,breached,2023-02-24
CMT00082,DEC00035,,supplier,SUP0125,supplier_account_manager,2023-01-30,Supplier 125 (SUP0125) commits to deliver replacement order RMPO001457 by 2023-02-04,368.1657,2023-02-04,2% credit per week late beyond 3 days,breached,2023-02-08
CMT00083,DEC00030,,warehouse,W008,plant_scheduler,2023-01-30,P02 commits to deliver FG line POL0031344 (PO PO010477) to W008 by 2023-03-06,71.0,2023-03-06,service-level KPI,fulfilled,2023-02-26
CMT00084,DEC00031,,warehouse,W012,plant_scheduler,2023-01-30,P03 commits to deliver FG line POL0039812 (PO PO013287) to W012 by 2023-02-16,34.0,2023-02-16,service-level KPI,breached,2023-02-17
CMT00085,DEC00034,,warehouse,W004,plant_scheduler,2023-01-31,P02 commits to deliver FG line POL0023414 (PO PO007845) to W004 by 2023-02-19,112.0,2023-02-19,service-level KPI,fulfilled,2023-02-16
CMT00086,DEC00036,,supplier,SUP0182,supplier_account_manager,2023-01-31,Supplier 182 (SUP0182) commits to deliver RMPO000577 by 2023-02-24 on expedited freight,500.0,2023-02-24,1% credit per week late beyond 5 days,breached,2023-02-26
CMT00087,DEC00036,,supplier,SUP0182,supplier_account_manager,2023-01-31,Supplier 182 (SUP0182) confirms revised ship-to-arrive date 2023-03-02 for RMPO000577,500.0,2023-03-02,1% credit per week late beyond 5 days,fulfilled,2023-02-26
CMT00088,DEC00035,,warehouse,W004,plant_scheduler,2023-01-31,P02 commits to deliver FG line POL0000500 (PO PO000167) to W004 by 2023-02-21,308.0,2023-02-21,service-level KPI,fulfilled,2023-02-16
CMT00089,,,supplier,SUP0179,supplier_account_manager,2023-01-31,Supplier 179 (SUP0179) order confirmation: RMPO001514 to arrive by 2023-02-28,1000.0,2023-02-28,1% credit per week late beyond 5 days,renegotiated,2023-02-21
CMT00090,DEC00037,,supplier,SUP0054,supplier_account_manager,2023-01-31,Supplier 054 (SUP0054) confirms revised ship-to-arrive date 2023-02-20 for RMPO001366,269.129,2023-02-20,2% credit per week late beyond 3 days,fulfilled,2023-02-17
CMT00091,DEC00040,,supplier,SUP0134,supplier_account_manager,2023-02-01,Supplier 134 (SUP0134) confirms revised ship-to-arrive date 2023-02-23 for RMPO000611,90.0,2023-02-23,none,fulfilled,2023-02-23
CMT00092,DEC00036,,warehouse,W009,plant_scheduler,2023-02-01,P03 commits to deliver FG line POL0021867 (PO PO007327) to W009 by 2023-03-06,476.0,2023-03-06,service-level KPI,fulfilled,2023-03-02
CMT00093,DEC00037,,supplier,SUP0054,supplier_account_manager,2023-02-01,Supplier 054 (SUP0054) commits to deliver RMPO001366 by 2023-02-13 on expedited freight,269.129,2023-02-13,2% credit per week late beyond 3 days,breached,2023-02-17
CMT00094,DEC00038,,supplier,SUP0103,supplier_account_manager,2023-02-01,Supplier 103 (SUP0103) commits to deliver RMPO000676 by 2023-02-17 on expedited freight,54.2221,2023-02-17,expedite freight at supplier cost if >7 days late,fulfilled,2023-02-15
CMT00095,DEC00038,,supplier,SUP0103,supplier_account_manager,2023-02-01,Supplier 103 (SUP0103) confirms revised ship-to-arrive date 2023-02-20 for RMPO000676,54.2221,2023-02-20,expedite freight at supplier cost if >7 days late,fulfilled,2023-02-15
CMT00096,DEC00039,,supplier,SUP0103,supplier_account_manager,2023-02-01,Supplier 103 (SUP0103) commits to deliver RMPO000613 by 2023-02-13 on expedited freight,37.2185,2023-02-13,expedite freight at supplier cost if >7 days late,fulfilled,2023-02-09
CMT00097,DEC00039,,supplier,SUP0103,supplier_account_manager,2023-02-01,Supplier 103 (SUP0103) confirms revised ship-to-arrive date 2023-02-17 for RMPO000613,37.2185,2023-02-17,expedite freight at supplier cost if >7 days late,fulfilled,2023-02-09
CMT00098,DEC00041,,supplier,SUP0039,supplier_account_manager,2023-02-02,Supplier 039 (SUP0039) commits to deliver RMPO001577 by 2023-02-16 on expedited freight,357.7121,2023-02-16,expedite freight at supplier cost if >7 days late,breached,2023-02-20
CMT00099,DEC00037,,warehouse,W001,plant_scheduler,2023-02-02,P01 commits to deliver FG line POL0029237 (PO PO009778) to W001 by 2023-02-27,545.0,2023-02-27,service-level KPI,fulfilled,2023-02-27
CMT00100,DEC00038,,warehouse,W012,plant_scheduler,2023-02-02,P03 commits to deliver FG line POL0011266 (PO PO003795) to W012 by 2023-02-25,344.0,2023-02-25,service-level KPI,breached,2023-03-02
CMT00101,DEC00039,,warehouse,W003,plant_scheduler,2023-02-02,P04 commits to deliver FG line POL0037398 (PO PO012488) to W003 by 2023-02-23,330.0,2023-02-23,service-level KPI,fulfilled,2023-02-15
CMT00102,DEC00043,,supplier,SUP0185,supplier_account_manager,2023-02-02,Supplier 185 (SUP0185) confirms revised ship-to-arrive date 2023-02-25 for RMPO001575,10084.8814,2023-02-25,none,fulfilled,2023-02-21
CMT00103,DEC00040,,warehouse,W004,plant_scheduler,2023-02-03,P05 commits to deliver FG line POL0025307 (PO PO008478) to W004 by 2023-02-27,58.0,2023-02-27,service-level KPI,breached,2023-02-28
CMT00104,DEC00041,,warehouse,W009,plant_scheduler,2023-02-03,P04 commits to deliver FG line POL0047152 (PO PO015735) to W009 by 2023-02-27,444.0,2023-02-27,service-level KPI,fulfilled,2023-02-27
CMT00105,DEC00042,,supplier,SUP0201,supplier_account_manager,2023-02-03,Supplier 201 (SUP0201) commits to deliver RMPO001321 by 2023-03-01 on expedited freight,12.0793,2023-03-01,"0.5% credit per day late, capped at 10%",fulfilled,2023-03-01
CMT00106,DEC00042,,supplier,SUP0201,supplier_account_manager,2023-02-03,Supplier 201 (SUP0201) confirms revised ship-to-arrive date 2023-03-04 for RMPO001321,12.0793,2023-03-04,"0.5% credit per day late, capped at 10%",fulfilled,2023-03-01
CMT00107,DEC00043,,supplier,SUP0185,supplier_account_manager,2023-02-03,Supplier 185 (SUP0185) commits to deliver RMPO001575 by 2023-02-19 on expedited freight,10084.8814,2023-02-19,none,breached,2023-02-21
CMT00108,DEC00045,,supplier,SUP0013,supplier_account_manager,2023-02-04,Supplier 013 (SUP0013) commits to deliver RMPO001160 by 2023-02-07 on expedited freight,629.7268,2023-02-07,none,breached,2023-02-15
CMT00109,DEC00045,,supplier,SUP0013,supplier_account_manager,2023-02-04,Supplier 013 (SUP0013) confirms revised ship-to-arrive date 2023-02-15 for RMPO001160,629.7268,2023-02-15,none,fulfilled,2023-02-15
CMT00110,DEC00044,,supplier,SUP0103,supplier_account_manager,2023-02-04,Supplier 103 (SUP0103) commits to deliver RMPO000675 by 2023-02-11 on expedited freight,34.4242,2023-02-11,expedite freight at supplier cost if >7 days late,breached,2023-02-17
CMT00111,DEC00042,,warehouse,W011,plant_scheduler,2023-02-04,P03 commits to deliver FG line POL0020901 (PO PO007012) to W011 by 2023-03-09,488.0,2023-03-09,service-level KPI,fulfilled,2023-03-07
CMT00112,DEC00043,,warehouse,W003,plant_scheduler,2023-02-04,P05 commits to deliver FG line POL0033423 (PO PO011171) to W003 by 2023-03-04,79.0,2023-03-04,service-level KPI,fulfilled,2023-02-28
CMT00113,DEC00045,,warehouse,W006,plant_scheduler,2023-02-05,P04 commits to deliver FG line POL0042510 (PO PO014185) to W006 by 2023-02-17,49.0,2023-02-17,service-level KPI,fulfilled,2023-02-17
CMT00114,DEC00046,,supplier,SUP0011,supplier_account_manager,2023-02-05,Supplier 011 (SUP0011) commits to deliver RMPO000338 by 2023-02-17 on expedited freight,8340.7945,2023-02-17,2% credit per week late beyond 3 days,breached,2023-02-23
CMT00115,DEC00046,,supplier,SUP0011,supplier_account_manager,2023-02-05,Supplier 011 (SUP0011) confirms revised ship-to-arrive date 2023-02-20 for RMPO000338,8340.7945,2023-02-20,2% credit per week late beyond 3 days,breached,2023-02-23
CMT00116,DEC00047,,supplier,SUP0051,supplier_account_manager,2023-02-05,Supplier 051 (SUP0051) commits to deliver RMPO000493 by 2023-02-16 on expedited freight,700.0,2023-02-16,none,breached,2023-02-24
CMT00117,DEC00047,,supplier,SUP0051,supplier_account_manager,2023-02-05,Supplier 051 (SUP0051) confirms revised ship-to-arrive date 2023-02-24 for RMPO000493,700.0,2023-02-24,none,fulfilled,2023-02-24
CMT00118,DEC00044,,warehouse,W004,plant_scheduler,2023-02-05,P01 commits to deliver FG line POL0002641 (PO PO000881) to W004 by 2023-02-21,209.0,2023-02-21,service-level KPI,fulfilled,2023-02-21
CMT00119,DEC00051,,supplier,SUP0134,supplier_account_manager,2023-02-06,Supplier 134 (SUP0134) confirms revised ship-to-arrive date 2023-02-26 for RMPO000540,571.7145,2023-02-26,none,fulfilled,2023-02-26
CMT00120,DEC00052,,supplier,SUP0217,supplier_account_manager,2023-02-06,Supplier 217 (SUP0217) confirms revised ship-to-arrive date 2023-02-25 for RMPO000972,181.7975,2023-02-25,"0.5% credit per day late, capped at 10%",fulfilled,2023-02-23
CMT00121,DEC00046,,warehouse,W009,plant_scheduler,2023-02-06,P02 commits to deliver FG line POL0021826 (PO PO007314) to W009 by 2023-02-27,413.0,2023-02-27,service-level KPI,breached,2023-03-03
CMT00122,DEC00048,,supplier,SUP0054,supplier_account_manager,2023-02-06,Supplier 054 (SUP0054) confirms revised ship-to-arrive date 2023-02-28 for RMPO001579,482.1973,2023-02-28,2% credit per week late beyond 3 days,fulfilled,2023-02-28
CMT00123,DEC00047,,warehouse,W009,plant_scheduler,2023-02-06,P04 commits to deliver FG line POL0021824 (PO PO007314) to W009 by 2023-03-02,80.0,2023-03-02,service-level KPI,breached,2023-03-03
CMT00124,DEC00050,,supplier,SUP0039,supplier_account_manager,2023-02-07,Supplier 039 (SUP0039) commits to deliver RMPO001573 by 2023-02-13 on expedited freight,5.4449,2023-02-13,expedite freight at supplier cost if >7 days late,breached,2023-02-18
CMT00125,DEC00050,,supplier,SUP0039,supplier_account_manager,2023-02-07,Supplier 039 (SUP0039) confirms revised ship-to-arrive date 2023-02-18 for RMPO001573,5.4449,2023-02-18,expedite freight at supplier cost if >7 days late,fulfilled,2023-02-18
CMT00126,DEC00051,,supplier,SUP0134,supplier_account_manager,2023-02-07,Supplier 134 (SUP0134) commits to deliver RMPO000540 by 2023-02-19 on expedited freight,571.7145,2023-02-19,none,breached,2023-02-26
CMT00127,DEC00052,,supplier,SUP0217,supplier_account_manager,2023-02-07,Supplier 217 (SUP0217) commits to deliver RMPO000972 by 2023-02-17 on expedited freight,181.7975,2023-02-17,"0.5% credit per day late, capped at 10%",breached,2023-02-23
CMT00128,DEC00053,,supplier,SUP0054,supplier_account_manager,2023-02-07,Supplier 054 (SUP0054) confirms revised ship-to-arrive date 2023-02-26 for RMPO001574,73.0759,2023-02-26,2% credit per week late beyond 3 days,fulfilled,2023-02-24
CMT00129,DEC00048,,supplier,SUP0054,supplier_account_manager,2023-02-07,Supplier 054 (SUP0054) commits to deliver RMPO001579 by 2023-02-25 on expedited freight,482.1973,2023-02-25,2% credit per week late beyond 3 days,breached,2023-02-28
CMT00130,DEC00049,,supplier,SUP0199,supplier_account_manager,2023-02-07,Supplier 199 (SUP0199) commits to deliver RMPO001320 by 2023-02-17 on expedited freight,5.5,2023-02-17,none,breached,2023-02-19
CMT00131,DEC00049,,supplier,SUP0199,supplier_account_manager,2023-02-07,Supplier 199 (SUP0199) confirms revised ship-to-arrive date 2023-02-23 for RMPO001320,5.5,2023-02-23,none,fulfilled,2023-02-19
CMT00132,DEC00050,,warehouse,W012,plant_scheduler,2023-02-08,P04 commits to deliver FG line POL0042490 (PO PO014178) to W012 by 2023-02-21,241.0,2023-02-21,service-level KPI,renegotiated,2023-02-11
CMT00133,DEC00054,,supplier,SUP0013,supplier_account_manager,2023-02-08,Supplier 013 (SUP0013) commits to deliver RMPO000976 by 2023-02-20 on expedited freight,895.638,2023-02-20,none,breached,2023-02-22
CMT00134,DEC00051,,warehouse,W011,plant_scheduler,2023-02-08,P03 commits to deliver FG line POL0018764 (PO PO006304) to W011 by 2023-03-03,463.0,2023-03-03,service-level KPI,breached,2023-03-04
CMT00135,DEC00052,,warehouse,W007,plant_scheduler,2023-02-08,P05 commits to deliver FG line POL0012116 (PO PO004066) to W007 by 2023-03-04,74.0,2023-03-04,service-level KPI,fulfilled,2023-03-03
CMT00136,DEC00053,,supplier,SUP0054,supplier_account_manager,2023-02-08,Supplier 054 (SUP0054) commits to deliver RMPO001574 by 2023-02-21 on expedited freight,73.0759,2023-02-21,2% credit per week late beyond 3 days,breached,2023-02-24
CMT00137,DEC00048,,warehouse,W007,plant_scheduler,2023-02-08,P03 commits to deliver FG line POL0010150 (PO PO003417) to W007 by 2023-03-09,22.0,2023-03-09,service-level KPI,fulfilled,2023-03-09
CMT00138,DEC00055,,supplier,SUP0054,supplier_account_manager,2023-02-08,Supplier 054 (SUP0054) confirms revised ship-to-arrive date 2023-03-02 for RMPO001804,268.0671,2023-03-02,2% credit per week late beyond 3 days,fulfilled,2023-03-02
CMT00139,DEC00049,,warehouse,W001,plant_scheduler,2023-02-08,P04 commits to deliver FG line POL0039160 (PO PO013071) to W001 by 2023-03-02,501.0,2023-03-02,service-level KPI,fulfilled,2023-02-26
CMT00140,DEC00058,,supplier,SUP0039,supplier_account_manager,2023-02-09,Supplier 039 (SUP0039) confirms revised ship-to-arrive date 2023-02-25 for RMPO001581,22.7825,2023-02-25,expedite freight at supplier cost if >7 days late,fulfilled,2023-02-25
CMT00141,DEC00054,,warehouse,W006,plant_scheduler,2023-02-09,P03 commits to deliver FG line POL0016818 (PO PO005638) to W006 by 2023-03-04,178.0,2023-03-04,service-level KPI,fulfilled,2023-02-27
CMT00142,DEC00053,,warehouse,W003,plant_scheduler,2023-02-09,P03 commits to deliver FG line POL0053465 (PO PO017837) to W003 by 2023-03-02,313.0,2023-03-02,service-level KPI,fulfilled,2023-03-01
CMT00143,DEC00055,,supplier,SUP0054,supplier_account_manager,2023-02-09,Supplier 054 (SUP0054) commits to deliver RMPO001804 by 2023-02-26 on expedited freight,268.0671,2023-02-26,2% credit per week late beyond 3 days,breached,2023-03-02
CMT00144,DEC00056,,supplier,SUP0185,supplier_account_manager,2023-02-09,Supplier 185 (SUP0185) commits to deliver RMPO001805 by 2023-02-26 on expedited freight,10480.045,2023-02-26,none,breached,2023-03-03
CMT00145,DEC00056,,supplier,SUP0185,supplier_account_manager,2023-02-09,Supplier 185 (SUP0185) confirms revised ship-to-arrive date 2023-03-05 for RMPO001805,10480.045,2023-03-05,none,fulfilled,2023-03-03
CMT00146,DEC00057,,supplier,SUP0214,supplier_account_manager,2023-02-09,Supplier 214 (SUP0214) commits to deliver RMPO000975 by 2023-02-23 on expedited freight,29.1764,2023-02-23,none,breached,2023-03-01
CMT00147,DEC00057,,supplier,SUP0214,supplier_account_manager,2023-02-09,Supplier 214 (SUP0214) confirms revised ship-to-arrive date 2023-03-03 for RMPO000975,29.1764,2023-03-03,none,fulfilled,2023-03-01
CMT00148,DEC00058,,warehouse,W007,plant_scheduler,2023-02-10,P05 commits to deliver FG line POL0000422 (PO PO000140) to W007 by 2023-03-04,339.0,2023-03-04,service-level KPI,breached,2023-03-05
CMT00149,DEC00059,,supplier,SUP0191,supplier_account_manager,2023-02-10,Supplier 191 (SUP0191) commits to deliver RMPO000756 by 2023-02-25 on expedited freight,356.7014,2023-02-25,1% credit per week late beyond 5 days,breached,2023-03-01
CMT00150,DEC00060,,supplier,SUP0039,supplier_account_manager,2023-02-10,Supplier 039 (SUP0039) confirms revised ship-to-arrive date 2023-02-28 for RMPO001613,466.8376,2023-02-28,expedite freight at supplier cost if >7 days late,fulfilled,2023-02-26
CMT00151,DEC00055,,warehouse,W010,plant_scheduler,2023-02-10,P05 commits to deliver FG line POL0014362 (PO PO004824) to W010 by 2023-03-08,217.0,2023-03-08,service-level KPI,breached,2023-03-11
CMT00152,DEC00056,,warehouse,W010,plant_scheduler,2023-02-10,P03 commits to deliver FG line POL0029191 (PO PO009763) to W010 by 2023-03-13,274.0,2023-03-13,service-level KPI,fulfilled,2023-03-12
CMT00153,DEC00057,,warehouse,W004,plant_scheduler,2023-02-10,P04 commits to deliver FG line POL0014916 (PO PO005011) to W004 by 2023-03-09,153.0,2023-03-09,service-level KPI,fulfilled,2023-03-08
CMT00154,DEC00059,,warehouse,W007,plant_scheduler,2023-02-11,P04 commits to deliver FG line POL0016570 (PO PO005554) to W007 by 2023-03-09,168.0,2023-03-09,service-level KPI,fulfilled,2023-03-06
CMT00155,DEC00060,,supplier,SUP0039,supplier_account_manager,2023-02-11,Supplier 039 (SUP0039) commits to deliver RMPO001613 by 2023-02-21 on expedited freight,466.8376,2023-02-21,expedite freight at supplier cost if >7 days late,breached,2023-02-26
CMT00156,DEC00061,,supplier,SUP0055,supplier_account_manager,2023-02-11,Supplier 055 (SUP0055) commits to deliver RMPO001365 by 2023-02-25 on expedited freight,6796.8434,2023-02-25,1% credit per week late beyond 5 days,breached,2023-03-01
CMT00157,DEC00064,,supplier,SUP0039,supplier_account_manager,2023-02-11,Supplier 039 (SUP0039) confirms revised ship-to-arrive date 2023-02-21 for RMPO001808,1600.7918,2023-02-21,expedite freight at supplier cost if >7 days late,fulfilled,2023-02-21
CMT00158,DEC00063,,supplier,SUP0042,supplier_account_manager,2023-02-11,Supplier 042 (SUP0042) confirms revised ship-to-arrive date 2023-02-27 for RMPO001578,1051.3979,2023-02-27,"0.5% credit per day late, capped at 10%",fulfilled,2023-02-21
CMT00159,DEC00060,,warehouse,W011,plant_scheduler,2023-02-12,P03 commits to deliver FG line POL0018766 (PO PO006304) to W011 by 2023-03-05,235.0,2023-03-05,service-level KPI,fulfilled,2023-03-04
CMT00160,DEC00061,,warehouse,W004,plant_scheduler,2023-02-12,P02 commits to deliver FG line POL0010059 (PO PO003387) to W004 by 2023-03-12,131.0,2023-03-12,service-level KPI,renegotiated,2023-02-28
CMT00161,DEC00064,,supplier,SUP0039,supplier_account_manager,2023-02-12,Supplier 039 (SUP0039) commits to deliver RMPO001808 by 2023-02-18 on expedited freight,1600.7918,2023-02-18,expedite freight at supplier cost if >7 days late,breached,2023-02-21
CMT00162,DEC00062,,supplier,SUP0054,supplier_account_manager,2023-02-12,Supplier 054 (SUP0054) commits to deliver RMPO001580 by 2023-02-27 on expedited freight,69.8561,2023-02-27,2% credit per week late beyond 3 days,fulfilled,2023-02-25
CMT00163,DEC00063,,supplier,SUP0042,supplier_account_manager,2023-02-12,Supplier 042 (SUP0042) commits to deliver RMPO001578 by 2023-02-23 on expedited freight,1051.3979,2023-02-23,"0.5% credit per day late, capped at 10%",fulfilled,2023-02-21
CMT00164,DEC00064,,warehouse,W004,plant_scheduler,2023-02-13,P02 commits to deliver FG line POL0049229 (PO PO016434) to W004 by 2023-03-01,389.0,2023-03-01,service-level KPI,renegotiated,2023-02-15
CMT00165,DEC00067,,supplier,SUP0039,supplier_account_manager,2023-02-13,Supplier 039 (SUP0039) confirms revised ship-to-arrive date 2023-03-05 for RMPO001811,1382.7717,2023-03-05,expedite freight at supplier cost if >7 days late,fulfilled,2023-02-27
CMT00166,DEC00062,,warehouse,W004,plant_scheduler,2023-02-13,P01 commits to deliver FG line POL0000599 (PO PO000200) to W004 by 2023-03-09,556.0,2023-03-09,service-level KPI,fulfilled,2023-03-03
CMT00167,DEC00063,,warehouse,W009,plant_scheduler,2023-02-13,P04 commits to deliver FG line POL0040210 (PO PO013420) to W009 by 2023-03-06,430.0,2023-03-06,service-level KPI,breached,2023-03-10
CMT00168,DEC00065,,supplier,SUP0054,supplier_account_manager,2023-02-13,Supplier 054 (SUP0054) commits to deliver RMPO001627 by 2023-02-24 on expedited freight,91.8167,2023-02-24,2% credit per week late beyond 3 days,breached,2023-02-25
CMT00169,DEC00065,,supplier,SUP0054,supplier_account_manager,2023-02-13,Supplier 054 (SUP0054) confirms revised ship-to-arrive date 2023-03-01 for RMPO001627,91.8167,2023-03-01,2% credit per week late beyond 3 days,fulfilled,2023-02-25
CMT00170,DEC00067,,supplier,SUP0039,supplier_account_manager,2023-02-14,Supplier 039 (SUP0039) commits to deliver RMPO001811 by 2023-03-01 on expedited freight,1382.7717,2023-03-01,expedite freight at supplier cost if >7 days late,fulfilled,2023-02-27
CMT00171,DEC00068,,plant,P01,plant_scheduler,2023-02-14,P01 commits to ship 920.8 kg of RM0113 to arrive at P04 by 2023-02-16,920.8003,2023-02-16,internal,breached,2023-02-18
CMT00172,DEC00065,,warehouse,W012,plant_scheduler,2023-02-14,P03 commits to deliver FG line POL0047160 (PO PO015738) to W012 by 2023-03-08,439.0,2023-03-08,service-level KPI,fulfilled,2023-03-04
CMT00173,DEC00066,,supplier,SUP0214,supplier_account_manager,2023-02-14,Supplier 214 (SUP0214) commits to deliver RMPO000971 by 2023-02-21 on expedited freight,25.6908,2023-02-21,none,breached,2023-02-25
CMT00174,DEC00066,,supplier,SUP0214,supplier_account_manager,2023-02-14,Supplier 214 (SUP0214) confirms revised ship-to-arrive date 2023-02-25 for RMPO000971,25.6908,2023-02-25,none,fulfilled,2023-02-25
CMT00175,DEC00070,,supplier,SUP0039,supplier_account_manager,2023-02-15,Supplier 039 (SUP0039) confirms revised ship-to-arrive date 2023-02-24 for RMPO001810,924.962,2023-02-24,expedite freight at supplier cost if >7 days late,fulfilled,2023-02-24
CMT00176,DEC00067,,warehouse,W004,plant_scheduler,2023-02-15,P05 commits to deliver FG line POL0049979 (PO PO016678) to W004 by 2023-03-13,166.0,2023-03-13,service-level KPI,fulfilled,2023-03-07
CMT00177,DEC00071,,supplier,SUP0039,supplier_account_manager,2023-02-15,Supplier 039 (SUP0039) confirms revised ship-to-arrive date 2023-03-09 for RMPO001807,450.0,2023-03-09,expedite freight at supplier cost if >7 days late,fulfilled,2023-03-04
CMT00178,DEC00069,,supplier,SUP0051,supplier_account_manager,2023-02-15,Supplier 051 (SUP0051) commits to deliver RMPO000798 by 2023-02-18 on expedited freight,1983.4458,2023-02-18,none,breached,2023-02-26
CMT00179,DEC00069,,supplier,SUP0051,supplier_account_manager,2023-02-15,Supplier 051 (SUP0051) confirms revised ship-to-arrive date 2023-02-23 for RMPO000798,1983.4458,2023-02-23,none,breached,2023-02-26
CMT00180,DEC00066,,warehouse,W007,plant_scheduler,2023-02-15,P05 commits to deliver FG line POL0034773 (PO PO011624) to W007 by 2023-03-04,316.0,2023-03-04,service-level KPI,breached,2023-03-10
CMT00181,DEC00073,,supplier,SUP0051,supplier_account_manager,2023-02-16,Supplier 051 (SUP0051) confirms revised ship-to-arrive date 2023-02-26 for RMPO000802,1067.5337,2023-02-26,none,fulfilled,2023-02-26
CMT00182,DEC00074,,supplier,SUP0134,supplier_account_manager,2023-02-16,Supplier 134 (SUP0134) confirms revised ship-to-arrive date 2023-03-05 for RMPO000703,362.6133,2023-03-05,none,fulfilled,2023-02-27
CMT00183,DEC00070,,supplier,SUP0039,supplier_account_manager,2023-02-16,Supplier 039 (SUP0039) commits to deliver RMPO001810 by 2023-02-18 on expedited freight,924.962,2023-02-18,expedite freight at supplier cost if >7 days late,breached,2023-02-24
CMT00184,DEC00071,,supplier,SUP0039,supplier_account_manager,2023-02-16,Supplier 039 (SUP0039) commits to deliver RMPO001807 by 2023-03-03 on expedited freight,450.0,2023-03-03,expedite freight at supplier cost if >7 days late,breached,2023-03-04
CMT00185,DEC00069,,warehouse,W008,plant_scheduler,2023-02-16,P02 commits to deliver FG line POL0020776 (PO PO006973) to W008 by 2023-03-01,100.0,2023-03-01,service-level KPI,breached,2023-03-11
CMT00186,DEC00073,,supplier,SUP0051,supplier_account_manager,2023-02-17,Supplier 051 (SUP0051) commits to deliver RMPO000802 by 2023-02-20 on expedited freight,1067.5337,2023-02-20,none,breached,2023-02-26
CMT00187,DEC00074,,supplier,SUP0134,supplier_account_manager,2023-02-17,Supplier 134 (SUP0134) commits to deliver RMPO000703 by 2023-02-26 on expedited freight,362.6133,2023-02-26,none,breached,2023-02-27
CMT00188,DEC00070,,warehouse,W011,plant_scheduler,2023-02-17,P03 commits to deliver FG line POL0003083 (PO PO001024) to W011 by 2023-03-02,72.0,2023-03-02,service-level KPI,fulfilled,2023-03-02
CMT00189,DEC00071,,warehouse,W010,plant_scheduler,2023-02-17,P04 commits to deliver FG line POL0027986 (PO PO009371) to W010 by 2023-03-17,210.0,2023-03-17,service-level KPI,fulfilled,2023-03-12
CMT00190,DEC00072,,supplier,SUP0054,supplier_account_manager,2023-02-17,Supplier 054 (SUP0054) commits to deliver RMPO002068 by 2023-02-24 on expedited freight,82.3182,2023-02-24,2% credit per week late beyond 3 days,breached,2023-02-28
CMT00191,DEC00072,,supplier,SUP0054,supplier_account_manager,2023-02-17,Supplier 054 (SUP0054) confirms revised ship-to-arrive date 2023-02-28 for RMPO002068,82.3182,2023-02-28,2% credit per week late beyond 3 days,fulfilled,2023-02-28
CMT00192,DEC00074,,warehouse,W007,plant_scheduler,2023-02-18,P04 commits to deliver FG line POL0016572 (PO PO005554) to W007 by 2023-03-11,393.0,2023-03-11,service-level KPI,fulfilled,2023-03-06
CMT00193,DEC00075,,supplier,SUP0182,supplier_account_manager,2023-02-18,Supplier 182 (SUP0182) commits to deliver RMPO000748 by 2023-03-02 on expedited freight,389.1598,2023-03-02,1% credit per week late beyond 5 days,breached,2023-03-03
CMT00194,DEC00075,,supplier,SUP0182,supplier_account_manager,2023-02-18,Supplier 182 (SUP0182) confirms revised ship-to-arrive date 2023-03-06 for RMPO000748,389.1598,2023-03-06,1% credit per week late beyond 5 days,fulfilled,2023-03-03
CMT00195,DEC00073,,warehouse,W010,plant_scheduler,2023-02-18,P01 commits to deliver FG line POL0006369 (PO PO002160) to W010 by 2023-03-03,432.0,2023-03-03,service-level KPI,breached,2023-03-04
CMT00196,DEC00072,,warehouse,W004,plant_scheduler,2023-02-18,P01 commits to deliver FG line POL0006634 (PO PO002250) to W004 by 2023-03-05,495.0,2023-03-05,service-level KPI,breached,2023-03-07
CMT00197,DEC00076,,supplier,SUP0214,supplier_account_manager,2023-02-18,Supplier 214 (SUP0214) confirms revised ship-to-arrive date 2023-03-08 for RMPO001132,10.0,2023-03-08,none,fulfilled,2023-03-01
CMT00198,DEC00077,,supplier,SUP0065,supplier_account_manager,2023-02-19,Supplier 065 (SUP0065) confirms revised ship-to-arrive date 2023-02-28 for RMPO001582,18.9516,2023-02-28,"0.5% credit per day late, capped at 10%",fulfilled,2023-02-28
CMT00199,DEC00079,,supplier,SUP0134,supplier_account_manager,2023-02-19,Supplier 134 (SUP0134) confirms revised ship-to-arrive date 2023-03-08 for RMPO000977,418.7259,2023-03-08,none,fulfilled,2023-03-08
CMT00200,DEC00075,,warehouse,W008,plant_scheduler,2023-02-19,P02 commits to deliver FG line POL0006348 (PO PO002154) to W008 by 2023-03-14,132.0,2023-03-14,service-level KPI,fulfilled,2023-03-11
CMT00201,DEC00076,,supplier,SUP0214,supplier_account_manager,2023-02-19,Supplier 214 (SUP0214) commits to deliver RMPO001132 by 2023-03-02 on expedited freight,10.0,2023-03-02,none,fulfilled,2023-03-01
CMT00202,DEC00077,,supplier,SUP0065,supplier_account_manager,2023-02-20,Supplier 065 (SUP0065) commits to deliver RMPO001582 by 2023-02-22 on expedited freight,18.9516,2023-02-22,"0.5% credit per day late, capped at 10%",breached,2023-02-28
CMT00203,DEC00078,,supplier,SUP0039,supplier_account_manager,2023-02-20,Supplier 039 (SUP0039) commits to deliver RMPO001846 by 2023-03-05 on expedited freight,11.0388,2023-03-05,expedite freight at supplier cost if >7 days late,fulfilled,2023-03-04
CMT00204,DEC00078,,supplier,SUP0039,supplier_account_manager,2023-02-20,Supplier 039 (SUP0039) confirms revised ship-to-arrive date 2023-03-08 for RMPO001846,11.0388,2023-03-08,expedite freight at supplier cost if >7 days late,fulfilled,2023-03-04
CMT00205,DEC00080,,supplier,SUP0191,supplier_account_manager,2023-02-20,Supplier 191 (SUP0191) confirms revised ship-to-arrive date 2023-03-04 for RMPO000974,507.4598,2023-03-04,1% credit per week late beyond 5 days,breached,2023-03-13
CMT00206,DEC00079,,supplier,SUP0134,supplier_account_manager,2023-02-20,Supplier 134 (SUP0134) commits to deliver RMPO000977 by 2023-03-01 on expedited freight,418.7259,2023-03-01,none,breached,2023-03-08
CMT00207,DEC00076,,warehouse,W007,plant_scheduler,2023-02-20,P02 commits to deliver FG line POL0034748 (PO PO011615) to W007 by 2023-03-12,508.0,2023-03-12,service-level KPI,fulfilled,2023-03-05
CMT00208,DEC00077,,warehouse,W012,plant_scheduler,2023-02-21,P04 commits to deliver FG line POL0038717 (PO PO012923) to W012 by 2023-03-05,577.0,2023-03-05,service-level KPI,renegotiated,2023-02-25
CMT00209,DEC00078,,warehouse,W001,plant_scheduler,2023-02-21,P02 commits to deliver FG line POL0004249 (PO PO001424) to W001 by 2023-03-13,330.0,2023-03-13,service-level KPI,fulfilled,2023-03-10
CMT00210,DEC00080,,supplier,SUP0191,supplier_account_manager,2023-02-21,Supplier 191 (SUP0191) commits to deliver RMPO000974 by 2023-02-24 on expedited freight,507.4598,2023-02-24,1% credit per week late beyond 5 days,breached,2023-03-13
CMT00211,DEC00079,,warehouse,W004,plant_scheduler,2023-02-21,P01 commits to deliver FG line POL0053344 (PO PO017794) to W004 by 2023-03-11,425.0,2023-03-11,service-level KPI,breached,2023-03-12
CMT00212,DEC00082,,supplier,SUP0089,supplier_account_manager,2023-02-21,Supplier 089 (SUP0089) confirms revised ship-to-arrive date 2023-03-14 for RMPO001429,6755.6933,2023-03-14,expedite freight at supplier cost if >7 days late,fulfilled,2023-03-12
CMT00213,DEC00080,,warehouse,W008,plant_scheduler,2023-02-22,P02 commits to deliver FG line POL0025519 (PO PO008550) to W008 by 2023-03-09,492.0,2023-03-09,service-level KPI,renegotiated,2023-02-26
CMT00214,DEC00082,,supplier,SUP0089,supplier_account_manager,2023-02-22,Supplier 089 (SUP0089) commits to deliver RMPO001429 by 2023-03-11 on expedited freight,6755.6933,2023-03-11,expedite freight at supplier cost if >7 days late,breached,2023-03-12
CMT00215,DEC00081,,supplier,SUP0054,supplier_account_manager,2023-02-22,Supplier 054 (SUP0054) commits to deliver RMPO002069 by 2023-03-01 on expedited freight,105.1252,2023-03-01,2% credit per week late beyond 3 days,breached,2023-03-03
CMT00216,DEC00084,,supplier,SUP0039,supplier_account_manager,2023-02-23,Supplier 039 (SUP0039) commits to deliver RMPO002066 by 2023-02-26 on expedited freight,537.8272,2023-02-26,expedite freight at supplier cost if >7 days late,breached,2023-03-10
CMT00217,DEC00084,,supplier,SUP0039,supplier_account_manager,2023-02-23,Supplier 039 (SUP0039) confirms revised ship-to-arrive date 2023-03-05 for RMPO002066,537.8272,2023-03-05,expedite freight at supplier cost if >7 days late,breached,2023-03-10
CMT00218,DEC00082,,warehouse,W012,plant_scheduler,2023-02-23,P04 commits to deliver FG line POL0035858 (PO PO011985) to W012 by 2023-03-19,55.0,2023-03-19,service-level KPI,breached,2023-03-22
CMT00219,DEC00083,,supplier,SUP0109,supplier_account_manager,2023-02-23,Supplier 109 (SUP0109) commits to deliver replacement order RMPO002317 by 2023-03-01,2955.1239,2023-03-01,1% credit per week late beyond 5 days,renegotiated,2023-02-24
CMT00220,DEC00081,,warehouse,W007,plant_scheduler,2023-02-23,P04 commits to deliver FG line POL0010626 (PO PO003577) to W007 by 2023-03-12,127.0,2023-03-12,service-level KPI,breached,2023-03-17
CMT00221,DEC00084,,warehouse,W003,plant_scheduler,2023-02-24,P02 commits to deliver FG line POL0011371 (PO PO003825) to W003 by 2023-03-12,198.0,2023-03-12,service-level KPI,breached,2023-03-17
CMT00222,,NEG0001,supplier,SUP0051,category_manager,2023-02-24,"We commit to purchase at least 82,730 units from Supplier 051 (SUP0051) under CT00054 by 2025-02-28",82730.0,2025-02-28,volume shortfall invoiced at 5% of unpurchased value,fulfilled,2025-02-28
CMT00223,,NEG0001,supplier,SUP0051,supplier_account_manager,2023-02-24,Supplier 051 (SUP0051) commits to hold contract prices under CT00054 until 2025-02-28,,2025-02-28,1% credit per week late beyond 5 days,fulfilled,2025-02-28
CMT00224,DEC00083,,warehouse,W004,plant_scheduler,2023-02-24,P03 commits to deliver FG line POL0000285 (PO PO000091) to W004 by 2023-03-23,395.0,2023-03-23,service-level KPI,fulfilled,2023-03-21
CMT00225,,NEG0002,supplier,SUP0196,category_manager,2023-02-25,"We commit to purchase at least 4,500 units from Supplier 196 (SUP0196) under CT00231 by 2025-02-28",4500.0,2025-02-28,volume shortfall invoiced at 5% of unpurchased value,breached,2025-02-28
CMT00226,,NEG0002,supplier,SUP0196,supplier_account_manager,2023-02-25,Supplier 196 (SUP0196) commits to hold contract prices under CT00231 until 2025-02-28,,2025-02-28,2% credit per week late beyond 3 days,fulfilled,2025-02-28
CMT00227,DEC00086,,supplier,SUP0185,supplier_account_manager,2023-02-27,Supplier 185 (SUP0185) commits to deliver RMPO002072 by 2023-03-10 on expedited freight,10499.1484,2023-03-10,none,breached,2023-03-12
CMT00228,DEC00086,,supplier,SUP0185,supplier_account_manager,2023-02-27,Supplier 185 (SUP0185) confirms revised ship-to-arrive date 2023-03-14 for RMPO002072,10499.1484,2023-03-14,none,fulfilled,2023-03-12
CMT00229,DEC00087,,supplier,SUP0047,supplier_account_manager,2023-02-28,Supplier 047 (SUP0047) confirms revised ship-to-arrive date 2023-03-20 for RMPO001204,1.5,2023-03-20,1% credit per week late beyond 5 days,fulfilled,2023-03-20
CMT00230,DEC00086,,warehouse,W001,plant_scheduler,2023-02-28,P01 commits to deliver FG line POL0005421 (PO PO001828) to W001 by 2023-03-22,113.0,2023-03-22,service-level KPI,fulfilled,2023-03-20
CMT00231,,,supplier,SUP0179,supplier_account_manager,2023-03-07,Supplier 179 (SUP0179) order confirmation: RMPO002735 to arrive by 2023-04-04,500.0,2023-04-04,1% credit per week late beyond 5 days,fulfilled,2023-04-04
CMT00232,DEC00089,,supplier,SUP0185,supplier_account_manager,2023-03-13,Supplier 185 (SUP0185) commits to deliver RMPO002806 by 2023-03-29 on expedited freight,8647.3702,2023-03-29,none,breached,2023-03-31
CMT00233,DEC00089,,supplier,SUP0185,supplier_account_manager,2023-03-13,Supplier 185 (SUP0185) confirms revised ship-to-arrive date 2023-04-05 for RMPO002806,8647.3702,2023-04-05,none,fulfilled,2023-03-31
CMT00234,DEC00089,,warehouse,W002,plant_scheduler,2023-03-14,P05 commits to deliver FG line POL0019358 (PO PO006498) to W002 by 2023-04-15,466.0,2023-04-15,service-level KPI,fulfilled,2023-04-10
CMT00235,DEC00091,,supplier,SUP0103,supplier_account_manager,2023-03-15,Supplier 103 (SUP0103) confirms revised ship-to-arrive date 2023-03-24 for RMPO001905,30.0,2023-03-24,expedite freight at supplier cost if >7 days late,fulfilled,2023-03-24
CMT00236,DEC00090,,supplier,SUP0185,supplier_account_manager,2023-03-15,Supplier 185 (SUP0185) commits to deliver RMPO002811 by 2023-03-29 on expedited freight,12319.8928,2023-03-29,none,breached,2023-04-01
CMT00237,DEC00090,,supplier,SUP0185,supplier_account_manager,2023-03-15,Supplier 185 (SUP0185) confirms revised ship-to-arrive date 2023-04-01 for RMPO002811,12319.8928,2023-04-01,none,fulfilled,2023-04-01
CMT00238,DEC00092,,supplier,SUP0221,supplier_account_manager,2023-03-16,Supplier 221 (SUP0221) confirms revised ship-to-arrive date 2023-04-14 for RMPO003036,924.4198,2023-04-14,1% credit per week late beyond 5 days,fulfilled,2023-04-11
CMT00239,DEC00090,,warehouse,W002,plant_scheduler,2023-03-16,P02 commits to deliver FG line POL0020834 (PO PO006992) to W002 by 2023-04-07,598.0,2023-04-07,service-level KPI,breached,2023-04-09
CMT00240,DEC00092,,supplier,SUP0221,supplier_account_manager,2023-03-17,Supplier 221 (SUP0221) commits to deliver RMPO003036 by 2023-04-09 on expedited freight,924.4198,2023-04-09,1% credit per week late beyond 5 days,breached,2023-04-11
CMT00241,DEC00093,,supplier,SUP0047,supplier_account_manager,2023-03-18,Supplier 047 (SUP0047) commits to deliver RMPO001617 by 2023-03-30 on expedited freight,500.0,2023-03-30,1% credit per week late beyond 5 days,breached,2023-04-04
CMT00242,DEC00093,,supplier,SUP0047,supplier_account_manager,2023-03-18,Supplier 047 (SUP0047) confirms revised ship-to-arrive date 2023-04-07 for RMPO001617,500.0,2023-04-07,1% credit per week late beyond 5 days,fulfilled,2023-04-04
CMT00243,DEC00092,,warehouse,W008,plant_scheduler,2023-03-18,P04 commits to deliver FG line POL0034666 (PO PO011591) to W008 by 2023-04-23,121.0,2023-04-23,service-level KPI,fulfilled,2023-04-21
CMT00244,DEC00093,,warehouse,W004,plant_scheduler,2023-03-19,P01 commits to deliver FG line POL0020374 (PO PO006844) to W004 by 2023-04-11,522.0,2023-04-11,service-level KPI,fulfilled,2023-04-08
CMT00245,,,supplier,SUP0179,supplier_account_manager,2023-03-21,Supplier 179 (SUP0179) order confirmation: RMPO003221 to arrive by 2023-04-15,3.0,2023-04-15,1% credit per week late beyond 5 days,fulfilled,2023-04-15
CMT00246,DEC00094,,supplier,SUP0011,supplier_account_manager,2023-03-21,Supplier 011 (SUP0011) commits to deliver RMPO001576 by 2023-03-31 on expedited freight,4410.5515,2023-03-31,2% credit per week late beyond 3 days,breached,2023-04-07
CMT00247,,NEG0006,supplier,SUP0054,supplier_account_manager,2023-03-22,"Supplier 054 (SUP0054) commits to issue the agreed credit note (credit 30,600) by 2023-05-06",,2023-05-06,none,breached,2023-04-29
CMT00248,DEC00094,,warehouse,W011,plant_scheduler,2023-03-22,P05 commits to deliver FG line POL0039893 (PO PO013311) to W011 by 2023-04-10,493.0,2023-04-10,service-level KPI,fulfilled,2023-04-10
CMT00249,,NEG0007,supplier,SUP0054,supplier_account_manager,2023-03-23,"Supplier 054 (SUP0054) commits to issue the agreed credit note (credit 15,300) by 2023-05-07",,2023-05-07,none,fulfilled,2023-04-18
CMT00250,,NEG0003,supplier,SUP0232,category_manager,2023-03-25,"We commit to purchase at least 11,190 units from Supplier 232 (SUP0232) under CT00288 by 2025-03-31",11190.0,2025-03-31,volume shortfall invoiced at 5% of unpurchased value,fulfilled,2025-03-31
CMT00251,,NEG0003,supplier,SUP0232,supplier_account_manager,2023-03-25,Supplier 232 (SUP0232) commits to hold contract prices under CT00288 until 2025-03-31,,2025-03-31,expedite freight at supplier cost if >7 days late,fulfilled,2025-03-31
CMT00252,DEC00095,,supplier,SUP0241,supplier_account_manager,2023-03-25,Supplier 241 (SUP0241) commits to deliver RMPO003039 by 2023-04-23 on expedited freight,504.9981,2023-04-23,none,fulfilled,2023-04-18
CMT00253,DEC00095,,supplier,SUP0241,supplier_account_manager,2023-03-25,Supplier 241 (SUP0241) confirms revised ship-to-arrive date 2023-04-26 for RMPO003039,504.9981,2023-04-26,none,fulfilled,2023-04-18
CMT00254,DEC00095,,warehouse,W010,plant_scheduler,2023-03-26,P02 commits to deliver FG line POL0034488 (PO PO011528) to W010 by 2023-05-04,341.0,2023-05-04,service-level KPI,fulfilled,2023-04-26
CMT00255,DEC00096,,supplier,SUP0118,supplier_account_manager,2023-03-27,Supplier 118 (SUP0118) commits to deliver RMPO001671 by 2023-04-08 on expedited freight,30.0,2023-04-08,none,fulfilled,2023-04-08
CMT00256,DEC00096,,supplier,SUP0118,supplier_account_manager,2023-03-27,Supplier 118 (SUP0118) confirms revised ship-to-arrive date 2023-04-12 for RMPO001671,30.0,2023-04-12,none,fulfilled,2023-04-08
CMT00257,DEC00098,,supplier,SUP0076,supplier_account_manager,2023-03-30,Supplier 076 (SUP0076) confirms revised ship-to-arrive date 2023-04-10 for RMPO002134,320.0,2023-04-10,2% credit per week late beyond 3 days,renegotiated,2023-04-02
CMT00258,DEC00097,,supplier,SUP0185,supplier_account_manager,2023-03-30,Supplier 185 (SUP0185) commits to deliver RMPO003565 by 2023-04-13 on expedited freight,8622.989,2023-04-13,none,breached,2023-04-24
CMT00259,DEC00097,,supplier,SUP0185,supplier_account_manager,2023-03-30,Supplier 185 (SUP0185) confirms revised ship-to-arrive date 2023-04-20 for RMPO003565,8622.989,2023-04-20,none,breached,2023-04-24
CMT00260,DEC00097,,warehouse,W005,plant_scheduler,2023-03-31,P03 commits to deliver FG line POL0001209 (PO PO000398) to W005 by 2023-04-28,200.0,2023-04-28,service-level KPI,renegotiated,2023-04-11
CMT00261,DEC00099,,supplier,SUP0200,supplier_account_manager,2023-04-02,Supplier 200 (SUP0200) confirms revised ship-to-arrive date 2023-04-19 for RMPO002278,1350.0,2023-04-19,"0.5% credit per day late, capped at 10%",fulfilled,2023-04-19
CMT00262,DEC00100,,supplier,SUP0185,supplier_account_manager,2023-04-07,Supplier 185 (SUP0185) confirms revised ship-to-arrive date 2023-04-17 for RMPO003796,8772.3647,2023-04-17,none,breached,2023-04-19
CMT00263,DEC00101,,supplier,SUP0010,supplier_account_manager,2023-04-08,Supplier 010 (SUP0010) confirms revised ship-to-arrive date 2023-05-17 for RMPO001814,34.0,2023-05-17,expedite freight at supplier cost if >7 days late,fulfilled,2023-05-17
CMT00264,DEC00100,,warehouse,W006,plant_scheduler,2023-04-09,P01 commits to deliver FG line POL0011693 (PO PO003926) to W006 by 2023-04-23,308.0,2023-04-23,service-level KPI,breached,2023-04-26
CMT00265,DEC00103,,supplier,SUP0202,supplier_account_manager,2023-04-11,Supplier 202 (SUP0202) confirms revised ship-to-arrive date 2023-05-08 for RMPO003300,291.5919,2023-05-08,expedite freight at supplier cost if >7 days late,fulfilled,2023-05-04
CMT00266,DEC00102,,supplier,SUP0179,supplier_account_manager,2023-04-12,Supplier 179 (SUP0179) commits to deliver RMPO002968 by 2023-04-19 on expedited freight,12.0,2023-04-19,1% credit per week late beyond 5 days,fulfilled,2023-04-19
CMT00267,DEC00102,,supplier,SUP0179,supplier_account_manager,2023-04-12,Supplier 179 (SUP0179) confirms revised ship-to-arrive date 2023-04-26 for RMPO002968,12.0,2023-04-26,1% credit per week late beyond 5 days,fulfilled,2023-04-19
CMT00268,DEC00103,,supplier,SUP0202,supplier_account_manager,2023-04-12,Supplier 202 (SUP0202) commits to deliver RMPO003300 by 2023-05-03 on expedited freight,291.5919,2023-05-03,expedite freight at supplier cost if >7 days late,breached,2023-05-04
CMT00269,DEC00103,,warehouse,W009,plant_scheduler,2023-04-13,P04 commits to deliver FG line POL0015933 (PO PO005352) to W009 by 2023-05-14,145.0,2023-05-14,service-level KPI,fulfilled,2023-05-11
CMT00270,DEC00104,,supplier,SUP0179,supplier_account_manager,2023-04-15,Supplier 179 (SUP0179) confirms revised ship-to-arrive date 2023-05-14 for RMPO003219,1500.0,2023-05-14,1% credit per week late beyond 5 days,fulfilled,2023-05-11
CMT00271,DEC00104,,supplier,SUP0179,supplier_account_manager,2023-04-16,Supplier 179 (SUP0179) commits to deliver RMPO003219 by 2023-05-06 on expedited freight,1500.0,2023-05-06,1% credit per week late beyond 5 days,breached,2023-05-11
CMT00272,DEC00104,,warehouse,W002,plant_scheduler,2023-04-17,P02 commits to deliver FG line POL0040300 (PO PO013450) to W002 by 2023-05-20,353.0,2023-05-20,service-level KPI,fulfilled,2023-05-17
CMT00273,DEC00105,,supplier,SUP0164,supplier_account_manager,2023-04-19,Supplier 164 (SUP0164) commits to deliver RMPO002573 by 2023-04-30 on expedited freight,363.2,2023-04-30,expedite freight at supplier cost if >7 days late,breached,2023-05-09
CMT00274,DEC00105,,supplier,SUP0164,supplier_account_manager,2023-04-19,Supplier 164 (SUP0164) confirms revised ship-to-arrive date 2023-05-06 for RMPO002573,363.2,2023-05-06,expedite freight at supplier cost if >7 days late,breached,2023-05-09
CMT00275,DEC00105,,warehouse,W002,plant_scheduler,2023-04-20,P02 commits to deliver FG line POL0025800 (PO PO008648) to W002 by 2023-05-12,210.0,2023-05-12,service-level KPI,renegotiated,2023-04-25
CMT00276,DEC00106,,plant,P02,plant_scheduler,2023-04-21,"P02 commits to ship 3,221.7 kg of RM0006 to arrive at P03 by 2023-04-26",3221.6879,2023-04-26,internal,breached,2023-04-27
CMT00277,,NEG0004,supplier,SUP0105,category_manager,2023-04-23,"We commit to purchase at least 1,090 units from Supplier 105 (SUP0105) under CT00109 by 2024-04-30",1090.0,2024-04-30,volume shortfall invoiced at 5% of unpurchased value,fulfilled,2024-04-30
CMT00278,,NEG0004,supplier,SUP0105,supplier_account_manager,2023-04-23,Supplier 105 (SUP0105) commits to hold contract prices under CT00109 until 2024-04-30,,2024-04-30,none,breached,2024-01-01
CMT00279,,NEG0008,supplier,SUP0240,category_manager,2023-04-23,"We commit to purchase at least 29,130 units from Supplier 240 (SUP0240) under CT00302 by 2025-04-30",29130.0,2025-04-30,volume shortfall invoiced at 5% of unpurchased value,fulfilled,2025-04-30
CMT00280,,NEG0008,supplier,SUP0240,supplier_account_manager,2023-04-23,Supplier 240 (SUP0240) commits to hold contract prices under CT00302 until 2025-04-30,,2025-04-30,2% credit per week late beyond 3 days,fulfilled,2025-04-30
CMT00281,DEC00108,,supplier,SUP0033,supplier_account_manager,2023-04-26,Supplier 033 (SUP0033) confirms revised ship-to-arrive date 2023-05-15 for RMPO002809,71.688,2023-05-15,none,breached,2023-05-17
CMT00282,,NEG0005,supplier,SUP0136,category_manager,2023-04-26,"We commit to purchase at least 35,110 units from Supplier 136 (SUP0136) under CT00145 by 2025-04-30",35110.0,2025-04-30,volume shortfall invoiced at 5% of unpurchased value,fulfilled,2025-04-30
CMT00283,,NEG0005,supplier,SUP0136,supplier_account_manager,2023-04-26,Supplier 136 (SUP0136) commits to hold contract prices under CT00145 until 2025-04-30,,2025-04-30,2% credit per week late beyond 3 days,fulfilled,2025-04-30
CMT00284,DEC00108,,supplier,SUP0033,supplier_account_manager,2023-04-27,Supplier 033 (SUP0033) commits to deliver RMPO002809 by 2023-05-09 on expedited freight,71.688,2023-05-09,none,breached,2023-05-17
CMT00285,DEC00108,,warehouse,W008,plant_scheduler,2023-04-28,P05 commits to deliver FG line POL0001451 (PO PO000484) to W008 by 2023-05-23,410.0,2023-05-23,service-level KPI,renegotiated,2023-04-28
CMT00286,DEC00109,,supplier,SUP0185,supplier_account_manager,2023-04-28,Supplier 185 (SUP0185) commits to deliver RMPO004645 by 2023-05-13 on expedited freight,8000.0,2023-05-13,none,breached,2023-05-14
CMT00287,DEC00109,,supplier,SUP0185,supplier_account_manager,2023-04-28,Supplier 185 (SUP0185) confirms revised ship-to-arrive date 2023-05-19 for RMPO004645,8000.0,2023-05-19,none,fulfilled,2023-05-14
CMT00288,DEC00107,,warehouse,W010,plant_scheduler,2023-04-28,P05 commits to deliver FG line POL0006918 (PO PO002345) to W010 by 2023-05-26,108.0,2023-05-26,service-level KPI,breached,2023-05-27
CMT00289,DEC00109,,warehouse,W005,plant_scheduler,2023-04-29,P02 commits to deliver FG line POL0050818 (PO PO016967) to W005 by 2023-05-28,600.0,2023-05-28,service-level KPI,fulfilled,2023-05-24
CMT00290,DEC00110,,supplier,SUP0179,supplier_account_manager,2023-05-04,Supplier 179 (SUP0179) commits to deliver RMPO003785 by 2023-05-14 on expedited freight,360.0,2023-05-14,1% credit per week late beyond 5 days,breached,2023-05-18
CMT00291,DEC00110,,supplier,SUP0179,supplier_account_manager,2023-05-04,Supplier 179 (SUP0179) confirms revised ship-to-arrive date 2023-05-17 for RMPO003785,360.0,2023-05-17,1% credit per week late beyond 5 days,breached,2023-05-18
CMT00292,DEC00111,,supplier,SUP0051,supplier_account_manager,2023-05-09,Supplier 051 (SUP0051) confirms revised ship-to-arrive date 2023-05-26 for RMPO003574,2282.7174,2023-05-26,1% credit per week late beyond 5 days,fulfilled,2023-05-26
CMT00293,DEC00111,,supplier,SUP0051,supplier_account_manager,2023-05-10,Supplier 051 (SUP0051) commits to deliver RMPO003574 by 2023-05-23 on expedited freight,2282.7174,2023-05-23,1% credit per week late beyond 5 days,breached,2023-05-26
CMT00294,DEC00111,,warehouse,W011,plant_scheduler,2023-05-11,P03 commits to deliver FG line POL0003500 (PO PO001167) to W011 by 2023-06-01,351.0,2023-06-01,service-level KPI,renegotiated,2023-05-24
CMT00295,DEC00113,,supplier,SUP0051,supplier_account_manager,2023-05-12,Supplier 051 (SUP0051) commits to deliver RMPO003883 by 2023-05-26 on expedited freight,1492.1207,2023-05-26,1% credit per week late beyond 5 days,breached,2023-06-05
CMT00296,DEC00112,,supplier,SUP0054,supplier_account_manager,2023-05-12,Supplier 054 (SUP0054) commits to deliver RMPO005250 by 2023-05-29 on expedited freight,48.0429,2023-05-29,2% credit per week late beyond 3 days,breached,2023-06-01
CMT00297,DEC00112,,supplier,SUP0054,supplier_account_manager,2023-05-12,Supplier 054 (SUP0054) confirms revised ship-to-arrive date 2023-06-04 for RMPO005250,48.0429,2023-06-04,2% credit per week late beyond 3 days,fulfilled,2023-06-01
CMT00298,DEC00113,,supplier,SUP0051,supplier_account_manager,2023-05-12,Supplier 051 (SUP0051) confirms revised ship-to-arrive date 2023-05-29 for RMPO003883,1492.1207,2023-05-29,1% credit per week late beyond 5 days,breached,2023-06-05
CMT00299,DEC00112,,warehouse,W002,plant_scheduler,2023-05-13,P05 commits to deliver FG line POL0043463 (PO PO014497) to W002 by 2023-06-10,83.0,2023-06-10,service-level KPI,fulfilled,2023-06-07
CMT00300,DEC00113,,warehouse,W003,plant_scheduler,2023-05-13,P01 commits to deliver FG line POL0018889 (PO PO006343) to W003 by 2023-06-06,236.0,2023-06-06,service-level KPI,breached,2023-06-14
CMT00301,DEC00115,,supplier,SUP0138,supplier_account_manager,2023-05-17,Supplier 138 (SUP0138) confirms revised ship-to-arrive date 2023-06-10 for RMPO003560,858.1213,2023-06-10,none,fulfilled,2023-06-05
CMT00302,DEC00116,,supplier,SUP0010,supplier_account_manager,2023-05-17,Supplier 010 (SUP0010) confirms revised ship-to-arrive date 2023-06-08 for RMPO003573,5495.582,2023-06-08,expedite freight at supplier cost if >7 days late,fulfilled,2023-06-08
CMT00303,DEC00115,,supplier,SUP0138,supplier_account_manager,2023-05-18,Supplier 138 (SUP0138) commits to deliver RMPO003560 by 2023-06-05 on expedited freight,858.1213,2023-06-05,none,fulfilled,2023-06-05
CMT00304,DEC00116,,supplier,SUP0010,supplier_account_manager,2023-05-18,Supplier 010 (SUP0010) commits to deliver RMPO003573 by 2023-05-31 on expedited freight,5495.582,2023-05-31,expedite freight at supplier cost if >7 days late,breached,2023-06-08
CMT00305,DEC00117,,supplier,SUP0185,supplier_account_manager,2023-05-18,Supplier 185 (SUP0185) commits to deliver RMPO005448 by 2023-06-08 on expedited freight,2000.0,2023-06-08,none,breached,2023-06-09
CMT00306,DEC00115,,warehouse,W009,plant_scheduler,2023-05-19,P04 commits to deliver FG line POL0026474 (PO PO008878) to W009 by 2023-06-14,90.0,2023-06-14,service-level KPI,fulfilled,2023-06-14
CMT00307,DEC00116,,warehouse,W009,plant_scheduler,2023-05-19,P05 commits to deliver FG line POL0005530 (PO PO001869) to W009 by 2023-06-13,549.0,2023-06-13,service-level KPI,breached,2023-06-15
CMT00308,DEC00117,,warehouse,W011,plant_scheduler,2023-05-19,P04 commits to deliver FG line POL0012383 (PO PO004159) to W011 by 2023-06-22,333.0,2023-06-22,service-level KPI,fulfilled,2023-06-18
CMT00309,DEC00118,,supplier,SUP0179,supplier_account_manager,2023-05-20,Supplier 179 (SUP0179) commits to deliver RMPO004890 by 2023-05-28 on expedited freight,12.0,2023-05-28,1% credit per week late beyond 5 days,fulfilled,2023-05-28
CMT00310,,NEG0009,supplier,SUP0229,category_manager,2023-05-23,"We commit to purchase at least 399,030 units from Supplier 229 (SUP0229) under CT00282 by 2024-05-31",399030.0,2024-05-31,volume shortfall invoiced at 5% of unpurchased value,fulfilled,2024-05-31
CMT00311,,NEG0009,supplier,SUP0229,supplier_account_manager,2023-05-23,Supplier 229 (SUP0229) commits to hold contract prices under CT00282 until 2024-05-31,,2024-05-31,none,fulfilled,2024-05-31
CMT00312,DEC00119,,supplier,SUP0185,supplier_account_manager,2023-05-26,Supplier 185 (SUP0185) commits to deliver RMPO005508 by 2023-06-17 on expedited freight,10425.7685,2023-06-17,none,fulfilled,2023-06-12
CMT00313,DEC00119,,supplier,SUP0185,supplier_account_manager,2023-05-26,Supplier 185 (SUP0185) confirms revised ship-to-arrive date 2023-06-20 for RMPO005508,10425.7685,2023-06-20,none,fulfilled,2023-06-12
CMT00314,DEC00119,,warehouse,W004,plant_scheduler,2023-05-27,P03 commits to deliver FG line POL0015315 (PO PO005147) to W004 by 2023-06-28,189.0,2023-06-28,service-level KPI,fulfilled,2023-06-21
CMT00315,DEC00120,,supplier,SUP0185,supplier_account_manager,2023-05-28,Supplier 185 (SUP0185) commits to deliver RMPO005511 by 2023-06-02 on expedited freight,2414.9211,2023-06-02,none,breached,2023-06-05
CMT00316,DEC00120,,warehouse,W006,plant_scheduler,2023-05-29,P01 commits to deliver FG line POL0028612 (PO PO009575) to W006 by 2023-06-11,68.0,2023-06-11,service-level KPI,breached,2023-06-12
CMT00317,DEC00121,,plant,P03,plant_scheduler,2023-06-03,P03 commits to ship 34.6 kg of RM0071 to arrive at P01 by 2023-06-06,34.6137,2023-06-06,internal,breached,2023-06-07
CMT00318,DEC00122,,supplier,SUP0033,supplier_account_manager,2023-06-05,Supplier 033 (SUP0033) commits to deliver RMPO004171 by 2023-06-22 on expedited freight,115.6408,2023-06-22,none,breached,2023-06-23
CMT00319,DEC00122,,supplier,SUP0033,supplier_account_manager,2023-06-05,Supplier 033 (SUP0033) confirms revised ship-to-arrive date 2023-06-25 for RMPO004171,115.6408,2023-06-25,none,fulfilled,2023-06-23
CMT00320,DEC00122,,warehouse,W004,plant_scheduler,2023-06-06,P02 commits to deliver FG line POL0052139 (PO PO017408) to W004 by 2023-07-04,26.0,2023-07-04,service-level KPI,fulfilled,2023-07-03
CMT00321,DEC00123,,supplier,SUP0135,supplier_account_manager,2023-06-09,Supplier 135 (SUP0135) confirms revised ship-to-arrive date 2023-06-24 for RMPO004315,150.0,2023-06-24,none,fulfilled,2023-06-24
CMT00322,DEC00125,,supplier,SUP0095,supplier_account_manager,2023-06-15,Supplier 095 (SUP0095) commits to deliver RMPO005775 by 2023-06-28 on expedited freight,5029.4866,2023-06-28,2% credit per week late beyond 3 days,breached,2023-07-03
CMT00323,DEC00125,,supplier,SUP0095,supplier_account_manager,2023-06-15,Supplier 095 (SUP0095) confirms revised ship-to-arrive date 2023-07-05 for RMPO005775,5029.4866,2023-07-05,2% credit per week late beyond 3 days,fulfilled,2023-07-03
CMT00324,DEC00124,,supplier,SUP0138,supplier_account_manager,2023-06-15,Supplier 138 (SUP0138) commits to deliver RMPO004586 by 2023-07-06 on expedited freight,1396.1567,2023-07-06,none,fulfilled,2023-07-06
CMT00325,DEC00124,,supplier,SUP0138,supplier_account_manager,2023-06-15,Supplier 138 (SUP0138) confirms revised ship-to-arrive date 2023-07-13 for RMPO004586,1396.1567,2023-07-13,none,fulfilled,2023-07-06
CMT00326,DEC00125,,warehouse,W009,plant_scheduler,2023-06-16,P02 commits to deliver FG line POL0017168 (PO PO005760) to W009 by 2023-07-12,186.0,2023-07-12,service-level KPI,renegotiated,2023-06-18
CMT00327,DEC00124,,warehouse,W003,plant_scheduler,2023-06-16,P03 commits to deliver FG line POL0026107 (PO PO008756) to W003 by 2023-07-17,152.0,2023-07-17,service-level KPI,fulfilled,2023-07-10
CMT00328,DEC00126,,supplier,SUP0138,supplier_account_manager,2023-06-18,Supplier 138 (SUP0138) confirms revised ship-to-arrive date 2023-07-13 for RMPO004856,950.0,2023-07-13,none,fulfilled,2023-07-13
CMT00329,DEC00128,,supplier,SUP0089,supplier_account_manager,2023-06-20,Supplier 089 (SUP0089) commits to deliver RMPO005871 by 2023-06-24 on expedited freight,1500.0,2023-06-24,expedite freight at supplier cost if >7 days late,fulfilled,2023-06-24
CMT00330,DEC00128,,supplier,SUP0089,supplier_account_manager,2023-06-20,Supplier 089 (SUP0089) confirms revised ship-to-arrive date 2023-07-01 for RMPO005871,1500.0,2023-07-01,expedite freight at supplier cost if >7 days late,fulfilled,2023-06-24
CMT00331,,NEG0010,supplier,SUP0063,category_manager,2023-06-21,We commit to purchase at least 460 units from Supplier 063 (SUP0063) under CT00070 by 2024-06-30,460.0,2024-06-30,volume shortfall invoiced at 5% of unpurchased value,fulfilled,2024-06-30
CMT00332,,NEG0010,supplier,SUP0063,supplier_account_manager,2023-06-21,Supplier 063 (SUP0063) commits to hold contract prices under CT00070 until 2024-06-30,,2024-06-30,none,fulfilled,2024-06-30
CMT00333,DEC00130,,supplier,SUP0137,supplier_account_manager,2023-06-23,Supplier 137 (SUP0137) confirms revised ship-to-arrive date 2023-07-08 for RMPO006190,300.0,2023-07-08,none,fulfilled,2023-07-02
CMT00334,DEC00129,,supplier,SUP0146,supplier_account_manager,2023-06-23,Supplier 146 (SUP0146) commits to deliver RMPO005506 by 2023-07-04 on expedited freight,37.3558,2023-07-04,"0.5% credit per day late, capped at 10%",breached,2023-07-07
CMT00335,DEC00130,,supplier,SUP0137,supplier_account_manager,2023-06-24,Supplier 137 (SUP0137) commits to deliver RMPO006190 by 2023-07-02 on expedited freight,300.0,2023-07-02,none,fulfilled,2023-07-02
CMT00336,DEC00129,,warehouse,W006,plant_scheduler,2023-06-24,P04 commits to deliver FG line POL0028955 (PO PO009685) to W006 by 2023-07-12,67.0,2023-07-12,service-level KPI,fulfilled,2023-07-12
CMT00337,DEC00131,,supplier,SUP0135,supplier_account_manager,2023-06-25,Supplier 135 (SUP0135) confirms revised ship-to-arrive date 2023-07-14 for RMPO004845,150.0,2023-07-14,none,fulfilled,2023-07-14
CMT00338,DEC00132,,supplier,SUP0137,supplier_account_manager,2023-06-25,Supplier 137 (SUP0137) commits to deliver RMPO006476 by 2023-07-04 on expedited freight,400.0,2023-07-04,none,breached,2023-07-07
CMT00339,,NEG0012,supplier,SUP0089,category_manager,2023-06-25,"We commit to purchase at least 303,080 units from Supplier 089 (SUP0089) under CT00092 by 2024-06-30",303080.0,2024-06-30,volume shortfall invoiced at 5% of unpurchased value,fulfilled,2024-06-30
CMT00340,,NEG0012,supplier,SUP0089,supplier_account_manager,2023-06-25,Supplier 089 (SUP0089) commits to hold contract prices under CT00092 until 2024-06-30,,2024-06-30,expedite freight at supplier cost if >7 days late,fulfilled,2024-06-30
CMT00341,DEC00133,,supplier,SUP0185,supplier_account_manager,2023-06-25,Supplier 185 (SUP0185) confirms revised ship-to-arrive date 2023-07-11 for RMPO006532,3630.5818,2023-07-11,none,fulfilled,2023-07-09
CMT00342,DEC00133,,supplier,SUP0185,supplier_account_manager,2023-06-26,Supplier 185 (SUP0185) commits to deliver RMPO006532 by 2023-07-07 on expedited freight,3630.5818,2023-07-07,none,breached,2023-07-09
CMT00343,DEC00133,,warehouse,W012,plant_scheduler,2023-06-27,P01 commits to deliver FG line POL0043980 (PO PO014663) to W012 by 2023-07-17,55.0,2023-07-17,service-level KPI,fulfilled,2023-07-16
CMT00344,DEC00134,,plant,P02,plant_scheduler,2023-06-28,P02 commits to ship 20.1 kg of RM0131 to arrive at P04 by 2023-06-30,20.0887,2023-06-30,internal,breached,2023-07-02
CMT00345,DEC00135,,supplier,SUP0185,supplier_account_manager,2023-06-30,Supplier 185 (SUP0185) commits to deliver RMPO006875 by 2023-07-07 on expedited freight,8373.7084,2023-07-07,none,fulfilled,2023-07-06
CMT00346,DEC00135,,supplier,SUP0185,supplier_account_manager,2023-06-30,Supplier 185 (SUP0185) confirms revised ship-to-arrive date 2023-07-14 for RMPO006875,8373.7084,2023-07-14,none,fulfilled,2023-07-06
CMT00347,DEC00135,,warehouse,W004,plant_scheduler,2023-07-01,P05 commits to deliver FG line POL0042437 (PO PO014162) to W004 by 2023-07-20,503.0,2023-07-20,service-level KPI,fulfilled,2023-07-13
CMT00348,DEC00136,,supplier,SUP0145,supplier_account_manager,2023-07-05,Supplier 145 (SUP0145) confirms revised ship-to-arrive date 2023-07-12 for RMPO005936,640.0,2023-07-12,2% credit per week late beyond 3 days,fulfilled,2023-07-12
CMT00349,DEC00138,,supplier,SUP0138,supplier_account_manager,2023-07-09,Supplier 138 (SUP0138) confirms revised ship-to-arrive date 2023-07-23 for RMPO005663,1900.0,2023-07-23,none,fulfilled,2023-07-23
CMT00350,DEC00137,,supplier,SUP0185,supplier_account_manager,2023-07-09,Supplier 185 (SUP0185) commits to deliver RMPO007076 by 2023-07-24 on expedited freight,4000.0,2023-07-24,none,breached,2023-07-25
CMT00351,DEC00137,,warehouse,W009,plant_scheduler,2023-07-10,P03 commits to deliver FG line POL0016377 (PO PO005489) to W009 by 2023-08-04,80.0,2023-08-04,service-level KPI,fulfilled,2023-07-31
CMT00352,DEC00139,,supplier,SUP0109,supplier_account_manager,2023-07-13,Supplier 109 (SUP0109) commits to deliver replacement order RMPO007667 by 2023-07-19,3154.5036,2023-07-19,1% credit per week late beyond 5 days,renegotiated,2023-07-14
CMT00353,DEC00139,,warehouse,W011,plant_scheduler,2023-07-14,P01 commits to deliver FG line POL0037297 (PO PO012456) to W011 by 2023-08-11,377.0,2023-08-11,service-level KPI,fulfilled,2023-08-11
CMT00354,DEC00140,,supplier,SUP0202,supplier_account_manager,2023-07-19,Supplier 202 (SUP0202) commits to deliver RMPO007096 by 2023-08-01 on expedited freight,200.0,2023-08-01,expedite freight at supplier cost if >7 days late,breached,2023-08-10
CMT00355,DEC00140,,supplier,SUP0202,supplier_account_manager,2023-07-19,Supplier 202 (SUP0202) confirms revised ship-to-arrive date 2023-08-06 for RMPO007096,200.0,2023-08-06,expedite freight at supplier cost if >7 days late,breached,2023-08-10
CMT00356,DEC00140,,warehouse,W006,plant_scheduler,2023-07-20,P01 commits to deliver FG line POL0022468 (PO PO007528) to W006 by 2023-08-12,124.0,2023-08-12,service-level KPI,renegotiated,2023-08-06
CMT00357,DEC00143,,supplier,SUP0146,supplier_account_manager,2023-07-21,Supplier 146 (SUP0146) confirms revised ship-to-arrive date 2023-07-29 for RMPO006206,20.0,2023-07-29,"0.5% credit per day late, capped at 10%",fulfilled,2023-07-29
CMT00358,DEC00142,,supplier,SUP0136,supplier_account_manager,2023-07-22,Supplier 136 (SUP0136) commits to deliver RMPO006068 by 2023-08-11 on expedited freight,638.3426,2023-08-11,2% credit per week late beyond 3 days,fulfilled,2023-08-10
CMT00359,DEC00142,,warehouse,W004,plant_scheduler,2023-07-23,P02 commits to deliver FG line POL0009731 (PO PO003278) to W004 by 2023-08-25,326.0,2023-08-25,service-level KPI,fulfilled,2023-08-21
CMT00360,DEC00144,,supplier,SUP0010,supplier_account_manager,2023-07-24,Supplier 010 (SUP0010) commits to deliver RMPO006054 by 2023-08-07 on expedited freight,4445.8498,2023-08-07,expedite freight at supplier cost if >7 days late,breached,2023-08-11
CMT00361,DEC00144,,warehouse,W011,plant_scheduler,2023-07-25,P03 commits to deliver FG line POL0049734 (PO PO016594) to W011 by 2023-08-21,375.0,2023-08-21,service-level KPI,fulfilled,2023-08-17
CMT00362,DEC00146,,supplier,SUP0185,supplier_account_manager,2023-07-26,Supplier 185 (SUP0185) commits to deliver RMPO007884 by 2023-08-04 on expedited freight,8363.24,2023-08-04,none,breached,2023-08-11
CMT00363,DEC00146,,supplier,SUP0185,supplier_account_manager,2023-07-26,Supplier 185 (SUP0185) confirms revised ship-to-arrive date 2023-08-11 for RMPO007884,8363.24,2023-08-11,none,fulfilled,2023-08-11
CMT00364,DEC00146,,warehouse,W003,plant_scheduler,2023-07-27,P02 commits to deliver FG line POL0002811 (PO PO000937) to W003 by 2023-08-19,242.0,2023-08-19,service-level KPI,renegotiated,2023-07-28
CMT00365,DEC00147,,supplier,SUP0051,supplier_account_manager,2023-07-31,Supplier 051 (SUP0051) confirms revised ship-to-arrive date 2023-08-26 for RMPO006938,1706.7682,2023-08-26,1% credit per week late beyond 5 days,fulfilled,2023-08-20
CMT00366,DEC00147,,supplier,SUP0051,supplier_account_manager,2023-08-01,Supplier 051 (SUP0051) commits to deliver RMPO006938 by 2023-08-18 on expedited freight,1706.7682,2023-08-18,1% credit per week late beyond 5 days,breached,2023-08-20
CMT00367,DEC00147,,warehouse,W005,plant_scheduler,2023-08-02,P02 commits to deliver FG line POL0011646 (PO PO003913) to W005 by 2023-09-04,359.0,2023-09-04,service-level KPI,fulfilled,2023-08-31
CMT00368,DEC00148,,supplier,SUP0138,supplier_account_manager,2023-08-04,Supplier 138 (SUP0138) commits to deliver RMPO006600 by 2023-08-18 on expedited freight,2272.2526,2023-08-18,none,breached,2023-08-21
CMT00369,DEC00148,,supplier,SUP0138,supplier_account_manager,2023-08-04,Supplier 138 (SUP0138) confirms revised ship-to-arrive date 2023-08-24 for RMPO006600,2272.2526,2023-08-24,none,fulfilled,2023-08-21
CMT00370,DEC00148,,warehouse,W006,plant_scheduler,2023-08-05,P02 commits to deliver FG line POL0036387 (PO PO012148) to W006 by 2023-08-31,500.0,2023-08-31,service-level KPI,fulfilled,2023-08-28
CMT00371,,,supplier,SUP0179,supplier_account_manager,2023-08-08,Supplier 179 (SUP0179) order confirmation: RMPO008563 to arrive by 2023-09-07,1200.0,2023-09-07,1% credit per week late beyond 5 days,fulfilled,2023-09-07
CMT00372,DEC00149,,supplier,SUP0054,supplier_account_manager,2023-08-08,Supplier 054 (SUP0054) commits to deliver RMPO008411 by 2023-08-23 on expedited freight,67.2377,2023-08-23,2% credit per week late beyond 3 days,breached,2023-08-30
CMT00373,DEC00150,,supplier,SUP0185,supplier_account_manager,2023-08-08,Supplier 185 (SUP0185) commits to deliver RMPO008413 by 2023-08-25 on expedited freight,3371.6869,2023-08-25,none,fulfilled,2023-08-25
CMT00374,DEC00150,,supplier,SUP0185,supplier_account_manager,2023-08-08,Supplier 185 (SUP0185) confirms revised ship-to-arrive date 2023-09-02 for RMPO008413,3371.6869,2023-09-02,none,fulfilled,2023-08-25
CMT00375,DEC00149,,warehouse,W004,plant_scheduler,2023-08-09,P03 commits to deliver FG line POL0027734 (PO PO009288) to W004 by 2023-09-04,191.0,2023-09-04,service-level KPI,renegotiated,2023-08-15
CMT00376,DEC00150,,warehouse,W006,plant_scheduler,2023-08-09,P04 commits to deliver FG line POL0000011 (PO PO000004) to W006 by 2023-09-08,72.0,2023-09-08,service-level KPI,fulfilled,2023-09-01
CMT00377,DEC00152,,supplier,SUP0011,supplier_account_manager,2023-08-11,Supplier 011 (SUP0011) confirms revised ship-to-arrive date 2023-08-26 for RMPO006899,3997.3084,2023-08-26,none,breached,2023-08-29
CMT00378,DEC00151,,supplier,SUP0051,supplier_account_manager,2023-08-11,Supplier 051 (SUP0051) commits to deliver RMPO007402 by 2023-08-24 on expedited freight,1109.3272,2023-08-24,1% credit per week late beyond 5 days,breached,2023-08-30
CMT00379,DEC00153,,supplier,SUP0054,supplier_account_manager,2023-08-11,Supplier 054 (SUP0054) confirms revised ship-to-arrive date 2023-09-05 for RMPO008457,247.0351,2023-09-05,2% credit per week late beyond 3 days,fulfilled,2023-08-31
CMT00380,DEC00151,,supplier,SUP0051,supplier_account_manager,2023-08-11,Supplier 051 (SUP0051) confirms revised ship-to-arrive date 2023-08-30 for RMPO007402,1109.3272,2023-08-30,1% credit per week late beyond 5 days,fulfilled,2023-08-30
CMT00381,DEC00152,,supplier,SUP0011,supplier_account_manager,2023-08-12,Supplier 011 (SUP0011) commits to deliver RMPO006899 by 2023-08-22 on expedited freight,3997.3084,2023-08-22,none,breached,2023-08-29
CMT00382,DEC00153,,supplier,SUP0054,supplier_account_manager,2023-08-12,Supplier 054 (SUP0054) commits to deliver RMPO008457 by 2023-09-01 on expedited freight,247.0351,2023-09-01,2% credit per week late beyond 3 days,fulfilled,2023-08-31
CMT00383,DEC00151,,warehouse,W008,plant_scheduler,2023-08-12,P04 commits to deliver FG line POL0049429 (PO PO016498) to W008 by 2023-09-08,196.0,2023-09-08,service-level KPI,breached,2023-09-09
CMT00384,DEC00154,,supplier,SUP0089,supplier_account_manager,2023-08-13,Supplier 089 (SUP0089) confirms revised ship-to-arrive date 2023-09-08 for RMPO008138,5225.4634,2023-09-08,expedite freight at supplier cost if >7 days late,fulfilled,2023-09-05
CMT00385,DEC00152,,warehouse,W006,plant_scheduler,2023-08-13,P03 commits to deliver FG line POL0028246 (PO PO009455) to W006 by 2023-08-31,489.0,2023-08-31,service-level KPI,breached,2023-09-04
CMT00386,DEC00153,,warehouse,W001,plant_scheduler,2023-08-13,P04 commits to deliver FG line POL0001498 (PO PO000500) to W001 by 2023-09-11,60.0,2023-09-11,service-level KPI,fulfilled,2023-09-09
CMT00387,DEC00154,,supplier,SUP0089,supplier_account_manager,2023-08-14,Supplier 089 (SUP0089) commits to deliver RMPO008138 by 2023-08-31 on expedited freight,5225.4634,2023-08-31,expedite freight at supplier cost if >7 days late,breached,2023-09-05
CMT00388,DEC00154,,warehouse,W006,plant_scheduler,2023-08-15,P04 commits to deliver FG line POL0008382 (PO PO002816) to W006 by 2023-09-13,557.0,2023-09-13,service-level KPI,fulfilled,2023-09-10
CMT00389,DEC00156,,supplier,SUP0010,supplier_account_manager,2023-08-17,Supplier 010 (SUP0010) commits to deliver RMPO007143 by 2023-08-30 on expedited freight,3495.5443,2023-08-30,expedite freight at supplier cost if >7 days late,breached,2023-09-05
CMT00390,DEC00156,,supplier,SUP0010,supplier_account_manager,2023-08-17,Supplier 010 (SUP0010) confirms revised ship-to-arrive date 2023-09-07 for RMPO007143,3495.5443,2023-09-07,expedite freight at supplier cost if >7 days late,fulfilled,2023-09-05
CMT00391,DEC00158,,supplier,SUP0084,supplier_account_manager,2023-08-18,Supplier 084 (SUP0084) confirms revised ship-to-arrive date 2023-08-25 for RMPO007498,5.0,2023-08-25,2% credit per week late beyond 3 days,fulfilled,2023-08-25
CMT00392,DEC00156,,warehouse,W006,plant_scheduler,2023-08-18,P05 commits to deliver FG line POL0045862 (PO PO015299) to W006 by 2023-09-14,595.0,2023-09-14,service-level KPI,renegotiated,2023-08-22
CMT00393,DEC00157,,supplier,SUP0185,supplier_account_manager,2023-08-19,Supplier 185 (SUP0185) commits to deliver RMPO008636 by 2023-09-07 on expedited freight,7726.1975,2023-09-07,none,fulfilled,2023-09-04
CMT00394,DEC00157,,supplier,SUP0185,supplier_account_manager,2023-08-19,Supplier 185 (SUP0185) confirms revised ship-to-arrive date 2023-09-11 for RMPO008636,7726.1975,2023-09-11,none,fulfilled,2023-09-04
CMT00395,DEC00159,,supplier,SUP0138,supplier_account_manager,2023-08-20,Supplier 138 (SUP0138) commits to deliver RMPO006880 by 2023-09-02 on expedited freight,1346.221,2023-09-02,none,fulfilled,2023-08-31
CMT00396,DEC00159,,supplier,SUP0138,supplier_account_manager,2023-08-20,Supplier 138 (SUP0138) confirms revised ship-to-arrive date 2023-09-07 for RMPO006880,1346.221,2023-09-07,none,fulfilled,2023-08-31
CMT00397,DEC00157,,warehouse,W007,plant_scheduler,2023-08-20,P03 commits to deliver FG line POL0039995 (PO PO013347) to W007 by 2023-09-22,285.0,2023-09-22,service-level KPI,fulfilled,2023-09-15
CMT00398,DEC00160,,supplier,SUP0179,supplier_account_manager,2023-08-21,Supplier 179 (SUP0179) commits to deliver RMPO008323 by 2023-09-04 on expedited freight,15.0,2023-09-04,1% credit per week late beyond 5 days,fulfilled,2023-09-04
CMT00399,DEC00159,,warehouse,W002,plant_scheduler,2023-08-21,P03 commits to deliver FG line POL0043136 (PO PO014393) to W002 by 2023-09-12,117.0,2023-09-12,service-level KPI,fulfilled,2023-09-07
CMT00400,,NEG0014,supplier,SUP0124,category_manager,2023-08-23,"We commit to purchase at least 18,370 units from Supplier 124 (SUP0124) under CT00127 by 2024-08-31",18370.0,2024-08-31,volume shortfall invoiced at 5% of unpurchased value,fulfilled,2024-08-31
CMT00401,,NEG0014,supplier,SUP0124,supplier_account_manager,2023-08-23,Supplier 124 (SUP0124) commits to hold contract prices under CT00127 until 2024-08-31,,2024-08-31,none,fulfilled,2024-08-31
CMT00402,DEC00161,,supplier,SUP0054,supplier_account_manager,2023-08-23,Supplier 054 (SUP0054) commits to deliver RMPO008916 by 2023-09-02 on expedited freight,291.4109,2023-09-02,2% credit per week late beyond 3 days,breached,2023-09-08
CMT00403,DEC00161,,warehouse,W003,plant_scheduler,2023-08-24,P01 commits to deliver FG line POL0018022 (PO PO006055) to W003 by 2023-09-14,111.0,2023-09-14,service-level KPI,fulfilled,2023-09-14
CMT00404,DEC00163,,supplier,SUP0202,supplier_account_manager,2023-08-25,Supplier 202 (SUP0202) commits to deliver RMPO008410 by 2023-09-10 on expedited freight,323.3653,2023-09-10,expedite freight at supplier cost if >7 days late,breached,2023-09-13
CMT00405,DEC00163,,supplier,SUP0202,supplier_account_manager,2023-08-25,Supplier 202 (SUP0202) confirms revised ship-to-arrive date 2023-09-13 for RMPO008410,323.3653,2023-09-13,expedite freight at supplier cost if >7 days late,fulfilled,2023-09-13
CMT00406,DEC00164,,supplier,SUP0185,supplier_account_manager,2023-08-25,Supplier 185 (SUP0185) confirms revised ship-to-arrive date 2023-09-20 for RMPO008926,6438.8977,2023-09-20,none,fulfilled,2023-09-12
CMT00407,DEC00163,,warehouse,W002,plant_scheduler,2023-08-26,P03 commits to deliver FG line POL0019108 (PO PO006414) to W002 by 2023-09-19,447.0,2023-09-19,service-level KPI,fulfilled,2023-09-19
CMT00408,DEC00164,,supplier,SUP0185,supplier_account_manager,2023-08-26,Supplier 185 (SUP0185) commits to deliver RMPO008926 by 2023-09-12 on expedited freight,6438.8977,2023-09-12,none,fulfilled,2023-09-12
CMT00409,DEC00164,,warehouse,W002,plant_scheduler,2023-08-27,P01 commits to deliver FG line POL0030784 (PO PO010294) to W002 by 2023-09-28,455.0,2023-09-28,service-level KPI,fulfilled,2023-09-24
CMT00410,,,supplier,SUP0179,supplier_account_manager,2023-08-29,Supplier 179 (SUP0179) order confirmation: RMPO009362 to arrive by 2023-09-23,6.0,2023-09-23,1% credit per week late beyond 5 days,renegotiated,2023-09-17
CMT00411,,,supplier,SUP0179,supplier_account_manager,2023-08-29,Supplier 179 (SUP0179) order confirmation: RMPO009360 to arrive by 2023-09-28,600.0,2023-09-28,1% credit per week late beyond 5 days,renegotiated,2023-09-20
CMT00412,DEC00166,,supplier,SUP0033,supplier_account_manager,2023-09-04,Supplier 033 (SUP0033) confirms revised ship-to-arrive date 2023-09-23 for RMPO007697,40.5388,2023-09-23,none,breached,2023-09-27
CMT00413,,NEG0015,supplier,SUP0136,supplier_account_manager,2023-09-04,"Supplier 136 (SUP0136) commits to issue the agreed credit note (credit 6,800) by 2023-10-19",,2023-10-19,none,fulfilled,2023-10-14
CMT00414,DEC00166,,supplier,SUP0033,supplier_account_manager,2023-09-05,Supplier 033 (SUP0033) commits to deliver RMPO007697 by 2023-09-18 on expedited freight,40.5388,2023-09-18,none,breached,2023-09-27
CMT00415,DEC00167,,supplier,SUP0118,supplier_account_manager,2023-09-05,Supplier 118 (SUP0118) confirms revised ship-to-arrive date 2023-09-23 for RMPO007989,51.6905,2023-09-23,none,fulfilled,2023-09-19
CMT00416,DEC00166,,warehouse,W007,plant_scheduler,2023-09-06,P04 commits to deliver FG line POL0048995 (PO PO016357) to W007 by 2023-09-27,461.0,2023-09-27,service-level KPI,renegotiated,2023-09-14
CMT00417,DEC00167,,supplier,SUP0118,supplier_account_manager,2023-09-06,Supplier 118 (SUP0118) commits to deliver RMPO007989 by 2023-09-19 on expedited freight,51.6905,2023-09-19,none,fulfilled,2023-09-19
CMT00418,DEC00167,,warehouse,W002,plant_scheduler,2023-09-07,P01 commits to deliver FG line POL0007553 (PO PO002549) to W002 by 2023-10-02,449.0,2023-10-02,service-level KPI,fulfilled,2023-09-28
CMT00419,DEC00168,,supplier,SUP0185,supplier_account_manager,2023-09-09,Supplier 185 (SUP0185) confirms revised ship-to-arrive date 2023-09-26 for RMPO009434,9029.4575,2023-09-26,none,fulfilled,2023-09-22
CMT00420,DEC00169,,supplier,SUP0179,supplier_account_manager,2023-09-10,Supplier 179 (SUP0179) commits to deliver RMPO009098 by 2023-09-21 on expedited freight,6.0,2023-09-21,1% credit per week late beyond 5 days,fulfilled,2023-09-21
CMT00421,DEC00169,,supplier,SUP0179,supplier_account_manager,2023-09-10,Supplier 179 (SUP0179) confirms revised ship-to-arrive date 2023-09-27 for RMPO009098,6.0,2023-09-27,1% credit per week late beyond 5 days,fulfilled,2023-09-21
CMT00422,DEC00168,,warehouse,W002,plant_scheduler,2023-09-11,P05 commits to deliver FG line POL0022116 (PO PO007416) to W002 by 2023-10-07,299.0,2023-10-07,service-level KPI,fulfilled,2023-10-04
CMT00423,DEC00170,,supplier,SUP0079,supplier_account_manager,2023-09-15,Supplier 079 (SUP0079) commits to deliver RMPO008715 by 2023-09-18 on expedited freight,800.0,2023-09-18,"0.5% credit per day late, capped at 10%",fulfilled,2023-09-18
CMT00424,DEC00172,,supplier,SUP0241,supplier_account_manager,2023-09-15,Supplier 241 (SUP0241) confirms revised ship-to-arrive date 2023-09-24 for RMPO009433,229.0775,2023-09-24,none,breached,2023-10-01
CMT00425,DEC00173,,supplier,SUP0095,supplier_account_manager,2023-09-16,Supplier 095 (SUP0095) commits to deliver RMPO009269 by 2023-09-30 on expedited freight,1900.0,2023-09-30,2% credit per week late beyond 3 days,breached,2023-10-03
CMT00426,DEC00173,,supplier,SUP0095,supplier_account_manager,2023-09-16,Supplier 095 (SUP0095) confirms revised ship-to-arrive date 2023-10-04 for RMPO009269,1900.0,2023-10-04,2% credit per week late beyond 3 days,fulfilled,2023-10-03
CMT00427,DEC00171,,supplier,SUP0138,supplier_account_manager,2023-09-16,Supplier 138 (SUP0138) commits to deliver RMPO008140 by 2023-09-27 on expedited freight,933.6027,2023-09-27,none,breached,2023-10-09
CMT00428,DEC00171,,supplier,SUP0138,supplier_account_manager,2023-09-16,Supplier 138 (SUP0138) confirms revised ship-to-arrive date 2023-10-03 for RMPO008140,933.6027,2023-10-03,none,breached,2023-10-09
CMT00429,DEC00172,,supplier,SUP0241,supplier_account_manager,2023-09-16,Supplier 241 (SUP0241) commits to deliver RMPO009433 by 2023-09-18 on expedited freight,229.0775,2023-09-18,none,breached,2023-10-01
CMT00430,DEC00174,,supplier,SUP0179,supplier_account_manager,2023-09-17,Supplier 179 (SUP0179) confirms revised ship-to-arrive date 2023-10-05 for RMPO009358,400.0,2023-10-05,1% credit per week late beyond 5 days,fulfilled,2023-10-05
CMT00431,DEC00177,,supplier,SUP0047,supplier_account_manager,2023-09-17,Supplier 047 (SUP0047) confirms revised ship-to-arrive date 2023-10-08 for RMPO008684,140.0,2023-10-08,1% credit per week late beyond 5 days,fulfilled,2023-10-08
CMT00432,DEC00175,,supplier,SUP0086,supplier_account_manager,2023-09-17,Supplier 086 (SUP0086) commits to deliver RMPO008221 by 2023-10-02 on expedited freight,165.0,2023-10-02,1% credit per week late beyond 5 days,fulfilled,2023-10-02
CMT00433,DEC00176,,supplier,SUP0089,supplier_account_manager,2023-09-17,Supplier 089 (SUP0089) commits to deliver RMPO009267 by 2023-09-27 on expedited freight,9000.0,2023-09-27,expedite freight at supplier cost if >7 days late,fulfilled,2023-09-27
CMT00434,DEC00176,,supplier,SUP0089,supplier_account_manager,2023-09-17,Supplier 089 (SUP0089) confirms revised ship-to-arrive date 2023-10-01 for RMPO009267,9000.0,2023-10-01,expedite freight at supplier cost if >7 days late,fulfilled,2023-09-27
CMT00435,DEC00171,,warehouse,W003,plant_scheduler,2023-09-17,P04 commits to deliver FG line POL0020507 (PO PO006888) to W003 by 2023-10-07,52.0,2023-10-07,service-level KPI,renegotiated,2023-09-22
CMT00436,DEC00172,,warehouse,W001,plant_scheduler,2023-09-17,P05 commits to deliver FG line POL0020116 (PO PO006753) to W001 by 2023-10-01,368.0,2023-10-01,service-level KPI,breached,2023-10-08
CMT00437,DEC00178,,supplier,SUP0026,supplier_account_manager,2023-09-18,Supplier 026 (SUP0026) confirms revised ship-to-arrive date 2023-10-01 for RMPO009204,65.0,2023-10-01,1% credit per week late beyond 5 days,fulfilled,2023-10-01
CMT00438,DEC00179,,supplier,SUP0221,supplier_account_manager,2023-09-19,Supplier 221 (SUP0221) commits to deliver RMPO010171 by 2023-09-25 on expedited freight,24.0,2023-09-25,1% credit per week late beyond 5 days,breached,2023-10-03
CMT00439,DEC00179,,supplier,SUP0221,supplier_account_manager,2023-09-19,Supplier 221 (SUP0221) confirms revised ship-to-arrive date 2023-10-03 for RMPO010171,24.0,2023-10-03,1% credit per week late beyond 5 days,fulfilled,2023-10-03
CMT00440,DEC00181,,supplier,SUP0152,supplier_account_manager,2023-09-19,Supplier 152 (SUP0152) confirms revised ship-to-arrive date 2023-10-07 for RMPO009342,165.0,2023-10-07,1% credit per week late beyond 5 days,fulfilled,2023-10-05
CMT00441,DEC00180,,supplier,SUP0135,supplier_account_manager,2023-09-20,Supplier 135 (SUP0135) confirms revised ship-to-arrive date 2023-10-02 for RMPO008278,150.0,2023-10-02,none,breached,2023-10-06
CMT00442,DEC00181,,supplier,SUP0152,supplier_account_manager,2023-09-20,Supplier 152 (SUP0152) commits to deliver RMPO009342 by 2023-09-29 on expedited freight,165.0,2023-09-29,1% credit per week late beyond 5 days,breached,2023-10-05
CMT00443,DEC00182,,supplier,SUP0238,supplier_account_manager,2023-09-22,Supplier 238 (SUP0238) commits to deliver RMPO008611 by 2023-09-30 on expedited freight,450.0,2023-09-30,2% credit per week late beyond 3 days,breached,2023-10-03
CMT00444,DEC00183,,supplier,SUP0137,supplier_account_manager,2023-09-23,Supplier 137 (SUP0137) commits to deliver RMPO009827 by 2023-09-27 on expedited freight,320.0,2023-09-27,none,breached,2023-10-01
CMT00445,DEC00183,,supplier,SUP0137,supplier_account_manager,2023-09-23,Supplier 137 (SUP0137) confirms revised ship-to-arrive date 2023-10-01 for RMPO009827,320.0,2023-10-01,none,fulfilled,2023-10-01
CMT00446,DEC00184,,supplier,SUP0137,supplier_account_manager,2023-09-23,Supplier 137 (SUP0137) commits to deliver RMPO009565 by 2023-09-30 on expedited freight,2400.0,2023-09-30,none,fulfilled,2023-09-30
CMT00447,DEC00186,,supplier,SUP0185,supplier_account_manager,2023-09-25,Supplier 185 (SUP0185) confirms revised ship-to-arrive date 2023-10-02 for RMPO009882,2609.5068,2023-10-02,none,breached,2023-10-11
CMT00448,DEC00188,,supplier,SUP0089,supplier_account_manager,2023-09-26,Supplier 089 (SUP0089) confirms revised ship-to-arrive date 2023-10-05 for RMPO009512,7500.0,2023-10-05,expedite freight at supplier cost if >7 days late,fulfilled,2023-10-03
CMT00449,DEC00188,,supplier,SUP0089,supplier_account_manager,2023-09-27,Supplier 089 (SUP0089) commits to deliver RMPO009512 by 2023-09-29 on expedited freight,7500.0,2023-09-29,expedite freight at supplier cost if >7 days late,breached,2023-10-03
CMT00450,DEC00189,,supplier,SUP0221,supplier_account_manager,2023-09-27,Supplier 221 (SUP0221) confirms revised ship-to-arrive date 2023-10-12 for RMPO010170,2500.0,2023-10-12,1% credit per week late beyond 5 days,fulfilled,2023-10-10
CMT00451,DEC00186,,warehouse,W006,plant_scheduler,2023-09-27,P04 commits to deliver FG line POL0050773 (PO PO016951) to W006 by 2023-10-08,530.0,2023-10-08,service-level KPI,renegotiated,2023-09-29
CMT00452,DEC00189,,supplier,SUP0221,supplier_account_manager,2023-09-28,Supplier 221 (SUP0221) commits to deliver RMPO010170 by 2023-10-05 on expedited freight,2500.0,2023-10-05,1% credit per week late beyond 5 days,breached,2023-10-10
CMT00453,DEC00187,,warehouse,W008,plant_scheduler,2023-09-28,P02 commits to deliver FG line POL0039956 (PO PO013332) to W008 by 2023-10-10,79.0,2023-10-10,service-level KPI,breached,2023-10-15
CMT00454,DEC00192,,supplier,SUP0055,supplier_account_manager,2023-09-29,Supplier 055 (SUP0055) commits to deliver RMPO009742 by 2023-10-06 on expedited freight,2000.0,2023-10-06,none,breached,2023-10-18
CMT00455,DEC00192,,supplier,SUP0055,supplier_account_manager,2023-09-29,Supplier 055 (SUP0055) confirms revised ship-to-arrive date 2023-10-13 for RMPO009742,2000.0,2023-10-13,none,breached,2023-10-18
CMT00456,DEC00190,,supplier,SUP0042,supplier_account_manager,2023-09-29,Supplier 042 (SUP0042) commits to deliver RMPO009943 by 2023-10-01 on expedited freight,1805.0738,2023-10-01,expedite freight at supplier cost if >7 days late,breached,2023-10-13
CMT00457,DEC00190,,supplier,SUP0042,supplier_account_manager,2023-09-29,Supplier 042 (SUP0042) confirms revised ship-to-arrive date 2023-10-08 for RMPO009943,1805.0738,2023-10-08,expedite freight at supplier cost if >7 days late,breached,2023-10-13
CMT00458,DEC00190,,warehouse,W012,plant_scheduler,2023-09-30,P01 commits to deliver FG line POL0002724 (PO PO000907) to W012 by 2023-10-12,51.0,2023-10-12,service-level KPI,breached,2023-10-17
CMT00459,DEC00193,,supplier,SUP0042,supplier_account_manager,2023-09-30,Supplier 042 (SUP0042) confirms revised ship-to-arrive date 2023-10-12 for RMPO010199,1120.2397,2023-10-12,expedite freight at supplier cost if >7 days late,breached,2023-10-19
CMT00460,DEC00194,,supplier,SUP0033,supplier_account_manager,2023-10-01,Supplier 033 (SUP0033) confirms revised ship-to-arrive date 2023-11-03 for RMPO008669,25.0,2023-11-03,none,fulfilled,2023-10-27
CMT00461,DEC00193,,supplier,SUP0042,supplier_account_manager,2023-10-01,Supplier 042 (SUP0042) commits to deliver RMPO010199 by 2023-10-05 on expedited freight,1120.2397,2023-10-05,expedite freight at supplier cost if >7 days late,breached,2023-10-19
CMT00462,DEC00194,,supplier,SUP0033,supplier_account_manager,2023-10-02,Supplier 033 (SUP0033) commits to deliver RMPO008669 by 2023-10-27 on expedited freight,25.0,2023-10-27,none,fulfilled,2023-10-27
CMT00463,DEC00196,,supplier,SUP0089,supplier_account_manager,2023-10-02,Supplier 089 (SUP0089) confirms revised ship-to-arrive date 2023-10-14 for RMPO009767,3000.0,2023-10-14,expedite freight at supplier cost if >7 days late,renegotiated,2023-10-10
CMT00464,DEC00198,,supplier,SUP0089,supplier_account_manager,2023-10-02,Supplier 089 (SUP0089) confirms revised ship-to-arrive date 2023-10-17 for RMPO010024,1500.0,2023-10-17,expedite freight at supplier cost if >7 days late,breached,2023-10-20
CMT00465,DEC00193,,warehouse,W006,plant_scheduler,2023-10-02,P04 commits to deliver FG line POL0030320 (PO PO010148) to W006 by 2023-10-15,72.0,2023-10-15,service-level KPI,breached,2023-10-22
CMT00466,DEC00194,,warehouse,W005,plant_scheduler,2023-10-03,P01 commits to deliver FG line POL0029349 (PO PO009809) to W005 by 2023-11-09,534.0,2023-11-09,service-level KPI,fulfilled,2023-11-02
CMT00467,DEC00198,,supplier,SUP0089,supplier_account_manager,2023-10-03,Supplier 089 (SUP0089) commits to deliver RMPO010024 by 2023-10-11 on expedited freight,1500.0,2023-10-11,expedite freight at supplier cost if >7 days late,breached,2023-10-20
CMT00468,,,supplier,SUP0179,supplier_account_manager,2023-10-03,Supplier 179 (SUP0179) order confirmation: RMPO010639 to arrive by 2023-11-02,1200.0,2023-11-02,1% credit per week late beyond 5 days,renegotiated,2023-10-21
CMT00469,DEC00195,,supplier,SUP0153,supplier_account_manager,2023-10-03,Supplier 153 (SUP0153) commits to deliver replacement order RMPO010715 by 2023-10-16,2500.0,2023-10-16,1% credit per week late beyond 5 days,renegotiated,2023-10-04
CMT00470,DEC00195,,warehouse,W004,plant_scheduler,2023-10-04,P04 commits to deliver FG line POL0045744 (PO PO015256) to W004 by 2023-11-04,506.0,2023-11-04,service-level KPI,fulfilled,2023-10-28
CMT00471,DEC00199,,supplier,SUP0086,supplier_account_manager,2023-10-05,Supplier 086 (SUP0086) confirms revised ship-to-arrive date 2023-10-13 for RMPO008639,3426.6231,2023-10-13,1% credit per week late beyond 5 days,breached,2023-10-18
CMT00472,DEC00199,,supplier,SUP0086,supplier_account_manager,2023-10-06,Supplier 086 (SUP0086) commits to deliver RMPO008639 by 2023-10-08 on expedited freight,3426.6231,2023-10-08,1% credit per week late beyond 5 days,breached,2023-10-18
CMT00473,DEC00200,,supplier,SUP0101,supplier_account_manager,2023-10-07,Supplier 101 (SUP0101) commits to deliver replacement order RMPO010724 by 2023-10-16,600.0,2023-10-16,1% credit per week late beyond 5 days,fulfilled,2023-10-16
CMT00474,DEC00201,,supplier,SUP0236,supplier_account_manager,2023-10-07,Supplier 236 (SUP0236) confirms revised ship-to-arrive date 2023-10-20 for RMPO009665,600.0,2023-10-20,"0.5% credit per day late, capped at 10%",breached,2023-10-22
CMT00475,DEC00199,,warehouse,W005,plant_scheduler,2023-10-07,P04 commits to deliver FG line POL0013911 (PO PO004664) to W005 by 2023-10-19,51.0,2023-10-19,service-level KPI,renegotiated,2023-10-08
CMT00476,DEC00201,,supplier,SUP0236,supplier_account_manager,2023-10-08,Supplier 236 (SUP0236) commits to deliver RMPO009665 by 2023-10-13 on expedited freight,600.0,2023-10-13,"0.5% credit per day late, capped at 10%",breached,2023-10-22
CMT00477,DEC00203,,supplier,SUP0047,supplier_account_manager,2023-10-09,Supplier 047 (SUP0047) confirms revised ship-to-arrive date 2023-10-17 for RMPO009485,500.0,2023-10-17,1% credit per week late beyond 5 days,breached,2023-10-20
CMT00478,DEC00204,,supplier,SUP0221,supplier_account_manager,2023-10-09,Supplier 221 (SUP0221) confirms revised ship-to-arrive date 2023-10-19 for RMPO010925,900.0,2023-10-19,1% credit per week late beyond 5 days,breached,2023-10-21
CMT00479,DEC00205,,supplier,SUP0179,supplier_account_manager,2023-10-10,Supplier 179 (SUP0179) confirms revised ship-to-arrive date 2023-10-21 for RMPO009876,810.0,2023-10-21,1% credit per week late beyond 5 days,fulfilled,2023-10-21
CMT00480,DEC00204,,supplier,SUP0221,supplier_account_manager,2023-10-10,Supplier 221 (SUP0221) commits to deliver RMPO010925 by 2023-10-16 on expedited freight,900.0,2023-10-16,1% credit per week late beyond 5 days,breached,2023-10-21
CMT00481,DEC00202,,supplier,SUP0138,supplier_account_manager,2023-10-10,Supplier 138 (SUP0138) commits to deliver RMPO008915 by 2023-10-12 on expedited freight,1531.9668,2023-10-12,none,breached,2023-10-24
CMT00482,DEC00202,,supplier,SUP0138,supplier_account_manager,2023-10-10,Supplier 138 (SUP0138) confirms revised ship-to-arrive date 2023-10-19 for RMPO008915,1531.9668,2023-10-19,none,breached,2023-10-24
CMT00483,DEC00202,,warehouse,W009,plant_scheduler,2023-10-11,P02 commits to deliver FG line POL0036749 (PO PO012275) to W009 by 2023-10-27,290.0,2023-10-27,service-level KPI,renegotiated,2023-10-17
CMT00484,DEC00206,,supplier,SUP0042,supplier_account_manager,2023-10-11,Supplier 042 (SUP0042) confirms revised ship-to-arrive date 2023-10-25 for RMPO010454,1458.6064,2023-10-25,expedite freight at supplier cost if >7 days late,breached,2023-10-31
CMT00485,DEC00206,,supplier,SUP0042,supplier_account_manager,2023-10-12,Supplier 042 (SUP0042) commits to deliver RMPO010454 by 2023-10-17 on expedited freight,1458.6064,2023-10-17,expedite freight at supplier cost if >7 days late,breached,2023-10-31
CMT00486,DEC00207,,supplier,SUP0214,supplier_account_manager,2023-10-12,Supplier 214 (SUP0214) commits to deliver RMPO009941 by 2023-10-18 on expedited freight,13.2755,2023-10-18,expedite freight at supplier cost if >7 days late,breached,2023-10-28
CMT00487,DEC00208,,supplier,SUP0179,supplier_account_manager,2023-10-13,Supplier 179 (SUP0179) confirms revised ship-to-arrive date 2023-10-26 for RMPO010378,15.0,2023-10-26,1% credit per week late beyond 5 days,renegotiated,2023-10-15
CMT00488,DEC00209,,supplier,SUP0164,supplier_account_manager,2023-10-13,Supplier 164 (SUP0164) commits to deliver RMPO009088 by 2023-10-16 on expedited freight,35.0,2023-10-16,expedite freight at supplier cost if >7 days late,breached,2023-10-22
CMT00489,DEC00209,,supplier,SUP0164,supplier_account_manager,2023-10-13,Supplier 164 (SUP0164) confirms revised ship-to-arrive date 2023-10-23 for RMPO009088,35.0,2023-10-23,expedite freight at supplier cost if >7 days late,fulfilled,2023-10-22
CMT00490,DEC00206,,warehouse,W001,plant_scheduler,2023-10-13,P02 commits to deliver FG line POL0031198 (PO PO010426) to W001 by 2023-10-30,227.0,2023-10-30,service-level KPI,renegotiated,2023-10-24
CMT00491,DEC00207,,warehouse,W006,plant_scheduler,2023-10-13,P01 commits to deliver FG line POL0000519 (PO PO000175) to W006 by 2023-10-29,508.0,2023-10-29,service-level KPI,breached,2023-11-05
CMT00492,DEC00211,,supplier,SUP0157,supplier_account_manager,2023-10-14,Supplier 157 (SUP0157) commits to deliver RMPO009345 by 2023-11-03 on expedited freight,180.0,2023-11-03,1% credit per week late beyond 5 days,fulfilled,2023-11-03
CMT00493,DEC00211,,supplier,SUP0157,supplier_account_manager,2023-10-14,Supplier 157 (SUP0157) confirms revised ship-to-arrive date 2023-11-08 for RMPO009345,180.0,2023-11-08,1% credit per week late beyond 5 days,fulfilled,2023-11-03
CMT00494,DEC00210,,supplier,SUP0185,supplier_account_manager,2023-10-14,Supplier 185 (SUP0185) commits to deliver RMPO010728 by 2023-10-16 on expedited freight,8305.191,2023-10-16,none,breached,2023-10-23
CMT00495,DEC00210,,warehouse,W011,plant_scheduler,2023-10-15,P03 commits to deliver FG line POL0019453 (PO PO006527) to W011 by 2023-10-25,403.0,2023-10-25,service-level KPI,renegotiated,2023-10-17
CMT00496,DEC00212,,supplier,SUP0179,supplier_account_manager,2023-10-16,Supplier 179 (SUP0179) commits to deliver RMPO010127 by 2023-10-26 on expedited freight,450.0,2023-10-26,1% credit per week late beyond 5 days,breached,2023-11-08
CMT00497,,NEG0017,supplier,SUP0118,supplier_account_manager,2023-10-17,Supplier 118 (SUP0118) commits to deliver all Nov-Dec 2023 POs on time from reserved capacity,26845.937299999998,2023-12-31,none,breached,2023-11-06
CMT00498,DEC00213,,supplier,SUP0179,supplier_account_manager,2023-10-18,Supplier 179 (SUP0179) commits to deliver RMPO010120 by 2023-10-25 on expedited freight,9.0,2023-10-25,1% credit per week late beyond 5 days,breached,2023-10-30
CMT00499,DEC00214,,supplier,SUP0185,supplier_account_manager,2023-10-19,Supplier 185 (SUP0185) commits to deliver RMPO010959 by 2023-10-24 on expedited freight,3691.8025,2023-10-24,none,breached,2023-10-31
CMT00500,DEC00214,,supplier,SUP0185,supplier_account_manager,2023-10-19,Supplier 185 (SUP0185) confirms revised ship-to-arrive date 2023-10-30 for RMPO010959,3691.8025,2023-10-30,none,breached,2023-10-31
CMT00501,DEC00214,,warehouse,W002,plant_scheduler,2023-10-20,P01 commits to deliver FG line POL0001993 (PO PO000666) to W002 by 2023-11-07,171.0,2023-11-07,service-level KPI,renegotiated,2023-10-24
CMT00502,DEC00215,,supplier,SUP0118,supplier_account_manager,2023-10-23,Supplier 118 (SUP0118) confirms revised ship-to-arrive date 2023-11-04 for RMPO009430,250.0,2023-11-04,none,renegotiated,2023-10-29
CMT00503,DEC00216,,supplier,SUP0136,supplier_account_manager,2023-10-24,Supplier 136 (SUP0136) commits to deliver RMPO009679 by 2023-10-29 on expedited freight,321.0047,2023-10-29,2% credit per week late beyond 3 days,breached,2023-11-11
CMT00504,DEC00216,,supplier,SUP0136,supplier_account_manager,2023-10-24,Supplier 136 (SUP0136) confirms revised ship-to-arrive date 2023-11-06 for RMPO009679,321.0047,2023-11-06,2% credit per week late beyond 3 days,breached,2023-11-11
CMT00505,DEC00215,,warehouse,W007,plant_scheduler,2023-10-25,P01 commits to deliver FG line POL0037779 (PO PO012615) to W007 by 2023-11-10,442.0,2023-11-10,service-level KPI,renegotiated,2023-10-29
CMT00506,DEC00217,,supplier,SUP0175,supplier_account_manager,2023-10-25,Supplier 175 (SUP0175) commits to deliver replacement order RMPO011464 by 2023-10-29,3689.8506,2023-10-29,1% credit per week late beyond 5 days,fulfilled,2023-10-29
CMT00507,DEC00216,,warehouse,W002,plant_scheduler,2023-10-25,P04 commits to deliver FG line POL0003175 (PO PO001054) to W002 by 2023-11-16,383.0,2023-11-16,service-level KPI,renegotiated,2023-10-30
CMT00508,DEC00219,,supplier,SUP0182,supplier_account_manager,2023-10-26,Supplier 182 (SUP0182) confirms revised ship-to-arrive date 2023-11-08 for RMPO010217,2107.3273,2023-11-08,none,breached,2023-11-12
CMT00509,DEC00218,,supplier,SUP0185,supplier_account_manager,2023-10-27,Supplier 185 (SUP0185) confirms revised ship-to-arrive date 2023-11-04 for RMPO011227,16525.2995,2023-11-04,none,breached,2023-11-06
CMT00510,DEC00219,,warehouse,W012,plant_scheduler,2023-10-28,P02 commits to deliver FG line POL0024936 (PO PO008357) to W012 by 2023-11-17,370.0,2023-11-17,service-level KPI,renegotiated,2023-11-08
CMT00511,DEC00218,,warehouse,W005,plant_scheduler,2023-10-28,P05 commits to deliver FG line POL0041886 (PO PO013974) to W005 by 2023-11-08,478.0,2023-11-08,service-level KPI,breached,2023-11-11
CMT00512,DEC00221,,supplier,SUP0118,supplier_account_manager,2023-10-29,Supplier 118 (SUP0118) confirms revised ship-to-arrive date 2023-11-08 for RMPO009437,600.8047,2023-11-08,none,breached,2023-11-12
CMT00513,DEC00221,,supplier,SUP0118,supplier_account_manager,2023-10-30,Supplier 118 (SUP0118) commits to deliver RMPO009437 by 2023-11-01 on expedited freight,600.8047,2023-11-01,none,breached,2023-11-12
CMT00514,DEC00221,,warehouse,W009,plant_scheduler,2023-10-31,P02 commits to deliver FG line POL0006552 (PO PO002225) to W009 by 2023-11-14,289.0,2023-11-14,service-level KPI,renegotiated,2023-11-04
CMT00515,DEC00223,,supplier,SUP0118,supplier_account_manager,2023-10-31,Supplier 118 (SUP0118) commits to deliver RMPO009431 by 2023-11-04 on expedited freight,410.2365,2023-11-04,none,breached,2023-11-07
CMT00516,DEC00223,,supplier,SUP0118,supplier_account_manager,2023-10-31,Supplier 118 (SUP0118) confirms revised ship-to-arrive date 2023-11-07 for RMPO009431,410.2365,2023-11-07,none,fulfilled,2023-11-07
CMT00517,DEC00223,,warehouse,W006,plant_scheduler,2023-11-01,P04 commits to deliver FG line POL0006430 (PO PO002181) to W006 by 2023-11-09,323.0,2023-11-09,service-level KPI,renegotiated,2023-11-02
CMT00518,DEC00224,,supplier,SUP0118,supplier_account_manager,2023-11-02,Supplier 118 (SUP0118) commits to deliver RMPO009438 by 2023-11-17 on expedited freight,627.3753,2023-11-17,none,fulfilled,2023-11-13
CMT00519,DEC00224,,supplier,SUP0118,supplier_account_manager,2023-11-02,Supplier 118 (SUP0118) confirms revised ship-to-arrive date 2023-11-21 for RMPO009438,627.3753,2023-11-21,none,fulfilled,2023-11-13
CMT00520,DEC00225,,supplier,SUP0118,supplier_account_manager,2023-11-02,Supplier 118 (SUP0118) commits to deliver RMPO009436 by 2023-11-13 on expedited freight,1080.3129,2023-11-13,none,breached,2023-11-22
CMT00521,DEC00225,,supplier,SUP0118,supplier_account_manager,2023-11-02,Supplier 118 (SUP0118) confirms revised ship-to-arrive date 2023-11-16 for RMPO009436,1080.3129,2023-11-16,none,breached,2023-11-22
CMT00522,DEC00226,,supplier,SUP0135,supplier_account_manager,2023-11-02,Supplier 135 (SUP0135) confirms revised ship-to-arrive date 2023-11-04 for RMPO009058,150.0,2023-11-04,none,fulfilled,2023-11-04
CMT00523,DEC00224,,warehouse,W009,plant_scheduler,2023-11-03,P04 commits to deliver FG line POL0006553 (PO PO002225) to W009 by 2023-11-25,113.0,2023-11-25,service-level KPI,fulfilled,2023-11-18
CMT00524,DEC00225,,warehouse,W010,plant_scheduler,2023-11-03,P01 commits to deliver FG line POL0041429 (PO PO013826) to W010 by 2023-11-19,502.0,2023-11-19,service-level KPI,breached,2023-11-25
CMT00525,DEC00227,,supplier,SUP0118,supplier_account_manager,2023-11-04,Supplier 118 (SUP0118) confirms revised ship-to-arrive date 2023-11-10 for RMPO009678,18.6298,2023-11-10,none,breached,2023-11-12
CMT00526,DEC00228,,supplier,SUP0118,supplier_account_manager,2023-11-04,Supplier 118 (SUP0118) confirms revised ship-to-arrive date 2023-11-13 for RMPO009680,7.1023,2023-11-13,none,breached,2023-11-15
CMT00527,DEC00230,,supplier,SUP0138,supplier_account_manager,2023-11-05,Supplier 138 (SUP0138) confirms revised ship-to-arrive date 2023-11-18 for RMPO009946,329.2659,2023-11-18,none,breached,2023-11-26
CMT00528,DEC00229,,supplier,SUP0138,supplier_account_manager,2023-11-05,Supplier 138 (SUP0138) commits to deliver RMPO009938 by 2023-11-10 on expedited freight,975.4242,2023-11-10,none,breached,2023-11-22
CMT00529,DEC00227,,warehouse,W012,plant_scheduler,2023-11-05,P01 commits to deliver FG line POL0018636 (PO PO006263) to W012 by 2023-11-14,399.0,2023-11-14,service-level KPI,breached,2023-11-17
CMT00530,DEC00228,,warehouse,W011,plant_scheduler,2023-11-05,P05 commits to deliver FG line POL0037899 (PO PO012653) to W011 by 2023-11-17,113.0,2023-11-17,service-level KPI,renegotiated,2023-11-11
CMT00531,DEC00230,,supplier,SUP0138,supplier_account_manager,2023-11-06,Supplier 138 (SUP0138) commits to deliver RMPO009946 by 2023-11-13 on expedited freight,329.2659,2023-11-13,none,breached,2023-11-26
CMT00532,DEC00229,,warehouse,W004,plant_scheduler,2023-11-06,P05 commits to deliver FG line POL0036701 (PO PO012261) to W004 by 2023-11-24,451.0,2023-11-24,service-level KPI,renegotiated,2023-11-12
CMT00533,DEC00230,,warehouse,W001,plant_scheduler,2023-11-07,P04 commits to deliver FG line POL0045871 (PO PO015301) to W001 by 2023-11-24,80.0,2023-11-24,service-level KPI,renegotiated,2023-11-16
CMT00534,,,supplier,SUP0179,supplier_account_manager,2023-11-07,Supplier 179 (SUP0179) order confirmation: RMPO011956 to arrive by 2023-12-06,6.0,2023-12-06,1% credit per week late beyond 5 days,breached,2023-12-17
CMT00535,DEC00231,,warehouse,W009,plant_scheduler,2023-11-08,P05 commits to deliver FG line POL0038887 (PO PO012979) to W009 by 2023-11-26,342.0,2023-11-26,service-level KPI,breached,2023-12-07
CMT00536,DEC00232,,supplier,SUP0042,supplier_account_manager,2023-11-09,Supplier 042 (SUP0042) confirms revised ship-to-arrive date 2023-11-20 for RMPO011503,1179.7832,2023-11-20,expedite freight at supplier cost if >7 days late,breached,2023-11-25
CMT00537,DEC00233,,supplier,SUP0118,supplier_account_manager,2023-11-10,Supplier 118 (SUP0118) commits to deliver RMPO009939 by 2023-11-25 on expedited freight,189.9272,2023-11-25,none,breached,2023-11-27
CMT00538,DEC00233,,supplier,SUP0118,supplier_account_manager,2023-11-10,Supplier 118 (SUP0118) confirms revised ship-to-arrive date 2023-11-30 for RMPO009939,189.9272,2023-11-30,none,fulfilled,2023-11-27
CMT00539,DEC00232,,supplier,SUP0042,supplier_account_manager,2023-11-10,Supplier 042 (SUP0042) commits to deliver RMPO011503 by 2023-11-14 on expedited freight,1179.7832,2023-11-14,expedite freight at supplier cost if >7 days late,breached,2023-11-25
CMT00540,DEC00233,,warehouse,W003,plant_scheduler,2023-11-11,P01 commits to deliver FG line POL0033116 (PO PO011067) to W003 by 2023-12-05,122.0,2023-12-05,service-level KPI,fulfilled,2023-12-02
CMT00541,DEC00232,,warehouse,W008,plant_scheduler,2023-11-11,P04 commits to deliver FG line POL0024683 (PO PO008272) to W008 by 2023-11-28,94.0,2023-11-28,service-level KPI,renegotiated,2023-11-14
CMT00542,DEC00236,,supplier,SUP0118,supplier_account_manager,2023-11-12,Supplier 118 (SUP0118) confirms revised ship-to-arrive date 2023-11-23 for RMPO010206,146.0412,2023-11-23,none,renegotiated,2023-11-17
CMT00543,DEC00234,,supplier,SUP0118,supplier_account_manager,2023-11-12,Supplier 118 (SUP0118) confirms revised ship-to-arrive date 2023-12-08 for RMPO009792,550.0,2023-12-08,none,fulfilled,2023-12-02
CMT00544,DEC00234,,supplier,SUP0118,supplier_account_manager,2023-11-13,Supplier 118 (SUP0118) commits to deliver RMPO009792 by 2023-11-30 on expedited freight,550.0,2023-11-30,none,breached,2023-12-02
CMT00545,DEC00236,,warehouse,W012,plant_scheduler,2023-11-14,P04 commits to deliver FG line POL0041746 (PO PO013927) to W012 by 2023-11-27,287.0,2023-11-27,service-level KPI,renegotiated,2023-11-17
CMT00546,DEC00240,,supplier,SUP0118,supplier_account_manager,2023-11-14,Supplier 118 (SUP0118) confirms revised ship-to-arrive date 2023-11-24 for RMPO009947,841.8314,2023-11-24,none,breached,2023-11-27
CMT00547,DEC00238,,supplier,SUP0118,supplier_account_manager,2023-11-14,Supplier 118 (SUP0118) confirms revised ship-to-arrive date 2023-11-22 for RMPO010201,1219.6652,2023-11-22,none,renegotiated,2023-11-18
CMT00548,DEC00234,,warehouse,W011,plant_scheduler,2023-11-14,P04 commits to deliver FG line POL0021148 (PO PO007092) to W011 by 2023-12-15,137.0,2023-12-15,service-level KPI,fulfilled,2023-12-10
CMT00549,DEC00240,,supplier,SUP0118,supplier_account_manager,2023-11-15,Supplier 118 (SUP0118) commits to deliver RMPO009947 by 2023-11-21 on expedited freight,841.8314,2023-11-21,none,breached,2023-11-27
CMT00550,DEC00239,,supplier,SUP0185,supplier_account_manager,2023-11-15,Supplier 185 (SUP0185) commits to deliver RMPO012052 by 2023-11-20 on expedited freight,3276.9905,2023-11-20,none,breached,2023-12-01
CMT00551,DEC00240,,warehouse,W003,plant_scheduler,2023-11-16,P03 commits to deliver FG line POL0050771 (PO PO016950) to W003 by 2023-11-26,471.0,2023-11-26,service-level KPI,breached,2023-11-29
CMT00552,DEC00238,,warehouse,W007,plant_scheduler,2023-11-16,P01 commits to deliver FG line POL0027738 (PO PO009290) to W007 by 2023-11-30,289.0,2023-11-30,service-level KPI,renegotiated,2023-11-18
CMT00553,DEC00239,,warehouse,W006,plant_scheduler,2023-11-16,P04 commits to deliver FG line POL0022727 (PO PO007615) to W006 by 2023-11-30,169.0,2023-11-30,service-level KPI,breached,2023-12-06
CMT00554,DEC00242,,supplier,SUP0118,supplier_account_manager,2023-11-17,Supplier 118 (SUP0118) confirms revised ship-to-arrive date 2023-12-06 for RMPO009790,1839.8514,2023-12-06,none,fulfilled,2023-11-30
CMT00555,DEC00241,,supplier,SUP0185,supplier_account_manager,2023-11-17,Supplier 185 (SUP0185) commits to deliver RMPO012303 by 2023-12-16 on expedited freight,8088.0475,2023-12-16,none,fulfilled,2023-12-11
CMT00556,DEC00242,,supplier,SUP0118,supplier_account_manager,2023-11-18,Supplier 118 (SUP0118) commits to deliver RMPO009790 by 2023-12-02 on expedited freight,1839.8514,2023-12-02,none,fulfilled,2023-11-30
CMT00557,DEC00241,,warehouse,W003,plant_scheduler,2023-11-18,P03 commits to deliver FG line POL0023375 (PO PO007831) to W003 by 2023-12-26,531.0,2023-12-26,service-level KPI,fulfilled,2023-12-19
CMT00558,DEC00243,,supplier,SUP0054,supplier_account_manager,2023-11-19,Supplier 054 (SUP0054) commits to deliver RMPO012305 by 2023-11-30 on expedited freight,404.9484,2023-11-30,2% credit per week late beyond 3 days,breached,2023-12-12
CMT00559,DEC00243,,supplier,SUP0054,supplier_account_manager,2023-11-19,Supplier 054 (SUP0054) confirms revised ship-to-arrive date 2023-12-07 for RMPO012305,404.9484,2023-12-07,2% credit per week late beyond 3 days,breached,2023-12-12
CMT00560,DEC00242,,warehouse,W004,plant_scheduler,2023-11-19,P02 commits to deliver FG line POL0021712 (PO PO007276) to W004 by 2023-12-15,391.0,2023-12-15,service-level KPI,fulfilled,2023-12-15
CMT00561,DEC00244,,supplier,SUP0118,supplier_account_manager,2023-11-19,Supplier 118 (SUP0118) confirms revised ship-to-arrive date 2023-12-03 for RMPO010212,2228.8166,2023-12-03,none,breached,2023-12-10
CMT00562,DEC00243,,warehouse,W009,plant_scheduler,2023-11-20,P02 commits to deliver FG line POL0033444 (PO PO011178) to W009 by 2023-12-17,486.0,2023-12-17,service-level KPI,breached,2023-12-26
CMT00563,DEC00244,,supplier,SUP0118,supplier_account_manager,2023-11-20,Supplier 118 (SUP0118) commits to deliver RMPO010212 by 2023-11-30 on expedited freight,2228.8166,2023-11-30,none,breached,2023-12-10
CMT00564,,,supplier,SUP0179,supplier_account_manager,2023-11-21,Supplier 179 (SUP0179) order confirmation: RMPO012478 to arrive by 2023-12-19,500.0,2023-12-19,1% credit per week late beyond 5 days,fulfilled,2023-12-19
CMT00565,,,supplier,SUP0179,supplier_account_manager,2023-11-21,Supplier 179 (SUP0179) order confirmation: RMPO012475 to arrive by 2023-12-18,2800.0,2023-12-18,1% credit per week late beyond 5 days,breached,2023-12-31
CMT00566,DEC00244,,warehouse,W008,plant_scheduler,2023-11-21,P05 commits to deliver FG line POL0051937 (PO PO017339) to W008 by 2023-12-10,76.0,2023-12-10,service-level KPI,renegotiated,2023-12-04
CMT00567,DEC00245,,supplier,SUP0054,supplier_account_manager,2023-11-23,Supplier 054 (SUP0054) commits to deliver replacement order RMPO012544 by 2023-12-03,330.2032,2023-12-03,2% credit per week late beyond 3 days,renegotiated,2023-11-24
CMT00568,DEC00245,,warehouse,W010,plant_scheduler,2023-11-24,P03 commits to deliver FG line POL0011708 (PO PO003931) to W010 by 2023-12-21,224.0,2023-12-21,service-level KPI,fulfilled,2023-12-19
CMT00569,DEC00248,,supplier,SUP0179,supplier_account_manager,2023-11-28,Supplier 179 (SUP0179) confirms revised ship-to-arrive date 2023-12-12 for RMPO011650,180.0,2023-12-12,1% credit per week late beyond 5 days,fulfilled,2023-12-05
CMT00570,DEC00247,,supplier,SUP0153,supplier_account_manager,2023-11-28,Supplier 153 (SUP0153) commits to deliver replacement order RMPO012791 by 2023-12-11,3239.9405,2023-12-11,1% credit per week late beyond 5 days,renegotiated,2023-11-29
CMT00571,DEC00248,,supplier,SUP0179,supplier_account_manager,2023-11-29,Supplier 179 (SUP0179) commits to deliver RMPO011650 by 2023-12-05 on expedited freight,180.0,2023-12-05,1% credit per week late beyond 5 days,fulfilled,2023-12-05
CMT00572,DEC00247,,warehouse,W002,plant_scheduler,2023-11-29,P05 commits to deliver FG line POL0012934 (PO PO004344) to W002 by 2024-01-01,117.0,2024-01-01,service-level KPI,fulfilled,2023-12-27
CMT00573,DEC00250,,supplier,SUP0118,supplier_account_manager,2023-11-30,Supplier 118 (SUP0118) confirms revised ship-to-arrive date 2023-12-09 for RMPO010557,90.0,2023-12-09,none,breached,2023-12-17
CMT00574,DEC00249,,supplier,SUP0185,supplier_account_manager,2023-11-30,Supplier 185 (SUP0185) commits to deliver RMPO012492 by 2023-12-15 on expedited freight,4473.2501,2023-12-15,none,fulfilled,2023-12-13
CMT00575,DEC00249,,supplier,SUP0185,supplier_account_manager,2023-11-30,Supplier 185 (SUP0185) confirms revised ship-to-arrive date 2023-12-21 for RMPO012492,4473.2501,2023-12-21,none,fulfilled,2023-12-13
CMT00576,DEC00252,,supplier,SUP0118,supplier_account_manager,2023-12-01,Supplier 118 (SUP0118) confirms revised ship-to-arrive date 2023-12-07 for RMPO010719,90.0,2023-12-07,none,breached,2023-12-09
CMT00577,DEC00250,,warehouse,W012,plant_scheduler,2023-12-01,P03 commits to deliver FG line POL0024832 (PO PO008318) to W012 by 2023-12-18,564.0,2023-12-18,service-level KPI,breached,2023-12-23
CMT00578,DEC00249,,warehouse,W007,plant_scheduler,2023-12-01,P02 commits to deliver FG line POL0030986 (PO PO010357) to W007 by 2023-12-25,573.0,2023-12-25,service-level KPI,fulfilled,2023-12-17
CMT00579,DEC00252,,supplier,SUP0118,supplier_account_manager,2023-12-02,Supplier 118 (SUP0118) commits to deliver RMPO010719 by 2023-12-04 on expedited freight,90.0,2023-12-04,none,breached,2023-12-09
CMT00580,DEC00252,,warehouse,W008,plant_scheduler,2023-12-03,P02 commits to deliver FG line POL0034523 (PO PO011540) to W008 by 2023-12-13,175.0,2023-12-13,service-level KPI,breached,2023-12-16
CMT00581,DEC00253,,plant,P02,plant_scheduler,2023-12-03,P02 commits to ship 3.9 kg of RM0053 to arrive at P05 by 2023-12-11,3.9413,2023-12-11,internal,fulfilled,2023-12-09
CMT00582,DEC00251,,warehouse,W002,plant_scheduler,2023-12-03,P03 commits to deliver FG line POL0015071 (PO PO005060) to W002 by 2023-12-15,483.0,2023-12-15,service-level KPI,breached,2023-12-22
CMT00583,DEC00254,,supplier,SUP0125,supplier_account_manager,2023-12-04,Supplier 125 (SUP0125) commits to deliver RMPO012672 by 2023-12-06 on expedited freight,25.0,2023-12-06,2% credit per week late beyond 3 days,breached,2023-12-13
CMT00584,DEC00254,,supplier,SUP0125,supplier_account_manager,2023-12-04,Supplier 125 (SUP0125) confirms revised ship-to-arrive date 2023-12-13 for RMPO012672,25.0,2023-12-13,2% credit per week late beyond 3 days,fulfilled,2023-12-13
CMT00585,,,supplier,SUP0179,supplier_account_manager,2023-12-05,Supplier 179 (SUP0179) order confirmation: RMPO012995 to arrive by 2024-01-03,270.0,2024-01-03,1% credit per week late beyond 5 days,fulfilled,2024-01-02
CMT00586,DEC00255,,supplier,SUP0118,supplier_account_manager,2023-12-06,Supplier 118 (SUP0118) confirms revised ship-to-arrive date 2023-12-08 for RMPO010313,747.2211,2023-12-08,none,breached,2023-12-18
CMT00587,DEC00256,,supplier,SUP0125,supplier_account_manager,2023-12-06,Supplier 125 (SUP0125) confirms revised ship-to-arrive date 2023-12-19 for RMPO012930,125.0,2023-12-19,2% credit per week late beyond 3 days,fulfilled,2023-12-19
CMT00588,DEC00257,,supplier,SUP0118,supplier_account_manager,2023-12-06,Supplier 118 (SUP0118) confirms revised ship-to-arrive date 2023-12-15 for RMPO010943,18.8568,2023-12-15,none,renegotiated,2023-12-11
CMT00589,DEC00255,,warehouse,W011,plant_scheduler,2023-12-07,P03 commits to deliver FG line POL0030147 (PO PO010087) to W011 by 2023-12-15,453.0,2023-12-15,service-level KPI,breached,2023-12-25
CMT00590,DEC00258,,supplier,SUP0118,supplier_account_manager,2023-12-07,Supplier 118 (SUP0118) commits to deliver RMPO010950 by 2023-12-14 on expedited freight,626.3892,2023-12-14,none,breached,2023-12-27
CMT00591,DEC00259,,supplier,SUP0179,supplier_account_manager,2023-12-07,Supplier 179 (SUP0179) commits to deliver RMPO011959 by 2023-12-09 on expedited freight,2000.0,2023-12-09,1% credit per week late beyond 5 days,breached,2023-12-14
CMT00592,DEC00259,,supplier,SUP0179,supplier_account_manager,2023-12-07,Supplier 179 (SUP0179) confirms revised ship-to-arrive date 2023-12-15 for RMPO011959,2000.0,2023-12-15,1% credit per week late beyond 5 days,fulfilled,2023-12-14
CMT00593,DEC00258,,warehouse,W009,plant_scheduler,2023-12-08,P05 commits to deliver FG line POL0021404 (PO PO007174) to W009 by 2023-12-27,181.0,2023-12-27,service-level KPI,breached,2024-01-02
CMT00594,DEC00257,,warehouse,W002,plant_scheduler,2023-12-08,P04 commits to deliver FG line POL0041117 (PO PO013725) to W002 by 2023-12-22,496.0,2023-12-22,service-level KPI,renegotiated,2023-12-11
CMT00595,DEC00260,,supplier,SUP0118,supplier_account_manager,2023-12-10,Supplier 118 (SUP0118) commits to deliver RMPO011067 by 2023-12-18 on expedited freight,300.0,2023-12-18,none,breached,2023-12-30
CMT00596,DEC00260,,supplier,SUP0118,supplier_account_manager,2023-12-10,Supplier 118 (SUP0118) confirms revised ship-to-arrive date 2023-12-25 for RMPO011067,300.0,2023-12-25,none,breached,2023-12-30
CMT00597,DEC00261,,supplier,SUP0055,supplier_account_manager,2023-12-10,Supplier 055 (SUP0055) confirms revised ship-to-arrive date 2023-12-22 for RMPO012539,4188.3454,2023-12-22,none,breached,2023-12-26
CMT00598,DEC00262,,supplier,SUP0129,supplier_account_manager,2023-12-10,Supplier 129 (SUP0129) confirms revised ship-to-arrive date 2023-12-22 for RMPO011343,123.5,2023-12-22,none,fulfilled,2023-12-22
CMT00599,DEC00260,,warehouse,W010,plant_scheduler,2023-12-11,P01 commits to deliver FG line POL0047831 (PO PO015970) to W010 by 2023-12-27,318.0,2023-12-27,service-level KPI,breached,2024-01-04
CMT00600,DEC00261,,supplier,SUP0055,supplier_account_manager,2023-12-11,Supplier 055 (SUP0055) commits to deliver RMPO012539 by 2023-12-17 on expedited freight,4188.3454,2023-12-17,none,breached,2023-12-26
CMT00601,DEC00264,,supplier,SUP0118,supplier_account_manager,2023-12-12,Supplier 118 (SUP0118) commits to deliver RMPO010955 by 2023-12-19 on expedited freight,641.9478,2023-12-19,none,breached,2023-12-28
CMT00602,DEC00264,,supplier,SUP0118,supplier_account_manager,2023-12-12,Supplier 118 (SUP0118) confirms revised ship-to-arrive date 2023-12-22 for RMPO010955,641.9478,2023-12-22,none,breached,2023-12-28
CMT00603,DEC00261,,warehouse,W004,plant_scheduler,2023-12-12,P04 commits to deliver FG line POL0013220 (PO PO004435) to W004 by 2023-12-30,314.0,2023-12-30,service-level KPI,renegotiated,2023-12-24
CMT00604,DEC00265,,supplier,SUP0179,supplier_account_manager,2023-12-12,Supplier 179 (SUP0179) commits to deliver RMPO011955 by 2023-12-14 on expedited freight,27.0,2023-12-14,1% credit per week late beyond 5 days,fulfilled,2023-12-14
CMT00605,,,supplier,SUP0179,supplier_account_manager,2023-12-12,Supplier 179 (SUP0179) order confirmation: RMPO013277 to arrive by 2024-01-11,1500.0,2024-01-11,1% credit per week late beyond 5 days,breached,2024-01-13
CMT00606,DEC00263,,supplier,SUP0109,supplier_account_manager,2023-12-12,Supplier 109 (SUP0109) commits to deliver replacement order RMPO013332 by 2023-12-18,2500.0,2023-12-18,1% credit per week late beyond 5 days,renegotiated,2023-12-13
CMT00607,DEC00264,,warehouse,W007,plant_scheduler,2023-12-13,P04 commits to deliver FG line POL0035826 (PO PO011976) to W007 by 2023-12-28,124.0,2023-12-28,service-level KPI,renegotiated,2023-12-21
CMT00608,DEC00263,,warehouse,W009,plant_scheduler,2023-12-13,P04 commits to deliver FG line POL0032246 (PO PO010773) to W009 by 2023-12-31,24.0,2023-12-31,service-level KPI,renegotiated,2023-12-13
CMT00609,DEC00266,,supplier,SUP0118,supplier_account_manager,2023-12-14,Supplier 118 (SUP0118) confirms revised ship-to-arrive date 2023-12-27 for RMPO011326,30.0,2023-12-27,none,breached,2024-01-01
CMT00610,DEC00269,,supplier,SUP0236,supplier_account_manager,2023-12-15,Supplier 236 (SUP0236) confirms revised ship-to-arrive date 2023-12-19 for RMPO011719,400.0,2023-12-19,"0.5% credit per day late, capped at 10%",fulfilled,2023-12-19
CMT00611,DEC00267,,supplier,SUP0216,supplier_account_manager,2023-12-15,Supplier 216 (SUP0216) commits to deliver RMPO011192 by 2023-12-20 on expedited freight,19.5,2023-12-20,"0.5% credit per day late, capped at 10%",fulfilled,2023-12-20
CMT00612,DEC00267,,supplier,SUP0216,supplier_account_manager,2023-12-15,Supplier 216 (SUP0216) confirms revised ship-to-arrive date 2023-12-24 for RMPO011192,19.5,2023-12-24,"0.5% credit per day late, capped at 10%",fulfilled,2023-12-20
CMT00613,DEC00268,,supplier,SUP0185,supplier_account_manager,2023-12-16,Supplier 185 (SUP0185) commits to deliver RMPO013284 by 2024-01-01 on expedited freight,13509.7356,2024-01-01,none,breached,2024-01-05
CMT00614,DEC00268,,supplier,SUP0185,supplier_account_manager,2023-12-16,Supplier 185 (SUP0185) confirms revised ship-to-arrive date 2024-01-05 for RMPO013284,13509.7356,2024-01-05,none,fulfilled,2024-01-05
CMT00615,DEC00268,,warehouse,W007,plant_scheduler,2023-12-17,P05 commits to deliver FG line POL0031465 (PO PO010516) to W007 by 2024-01-15,71.0,2024-01-15,service-level KPI,fulfilled,2024-01-15
CMT00616,DEC00270,,warehouse,W006,plant_scheduler,2023-12-19,P04 commits to deliver FG line POL0005831 (PO PO001972) to W006 by 2023-12-30,396.0,2023-12-30,service-level KPI,renegotiated,2023-12-23
CMT00617,DEC00273,,supplier,SUP0118,supplier_account_manager,2023-12-24,Supplier 118 (SUP0118) commits to deliver RMPO011577 by 2024-01-04 on expedited freight,550.0,2024-01-04,none,breached,2024-01-08
CMT00618,DEC00274,,supplier,SUP0197,supplier_account_manager,2023-12-25,Supplier 197 (SUP0197) commits to deliver replacement order RMPO013832 by 2024-01-06,200.0,2024-01-06,1% credit per week late beyond 5 days,renegotiated,2023-12-26
CMT00619,DEC00275,,supplier,SUP0118,supplier_account_manager,2023-12-25,Supplier 118 (SUP0118) commits to deliver RMPO011327 by 2023-12-27 on expedited freight,630.0,2023-12-27,none,breached,2023-12-30
CMT00620,DEC00275,,supplier,SUP0118,supplier_account_manager,2023-12-25,Supplier 118 (SUP0118) confirms revised ship-to-arrive date 2023-12-31 for RMPO011327,630.0,2023-12-31,none,fulfilled,2023-12-30
CMT00621,DEC00274,,warehouse,W003,plant_scheduler,2023-12-26,P02 commits to deliver FG line POL0012592 (PO PO004230) to W003 by 2024-01-22,175.0,2024-01-22,service-level KPI,fulfilled,2024-01-22
CMT00622,,,supplier,SUP0179,supplier_account_manager,2023-12-26,Supplier 179 (SUP0179) order confirmation: RMPO013808 to arrive by 2024-01-26,500.0,2024-01-26,1% credit per week late beyond 5 days,fulfilled,2024-01-26
CMT00623,,,supplier,SUP0179,supplier_account_manager,2023-12-26,Supplier 179 (SUP0179) order confirmation: RMPO013804 to arrive by 2024-01-24,6.0,2024-01-24,1% credit per week late beyond 5 days,fulfilled,2024-01-24
CMT00624,,NEG0018,supplier,SUP0005,category_manager,2023-12-28,"We commit to purchase at least 18,120 units from Supplier 005 (SUP0005) under CT00002 by 2024-12-31",18120.0,2024-12-31,volume shortfall invoiced at 5% of unpurchased value,fulfilled,2024-12-31
CMT00625,,NEG0018,supplier,SUP0005,supplier_account_manager,2023-12-28,Supplier 005 (SUP0005) commits to hold contract prices under CT00002 until 2024-12-31,,2024-12-31,expedite freight at supplier cost if >7 days late,fulfilled,2024-12-31
CMT00626,DEC00276,,supplier,SUP0118,supplier_account_manager,2023-12-29,Supplier 118 (SUP0118) commits to deliver RMPO011576 by 2023-12-31 on expedited freight,30.0,2023-12-31,none,breached,2024-01-10
CMT00627,DEC00276,,supplier,SUP0118,supplier_account_manager,2023-12-29,Supplier 118 (SUP0118) confirms revised ship-to-arrive date 2024-01-06 for RMPO011576,30.0,2024-01-06,none,breached,2024-01-10
CMT00628,DEC00277,,supplier,SUP0047,supplier_account_manager,2024-01-02,Supplier 047 (SUP0047) confirms revised ship-to-arrive date 2024-01-27 for RMPO012601,500.0,2024-01-27,none,fulfilled,2024-01-20
CMT00629,DEC00277,,supplier,SUP0047,supplier_account_manager,2024-01-03,Supplier 047 (SUP0047) commits to deliver RMPO012601 by 2024-01-21 on expedited freight,500.0,2024-01-21,none,fulfilled,2024-01-20
CMT00630,DEC00277,,warehouse,W009,plant_scheduler,2024-01-04,P03 commits to deliver FG line POL0004976 (PO PO001672) to W009 by 2024-02-02,112.0,2024-02-02,service-level KPI,fulfilled,2024-01-29
CMT00631,DEC00278,,supplier,SUP0081,supplier_account_manager,2024-01-05,Supplier 081 (SUP0081) confirms revised ship-to-arrive date 2024-01-12 for RMPO013420,13.0,2024-01-12,none,breached,2024-01-13
CMT00632,DEC00279,,supplier,SUP0138,supplier_account_manager,2024-01-05,Supplier 138 (SUP0138) confirms revised ship-to-arrive date 2024-01-21 for RMPO012186,400.0,2024-01-21,none,breached,2024-01-26
CMT00633,DEC00279,,supplier,SUP0138,supplier_account_manager,2024-01-06,Supplier 138 (SUP0138) commits to deliver RMPO012186 by 2024-01-16 on expedited freight,400.0,2024-01-16,none,breached,2024-01-26
CMT00634,DEC00279,,warehouse,W007,plant_scheduler,2024-01-07,P01 commits to deliver FG line POL0029090 (PO PO009726) to W007 by 2024-01-29,281.0,2024-01-29,service-level KPI,renegotiated,2024-01-08
CMT00635,DEC00280,,supplier,SUP0185,supplier_account_manager,2024-01-07,Supplier 185 (SUP0185) confirms revised ship-to-arrive date 2024-01-24 for RMPO014075,15684.6264,2024-01-24,none,fulfilled,2024-01-19
CMT00636,DEC00281,,supplier,SUP0089,supplier_account_manager,2024-01-08,Supplier 089 (SUP0089) commits to deliver RMPO013339 by 2024-01-19 on expedited freight,9523.3455,2024-01-19,expedite freight at supplier cost if >7 days late,breached,2024-01-24
CMT00637,DEC00280,,supplier,SUP0185,supplier_account_manager,2024-01-08,Supplier 185 (SUP0185) commits to deliver RMPO014075 by 2024-01-16 on expedited freight,15684.6264,2024-01-16,none,breached,2024-01-19
CMT00638,DEC00282,,supplier,SUP0185,supplier_account_manager,2024-01-08,Supplier 185 (SUP0185) confirms revised ship-to-arrive date 2024-01-19 for RMPO014331,4418.2366,2024-01-19,none,breached,2024-01-22
CMT00639,DEC00281,,warehouse,W001,plant_scheduler,2024-01-09,P02 commits to deliver FG line POL0037532 (PO PO012531) to W001 by 2024-01-31,522.0,2024-01-31,service-level KPI,fulfilled,2024-01-28
CMT00640,DEC00283,,supplier,SUP0122,supplier_account_manager,2024-01-09,Supplier 122 (SUP0122) commits to deliver RMPO013191 by 2024-01-23 on expedited freight,200.0,2024-01-23,1% credit per week late beyond 5 days,fulfilled,2024-01-23
CMT00641,DEC00280,,warehouse,W007,plant_scheduler,2024-01-09,P02 commits to deliver FG line POL0022952 (PO PO007690) to W007 by 2024-01-29,308.0,2024-01-29,service-level KPI,fulfilled,2024-01-25
CMT00642,DEC00282,,warehouse,W002,plant_scheduler,2024-01-10,P04 commits to deliver FG line POL0048841 (PO PO016307) to W002 by 2024-01-27,367.0,2024-01-27,service-level KPI,renegotiated,2024-01-20
CMT00643,DEC00285,,supplier,SUP0042,supplier_account_manager,2024-01-13,Supplier 042 (SUP0042) confirms revised ship-to-arrive date 2024-02-01 for RMPO014142,1079.2598,2024-02-01,expedite freight at supplier cost if >7 days late,breached,2024-02-04
CMT00644,DEC00285,,supplier,SUP0042,supplier_account_manager,2024-01-14,Supplier 042 (SUP0042) commits to deliver RMPO014142 by 2024-01-27 on expedited freight,1079.2598,2024-01-27,expedite freight at supplier cost if >7 days late,breached,2024-02-04
CMT00645,DEC00285,,warehouse,W002,plant_scheduler,2024-01-15,P01 commits to deliver FG line POL0013478 (PO PO004519) to W002 by 2024-02-07,52.0,2024-02-07,service-level KPI,breached,2024-02-14
CMT00646,DEC00287,,supplier,SUP0084,supplier_account_manager,2024-01-16,Supplier 084 (SUP0084) confirms revised ship-to-arrive date 2024-02-09 for RMPO013152,3.0,2024-02-09,2% credit per week late beyond 3 days,fulfilled,2024-02-09
CMT00647,DEC00286,,warehouse,W010,plant_scheduler,2024-01-17,P01 commits to deliver FG line POL0022123 (PO PO007417) to W010 by 2024-02-07,597.0,2024-02-07,service-level KPI,fulfilled,2024-02-04
CMT00648,DEC00288,,supplier,SUP0185,supplier_account_manager,2024-01-17,Supplier 185 (SUP0185) confirms revised ship-to-arrive date 2024-02-01 for RMPO014585,3621.923,2024-02-01,none,fulfilled,2024-02-01
CMT00649,DEC00289,,supplier,SUP0123,supplier_account_manager,2024-01-18,Supplier 123 (SUP0123) commits to deliver RMPO013734 by 2024-01-25 on expedited freight,3000.0,2024-01-25,expedite freight at supplier cost if >7 days late,breached,2024-01-29
CMT00650,DEC00290,,supplier,SUP0138,supplier_account_manager,2024-01-18,Supplier 138 (SUP0138) confirms revised ship-to-arrive date 2024-02-08 for RMPO012552,1752.7318,2024-02-08,none,fulfilled,2024-02-08
CMT00651,DEC00288,,supplier,SUP0185,supplier_account_manager,2024-01-18,Supplier 185 (SUP0185) commits to deliver RMPO014585 by 2024-01-29 on expedited freight,3621.923,2024-01-29,none,breached,2024-02-01
CMT00652,DEC00290,,supplier,SUP0138,supplier_account_manager,2024-01-19,Supplier 138 (SUP0138) commits to deliver RMPO012552 by 2024-02-03 on expedited freight,1752.7318,2024-02-03,none,breached,2024-02-08
CMT00653,DEC00288,,warehouse,W005,plant_scheduler,2024-01-19,P03 commits to deliver FG line POL0005039 (PO PO001697) to W005 by 2024-02-08,53.0,2024-02-08,service-level KPI,breached,2024-02-09
CMT00654,DEC00290,,warehouse,W002,plant_scheduler,2024-01-20,P02 commits to deliver FG line POL0019387 (PO PO006506) to W002 by 2024-02-13,271.0,2024-02-13,service-level KPI,breached,2024-02-15
CMT00655,DEC00292,,supplier,SUP0122,supplier_account_manager,2024-01-21,Supplier 122 (SUP0122) commits to deliver RMPO013189 by 2024-01-23 on expedited freight,40.0,2024-01-23,1% credit per week late beyond 5 days,fulfilled,2024-01-23
CMT00656,DEC00292,,supplier,SUP0122,supplier_account_manager,2024-01-21,Supplier 122 (SUP0122) confirms revised ship-to-arrive date 2024-01-25 for RMPO013189,40.0,2024-01-25,1% credit per week late beyond 5 days,fulfilled,2024-01-23
CMT00657,DEC00293,,supplier,SUP0208,supplier_account_manager,2024-01-21,Supplier 208 (SUP0208) commits to deliver RMPO013304 by 2024-02-13 on expedited freight,200.0,2024-02-13,"0.5% credit per day late, capped at 10%",breached,2024-03-01
CMT00658,DEC00293,,supplier,SUP0208,supplier_account_manager,2024-01-21,Supplier 208 (SUP0208) confirms revised ship-to-arrive date 2024-02-17 for RMPO013304,200.0,2024-02-17,"0.5% credit per day late, capped at 10%",breached,2024-03-01
CMT00659,DEC00291,,supplier,SUP0051,supplier_account_manager,2024-01-21,Supplier 051 (SUP0051) commits to deliver RMPO013587 by 2024-02-12 on expedited freight,1147.7058,2024-02-12,1% credit per week late beyond 5 days,breached,2024-02-14
CMT00660,DEC00291,,supplier,SUP0051,supplier_account_manager,2024-01-21,Supplier 051 (SUP0051) confirms revised ship-to-arrive date 2024-02-19 for RMPO013587,1147.7058,2024-02-19,1% credit per week late beyond 5 days,fulfilled,2024-02-14
CMT00661,DEC00294,,supplier,SUP0086,supplier_account_manager,2024-01-22,Supplier 086 (SUP0086) confirms revised ship-to-arrive date 2024-02-13 for RMPO012885,110.0,2024-02-13,1% credit per week late beyond 5 days,breached,2024-02-25
CMT00662,DEC00291,,warehouse,W001,plant_scheduler,2024-01-22,P04 commits to deliver FG line POL0012877 (PO PO004328) to W001 by 2024-02-23,222.0,2024-02-23,service-level KPI,fulfilled,2024-02-19
CMT00663,DEC00296,,supplier,SUP0201,supplier_account_manager,2024-01-22,Supplier 201 (SUP0201) confirms revised ship-to-arrive date 2024-02-02 for RMPO014611,6.8825,2024-02-02,"0.5% credit per day late, capped at 10%",renegotiated,2024-01-29
CMT00664,DEC00299,,supplier,SUP0089,supplier_account_manager,2024-01-23,Supplier 089 (SUP0089) confirms revised ship-to-arrive date 2024-02-15 for RMPO013963,4850.0666,2024-02-15,expedite freight at supplier cost if >7 days late,fulfilled,2024-02-12
CMT00665,DEC00295,,supplier,SUP0054,supplier_account_manager,2024-01-23,Supplier 054 (SUP0054) commits to deliver RMPO014404 by 2024-02-07 on expedited freight,510.9007,2024-02-07,2% credit per week late beyond 3 days,fulfilled,2024-02-05
CMT00666,DEC00299,,supplier,SUP0089,supplier_account_manager,2024-01-24,Supplier 089 (SUP0089) commits to deliver RMPO013963 by 2024-02-11 on expedited freight,4850.0666,2024-02-11,expedite freight at supplier cost if >7 days late,breached,2024-02-12
CMT00667,DEC00302,,supplier,SUP0191,supplier_account_manager,2024-01-24,Supplier 191 (SUP0191) confirms revised ship-to-arrive date 2024-02-20 for RMPO013597,313.6985,2024-02-20,1% credit per week late beyond 5 days,fulfilled,2024-02-15
CMT00668,DEC00303,,supplier,SUP0134,supplier_account_manager,2024-01-24,Supplier 134 (SUP0134) confirms revised ship-to-arrive date 2024-02-09 for RMPO013604,629.101,2024-02-09,none,fulfilled,2024-02-09
CMT00669,DEC00306,,supplier,SUP0039,supplier_account_manager,2024-01-24,Supplier 039 (SUP0039) confirms revised ship-to-arrive date 2024-02-09 for RMPO014921,38.31,2024-02-09,expedite freight at supplier cost if >7 days late,fulfilled,2024-02-05
CMT00670,DEC00298,,supplier,SUP0101,supplier_account_manager,2024-01-24,Supplier 101 (SUP0101) commits to deliver replacement order RMPO014927 by 2024-02-02,1012.0202,2024-02-02,1% credit per week late beyond 5 days,fulfilled,2024-02-02
CMT00671,DEC00300,,supplier,SUP0051,supplier_account_manager,2024-01-24,Supplier 051 (SUP0051) confirms revised ship-to-arrive date 2024-02-18 for RMPO013590,1795.2682,2024-02-18,1% credit per week late beyond 5 days,fulfilled,2024-02-12
CMT00672,DEC00295,,warehouse,W008,plant_scheduler,2024-01-24,P03 commits to deliver FG line POL0025403 (PO PO008511) to W008 by 2024-02-19,401.0,2024-02-19,service-level KPI,fulfilled,2024-02-14
CMT00673,DEC00296,,warehouse,W006,plant_scheduler,2024-01-24,P04 commits to deliver FG line POL0048458 (PO PO016175) to W006 by 2024-02-07,414.0,2024-02-07,service-level KPI,renegotiated,2024-01-29
CMT00674,DEC00299,,warehouse,W007,plant_scheduler,2024-01-25,P01 commits to deliver FG line POL0033194 (PO PO011093) to W007 by 2024-02-25,368.0,2024-02-25,service-level KPI,fulfilled,2024-02-23
CMT00675,DEC00302,,supplier,SUP0191,supplier_account_manager,2024-01-25,Supplier 191 (SUP0191) commits to deliver RMPO013597 by 2024-02-12 on expedited freight,313.6985,2024-02-12,1% credit per week late beyond 5 days,breached,2024-02-15
CMT00676,DEC00303,,supplier,SUP0134,supplier_account_manager,2024-01-25,Supplier 134 (SUP0134) commits to deliver RMPO013604 by 2024-02-03 on expedited freight,629.101,2024-02-03,none,breached,2024-02-09
CMT00677,DEC00304,,supplier,SUP0134,supplier_account_manager,2024-01-25,Supplier 134 (SUP0134) commits to deliver RMPO013593 by 2024-02-18 on expedited freight,120.3325,2024-02-18,none,fulfilled,2024-02-14
CMT00678,DEC00304,,supplier,SUP0134,supplier_account_manager,2024-01-25,Supplier 134 (SUP0134) confirms revised ship-to-arrive date 2024-02-22 for RMPO013593,120.3325,2024-02-22,none,fulfilled,2024-02-14
CMT00679,DEC00305,,supplier,SUP0054,supplier_account_manager,2024-01-25,Supplier 054 (SUP0054) commits to deliver replacement order RMPO014930 by 2024-01-28,1264.0774,2024-01-28,2% credit per week late beyond 3 days,breached,2024-02-16
CMT00680,DEC00306,,supplier,SUP0039,supplier_account_manager,2024-01-25,Supplier 039 (SUP0039) commits to deliver RMPO014921 by 2024-02-01 on expedited freight,38.31,2024-02-01,expedite freight at supplier cost if >7 days late,breached,2024-02-05
CMT00681,DEC00307,,supplier,SUP0183,supplier_account_manager,2024-01-25,Supplier 183 (SUP0183) commits to deliver replacement order RMPO014931 by 2024-02-06,325.6912,2024-02-06,1% credit per week late beyond 5 days,fulfilled,2024-02-06
CMT00682,DEC00300,,supplier,SUP0051,supplier_account_manager,2024-01-25,Supplier 051 (SUP0051) commits to deliver RMPO013590 by 2024-02-11 on expedited freight,1795.2682,2024-02-11,1% credit per week late beyond 5 days,breached,2024-02-12
CMT00683,DEC00310,,supplier,SUP0051,supplier_account_manager,2024-01-25,Supplier 051 (SUP0051) confirms revised ship-to-arrive date 2024-02-08 for RMPO013591,1163.9181,2024-02-08,1% credit per week late beyond 5 days,breached,2024-02-13
CMT00684,DEC00309,,supplier,SUP0103,supplier_account_manager,2024-01-25,Supplier 103 (SUP0103) confirms revised ship-to-arrive date 2024-02-08 for RMPO013879,20.9053,2024-02-08,expedite freight at supplier cost if >7 days late,breached,2024-02-11
CMT00685,DEC00301,,supplier,SUP0214,supplier_account_manager,2024-01-25,Supplier 214 (SUP0214) commits to deliver RMPO013877 by 2024-02-11 on expedited freight,65.3982,2024-02-11,expedite freight at supplier cost if >7 days late,breached,2024-02-13
CMT00686,DEC00301,,supplier,SUP0214,supplier_account_manager,2024-01-25,Supplier 214 (SUP0214) confirms revised ship-to-arrive date 2024-02-15 for RMPO013877,65.3982,2024-02-15,expedite freight at supplier cost if >7 days late,fulfilled,2024-02-13
CMT00687,DEC00302,,warehouse,W008,plant_scheduler,2024-01-26,P02 commits to deliver FG line POL0028044 (PO PO009391) to W008 by 2024-02-25,325.0,2024-02-25,service-level KPI,fulfilled,2024-02-21
CMT00688,DEC00303,,warehouse,W003,plant_scheduler,2024-01-26,P03 commits to deliver FG line POL0008757 (PO PO002940) to W003 by 2024-02-11,578.0,2024-02-11,service-level KPI,renegotiated,2024-01-30
CMT00689,DEC00304,,warehouse,W001,plant_scheduler,2024-01-26,P04 commits to deliver FG line POL0012876 (PO PO004328) to W001 by 2024-02-27,105.0,2024-02-27,service-level KPI,fulfilled,2024-02-19
CMT00690,DEC00305,,warehouse,W002,plant_scheduler,2024-01-26,P03 commits to deliver FG line POL0017814 (PO PO005980) to W002 by 2024-02-23,586.0,2024-02-23,service-level KPI,renegotiated,2024-01-26
CMT00691,DEC00311,,supplier,SUP0039,supplier_account_manager,2024-01-26,Supplier 039 (SUP0039) commits to deliver RMPO014920 by 2024-02-04 on expedited freight,15.0,2024-02-04,expedite freight at supplier cost if >7 days late,breached,2024-02-09
CMT00692,DEC00311,,supplier,SUP0039,supplier_account_manager,2024-01-26,Supplier 039 (SUP0039) confirms revised ship-to-arrive date 2024-02-12 for RMPO014920,15.0,2024-02-12,expedite freight at supplier cost if >7 days late,fulfilled,2024-02-09
CMT00693,DEC00306,,warehouse,W009,plant_scheduler,2024-01-26,P02 commits to deliver FG line POL0036958 (PO PO012344) to W009 by 2024-02-17,34.0,2024-02-17,service-level KPI,breached,2024-02-18
CMT00694,DEC00312,,supplier,SUP0125,supplier_account_manager,2024-01-26,Supplier 125 (SUP0125) commits to deliver replacement order RMPO014932 by 2024-01-31,100.0,2024-01-31,2% credit per week late beyond 3 days,breached,2024-02-19
CMT00695,,NEG0019,supplier,SUP0162,category_manager,2024-01-26,"We commit to purchase at least 1,640 units from Supplier 162 (SUP0162) under CT00185 by 2026-01-31",1640.0,2026-01-31,volume shortfall invoiced at 5% of unpurchased value,open,
CMT00696,,NEG0019,supplier,SUP0162,supplier_account_manager,2024-01-26,Supplier 162 (SUP0162) commits to hold contract prices under CT00185 until 2026-01-31,,2026-01-31,"0.5% credit per day late, capped at 10%",open,
CMT00697,DEC00300,,warehouse,W005,plant_scheduler,2024-01-26,P02 commits to deliver FG line POL0005941 (PO PO002007) to W005 by 2024-02-26,185.0,2024-02-26,service-level KPI,fulfilled,2024-02-20
CMT00698,DEC00308,,supplier,SUP0054,supplier_account_manager,2024-01-26,Supplier 054 (SUP0054) commits to deliver RMPO014925 by 2024-02-10 on expedited freight,173.2723,2024-02-10,2% credit per week late beyond 3 days,breached,2024-02-13
CMT00699,DEC00310,,supplier,SUP0051,supplier_account_manager,2024-01-26,Supplier 051 (SUP0051) commits to deliver RMPO013591 by 2024-02-04 on expedited freight,1163.9181,2024-02-04,1% credit per week late beyond 5 days,breached,2024-02-13
CMT00700,DEC00309,,supplier,SUP0103,supplier_account_manager,2024-01-26,Supplier 103 (SUP0103) commits to deliver RMPO013879 by 2024-02-03 on expedited freight,20.9053,2024-02-03,expedite freight at supplier cost if >7 days late,breached,2024-02-11
CMT00701,DEC00301,,warehouse,W005,plant_scheduler,2024-01-26,P03 commits to deliver FG line POL0005942 (PO PO002007) to W005 by 2024-02-21,405.0,2024-02-21,service-level KPI,fulfilled,2024-02-20
CMT00702,DEC00311,,warehouse,W006,plant_scheduler,2024-01-27,P01 commits to deliver FG line POL0000467 (PO PO000155) to W006 by 2024-02-16,477.0,2024-02-16,service-level KPI,fulfilled,2024-02-13
CMT00703,DEC00317,,supplier,SUP0125,supplier_account_manager,2024-01-27,Supplier 125 (SUP0125) commits to deliver replacement order RMPO014935 by 2024-02-01,190.4399,2024-02-01,2% credit per week late beyond 3 days,breached,2024-02-12
CMT00704,DEC00312,,warehouse,W002,plant_scheduler,2024-01-27,P03 commits to deliver FG line POL0036667 (PO PO012247) to W002 by 2024-02-24,288.0,2024-02-24,service-level KPI,renegotiated,2024-01-27
CMT00705,DEC00313,,supplier,SUP0054,supplier_account_manager,2024-01-27,Supplier 054 (SUP0054) commits to deliver RMPO014926 by 2024-02-02 on expedited freight,265.7591,2024-02-02,2% credit per week late beyond 3 days,breached,2024-02-10
CMT00706,DEC00313,,supplier,SUP0054,supplier_account_manager,2024-01-27,Supplier 054 (SUP0054) confirms revised ship-to-arrive date 2024-02-10 for RMPO014926,265.7591,2024-02-10,2% credit per week late beyond 3 days,fulfilled,2024-02-10
CMT00707,DEC00308,,warehouse,W007,plant_scheduler,2024-01-27,P02 commits to deliver FG line POL0027144 (PO PO009085) to W007 by 2024-02-16,324.0,2024-02-16,service-level KPI,renegotiated,2024-01-30
CMT00708,DEC00314,,supplier,SUP0103,supplier_account_manager,2024-01-27,Supplier 103 (SUP0103) commits to deliver RMPO013874 by 2024-02-08 on expedited freight,66.9107,2024-02-08,expedite freight at supplier cost if >7 days late,breached,2024-02-11
CMT00709,DEC00314,,supplier,SUP0103,supplier_account_manager,2024-01-27,Supplier 103 (SUP0103) confirms revised ship-to-arrive date 2024-02-11 for RMPO013874,66.9107,2024-02-11,expedite freight at supplier cost if >7 days late,fulfilled,2024-02-11
CMT00710,DEC00315,,supplier,SUP0164,supplier_account_manager,2024-01-27,Supplier 164 (SUP0164) commits to deliver RMPO013501 by 2024-02-15 on expedited freight,58.0684,2024-02-15,expedite freight at supplier cost if >7 days late,breached,2024-02-17
CMT00711,DEC00315,,supplier,SUP0164,supplier_account_manager,2024-01-27,Supplier 164 (SUP0164) confirms revised ship-to-arrive date 2024-02-19 for RMPO013501,58.0684,2024-02-19,expedite freight at supplier cost if >7 days late,fulfilled,2024-02-17
CMT00712,DEC00310,,warehouse,W007,plant_scheduler,2024-01-27,P05 commits to deliver FG line POL0015247 (PO PO005126) to W007 by 2024-02-17,61.0,2024-02-17,service-level KPI,breached,2024-02-23
CMT00713,DEC00309,,warehouse,W010,plant_scheduler,2024-01-27,P05 commits to deliver FG line POL0045195 (PO PO015069) to W010 by 2024-02-13,132.0,2024-02-13,service-level KPI,renegotiated,2024-01-31
CMT00714,DEC00316,,supplier,SUP0199,supplier_account_manager,2024-01-27,Supplier 199 (SUP0199) commits to deliver RMPO014343 by 2024-02-05 on expedited freight,19.7696,2024-02-05,expedite freight at supplier cost if >7 days late,breached,2024-02-08
CMT00715,DEC00320,,supplier,SUP0185,supplier_account_manager,2024-01-27,Supplier 185 (SUP0185) confirms revised ship-to-arrive date 2024-02-11 for RMPO014936,7812.4,2024-02-11,none,breached,2024-02-13
CMT00716,DEC00321,,supplier,SUP0013,supplier_account_manager,2024-01-28,Supplier 013 (SUP0013) commits to deliver RMPO014161 by 2024-02-08 on expedited freight,468.9288,2024-02-08,none,breached,2024-02-12
CMT00717,DEC00322,,supplier,SUP0182,supplier_account_manager,2024-01-28,Supplier 182 (SUP0182) commits to deliver RMPO013886 by 2024-02-09 on expedited freight,250.0,2024-02-09,none,breached,2024-02-15
CMT00718,DEC00317,,warehouse,W003,plant_scheduler,2024-01-28,P02 commits to deliver FG line POL0044735 (PO PO014918) to W003 by 2024-02-25,150.0,2024-02-25,service-level KPI,fulfilled,2024-02-20
CMT00719,DEC00313,,warehouse,W005,plant_scheduler,2024-01-28,P04 commits to deliver FG line POL0052423 (PO PO017503) to W005 by 2024-02-18,495.0,2024-02-18,service-level KPI,fulfilled,2024-02-18
CMT00720,DEC00314,,warehouse,W007,plant_scheduler,2024-01-28,P01 commits to deliver FG line POL0030967 (PO PO010351) to W007 by 2024-02-18,272.0,2024-02-18,service-level KPI,breached,2024-02-22
CMT00721,DEC00315,,warehouse,W008,plant_scheduler,2024-01-28,P02 commits to deliver FG line POL0020332 (PO PO006829) to W008 by 2024-02-25,471.0,2024-02-25,service-level KPI,fulfilled,2024-02-23
CMT00722,DEC00319,,supplier,SUP0201,supplier_account_manager,2024-01-28,Supplier 201 (SUP0201) commits to deliver RMPO014652 by 2024-02-08 on expedited freight,3.5,2024-02-08,"0.5% credit per day late, capped at 10%",breached,2024-02-15
CMT00723,DEC00319,,supplier,SUP0201,supplier_account_manager,2024-01-28,Supplier 201 (SUP0201) confirms revised ship-to-arrive date 2024-02-15 for RMPO014652,3.5,2024-02-15,"0.5% credit per day late, capped at 10%",fulfilled,2024-02-15
CMT00724,DEC00316,,warehouse,W006,plant_scheduler,2024-01-28,P02 commits to deliver FG line POL0044890 (PO PO014971) to W006 by 2024-02-15,423.0,2024-02-15,service-level KPI,breached,2024-02-17
CMT00725,DEC00320,,supplier,SUP0185,supplier_account_manager,2024-01-28,Supplier 185 (SUP0185) commits to deliver RMPO014936 by 2024-02-04 on expedited freight,7812.4,2024-02-04,none,breached,2024-02-13
CMT00726,DEC00324,,supplier,SUP0065,supplier_account_manager,2024-01-28,Supplier 065 (SUP0065) confirms revised ship-to-arrive date 2024-02-12 for RMPO014655,8.5,2024-02-12,none,fulfilled,2024-02-12
CMT00727,DEC00325,,supplier,SUP0065,supplier_account_manager,2024-01-28,Supplier 065 (SUP0065) confirms revised ship-to-arrive date 2024-02-22 for RMPO014924,11.2508,2024-02-22,none,fulfilled,2024-02-19
CMT00728,DEC00321,,warehouse,W003,plant_scheduler,2024-01-29,P03 commits to deliver FG line POL0026928 (PO PO009013) to W003 by 2024-02-15,500.0,2024-02-15,service-level KPI,breached,2024-02-16
CMT00729,DEC00326,,supplier,SUP0103,supplier_account_manager,2024-01-29,Supplier 103 (SUP0103) commits to deliver RMPO014130 by 2024-02-06 on expedited freight,127.8916,2024-02-06,expedite freight at supplier cost if >7 days late,breached,2024-02-16
CMT00730,DEC00326,,supplier,SUP0103,supplier_account_manager,2024-01-29,Supplier 103 (SUP0103) confirms revised ship-to-arrive date 2024-02-11 for RMPO014130,127.8916,2024-02-11,expedite freight at supplier cost if >7 days late,breached,2024-02-16
CMT00731,DEC00322,,warehouse,W010,plant_scheduler,2024-01-29,P05 commits to deliver FG line POL0049133 (PO PO016398) to W010 by 2024-02-22,65.0,2024-02-22,service-level KPI,renegotiated,2024-02-03
CMT00732,DEC00328,,supplier,SUP0039,supplier_account_manager,2024-01-29,Supplier 039 (SUP0039) confirms revised ship-to-arrive date 2024-02-09 for RMPO014971,2521.8842,2024-02-09,expedite freight at supplier cost if >7 days late,breached,2024-02-11
CMT00733,DEC00319,,warehouse,W002,plant_scheduler,2024-01-29,P01 commits to deliver FG line POL0036669 (PO PO012247) to W002 by 2024-02-24,323.0,2024-02-24,service-level KPI,renegotiated,2024-02-12
CMT00734,DEC00320,,warehouse,W003,plant_scheduler,2024-01-29,P05 commits to deliver FG line POL0014125 (PO PO004746) to W003 by 2024-02-17,25.0,2024-02-17,service-level KPI,breached,2024-02-20
CMT00735,DEC00324,,supplier,SUP0065,supplier_account_manager,2024-01-29,Supplier 065 (SUP0065) commits to deliver RMPO014655 by 2024-02-06 on expedited freight,8.5,2024-02-06,none,breached,2024-02-12
CMT00736,DEC00325,,supplier,SUP0065,supplier_account_manager,2024-01-29,Supplier 065 (SUP0065) commits to deliver RMPO014924 by 2024-02-16 on expedited freight,11.2508,2024-02-16,none,breached,2024-02-19
CMT00737,DEC00325,,warehouse,W004,plant_scheduler,2024-01-30,P03 commits to deliver FG line POL0000741 (PO PO000247) to W004 by 2024-02-27,525.0,2024-02-27,service-level KPI,fulfilled,2024-02-24
CMT00738,DEC00326,,warehouse,W004,plant_scheduler,2024-01-30,P03 commits to deliver FG line POL0013277 (PO PO004456) to W004 by 2024-02-17,128.0,2024-02-17,service-level KPI,breached,2024-02-22
CMT00739,DEC00328,,supplier,SUP0039,supplier_account_manager,2024-01-30,Supplier 039 (SUP0039) commits to deliver RMPO014971 by 2024-02-01 on expedited freight,2521.8842,2024-02-01,expedite freight at supplier cost if >7 days late,breached,2024-02-11
CMT00740,DEC00327,,warehouse,W003,plant_scheduler,2024-01-30,P05 commits to deliver FG line POL0014126 (PO PO004746) to W003 by 2024-02-25,278.0,2024-02-25,service-level KPI,fulfilled,2024-02-20
CMT00741,DEC00331,,supplier,SUP0217,supplier_account_manager,2024-01-30,Supplier 217 (SUP0217) confirms revised ship-to-arrive date 2024-03-01 for RMPO014138,306.7353,2024-03-01,none,fulfilled,2024-02-23
CMT00742,DEC00329,,supplier,SUP0199,supplier_account_manager,2024-01-30,Supplier 199 (SUP0199) confirms revised ship-to-arrive date 2024-02-12 for RMPO014607,400.0,2024-02-12,expedite freight at supplier cost if >7 days late,fulfilled,2024-02-12
CMT00743,DEC00324,,warehouse,W011,plant_scheduler,2024-01-30,P02 commits to deliver FG line POL0048411 (PO PO016158) to W011 by 2024-02-21,77.0,2024-02-21,service-level KPI,fulfilled,2024-02-21
CMT00744,DEC00328,,warehouse,W008,plant_scheduler,2024-01-31,P01 commits to deliver FG line POL0018582 (PO PO006246) to W008 by 2024-02-19,491.0,2024-02-19,service-level KPI,renegotiated,2024-02-03
CMT00745,DEC00331,,supplier,SUP0217,supplier_account_manager,2024-01-31,Supplier 217 (SUP0217) commits to deliver RMPO014138 by 2024-02-22 on expedited freight,306.7353,2024-02-22,none,breached,2024-02-23
CMT00746,DEC00332,,supplier,SUP0181,supplier_account_manager,2024-01-31,Supplier 181 (SUP0181) commits to deliver replacement order RMPO015193 by 2024-02-12,1447.5153,2024-02-12,2% credit per week late beyond 3 days,fulfilled,2024-02-12
CMT00747,DEC00330,,supplier,SUP0054,supplier_account_manager,2024-01-31,Supplier 054 (SUP0054) commits to deliver RMPO014937 by 2024-02-07 on expedited freight,86.6449,2024-02-07,2% credit per week late beyond 3 days,breached,2024-02-12
CMT00748,DEC00330,,supplier,SUP0054,supplier_account_manager,2024-01-31,Supplier 054 (SUP0054) confirms revised ship-to-arrive date 2024-02-12 for RMPO014937,86.6449,2024-02-12,2% credit per week late beyond 3 days,fulfilled,2024-02-12
CMT00749,DEC00333,,supplier,SUP0103,supplier_account_manager,2024-02-01,Supplier 103 (SUP0103) commits to deliver RMPO014135 by 2024-02-13 on expedited freight,158.7621,2024-02-13,expedite freight at supplier cost if >7 days late,breached,2024-02-21
CMT00750,DEC00333,,supplier,SUP0103,supplier_account_manager,2024-02-01,Supplier 103 (SUP0103) confirms revised ship-to-arrive date 2024-02-21 for RMPO014135,158.7621,2024-02-21,expedite freight at supplier cost if >7 days late,fulfilled,2024-02-21
CMT00751,DEC00331,,warehouse,W006,plant_scheduler,2024-02-01,P01 commits to deliver FG line POL0008760 (PO PO002942) to W006 by 2024-03-06,475.0,2024-03-06,service-level KPI,fulfilled,2024-02-29
CMT00752,DEC00336,,supplier,SUP0103,supplier_account_manager,2024-02-01,Supplier 103 (SUP0103) confirms revised ship-to-arrive date 2024-02-15 for RMPO014234,45.0,2024-02-15,expedite freight at supplier cost if >7 days late,fulfilled,2024-02-11
CMT00753,DEC00330,,warehouse,W012,plant_scheduler,2024-02-01,P04 commits to deliver FG line POL0012007 (PO PO004033) to W012 by 2024-02-17,356.0,2024-02-17,service-level KPI,renegotiated,2024-02-10
CMT00754,DEC00335,,supplier,SUP0201,supplier_account_manager,2024-02-01,Supplier 201 (SUP0201) confirms revised ship-to-arrive date 2024-02-22 for RMPO014939,15.6249,2024-02-22,"0.5% credit per day late, capped at 10%",breached,2024-02-25
CMT00755,DEC00333,,warehouse,W006,plant_scheduler,2024-02-02,P05 commits to deliver FG line POL0008761 (PO PO002942) to W006 by 2024-02-29,456.0,2024-02-29,service-level KPI,fulfilled,2024-02-29
CMT00756,DEC00336,,supplier,SUP0103,supplier_account_manager,2024-02-02,Supplier 103 (SUP0103) commits to deliver RMPO014234 by 2024-02-07 on expedited freight,45.0,2024-02-07,expedite freight at supplier cost if >7 days late,breached,2024-02-11
CMT00757,DEC00334,,supplier,SUP0118,supplier_account_manager,2024-02-02,Supplier 118 (SUP0118) commits to deliver RMPO013185 by 2024-02-20 on expedited freight,30.0,2024-02-20,none,breached,2024-02-21
CMT00758,DEC00339,,supplier,SUP0164,supplier_account_manager,2024-02-02,Supplier 164 (SUP0164) confirms revised ship-to-arrive date 2024-02-12 for RMPO013504,35.0,2024-02-12,expedite freight at supplier cost if >7 days late,fulfilled,2024-02-12
CMT00759,DEC00335,,supplier,SUP0201,supplier_account_manager,2024-02-02,Supplier 201 (SUP0201) commits to deliver RMPO014939 by 2024-02-17 on expedited freight,15.6249,2024-02-17,"0.5% credit per day late, capped at 10%",breached,2024-02-25
CMT00760,DEC00343,,supplier,SUP0179,supplier_account_manager,2024-02-03,Supplier 179 (SUP0179) commits to deliver RMPO014066 by 2024-02-18 on expedited freight,24.0,2024-02-18,1% credit per week late beyond 5 days,fulfilled,2024-02-18
CMT00761,DEC00343,,supplier,SUP0179,supplier_account_manager,2024-02-03,Supplier 179 (SUP0179) confirms revised ship-to-arrive date 2024-02-24 for RMPO014066,24.0,2024-02-24,1% credit per week late beyond 5 days,fulfilled,2024-02-18
CMT00762,DEC00337,,supplier,SUP0054,supplier_account_manager,2024-02-03,Supplier 054 (SUP0054) commits to deliver RMPO014991 by 2024-02-10 on expedited freight,30.857,2024-02-10,2% credit per week late beyond 3 days,breached,2024-02-22
CMT00763,DEC00337,,supplier,SUP0054,supplier_account_manager,2024-02-03,Supplier 054 (SUP0054) confirms revised ship-to-arrive date 2024-02-18 for RMPO014991,30.857,2024-02-18,2% credit per week late beyond 3 days,breached,2024-02-22
CMT00764,DEC00334,,warehouse,W005,plant_scheduler,2024-02-03,P05 commits to deliver FG line POL0007966 (PO PO002682) to W005 by 2024-02-29,561.0,2024-02-29,service-level KPI,fulfilled,2024-02-26
CMT00765,DEC00338,,supplier,SUP0054,supplier_account_manager,2024-02-03,Supplier 054 (SUP0054) commits to deliver RMPO014934 by 2024-02-20 on expedited freight,288.1495,2024-02-20,2% credit per week late beyond 3 days,fulfilled,2024-02-19
CMT00766,DEC00338,,supplier,SUP0054,supplier_account_manager,2024-02-03,Supplier 054 (SUP0054) confirms revised ship-to-arrive date 2024-02-24 for RMPO014934,288.1495,2024-02-24,2% credit per week late beyond 3 days,fulfilled,2024-02-19
CMT00767,DEC00339,,supplier,SUP0164,supplier_account_manager,2024-02-03,Supplier 164 (SUP0164) commits to deliver RMPO013504 by 2024-02-05 on expedited freight,35.0,2024-02-05,expedite freight at supplier cost if >7 days late,breached,2024-02-12
CMT00768,DEC00335,,warehouse,W004,plant_scheduler,2024-02-03,P03 commits to deliver FG line POL0044583 (PO PO014866) to W004 by 2024-02-29,355.0,2024-02-29,service-level KPI,renegotiated,2024-02-11
CMT00769,DEC00342,,supplier,SUP0136,supplier_account_manager,2024-02-03,Supplier 136 (SUP0136) commits to deliver RMPO013596 by 2024-02-12 on expedited freight,352.9067,2024-02-12,2% credit per week late beyond 3 days,breached,2024-02-24
CMT00770,DEC00342,,supplier,SUP0136,supplier_account_manager,2024-02-03,Supplier 136 (SUP0136) confirms revised ship-to-arrive date 2024-02-16 for RMPO013596,352.9067,2024-02-16,2% credit per week late beyond 3 days,breached,2024-02-24
CMT00771,DEC00340,,supplier,SUP0214,supplier_account_manager,2024-02-03,Supplier 214 (SUP0214) commits to deliver RMPO014141 by 2024-02-24 on expedited freight,10.0,2024-02-24,expedite freight at supplier cost if >7 days late,fulfilled,2024-02-21
CMT00772,DEC00340,,supplier,SUP0214,supplier_account_manager,2024-02-03,Supplier 214 (SUP0214) confirms revised ship-to-arrive date 2024-02-28 for RMPO014141,10.0,2024-02-28,expedite freight at supplier cost if >7 days late,fulfilled,2024-02-21
CMT00773,DEC00341,,supplier,SUP0065,supplier_account_manager,2024-02-03,Supplier 065 (SUP0065) commits to deliver RMPO014716 by 2024-02-10 on expedited freight,13.6058,2024-02-10,none,breached,2024-02-13
CMT00774,DEC00341,,supplier,SUP0065,supplier_account_manager,2024-02-03,Supplier 065 (SUP0065) confirms revised ship-to-arrive date 2024-02-16 for RMPO014716,13.6058,2024-02-16,none,fulfilled,2024-02-13
CMT00775,DEC00344,,supplier,SUP0044,supplier_account_manager,2024-02-04,Supplier 044 (SUP0044) commits to deliver RMPO013109 by 2024-02-06 on expedited freight,390.7288,2024-02-06,2% credit per week late beyond 3 days,breached,2024-02-09
CMT00776,DEC00344,,supplier,SUP0044,supplier_account_manager,2024-02-04,Supplier 044 (SUP0044) confirms revised ship-to-arrive date 2024-02-11 for RMPO013109,390.7288,2024-02-11,2% credit per week late beyond 3 days,fulfilled,2024-02-09
CMT00777,DEC00345,,supplier,SUP0054,supplier_account_manager,2024-02-04,Supplier 054 (SUP0054) confirms revised ship-to-arrive date 2024-02-21 for RMPO014933,92.6846,2024-02-21,2% credit per week late beyond 3 days,fulfilled,2024-02-18
CMT00778,DEC00337,,warehouse,W009,plant_scheduler,2024-02-04,P04 commits to deliver FG line POL0022243 (PO PO007455) to W009 by 2024-02-25,572.0,2024-02-25,service-level KPI,renegotiated,2024-02-18
CMT00779,DEC00338,,warehouse,W006,plant_scheduler,2024-02-04,P05 commits to deliver FG line POL0008759 (PO PO002942) to W006 by 2024-03-04,541.0,2024-03-04,service-level KPI,fulfilled,2024-02-29
CMT00780,DEC00346,,supplier,SUP0054,supplier_account_manager,2024-02-04,Supplier 054 (SUP0054) confirms revised ship-to-arrive date 2024-02-12 for RMPO014993,60.0,2024-02-12,2% credit per week late beyond 3 days,breached,2024-02-21
CMT00781,DEC00339,,warehouse,W009,plant_scheduler,2024-02-04,P04 commits to deliver FG line POL0032512 (PO PO010854) to W009 by 2024-02-17,153.0,2024-02-17,service-level KPI,fulfilled,2024-02-17
CMT00782,DEC00342,,warehouse,W003,plant_scheduler,2024-02-04,P04 commits to deliver FG line POL0005311 (PO PO001793) to W003 by 2024-02-21,114.0,2024-02-21,service-level KPI,renegotiated,2024-02-15
CMT00783,DEC00340,,warehouse,W004,plant_scheduler,2024-02-04,P01 commits to deliver FG line POL0000894 (PO PO000297) to W004 by 2024-03-04,174.0,2024-03-04,service-level KPI,fulfilled,2024-02-26
CMT00784,DEC00341,,warehouse,W008,plant_scheduler,2024-02-04,P01 commits to deliver FG line POL0050002 (PO PO016687) to W008 by 2024-02-22,473.0,2024-02-22,service-level KPI,breached,2024-02-28
CMT00785,DEC00344,,warehouse,W004,plant_scheduler,2024-02-05,P02 commits to deliver FG line POL0009263 (PO PO003109) to W004 by 2024-02-19,471.0,2024-02-19,service-level KPI,fulfilled,2024-02-18
CMT00786,DEC00348,,supplier,SUP0047,supplier_account_manager,2024-02-05,Supplier 047 (SUP0047) confirms revised ship-to-arrive date 2024-02-24 for RMPO013929,500.0,2024-02-24,none,fulfilled,2024-02-22
CMT00787,DEC00345,,supplier,SUP0054,supplier_account_manager,2024-02-05,Supplier 054 (SUP0054) commits to deliver RMPO014933 by 2024-02-14 on expedited freight,92.6846,2024-02-14,2% credit per week late beyond 3 days,breached,2024-02-18
CMT00788,DEC00347,,supplier,SUP0214,supplier_account_manager,2024-02-05,Supplier 214 (SUP0214) confirms revised ship-to-arrive date 2024-02-24 for RMPO014358,70.6911,2024-02-24,expedite freight at supplier cost if >7 days late,fulfilled,2024-02-21
CMT00789,DEC00348,,supplier,SUP0047,supplier_account_manager,2024-02-06,Supplier 047 (SUP0047) commits to deliver RMPO013929 by 2024-02-17 on expedited freight,500.0,2024-02-17,none,breached,2024-02-22
CMT00790,DEC00345,,warehouse,W010,plant_scheduler,2024-02-06,P02 commits to deliver FG line POL0000801 (PO PO000267) to W010 by 2024-02-29,591.0,2024-02-29,service-level KPI,fulfilled,2024-02-27
CMT00791,DEC00346,,warehouse,W005,plant_scheduler,2024-02-06,P05 commits to deliver FG line POL0020078 (PO PO006742) to W005 by 2024-02-16,149.0,2024-02-16,service-level KPI,breached,2024-02-25
CMT00792,DEC00350,,supplier,SUP0051,supplier_account_manager,2024-02-06,Supplier 051 (SUP0051) confirms revised ship-to-arrive date 2024-02-24 for RMPO013882,1195.1498,2024-02-24,1% credit per week late beyond 5 days,fulfilled,2024-02-24
CMT00793,DEC00347,,supplier,SUP0214,supplier_account_manager,2024-02-06,Supplier 214 (SUP0214) commits to deliver RMPO014358 by 2024-02-19 on expedited freight,70.6911,2024-02-19,expedite freight at supplier cost if >7 days late,breached,2024-02-21
CMT00794,DEC00348,,warehouse,W006,plant_scheduler,2024-02-07,P01 commits to deliver FG line POL0033701 (PO PO011263) to W006 by 2024-03-03,415.0,2024-03-03,service-level KPI,fulfilled,2024-03-02
CMT00795,DEC00351,,supplier,SUP0039,supplier_account_manager,2024-02-07,Supplier 039 (SUP0039) commits to deliver replacement order RMPO015486 by 2024-02-13,2650.9745,2024-02-13,expedite freight at supplier cost if >7 days late,renegotiated,2024-02-08
CMT00796,DEC00353,,supplier,SUP0217,supplier_account_manager,2024-02-07,Supplier 217 (SUP0217) confirms revised ship-to-arrive date 2024-02-21 for RMPO014367,450.0,2024-02-21,none,fulfilled,2024-02-21
CMT00797,DEC00349,,supplier,SUP0054,supplier_account_manager,2024-02-07,Supplier 054 (SUP0054) commits to deliver replacement order RMPO015488 by 2024-02-17,304.867,2024-02-17,2% credit per week late beyond 3 days,renegotiated,2024-02-08
CMT00798,DEC00350,,supplier,SUP0051,supplier_account_manager,2024-02-07,Supplier 051 (SUP0051) commits to deliver RMPO013882 by 2024-02-16 on expedited freight,1195.1498,2024-02-16,1% credit per week late beyond 5 days,breached,2024-02-24
CMT00799,DEC00347,,warehouse,W006,plant_scheduler,2024-02-07,P02 commits to deliver FG line POL0047691 (PO PO015923) to W006 by 2024-03-02,328.0,2024-03-02,service-level KPI,fulfilled,2024-02-29
CMT00800,DEC00351,,warehouse,W004,plant_scheduler,2024-02-08,P04 commits to deliver FG line POL0041777 (PO PO013936) to W004 by 2024-03-05,237.0,2024-03-05,service-level KPI,fulfilled,2024-03-03
CMT00801,DEC00349,,warehouse,W002,plant_scheduler,2024-02-08,P02 commits to deliver FG line POL0007309 (PO PO002472) to W002 by 2024-03-03,60.0,2024-03-03,service-level KPI,fulfilled,2024-02-29
CMT00802,DEC00350,,warehouse,W001,plant_scheduler,2024-02-08,P01 commits to deliver FG line POL0038292 (PO PO012782) to W001 by 2024-03-03,107.0,2024-03-03,service-level KPI,renegotiated,2024-02-12
CMT00803,DEC00352,,supplier,SUP0214,supplier_account_manager,2024-02-08,Supplier 214 (SUP0214) commits to deliver RMPO014360 by 2024-02-21 on expedited freight,22.4813,2024-02-21,expedite freight at supplier cost if >7 days late,breached,2024-02-26
CMT00804,DEC00352,,warehouse,W008,plant_scheduler,2024-02-09,P05 commits to deliver FG line POL0002377 (PO PO000793) to W008 by 2024-03-06,35.0,2024-03-06,service-level KPI,fulfilled,2024-03-05
CMT00805,DEC00356,,supplier,SUP0039,supplier_account_manager,2024-02-10,Supplier 039 (SUP0039) commits to deliver replacement order RMPO015497 by 2024-02-16,2695.681,2024-02-16,expedite freight at supplier cost if >7 days late,renegotiated,2024-02-11
CMT00806,DEC00355,,supplier,SUP0138,supplier_account_manager,2024-02-10,Supplier 138 (SUP0138) commits to deliver RMPO013340 by 2024-02-20 on expedited freight,1496.5731,2024-02-20,none,breached,2024-02-26
CMT00807,DEC00355,,supplier,SUP0138,supplier_account_manager,2024-02-10,Supplier 138 (SUP0138) confirms revised ship-to-arrive date 2024-02-28 for RMPO013340,1496.5731,2024-02-28,none,fulfilled,2024-02-26
CMT00808,DEC00357,,supplier,SUP0039,supplier_account_manager,2024-02-11,Supplier 039 (SUP0039) commits to deliver RMPO015498 by 2024-02-20 on expedited freight,3.2192,2024-02-20,expedite freight at supplier cost if >7 days late,breached,2024-02-27
CMT00809,DEC00357,,supplier,SUP0039,supplier_account_manager,2024-02-11,Supplier 039 (SUP0039) confirms revised ship-to-arrive date 2024-02-27 for RMPO015498,3.2192,2024-02-27,expedite freight at supplier cost if >7 days late,fulfilled,2024-02-27
CMT00810,DEC00359,,supplier,SUP0175,supplier_account_manager,2024-02-11,Supplier 175 (SUP0175) commits to deliver RMPO015109 by 2024-02-17 on expedited freight,480.0,2024-02-17,1% credit per week late beyond 5 days,breached,2024-02-23
CMT00811,DEC00356,,warehouse,W005,plant_scheduler,2024-02-11,P02 commits to deliver FG line POL0040967 (PO PO013679) to W005 by 2024-03-13,152.0,2024-03-13,service-level KPI,fulfilled,2024-03-12
CMT00812,DEC00360,,supplier,SUP0217,supplier_account_manager,2024-02-11,Supplier 217 (SUP0217) commits to deliver RMPO014403 by 2024-02-29 on expedited freight,792.7164,2024-02-29,none,breached,2024-03-01
CMT00813,DEC00360,,supplier,SUP0217,supplier_account_manager,2024-02-11,Supplier 217 (SUP0217) confirms revised ship-to-arrive date 2024-03-04 for RMPO014403,792.7164,2024-03-04,none,fulfilled,2024-03-01
CMT00814,DEC00355,,warehouse,W001,plant_scheduler,2024-02-11,P03 commits to deliver FG line POL0038291 (PO PO012782) to W001 by 2024-03-06,535.0,2024-03-06,service-level KPI,fulfilled,2024-03-05
CMT00815,DEC00357,,warehouse,W006,plant_scheduler,2024-02-12,P04 commits to deliver FG line POL0030778 (PO PO010293) to W006 by 2024-03-01,127.0,2024-03-01,service-level KPI,fulfilled,2024-03-01
CMT00816,DEC00358,,warehouse,W006,plant_scheduler,2024-02-12,P04 commits to deliver FG line POL0030780 (PO PO010293) to W006 by 2024-02-24,187.0,2024-02-24,service-level KPI,renegotiated,2024-02-12
CMT00817,DEC00359,,warehouse,W010,plant_scheduler,2024-02-12,P04 commits to deliver FG line POL0040305 (PO PO013452) to W010 by 2024-02-29,122.0,2024-02-29,service-level KPI,fulfilled,2024-02-28
CMT00818,DEC00360,,warehouse,W003,plant_scheduler,2024-02-12,P02 commits to deliver FG line POL0026358 (PO PO008836) to W003 by 2024-03-12,53.0,2024-03-12,service-level KPI,fulfilled,2024-03-10
CMT00819,DEC00361,,supplier,SUP0054,supplier_account_manager,2024-02-12,Supplier 054 (SUP0054) commits to deliver RMPO015199 by 2024-02-27 on expedited freight,60.5218,2024-02-27,2% credit per week late beyond 3 days,fulfilled,2024-02-26
CMT00820,DEC00361,,supplier,SUP0054,supplier_account_manager,2024-02-12,Supplier 054 (SUP0054) confirms revised ship-to-arrive date 2024-03-03 for RMPO015199,60.5218,2024-03-03,2% credit per week late beyond 3 days,fulfilled,2024-02-26
CMT00821,DEC00363,,supplier,SUP0201,supplier_account_manager,2024-02-13,Supplier 201 (SUP0201) confirms revised ship-to-arrive date 2024-02-28 for RMPO015721,150.0,2024-02-28,"0.5% credit per day late, capped at 10%",fulfilled,2024-02-28
CMT00822,DEC00364,,supplier,SUP0175,supplier_account_manager,2024-02-13,Supplier 175 (SUP0175) commits to deliver RMPO015687 by 2024-02-23 on expedited freight,6000.0,2024-02-23,1% credit per week late beyond 5 days,fulfilled,2024-02-23
CMT00823,DEC00365,,supplier,SUP0221,supplier_account_manager,2024-02-13,Supplier 221 (SUP0221) commits to deliver RMPO015740 by 2024-02-18 on expedited freight,300.0,2024-02-18,1% credit per week late beyond 5 days,breached,2024-02-20
CMT00824,DEC00365,,supplier,SUP0221,supplier_account_manager,2024-02-13,Supplier 221 (SUP0221) confirms revised ship-to-arrive date 2024-02-25 for RMPO015740,300.0,2024-02-25,1% credit per week late beyond 5 days,fulfilled,2024-02-20
CMT00825,DEC00361,,warehouse,W004,plant_scheduler,2024-02-13,P01 commits to deliver FG line POL0041778 (PO PO013936) to W004 by 2024-03-09,251.0,2024-03-09,service-level KPI,fulfilled,2024-03-03
CMT00826,DEC00362,,supplier,SUP0051,supplier_account_manager,2024-02-13,Supplier 051 (SUP0051) commits to deliver RMPO014133 by 2024-03-03 on expedited freight,1933.3204,2024-03-03,1% credit per week late beyond 5 days,fulfilled,2024-02-29
CMT00827,DEC00366,,supplier,SUP0103,supplier_account_manager,2024-02-14,Supplier 103 (SUP0103) commits to deliver RMPO014657 by 2024-02-22 on expedited freight,202.6449,2024-02-22,expedite freight at supplier cost if >7 days late,breached,2024-02-28
CMT00828,DEC00367,,supplier,SUP0179,supplier_account_manager,2024-02-14,Supplier 179 (SUP0179) confirms revised ship-to-arrive date 2024-03-24 for RMPO014841,180.0,2024-03-24,1% credit per week late beyond 5 days,fulfilled,2024-03-24
CMT00829,DEC00368,,supplier,SUP0216,supplier_account_manager,2024-02-14,Supplier 216 (SUP0216) confirms revised ship-to-arrive date 2024-03-05 for RMPO013850,3000.0,2024-03-05,"0.5% credit per day late, capped at 10%",fulfilled,2024-03-05
CMT00830,DEC00369,,supplier,SUP0191,supplier_account_manager,2024-02-14,Supplier 191 (SUP0191) commits to deliver RMPO014077 by 2024-02-17 on expedited freight,60.0,2024-02-17,1% credit per week late beyond 5 days,breached,2024-02-24
CMT00831,DEC00369,,supplier,SUP0191,supplier_account_manager,2024-02-14,Supplier 191 (SUP0191) confirms revised ship-to-arrive date 2024-02-25 for RMPO014077,60.0,2024-02-25,1% credit per week late beyond 5 days,fulfilled,2024-02-24
CMT00832,DEC00362,,warehouse,W001,plant_scheduler,2024-02-14,P03 commits to deliver FG line POL0012899 (PO PO004335) to W001 by 2024-03-12,466.0,2024-03-12,service-level KPI,fulfilled,2024-03-10
CMT00833,DEC00375,,supplier,SUP0039,supplier_account_manager,2024-02-15,Supplier 039 (SUP0039) confirms revised ship-to-arrive date 2024-03-03 for RMPO015496,7.4392,2024-03-03,expedite freight at supplier cost if >7 days late,breached,2024-03-06
CMT00834,DEC00366,,warehouse,W002,plant_scheduler,2024-02-15,P02 commits to deliver FG line POL0024761 (PO PO008295) to W002 by 2024-03-05,72.0,2024-03-05,service-level KPI,breached,2024-03-06
CMT00835,DEC00377,,supplier,SUP0039,supplier_account_manager,2024-02-15,Supplier 039 (SUP0039) confirms revised ship-to-arrive date 2024-03-06 for RMPO015540,450.0,2024-03-06,expedite freight at supplier cost if >7 days late,fulfilled,2024-03-06
CMT00836,DEC00371,,supplier,SUP0125,supplier_account_manager,2024-02-15,Supplier 125 (SUP0125) commits to deliver replacement order RMPO015763 by 2024-02-20,415.1163,2024-02-20,2% credit per week late beyond 3 days,breached,2024-03-05
CMT00837,DEC00372,,supplier,SUP0065,supplier_account_manager,2024-02-15,Supplier 065 (SUP0065) commits to deliver replacement order RMPO015762 by 2024-03-02,12.628,2024-03-02,none,fulfilled,2024-03-02
CMT00838,DEC00373,,supplier,SUP0054,supplier_account_manager,2024-02-15,Supplier 054 (SUP0054) confirms revised ship-to-arrive date 2024-03-10 for RMPO015758,287.963,2024-03-10,2% credit per week late beyond 3 days,fulfilled,2024-03-10
CMT00839,DEC00375,,supplier,SUP0039,supplier_account_manager,2024-02-16,Supplier 039 (SUP0039) commits to deliver RMPO015496 by 2024-02-28 on expedited freight,7.4392,2024-02-28,expedite freight at supplier cost if >7 days late,breached,2024-03-06
CMT00840,DEC00376,,supplier,SUP0039,supplier_account_manager,2024-02-16,Supplier 039 (SUP0039) commits to deliver replacement order RMPO015766 by 2024-02-24,300.0,2024-02-24,expedite freight at supplier cost if >7 days late,renegotiated,2024-02-17
CMT00841,DEC00377,,supplier,SUP0039,supplier_account_manager,2024-02-16,Supplier 039 (SUP0039) commits to deliver RMPO015540 by 2024-03-01 on expedited freight,450.0,2024-03-01,expedite freight at supplier cost if >7 days late,breached,2024-03-06
CMT00842,DEC00371,,warehouse,W006,plant_scheduler,2024-02-16,P05 commits to deliver FG line POL0052317 (PO PO017469) to W006 by 2024-03-15,329.0,2024-03-15,service-level KPI,fulfilled,2024-03-13
CMT00843,DEC00373,,supplier,SUP0054,supplier_account_manager,2024-02-16,Supplier 054 (SUP0054) commits to deliver RMPO015758 by 2024-03-03 on expedited freight,287.963,2024-03-03,2% credit per week late beyond 3 days,breached,2024-03-10
CMT00844,DEC00374,,supplier,SUP0054,supplier_account_manager,2024-02-16,Supplier 054 (SUP0054) commits to deliver RMPO015262 by 2024-02-18 on expedited freight,120.0,2024-02-18,2% credit per week late beyond 3 days,breached,2024-03-03
CMT00845,DEC00374,,supplier,SUP0054,supplier_account_manager,2024-02-16,Supplier 054 (SUP0054) confirms revised ship-to-arrive date 2024-02-21 for RMPO015262,120.0,2024-02-21,2% credit per week late beyond 3 days,breached,2024-03-03
CMT00846,DEC00379,,supplier,SUP0201,supplier_account_manager,2024-02-16,Supplier 201 (SUP0201) confirms revised ship-to-arrive date 2024-03-04 for RMPO015492,11.3633,2024-03-04,"0.5% credit per day late, capped at 10%",fulfilled,2024-02-27
CMT00847,DEC00375,,warehouse,W001,plant_scheduler,2024-02-17,P02 commits to deliver FG line POL0009314 (PO PO003125) to W001 by 2024-03-07,43.0,2024-03-07,service-level KPI,breached,2024-03-11
CMT00848,DEC00376,,warehouse,W003,plant_scheduler,2024-02-17,P03 commits to deliver FG line POL0008805 (PO PO002954) to W003 by 2024-03-15,383.0,2024-03-15,service-level KPI,fulfilled,2024-03-13
CMT00849,DEC00377,,warehouse,W009,plant_scheduler,2024-02-17,P05 commits to deliver FG line POL0036568 (PO PO012213) to W009 by 2024-03-12,508.0,2024-03-12,service-level KPI,renegotiated,2024-02-20
CMT00850,DEC00380,,supplier,SUP0216,supplier_account_manager,2024-02-17,Supplier 216 (SUP0216) confirms revised ship-to-arrive date 2024-03-15 for RMPO014100,3000.0,2024-03-15,"0.5% credit per day late, capped at 10%",fulfilled,2024-03-14
CMT00851,DEC00378,,supplier,SUP0118,supplier_account_manager,2024-02-17,Supplier 118 (SUP0118) commits to deliver RMPO013989 by 2024-02-29 on expedited freight,30.0,2024-02-29,none,breached,2024-03-02
CMT00852,DEC00373,,warehouse,W002,plant_scheduler,2024-02-17,P01 commits to deliver FG line POL0037769 (PO PO012612) to W002 by 2024-03-18,27.0,2024-03-18,service-level KPI,fulfilled,2024-03-18
CMT00853,DEC00374,,warehouse,W012,plant_scheduler,2024-02-17,P03 commits to deliver FG line POL0040199 (PO PO013417) to W012 by 2024-02-27,418.0,2024-02-27,service-level KPI,renegotiated,2024-02-20
CMT00854,DEC00379,,supplier,SUP0201,supplier_account_manager,2024-02-17,Supplier 201 (SUP0201) commits to deliver RMPO015492 by 2024-02-25 on expedited freight,11.3633,2024-02-25,"0.5% credit per day late, capped at 10%",breached,2024-02-27
CMT00855,DEC00381,,supplier,SUP0013,supplier_account_manager,2024-02-18,Supplier 013 (SUP0013) confirms revised ship-to-arrive date 2024-03-05 for RMPO014671,400.0,2024-03-05,none,fulfilled,2024-03-03
CMT00856,DEC00382,,supplier,SUP0221,supplier_account_manager,2024-02-18,Supplier 221 (SUP0221) confirms revised ship-to-arrive date 2024-02-26 for RMPO015741,40.0,2024-02-26,1% credit per week late beyond 5 days,fulfilled,2024-02-21
CMT00857,DEC00383,,supplier,SUP0125,supplier_account_manager,2024-02-18,Supplier 125 (SUP0125) confirms revised ship-to-arrive date 2024-02-28 for RMPO015622,140.0,2024-02-28,2% credit per week late beyond 3 days,fulfilled,2024-02-24
CMT00858,DEC00380,,supplier,SUP0216,supplier_account_manager,2024-02-18,Supplier 216 (SUP0216) commits to deliver RMPO014100 by 2024-03-08 on expedited freight,3000.0,2024-03-08,"0.5% credit per day late, capped at 10%",breached,2024-03-14
CMT00859,DEC00378,,warehouse,W001,plant_scheduler,2024-02-18,P03 commits to deliver FG line POL0052089 (PO PO017390) to W001 by 2024-03-12,113.0,2024-03-12,service-level KPI,fulfilled,2024-03-10
CMT00860,DEC00379,,warehouse,W008,plant_scheduler,2024-02-18,P05 commits to deliver FG line POL0034554 (PO PO011548) to W008 by 2024-03-11,323.0,2024-03-11,service-level KPI,fulfilled,2024-03-05
CMT00861,DEC00381,,supplier,SUP0013,supplier_account_manager,2024-02-19,Supplier 013 (SUP0013) commits to deliver RMPO014671 by 2024-03-01 on expedited freight,400.0,2024-03-01,none,breached,2024-03-03
CMT00862,DEC00382,,supplier,SUP0221,supplier_account_manager,2024-02-19,Supplier 221 (SUP0221) commits to deliver RMPO015741 by 2024-02-21 on expedited freight,40.0,2024-02-21,1% credit per week late beyond 5 days,fulfilled,2024-02-21
CMT00863,DEC00384,,supplier,SUP0191,supplier_account_manager,2024-02-19,Supplier 191 (SUP0191) confirms revised ship-to-arrive date 2024-03-04 for RMPO014593,200.0,2024-03-04,1% credit per week late beyond 5 days,fulfilled,2024-03-01
CMT00864,DEC00383,,supplier,SUP0125,supplier_account_manager,2024-02-19,Supplier 125 (SUP0125) commits to deliver RMPO015622 by 2024-02-24 on expedited freight,140.0,2024-02-24,2% credit per week late beyond 3 days,fulfilled,2024-02-24
CMT00865,DEC00381,,warehouse,W011,plant_scheduler,2024-02-20,P05 commits to deliver FG line POL0000593 (PO PO000197) to W011 by 2024-03-08,488.0,2024-03-08,service-level KPI,fulfilled,2024-03-07
CMT00866,DEC00384,,supplier,SUP0191,supplier_account_manager,2024-02-20,Supplier 191 (SUP0191) commits to deliver RMPO014593 by 2024-03-01 on expedited freight,200.0,2024-03-01,1% credit per week late beyond 5 days,fulfilled,2024-03-01
CMT00867,DEC00385,,supplier,SUP0179,supplier_account_manager,2024-02-20,Supplier 179 (SUP0179) commits to deliver RMPO015111 by 2024-03-05 on expedited freight,18.0,2024-03-05,1% credit per week late beyond 5 days,fulfilled,2024-03-05
CMT00868,DEC00387,,supplier,SUP0054,supplier_account_manager,2024-02-21,Supplier 054 (SUP0054) commits to deliver replacement order RMPO016021 by 2024-02-24,761.1001,2024-02-24,2% credit per week late beyond 3 days,breached,2024-03-04
CMT00869,DEC00386,,supplier,SUP0054,supplier_account_manager,2024-02-21,Supplier 054 (SUP0054) commits to deliver RMPO015767 by 2024-03-03 on expedited freight,60.0,2024-03-03,2% credit per week late beyond 3 days,fulfilled,2024-03-02
CMT00870,DEC00386,,supplier,SUP0054,supplier_account_manager,2024-02-21,Supplier 054 (SUP0054) confirms revised ship-to-arrive date 2024-03-07 for RMPO015767,60.0,2024-03-07,2% credit per week late beyond 3 days,fulfilled,2024-03-02
CMT00871,DEC00388,,supplier,SUP0039,supplier_account_manager,2024-02-22,Supplier 039 (SUP0039) commits to deliver RMPO015760 by 2024-03-01 on expedited freight,23.3864,2024-03-01,expedite freight at supplier cost if >7 days late,breached,2024-03-09
CMT00872,DEC00387,,warehouse,W004,plant_scheduler,2024-02-22,P01 commits to deliver FG line POL0004351 (PO PO001455) to W004 by 2024-03-16,287.0,2024-03-16,service-level KPI,fulfilled,2024-03-11
CMT00873,DEC00386,,warehouse,W009,plant_scheduler,2024-02-22,P01 commits to deliver FG line POL0025186 (PO PO008438) to W009 by 2024-03-14,334.0,2024-03-14,service-level KPI,fulfilled,2024-03-11
CMT00874,DEC00388,,warehouse,W012,plant_scheduler,2024-02-23,P05 commits to deliver FG line POL0033904 (PO PO011327) to W012 by 2024-03-15,96.0,2024-03-15,service-level KPI,breached,2024-03-16
CMT00875,DEC00389,,plant,P04,plant_scheduler,2024-02-23,P04 commits to ship 113.3 kg of RM0117 to arrive at P01 by 2024-02-25,113.3471,2024-02-25,internal,breached,2024-03-08
CMT00876,,NEG0021,supplier,SUP0111,category_manager,2024-02-23,"We commit to purchase at least 5,330 units from Supplier 111 (SUP0111) under CT00115 by 2026-02-28",5330.0,2026-02-28,volume shortfall invoiced at 5% of unpurchased value,open,
CMT00877,,NEG0021,supplier,SUP0111,supplier_account_manager,2024-02-23,Supplier 111 (SUP0111) commits to hold contract prices under CT00115 until 2026-02-28,,2026-02-28,none,breached,2025-01-01
CMT00878,DEC00389,,warehouse,W002,plant_scheduler,2024-02-24,P01 commits to deliver FG line POL0037768 (PO PO012612) to W002 by 2024-03-17,425.0,2024-03-17,service-level KPI,renegotiated,2024-02-24
CMT00879,DEC00390,,supplier,SUP0221,supplier_account_manager,2024-02-24,Supplier 221 (SUP0221) commits to deliver RMPO015994 by 2024-03-10 on expedited freight,32.0,2024-03-10,1% credit per week late beyond 5 days,fulfilled,2024-03-10
CMT00880,DEC00390,,supplier,SUP0221,supplier_account_manager,2024-02-24,Supplier 221 (SUP0221) confirms revised ship-to-arrive date 2024-03-16 for RMPO015994,32.0,2024-03-16,1% credit per week late beyond 5 days,fulfilled,2024-03-10
CMT00881,,NEG0024,supplier,SUP0042,category_manager,2024-02-24,"We commit to purchase at least 51,780 units from Supplier 042 (SUP0042) under CT00045 by 2025-02-28",51780.0,2025-02-28,volume shortfall invoiced at 5% of unpurchased value,fulfilled,2025-02-28
CMT00882,,NEG0024,supplier,SUP0042,supplier_account_manager,2024-02-24,Supplier 042 (SUP0042) commits to hold contract prices under CT00045 until 2025-02-28,,2025-02-28,1% credit per week late beyond 5 days,breached,2025-01-01
CMT00883,,NEG0023,supplier,SUP0118,category_manager,2024-02-26,"We commit to purchase at least 127,310 units from Supplier 118 (SUP0118) under CT00119 by 2026-02-28",127310.0,2026-02-28,volume shortfall invoiced at 5% of unpurchased value,open,
CMT00884,,NEG0023,supplier,SUP0118,supplier_account_manager,2024-02-26,Supplier 118 (SUP0118) commits to hold contract prices under CT00119 until 2026-02-28,,2026-02-28,2% credit per week late beyond 3 days,open,
CMT00885,,NEG0020,supplier,SUP0215,category_manager,2024-02-26,"We commit to purchase at least 8,020 units from Supplier 215 (SUP0215) under CT00260 by 2026-02-28",8020.0,2026-02-28,volume shortfall invoiced at 5% of unpurchased value,open,
CMT00886,,NEG0020,supplier,SUP0215,supplier_account_manager,2024-02-26,Supplier 215 (SUP0215) commits to hold contract prices under CT00260 until 2026-02-28,,2026-02-28,1% credit per week late beyond 5 days,breached,2025-01-01
CMT00887,,NEG0022,supplier,SUP0017,category_manager,2024-02-27,"We commit to purchase at least 10,240 units from Supplier 017 (SUP0017) under CT00019 by 2025-02-28",10240.0,2025-02-28,volume shortfall invoiced at 5% of unpurchased value,fulfilled,2025-02-28
CMT00888,,NEG0022,supplier,SUP0017,supplier_account_manager,2024-02-27,Supplier 017 (SUP0017) commits to hold contract prices under CT00019 until 2025-02-28,,2025-02-28,1% credit per week late beyond 5 days,fulfilled,2025-02-28
CMT00889,DEC00392,,supplier,SUP0241,supplier_account_manager,2024-02-29,Supplier 241 (SUP0241) commits to deliver replacement order RMPO016311 by 2024-03-15,315.8916,2024-03-15,1% credit per week late beyond 5 days,fulfilled,2024-03-15
CMT00890,DEC00393,,supplier,SUP0125,supplier_account_manager,2024-03-01,Supplier 125 (SUP0125) commits to deliver RMPO016154 by 2024-03-03 on expedited freight,25.0,2024-03-03,2% credit per week late beyond 3 days,fulfilled,2024-03-03
CMT00891,DEC00393,,supplier,SUP0125,supplier_account_manager,2024-03-01,Supplier 125 (SUP0125) confirms revised ship-to-arrive date 2024-03-09 for RMPO016154,25.0,2024-03-09,2% credit per week late beyond 3 days,fulfilled,2024-03-03
CMT00892,DEC00394,,supplier,SUP0185,supplier_account_manager,2024-03-02,Supplier 185 (SUP0185) confirms revised ship-to-arrive date 2024-03-18 for RMPO016246,6538.7861,2024-03-18,none,fulfilled,2024-03-18
CMT00893,DEC00394,,supplier,SUP0185,supplier_account_manager,2024-03-03,Supplier 185 (SUP0185) commits to deliver RMPO016246 by 2024-03-14 on expedited freight,6538.7861,2024-03-14,none,breached,2024-03-18
CMT00894,DEC00394,,warehouse,W009,plant_scheduler,2024-03-04,P03 commits to deliver FG line POL0002649 (PO PO000883) to W009 by 2024-03-22,311.0,2024-03-22,service-level KPI,fulfilled,2024-03-22
CMT00895,DEC00396,,supplier,SUP0136,supplier_account_manager,2024-03-05,Supplier 136 (SUP0136) confirms revised ship-to-arrive date 2024-03-09 for RMPO014276,350.0,2024-03-09,2% credit per week late beyond 3 days,fulfilled,2024-03-09
CMT00896,DEC00398,,supplier,SUP0089,supplier_account_manager,2024-03-06,Supplier 089 (SUP0089) confirms revised ship-to-arrive date 2024-03-28 for RMPO015493,5037.2762,2024-03-28,expedite freight at supplier cost if >7 days late,fulfilled,2024-03-21
CMT00897,DEC00397,,supplier,SUP0185,supplier_account_manager,2024-03-06,Supplier 185 (SUP0185) confirms revised ship-to-arrive date 2024-03-27 for RMPO016313,8135.4097,2024-03-27,none,fulfilled,2024-03-27
CMT00898,DEC00398,,supplier,SUP0089,supplier_account_manager,2024-03-07,Supplier 089 (SUP0089) commits to deliver RMPO015493 by 2024-03-24 on expedited freight,5037.2762,2024-03-24,expedite freight at supplier cost if >7 days late,fulfilled,2024-03-21
CMT00899,DEC00397,,supplier,SUP0185,supplier_account_manager,2024-03-07,Supplier 185 (SUP0185) commits to deliver RMPO016313 by 2024-03-20 on expedited freight,8135.4097,2024-03-20,none,breached,2024-03-27
CMT00900,DEC00398,,warehouse,W002,plant_scheduler,2024-03-08,P05 commits to deliver FG line POL0001037 (PO PO000341) to W002 by 2024-04-05,75.0,2024-04-05,service-level KPI,fulfilled,2024-03-31
CMT00901,DEC00397,,warehouse,W009,plant_scheduler,2024-03-08,P04 commits to deliver FG line POL0007073 (PO PO002395) to W009 by 2024-04-02,488.0,2024-04-02,service-level KPI,fulfilled,2024-04-02
CMT00902,DEC00399,,supplier,SUP0101,supplier_account_manager,2024-03-11,Supplier 101 (SUP0101) commits to deliver replacement order RMPO016712 by 2024-03-22,650.0,2024-03-22,1% credit per week late beyond 5 days,renegotiated,2024-03-12
CMT00903,DEC00399,,warehouse,W002,plant_scheduler,2024-03-12,P05 commits to deliver FG line POL0007946 (PO PO002677) to W002 by 2024-04-15,176.0,2024-04-15,service-level KPI,fulfilled,2024-04-09
CMT00904,DEC00400,,supplier,SUP0054,supplier_account_manager,2024-03-20,Supplier 054 (SUP0054) confirms revised ship-to-arrive date 2024-04-10 for RMPO017136,219.5569,2024-04-10,2% credit per week late beyond 3 days,fulfilled,2024-04-10
CMT00905,DEC00400,,supplier,SUP0054,supplier_account_manager,2024-03-21,Supplier 054 (SUP0054) commits to deliver RMPO017136 by 2024-04-04 on expedited freight,219.5569,2024-04-04,2% credit per week late beyond 3 days,breached,2024-04-10
CMT00906,DEC00400,,warehouse,W008,plant_scheduler,2024-03-22,P04 commits to deliver FG line POL0043940 (PO PO014650) to W008 by 2024-04-17,28.0,2024-04-17,service-level KPI,fulfilled,2024-04-17
CMT00907,,NEG0026,supplier,SUP0192,category_manager,2024-03-23,"We commit to purchase at least 16,760 units from Supplier 192 (SUP0192) under CT00225 by 2025-03-31",16760.0,2025-03-31,volume shortfall invoiced at 5% of unpurchased value,fulfilled,2025-03-31
CMT00908,,NEG0026,supplier,SUP0192,supplier_account_manager,2024-03-23,Supplier 192 (SUP0192) commits to hold contract prices under CT00225 until 2025-03-31,,2025-03-31,none,fulfilled,2025-03-31
CMT00909,DEC00401,,supplier,SUP0109,supplier_account_manager,2024-03-23,Supplier 109 (SUP0109) commits to deliver replacement order RMPO017139 by 2024-03-29,2500.0,2024-03-29,"0.5% credit per day late, capped at 10%",renegotiated,2024-03-24
CMT00910,DEC00402,,supplier,SUP0011,supplier_account_manager,2024-03-23,Supplier 011 (SUP0011) confirms revised ship-to-arrive date 2024-04-15 for RMPO015482,4893.4547,2024-04-15,none,fulfilled,2024-04-12
CMT00911,DEC00401,,warehouse,W009,plant_scheduler,2024-03-24,P01 commits to deliver FG line POL0052149 (PO PO017411) to W009 by 2024-04-29,434.0,2024-04-29,service-level KPI,fulfilled,2024-04-22
CMT00912,DEC00402,,supplier,SUP0011,supplier_account_manager,2024-03-24,Supplier 011 (SUP0011) commits to deliver RMPO015482 by 2024-04-10 on expedited freight,4893.4547,2024-04-10,none,breached,2024-04-12
CMT00913,,NEG0025,supplier,SUP0185,category_manager,2024-03-25,"We commit to purchase at least 337,290 units from Supplier 185 (SUP0185) under CT00218 by 2025-03-31",337290.0,2025-03-31,volume shortfall invoiced at 5% of unpurchased value,fulfilled,2025-03-31
CMT00914,,NEG0025,supplier,SUP0185,supplier_account_manager,2024-03-25,Supplier 185 (SUP0185) commits to hold contract prices under CT00218 until 2025-03-31,,2025-03-31,1% credit per week late beyond 5 days,breached,2024-04-13
CMT00915,DEC00402,,warehouse,W003,plant_scheduler,2024-03-25,P05 commits to deliver FG line POL0006453 (PO PO002188) to W003 by 2024-04-21,361.0,2024-04-21,service-level KPI,breached,2024-04-23
CMT00916,DEC00403,,supplier,SUP0185,supplier_account_manager,2024-03-25,Supplier 185 (SUP0185) commits to deliver RMPO017080 by 2024-04-01 on expedited freight,10800.7474,2024-04-01,none,breached,2024-04-15
CMT00917,DEC00403,,supplier,SUP0185,supplier_account_manager,2024-03-25,Supplier 185 (SUP0185) confirms revised ship-to-arrive date 2024-04-09 for RMPO017080,10800.7474,2024-04-09,none,breached,2024-04-15
CMT00918,DEC00405,,supplier,SUP0084,supplier_account_manager,2024-03-26,Supplier 084 (SUP0084) commits to deliver RMPO015291 by 2024-03-28 on expedited freight,8.0,2024-03-28,2% credit per week late beyond 3 days,fulfilled,2024-03-28
CMT00919,DEC00405,,supplier,SUP0084,supplier_account_manager,2024-03-26,Supplier 084 (SUP0084) confirms revised ship-to-arrive date 2024-04-01 for RMPO015291,8.0,2024-04-01,2% credit per week late beyond 3 days,fulfilled,2024-03-28
CMT00920,DEC00404,,supplier,SUP0241,supplier_account_manager,2024-03-26,Supplier 241 (SUP0241) commits to deliver RMPO017130 by 2024-04-12 on expedited freight,410.7628,2024-04-12,1% credit per week late beyond 5 days,breached,2024-04-15
CMT00921,DEC00404,,supplier,SUP0241,supplier_account_manager,2024-03-26,Supplier 241 (SUP0241) confirms revised ship-to-arrive date 2024-04-17 for RMPO017130,410.7628,2024-04-17,1% credit per week late beyond 5 days,fulfilled,2024-04-15
CMT00922,DEC00403,,warehouse,W005,plant_scheduler,2024-03-26,P05 commits to deliver FG line POL0007748 (PO PO002605) to W005 by 2024-04-14,498.0,2024-04-14,service-level KPI,breached,2024-04-20
CMT00923,DEC00404,,warehouse,W006,plant_scheduler,2024-03-27,P04 commits to deliver FG line POL0044902 (PO PO014976) to W006 by 2024-04-22,481.0,2024-04-22,service-level KPI,renegotiated,2024-03-31
CMT00924,DEC00406,,supplier,SUP0109,supplier_account_manager,2024-03-28,Supplier 109 (SUP0109) commits to deliver replacement order RMPO017410 by 2024-04-03,2500.0,2024-04-03,"0.5% credit per day late, capped at 10%",renegotiated,2024-03-29
CMT00925,DEC00406,,warehouse,W012,plant_scheduler,2024-03-29,P04 commits to deliver FG line POL0027323 (PO PO009148) to W012 by 2024-04-22,46.0,2024-04-22,service-level KPI,fulfilled,2024-04-16
CMT00926,DEC00410,,supplier,SUP0185,supplier_account_manager,2024-04-02,Supplier 185 (SUP0185) confirms revised ship-to-arrive date 2024-04-25 for RMPO017424,5541.0261,2024-04-25,1% credit per week late beyond 5 days,fulfilled,2024-04-21
CMT00927,DEC00409,,supplier,SUP0136,supplier_account_manager,2024-04-02,Supplier 136 (SUP0136) commits to deliver RMPO014791 by 2024-04-22 on expedited freight,311.9686,2024-04-22,2% credit per week late beyond 3 days,fulfilled,2024-04-19
CMT00928,DEC00409,,supplier,SUP0136,supplier_account_manager,2024-04-02,Supplier 136 (SUP0136) confirms revised ship-to-arrive date 2024-04-27 for RMPO014791,311.9686,2024-04-27,2% credit per week late beyond 3 days,fulfilled,2024-04-19
CMT00929,DEC00410,,supplier,SUP0185,supplier_account_manager,2024-04-03,Supplier 185 (SUP0185) commits to deliver RMPO017424 by 2024-04-17 on expedited freight,5541.0261,2024-04-17,1% credit per week late beyond 5 days,breached,2024-04-21
CMT00930,DEC00409,,warehouse,W005,plant_scheduler,2024-04-03,P02 commits to deliver FG line POL0000992 (PO PO000326) to W005 by 2024-05-03,447.0,2024-05-03,service-level KPI,fulfilled,2024-04-26
CMT00931,DEC00411,,supplier,SUP0164,supplier_account_manager,2024-04-04,Supplier 164 (SUP0164) confirms revised ship-to-arrive date 2024-04-06 for RMPO015099,35.0,2024-04-06,"0.5% credit per day late, capped at 10%",fulfilled,2024-04-06
CMT00932,DEC00410,,warehouse,W005,plant_scheduler,2024-04-04,P01 commits to deliver FG line POL0014221 (PO PO004777) to W005 by 2024-05-03,247.0,2024-05-03,service-level KPI,fulfilled,2024-04-29
CMT00933,DEC00412,,supplier,SUP0185,supplier_account_manager,2024-04-05,Supplier 185 (SUP0185) commits to deliver RMPO017419 by 2024-04-19 on expedited freight,6807.1633,2024-04-19,1% credit per week late beyond 5 days,breached,2024-04-22
CMT00934,DEC00414,,supplier,SUP0129,supplier_account_manager,2024-04-06,Supplier 129 (SUP0129) confirms revised ship-to-arrive date 2024-04-25 for RMPO016169,150.0,2024-04-25,none,fulfilled,2024-04-25
CMT00935,DEC00412,,warehouse,W007,plant_scheduler,2024-04-06,P02 commits to deliver FG line POL0046340 (PO PO015454) to W007 by 2024-04-26,123.0,2024-04-26,service-level KPI,fulfilled,2024-04-26
CMT00936,DEC00415,,supplier,SUP0011,supplier_account_manager,2024-04-09,Supplier 011 (SUP0011) commits to deliver RMPO015780 by 2024-04-26 on expedited freight,3000.0,2024-04-26,none,fulfilled,2024-04-24
CMT00937,DEC00415,,supplier,SUP0011,supplier_account_manager,2024-04-09,Supplier 011 (SUP0011) confirms revised ship-to-arrive date 2024-04-30 for RMPO015780,3000.0,2024-04-30,none,fulfilled,2024-04-24
CMT00938,DEC00416,,supplier,SUP0185,supplier_account_manager,2024-04-09,Supplier 185 (SUP0185) commits to deliver RMPO017622 by 2024-04-22 on expedited freight,10000.0,2024-04-22,1% credit per week late beyond 5 days,breached,2024-04-24
CMT00939,DEC00416,,supplier,SUP0185,supplier_account_manager,2024-04-09,Supplier 185 (SUP0185) confirms revised ship-to-arrive date 2024-04-29 for RMPO017622,10000.0,2024-04-29,1% credit per week late beyond 5 days,fulfilled,2024-04-24
CMT00940,DEC00417,,supplier,SUP0129,supplier_account_manager,2024-04-10,Supplier 129 (SUP0129) confirms revised ship-to-arrive date 2024-05-22 for RMPO016165,900.0,2024-05-22,none,fulfilled,2024-05-22
CMT00941,DEC00418,,supplier,SUP0125,supplier_account_manager,2024-04-10,Supplier 125 (SUP0125) commits to deliver replacement order RMPO018009 by 2024-04-14,130.6302,2024-04-14,2% credit per week late beyond 3 days,fulfilled,2024-04-14
CMT00942,DEC00415,,warehouse,W005,plant_scheduler,2024-04-10,P01 commits to deliver FG line POL0040394 (PO PO013482) to W005 by 2024-05-07,277.0,2024-05-07,service-level KPI,fulfilled,2024-05-01
CMT00943,DEC00416,,warehouse,W004,plant_scheduler,2024-04-10,P03 commits to deliver FG line POL0007405 (PO PO002498) to W004 by 2024-05-06,163.0,2024-05-06,service-level KPI,fulfilled,2024-05-02
CMT00944,DEC00420,,supplier,SUP0129,supplier_account_manager,2024-04-13,Supplier 129 (SUP0129) confirms revised ship-to-arrive date 2024-04-29 for RMPO016170,520.0,2024-04-29,none,fulfilled,2024-04-29
CMT00945,DEC00424,,supplier,SUP0164,supplier_account_manager,2024-04-20,Supplier 164 (SUP0164) confirms revised ship-to-arrive date 2024-05-09 for RMPO016493,18.0,2024-05-09,"0.5% credit per day late, capped at 10%",fulfilled,2024-05-09
CMT00946,DEC00426,,supplier,SUP0185,supplier_account_manager,2024-04-23,Supplier 185 (SUP0185) commits to deliver RMPO018289 by 2024-05-11 on expedited freight,5234.413,2024-05-11,1% credit per week late beyond 5 days,fulfilled,2024-05-11
CMT00947,DEC00426,,supplier,SUP0185,supplier_account_manager,2024-04-23,Supplier 185 (SUP0185) confirms revised ship-to-arrive date 2024-05-14 for RMPO018289,5234.413,2024-05-14,1% credit per week late beyond 5 days,fulfilled,2024-05-11
CMT00948,DEC00428,,supplier,SUP0129,supplier_account_manager,2024-04-24,Supplier 129 (SUP0129) commits to deliver RMPO016748 by 2024-05-13 on expedited freight,3500.0,2024-05-13,none,fulfilled,2024-05-10
CMT00949,DEC00428,,supplier,SUP0129,supplier_account_manager,2024-04-24,Supplier 129 (SUP0129) confirms revised ship-to-arrive date 2024-05-16 for RMPO016748,3500.0,2024-05-16,none,fulfilled,2024-05-10
CMT00950,DEC00426,,warehouse,W003,plant_scheduler,2024-04-24,P04 commits to deliver FG line POL0010956 (PO PO003689) to W003 by 2024-05-21,219.0,2024-05-21,service-level KPI,fulfilled,2024-05-18
CMT00951,DEC00428,,warehouse,W008,plant_scheduler,2024-04-25,P02 commits to deliver FG line POL0004284 (PO PO001434) to W008 by 2024-05-21,41.0,2024-05-21,service-level KPI,fulfilled,2024-05-18
CMT00952,DEC00429,,plant,P02,plant_scheduler,2024-04-25,P02 commits to ship 27.5 L of RM0106 to arrive at P05 by 2024-04-27,27.5134,2024-04-27,internal,breached,2024-05-01
CMT00953,,NEG0027,supplier,SUP0011,category_manager,2024-04-28,"We commit to purchase at least 154,520 units from Supplier 011 (SUP0011) under CT00010 by 2025-04-30",154520.0,2025-04-30,volume shortfall invoiced at 5% of unpurchased value,fulfilled,2025-04-30
CMT00954,,NEG0027,supplier,SUP0011,supplier_account_manager,2024-04-28,Supplier 011 (SUP0011) commits to hold contract prices under CT00010 until 2025-04-30,,2025-04-30,1% credit per week late beyond 5 days,fulfilled,2025-04-30
CMT00955,DEC00432,,supplier,SUP0011,supplier_account_manager,2024-05-05,Supplier 011 (SUP0011) confirms revised ship-to-arrive date 2024-05-25 for RMPO017135,8435.4376,2024-05-25,1% credit per week late beyond 5 days,fulfilled,2024-05-23
CMT00956,DEC00433,,supplier,SUP0185,supplier_account_manager,2024-05-05,Supplier 185 (SUP0185) confirms revised ship-to-arrive date 2024-05-31 for RMPO018806,4848.0427,2024-05-31,1% credit per week late beyond 5 days,fulfilled,2024-05-25
CMT00957,DEC00432,,supplier,SUP0011,supplier_account_manager,2024-05-06,Supplier 011 (SUP0011) commits to deliver RMPO017135 by 2024-05-20 on expedited freight,8435.4376,2024-05-20,1% credit per week late beyond 5 days,breached,2024-05-23
CMT00958,DEC00433,,supplier,SUP0185,supplier_account_manager,2024-05-06,Supplier 185 (SUP0185) commits to deliver RMPO018806 by 2024-05-26 on expedited freight,4848.0427,2024-05-26,1% credit per week late beyond 5 days,fulfilled,2024-05-25
CMT00959,DEC00432,,warehouse,W009,plant_scheduler,2024-05-07,P02 commits to deliver FG line POL0006223 (PO PO002107) to W009 by 2024-06-01,140.0,2024-06-01,service-level KPI,fulfilled,2024-05-30
CMT00960,DEC00433,,warehouse,W011,plant_scheduler,2024-05-07,P05 commits to deliver FG line POL0032234 (PO PO010766) to W011 by 2024-06-04,92.0,2024-06-04,service-level KPI,fulfilled,2024-05-29
CMT00961,DEC00436,,supplier,SUP0179,supplier_account_manager,2024-05-08,Supplier 179 (SUP0179) confirms revised ship-to-arrive date 2024-05-23 for RMPO018493,6.0,2024-05-23,1% credit per week late beyond 5 days,fulfilled,2024-05-19
CMT00962,DEC00436,,supplier,SUP0179,supplier_account_manager,2024-05-09,Supplier 179 (SUP0179) commits to deliver RMPO018493 by 2024-05-19 on expedited freight,6.0,2024-05-19,1% credit per week late beyond 5 days,fulfilled,2024-05-19
CMT00963,DEC00434,,supplier,SUP0109,supplier_account_manager,2024-05-09,Supplier 109 (SUP0109) commits to deliver replacement order RMPO019051 by 2024-05-15,2500.0,2024-05-15,"0.5% credit per day late, capped at 10%",renegotiated,2024-05-10
CMT00964,DEC00437,,supplier,SUP0033,supplier_account_manager,2024-05-10,Supplier 033 (SUP0033) confirms revised ship-to-arrive date 2024-06-05 for RMPO017171,87.0388,2024-06-05,none,fulfilled,2024-05-28
CMT00965,DEC00434,,warehouse,W004,plant_scheduler,2024-05-10,P04 commits to deliver FG line POL0028526 (PO PO009546) to W004 by 2024-06-09,278.0,2024-06-09,service-level KPI,fulfilled,2024-06-07
CMT00966,DEC00437,,supplier,SUP0033,supplier_account_manager,2024-05-11,Supplier 033 (SUP0033) commits to deliver RMPO017171 by 2024-05-30 on expedited freight,87.0388,2024-05-30,none,fulfilled,2024-05-28
CMT00967,DEC00437,,warehouse,W003,plant_scheduler,2024-05-12,P01 commits to deliver FG line POL0001946 (PO PO000651) to W003 by 2024-06-13,186.0,2024-06-13,service-level KPI,fulfilled,2024-06-06
CMT00968,DEC00438,,plant,P02,plant_scheduler,2024-05-14,P02 commits to ship 196.3 ea of RM0032 to arrive at P05 by 2024-05-18,196.259,2024-05-18,internal,breached,2024-05-20
CMT00969,DEC00439,,supplier,SUP0179,supplier_account_manager,2024-05-19,Supplier 179 (SUP0179) confirms revised ship-to-arrive date 2024-05-29 for RMPO018484,6.0,2024-05-29,1% credit per week late beyond 5 days,fulfilled,2024-05-29
CMT00970,DEC00439,,supplier,SUP0179,supplier_account_manager,2024-05-20,Supplier 179 (SUP0179) commits to deliver RMPO018484 by 2024-05-25 on expedited freight,6.0,2024-05-25,1% credit per week late beyond 5 days,breached,2024-05-29
CMT00971,DEC00440,,supplier,SUP0185,supplier_account_manager,2024-05-21,Supplier 185 (SUP0185) confirms revised ship-to-arrive date 2024-06-17 for RMPO019485,6000.0,2024-06-17,1% credit per week late beyond 5 days,fulfilled,2024-06-17
CMT00972,DEC00441,,supplier,SUP0101,supplier_account_manager,2024-05-21,Supplier 101 (SUP0101) confirms revised ship-to-arrive date 2024-06-04 for RMPO019389,7000.0,2024-06-04,1% credit per week late beyond 5 days,fulfilled,2024-06-04
CMT00973,DEC00443,,supplier,SUP0241,supplier_account_manager,2024-05-24,Supplier 241 (SUP0241) confirms revised ship-to-arrive date 2024-06-07 for RMPO019058,281.0101,2024-06-07,1% credit per week late beyond 5 days,fulfilled,2024-06-07
CMT00974,DEC00443,,supplier,SUP0241,supplier_account_manager,2024-05-25,Supplier 241 (SUP0241) commits to deliver RMPO019058 by 2024-05-30 on expedited freight,281.0101,2024-05-30,1% credit per week late beyond 5 days,breached,2024-06-07
CMT00975,DEC00443,,warehouse,W010,plant_scheduler,2024-05-26,P01 commits to deliver FG line POL0001391 (PO PO000464) to W010 by 2024-06-11,140.0,2024-06-11,service-level KPI,breached,2024-06-13
CMT00976,DEC00444,,supplier,SUP0202,supplier_account_manager,2024-05-30,Supplier 202 (SUP0202) confirms revised ship-to-arrive date 2024-06-22 for RMPO018807,507.7812,2024-06-22,expedite freight at supplier cost if >7 days late,fulfilled,2024-06-15
CMT00977,DEC00444,,supplier,SUP0202,supplier_account_manager,2024-05-31,Supplier 202 (SUP0202) commits to deliver RMPO018807 by 2024-06-15 on expedited freight,507.7812,2024-06-15,expedite freight at supplier cost if >7 days late,fulfilled,2024-06-15
CMT00978,DEC00445,,supplier,SUP0185,supplier_account_manager,2024-05-31,Supplier 185 (SUP0185) confirms revised ship-to-arrive date 2024-06-11 for RMPO019536,5249.3698,2024-06-11,1% credit per week late beyond 5 days,fulfilled,2024-06-11
CMT00979,DEC00447,,supplier,SUP0179,supplier_account_manager,2024-06-01,Supplier 179 (SUP0179) confirms revised ship-to-arrive date 2024-06-20 for RMPO018984,720.0,2024-06-20,1% credit per week late beyond 5 days,breached,2024-06-23
CMT00980,DEC00444,,warehouse,W007,plant_scheduler,2024-06-01,P02 commits to deliver FG line POL0018940 (PO PO006358) to W007 by 2024-06-26,89.0,2024-06-26,service-level KPI,fulfilled,2024-06-20
CMT00981,DEC00445,,supplier,SUP0185,supplier_account_manager,2024-06-01,Supplier 185 (SUP0185) commits to deliver RMPO019536 by 2024-06-06 on expedited freight,5249.3698,2024-06-06,1% credit per week late beyond 5 days,breached,2024-06-11
CMT00982,DEC00447,,supplier,SUP0179,supplier_account_manager,2024-06-02,Supplier 179 (SUP0179) commits to deliver RMPO018984 by 2024-06-14 on expedited freight,720.0,2024-06-14,1% credit per week late beyond 5 days,breached,2024-06-23
CMT00983,DEC00445,,warehouse,W006,plant_scheduler,2024-06-02,P01 commits to deliver FG line POL0028937 (PO PO009679) to W006 by 2024-06-19,282.0,2024-06-19,service-level KPI,breached,2024-06-26
CMT00984,DEC00448,,supplier,SUP0125,supplier_account_manager,2024-06-03,Supplier 125 (SUP0125) confirms revised ship-to-arrive date 2024-06-28 for RMPO019797,4640.1025,2024-06-28,2% credit per week late beyond 3 days,fulfilled,2024-06-20
CMT00985,DEC00449,,supplier,SUP0054,supplier_account_manager,2024-06-03,Supplier 054 (SUP0054) confirms revised ship-to-arrive date 2024-06-25 for RMPO019591,82.8188,2024-06-25,2% credit per week late beyond 3 days,fulfilled,2024-06-17
CMT00986,DEC00448,,warehouse,W002,plant_scheduler,2024-06-04,P03 commits to deliver FG line POL0002116 (PO PO000708) to W002 by 2024-07-06,400.0,2024-07-06,service-level KPI,fulfilled,2024-07-02
CMT00987,DEC00449,,supplier,SUP0054,supplier_account_manager,2024-06-04,Supplier 054 (SUP0054) commits to deliver RMPO019591 by 2024-06-19 on expedited freight,82.8188,2024-06-19,2% credit per week late beyond 3 days,fulfilled,2024-06-17
CMT00988,DEC00449,,warehouse,W004,plant_scheduler,2024-06-05,P01 commits to deliver FG line POL0015493 (PO PO005208) to W004 by 2024-06-30,568.0,2024-06-30,service-level KPI,fulfilled,2024-06-22
CMT00989,DEC00451,,supplier,SUP0051,supplier_account_manager,2024-06-06,Supplier 051 (SUP0051) confirms revised ship-to-arrive date 2024-06-23 for RMPO018561,1260.6519,2024-06-23,1% credit per week late beyond 5 days,fulfilled,2024-06-23
CMT00990,DEC00453,,supplier,SUP0179,supplier_account_manager,2024-06-06,Supplier 179 (SUP0179) confirms revised ship-to-arrive date 2024-06-14 for RMPO019245,1600.0,2024-06-14,1% credit per week late beyond 5 days,fulfilled,2024-06-09
CMT00991,DEC00450,,supplier,SUP0185,supplier_account_manager,2024-06-06,Supplier 185 (SUP0185) commits to deliver RMPO019254 by 2024-06-17 on expedited freight,2000.0,2024-06-17,1% credit per week late beyond 5 days,breached,2024-06-25
CMT00992,DEC00451,,supplier,SUP0051,supplier_account_manager,2024-06-06,Supplier 051 (SUP0051) commits to deliver RMPO018561 by 2024-06-20 on expedited freight,1260.6519,2024-06-20,1% credit per week late beyond 5 days,breached,2024-06-23
CMT00993,DEC00451,,warehouse,W004,plant_scheduler,2024-06-07,P01 commits to deliver FG line POL0020618 (PO PO006925) to W004 by 2024-06-28,142.0,2024-06-28,service-level KPI,renegotiated,2024-06-14
CMT00994,DEC00453,,supplier,SUP0179,supplier_account_manager,2024-06-07,Supplier 179 (SUP0179) commits to deliver RMPO019245 by 2024-06-09 on expedited freight,1600.0,2024-06-09,1% credit per week late beyond 5 days,fulfilled,2024-06-09
CMT00995,DEC00450,,warehouse,W003,plant_scheduler,2024-06-07,P02 commits to deliver FG line POL0051495 (PO PO017189) to W003 by 2024-07-03,167.0,2024-07-03,service-level KPI,fulfilled,2024-07-03
CMT00996,DEC00454,,plant,P03,plant_scheduler,2024-06-11,P03 commits to ship 340.5 kg of RM0116 to arrive at P04 by 2024-06-13,340.5066,2024-06-13,internal,breached,2024-06-15
CMT00997,DEC00455,,supplier,SUP0238,supplier_account_manager,2024-06-12,Supplier 238 (SUP0238) confirms revised ship-to-arrive date 2024-07-02 for RMPO019038,150.0,2024-07-02,2% credit per week late beyond 3 days,fulfilled,2024-07-02
CMT00998,DEC00456,,supplier,SUP0185,supplier_account_manager,2024-06-13,Supplier 185 (SUP0185) confirms revised ship-to-arrive date 2024-07-07 for RMPO020313,8632.6285,2024-07-07,1% credit per week late beyond 5 days,fulfilled,2024-07-07
CMT00999,DEC00456,,supplier,SUP0185,supplier_account_manager,2024-06-14,Supplier 185 (SUP0185) commits to deliver RMPO020313 by 2024-06-29 on expedited freight,8632.6285,2024-06-29,1% credit per week late beyond 5 days,breached,2024-07-07
CMT01000,DEC00456,,warehouse,W007,plant_scheduler,2024-06-15,P03 commits to deliver FG line POL0003543 (PO PO001182) to W007 by 2024-07-17,527.0,2024-07-17,service-level KPI,fulfilled,2024-07-17
CMT01001,,,supplier,SUP0179,supplier_account_manager,2024-06-18,Supplier 179 (SUP0179) order confirmation: RMPO020486 to arrive by 2024-07-17,180.0,2024-07-17,1% credit per week late beyond 5 days,renegotiated,2024-07-06
CMT01002,DEC00458,,supplier,SUP0185,supplier_account_manager,2024-06-19,Supplier 185 (SUP0185) confirms revised ship-to-arrive date 2024-07-08 for RMPO020314,6926.5691,2024-07-08,1% credit per week late beyond 5 days,fulfilled,2024-06-30
CMT01003,DEC00459,,supplier,SUP0129,supplier_account_manager,2024-06-20,Supplier 129 (SUP0129) confirms revised ship-to-arrive date 2024-07-24 for RMPO019061,3503.0332,2024-07-24,none,fulfilled,2024-07-17
CMT01004,DEC00458,,supplier,SUP0185,supplier_account_manager,2024-06-20,Supplier 185 (SUP0185) commits to deliver RMPO020314 by 2024-07-04 on expedited freight,6926.5691,2024-07-04,1% credit per week late beyond 5 days,fulfilled,2024-06-30
CMT01005,DEC00458,,warehouse,W012,plant_scheduler,2024-06-21,P04 commits to deliver FG line POL0033547 (PO PO011213) to W012 by 2024-07-13,449.0,2024-07-13,service-level KPI,fulfilled,2024-07-06
CMT01006,DEC00459,,warehouse,W002,plant_scheduler,2024-06-22,P05 commits to deliver FG line POL0038938 (PO PO012997) to W002 by 2024-07-31,177.0,2024-07-31,service-level KPI,fulfilled,2024-07-25
CMT01007,,NEG0030,supplier,SUP0089,category_manager,2024-06-22,"We commit to purchase at least 238,780 units from Supplier 089 (SUP0089) under CT00093 by 2025-06-30",238780.0,2025-06-30,volume shortfall invoiced at 5% of unpurchased value,fulfilled,2025-06-30
CMT01008,,NEG0030,supplier,SUP0089,supplier_account_manager,2024-06-22,Supplier 089 (SUP0089) commits to hold contract prices under CT00093 until 2025-06-30,,2025-06-30,none,fulfilled,2025-06-30
CMT01009,DEC00460,,supplier,SUP0185,supplier_account_manager,2024-06-22,Supplier 185 (SUP0185) commits to deliver RMPO020248 by 2024-07-02 on expedited freight,2128.6342,2024-07-02,1% credit per week late beyond 5 days,breached,2024-07-06
CMT01010,DEC00461,,supplier,SUP0010,supplier_account_manager,2024-06-23,Supplier 010 (SUP0010) commits to deliver RMPO018799 by 2024-07-04 on expedited freight,3607.2215,2024-07-04,expedite freight at supplier cost if >7 days late,breached,2024-07-07
CMT01011,DEC00461,,supplier,SUP0010,supplier_account_manager,2024-06-23,Supplier 010 (SUP0010) confirms revised ship-to-arrive date 2024-07-07 for RMPO018799,3607.2215,2024-07-07,expedite freight at supplier cost if >7 days late,fulfilled,2024-07-07
CMT01012,DEC00460,,warehouse,W004,plant_scheduler,2024-06-23,P05 commits to deliver FG line POL0026484 (PO PO008880) to W004 by 2024-07-15,209.0,2024-07-15,service-level KPI,renegotiated,2024-06-29
CMT01013,DEC00462,,supplier,SUP0095,supplier_account_manager,2024-06-24,Supplier 095 (SUP0095) commits to deliver RMPO020131 by 2024-07-10 on expedited freight,2894.6471,2024-07-10,none,breached,2024-07-13
CMT01014,DEC00462,,supplier,SUP0095,supplier_account_manager,2024-06-24,Supplier 095 (SUP0095) confirms revised ship-to-arrive date 2024-07-15 for RMPO020131,2894.6471,2024-07-15,none,fulfilled,2024-07-13
CMT01015,DEC00461,,warehouse,W010,plant_scheduler,2024-06-24,P04 commits to deliver FG line POL0053042 (PO PO017703) to W010 by 2024-07-13,515.0,2024-07-13,service-level KPI,renegotiated,2024-06-29
CMT01016,DEC00462,,warehouse,W009,plant_scheduler,2024-06-25,P02 commits to deliver FG line POL0018552 (PO PO006233) to W009 by 2024-07-23,34.0,2024-07-23,service-level KPI,breached,2024-07-25
CMT01017,,NEG0029,supplier,SUP0063,category_manager,2024-06-28,We commit to purchase at least 570 units from Supplier 063 (SUP0063) under CT00071 by 2025-06-30,570.0,2025-06-30,volume shortfall invoiced at 5% of unpurchased value,fulfilled,2025-06-30
CMT01018,,NEG0029,supplier,SUP0063,supplier_account_manager,2024-06-28,Supplier 063 (SUP0063) commits to hold contract prices under CT00071 until 2025-06-30,,2025-06-30,2% credit per week late beyond 3 days,fulfilled,2025-06-30
CMT01019,DEC00463,,supplier,SUP0101,supplier_account_manager,2024-06-28,Supplier 101 (SUP0101) commits to deliver replacement order RMPO020809 by 2024-07-09,822.6152,2024-07-09,1% credit per week late beyond 5 days,renegotiated,2024-06-29
CMT01020,DEC00464,,supplier,SUP0129,supplier_account_manager,2024-06-29,Supplier 129 (SUP0129) confirms revised ship-to-arrive date 2024-07-08 for RMPO019179,38.0,2024-07-08,none,fulfilled,2024-07-08
CMT01021,DEC00463,,warehouse,W009,plant_scheduler,2024-06-29,P02 commits to deliver FG line POL0001889 (PO PO000632) to W009 by 2024-08-06,217.0,2024-08-06,service-level KPI,fulfilled,2024-08-01
CMT01022,DEC00465,,supplier,SUP0047,supplier_account_manager,2024-06-30,Supplier 047 (SUP0047) confirms revised ship-to-arrive date 2024-07-25 for RMPO019586,500.0,2024-07-25,none,fulfilled,2024-07-19
CMT01023,DEC00465,,supplier,SUP0047,supplier_account_manager,2024-07-01,Supplier 047 (SUP0047) commits to deliver RMPO019586 by 2024-07-17 on expedited freight,500.0,2024-07-17,none,breached,2024-07-19
CMT01024,DEC00465,,warehouse,W001,plant_scheduler,2024-07-02,P03 commits to deliver FG line POL0045427 (PO PO015140) to W001 by 2024-08-04,228.0,2024-08-04,service-level KPI,fulfilled,2024-07-29
CMT01025,,,supplier,SUP0179,supplier_account_manager,2024-07-02,Supplier 179 (SUP0179) order confirmation: RMPO020998 to arrive by 2024-07-31,6.0,2024-07-31,1% credit per week late beyond 5 days,fulfilled,2024-07-31
CMT01026,DEC00466,,supplier,SUP0202,supplier_account_manager,2024-07-03,Supplier 202 (SUP0202) confirms revised ship-to-arrive date 2024-07-30 for RMPO020267,470.5899,2024-07-30,2% credit per week late beyond 3 days,fulfilled,2024-07-22
CMT01027,DEC00466,,supplier,SUP0202,supplier_account_manager,2024-07-04,Supplier 202 (SUP0202) commits to deliver RMPO020267 by 2024-07-22 on expedited freight,470.5899,2024-07-22,2% credit per week late beyond 3 days,fulfilled,2024-07-22
CMT01028,DEC00466,,warehouse,W010,plant_scheduler,2024-07-05,P03 commits to deliver FG line POL0005815 (PO PO001966) to W010 by 2024-08-04,85.0,2024-08-04,service-level KPI,fulfilled,2024-07-31
CMT01029,DEC00467,,supplier,SUP0240,supplier_account_manager,2024-07-09,Supplier 240 (SUP0240) confirms revised ship-to-arrive date 2024-08-08 for RMPO021069,200.0,2024-08-08,2% credit per week late beyond 3 days,fulfilled,2024-08-03
CMT01030,DEC00468,,supplier,SUP0136,supplier_account_manager,2024-07-09,Supplier 136 (SUP0136) confirms revised ship-to-arrive date 2024-08-01 for RMPO019680,386.63,2024-08-01,2% credit per week late beyond 3 days,fulfilled,2024-07-26
CMT01031,DEC00467,,supplier,SUP0240,supplier_account_manager,2024-07-10,Supplier 240 (SUP0240) commits to deliver RMPO021069 by 2024-08-03 on expedited freight,200.0,2024-08-03,2% credit per week late beyond 3 days,fulfilled,2024-08-03
CMT01032,DEC00468,,supplier,SUP0136,supplier_account_manager,2024-07-10,Supplier 136 (SUP0136) commits to deliver RMPO019680 by 2024-07-28 on expedited freight,386.63,2024-07-28,2% credit per week late beyond 3 days,fulfilled,2024-07-26
CMT01033,DEC00467,,warehouse,W008,plant_scheduler,2024-07-11,P01 commits to deliver FG line POL0049986 (PO PO016681) to W008 by 2024-08-14,195.0,2024-08-14,service-level KPI,fulfilled,2024-08-10
CMT01034,DEC00468,,warehouse,W005,plant_scheduler,2024-07-11,P02 commits to deliver FG line POL0029573 (PO PO009882) to W005 by 2024-08-08,373.0,2024-08-08,service-level KPI,fulfilled,2024-08-02
CMT01035,DEC00469,,supplier,SUP0179,supplier_account_manager,2024-07-12,Supplier 179 (SUP0179) commits to deliver RMPO020487 by 2024-07-23 on expedited freight,3541.0075,2024-07-23,1% credit per week late beyond 5 days,breached,2024-07-31
CMT01036,DEC00469,,supplier,SUP0179,supplier_account_manager,2024-07-12,Supplier 179 (SUP0179) confirms revised ship-to-arrive date 2024-07-31 for RMPO020487,3541.0075,2024-07-31,1% credit per week late beyond 5 days,fulfilled,2024-07-31
CMT01037,DEC00469,,warehouse,W007,plant_scheduler,2024-07-13,P04 commits to deliver FG line POL0006987 (PO PO002368) to W007 by 2024-08-04,39.0,2024-08-04,service-level KPI,renegotiated,2024-07-28
CMT01038,DEC00413,NEG0028,supplier,SUP0185,supplier_account_manager,2024-07-18,Supplier 185 (SUP0185) commits to hold RM0043 at the negotiated price until 2025-03-31,,2025-03-31,1% credit per week late beyond 5 days,breached,2025-02-19
CMT01039,DEC00471,,supplier,SUP0054,supplier_account_manager,2024-07-20,Supplier 054 (SUP0054) commits to deliver replacement order RMPO021608 by 2024-07-30,200.0,2024-07-30,2% credit per week late beyond 3 days,renegotiated,2024-07-21
CMT01040,DEC00473,,supplier,SUP0028,supplier_account_manager,2024-07-20,Supplier 028 (SUP0028) confirms revised ship-to-arrive date 2024-08-06 for RMPO019825,917.8368,2024-08-06,expedite freight at supplier cost if >7 days late,fulfilled,2024-08-06
CMT01041,DEC00471,,warehouse,W008,plant_scheduler,2024-07-21,P02 commits to deliver FG line POL0006770 (PO PO002294) to W008 by 2024-08-24,509.0,2024-08-24,service-level KPI,fulfilled,2024-08-18
CMT01042,DEC00474,,supplier,SUP0185,supplier_account_manager,2024-07-21,Supplier 185 (SUP0185) commits to deliver RMPO021604 by 2024-07-27 on expedited freight,15381.7238,2024-07-27,1% credit per week late beyond 5 days,breached,2024-08-01
CMT01043,DEC00474,,supplier,SUP0185,supplier_account_manager,2024-07-21,Supplier 185 (SUP0185) confirms revised ship-to-arrive date 2024-08-01 for RMPO021604,15381.7238,2024-08-01,1% credit per week late beyond 5 days,fulfilled,2024-08-01
CMT01044,DEC00473,,warehouse,W007,plant_scheduler,2024-07-22,P03 commits to deliver FG line POL0052537 (PO PO017541) to W007 by 2024-08-14,367.0,2024-08-14,service-level KPI,breached,2024-08-15
CMT01045,DEC00474,,warehouse,W007,plant_scheduler,2024-07-22,P02 commits to deliver FG line POL0044550 (PO PO014854) to W007 by 2024-08-06,520.0,2024-08-06,service-level KPI,renegotiated,2024-07-27
CMT01046,,,supplier,SUP0179,supplier_account_manager,2024-07-23,Supplier 179 (SUP0179) order confirmation: RMPO021776 to arrive by 2024-08-24,600.0,2024-08-24,1% credit per week late beyond 5 days,fulfilled,2024-08-24
CMT01047,,NEG0031,supplier,SUP0182,category_manager,2024-07-24,"We commit to purchase at least 34,570 units from Supplier 182 (SUP0182) under CT00213 by 2026-07-31",34570.0,2026-07-31,volume shortfall invoiced at 5% of unpurchased value,open,
CMT01048,,NEG0031,supplier,SUP0182,supplier_account_manager,2024-07-24,Supplier 182 (SUP0182) commits to hold contract prices under CT00213 until 2026-07-31,,2026-07-31,none,open,
CMT01049,,NEG0032,supplier,SUP0206,category_manager,2024-07-27,We commit to purchase at least 920 units from Supplier 206 (SUP0206) under CT00247 by 2025-07-31,920.0,2025-07-31,volume shortfall invoiced at 5% of unpurchased value,fulfilled,2025-07-31
CMT01050,,NEG0032,supplier,SUP0206,supplier_account_manager,2024-07-27,Supplier 206 (SUP0206) commits to hold contract prices under CT00247 until 2025-07-31,,2025-07-31,expedite freight at supplier cost if >7 days late,fulfilled,2025-07-31
CMT01051,DEC00475,,supplier,SUP0138,supplier_account_manager,2024-07-27,Supplier 138 (SUP0138) commits to deliver RMPO019793 by 2024-08-07 on expedited freight,1028.9038,2024-08-07,"0.5% credit per day late, capped at 10%",breached,2024-08-08
CMT01052,DEC00475,,supplier,SUP0138,supplier_account_manager,2024-07-27,Supplier 138 (SUP0138) confirms revised ship-to-arrive date 2024-08-12 for RMPO019793,1028.9038,2024-08-12,"0.5% credit per day late, capped at 10%",fulfilled,2024-08-08
CMT01053,DEC00475,,warehouse,W009,plant_scheduler,2024-07-28,P01 commits to deliver FG line POL0010192 (PO PO003431) to W009 by 2024-08-19,566.0,2024-08-19,service-level KPI,fulfilled,2024-08-16
CMT01054,,,supplier,SUP0179,supplier_account_manager,2024-07-30,Supplier 179 (SUP0179) order confirmation: RMPO022019 to arrive by 2024-08-26,400.0,2024-08-26,1% credit per week late beyond 5 days,fulfilled,2024-08-25
CMT01055,DEC00476,,supplier,SUP0185,supplier_account_manager,2024-07-30,Supplier 185 (SUP0185) commits to deliver RMPO021847 by 2024-08-14 on expedited freight,4116.4801,2024-08-14,1% credit per week late beyond 5 days,fulfilled,2024-08-10
CMT01056,DEC00476,,supplier,SUP0185,supplier_account_manager,2024-07-30,Supplier 185 (SUP0185) confirms revised ship-to-arrive date 2024-08-17 for RMPO021847,4116.4801,2024-08-17,1% credit per week late beyond 5 days,fulfilled,2024-08-10
CMT01057,DEC00477,,supplier,SUP0054,supplier_account_manager,2024-07-31,Supplier 054 (SUP0054) commits to deliver replacement order RMPO022087 by 2024-08-09,25.0,2024-08-09,2% credit per week late beyond 3 days,renegotiated,2024-08-01
CMT01058,DEC00476,,warehouse,W006,plant_scheduler,2024-07-31,P04 commits to deliver FG line POL0040523 (PO PO013525) to W006 by 2024-08-23,428.0,2024-08-23,service-level KPI,fulfilled,2024-08-17
CMT01059,DEC00477,,warehouse,W001,plant_scheduler,2024-08-01,P02 commits to deliver FG line POL0042002 (PO PO014016) to W001 by 2024-08-29,531.0,2024-08-29,service-level KPI,fulfilled,2024-08-25
CMT01060,DEC00480,,supplier,SUP0033,supplier_account_manager,2024-08-03,Supplier 033 (SUP0033) confirms revised ship-to-arrive date 2024-08-25 for RMPO020549,57.4184,2024-08-25,none,fulfilled,2024-08-25
CMT01061,DEC00478,,supplier,SUP0185,supplier_account_manager,2024-08-03,Supplier 185 (SUP0185) commits to deliver RMPO022089 by 2024-08-27 on expedited freight,8974.325,2024-08-27,1% credit per week late beyond 5 days,breached,2024-08-28
CMT01062,DEC00480,,supplier,SUP0033,supplier_account_manager,2024-08-04,Supplier 033 (SUP0033) commits to deliver RMPO020549 by 2024-08-19 on expedited freight,57.4184,2024-08-19,none,breached,2024-08-25
CMT01063,DEC00479,,supplier,SUP0054,supplier_account_manager,2024-08-04,Supplier 054 (SUP0054) commits to deliver RMPO021852 by 2024-08-19 on expedited freight,279.2698,2024-08-19,2% credit per week late beyond 3 days,breached,2024-08-20
CMT01064,DEC00478,,warehouse,W007,plant_scheduler,2024-08-04,P01 commits to deliver FG line POL0019943 (PO PO006695) to W007 by 2024-09-09,43.0,2024-09-09,service-level KPI,fulfilled,2024-09-07
CMT01065,DEC00480,,warehouse,W012,plant_scheduler,2024-08-05,P04 commits to deliver FG line POL0044444 (PO PO014822) to W012 by 2024-08-28,506.0,2024-08-28,service-level KPI,fulfilled,2024-08-28
CMT01066,DEC00479,,warehouse,W010,plant_scheduler,2024-08-05,P05 commits to deliver FG line POL0038566 (PO PO012872) to W010 by 2024-08-30,443.0,2024-08-30,service-level KPI,fulfilled,2024-08-28
CMT01067,DEC00482,,supplier,SUP0129,supplier_account_manager,2024-08-06,Supplier 129 (SUP0129) commits to deliver RMPO020553 by 2024-08-14 on expedited freight,4498.6386,2024-08-14,none,breached,2024-08-17
CMT01068,DEC00482,,supplier,SUP0129,supplier_account_manager,2024-08-06,Supplier 129 (SUP0129) confirms revised ship-to-arrive date 2024-08-19 for RMPO020553,4498.6386,2024-08-19,none,fulfilled,2024-08-17
CMT01069,DEC00481,,supplier,SUP0136,supplier_account_manager,2024-08-06,Supplier 136 (SUP0136) commits to deliver RMPO020442 by 2024-08-31 on expedited freight,150.0,2024-08-31,2% credit per week late beyond 3 days,breached,2024-09-01
CMT01070,DEC00481,,supplier,SUP0136,supplier_account_manager,2024-08-06,Supplier 136 (SUP0136) confirms revised ship-to-arrive date 2024-09-08 for RMPO020442,150.0,2024-09-08,2% credit per week late beyond 3 days,fulfilled,2024-09-01
CMT01071,DEC00482,,warehouse,W007,plant_scheduler,2024-08-07,P01 commits to deliver FG line POL0032086 (PO PO010721) to W007 by 2024-08-26,543.0,2024-08-26,service-level KPI,renegotiated,2024-08-13
CMT01072,DEC00481,,warehouse,W008,plant_scheduler,2024-08-07,P04 commits to deliver FG line POL0010854 (PO PO003654) to W008 by 2024-09-14,350.0,2024-09-14,service-level KPI,fulfilled,2024-09-07
CMT01073,DEC00484,,supplier,SUP0185,supplier_account_manager,2024-08-09,Supplier 185 (SUP0185) commits to deliver RMPO022265 by 2024-08-29 on expedited freight,7243.4934,2024-08-29,1% credit per week late beyond 5 days,breached,2024-09-01
CMT01074,DEC00484,,supplier,SUP0185,supplier_account_manager,2024-08-09,Supplier 185 (SUP0185) confirms revised ship-to-arrive date 2024-09-06 for RMPO022265,7243.4934,2024-09-06,1% credit per week late beyond 5 days,fulfilled,2024-09-01
CMT01075,DEC00484,,warehouse,W006,plant_scheduler,2024-08-10,P05 commits to deliver FG line POL0013906 (PO PO004662) to W006 by 2024-09-16,372.0,2024-09-16,service-level KPI,fulfilled,2024-09-11
CMT01076,DEC00485,,supplier,SUP0202,supplier_account_manager,2024-08-15,Supplier 202 (SUP0202) commits to deliver RMPO021848 by 2024-08-27 on expedited freight,225.0723,2024-08-27,2% credit per week late beyond 3 days,breached,2024-09-02
CMT01077,DEC00487,,supplier,SUP0175,supplier_account_manager,2024-08-16,Supplier 175 (SUP0175) commits to deliver replacement order RMPO022587 by 2024-08-21,477.3336,2024-08-21,1% credit per week late beyond 5 days,fulfilled,2024-08-21
CMT01078,DEC00485,,warehouse,W006,plant_scheduler,2024-08-16,P04 commits to deliver FG line POL0007897 (PO PO002659) to W006 by 2024-09-04,372.0,2024-09-04,service-level KPI,fulfilled,2024-09-04
CMT01079,DEC00486,,supplier,SUP0241,supplier_account_manager,2024-08-16,Supplier 241 (SUP0241) commits to deliver RMPO022094 by 2024-08-23 on expedited freight,562.6485,2024-08-23,1% credit per week late beyond 5 days,breached,2024-09-05
CMT01080,DEC00488,,supplier,SUP0123,supplier_account_manager,2024-08-17,Supplier 123 (SUP0123) confirms revised ship-to-arrive date 2024-08-24 for RMPO021713,12000.0,2024-08-24,expedite freight at supplier cost if >7 days late,fulfilled,2024-08-24
CMT01081,DEC00486,,warehouse,W005,plant_scheduler,2024-08-17,P02 commits to deliver FG line POL0009565 (PO PO003214) to W005 by 2024-09-06,353.0,2024-09-06,service-level KPI,renegotiated,2024-08-26
CMT01082,DEC00489,,supplier,SUP0164,supplier_account_manager,2024-08-20,Supplier 164 (SUP0164) confirms revised ship-to-arrive date 2024-09-02 for RMPO020984,1027.8858,2024-09-02,"0.5% credit per day late, capped at 10%",breached,2024-09-05
CMT01083,,NEG0033,supplier,SUP0039,category_manager,2024-08-21,"We commit to purchase at least 107,450 units from Supplier 039 (SUP0039) under CT00041 by 2025-08-31",107450.0,2025-08-31,volume shortfall invoiced at 5% of unpurchased value,fulfilled,2025-08-31
CMT01084,,NEG0033,supplier,SUP0039,supplier_account_manager,2024-08-21,Supplier 039 (SUP0039) commits to hold contract prices under CT00041 until 2025-08-31,,2025-08-31,expedite freight at supplier cost if >7 days late,breached,2025-01-01
CMT01085,,NEG0036,supplier,SUP0239,category_manager,2024-08-21,"We commit to purchase at least 1,890 units from Supplier 239 (SUP0239) under CT00299 by 2025-08-31",1890.0,2025-08-31,volume shortfall invoiced at 5% of unpurchased value,fulfilled,2025-08-31
CMT01086,,NEG0036,supplier,SUP0239,supplier_account_manager,2024-08-21,Supplier 239 (SUP0239) commits to hold contract prices under CT00299 until 2025-08-31,,2025-08-31,none,fulfilled,2025-08-31
CMT01087,DEC00489,,supplier,SUP0164,supplier_account_manager,2024-08-21,Supplier 164 (SUP0164) commits to deliver RMPO020984 by 2024-08-25 on expedited freight,1027.8858,2024-08-25,"0.5% credit per day late, capped at 10%",breached,2024-09-05
CMT01088,DEC00489,,warehouse,W012,plant_scheduler,2024-08-22,P02 commits to deliver FG line POL0045519 (PO PO015171) to W012 by 2024-09-08,83.0,2024-09-08,service-level KPI,renegotiated,2024-08-30
CMT01089,DEC00492,,supplier,SUP0122,supplier_account_manager,2024-08-25,Supplier 122 (SUP0122) confirms revised ship-to-arrive date 2024-08-29 for RMPO021465,150.0,2024-08-29,1% credit per week late beyond 5 days,fulfilled,2024-08-29
CMT01090,DEC00491,,supplier,SUP0054,supplier_account_manager,2024-08-25,Supplier 054 (SUP0054) commits to deliver replacement order RMPO022862 by 2024-09-04,200.0,2024-09-04,2% credit per week late beyond 3 days,renegotiated,2024-08-26
CMT01091,DEC00491,,warehouse,W003,plant_scheduler,2024-08-26,P03 commits to deliver FG line POL0042655 (PO PO014237) to W003 by 2024-09-28,317.0,2024-09-28,service-level KPI,fulfilled,2024-09-23
CMT01092,,,supplier,SUP0179,supplier_account_manager,2024-08-27,Supplier 179 (SUP0179) order confirmation: RMPO023027 to arrive by 2024-09-24,1000.0,2024-09-24,1% credit per week late beyond 5 days,renegotiated,2024-09-18
CMT01093,,NEG0034,supplier,SUP0208,category_manager,2024-08-29,"We commit to purchase at least 8,130 units from Supplier 208 (SUP0208) under CT00250 by 2025-08-31",8130.0,2025-08-31,volume shortfall invoiced at 5% of unpurchased value,fulfilled,2025-08-31
CMT01094,,NEG0034,supplier,SUP0208,supplier_account_manager,2024-08-29,Supplier 208 (SUP0208) commits to hold contract prices under CT00250 until 2025-08-31,,2025-08-31,"0.5% credit per day late, capped at 10%",breached,2025-01-01
CMT01095,,NEG0035,supplier,SUP0179,category_manager,2024-08-30,"We commit to purchase at least 298,460 units from Supplier 179 (SUP0179) under CT00207 by 2026-08-31",298460.0,2026-08-31,volume shortfall invoiced at 5% of unpurchased value,open,
CMT01096,,NEG0035,supplier,SUP0179,supplier_account_manager,2024-08-30,Supplier 179 (SUP0179) commits to hold contract prices under CT00207 until 2026-08-31,,2026-08-31,2% credit per week late beyond 3 days,breached,2025-01-01
CMT01097,DEC00493,,supplier,SUP0185,supplier_account_manager,2024-08-30,Supplier 185 (SUP0185) confirms revised ship-to-arrive date 2024-09-14 for RMPO022860,4207.5465,2024-09-14,1% credit per week late beyond 5 days,fulfilled,2024-09-14
CMT01098,DEC00493,,supplier,SUP0185,supplier_account_manager,2024-08-31,Supplier 185 (SUP0185) commits to deliver RMPO022860 by 2024-09-07 on expedited freight,4207.5465,2024-09-07,1% credit per week late beyond 5 days,breached,2024-09-14
CMT01099,DEC00494,,supplier,SUP0241,supplier_account_manager,2024-09-01,Supplier 241 (SUP0241) confirms revised ship-to-arrive date 2024-09-17 for RMPO022849,363.5308,2024-09-17,1% credit per week late beyond 5 days,fulfilled,2024-09-17
CMT01100,DEC00493,,warehouse,W005,plant_scheduler,2024-09-01,P03 commits to deliver FG line POL0005302 (PO PO001790) to W005 by 2024-09-20,106.0,2024-09-20,service-level KPI,breached,2024-09-21
CMT01101,DEC00494,,warehouse,W005,plant_scheduler,2024-09-02,P05 commits to deliver FG line POL0037013 (PO PO012363) to W005 by 2024-09-21,59.0,2024-09-21,service-level KPI,breached,2024-09-24
CMT01102,DEC00495,,supplier,SUP0185,supplier_account_manager,2024-09-02,Supplier 185 (SUP0185) confirms revised ship-to-arrive date 2024-09-23 for RMPO023099,15755.91,2024-09-23,1% credit per week late beyond 5 days,fulfilled,2024-09-23
CMT01103,DEC00495,,supplier,SUP0185,supplier_account_manager,2024-09-03,Supplier 185 (SUP0185) commits to deliver RMPO023099 by 2024-09-19 on expedited freight,15755.91,2024-09-19,1% credit per week late beyond 5 days,breached,2024-09-23
CMT01104,DEC00495,,warehouse,W009,plant_scheduler,2024-09-04,P02 commits to deliver FG line POL0028755 (PO PO009621) to W009 by 2024-10-01,287.0,2024-10-01,service-level KPI,breached,2024-10-02
CMT01105,DEC00497,,supplier,SUP0054,supplier_account_manager,2024-09-05,Supplier 054 (SUP0054) confirms revised ship-to-arrive date 2024-09-20 for RMPO023392,107.1467,2024-09-20,2% credit per week late beyond 3 days,renegotiated,2024-09-09
CMT01106,DEC00497,,warehouse,W005,plant_scheduler,2024-09-07,P05 commits to deliver FG line POL0033637 (PO PO011241) to W005 by 2024-09-23,375.0,2024-09-23,service-level KPI,renegotiated,2024-09-09
CMT01107,DEC00499,,supplier,SUP0010,supplier_account_manager,2024-09-11,Supplier 010 (SUP0010) confirms revised ship-to-arrive date 2024-09-21 for RMPO021371,17.0,2024-09-21,expedite freight at supplier cost if >7 days late,fulfilled,2024-09-21
CMT01108,DEC00501,,supplier,SUP0179,supplier_account_manager,2024-09-17,Supplier 179 (SUP0179) commits to deliver RMPO023030 by 2024-10-08 on expedited freight,180.0,2024-10-08,2% credit per week late beyond 3 days,fulfilled,2024-10-08
CMT01109,DEC00501,,supplier,SUP0179,supplier_account_manager,2024-09-17,Supplier 179 (SUP0179) confirms revised ship-to-arrive date 2024-10-14 for RMPO023030,180.0,2024-10-14,2% credit per week late beyond 3 days,fulfilled,2024-10-08
CMT01110,DEC00502,,supplier,SUP0228,supplier_account_manager,2024-09-18,Supplier 228 (SUP0228) confirms revised ship-to-arrive date 2024-10-16 for RMPO022564,57.1351,2024-10-16,expedite freight at supplier cost if >7 days late,fulfilled,2024-10-14
CMT01111,DEC00502,,supplier,SUP0228,supplier_account_manager,2024-09-19,Supplier 228 (SUP0228) commits to deliver RMPO022564 by 2024-10-12 on expedited freight,57.1351,2024-10-12,expedite freight at supplier cost if >7 days late,breached,2024-10-14
CMT01112,DEC00502,,warehouse,W002,plant_scheduler,2024-09-20,P01 commits to deliver FG line POL0017600 (PO PO005906) to W002 by 2024-10-24,424.0,2024-10-24,service-level KPI,fulfilled,2024-10-24
CMT01113,,NEG0037,supplier,SUP0217,category_manager,2024-09-23,"We commit to purchase at least 87,390 units from Supplier 217 (SUP0217) under CT00265 by 2025-09-30",87390.0,2025-09-30,volume shortfall invoiced at 5% of unpurchased value,fulfilled,2025-09-30
CMT01114,,NEG0037,supplier,SUP0217,supplier_account_manager,2024-09-23,Supplier 217 (SUP0217) commits to hold contract prices under CT00265 until 2025-09-30,,2025-09-30,none,fulfilled,2025-09-30
CMT01115,DEC00503,,supplier,SUP0185,supplier_account_manager,2024-09-23,Supplier 185 (SUP0185) commits to deliver RMPO023937 by 2024-10-17 on expedited freight,4976.6554,2024-10-17,1% credit per week late beyond 5 days,breached,2024-10-18
CMT01116,DEC00503,,supplier,SUP0185,supplier_account_manager,2024-09-23,Supplier 185 (SUP0185) confirms revised ship-to-arrive date 2024-10-24 for RMPO023937,4976.6554,2024-10-24,1% credit per week late beyond 5 days,fulfilled,2024-10-18
CMT01117,,,supplier,SUP0179,supplier_account_manager,2024-09-24,Supplier 179 (SUP0179) order confirmation: RMPO024138 to arrive by 2024-10-23,500.0,2024-10-23,2% credit per week late beyond 3 days,fulfilled,2024-10-23
CMT01118,DEC00503,,warehouse,W009,plant_scheduler,2024-09-24,P05 commits to deliver FG line POL0006819 (PO PO002309) to W009 by 2024-11-01,143.0,2024-11-01,service-level KPI,fulfilled,2024-10-26
CMT01119,DEC00504,,supplier,SUP0138,supplier_account_manager,2024-09-27,Supplier 138 (SUP0138) commits to deliver RMPO022320 by 2024-10-20 on expedited freight,1331.9743,2024-10-20,"0.5% credit per day late, capped at 10%",breached,2024-10-21
CMT01120,DEC00504,,supplier,SUP0138,supplier_account_manager,2024-09-27,Supplier 138 (SUP0138) confirms revised ship-to-arrive date 2024-10-25 for RMPO022320,1331.9743,2024-10-25,"0.5% credit per day late, capped at 10%",fulfilled,2024-10-21
CMT01121,DEC00505,,supplier,SUP0241,supplier_account_manager,2024-09-27,Supplier 241 (SUP0241) commits to deliver RMPO023696 by 2024-10-02 on expedited freight,366.7245,2024-10-02,1% credit per week late beyond 5 days,breached,2024-10-13
CMT01122,DEC00505,,supplier,SUP0241,supplier_account_manager,2024-09-27,Supplier 241 (SUP0241) confirms revised ship-to-arrive date 2024-10-08 for RMPO023696,366.7245,2024-10-08,1% credit per week late beyond 5 days,breached,2024-10-13
CMT01123,DEC00504,,warehouse,W007,plant_scheduler,2024-09-28,P01 commits to deliver FG line POL0012599 (PO PO004232) to W007 by 2024-11-04,375.0,2024-11-04,service-level KPI,fulfilled,2024-10-31
CMT01124,DEC00505,,warehouse,W012,plant_scheduler,2024-09-28,P04 commits to deliver FG line POL0000779 (PO PO000260) to W012 by 2024-10-11,470.0,2024-10-11,service-level KPI,breached,2024-10-21
CMT01125,DEC00506,,supplier,SUP0054,supplier_account_manager,2024-09-28,Supplier 054 (SUP0054) commits to deliver replacement order RMPO024200 by 2024-10-08,200.0,2024-10-08,2% credit per week late beyond 3 days,renegotiated,2024-09-29
CMT01126,DEC00506,,warehouse,W002,plant_scheduler,2024-09-29,P02 commits to deliver FG line POL0034109 (PO PO011396) to W002 by 2024-10-26,203.0,2024-10-26,service-level KPI,fulfilled,2024-10-21
CMT01127,,,supplier,SUP0179,supplier_account_manager,2024-10-01,Supplier 179 (SUP0179) order confirmation: RMPO024401 to arrive by 2024-11-03,1000.0,2024-11-03,2% credit per week late beyond 3 days,fulfilled,2024-11-03
CMT01128,DEC00507,,supplier,SUP0033,supplier_account_manager,2024-10-04,Supplier 033 (SUP0033) confirms revised ship-to-arrive date 2024-10-15 for RMPO022589,51.9918,2024-10-15,none,breached,2024-10-20
CMT01129,DEC00507,,supplier,SUP0033,supplier_account_manager,2024-10-05,Supplier 033 (SUP0033) commits to deliver RMPO022589 by 2024-10-11 on expedited freight,51.9918,2024-10-11,none,breached,2024-10-20
CMT01130,DEC00507,,warehouse,W008,plant_scheduler,2024-10-06,P05 commits to deliver FG line POL0020700 (PO PO006952) to W008 by 2024-10-24,138.0,2024-10-24,service-level KPI,renegotiated,2024-10-13
CMT01131,DEC00508,,supplier,SUP0011,supplier_account_manager,2024-10-10,Supplier 011 (SUP0011) confirms revised ship-to-arrive date 2024-10-23 for RMPO022861,7414.341,2024-10-23,1% credit per week late beyond 5 days,breached,2024-10-28
CMT01132,DEC00509,,supplier,SUP0202,supplier_account_manager,2024-10-11,Supplier 202 (SUP0202) confirms revised ship-to-arrive date 2024-11-01 for RMPO023928,362.8416,2024-11-01,2% credit per week late beyond 3 days,fulfilled,2024-10-28
CMT01133,DEC00508,,supplier,SUP0011,supplier_account_manager,2024-10-11,Supplier 011 (SUP0011) commits to deliver RMPO022861 by 2024-10-19 on expedited freight,7414.341,2024-10-19,1% credit per week late beyond 5 days,breached,2024-10-28
CMT01134,DEC00509,,supplier,SUP0202,supplier_account_manager,2024-10-12,Supplier 202 (SUP0202) commits to deliver RMPO023928 by 2024-10-26 on expedited freight,362.8416,2024-10-26,2% credit per week late beyond 3 days,breached,2024-10-28
CMT01135,DEC00508,,warehouse,W001,plant_scheduler,2024-10-12,P03 commits to deliver FG line POL0022463 (PO PO007527) to W001 by 2024-10-31,435.0,2024-10-31,service-level KPI,renegotiated,2024-10-22
CMT01136,,NEG0039,supplier,SUP0118,supplier_account_manager,2024-10-13,Supplier 118 (SUP0118) commits to deliver all Nov-Dec 2024 POs on time from reserved capacity,22838.399400000002,2024-12-31,2% credit per week late beyond 3 days,breached,2024-11-10
CMT01137,DEC00509,,warehouse,W001,plant_scheduler,2024-10-13,P02 commits to deliver FG line POL0042223 (PO PO014088) to W001 by 2024-11-05,231.0,2024-11-05,service-level KPI,fulfilled,2024-11-01
CMT01138,,,supplier,SUP0179,supplier_account_manager,2024-10-15,Supplier 179 (SUP0179) order confirmation: RMPO024983 to arrive by 2024-11-14,1200.0,2024-11-14,2% credit per week late beyond 3 days,renegotiated,2024-11-02
CMT01139,DEC00511,,supplier,SUP0185,supplier_account_manager,2024-10-15,Supplier 185 (SUP0185) confirms revised ship-to-arrive date 2024-10-26 for RMPO024792,9273.8825,2024-10-26,1% credit per week late beyond 5 days,renegotiated,2024-10-20
CMT01140,DEC00510,,supplier,SUP0241,supplier_account_manager,2024-10-16,Supplier 241 (SUP0241) commits to deliver RMPO024487 by 2024-10-26 on expedited freight,444.9268,2024-10-26,1% credit per week late beyond 5 days,breached,2024-11-05
CMT01141,DEC00510,,warehouse,W007,plant_scheduler,2024-10-17,P02 commits to deliver FG line POL0033305 (PO PO011129) to W007 by 2024-11-03,325.0,2024-11-03,service-level KPI,breached,2024-11-10
CMT01142,DEC00511,,warehouse,W002,plant_scheduler,2024-10-17,P03 commits to deliver FG line POL0013447 (PO PO004508) to W002 by 2024-11-02,343.0,2024-11-02,service-level KPI,breached,2024-11-05
CMT01143,DEC00512,,supplier,SUP0185,supplier_account_manager,2024-10-23,Supplier 185 (SUP0185) commits to deliver RMPO025064 by 2024-10-27 on expedited freight,3434.9823,2024-10-27,1% credit per week late beyond 5 days,breached,2024-11-05
CMT01144,DEC00515,,supplier,SUP0118,supplier_account_manager,2024-10-24,Supplier 118 (SUP0118) confirms revised ship-to-arrive date 2024-11-08 for RMPO023214,2443.7724,2024-11-08,2% credit per week late beyond 3 days,breached,2024-11-13
CMT01145,DEC00512,,warehouse,W005,plant_scheduler,2024-10-24,P01 commits to deliver FG line POL0008023 (PO PO002698) to W005 by 2024-11-10,350.0,2024-11-10,service-level KPI,renegotiated,2024-10-31
CMT01146,DEC00517,,supplier,SUP0138,supplier_account_manager,2024-10-25,Supplier 138 (SUP0138) confirms revised ship-to-arrive date 2024-11-12 for RMPO023549,250.0,2024-11-12,"0.5% credit per day late, capped at 10%",breached,2024-11-19
CMT01147,,NEG0038,supplier,SUP0144,category_manager,2024-10-25,We commit to purchase at least 330 units from Supplier 144 (SUP0144) under CT00163 by 2026-10-31,330.0,2026-10-31,volume shortfall invoiced at 5% of unpurchased value,open,
CMT01148,,NEG0038,supplier,SUP0144,supplier_account_manager,2024-10-25,Supplier 144 (SUP0144) commits to hold contract prices under CT00163 until 2026-10-31,,2026-10-31,"0.5% credit per day late, capped at 10%",open,
CMT01149,DEC00514,,supplier,SUP0118,supplier_account_manager,2024-10-25,Supplier 118 (SUP0118) commits to deliver RMPO023102 by 2024-11-06 on expedited freight,1474.2353,2024-11-06,2% credit per week late beyond 3 days,fulfilled,2024-11-04
CMT01150,DEC00515,,supplier,SUP0118,supplier_account_manager,2024-10-25,Supplier 118 (SUP0118) commits to deliver RMPO023214 by 2024-10-31 on expedited freight,2443.7724,2024-10-31,2% credit per week late beyond 3 days,breached,2024-11-13
CMT01151,DEC00514,,warehouse,W004,plant_scheduler,2024-10-26,P01 commits to deliver FG line POL0045064 (PO PO015025) to W004 by 2024-11-15,434.0,2024-11-15,service-level KPI,fulfilled,2024-11-09
CMT01152,DEC00515,,warehouse,W010,plant_scheduler,2024-10-26,P02 commits to deliver FG line POL0001736 (PO PO000578) to W010 by 2024-11-16,492.0,2024-11-16,service-level KPI,renegotiated,2024-11-08
CMT01153,DEC00516,,supplier,SUP0136,supplier_account_manager,2024-10-26,Supplier 136 (SUP0136) commits to deliver RMPO023539 by 2024-10-31 on expedited freight,314.8842,2024-10-31,2% credit per week late beyond 3 days,breached,2024-11-12
CMT01154,DEC00516,,supplier,SUP0136,supplier_account_manager,2024-10-26,Supplier 136 (SUP0136) confirms revised ship-to-arrive date 2024-11-05 for RMPO023539,314.8842,2024-11-05,2% credit per week late beyond 3 days,breached,2024-11-12
CMT01155,DEC00516,,warehouse,W003,plant_scheduler,2024-10-27,P01 commits to deliver FG line POL0010525 (PO PO003547) to W003 by 2024-11-11,415.0,2024-11-11,service-level KPI,renegotiated,2024-10-29
CMT01156,DEC00518,,supplier,SUP0185,supplier_account_manager,2024-10-27,Supplier 185 (SUP0185) confirms revised ship-to-arrive date 2024-11-03 for RMPO025068,5725.2305,2024-11-03,1% credit per week late beyond 5 days,renegotiated,2024-10-29
CMT01157,DEC00519,,supplier,SUP0118,supplier_account_manager,2024-10-28,Supplier 118 (SUP0118) confirms revised ship-to-arrive date 2024-11-16 for RMPO023400,1180.5238,2024-11-16,2% credit per week late beyond 3 days,breached,2024-11-22
CMT01158,DEC00518,,warehouse,W005,plant_scheduler,2024-10-28,P04 commits to deliver FG line POL0014759 (PO PO004960) to W005 by 2024-11-11,523.0,2024-11-11,service-level KPI,breached,2024-11-14
CMT01159,,,supplier,SUP0179,supplier_account_manager,2024-10-29,Supplier 179 (SUP0179) order confirmation: RMPO025532 to arrive by 2024-11-30,1200.0,2024-11-30,2% credit per week late beyond 3 days,renegotiated,2024-11-23
CMT01160,DEC00519,,supplier,SUP0118,supplier_account_manager,2024-10-29,Supplier 118 (SUP0118) commits to deliver RMPO023400 by 2024-11-12 on expedited freight,1180.5238,2024-11-12,2% credit per week late beyond 3 days,breached,2024-11-22
CMT01161,DEC00519,,warehouse,W005,plant_scheduler,2024-10-30,P03 commits to deliver FG line POL0023745 (PO PO007958) to W005 by 2024-11-23,296.0,2024-11-23,service-level KPI,renegotiated,2024-11-03
CMT01162,DEC00521,,supplier,SUP0185,supplier_account_manager,2024-10-31,Supplier 185 (SUP0185) confirms revised ship-to-arrive date 2024-11-11 for RMPO025351,23420.0662,2024-11-11,1% credit per week late beyond 5 days,breached,2024-11-16
CMT01163,DEC00521,,supplier,SUP0185,supplier_account_manager,2024-11-01,Supplier 185 (SUP0185) commits to deliver RMPO025351 by 2024-11-08 on expedited freight,23420.0662,2024-11-08,1% credit per week late beyond 5 days,breached,2024-11-16
CMT01164,DEC00521,,warehouse,W010,plant_scheduler,2024-11-02,P02 commits to deliver FG line POL0000923 (PO PO000307) to W010 by 2024-11-19,530.0,2024-11-19,service-level KPI,breached,2024-11-25
CMT01165,DEC00523,,supplier,SUP0118,supplier_account_manager,2024-11-04,Supplier 118 (SUP0118) confirms revised ship-to-arrive date 2024-11-29 for RMPO023402,416.2481,2024-11-29,2% credit per week late beyond 3 days,fulfilled,2024-11-22
CMT01166,DEC00522,,supplier,SUP0055,supplier_account_manager,2024-11-04,Supplier 055 (SUP0055) commits to deliver RMPO024850 by 2024-11-08 on expedited freight,5903.1463,2024-11-08,none,breached,2024-11-24
CMT01167,DEC00523,,supplier,SUP0118,supplier_account_manager,2024-11-05,Supplier 118 (SUP0118) commits to deliver RMPO023402 by 2024-11-21 on expedited freight,416.2481,2024-11-21,2% credit per week late beyond 3 days,breached,2024-11-22
CMT01168,DEC00522,,warehouse,W009,plant_scheduler,2024-11-05,P02 commits to deliver FG line POL0015065 (PO PO005057) to W009 by 2024-11-24,415.0,2024-11-24,service-level KPI,breached,2024-12-02
CMT01169,,,supplier,SUP0179,supplier_account_manager,2024-11-05,Supplier 179 (SUP0179) order confirmation: RMPO025819 to arrive by 2024-12-05,500.0,2024-12-05,2% credit per week late beyond 3 days,fulfilled,2024-12-05
CMT01170,DEC00523,,warehouse,W011,plant_scheduler,2024-11-06,P05 commits to deliver FG line POL0039441 (PO PO013163) to W011 by 2024-12-02,442.0,2024-12-02,service-level KPI,fulfilled,2024-11-27
CMT01171,DEC00525,,supplier,SUP0118,supplier_account_manager,2024-11-07,Supplier 118 (SUP0118) confirms revised ship-to-arrive date 2024-11-05 for RMPO022428,1650.0,2024-11-05,2% credit per week late beyond 3 days,breached,2024-11-24
CMT01172,DEC00526,,supplier,SUP0118,supplier_account_manager,2024-11-08,Supplier 118 (SUP0118) commits to deliver RMPO023506 by 2024-12-01 on expedited freight,30.0,2024-12-01,2% credit per week late beyond 3 days,breached,2024-12-04
CMT01173,DEC00526,,supplier,SUP0118,supplier_account_manager,2024-11-08,Supplier 118 (SUP0118) confirms revised ship-to-arrive date 2024-12-05 for RMPO023506,30.0,2024-12-05,2% credit per week late beyond 3 days,fulfilled,2024-12-04
CMT01174,DEC00530,,supplier,SUP0047,supplier_account_manager,2024-11-09,Supplier 047 (SUP0047) confirms revised ship-to-arrive date 2024-11-27 for RMPO024537,1.5,2024-11-27,none,fulfilled,2024-11-27
CMT01175,DEC00525,,warehouse,W002,plant_scheduler,2024-11-09,P04 commits to deliver FG line POL0024550 (PO PO008228) to W002 by 2024-11-28,551.0,2024-11-28,service-level KPI,renegotiated,2024-11-15
CMT01176,DEC00529,,supplier,SUP0185,supplier_account_manager,2024-11-09,Supplier 185 (SUP0185) confirms revised ship-to-arrive date 2024-11-21 for RMPO025892,7224.5492,2024-11-21,1% credit per week late beyond 5 days,breached,2024-11-27
CMT01177,DEC00531,,supplier,SUP0118,supplier_account_manager,2024-11-10,Supplier 118 (SUP0118) confirms revised ship-to-arrive date 2024-11-18 for RMPO023922,251.127,2024-11-18,2% credit per week late beyond 3 days,breached,2024-11-22
CMT01178,DEC00527,,warehouse,W011,plant_scheduler,2024-11-10,P04 commits to deliver FG line POL0021396 (PO PO007172) to W011 by 2024-11-27,344.0,2024-11-27,service-level KPI,renegotiated,2024-11-17
CMT01179,DEC00528,,supplier,SUP0010,supplier_account_manager,2024-11-10,Supplier 010 (SUP0010) commits to deliver RMPO023920 by 2024-11-15 on expedited freight,2909.3556,2024-11-15,expedite freight at supplier cost if >7 days late,breached,2024-11-29
CMT01180,DEC00528,,supplier,SUP0010,supplier_account_manager,2024-11-10,Supplier 010 (SUP0010) confirms revised ship-to-arrive date 2024-11-21 for RMPO023920,2909.3556,2024-11-21,expedite freight at supplier cost if >7 days late,breached,2024-11-29
CMT01181,DEC00529,,supplier,SUP0185,supplier_account_manager,2024-11-10,Supplier 185 (SUP0185) commits to deliver RMPO025892 by 2024-11-14 on expedited freight,7224.5492,2024-11-14,1% credit per week late beyond 5 days,breached,2024-11-27
CMT01182,DEC00528,,warehouse,W005,plant_scheduler,2024-11-11,P01 commits to deliver FG line POL0013923 (PO PO004670) to W005 by 2024-11-26,174.0,2024-11-26,service-level KPI,breached,2024-12-04
CMT01183,DEC00529,,warehouse,W008,plant_scheduler,2024-11-11,P05 commits to deliver FG line POL0033258 (PO PO011114) to W008 by 2024-11-30,78.0,2024-11-30,service-level KPI,breached,2024-12-10
CMT01184,DEC00533,,supplier,SUP0118,supplier_account_manager,2024-11-12,Supplier 118 (SUP0118) confirms revised ship-to-arrive date 2024-11-25 for RMPO023932,332.6269,2024-11-25,2% credit per week late beyond 3 days,renegotiated,2024-11-18
CMT01185,DEC00531,,warehouse,W006,plant_scheduler,2024-11-12,P04 commits to deliver FG line POL0013431 (PO PO004503) to W006 by 2024-11-22,516.0,2024-11-22,service-level KPI,renegotiated,2024-11-15
CMT01186,DEC00532,,supplier,SUP0118,supplier_account_manager,2024-11-12,Supplier 118 (SUP0118) commits to deliver RMPO023788 by 2024-11-20 on expedited freight,30.0,2024-11-20,2% credit per week late beyond 3 days,breached,2024-11-23
CMT01187,DEC00532,,supplier,SUP0118,supplier_account_manager,2024-11-12,Supplier 118 (SUP0118) confirms revised ship-to-arrive date 2024-11-24 for RMPO023788,30.0,2024-11-24,2% credit per week late beyond 3 days,fulfilled,2024-11-23
CMT01188,DEC00533,,warehouse,W001,plant_scheduler,2024-11-14,P03 commits to deliver FG line POL0050173 (PO PO016749) to W001 by 2024-12-02,270.0,2024-12-02,service-level KPI,renegotiated,2024-11-18
CMT01189,DEC00534,,warehouse,W011,plant_scheduler,2024-11-15,P02 commits to deliver FG line POL0041502 (PO PO013848) to W011 by 2024-12-02,588.0,2024-12-02,service-level KPI,renegotiated,2024-11-18
CMT01190,DEC00536,,supplier,SUP0118,supplier_account_manager,2024-11-15,Supplier 118 (SUP0118) confirms revised ship-to-arrive date 2024-11-26 for RMPO023789,600.0,2024-11-26,2% credit per week late beyond 3 days,renegotiated,2024-11-17
CMT01191,DEC00535,,warehouse,W005,plant_scheduler,2024-11-16,P05 commits to deliver FG line POL0035621 (PO PO011908) to W005 by 2024-11-30,154.0,2024-11-30,service-level KPI,renegotiated,2024-11-24
CMT01192,DEC00536,,warehouse,W008,plant_scheduler,2024-11-17,P01 commits to deliver FG line POL0001626 (PO PO000544) to W008 by 2024-12-04,180.0,2024-12-04,service-level KPI,renegotiated,2024-11-17
CMT01193,DEC00537,,supplier,SUP0229,supplier_account_manager,2024-11-18,Supplier 229 (SUP0229) confirms revised ship-to-arrive date 2024-12-03 for RMPO025043,1337.7799,2024-12-03,1% credit per week late beyond 5 days,breached,2024-12-08
CMT01194,DEC00537,,supplier,SUP0229,supplier_account_manager,2024-11-19,Supplier 229 (SUP0229) commits to deliver RMPO025043 by 2024-11-25 on expedited freight,1337.7799,2024-11-25,1% credit per week late beyond 5 days,breached,2024-12-08
CMT01195,DEC00538,,supplier,SUP0164,supplier_account_manager,2024-11-19,Supplier 164 (SUP0164) confirms revised ship-to-arrive date 2024-12-08 for RMPO024686,35.0,2024-12-08,"0.5% credit per day late, capped at 10%",renegotiated,2024-11-23
CMT01196,DEC00537,,warehouse,W002,plant_scheduler,2024-11-20,P02 commits to deliver FG line POL0043897 (PO PO014637) to W002 by 2024-12-11,156.0,2024-12-11,service-level KPI,renegotiated,2024-11-22
CMT01197,DEC00539,,supplier,SUP0118,supplier_account_manager,2024-11-22,Supplier 118 (SUP0118) confirms revised ship-to-arrive date 2024-12-02 for RMPO024059,90.0,2024-12-02,2% credit per week late beyond 3 days,breached,2024-12-11
CMT01198,DEC00539,,supplier,SUP0118,supplier_account_manager,2024-11-23,Supplier 118 (SUP0118) commits to deliver RMPO024059 by 2024-11-28 on expedited freight,90.0,2024-11-28,2% credit per week late beyond 3 days,breached,2024-12-11
CMT01199,DEC00540,,supplier,SUP0179,supplier_account_manager,2024-11-23,Supplier 179 (SUP0179) commits to deliver RMPO025537 by 2024-12-07 on expedited freight,2000.0,2024-12-07,2% credit per week late beyond 3 days,breached,2024-12-11
CMT01200,DEC00539,,warehouse,W002,plant_scheduler,2024-11-24,P01 commits to deliver FG line POL0022073 (PO PO007397) to W002 by 2024-12-09,418.0,2024-12-09,service-level KPI,renegotiated,2024-11-25
CMT01201,DEC00541,,supplier,SUP0138,supplier_account_manager,2024-11-25,Supplier 138 (SUP0138) commits to deliver RMPO024650 by 2024-12-09 on expedited freight,1581.6683,2024-12-09,"0.5% credit per day late, capped at 10%",breached,2024-12-19
CMT01202,DEC00542,,supplier,SUP0185,supplier_account_manager,2024-11-25,Supplier 185 (SUP0185) commits to deliver RMPO026426 by 2024-12-05 on expedited freight,6246.7155,2024-12-05,1% credit per week late beyond 5 days,breached,2024-12-08
CMT01203,DEC00542,,supplier,SUP0185,supplier_account_manager,2024-11-25,Supplier 185 (SUP0185) confirms revised ship-to-arrive date 2024-12-13 for RMPO026426,6246.7155,2024-12-13,1% credit per week late beyond 5 days,fulfilled,2024-12-08
CMT01204,DEC00544,,plant,P02,plant_scheduler,2024-11-26,P02 commits to ship 19.8 kg of RM0125 to arrive at P05 by 2024-11-28,19.843,2024-11-28,internal,breached,2024-12-02
CMT01205,DEC00541,,warehouse,W006,plant_scheduler,2024-11-26,P03 commits to deliver FG line POL0019731 (PO PO006620) to W006 by 2024-12-20,456.0,2024-12-20,service-level KPI,breached,2024-12-27
CMT01206,DEC00542,,warehouse,W001,plant_scheduler,2024-11-26,P03 commits to deliver FG line POL0034041 (PO PO011378) to W001 by 2024-12-21,289.0,2024-12-21,service-level KPI,fulfilled,2024-12-17
CMT01207,DEC00546,,supplier,SUP0118,supplier_account_manager,2024-11-28,Supplier 118 (SUP0118) confirms revised ship-to-arrive date 2024-12-04 for RMPO024060,300.0,2024-12-04,2% credit per week late beyond 3 days,breached,2024-12-12
CMT01208,DEC00547,,supplier,SUP0118,supplier_account_manager,2024-11-28,Supplier 118 (SUP0118) commits to deliver RMPO024322 by 2024-12-04 on expedited freight,349.7944,2024-12-04,2% credit per week late beyond 3 days,breached,2024-12-18
CMT01209,DEC00547,,supplier,SUP0118,supplier_account_manager,2024-11-28,Supplier 118 (SUP0118) confirms revised ship-to-arrive date 2024-12-10 for RMPO024322,349.7944,2024-12-10,2% credit per week late beyond 3 days,breached,2024-12-18
CMT01210,DEC00546,,warehouse,W011,plant_scheduler,2024-11-29,P02 commits to deliver FG line POL0051134 (PO PO017076) to W011 by 2024-12-16,356.0,2024-12-16,service-level KPI,renegotiated,2024-12-03
CMT01211,DEC00547,,warehouse,W001,plant_scheduler,2024-11-29,P03 commits to deliver FG line POL0013338 (PO PO004475) to W001 by 2024-12-18,75.0,2024-12-18,service-level KPI,renegotiated,2024-12-03
CMT01212,DEC00548,,supplier,SUP0028,supplier_account_manager,2024-11-29,Supplier 028 (SUP0028) confirms revised ship-to-arrive date 2024-12-13 for RMPO024819,2400.0,2024-12-13,expedite freight at supplier cost if >7 days late,fulfilled,2024-12-13
CMT01213,DEC00549,,supplier,SUP0179,supplier_account_manager,2024-12-01,Supplier 179 (SUP0179) commits to deliver RMPO026083 by 2024-12-17 on expedited freight,800.0,2024-12-17,2% credit per week late beyond 3 days,breached,2024-12-22
CMT01214,DEC00549,,supplier,SUP0179,supplier_account_manager,2024-12-01,Supplier 179 (SUP0179) confirms revised ship-to-arrive date 2024-12-22 for RMPO026083,800.0,2024-12-22,2% credit per week late beyond 3 days,fulfilled,2024-12-22
CMT01215,,,supplier,SUP0179,supplier_account_manager,2024-12-03,Supplier 179 (SUP0179) order confirmation: RMPO026902 to arrive by 2025-01-02,1200.0,2025-01-02,2% credit per week late beyond 3 days,renegotiated,2024-12-26
CMT01216,DEC00550,,supplier,SUP0118,supplier_account_manager,2024-12-06,Supplier 118 (SUP0118) confirms revised ship-to-arrive date 2024-12-18 for RMPO024603,300.0,2024-12-18,2% credit per week late beyond 3 days,breached,2024-12-23
CMT01217,DEC00551,,supplier,SUP0185,supplier_account_manager,2024-12-07,Supplier 185 (SUP0185) confirms revised ship-to-arrive date 2024-12-16 for RMPO026969,12377.9437,2024-12-16,1% credit per week late beyond 5 days,breached,2024-12-19
CMT01218,DEC00552,,supplier,SUP0118,supplier_account_manager,2024-12-08,Supplier 118 (SUP0118) confirms revised ship-to-arrive date 2024-12-20 for RMPO024601,550.0,2024-12-20,2% credit per week late beyond 3 days,renegotiated,2024-12-10
CMT01219,DEC00553,,supplier,SUP0079,supplier_account_manager,2024-12-09,Supplier 079 (SUP0079) confirms revised ship-to-arrive date 2024-12-13 for RMPO025696,300.0,2024-12-13,"0.5% credit per day late, capped at 10%",fulfilled,2024-12-13
CMT01220,DEC00551,,warehouse,W003,plant_scheduler,2024-12-09,P02 commits to deliver FG line POL0033981 (PO PO011356) to W003 by 2024-12-25,75.0,2024-12-25,service-level KPI,breached,2024-12-28
CMT01221,DEC00552,,warehouse,W003,plant_scheduler,2024-12-10,P03 commits to deliver FG line POL0053402 (PO PO017815) to W003 by 2024-12-24,553.0,2024-12-24,service-level KPI,breached,2025-01-02
CMT01222,DEC00554,,supplier,SUP0185,supplier_account_manager,2024-12-11,Supplier 185 (SUP0185) commits to deliver RMPO026975 by 2024-12-25 on expedited freight,3935.3557,2024-12-25,1% credit per week late beyond 5 days,breached,2024-12-27
CMT01223,DEC00554,,supplier,SUP0185,supplier_account_manager,2024-12-11,Supplier 185 (SUP0185) confirms revised ship-to-arrive date 2024-12-31 for RMPO026975,3935.3557,2024-12-31,1% credit per week late beyond 5 days,fulfilled,2024-12-27
CMT01224,DEC00555,,supplier,SUP0118,supplier_account_manager,2024-12-12,Supplier 118 (SUP0118) commits to deliver RMPO025062 by 2024-12-22 on expedited freight,550.0,2024-12-22,2% credit per week late beyond 3 days,breached,2024-12-31
CMT01225,DEC00556,,supplier,SUP0118,supplier_account_manager,2024-12-12,Supplier 118 (SUP0118) confirms revised ship-to-arrive date 2025-01-05 for RMPO024895,1100.0,2025-01-05,2% credit per week late beyond 3 days,fulfilled,2025-01-05
CMT01226,DEC00554,,warehouse,W004,plant_scheduler,2024-12-12,P01 commits to deliver FG line POL0035208 (PO PO011782) to W004 by 2025-01-04,354.0,2025-01-04,service-level KPI,fulfilled,2024-12-31
CMT01227,DEC00555,,warehouse,W001,plant_scheduler,2024-12-13,P01 commits to deliver FG line POL0038449 (PO PO012837) to W001 by 2025-01-02,191.0,2025-01-02,service-level KPI,renegotiated,2024-12-13
CMT01228,DEC00556,,supplier,SUP0118,supplier_account_manager,2024-12-13,Supplier 118 (SUP0118) commits to deliver RMPO024895 by 2024-12-30 on expedited freight,1100.0,2024-12-30,2% credit per week late beyond 3 days,breached,2025-01-05
CMT01229,DEC00557,,supplier,SUP0054,supplier_account_manager,2024-12-14,Supplier 054 (SUP0054) commits to deliver RMPO027026 by 2024-12-16 on expedited freight,42.1025,2024-12-16,2% credit per week late beyond 3 days,breached,2024-12-28
CMT01230,DEC00557,,supplier,SUP0054,supplier_account_manager,2024-12-14,Supplier 054 (SUP0054) confirms revised ship-to-arrive date 2024-12-24 for RMPO027026,42.1025,2024-12-24,2% credit per week late beyond 3 days,breached,2024-12-28
CMT01231,DEC00556,,warehouse,W010,plant_scheduler,2024-12-14,P02 commits to deliver FG line POL0005841 (PO PO001974) to W010 by 2025-01-12,193.0,2025-01-12,service-level KPI,fulfilled,2025-01-12
CMT01232,DEC00557,,warehouse,W004,plant_scheduler,2024-12-15,P05 commits to deliver FG line POL0028951 (PO PO009684) to W004 by 2024-12-28,595.0,2024-12-28,service-level KPI,renegotiated,2024-12-22
CMT01233,DEC00558,,supplier,SUP0179,supplier_account_manager,2024-12-17,Supplier 179 (SUP0179) commits to deliver RMPO026421 by 2024-12-21 on expedited freight,596.9175,2024-12-21,2% credit per week late beyond 3 days,breached,2024-12-26
CMT01234,DEC00558,,warehouse,W007,plant_scheduler,2024-12-18,P04 commits to deliver FG line POL0003462 (PO PO001152) to W007 by 2025-01-04,463.0,2025-01-04,service-level KPI,fulfilled,2025-01-02
CMT01235,DEC00559,,supplier,SUP0118,supplier_account_manager,2024-12-19,Supplier 118 (SUP0118) commits to deliver RMPO025349 by 2024-12-30 on expedited freight,897.482,2024-12-30,2% credit per week late beyond 3 days,breached,2025-01-03
CMT01236,DEC00559,,supplier,SUP0118,supplier_account_manager,2024-12-19,Supplier 118 (SUP0118) confirms revised ship-to-arrive date 2025-01-03 for RMPO025349,897.482,2025-01-03,2% credit per week late beyond 3 days,fulfilled,2025-01-03
CMT01237,DEC00561,,supplier,SUP0086,supplier_account_manager,2024-12-20,Supplier 086 (SUP0086) confirms revised ship-to-arrive date 2025-01-17 for RMPO025426,50.0,2025-01-17,"0.5% credit per day late, capped at 10%",fulfilled,2025-01-17
CMT01238,DEC00559,,warehouse,W012,plant_scheduler,2024-12-20,P05 commits to deliver FG line POL0029997 (PO PO010034) to W012 by 2025-01-12,349.0,2025-01-12,service-level KPI,fulfilled,2025-01-12
CMT01239,DEC00560,,supplier,SUP0118,supplier_account_manager,2024-12-21,Supplier 118 (SUP0118) commits to deliver RMPO025353 by 2024-12-27 on expedited freight,164.4499,2024-12-27,2% credit per week late beyond 3 days,breached,2025-01-01
CMT01240,DEC00562,,supplier,SUP0129,supplier_account_manager,2024-12-21,Supplier 129 (SUP0129) confirms revised ship-to-arrive date 2025-01-16 for RMPO026030,150.0,2025-01-16,2% credit per week late beyond 3 days,fulfilled,2025-01-16
CMT01241,DEC00560,,warehouse,W001,plant_scheduler,2024-12-22,P02 commits to deliver FG line POL0050607 (PO PO016895) to W001 by 2025-01-05,384.0,2025-01-05,service-level KPI,fulfilled,2025-01-05
CMT01242,DEC00567,,supplier,SUP0185,supplier_account_manager,2024-12-25,Supplier 185 (SUP0185) commits to deliver RMPO027531 by 2025-01-03 on expedited freight,7494.4318,2025-01-03,1% credit per week late beyond 5 days,breached,2025-01-10
CMT01243,DEC00567,,warehouse,W012,plant_scheduler,2024-12-26,P05 commits to deliver FG line POL0007283 (PO PO002463) to W012 by 2025-01-15,222.0,2025-01-15,service-level KPI,renegotiated,2024-12-31
CMT01244,DEC00568,,supplier,SUP0109,supplier_account_manager,2024-12-30,Supplier 109 (SUP0109) commits to deliver replacement order RMPO027887 by 2025-01-05,2500.0,2025-01-05,"0.5% credit per day late, capped at 10%",renegotiated,2024-12-31
CMT01245,,,supplier,SUP0179,supplier_account_manager,2024-12-31,Supplier 179 (SUP0179) order confirmation: RMPO027967 to arrive by 2025-01-28,1000.0,2025-01-28,2% credit per week late beyond 3 days,renegotiated,2025-01-21
CMT01246,,,supplier,SUP0179,supplier_account_manager,2024-12-31,Supplier 179 (SUP0179) order confirmation: RMPO027966 to arrive by 2025-01-29,6.0,2025-01-29,2% credit per week late beyond 3 days,fulfilled,2025-01-29
CMT01247,DEC00568,,warehouse,W003,plant_scheduler,2024-12-31,P04 commits to deliver FG line POL0024580 (PO PO008238) to W003 by 2025-01-19,226.0,2025-01-19,service-level KPI,breached,2025-01-21
CMT01248,DEC00569,,supplier,SUP0182,supplier_account_manager,2025-01-02,Supplier 182 (SUP0182) commits to deliver RMPO026612 by 2025-01-14 on expedited freight,948.6529,2025-01-14,none,breached,2025-01-16
CMT01249,DEC00569,,supplier,SUP0182,supplier_account_manager,2025-01-02,Supplier 182 (SUP0182) confirms revised ship-to-arrive date 2025-01-21 for RMPO026612,948.6529,2025-01-21,none,fulfilled,2025-01-16
CMT01250,DEC00569,,warehouse,W003,plant_scheduler,2025-01-03,P03 commits to deliver FG line POL0043233 (PO PO014427) to W003 by 2025-01-25,582.0,2025-01-25,service-level KPI,fulfilled,2025-01-20
CMT01251,DEC00570,,supplier,SUP0044,supplier_account_manager,2025-01-03,Supplier 044 (SUP0044) confirms revised ship-to-arrive date 2025-02-02 for RMPO025944,15.0,2025-02-02,2% credit per week late beyond 3 days,fulfilled,2025-02-02
CMT01252,DEC00572,,supplier,SUP0047,supplier_account_manager,2025-01-10,Supplier 047 (SUP0047) confirms revised ship-to-arrive date 2025-02-03 for RMPO026473,500.0,2025-02-03,none,fulfilled,2025-01-28
CMT01253,DEC00571,,supplier,SUP0185,supplier_account_manager,2025-01-10,Supplier 185 (SUP0185) commits to deliver RMPO028274 by 2025-01-25 on expedited freight,8397.3145,2025-01-25,1% credit per week late beyond 5 days,fulfilled,2025-01-22
CMT01254,DEC00571,,supplier,SUP0185,supplier_account_manager,2025-01-10,Supplier 185 (SUP0185) confirms revised ship-to-arrive date 2025-01-29 for RMPO028274,8397.3145,2025-01-29,1% credit per week late beyond 5 days,fulfilled,2025-01-22
CMT01255,DEC00572,,supplier,SUP0047,supplier_account_manager,2025-01-11,Supplier 047 (SUP0047) commits to deliver RMPO026473 by 2025-01-28 on expedited freight,500.0,2025-01-28,none,fulfilled,2025-01-28
CMT01256,DEC00571,,warehouse,W009,plant_scheduler,2025-01-11,P03 commits to deliver FG line POL0004576 (PO PO001537) to W009 by 2025-02-02,482.0,2025-02-02,service-level KPI,fulfilled,2025-01-27
CMT01257,DEC00572,,warehouse,W002,plant_scheduler,2025-01-12,P04 commits to deliver FG line POL0040748 (PO PO013605) to W002 by 2025-02-11,73.0,2025-02-11,service-level KPI,fulfilled,2025-02-06
CMT01258,,,supplier,SUP0179,supplier_account_manager,2025-01-14,Supplier 179 (SUP0179) order confirmation: RMPO028440 to arrive by 2025-02-12,720.0,2025-02-12,2% credit per week late beyond 3 days,breached,2025-02-14
CMT01259,DEC00573,,supplier,SUP0054,supplier_account_manager,2025-01-14,Supplier 054 (SUP0054) commits to deliver RMPO028277 by 2025-01-31 on expedited freight,282.3876,2025-01-31,2% credit per week late beyond 3 days,breached,2025-02-07
CMT01260,DEC00576,,supplier,SUP0028,supplier_account_manager,2025-01-15,Supplier 028 (SUP0028) confirms revised ship-to-arrive date 2025-02-05 for RMPO027291,1500.0,2025-02-05,expedite freight at supplier cost if >7 days late,fulfilled,2025-02-03
CMT01261,DEC00573,,warehouse,W006,plant_scheduler,2025-01-15,P01 commits to deliver FG line POL0025562 (PO PO008569) to W006 by 2025-02-13,247.0,2025-02-13,service-level KPI,breached,2025-02-16
CMT01262,DEC00576,,supplier,SUP0028,supplier_account_manager,2025-01-16,Supplier 028 (SUP0028) commits to deliver RMPO027291 by 2025-02-02 on expedited freight,1500.0,2025-02-02,expedite freight at supplier cost if >7 days late,breached,2025-02-03
CMT01263,DEC00576,,warehouse,W006,plant_scheduler,2025-01-17,P04 commits to deliver FG line POL0038463 (PO PO012840) to W006 by 2025-02-10,171.0,2025-02-10,service-level KPI,fulfilled,2025-02-10
CMT01264,DEC00577,,supplier,SUP0164,supplier_account_manager,2025-01-18,Supplier 164 (SUP0164) commits to deliver RMPO027151 by 2025-02-01 on expedited freight,100.7561,2025-02-01,"0.5% credit per day late, capped at 10%",breached,2025-02-07
CMT01265,DEC00578,,supplier,SUP0214,supplier_account_manager,2025-01-18,Supplier 214 (SUP0214) confirms revised ship-to-arrive date 2025-02-14 for RMPO027757,23.689,2025-02-14,1% credit per week late beyond 5 days,fulfilled,2025-02-09
CMT01266,DEC00577,,warehouse,W012,plant_scheduler,2025-01-19,P02 commits to deliver FG line POL0025384 (PO PO008504) to W012 by 2025-02-14,476.0,2025-02-14,service-level KPI,breached,2025-02-15
CMT01267,DEC00578,,supplier,SUP0214,supplier_account_manager,2025-01-19,Supplier 214 (SUP0214) commits to deliver RMPO027757 by 2025-02-09 on expedited freight,23.689,2025-02-09,1% credit per week late beyond 5 days,fulfilled,2025-02-09
CMT01268,DEC00579,,supplier,SUP0202,supplier_account_manager,2025-01-20,Supplier 202 (SUP0202) commits to deliver RMPO027795 by 2025-01-27 on expedited freight,303.5162,2025-01-27,2% credit per week late beyond 3 days,breached,2025-02-11
CMT01269,DEC00578,,warehouse,W011,plant_scheduler,2025-01-20,P03 commits to deliver FG line POL0051935 (PO PO017338) to W011 by 2025-02-19,342.0,2025-02-19,service-level KPI,fulfilled,2025-02-14
CMT01270,DEC00579,,warehouse,W008,plant_scheduler,2025-01-21,P01 commits to deliver FG line POL0011665 (PO PO003918) to W008 by 2025-02-11,284.0,2025-02-11,service-level KPI,breached,2025-02-20
CMT01271,,,supplier,SUP0179,supplier_account_manager,2025-01-21,Supplier 179 (SUP0179) order confirmation: RMPO028700 to arrive by 2025-02-17,800.0,2025-02-17,2% credit per week late beyond 3 days,renegotiated,2025-02-10
CMT01272,DEC00580,,supplier,SUP0054,supplier_account_manager,2025-01-21,Supplier 054 (SUP0054) commits to deliver RMPO028563 by 2025-02-03 on expedited freight,82.6689,2025-02-03,2% credit per week late beyond 3 days,breached,2025-02-16
CMT01273,DEC00580,,supplier,SUP0054,supplier_account_manager,2025-01-21,Supplier 054 (SUP0054) confirms revised ship-to-arrive date 2025-02-11 for RMPO028563,82.6689,2025-02-11,2% credit per week late beyond 3 days,breached,2025-02-16
CMT01274,DEC00581,,supplier,SUP0054,supplier_account_manager,2025-01-21,Supplier 054 (SUP0054) commits to deliver replacement order RMPO028774 by 2025-01-31,200.0,2025-01-31,2% credit per week late beyond 3 days,renegotiated,2025-01-22
CMT01275,DEC00584,,supplier,SUP0026,supplier_account_manager,2025-01-22,Supplier 026 (SUP0026) commits to deliver RMPO028301 by 2025-02-07 on expedited freight,600.0,2025-02-07,1% credit per week late beyond 5 days,breached,2025-02-14
CMT01276,DEC00584,,supplier,SUP0026,supplier_account_manager,2025-01-22,Supplier 026 (SUP0026) confirms revised ship-to-arrive date 2025-02-14 for RMPO028301,600.0,2025-02-14,1% credit per week late beyond 5 days,fulfilled,2025-02-14
CMT01277,DEC00580,,warehouse,W011,plant_scheduler,2025-01-22,P02 commits to deliver FG line POL0014921 (PO PO005015) to W011 by 2025-02-20,578.0,2025-02-20,service-level KPI,renegotiated,2025-02-04
CMT01278,DEC00581,,warehouse,W008,plant_scheduler,2025-01-22,P03 commits to deliver FG line POL0004358 (PO PO001456) to W008 by 2025-02-21,283.0,2025-02-21,service-level KPI,fulfilled,2025-02-19
CMT01279,DEC00583,,supplier,SUP0054,supplier_account_manager,2025-01-22,Supplier 054 (SUP0054) commits to deliver RMPO028566 by 2025-02-17 on expedited freight,347.1641,2025-02-17,2% credit per week late beyond 3 days,fulfilled,2025-02-12
CMT01280,,NEG0040,supplier,SUP0019,category_manager,2025-01-23,"We commit to purchase at least 14,580 units from Supplier 019 (SUP0019) under CT00023 by 2027-01-31",14580.0,2027-01-31,volume shortfall invoiced at 5% of unpurchased value,open,
CMT01281,,NEG0040,supplier,SUP0019,supplier_account_manager,2025-01-23,Supplier 019 (SUP0019) commits to hold contract prices under CT00023 until 2027-01-31,,2027-01-31,2% credit per week late beyond 3 days,open,
CMT01282,DEC00585,,supplier,SUP0054,supplier_account_manager,2025-01-23,Supplier 054 (SUP0054) commits to deliver RMPO028509 by 2025-02-09 on expedited freight,477.4299,2025-02-09,2% credit per week late beyond 3 days,breached,2025-02-10
CMT01283,DEC00585,,supplier,SUP0054,supplier_account_manager,2025-01-23,Supplier 054 (SUP0054) confirms revised ship-to-arrive date 2025-02-15 for RMPO028509,477.4299,2025-02-15,2% credit per week late beyond 3 days,fulfilled,2025-02-10
CMT01284,DEC00583,,warehouse,W010,plant_scheduler,2025-01-23,P04 commits to deliver FG line POL0030026 (PO PO010044) to W010 by 2025-02-26,522.0,2025-02-26,service-level KPI,fulfilled,2025-02-21
CMT01285,DEC00587,,supplier,SUP0039,supplier_account_manager,2025-01-24,Supplier 039 (SUP0039) commits to deliver RMPO028772 by 2025-02-14 on expedited freight,33.6476,2025-02-14,expedite freight at supplier cost if >7 days late,fulfilled,2025-02-14
CMT01286,DEC00587,,supplier,SUP0039,supplier_account_manager,2025-01-24,Supplier 039 (SUP0039) confirms revised ship-to-arrive date 2025-02-18 for RMPO028772,33.6476,2025-02-18,expedite freight at supplier cost if >7 days late,fulfilled,2025-02-14
CMT01287,DEC00586,,supplier,SUP0118,supplier_account_manager,2025-01-24,Supplier 118 (SUP0118) commits to deliver RMPO027077 by 2025-02-08 on expedited freight,45.2615,2025-02-08,2% credit per week late beyond 3 days,breached,2025-02-14
CMT01288,DEC00586,,supplier,SUP0118,supplier_account_manager,2025-01-24,Supplier 118 (SUP0118) confirms revised ship-to-arrive date 2025-02-16 for RMPO027077,45.2615,2025-02-16,2% credit per week late beyond 3 days,fulfilled,2025-02-14
CMT01289,DEC00585,,warehouse,W008,plant_scheduler,2025-01-24,P02 commits to deliver FG line POL0004354 (PO PO001456) to W008 by 2025-02-21,469.0,2025-02-21,service-level KPI,fulfilled,2025-02-19
CMT01290,DEC00589,,supplier,SUP0039,supplier_account_manager,2025-01-25,Supplier 039 (SUP0039) commits to deliver RMPO028785 by 2025-02-09 on expedited freight,5198.0968,2025-02-09,expedite freight at supplier cost if >7 days late,breached,2025-02-12
CMT01291,DEC00589,,supplier,SUP0039,supplier_account_manager,2025-01-25,Supplier 039 (SUP0039) confirms revised ship-to-arrive date 2025-02-12 for RMPO028785,5198.0968,2025-02-12,expedite freight at supplier cost if >7 days late,fulfilled,2025-02-12
CMT01292,DEC00587,,warehouse,W010,plant_scheduler,2025-01-25,P02 commits to deliver FG line POL0030023 (PO PO010044) to W010 by 2025-02-25,405.0,2025-02-25,service-level KPI,fulfilled,2025-02-21
CMT01293,DEC00586,,warehouse,W008,plant_scheduler,2025-01-25,P03 commits to deliver FG line POL0011663 (PO PO003918) to W008 by 2025-02-22,194.0,2025-02-22,service-level KPI,fulfilled,2025-02-20
CMT01294,DEC00588,,supplier,SUP0201,supplier_account_manager,2025-01-25,Supplier 201 (SUP0201) commits to deliver RMPO028522 by 2025-02-09 on expedited freight,7.1263,2025-02-09,none,breached,2025-02-10
CMT01295,DEC00588,,supplier,SUP0201,supplier_account_manager,2025-01-25,Supplier 201 (SUP0201) confirms revised ship-to-arrive date 2025-02-12 for RMPO028522,7.1263,2025-02-12,none,fulfilled,2025-02-10
CMT01296,DEC00589,,warehouse,W010,plant_scheduler,2025-01-26,P02 commits to deliver FG line POL0050290 (PO PO016782) to W010 by 2025-02-20,547.0,2025-02-20,service-level KPI,renegotiated,2025-01-29
CMT01297,DEC00594,,supplier,SUP0217,supplier_account_manager,2025-01-26,Supplier 217 (SUP0217) confirms revised ship-to-arrive date 2025-02-05 for RMPO027494,450.0,2025-02-05,none,fulfilled,2025-02-05
CMT01298,DEC00595,,supplier,SUP0086,supplier_account_manager,2025-01-26,Supplier 086 (SUP0086) confirms revised ship-to-arrive date 2025-02-06 for RMPO026794,150.0,2025-02-06,"0.5% credit per day late, capped at 10%",fulfilled,2025-02-02
CMT01299,DEC00588,,warehouse,W009,plant_scheduler,2025-01-26,P03 commits to deliver FG line POL0048843 (PO PO016308) to W009 by 2025-02-15,402.0,2025-02-15,service-level KPI,fulfilled,2025-02-13
CMT01300,DEC00591,,plant,P02,plant_scheduler,2025-01-27,P02 commits to ship 1.1 kg of RM0052 to arrive at P05 by 2025-01-29,1.13,2025-01-29,internal,breached,2025-02-19
CMT01301,DEC00592,,supplier,SUP0013,supplier_account_manager,2025-01-27,Supplier 013 (SUP0013) commits to deliver RMPO028271 by 2025-02-04 on expedited freight,281.0932,2025-02-04,"0.5% credit per day late, capped at 10%",breached,2025-02-11
CMT01302,DEC00593,,supplier,SUP0039,supplier_account_manager,2025-01-27,Supplier 039 (SUP0039) commits to deliver RMPO028791 by 2025-02-02 on expedited freight,887.8468,2025-02-02,expedite freight at supplier cost if >7 days late,breached,2025-02-07
CMT01303,DEC00593,,supplier,SUP0039,supplier_account_manager,2025-01-27,Supplier 039 (SUP0039) confirms revised ship-to-arrive date 2025-02-10 for RMPO028791,887.8468,2025-02-10,expedite freight at supplier cost if >7 days late,fulfilled,2025-02-07
CMT01304,DEC00594,,supplier,SUP0217,supplier_account_manager,2025-01-27,Supplier 217 (SUP0217) commits to deliver RMPO027494 by 2025-01-29 on expedited freight,450.0,2025-01-29,none,breached,2025-02-05
CMT01305,DEC00595,,supplier,SUP0086,supplier_account_manager,2025-01-27,Supplier 086 (SUP0086) commits to deliver RMPO026794 by 2025-01-31 on expedited freight,150.0,2025-01-31,"0.5% credit per day late, capped at 10%",breached,2025-02-02
CMT01306,DEC00596,,supplier,SUP0135,supplier_account_manager,2025-01-27,Supplier 135 (SUP0135) commits to deliver RMPO027106 by 2025-02-09 on expedited freight,150.0,2025-02-09,"0.5% credit per day late, capped at 10%",fulfilled,2025-02-09
CMT01307,DEC00596,,supplier,SUP0135,supplier_account_manager,2025-01-27,Supplier 135 (SUP0135) confirms revised ship-to-arrive date 2025-02-14 for RMPO027106,150.0,2025-02-14,"0.5% credit per day late, capped at 10%",fulfilled,2025-02-09
CMT01308,DEC00591,,warehouse,W003,plant_scheduler,2025-01-28,P05 commits to deliver FG line POL0009092 (PO PO003053) to W003 by 2025-03-05,93.0,2025-03-05,service-level KPI,fulfilled,2025-02-27
CMT01309,DEC00597,,supplier,SUP0039,supplier_account_manager,2025-01-28,Supplier 039 (SUP0039) commits to deliver RMPO028784 by 2025-02-05 on expedited freight,11.5546,2025-02-05,expedite freight at supplier cost if >7 days late,breached,2025-02-11
CMT01310,DEC00592,,warehouse,W007,plant_scheduler,2025-01-28,P03 commits to deliver FG line POL0008561 (PO PO002875) to W007 by 2025-02-17,75.0,2025-02-17,service-level KPI,renegotiated,2025-02-04
CMT01311,DEC00593,,warehouse,W012,plant_scheduler,2025-01-28,P03 commits to deliver FG line POL0038100 (PO PO012726) to W012 by 2025-02-18,157.0,2025-02-18,service-level KPI,fulfilled,2025-02-16
CMT01312,DEC00594,,warehouse,W009,plant_scheduler,2025-01-28,P02 commits to deliver FG line POL0048844 (PO PO016308) to W009 by 2025-02-13,215.0,2025-02-13,service-level KPI,fulfilled,2025-02-13
CMT01313,DEC00598,,supplier,SUP0118,supplier_account_manager,2025-01-28,Supplier 118 (SUP0118) confirms revised ship-to-arrive date 2025-02-12 for RMPO027079,36.3573,2025-02-12,2% credit per week late beyond 3 days,fulfilled,2025-02-12
CMT01314,DEC00599,,supplier,SUP0103,supplier_account_manager,2025-01-28,Supplier 103 (SUP0103) confirms revised ship-to-arrive date 2025-02-11 for RMPO027881,75.0838,2025-02-11,none,fulfilled,2025-02-11
CMT01315,DEC00597,,warehouse,W010,plant_scheduler,2025-01-29,P02 commits to deliver FG line POL0043516 (PO PO014513) to W010 by 2025-02-19,554.0,2025-02-19,service-level KPI,fulfilled,2025-02-19
CMT01316,DEC00600,,supplier,SUP0051,supplier_account_manager,2025-01-29,Supplier 051 (SUP0051) commits to deliver RMPO028023 by 2025-02-15 on expedited freight,1207.0654,2025-02-15,1% credit per week late beyond 5 days,breached,2025-02-19
CMT01317,DEC00601,,supplier,SUP0039,supplier_account_manager,2025-01-29,Supplier 039 (SUP0039) commits to deliver RMPO028790 by 2025-02-03 on expedited freight,1270.2845,2025-02-03,expedite freight at supplier cost if >7 days late,breached,2025-02-08
CMT01318,DEC00605,,supplier,SUP0039,supplier_account_manager,2025-01-29,Supplier 039 (SUP0039) confirms revised ship-to-arrive date 2025-02-11 for RMPO029029,3264.1865,2025-02-11,expedite freight at supplier cost if >7 days late,breached,2025-02-13
CMT01319,DEC00602,,supplier,SUP0191,supplier_account_manager,2025-01-29,Supplier 191 (SUP0191) commits to deliver RMPO027468 by 2025-02-05 on expedited freight,1050.0,2025-02-05,expedite freight at supplier cost if >7 days late,fulfilled,2025-02-05
CMT01320,DEC00606,,supplier,SUP0103,supplier_account_manager,2025-01-29,Supplier 103 (SUP0103) confirms revised ship-to-arrive date 2025-02-10 for RMPO027885,600.0,2025-02-10,none,fulfilled,2025-02-05
CMT01321,,NEG0041,supplier,SUP0197,category_manager,2025-01-29,"We commit to purchase at least 19,290 units from Supplier 197 (SUP0197) under CT00235 by 2027-01-31",19290.0,2027-01-31,volume shortfall invoiced at 5% of unpurchased value,open,
CMT01322,,NEG0041,supplier,SUP0197,supplier_account_manager,2025-01-29,Supplier 197 (SUP0197) commits to hold contract prices under CT00235 until 2027-01-31,,2027-01-31,"0.5% credit per day late, capped at 10%",open,
CMT01323,DEC00598,,supplier,SUP0118,supplier_account_manager,2025-01-29,Supplier 118 (SUP0118) commits to deliver RMPO027079 by 2025-02-07 on expedited freight,36.3573,2025-02-07,2% credit per week late beyond 3 days,breached,2025-02-12
CMT01324,DEC00604,,supplier,SUP0051,supplier_account_manager,2025-01-29,Supplier 051 (SUP0051) confirms revised ship-to-arrive date 2025-02-14 for RMPO027783,2022.4802,2025-02-14,1% credit per week late beyond 5 days,fulfilled,2025-02-14
CMT01325,DEC00603,,supplier,SUP0054,supplier_account_manager,2025-01-29,Supplier 054 (SUP0054) confirms revised ship-to-arrive date 2025-02-07 for RMPO028838,79.2219,2025-02-07,2% credit per week late beyond 3 days,breached,2025-02-13
CMT01326,DEC00599,,supplier,SUP0103,supplier_account_manager,2025-01-29,Supplier 103 (SUP0103) commits to deliver RMPO027881 by 2025-02-04 on expedited freight,75.0838,2025-02-04,none,breached,2025-02-11
CMT01327,DEC00610,,supplier,SUP0013,supplier_account_manager,2025-01-30,Supplier 013 (SUP0013) confirms revised ship-to-arrive date 2025-02-11 for RMPO028291,459.2719,2025-02-11,"0.5% credit per day late, capped at 10%",fulfilled,2025-02-11
CMT01328,DEC00600,,warehouse,W007,plant_scheduler,2025-01-30,P01 commits to deliver FG line POL0019297 (PO PO006479) to W007 by 2025-02-27,353.0,2025-02-27,service-level KPI,fulfilled,2025-02-27
CMT01329,DEC00601,,warehouse,W011,plant_scheduler,2025-01-30,P01 commits to deliver FG line POL0027979 (PO PO009368) to W011 by 2025-02-16,455.0,2025-02-16,service-level KPI,fulfilled,2025-02-16
CMT01330,DEC00612,,supplier,SUP0191,supplier_account_manager,2025-01-30,Supplier 191 (SUP0191) confirms revised ship-to-arrive date 2025-02-21 for RMPO027982,600.0,2025-02-21,expedite freight at supplier cost if >7 days late,fulfilled,2025-02-17
CMT01331,DEC00606,,supplier,SUP0103,supplier_account_manager,2025-01-30,Supplier 103 (SUP0103) commits to deliver RMPO027885 by 2025-02-05 on expedited freight,600.0,2025-02-05,none,fulfilled,2025-02-05
CMT01332,DEC00598,,warehouse,W010,plant_scheduler,2025-01-30,P04 commits to deliver FG line POL0050293 (PO PO016782) to W010 by 2025-02-20,415.0,2025-02-20,service-level KPI,renegotiated,2025-01-31
CMT01333,DEC00604,,supplier,SUP0051,supplier_account_manager,2025-01-30,Supplier 051 (SUP0051) commits to deliver RMPO027783 by 2025-02-06 on expedited freight,2022.4802,2025-02-06,1% credit per week late beyond 5 days,breached,2025-02-14
CMT01334,DEC00608,,supplier,SUP0054,supplier_account_manager,2025-01-30,Supplier 054 (SUP0054) confirms revised ship-to-arrive date 2025-02-18 for RMPO028783,62.3838,2025-02-18,2% credit per week late beyond 3 days,fulfilled,2025-02-13
CMT01335,DEC00599,,warehouse,W007,plant_scheduler,2025-01-30,P01 commits to deliver FG line POL0000210 (PO PO000070) to W007 by 2025-02-19,409.0,2025-02-19,service-level KPI,renegotiated,2025-02-07
CMT01336,DEC00610,,supplier,SUP0013,supplier_account_manager,2025-01-31,Supplier 013 (SUP0013) commits to deliver RMPO028291 by 2025-02-07 on expedited freight,459.2719,2025-02-07,"0.5% credit per day late, capped at 10%",breached,2025-02-11
CMT01337,DEC00611,,supplier,SUP0039,supplier_account_manager,2025-01-31,Supplier 039 (SUP0039) commits to deliver RMPO029031 by 2025-02-05 on expedited freight,300.0,2025-02-05,expedite freight at supplier cost if >7 days late,breached,2025-02-15
CMT01338,DEC00605,,warehouse,W012,plant_scheduler,2025-01-31,P05 commits to deliver FG line POL0014935 (PO PO005018) to W012 by 2025-02-19,574.0,2025-02-19,service-level KPI,renegotiated,2025-02-09
CMT01339,DEC00612,,supplier,SUP0191,supplier_account_manager,2025-01-31,Supplier 191 (SUP0191) commits to deliver RMPO027982 by 2025-02-17 on expedited freight,600.0,2025-02-17,expedite freight at supplier cost if >7 days late,fulfilled,2025-02-17
CMT01340,DEC00607,,supplier,SUP0153,supplier_account_manager,2025-01-31,Supplier 153 (SUP0153) commits to deliver replacement order RMPO029035 by 2025-02-13,6091.5536,2025-02-13,"0.5% credit per day late, capped at 10%",renegotiated,2025-02-01
CMT01341,DEC00608,,supplier,SUP0054,supplier_account_manager,2025-01-31,Supplier 054 (SUP0054) commits to deliver RMPO028783 by 2025-02-12 on expedited freight,62.3838,2025-02-12,2% credit per week late beyond 3 days,breached,2025-02-13
CMT01342,DEC00604,,warehouse,W009,plant_scheduler,2025-01-31,P03 commits to deliver FG line POL0000938 (PO PO000311) to W009 by 2025-02-16,265.0,2025-02-16,service-level KPI,breached,2025-02-18
CMT01343,DEC00603,,warehouse,W001,plant_scheduler,2025-01-31,P04 commits to deliver FG line POL0030509 (PO PO010208) to W001 by 2025-02-14,276.0,2025-02-14,service-level KPI,breached,2025-02-20
CMT01344,DEC00613,,supplier,SUP0103,supplier_account_manager,2025-01-31,Supplier 103 (SUP0103) confirms revised ship-to-arrive date 2025-02-11 for RMPO027884,45.0,2025-02-11,none,fulfilled,2025-02-11
CMT01345,DEC00609,,supplier,SUP0185,supplier_account_manager,2025-01-31,Supplier 185 (SUP0185) commits to deliver RMPO028708 by 2025-02-21 on expedited freight,4000.0,2025-02-21,1% credit per week late beyond 5 days,breached,2025-02-24
CMT01346,DEC00609,,supplier,SUP0185,supplier_account_manager,2025-01-31,Supplier 185 (SUP0185) confirms revised ship-to-arrive date 2025-02-24 for RMPO028708,4000.0,2025-02-24,1% credit per week late beyond 5 days,fulfilled,2025-02-24
CMT01347,DEC00610,,warehouse,W010,plant_scheduler,2025-02-01,P04 commits to deliver FG line POL0041444 (PO PO013830) to W010 by 2025-02-16,100.0,2025-02-16,service-level KPI,breached,2025-02-17
CMT01348,DEC00611,,warehouse,W010,plant_scheduler,2025-02-01,P01 commits to deliver FG line POL0043513 (PO PO014513) to W010 by 2025-02-16,71.0,2025-02-16,service-level KPI,renegotiated,2025-02-05
CMT01349,DEC00617,,supplier,SUP0182,supplier_account_manager,2025-02-01,Supplier 182 (SUP0182) confirms revised ship-to-arrive date 2025-02-16 for RMPO027726,653.6745,2025-02-16,none,fulfilled,2025-02-16
CMT01350,DEC00615,,supplier,SUP0182,supplier_account_manager,2025-02-01,Supplier 182 (SUP0182) commits to deliver RMPO027974 by 2025-02-06 on expedited freight,380.7478,2025-02-06,none,breached,2025-02-13
CMT01351,DEC00615,,supplier,SUP0182,supplier_account_manager,2025-02-01,Supplier 182 (SUP0182) confirms revised ship-to-arrive date 2025-02-13 for RMPO027974,380.7478,2025-02-13,none,fulfilled,2025-02-13
CMT01352,DEC00614,,supplier,SUP0051,supplier_account_manager,2025-02-01,Supplier 051 (SUP0051) commits to deliver RMPO027836 by 2025-02-17 on expedited freight,1612.8846,2025-02-17,1% credit per week late beyond 5 days,breached,2025-02-20
CMT01353,DEC00607,,warehouse,W008,plant_scheduler,2025-02-01,P02 commits to deliver FG line POL0019981 (PO PO006711) to W008 by 2025-03-05,539.0,2025-03-05,service-level KPI,fulfilled,2025-02-27
CMT01354,DEC00608,,warehouse,W005,plant_scheduler,2025-02-01,P05 commits to deliver FG line POL0001298 (PO PO000429) to W005 by 2025-02-22,294.0,2025-02-22,service-level KPI,fulfilled,2025-02-17
CMT01355,DEC00613,,supplier,SUP0103,supplier_account_manager,2025-02-01,Supplier 103 (SUP0103) commits to deliver RMPO027884 by 2025-02-07 on expedited freight,45.0,2025-02-07,none,breached,2025-02-11
CMT01356,DEC00609,,warehouse,W012,plant_scheduler,2025-02-01,P01 commits to deliver FG line POL0037626 (PO PO012565) to W012 by 2025-03-02,234.0,2025-03-02,service-level KPI,fulfilled,2025-03-02
CMT01357,DEC00617,,supplier,SUP0182,supplier_account_manager,2025-02-02,Supplier 182 (SUP0182) commits to deliver RMPO027726 by 2025-02-12 on expedited freight,653.6745,2025-02-12,none,breached,2025-02-16
CMT01358,DEC00615,,warehouse,W007,plant_scheduler,2025-02-02,P05 commits to deliver FG line POL0047636 (PO PO015903) to W007 by 2025-02-21,343.0,2025-02-21,service-level KPI,fulfilled,2025-02-21
CMT01359,DEC00618,,supplier,SUP0191,supplier_account_manager,2025-02-02,Supplier 191 (SUP0191) commits to deliver RMPO027790 by 2025-02-13 on expedited freight,392.8504,2025-02-13,expedite freight at supplier cost if >7 days late,breached,2025-02-17
CMT01360,DEC00614,,warehouse,W012,plant_scheduler,2025-02-02,P02 commits to deliver FG line POL0037653 (PO PO012573) to W012 by 2025-03-02,598.0,2025-03-02,service-level KPI,fulfilled,2025-03-02
CMT01361,DEC00613,,warehouse,W010,plant_scheduler,2025-02-02,P04 commits to deliver FG line POL0041440 (PO PO013830) to W010 by 2025-02-16,274.0,2025-02-16,service-level KPI,renegotiated,2025-02-09
CMT01362,DEC00617,,warehouse,W002,plant_scheduler,2025-02-03,P02 commits to deliver FG line POL0033466 (PO PO011185) to W002 by 2025-02-22,404.0,2025-02-22,service-level KPI,breached,2025-02-23
CMT01363,DEC00618,,warehouse,W002,plant_scheduler,2025-02-03,P01 commits to deliver FG line POL0040441 (PO PO013498) to W002 by 2025-02-28,67.0,2025-02-28,service-level KPI,fulfilled,2025-02-26
CMT01364,DEC00616,,warehouse,W002,plant_scheduler,2025-02-03,P05 commits to deliver FG line POL0012347 (PO PO004147) to W002 by 2025-03-10,383.0,2025-03-10,service-level KPI,fulfilled,2025-03-02
CMT01365,DEC00620,,supplier,SUP0039,supplier_account_manager,2025-02-04,Supplier 039 (SUP0039) commits to deliver RMPO028824 by 2025-02-17 on expedited freight,1500.0,2025-02-17,expedite freight at supplier cost if >7 days late,breached,2025-02-19
CMT01366,DEC00620,,supplier,SUP0039,supplier_account_manager,2025-02-04,Supplier 039 (SUP0039) confirms revised ship-to-arrive date 2025-02-25 for RMPO028824,1500.0,2025-02-25,expedite freight at supplier cost if >7 days late,fulfilled,2025-02-19
CMT01367,DEC00621,,supplier,SUP0191,supplier_account_manager,2025-02-04,Supplier 191 (SUP0191) commits to deliver RMPO027794 by 2025-02-11 on expedited freight,1893.4379,2025-02-11,expedite freight at supplier cost if >7 days late,breached,2025-02-20
CMT01368,DEC00619,,supplier,SUP0054,supplier_account_manager,2025-02-04,Supplier 054 (SUP0054) commits to deliver replacement order RMPO029239 by 2025-02-14,200.0,2025-02-14,2% credit per week late beyond 3 days,renegotiated,2025-02-05
CMT01369,DEC00624,,supplier,SUP0228,supplier_account_manager,2025-02-04,Supplier 228 (SUP0228) confirms revised ship-to-arrive date 2025-02-26 for RMPO027796,68.156,2025-02-26,expedite freight at supplier cost if >7 days late,fulfilled,2025-02-26
CMT01370,DEC00620,,warehouse,W012,plant_scheduler,2025-02-05,P04 commits to deliver FG line POL0005093 (PO PO001713) to W012 by 2025-03-02,360.0,2025-03-02,service-level KPI,fulfilled,2025-02-28
CMT01371,DEC00621,,warehouse,W001,plant_scheduler,2025-02-05,P02 commits to deliver FG line POL0022866 (PO PO007664) to W001 by 2025-02-24,581.0,2025-02-24,service-level KPI,renegotiated,2025-02-13
CMT01372,DEC00627,,supplier,SUP0137,supplier_account_manager,2025-02-05,Supplier 137 (SUP0137) confirms revised ship-to-arrive date 2025-02-26 for RMPO028923,900.0,2025-02-26,none,fulfilled,2025-02-26
CMT01373,DEC00619,,warehouse,W003,plant_scheduler,2025-02-05,P05 commits to deliver FG line POL0006294 (PO PO002134) to W003 by 2025-03-03,446.0,2025-03-03,service-level KPI,renegotiated,2025-02-05
CMT01374,DEC00623,,supplier,SUP0185,supplier_account_manager,2025-02-05,Supplier 185 (SUP0185) commits to deliver RMPO028709 by 2025-02-10 on expedited freight,2000.0,2025-02-10,1% credit per week late beyond 5 days,breached,2025-02-18
CMT01375,DEC00623,,supplier,SUP0185,supplier_account_manager,2025-02-05,Supplier 185 (SUP0185) confirms revised ship-to-arrive date 2025-02-18 for RMPO028709,2000.0,2025-02-18,1% credit per week late beyond 5 days,fulfilled,2025-02-18
CMT01376,DEC00624,,supplier,SUP0228,supplier_account_manager,2025-02-05,Supplier 228 (SUP0228) commits to deliver RMPO027796 by 2025-02-23 on expedited freight,68.156,2025-02-23,expedite freight at supplier cost if >7 days late,breached,2025-02-26
CMT01377,DEC00626,,supplier,SUP0214,supplier_account_manager,2025-02-05,Supplier 214 (SUP0214) confirms revised ship-to-arrive date 2025-02-14 for RMPO028034,24.1519,2025-02-14,1% credit per week late beyond 5 days,fulfilled,2025-02-14
CMT01378,DEC00627,,supplier,SUP0137,supplier_account_manager,2025-02-06,Supplier 137 (SUP0137) commits to deliver RMPO028923 by 2025-02-21 on expedited freight,900.0,2025-02-21,none,breached,2025-02-26
CMT01379,DEC00625,,supplier,SUP0054,supplier_account_manager,2025-02-06,Supplier 054 (SUP0054) commits to deliver RMPO029238 by 2025-02-20 on expedited freight,114.7395,2025-02-20,2% credit per week late beyond 3 days,breached,2025-02-23
CMT01380,DEC00625,,supplier,SUP0054,supplier_account_manager,2025-02-06,Supplier 054 (SUP0054) confirms revised ship-to-arrive date 2025-02-23 for RMPO029238,114.7395,2025-02-23,2% credit per week late beyond 3 days,fulfilled,2025-02-23
CMT01381,DEC00623,,warehouse,W002,plant_scheduler,2025-02-06,P02 commits to deliver FG line POL0040440 (PO PO013498) to W002 by 2025-02-25,259.0,2025-02-25,service-level KPI,renegotiated,2025-02-11
CMT01382,DEC00624,,warehouse,W008,plant_scheduler,2025-02-06,P03 commits to deliver FG line POL0010104 (PO PO003399) to W008 by 2025-03-04,598.0,2025-03-04,service-level KPI,breached,2025-03-05
CMT01383,DEC00628,,supplier,SUP0044,supplier_account_manager,2025-02-07,Supplier 044 (SUP0044) commits to deliver RMPO027308 by 2025-02-19 on expedited freight,118.6602,2025-02-19,2% credit per week late beyond 3 days,breached,2025-02-27
CMT01384,DEC00628,,supplier,SUP0044,supplier_account_manager,2025-02-07,Supplier 044 (SUP0044) confirms revised ship-to-arrive date 2025-02-27 for RMPO027308,118.6602,2025-02-27,2% credit per week late beyond 3 days,fulfilled,2025-02-27
CMT01385,DEC00629,,supplier,SUP0054,supplier_account_manager,2025-02-07,Supplier 054 (SUP0054) commits to deliver replacement order RMPO029247 by 2025-02-10,675.0,2025-02-10,2% credit per week late beyond 3 days,breached,2025-02-23
CMT01386,DEC00633,,supplier,SUP0065,supplier_account_manager,2025-02-07,Supplier 065 (SUP0065) confirms revised ship-to-arrive date 2025-02-22 for RMPO028858,17.0,2025-02-22,none,fulfilled,2025-02-22
CMT01387,DEC00631,,supplier,SUP0118,supplier_account_manager,2025-02-07,Supplier 118 (SUP0118) confirms revised ship-to-arrive date 2025-03-02 for RMPO027640,30.0,2025-03-02,2% credit per week late beyond 3 days,fulfilled,2025-02-24
CMT01388,DEC00625,,warehouse,W011,plant_scheduler,2025-02-07,P01 commits to deliver FG line POL0002790 (PO PO000930) to W011 by 2025-03-02,112.0,2025-03-02,service-level KPI,renegotiated,2025-02-11
CMT01389,DEC00626,,warehouse,W007,plant_scheduler,2025-02-07,P05 commits to deliver FG line POL0027958 (PO PO009361) to W007 by 2025-02-22,281.0,2025-02-22,service-level KPI,breached,2025-02-23
CMT01390,DEC00628,,warehouse,W010,plant_scheduler,2025-02-08,P02 commits to deliver FG line POL0013758 (PO PO004614) to W010 by 2025-03-07,370.0,2025-03-07,service-level KPI,renegotiated,2025-02-08
CMT01391,DEC00636,,supplier,SUP0039,supplier_account_manager,2025-02-08,Supplier 039 (SUP0039) confirms revised ship-to-arrive date 2025-03-08 for RMPO029245,420.7992,2025-03-08,expedite freight at supplier cost if >7 days late,fulfilled,2025-03-04
CMT01392,DEC00629,,warehouse,W009,plant_scheduler,2025-02-08,P03 commits to deliver FG line POL0039023 (PO PO013025) to W009 by 2025-03-07,23.0,2025-03-07,service-level KPI,fulfilled,2025-03-02
CMT01393,DEC00632,,supplier,SUP0125,supplier_account_manager,2025-02-08,Supplier 125 (SUP0125) commits to deliver replacement order RMPO029251 by 2025-02-13,358.8539,2025-02-13,2% credit per week late beyond 3 days,breached,2025-02-25
CMT01394,DEC00631,,supplier,SUP0118,supplier_account_manager,2025-02-08,Supplier 118 (SUP0118) commits to deliver RMPO027640 by 2025-02-23 on expedited freight,30.0,2025-02-23,2% credit per week late beyond 3 days,breached,2025-02-24
CMT01395,DEC00635,,supplier,SUP0054,supplier_account_manager,2025-02-08,Supplier 054 (SUP0054) confirms revised ship-to-arrive date 2025-02-20 for RMPO029081,60.0,2025-02-20,2% credit per week late beyond 3 days,breached,2025-02-27
CMT01396,DEC00636,,supplier,SUP0039,supplier_account_manager,2025-02-09,Supplier 039 (SUP0039) commits to deliver RMPO029245 by 2025-03-01 on expedited freight,420.7992,2025-03-01,expedite freight at supplier cost if >7 days late,breached,2025-03-04
CMT01397,DEC00632,,warehouse,W001,plant_scheduler,2025-02-09,P05 commits to deliver FG line POL0039628 (PO PO013228) to W001 by 2025-03-09,538.0,2025-03-09,service-level KPI,fulfilled,2025-03-05
CMT01398,DEC00637,,supplier,SUP0079,supplier_account_manager,2025-02-09,Supplier 079 (SUP0079) commits to deliver RMPO028345 by 2025-02-12 on expedited freight,300.0,2025-02-12,"0.5% credit per day late, capped at 10%",fulfilled,2025-02-12
CMT01399,DEC00637,,supplier,SUP0079,supplier_account_manager,2025-02-09,Supplier 079 (SUP0079) confirms revised ship-to-arrive date 2025-02-17 for RMPO028345,300.0,2025-02-17,"0.5% credit per day late, capped at 10%",fulfilled,2025-02-12
CMT01400,DEC00638,,supplier,SUP0208,supplier_account_manager,2025-02-09,Supplier 208 (SUP0208) commits to deliver RMPO027997 by 2025-02-23 on expedited freight,190.0,2025-02-23,"0.5% credit per day late, capped at 10%",fulfilled,2025-02-23
CMT01401,DEC00638,,supplier,SUP0208,supplier_account_manager,2025-02-09,Supplier 208 (SUP0208) confirms revised ship-to-arrive date 2025-02-26 for RMPO027997,190.0,2025-02-26,"0.5% credit per day late, capped at 10%",fulfilled,2025-02-23
CMT01402,DEC00639,,supplier,SUP0026,supplier_account_manager,2025-02-09,Supplier 026 (SUP0026) commits to deliver RMPO028539 by 2025-02-11 on expedited freight,1050.0,2025-02-11,1% credit per week late beyond 5 days,breached,2025-02-15
CMT01403,DEC00639,,supplier,SUP0026,supplier_account_manager,2025-02-09,Supplier 026 (SUP0026) confirms revised ship-to-arrive date 2025-02-17 for RMPO028539,1050.0,2025-02-17,1% credit per week late beyond 5 days,fulfilled,2025-02-15
CMT01404,DEC00631,,warehouse,W008,plant_scheduler,2025-02-09,P01 commits to deliver FG line POL0038808 (PO PO012954) to W008 by 2025-03-10,381.0,2025-03-10,service-level KPI,fulfilled,2025-03-04
CMT01405,DEC00635,,supplier,SUP0054,supplier_account_manager,2025-02-09,Supplier 054 (SUP0054) commits to deliver RMPO029081 by 2025-02-13 on expedited freight,60.0,2025-02-13,2% credit per week late beyond 3 days,breached,2025-02-27
CMT01406,DEC00640,,supplier,SUP0134,supplier_account_manager,2025-02-10,Supplier 134 (SUP0134) commits to deliver RMPO027914 by 2025-02-17 on expedited freight,180.0,2025-02-17,"0.5% credit per day late, capped at 10%",breached,2025-02-22
CMT01407,DEC00640,,supplier,SUP0134,supplier_account_manager,2025-02-10,Supplier 134 (SUP0134) confirms revised ship-to-arrive date 2025-02-24 for RMPO027914,180.0,2025-02-24,"0.5% credit per day late, capped at 10%",fulfilled,2025-02-22
CMT01408,DEC00636,,warehouse,W012,plant_scheduler,2025-02-10,P02 commits to deliver FG line POL0047119 (PO PO015720) to W012 by 2025-03-16,495.0,2025-03-16,service-level KPI,fulfilled,2025-03-12
CMT01409,DEC00641,,supplier,SUP0039,supplier_account_manager,2025-02-10,Supplier 039 (SUP0039) commits to deliver RMPO029246 by 2025-03-04 on expedited freight,435.5832,2025-03-04,expedite freight at supplier cost if >7 days late,fulfilled,2025-03-01
CMT01410,DEC00642,,supplier,SUP0039,supplier_account_manager,2025-02-10,Supplier 039 (SUP0039) commits to deliver RMPO028822 by 2025-02-12 on expedited freight,51.8314,2025-02-12,expedite freight at supplier cost if >7 days late,breached,2025-02-17
CMT01411,DEC00642,,supplier,SUP0039,supplier_account_manager,2025-02-10,Supplier 039 (SUP0039) confirms revised ship-to-arrive date 2025-02-17 for RMPO028822,51.8314,2025-02-17,expedite freight at supplier cost if >7 days late,fulfilled,2025-02-17
CMT01412,DEC00643,,supplier,SUP0054,supplier_account_manager,2025-02-10,Supplier 054 (SUP0054) confirms revised ship-to-arrive date 2025-03-02 for RMPO028837,60.0,2025-03-02,2% credit per week late beyond 3 days,fulfilled,2025-02-24
CMT01413,DEC00635,,warehouse,W006,plant_scheduler,2025-02-10,P03 commits to deliver FG line POL0016786 (PO PO005625) to W006 by 2025-02-27,53.0,2025-02-27,service-level KPI,breached,2025-03-06
CMT01414,DEC00640,,warehouse,W012,plant_scheduler,2025-02-11,P03 commits to deliver FG line POL0050429 (PO PO016830) to W012 by 2025-02-28,165.0,2025-02-28,service-level KPI,fulfilled,2025-02-27
CMT01415,DEC00641,,warehouse,W001,plant_scheduler,2025-02-11,P03 commits to deliver FG line POL0006671 (PO PO002261) to W001 by 2025-03-14,181.0,2025-03-14,service-level KPI,fulfilled,2025-03-09
CMT01416,DEC00642,,warehouse,W011,plant_scheduler,2025-02-11,P01 commits to deliver FG line POL0022445 (PO PO007521) to W011 by 2025-02-23,371.0,2025-02-23,service-level KPI,fulfilled,2025-02-23
CMT01417,DEC00643,,supplier,SUP0054,supplier_account_manager,2025-02-11,Supplier 054 (SUP0054) commits to deliver RMPO028837 by 2025-02-22 on expedited freight,60.0,2025-02-22,2% credit per week late beyond 3 days,breached,2025-02-24
CMT01418,DEC00645,,supplier,SUP0201,supplier_account_manager,2025-02-11,Supplier 201 (SUP0201) confirms revised ship-to-arrive date 2025-03-02 for RMPO029197,14.6986,2025-03-02,none,fulfilled,2025-03-02
CMT01419,DEC00644,,supplier,SUP0089,supplier_account_manager,2025-02-11,Supplier 089 (SUP0089) commits to deliver RMPO028596 by 2025-02-27 on expedited freight,2000.0,2025-02-27,none,fulfilled,2025-02-26
CMT01420,DEC00644,,supplier,SUP0089,supplier_account_manager,2025-02-11,Supplier 089 (SUP0089) confirms revised ship-to-arrive date 2025-03-06 for RMPO028596,2000.0,2025-03-06,none,fulfilled,2025-02-26
CMT01421,DEC00647,,supplier,SUP0182,supplier_account_manager,2025-02-12,Supplier 182 (SUP0182) commits to deliver RMPO028210 by 2025-02-27 on expedited freight,250.0,2025-02-27,none,breached,2025-03-03
CMT01422,DEC00647,,supplier,SUP0182,supplier_account_manager,2025-02-12,Supplier 182 (SUP0182) confirms revised ship-to-arrive date 2025-03-03 for RMPO028210,250.0,2025-03-03,none,fulfilled,2025-03-03
CMT01423,DEC00643,,warehouse,W006,plant_scheduler,2025-02-12,P02 commits to deliver FG line POL0007476 (PO PO002523) to W006 by 2025-03-08,483.0,2025-03-08,service-level KPI,fulfilled,2025-03-03
CMT01424,DEC00651,,supplier,SUP0051,supplier_account_manager,2025-02-12,Supplier 051 (SUP0051) confirms revised ship-to-arrive date 2025-02-28 for RMPO028273,1012.1007,2025-02-28,1% credit per week late beyond 5 days,breached,2025-03-05
CMT01425,DEC00645,,supplier,SUP0201,supplier_account_manager,2025-02-12,Supplier 201 (SUP0201) commits to deliver RMPO029197 by 2025-02-25 on expedited freight,14.6986,2025-02-25,none,breached,2025-03-02
CMT01426,DEC00644,,warehouse,W005,plant_scheduler,2025-02-12,P03 commits to deliver FG line POL0033058 (PO PO011047) to W005 by 2025-03-14,513.0,2025-03-14,service-level KPI,fulfilled,2025-03-06
CMT01427,DEC00649,,supplier,SUP0013,supplier_account_manager,2025-02-13,Supplier 013 (SUP0013) commits to deliver RMPO028788 by 2025-02-24 on expedited freight,647.6404,2025-02-24,"0.5% credit per day late, capped at 10%",fulfilled,2025-02-23
CMT01428,DEC00650,,supplier,SUP0175,supplier_account_manager,2025-02-13,Supplier 175 (SUP0175) commits to deliver RMPO029249 by 2025-02-24 on expedited freight,92.0915,2025-02-24,1% credit per week late beyond 5 days,fulfilled,2025-02-24
CMT01429,DEC00650,,supplier,SUP0175,supplier_account_manager,2025-02-13,Supplier 175 (SUP0175) confirms revised ship-to-arrive date 2025-03-01 for RMPO029249,92.0915,2025-03-01,1% credit per week late beyond 5 days,fulfilled,2025-02-24
CMT01430,DEC00646,,warehouse,W004,plant_scheduler,2025-02-13,P05 commits to deliver FG line POL0017610 (PO PO005909) to W004 by 2025-02-28,312.0,2025-02-28,service-level KPI,breached,2025-03-05
CMT01431,DEC00647,,warehouse,W003,plant_scheduler,2025-02-13,P01 commits to deliver FG line POL0023328 (PO PO007818) to W003 by 2025-03-11,297.0,2025-03-11,service-level KPI,fulfilled,2025-03-11
CMT01432,DEC00653,,supplier,SUP0152,supplier_account_manager,2025-02-13,Supplier 152 (SUP0152) commits to deliver RMPO028420 by 2025-02-15 on expedited freight,120.0,2025-02-15,1% credit per week late beyond 5 days,fulfilled,2025-02-15
CMT01433,DEC00653,,supplier,SUP0152,supplier_account_manager,2025-02-13,Supplier 152 (SUP0152) confirms revised ship-to-arrive date 2025-02-19 for RMPO028420,120.0,2025-02-19,1% credit per week late beyond 5 days,fulfilled,2025-02-15
CMT01434,DEC00648,,supplier,SUP0103,supplier_account_manager,2025-02-13,Supplier 103 (SUP0103) confirms revised ship-to-arrive date 2025-02-21 for RMPO028503,19.151,2025-02-21,none,breached,2025-02-24
CMT01435,DEC00651,,supplier,SUP0051,supplier_account_manager,2025-02-13,Supplier 051 (SUP0051) commits to deliver RMPO028273 by 2025-02-25 on expedited freight,1012.1007,2025-02-25,1% credit per week late beyond 5 days,breached,2025-03-05
CMT01436,DEC00645,,warehouse,W007,plant_scheduler,2025-02-13,P02 commits to deliver FG line POL0041590 (PO PO013873) to W007 by 2025-03-05,205.0,2025-03-05,service-level KPI,breached,2025-03-15
CMT01437,DEC00649,,warehouse,W003,plant_scheduler,2025-02-14,P02 commits to deliver FG line POL0016965 (PO PO005687) to W003 by 2025-03-05,479.0,2025-03-05,service-level KPI,fulfilled,2025-03-01
CMT01438,DEC00655,,supplier,SUP0013,supplier_account_manager,2025-02-14,Supplier 013 (SUP0013) confirms revised ship-to-arrive date 2025-02-24 for RMPO028533,1400.0,2025-02-24,"0.5% credit per day late, capped at 10%",fulfilled,2025-02-24
CMT01439,DEC00650,,warehouse,W002,plant_scheduler,2025-02-14,P04 commits to deliver FG line POL0052269 (PO PO017451) to W002 by 2025-03-07,48.0,2025-03-07,service-level KPI,fulfilled,2025-03-02
CMT01440,DEC00654,,supplier,SUP0103,supplier_account_manager,2025-02-14,Supplier 103 (SUP0103) commits to deliver RMPO028611 by 2025-03-02 on expedited freight,31.6264,2025-03-02,none,fulfilled,2025-03-02
CMT01441,DEC00648,,warehouse,W008,plant_scheduler,2025-02-14,P05 commits to deliver FG line POL0044971 (PO PO014999) to W008 by 2025-02-28,433.0,2025-02-28,service-level KPI,breached,2025-03-12
CMT01442,DEC00651,,warehouse,W004,plant_scheduler,2025-02-14,P05 commits to deliver FG line POL0027718 (PO PO009283) to W004 by 2025-03-06,190.0,2025-03-06,service-level KPI,renegotiated,2025-02-26
CMT01443,DEC00656,,supplier,SUP0039,supplier_account_manager,2025-02-15,Supplier 039 (SUP0039) commits to deliver RMPO029063 by 2025-03-02 on expedited freight,14.0,2025-03-02,expedite freight at supplier cost if >7 days late,fulfilled,2025-03-02
CMT01444,DEC00656,,supplier,SUP0039,supplier_account_manager,2025-02-15,Supplier 039 (SUP0039) confirms revised ship-to-arrive date 2025-03-07 for RMPO029063,14.0,2025-03-07,expedite freight at supplier cost if >7 days late,fulfilled,2025-03-02
CMT01445,DEC00655,,warehouse,W003,plant_scheduler,2025-02-15,P05 commits to deliver FG line POL0002804 (PO PO000934) to W003 by 2025-03-01,589.0,2025-03-01,service-level KPI,fulfilled,2025-03-01
CMT01446,DEC00657,,supplier,SUP0051,supplier_account_manager,2025-02-15,Supplier 051 (SUP0051) commits to deliver RMPO028033 by 2025-02-22 on expedited freight,1174.3993,2025-02-22,1% credit per week late beyond 5 days,breached,2025-03-02
CMT01447,DEC00654,,warehouse,W007,plant_scheduler,2025-02-15,P03 commits to deliver FG line POL0022287 (PO PO007471) to W007 by 2025-03-16,30.0,2025-03-16,service-level KPI,fulfilled,2025-03-11
CMT01448,DEC00656,,warehouse,W008,plant_scheduler,2025-02-16,P01 commits to deliver FG line POL0026519 (PO PO008890) to W008 by 2025-03-15,476.0,2025-03-15,service-level KPI,fulfilled,2025-03-11
CMT01449,DEC00661,,supplier,SUP0217,supplier_account_manager,2025-02-16,Supplier 217 (SUP0217) confirms revised ship-to-arrive date 2025-03-09 for RMPO028751,386.3509,2025-03-09,none,fulfilled,2025-03-09
CMT01450,DEC00657,,warehouse,W009,plant_scheduler,2025-02-16,P04 commits to deliver FG line POL0001358 (PO PO000451) to W009 by 2025-03-11,150.0,2025-03-11,service-level KPI,renegotiated,2025-02-28
CMT01451,DEC00661,,supplier,SUP0217,supplier_account_manager,2025-02-17,Supplier 217 (SUP0217) commits to deliver RMPO028751 by 2025-03-05 on expedited freight,386.3509,2025-03-05,none,breached,2025-03-09
CMT01452,DEC00659,,warehouse,W011,plant_scheduler,2025-02-17,P01 commits to deliver FG line POL0047506 (PO PO015862) to W011 by 2025-03-03,247.0,2025-03-03,service-level KPI,breached,2025-03-04
CMT01453,DEC00662,,supplier,SUP0175,supplier_account_manager,2025-02-17,Supplier 175 (SUP0175) confirms revised ship-to-arrive date 2025-02-27 for RMPO029686,3116.6359,2025-02-27,1% credit per week late beyond 5 days,fulfilled,2025-02-27
CMT01454,DEC00660,,supplier,SUP0214,supplier_account_manager,2025-02-17,Supplier 214 (SUP0214) commits to deliver RMPO028744 by 2025-03-06 on expedited freight,18.247,2025-03-06,1% credit per week late beyond 5 days,breached,2025-03-10
CMT01455,DEC00660,,supplier,SUP0214,supplier_account_manager,2025-02-17,Supplier 214 (SUP0214) confirms revised ship-to-arrive date 2025-03-13 for RMPO028744,18.247,2025-03-13,1% credit per week late beyond 5 days,fulfilled,2025-03-10
CMT01456,DEC00663,,supplier,SUP0039,supplier_account_manager,2025-02-18,Supplier 039 (SUP0039) commits to deliver RMPO029292 by 2025-03-06 on expedited freight,750.0,2025-03-06,expedite freight at supplier cost if >7 days late,fulfilled,2025-03-06
CMT01457,DEC00663,,supplier,SUP0039,supplier_account_manager,2025-02-18,Supplier 039 (SUP0039) confirms revised ship-to-arrive date 2025-03-13 for RMPO029292,750.0,2025-03-13,expedite freight at supplier cost if >7 days late,fulfilled,2025-03-06
CMT01458,DEC00661,,warehouse,W002,plant_scheduler,2025-02-18,P05 commits to deliver FG line POL0041075 (PO PO013714) to W002 by 2025-03-16,201.0,2025-03-16,service-level KPI,fulfilled,2025-03-16
CMT01459,DEC00664,,supplier,SUP0175,supplier_account_manager,2025-02-18,Supplier 175 (SUP0175) confirms revised ship-to-arrive date 2025-02-24 for RMPO029429,80.0,2025-02-24,1% credit per week late beyond 5 days,fulfilled,2025-02-24
CMT01460,,NEG0042,supplier,SUP0214,category_manager,2025-02-18,"We commit to purchase at least 2,560 units from Supplier 214 (SUP0214) under CT00258 by 2027-02-28",2560.0,2027-02-28,volume shortfall invoiced at 5% of unpurchased value,open,
CMT01461,,NEG0042,supplier,SUP0214,supplier_account_manager,2025-02-18,Supplier 214 (SUP0214) commits to hold contract prices under CT00258 until 2027-02-28,,2027-02-28,1% credit per week late beyond 5 days,open,
CMT01462,DEC00662,,supplier,SUP0175,supplier_account_manager,2025-02-18,Supplier 175 (SUP0175) commits to deliver RMPO029686 by 2025-02-20 on expedited freight,3116.6359,2025-02-20,1% credit per week late beyond 5 days,breached,2025-02-27
CMT01463,DEC00660,,warehouse,W002,plant_scheduler,2025-02-18,P04 commits to deliver FG line POL0032953 (PO PO011010) to W002 by 2025-03-22,504.0,2025-03-22,service-level KPI,fulfilled,2025-03-19
CMT01464,DEC00665,,supplier,SUP0182,supplier_account_manager,2025-02-19,Supplier 182 (SUP0182) commits to deliver RMPO028211 by 2025-03-02 on expedited freight,1500.0,2025-03-02,none,breached,2025-03-07
CMT01465,DEC00665,,supplier,SUP0182,supplier_account_manager,2025-02-19,Supplier 182 (SUP0182) confirms revised ship-to-arrive date 2025-03-07 for RMPO028211,1500.0,2025-03-07,none,fulfilled,2025-03-07
CMT01466,DEC00663,,warehouse,W004,plant_scheduler,2025-02-19,P05 commits to deliver FG line POL0008111 (PO PO002730) to W004 by 2025-03-20,276.0,2025-03-20,service-level KPI,fulfilled,2025-03-13
CMT01467,DEC00666,,supplier,SUP0134,supplier_account_manager,2025-02-19,Supplier 134 (SUP0134) commits to deliver RMPO028512 by 2025-02-27 on expedited freight,491.1056,2025-02-27,"0.5% credit per day late, capped at 10%",breached,2025-03-06
CMT01468,DEC00666,,supplier,SUP0134,supplier_account_manager,2025-02-19,Supplier 134 (SUP0134) confirms revised ship-to-arrive date 2025-03-06 for RMPO028512,491.1056,2025-03-06,"0.5% credit per day late, capped at 10%",fulfilled,2025-03-06
CMT01469,DEC00662,,warehouse,W010,plant_scheduler,2025-02-19,P05 commits to deliver FG line POL0036736 (PO PO012271) to W010 by 2025-03-07,66.0,2025-03-07,service-level KPI,fulfilled,2025-03-07
CMT01470,DEC00668,,supplier,SUP0065,supplier_account_manager,2025-02-19,Supplier 065 (SUP0065) confirms revised ship-to-arrive date 2025-02-23 for RMPO029241,9.2774,2025-02-23,none,breached,2025-02-26
CMT01471,DEC00669,,supplier,SUP0062,supplier_account_manager,2025-02-20,Supplier 062 (SUP0062) confirms revised ship-to-arrive date 2025-03-09 for RMPO029240,82.8482,2025-03-09,expedite freight at supplier cost if >7 days late,fulfilled,2025-03-07
CMT01472,DEC00665,,warehouse,W008,plant_scheduler,2025-02-20,P03 commits to deliver FG line POL0049381 (PO PO016483) to W008 by 2025-03-13,368.0,2025-03-13,service-level KPI,fulfilled,2025-03-13
CMT01473,DEC00666,,warehouse,W009,plant_scheduler,2025-02-20,P03 commits to deliver FG line POL0048853 (PO PO016311) to W009 by 2025-03-09,493.0,2025-03-09,service-level KPI,breached,2025-03-10
CMT01474,DEC00667,,supplier,SUP0185,supplier_account_manager,2025-02-20,Supplier 185 (SUP0185) commits to deliver RMPO029767 by 2025-02-27 on expedited freight,2211.9955,2025-02-27,1% credit per week late beyond 5 days,breached,2025-03-06
CMT01475,DEC00669,,supplier,SUP0062,supplier_account_manager,2025-02-21,Supplier 062 (SUP0062) commits to deliver RMPO029240 by 2025-03-02 on expedited freight,82.8482,2025-03-02,expedite freight at supplier cost if >7 days late,breached,2025-03-07
CMT01476,DEC00670,,supplier,SUP0054,supplier_account_manager,2025-02-21,Supplier 054 (SUP0054) confirms revised ship-to-arrive date 2025-03-12 for RMPO029314,60.0,2025-03-12,2% credit per week late beyond 3 days,fulfilled,2025-03-09
CMT01477,DEC00667,,warehouse,W002,plant_scheduler,2025-02-21,P04 commits to deliver FG line POL0034573 (PO PO011556) to W002 by 2025-03-15,63.0,2025-03-15,service-level KPI,breached,2025-03-16
CMT01478,DEC00668,,warehouse,W003,plant_scheduler,2025-02-21,P02 commits to deliver FG line POL0001518 (PO PO000508) to W003 by 2025-03-04,162.0,2025-03-04,service-level KPI,breached,2025-03-06
CMT01479,DEC00669,,warehouse,W003,plant_scheduler,2025-02-22,P03 commits to deliver FG line POL0030510 (PO PO010209) to W003 by 2025-03-13,277.0,2025-03-13,service-level KPI,fulfilled,2025-03-11
CMT01480,DEC00670,,supplier,SUP0054,supplier_account_manager,2025-02-22,Supplier 054 (SUP0054) commits to deliver RMPO029314 by 2025-03-06 on expedited freight,60.0,2025-03-06,2% credit per week late beyond 3 days,breached,2025-03-09
CMT01481,DEC00671,,supplier,SUP0134,supplier_account_manager,2025-02-23,Supplier 134 (SUP0134) commits to deliver RMPO028515 by 2025-03-01 on expedited freight,765.7143,2025-03-01,"0.5% credit per day late, capped at 10%",breached,2025-03-05
CMT01482,DEC00671,,supplier,SUP0134,supplier_account_manager,2025-02-23,Supplier 134 (SUP0134) confirms revised ship-to-arrive date 2025-03-05 for RMPO028515,765.7143,2025-03-05,"0.5% credit per day late, capped at 10%",fulfilled,2025-03-05
CMT01483,DEC00670,,warehouse,W005,plant_scheduler,2025-02-23,P05 commits to deliver FG line POL0003398 (PO PO001128) to W005 by 2025-03-16,227.0,2025-03-16,service-level KPI,fulfilled,2025-03-13
CMT01484,DEC00671,,warehouse,W009,plant_scheduler,2025-02-24,P02 commits to deliver FG line POL0009091 (PO PO003052) to W009 by 2025-03-12,592.0,2025-03-12,service-level KPI,renegotiated,2025-03-03
CMT01485,DEC00673,,supplier,SUP0175,supplier_account_manager,2025-02-24,Supplier 175 (SUP0175) confirms revised ship-to-arrive date 2025-03-08 for RMPO029959,2000.0,2025-03-08,1% credit per week late beyond 5 days,fulfilled,2025-03-02
CMT01486,DEC00672,,supplier,SUP0185,supplier_account_manager,2025-02-24,Supplier 185 (SUP0185) confirms revised ship-to-arrive date 2025-03-11 for RMPO029772,4948.4425,2025-03-11,1% credit per week late beyond 5 days,fulfilled,2025-03-11
CMT01487,DEC00673,,supplier,SUP0175,supplier_account_manager,2025-02-25,Supplier 175 (SUP0175) commits to deliver RMPO029959 by 2025-03-02 on expedited freight,2000.0,2025-03-02,1% credit per week late beyond 5 days,fulfilled,2025-03-02
CMT01488,,,supplier,SUP0179,supplier_account_manager,2025-02-25,Supplier 179 (SUP0179) order confirmation: RMPO029966 to arrive by 2025-03-27,3000.0,2025-03-27,2% credit per week late beyond 3 days,breached,2025-04-02
CMT01489,DEC00672,,supplier,SUP0185,supplier_account_manager,2025-02-25,Supplier 185 (SUP0185) commits to deliver RMPO029772 by 2025-03-06 on expedited freight,4948.4425,2025-03-06,1% credit per week late beyond 5 days,breached,2025-03-11
CMT01490,,NEG0043,supplier,SUP0055,category_manager,2025-02-26,"We commit to purchase at least 307,880 units from Supplier 055 (SUP0055) under CT00063 by 2027-02-28",307880.0,2027-02-28,volume shortfall invoiced at 5% of unpurchased value,open,
CMT01491,,NEG0043,supplier,SUP0055,supplier_account_manager,2025-02-26,Supplier 055 (SUP0055) commits to hold contract prices under CT00063 until 2027-02-28,,2027-02-28,1% credit per week late beyond 5 days,open,
CMT01492,DEC00674,,supplier,SUP0151,supplier_account_manager,2025-02-26,Supplier 151 (SUP0151) confirms revised ship-to-arrive date 2025-03-11 for RMPO029036,59.0021,2025-03-11,"0.5% credit per day late, capped at 10%",fulfilled,2025-03-11
CMT01493,DEC00672,,warehouse,W010,plant_scheduler,2025-02-26,P05 commits to deliver FG line POL0035142 (PO PO011763) to W010 by 2025-03-18,131.0,2025-03-18,service-level KPI,breached,2025-03-19
CMT01494,DEC00676,,supplier,SUP0033,supplier_account_manager,2025-02-27,Supplier 033 (SUP0033) confirms revised ship-to-arrive date 2025-03-27 for RMPO028505,63.9964,2025-03-27,none,fulfilled,2025-03-23
CMT01495,DEC00674,,supplier,SUP0151,supplier_account_manager,2025-02-27,Supplier 151 (SUP0151) commits to deliver RMPO029036 by 2025-03-04 on expedited freight,59.0021,2025-03-04,"0.5% credit per day late, capped at 10%",breached,2025-03-11
CMT01496,DEC00676,,supplier,SUP0033,supplier_account_manager,2025-02-28,Supplier 033 (SUP0033) commits to deliver RMPO028505 by 2025-03-20 on expedited freight,63.9964,2025-03-20,none,breached,2025-03-23
CMT01497,DEC00674,,warehouse,W010,plant_scheduler,2025-02-28,P01 commits to deliver FG line POL0028115 (PO PO009414) to W010 by 2025-03-15,436.0,2025-03-15,service-level KPI,renegotiated,2025-03-01
CMT01498,DEC00675,,warehouse,W010,plant_scheduler,2025-03-01,P02 commits to deliver FG line POL0025309 (PO PO008479) to W010 by 2025-04-02,160.0,2025-04-02,service-level KPI,fulfilled,2025-03-28
CMT01499,DEC00676,,warehouse,W007,plant_scheduler,2025-03-01,P04 commits to deliver FG line POL0037708 (PO PO012590) to W007 by 2025-04-01,115.0,2025-04-01,service-level KPI,fulfilled,2025-03-28
CMT01500,,,supplier,SUP0179,supplier_account_manager,2025-03-04,Supplier 179 (SUP0179) order confirmation: RMPO030212 to arrive by 2025-04-01,1000.0,2025-04-01,2% credit per week late beyond 3 days,renegotiated,2025-03-21
CMT01501,DEC00677,,supplier,SUP0028,supplier_account_manager,2025-03-06,Supplier 028 (SUP0028) commits to deliver RMPO028815 by 2025-03-20 on expedited freight,1500.0,2025-03-20,expedite freight at supplier cost if >7 days late,breached,2025-03-24
CMT01502,DEC00677,,supplier,SUP0028,supplier_account_manager,2025-03-06,Supplier 028 (SUP0028) confirms revised ship-to-arrive date 2025-03-26 for RMPO028815,1500.0,2025-03-26,expedite freight at supplier cost if >7 days late,fulfilled,2025-03-24
CMT01503,DEC00677,,warehouse,W008,plant_scheduler,2025-03-07,P03 commits to deliver FG line POL0009029 (PO PO003032) to W008 by 2025-04-01,416.0,2025-04-01,service-level KPI,fulfilled,2025-03-31
CMT01504,DEC00678,,supplier,SUP0039,supplier_account_manager,2025-03-07,Supplier 039 (SUP0039) confirms revised ship-to-arrive date 2025-03-10 for RMPO029548,600.0,2025-03-10,expedite freight at supplier cost if >7 days late,fulfilled,2025-03-10
CMT01505,DEC00679,,supplier,SUP0042,supplier_account_manager,2025-03-12,Supplier 042 (SUP0042) commits to deliver RMPO030033 by 2025-03-22 on expedited freight,1183.2473,2025-03-22,none,breached,2025-03-28
CMT01506,DEC00680,,supplier,SUP0179,supplier_account_manager,2025-03-13,Supplier 179 (SUP0179) commits to deliver RMPO029516 by 2025-03-21 on expedited freight,1535.4564,2025-03-21,2% credit per week late beyond 3 days,breached,2025-03-27
CMT01507,DEC00679,,warehouse,W008,plant_scheduler,2025-03-13,P02 commits to deliver FG line POL0005823 (PO PO001970) to W008 by 2025-04-03,316.0,2025-04-03,service-level KPI,fulfilled,2025-04-03
CMT01508,DEC00680,,warehouse,W003,plant_scheduler,2025-03-14,P05 commits to deliver FG line POL0048402 (PO PO016156) to W003 by 2025-04-01,366.0,2025-04-01,service-level KPI,breached,2025-04-08
CMT01509,DEC00681,,supplier,SUP0185,supplier_account_manager,2025-03-14,Supplier 185 (SUP0185) commits to deliver RMPO030230 by 2025-03-27 on expedited freight,4000.0,2025-03-27,1% credit per week late beyond 5 days,breached,2025-03-31
CMT01510,DEC00681,,warehouse,W010,plant_scheduler,2025-03-15,P03 commits to deliver FG line POL0050188 (PO PO016753) to W010 by 2025-04-10,418.0,2025-04-10,service-level KPI,fulfilled,2025-04-07
CMT01511,DEC00682,,plant,P04,plant_scheduler,2025-03-16,P04 commits to ship 6.3 kg of RM0017 to arrive at P03 by 2025-03-22,6.301,2025-03-22,internal,fulfilled,2025-03-20
CMT01512,DEC00683,,plant,P04,plant_scheduler,2025-03-19,P04 commits to ship 40.5 kg of RM0119 to arrive at P03 by 2025-03-24,40.4853,2025-03-24,internal,fulfilled,2025-03-23
CMT01513,DEC00684,,supplier,SUP0138,supplier_account_manager,2025-03-20,Supplier 138 (SUP0138) commits to deliver RMPO028930 by 2025-04-06 on expedited freight,1191.2573,2025-04-06,"0.5% credit per day late, capped at 10%",breached,2025-04-07
CMT01514,DEC00684,,supplier,SUP0138,supplier_account_manager,2025-03-20,Supplier 138 (SUP0138) confirms revised ship-to-arrive date 2025-04-09 for RMPO028930,1191.2573,2025-04-09,"0.5% credit per day late, capped at 10%",fulfilled,2025-04-07
CMT01515,DEC00684,,warehouse,W004,plant_scheduler,2025-03-21,P02 commits to deliver FG line POL0051860 (PO PO017315) to W004 by 2025-04-16,568.0,2025-04-16,service-level KPI,breached,2025-04-19
CMT01516,DEC00685,,supplier,SUP0047,supplier_account_manager,2025-03-22,Supplier 047 (SUP0047) confirms revised ship-to-arrive date 2025-04-24 for RMPO029299,500.0,2025-04-24,none,fulfilled,2025-04-18
CMT01517,DEC00685,,supplier,SUP0047,supplier_account_manager,2025-03-23,Supplier 047 (SUP0047) commits to deliver RMPO029299 by 2025-04-21 on expedited freight,500.0,2025-04-21,none,fulfilled,2025-04-18
CMT01518,,NEG0045,supplier,SUP0185,category_manager,2025-03-23,"We commit to purchase at least 262,030 units from Supplier 185 (SUP0185) under CT00219 by 2026-03-31",262030.0,2026-03-31,volume shortfall invoiced at 5% of unpurchased value,open,
CMT01519,,NEG0045,supplier,SUP0185,supplier_account_manager,2025-03-23,Supplier 185 (SUP0185) commits to hold contract prices under CT00219 until 2026-03-31,,2026-03-31,1% credit per week late beyond 5 days,breached,2025-11-04
CMT01520,DEC00685,,warehouse,W002,plant_scheduler,2025-03-24,P03 commits to deliver FG line POL0006661 (PO PO002258) to W002 by 2025-04-30,402.0,2025-04-30,service-level KPI,fulfilled,2025-04-24
CMT01521,DEC00687,,supplier,SUP0033,supplier_account_manager,2025-03-24,Supplier 033 (SUP0033) commits to deliver RMPO029059 by 2025-04-04 on expedited freight,68.6327,2025-04-04,none,breached,2025-04-09
CMT01522,DEC00687,,supplier,SUP0033,supplier_account_manager,2025-03-24,Supplier 033 (SUP0033) confirms revised ship-to-arrive date 2025-04-12 for RMPO029059,68.6327,2025-04-12,none,fulfilled,2025-04-09
CMT01523,DEC00686,,supplier,SUP0185,supplier_account_manager,2025-03-24,Supplier 185 (SUP0185) commits to deliver RMPO030782 by 2025-04-12 on expedited freight,5134.7125,2025-04-12,1% credit per week late beyond 5 days,fulfilled,2025-04-12
CMT01524,DEC00687,,warehouse,W004,plant_scheduler,2025-03-25,P01 commits to deliver FG line POL0016157 (PO PO005425) to W004 by 2025-04-14,579.0,2025-04-14,service-level KPI,breached,2025-04-16
CMT01525,DEC00686,,warehouse,W006,plant_scheduler,2025-03-25,P02 commits to deliver FG line POL0003872 (PO PO001293) to W006 by 2025-04-25,556.0,2025-04-25,service-level KPI,fulfilled,2025-04-19
CMT01526,DEC00689,,supplier,SUP0185,supplier_account_manager,2025-03-26,Supplier 185 (SUP0185) confirms revised ship-to-arrive date 2025-04-07 for RMPO030786,5262.9553,2025-04-07,1% credit per week late beyond 5 days,breached,2025-04-15
CMT01527,DEC00689,,supplier,SUP0185,supplier_account_manager,2025-03-27,Supplier 185 (SUP0185) commits to deliver RMPO030786 by 2025-03-30 on expedited freight,5262.9553,2025-03-30,1% credit per week late beyond 5 days,breached,2025-04-15
CMT01528,DEC00690,,supplier,SUP0012,supplier_account_manager,2025-03-28,Supplier 012 (SUP0012) commits to deliver RMPO030053 by 2025-04-08 on expedited freight,16.5,2025-04-08,expedite freight at supplier cost if >7 days late,fulfilled,2025-04-08
CMT01529,DEC00689,,warehouse,W010,plant_scheduler,2025-03-28,P01 commits to deliver FG line POL0004695 (PO PO001577) to W010 by 2025-04-11,439.0,2025-04-11,service-level KPI,breached,2025-04-19
CMT01530,DEC00691,,supplier,SUP0185,supplier_account_manager,2025-03-29,Supplier 185 (SUP0185) confirms revised ship-to-arrive date 2025-04-12 for RMPO031043,2000.0,2025-04-12,1% credit per week late beyond 5 days,fulfilled,2025-04-10
CMT01531,DEC00691,,supplier,SUP0185,supplier_account_manager,2025-03-30,Supplier 185 (SUP0185) commits to deliver RMPO031043 by 2025-04-07 on expedited freight,2000.0,2025-04-07,1% credit per week late beyond 5 days,breached,2025-04-10
CMT01532,DEC00691,,warehouse,W004,plant_scheduler,2025-03-31,P04 commits to deliver FG line POL0034647 (PO PO011584) to W004 by 2025-04-18,37.0,2025-04-18,service-level KPI,fulfilled,2025-04-17
CMT01533,,,supplier,SUP0179,supplier_account_manager,2025-04-01,Supplier 179 (SUP0179) order confirmation: RMPO031251 to arrive by 2025-04-30,900.0,2025-04-30,2% credit per week late beyond 3 days,renegotiated,2025-04-18
CMT01534,,,supplier,SUP0179,supplier_account_manager,2025-04-01,Supplier 179 (SUP0179) order confirmation: RMPO031254 to arrive by 2025-04-30,720.0,2025-04-30,2% credit per week late beyond 3 days,renegotiated,2025-04-18
CMT01535,DEC00696,,supplier,SUP0079,supplier_account_manager,2025-04-04,Supplier 079 (SUP0079) confirms revised ship-to-arrive date 2025-04-28 for RMPO030352,800.0,2025-04-28,"0.5% credit per day late, capped at 10%",fulfilled,2025-04-28
CMT01536,DEC00694,,supplier,SUP0051,supplier_account_manager,2025-04-04,Supplier 051 (SUP0051) commits to deliver RMPO029822 by 2025-04-21 on expedited freight,1716.57,2025-04-21,expedite freight at supplier cost if >7 days late,fulfilled,2025-04-19
CMT01537,DEC00694,,supplier,SUP0051,supplier_account_manager,2025-04-04,Supplier 051 (SUP0051) confirms revised ship-to-arrive date 2025-04-26 for RMPO029822,1716.57,2025-04-26,expedite freight at supplier cost if >7 days late,fulfilled,2025-04-19
CMT01538,DEC00695,,supplier,SUP0054,supplier_account_manager,2025-04-04,Supplier 054 (SUP0054) confirms revised ship-to-arrive date 2025-04-27 for RMPO031053,55.4881,2025-04-27,2% credit per week late beyond 3 days,fulfilled,2025-04-21
CMT01539,DEC00694,,warehouse,W007,plant_scheduler,2025-04-05,P02 commits to deliver FG line POL0031813 (PO PO010627) to W007 by 2025-04-30,563.0,2025-04-30,service-level KPI,fulfilled,2025-04-23
CMT01540,DEC00695,,supplier,SUP0054,supplier_account_manager,2025-04-05,Supplier 054 (SUP0054) commits to deliver RMPO031053 by 2025-04-19 on expedited freight,55.4881,2025-04-19,2% credit per week late beyond 3 days,breached,2025-04-21
CMT01541,DEC00695,,warehouse,W006,plant_scheduler,2025-04-06,P04 commits to deliver FG line POL0018187 (PO PO006114) to W006 by 2025-05-03,523.0,2025-05-03,service-level KPI,fulfilled,2025-05-02
CMT01542,DEC00698,,supplier,SUP0202,supplier_account_manager,2025-04-11,Supplier 202 (SUP0202) commits to deliver RMPO030741 by 2025-05-01 on expedited freight,270.0039,2025-05-01,2% credit per week late beyond 3 days,breached,2025-05-03
CMT01543,DEC00699,,supplier,SUP0179,supplier_account_manager,2025-04-12,Supplier 179 (SUP0179) commits to deliver RMPO030977 by 2025-04-23 on expedited freight,1000.0,2025-04-23,2% credit per week late beyond 3 days,fulfilled,2025-04-23
CMT01544,DEC00698,,warehouse,W012,plant_scheduler,2025-04-12,P03 commits to deliver FG line POL0004631 (PO PO001555) to W012 by 2025-05-12,449.0,2025-05-12,service-level KPI,fulfilled,2025-05-08
CMT01545,,,supplier,SUP0179,supplier_account_manager,2025-04-15,Supplier 179 (SUP0179) order confirmation: RMPO031774 to arrive by 2025-05-13,1000.0,2025-05-13,2% credit per week late beyond 3 days,renegotiated,2025-05-03
CMT01546,DEC00700,,supplier,SUP0138,supplier_account_manager,2025-04-15,Supplier 138 (SUP0138) confirms revised ship-to-arrive date 2025-05-09 for RMPO029921,1061.0433,2025-05-09,1% credit per week late beyond 5 days,fulfilled,2025-05-09
CMT01547,DEC00700,,supplier,SUP0138,supplier_account_manager,2025-04-16,Supplier 138 (SUP0138) commits to deliver RMPO029921 by 2025-05-01 on expedited freight,1061.0433,2025-05-01,1% credit per week late beyond 5 days,breached,2025-05-09
CMT01548,DEC00703,,supplier,SUP0179,supplier_account_manager,2025-04-17,Supplier 179 (SUP0179) confirms revised ship-to-arrive date 2025-04-30 for RMPO030976,360.0,2025-04-30,2% credit per week late beyond 3 days,fulfilled,2025-04-30
CMT01549,DEC00700,,warehouse,W001,plant_scheduler,2025-04-17,P01 commits to deliver FG line POL0045985 (PO PO015337) to W001 by 2025-05-19,593.0,2025-05-19,service-level KPI,fulfilled,2025-05-19
CMT01550,DEC00702,,supplier,SUP0010,supplier_account_manager,2025-04-17,Supplier 010 (SUP0010) confirms revised ship-to-arrive date 2025-05-05 for RMPO029783,2275.5922,2025-05-05,none,fulfilled,2025-04-30
CMT01551,DEC00702,,supplier,SUP0010,supplier_account_manager,2025-04-18,Supplier 010 (SUP0010) commits to deliver RMPO029783 by 2025-05-01 on expedited freight,2275.5922,2025-05-01,none,fulfilled,2025-04-30
CMT01552,DEC00702,,warehouse,W004,plant_scheduler,2025-04-19,P05 commits to deliver FG line POL0024175 (PO PO008109) to W004 by 2025-05-10,598.0,2025-05-10,service-level KPI,fulfilled,2025-05-06
CMT01553,,,supplier,SUP0179,supplier_account_manager,2025-04-22,Supplier 179 (SUP0179) order confirmation: RMPO032048 to arrive by 2025-05-19,400.0,2025-05-19,2% credit per week late beyond 3 days,fulfilled,2025-05-19
CMT01554,DEC00704,,plant,P02,plant_scheduler,2025-04-23,P02 commits to ship 0.2 kg of RM0053 to arrive at P05 by 2025-04-25,0.2076,2025-04-25,internal,breached,2025-04-29
CMT01555,DEC00705,,supplier,SUP0129,supplier_account_manager,2025-04-25,Supplier 129 (SUP0129) commits to deliver RMPO030657 by 2025-05-11 on expedited freight,57.0,2025-05-11,2% credit per week late beyond 3 days,breached,2025-05-15
CMT01556,DEC00705,,supplier,SUP0129,supplier_account_manager,2025-04-25,Supplier 129 (SUP0129) confirms revised ship-to-arrive date 2025-05-15 for RMPO030657,57.0,2025-05-15,2% credit per week late beyond 3 days,fulfilled,2025-05-15
CMT01557,DEC00707,,supplier,SUP0042,supplier_account_manager,2025-04-28,Supplier 042 (SUP0042) confirms revised ship-to-arrive date 2025-05-14 for RMPO031644,1171.3355,2025-05-14,none,fulfilled,2025-05-09
CMT01558,DEC00706,,supplier,SUP0136,supplier_account_manager,2025-04-28,Supplier 136 (SUP0136) commits to deliver RMPO030420 by 2025-05-09 on expedited freight,390.0027,2025-05-09,2% credit per week late beyond 3 days,breached,2025-05-14
CMT01559,DEC00706,,supplier,SUP0136,supplier_account_manager,2025-04-28,Supplier 136 (SUP0136) confirms revised ship-to-arrive date 2025-05-17 for RMPO030420,390.0027,2025-05-17,2% credit per week late beyond 3 days,fulfilled,2025-05-14
CMT01560,DEC00707,,supplier,SUP0042,supplier_account_manager,2025-04-29,Supplier 042 (SUP0042) commits to deliver RMPO031644 by 2025-05-06 on expedited freight,1171.3355,2025-05-06,none,breached,2025-05-09
CMT01561,DEC00706,,warehouse,W001,plant_scheduler,2025-04-29,P02 commits to deliver FG line POL0045984 (PO PO015337) to W001 by 2025-05-21,503.0,2025-05-21,service-level KPI,fulfilled,2025-05-19
CMT01562,DEC00709,,supplier,SUP0248,supplier_account_manager,2025-04-30,Supplier 248 (SUP0248) commits to deliver RMPO031037 by 2025-05-12 on expedited freight,8.5,2025-05-12,1% credit per week late beyond 5 days,fulfilled,2025-05-12
CMT01563,DEC00709,,supplier,SUP0248,supplier_account_manager,2025-04-30,Supplier 248 (SUP0248) confirms revised ship-to-arrive date 2025-05-15 for RMPO031037,8.5,2025-05-15,1% credit per week late beyond 5 days,fulfilled,2025-05-12
CMT01564,DEC00707,,warehouse,W009,plant_scheduler,2025-04-30,P05 commits to deliver FG line POL0011491 (PO PO003862) to W009 by 2025-05-18,435.0,2025-05-18,service-level KPI,fulfilled,2025-05-15
CMT01565,DEC00710,,supplier,SUP0010,supplier_account_manager,2025-05-01,Supplier 010 (SUP0010) confirms revised ship-to-arrive date 2025-05-17 for RMPO030541,3837.386,2025-05-17,none,fulfilled,2025-05-17
CMT01566,DEC00711,,supplier,SUP0136,supplier_account_manager,2025-05-02,Supplier 136 (SUP0136) confirms revised ship-to-arrive date 2025-05-12 for RMPO030549,313.7698,2025-05-12,"0.5% credit per day late, capped at 10%",breached,2025-05-14
CMT01567,DEC00710,,supplier,SUP0010,supplier_account_manager,2025-05-02,Supplier 010 (SUP0010) commits to deliver RMPO030541 by 2025-05-10 on expedited freight,3837.386,2025-05-10,none,breached,2025-05-17
CMT01568,DEC00711,,supplier,SUP0136,supplier_account_manager,2025-05-02,Supplier 136 (SUP0136) commits to deliver RMPO030549 by 2025-05-06 on expedited freight,313.7698,2025-05-06,"0.5% credit per day late, capped at 10%",breached,2025-05-14
CMT01569,DEC00711,,warehouse,W012,plant_scheduler,2025-05-03,P04 commits to deliver FG line POL0049599 (PO PO016554) to W012 by 2025-05-16,107.0,2025-05-16,service-level KPI,renegotiated,2025-05-06
CMT01570,DEC00710,,warehouse,W006,plant_scheduler,2025-05-03,P04 commits to deliver FG line POL0053953 (PO PO017994) to W006 by 2025-05-20,65.0,2025-05-20,service-level KPI,renegotiated,2025-05-07
CMT01571,DEC00712,,supplier,SUP0136,supplier_account_manager,2025-05-03,Supplier 136 (SUP0136) commits to deliver RMPO030781 by 2025-05-14 on expedited freight,414.0355,2025-05-14,"0.5% credit per day late, capped at 10%",breached,2025-05-19
CMT01572,DEC00713,,supplier,SUP0081,supplier_account_manager,2025-05-04,Supplier 081 (SUP0081) commits to deliver RMPO031675 by 2025-05-06 on expedited freight,400.0,2025-05-06,none,breached,2025-05-13
CMT01573,DEC00712,,warehouse,W010,plant_scheduler,2025-05-04,P03 commits to deliver FG line POL0048864 (PO PO016314) to W010 by 2025-05-26,166.0,2025-05-26,service-level KPI,renegotiated,2025-05-15
CMT01574,DEC00714,,supplier,SUP0185,supplier_account_manager,2025-05-05,Supplier 185 (SUP0185) commits to deliver RMPO032055 by 2025-05-26 on expedited freight,2000.0,2025-05-26,1% credit per week late beyond 5 days,fulfilled,2025-05-22
CMT01575,DEC00714,,warehouse,W005,plant_scheduler,2025-05-06,P04 commits to deliver FG line POL0031574 (PO PO010551) to W005 by 2025-06-08,21.0,2025-06-08,service-level KPI,fulfilled,2025-06-06
CMT01576,DEC00715,,supplier,SUP0185,supplier_account_manager,2025-05-07,Supplier 185 (SUP0185) commits to deliver RMPO032056 by 2025-05-12 on expedited freight,6918.3704,2025-05-12,1% credit per week late beyond 5 days,breached,2025-05-18
CMT01577,DEC00716,,supplier,SUP0129,supplier_account_manager,2025-05-08,Supplier 129 (SUP0129) confirms revised ship-to-arrive date 2025-05-16 for RMPO030661,38.0,2025-05-16,2% credit per week late beyond 3 days,fulfilled,2025-05-16
CMT01578,DEC00715,,warehouse,W001,plant_scheduler,2025-05-08,P05 commits to deliver FG line POL0014062 (PO PO004723) to W001 by 2025-05-30,504.0,2025-05-30,service-level KPI,fulfilled,2025-05-30
CMT01579,DEC00719,,supplier,SUP0129,supplier_account_manager,2025-05-09,Supplier 129 (SUP0129) confirms revised ship-to-arrive date 2025-06-04 for RMPO031047,5093.393,2025-06-04,2% credit per week late beyond 3 days,fulfilled,2025-05-31
CMT01580,DEC00717,,supplier,SUP0129,supplier_account_manager,2025-05-09,Supplier 129 (SUP0129) confirms revised ship-to-arrive date 2025-05-23 for RMPO030919,150.0,2025-05-23,2% credit per week late beyond 3 days,fulfilled,2025-05-23
CMT01581,DEC00719,,supplier,SUP0129,supplier_account_manager,2025-05-10,Supplier 129 (SUP0129) commits to deliver RMPO031047 by 2025-05-28 on expedited freight,5093.393,2025-05-28,2% credit per week late beyond 3 days,breached,2025-05-31
CMT01582,DEC00719,,warehouse,W011,plant_scheduler,2025-05-11,P03 commits to deliver FG line POL0008365 (PO PO002812) to W011 by 2025-06-10,550.0,2025-06-10,service-level KPI,fulfilled,2025-06-06
CMT01583,DEC00723,,supplier,SUP0214,supplier_account_manager,2025-05-14,Supplier 214 (SUP0214) confirms revised ship-to-arrive date 2025-06-04 for RMPO031844,24.3505,2025-06-04,1% credit per week late beyond 5 days,fulfilled,2025-06-04
CMT01584,DEC00723,,supplier,SUP0214,supplier_account_manager,2025-05-15,Supplier 214 (SUP0214) commits to deliver RMPO031844 by 2025-05-30 on expedited freight,24.3505,2025-05-30,1% credit per week late beyond 5 days,breached,2025-06-04
CMT01585,DEC00724,,warehouse,W006,plant_scheduler,2025-05-16,P02 commits to deliver FG line POL0033846 (PO PO011308) to W006 by 2025-06-02,237.0,2025-06-02,service-level KPI,renegotiated,2025-05-21
CMT01586,DEC00723,,warehouse,W006,plant_scheduler,2025-05-16,P04 commits to deliver FG line POL0013266 (PO PO004452) to W006 by 2025-06-07,324.0,2025-06-07,service-level KPI,fulfilled,2025-06-07
CMT01587,DEC00725,,supplier,SUP0011,supplier_account_manager,2025-05-21,Supplier 011 (SUP0011) commits to deliver RMPO031052 by 2025-05-31 on expedited freight,4563.9688,2025-05-31,none,breached,2025-06-01
CMT01588,DEC00726,,supplier,SUP0185,supplier_account_manager,2025-05-21,Supplier 185 (SUP0185) confirms revised ship-to-arrive date 2025-06-09 for RMPO033085,8850.4115,2025-06-09,1% credit per week late beyond 5 days,fulfilled,2025-06-07
CMT01589,DEC00725,,warehouse,W010,plant_scheduler,2025-05-22,P04 commits to deliver FG line POL0003385 (PO PO001125) to W010 by 2025-06-11,64.0,2025-06-11,service-level KPI,fulfilled,2025-06-05
CMT01590,DEC00726,,supplier,SUP0185,supplier_account_manager,2025-05-22,Supplier 185 (SUP0185) commits to deliver RMPO033085 by 2025-06-03 on expedited freight,8850.4115,2025-06-03,1% credit per week late beyond 5 days,breached,2025-06-07
CMT01591,,NEG0046,supplier,SUP0229,category_manager,2025-05-23,"We commit to purchase at least 1,195,860 units from Supplier 229 (SUP0229) under CT00284 by 2027-05-31",1195860.0,2027-05-31,volume shortfall invoiced at 5% of unpurchased value,open,
CMT01592,,NEG0046,supplier,SUP0229,supplier_account_manager,2025-05-23,Supplier 229 (SUP0229) commits to hold contract prices under CT00284 until 2027-05-31,,2027-05-31,none,open,
CMT01593,DEC00726,,warehouse,W003,plant_scheduler,2025-05-23,P03 commits to deliver FG line POL0000188 (PO PO000062) to W003 by 2025-06-13,386.0,2025-06-13,service-level KPI,fulfilled,2025-06-12
CMT01594,,,supplier,SUP0179,supplier_account_manager,2025-05-27,Supplier 179 (SUP0179) order confirmation: RMPO033355 to arrive by 2025-06-25,630.0,2025-06-25,2% credit per week late beyond 3 days,breached,2025-07-16
CMT01595,DEC00728,,supplier,SUP0217,supplier_account_manager,2025-05-30,Supplier 217 (SUP0217) confirms revised ship-to-arrive date 2025-06-05 for RMPO032076,2500.0,2025-06-05,none,fulfilled,2025-06-05
CMT01596,DEC00729,,supplier,SUP0185,supplier_account_manager,2025-06-01,Supplier 185 (SUP0185) confirms revised ship-to-arrive date 2025-06-18 for RMPO033415,28406.5066,2025-06-18,1% credit per week late beyond 5 days,fulfilled,2025-06-18
CMT01597,DEC00729,,supplier,SUP0185,supplier_account_manager,2025-06-02,Supplier 185 (SUP0185) commits to deliver RMPO033415 by 2025-06-13 on expedited freight,28406.5066,2025-06-13,1% credit per week late beyond 5 days,breached,2025-06-18
CMT01598,DEC00622,NEG0044,supplier,SUP0185,supplier_account_manager,2025-06-03,Supplier 185 (SUP0185) commits to hold RM0043 at the negotiated price until 2025-03-31,,2025-03-31,1% credit per week late beyond 5 days,fulfilled,2025-06-03
CMT01599,DEC00729,,warehouse,W008,plant_scheduler,2025-06-03,P02 commits to deliver FG line POL0033127 (PO PO011073) to W008 by 2025-06-24,240.0,2025-06-24,service-level KPI,fulfilled,2025-06-24
CMT01600,DEC00730,,plant,P02,plant_scheduler,2025-06-09,P02 commits to ship 70.6 kg of RM0122 to arrive at P01 by 2025-06-11,70.6014,2025-06-11,internal,breached,2025-06-26
CMT01601,DEC00730,,warehouse,W002,plant_scheduler,2025-06-10,P01 commits to deliver FG line POL0052419 (PO PO017501) to W002 by 2025-07-04,126.0,2025-07-04,service-level KPI,fulfilled,2025-07-04
CMT01602,DEC00731,,supplier,SUP0101,supplier_account_manager,2025-06-13,Supplier 101 (SUP0101) commits to deliver replacement order RMPO033895 by 2025-06-24,808.7093,2025-06-24,1% credit per week late beyond 5 days,renegotiated,2025-06-14
CMT01603,DEC00732,,plant,P02,plant_scheduler,2025-06-14,P02 commits to ship 33.1 L of RM0108 to arrive at P01 by 2025-06-17,33.1353,2025-06-17,internal,breached,2025-06-20
CMT01604,DEC00733,,plant,P02,plant_scheduler,2025-06-14,P02 commits to ship 10.7 ea of RM0134 to arrive at P05 by 2025-06-16,10.7452,2025-06-16,internal,breached,2025-06-20
CMT01605,DEC00734,,supplier,SUP0179,supplier_account_manager,2025-06-14,Supplier 179 (SUP0179) commits to deliver RMPO033074 by 2025-06-25 on expedited freight,1260.0,2025-06-25,2% credit per week late beyond 3 days,fulfilled,2025-06-25
CMT01606,DEC00734,,supplier,SUP0179,supplier_account_manager,2025-06-14,Supplier 179 (SUP0179) confirms revised ship-to-arrive date 2025-07-03 for RMPO033074,1260.0,2025-07-03,2% credit per week late beyond 3 days,fulfilled,2025-06-25
CMT01607,DEC00731,,warehouse,W006,plant_scheduler,2025-06-14,P04 commits to deliver FG line POL0032784 (PO PO010948) to W006 by 2025-07-12,209.0,2025-07-12,service-level KPI,breached,2025-07-13
CMT01608,DEC00736,,supplier,SUP0179,supplier_account_manager,2025-06-15,Supplier 179 (SUP0179) confirms revised ship-to-arrive date 2025-06-30 for RMPO033073,874.4189,2025-06-30,2% credit per week late beyond 3 days,fulfilled,2025-06-27
CMT01609,DEC00736,,supplier,SUP0179,supplier_account_manager,2025-06-16,Supplier 179 (SUP0179) commits to deliver RMPO033073 by 2025-06-22 on expedited freight,874.4189,2025-06-22,2% credit per week late beyond 3 days,breached,2025-06-27
CMT01610,DEC00735,,supplier,SUP0185,supplier_account_manager,2025-06-16,Supplier 185 (SUP0185) commits to deliver RMPO033640 by 2025-06-25 on expedited freight,2888.3075,2025-06-25,1% credit per week late beyond 5 days,breached,2025-06-28
CMT01611,DEC00735,,supplier,SUP0185,supplier_account_manager,2025-06-16,Supplier 185 (SUP0185) confirms revised ship-to-arrive date 2025-07-03 for RMPO033640,2888.3075,2025-07-03,1% credit per week late beyond 5 days,fulfilled,2025-06-28
CMT01612,DEC00736,,warehouse,W001,plant_scheduler,2025-06-17,P02 commits to deliver FG line POL0010662 (PO PO003590) to W001 by 2025-07-06,138.0,2025-07-06,service-level KPI,fulfilled,2025-07-04
CMT01613,DEC00737,,supplier,SUP0125,supplier_account_manager,2025-06-17,Supplier 125 (SUP0125) commits to deliver RMPO033986 by 2025-06-29 on expedited freight,3000.0,2025-06-29,2% credit per week late beyond 3 days,fulfilled,2025-06-29
CMT01614,DEC00735,,warehouse,W012,plant_scheduler,2025-06-17,P01 commits to deliver FG line POL0011093 (PO PO003735) to W012 by 2025-07-11,91.0,2025-07-11,service-level KPI,fulfilled,2025-07-07
CMT01615,DEC00738,,supplier,SUP0136,supplier_account_manager,2025-06-18,Supplier 136 (SUP0136) commits to deliver RMPO032355 by 2025-07-05 on expedited freight,355.5652,2025-07-05,"0.5% credit per day late, capped at 10%",fulfilled,2025-07-01
CMT01616,DEC00738,,supplier,SUP0136,supplier_account_manager,2025-06-18,Supplier 136 (SUP0136) confirms revised ship-to-arrive date 2025-07-09 for RMPO032355,355.5652,2025-07-09,"0.5% credit per day late, capped at 10%",fulfilled,2025-07-01
CMT01617,DEC00738,,warehouse,W002,plant_scheduler,2025-06-19,P04 commits to deliver FG line POL0042499 (PO PO014182) to W002 by 2025-07-17,210.0,2025-07-17,service-level KPI,fulfilled,2025-07-10
CMT01618,DEC00740,,supplier,SUP0221,supplier_account_manager,2025-06-19,Supplier 221 (SUP0221) confirms revised ship-to-arrive date 2025-06-30 for RMPO034091,32.0,2025-06-30,expedite freight at supplier cost if >7 days late,fulfilled,2025-06-24
CMT01619,DEC00739,,supplier,SUP0221,supplier_account_manager,2025-06-20,Supplier 221 (SUP0221) commits to deliver RMPO034090 by 2025-06-30 on expedited freight,72.0,2025-06-30,expedite freight at supplier cost if >7 days late,fulfilled,2025-06-30
CMT01620,DEC00739,,supplier,SUP0221,supplier_account_manager,2025-06-20,Supplier 221 (SUP0221) confirms revised ship-to-arrive date 2025-07-05 for RMPO034090,72.0,2025-07-05,expedite freight at supplier cost if >7 days late,fulfilled,2025-06-30
CMT01621,DEC00740,,supplier,SUP0221,supplier_account_manager,2025-06-20,Supplier 221 (SUP0221) commits to deliver RMPO034091 by 2025-06-24 on expedited freight,32.0,2025-06-24,expedite freight at supplier cost if >7 days late,fulfilled,2025-06-24
CMT01622,DEC00741,,supplier,SUP0028,supplier_account_manager,2025-06-21,Supplier 028 (SUP0028) confirms revised ship-to-arrive date 2025-07-02 for RMPO032383,1800.0,2025-07-02,expedite freight at supplier cost if >7 days late,breached,2025-07-05
CMT01623,DEC00741,,supplier,SUP0028,supplier_account_manager,2025-06-22,Supplier 028 (SUP0028) commits to deliver RMPO032383 by 2025-06-28 on expedited freight,1800.0,2025-06-28,expedite freight at supplier cost if >7 days late,breached,2025-07-05
CMT01624,DEC00742,,supplier,SUP0185,supplier_account_manager,2025-06-22,Supplier 185 (SUP0185) confirms revised ship-to-arrive date 2025-07-14 for RMPO034111,10705.8628,2025-07-14,1% credit per week late beyond 5 days,fulfilled,2025-07-09
CMT01625,,NEG0047,supplier,SUP0202,category_manager,2025-06-23,"We commit to purchase at least 10,620 units from Supplier 202 (SUP0202) under CT00245 by 2026-06-30",10620.0,2026-06-30,volume shortfall invoiced at 5% of unpurchased value,open,
CMT01626,,NEG0047,supplier,SUP0202,supplier_account_manager,2025-06-23,Supplier 202 (SUP0202) commits to hold contract prices under CT00245 until 2026-06-30,,2026-06-30,expedite freight at supplier cost if >7 days late,open,
CMT01627,DEC00741,,warehouse,W002,plant_scheduler,2025-06-23,P04 commits to deliver FG line POL0050250 (PO PO016770) to W002 by 2025-07-13,162.0,2025-07-13,service-level KPI,renegotiated,2025-06-26
CMT01628,DEC00742,,warehouse,W005,plant_scheduler,2025-06-23,P05 commits to deliver FG line POL0019673 (PO PO006596) to W005 by 2025-07-18,455.0,2025-07-18,service-level KPI,fulfilled,2025-07-17
CMT01629,,,supplier,SUP0179,supplier_account_manager,2025-06-24,Supplier 179 (SUP0179) order confirmation: RMPO034286 to arrive by 2025-07-23,18.0,2025-07-23,2% credit per week late beyond 3 days,renegotiated,2025-07-12
CMT01630,DEC00743,,supplier,SUP0118,supplier_account_manager,2025-06-25,Supplier 118 (SUP0118) commits to deliver RMPO032209 by 2025-07-12 on expedited freight,31.4136,2025-07-12,2% credit per week late beyond 3 days,fulfilled,2025-07-12
CMT01631,DEC00743,,supplier,SUP0118,supplier_account_manager,2025-06-25,Supplier 118 (SUP0118) confirms revised ship-to-arrive date 2025-07-18 for RMPO032209,31.4136,2025-07-18,2% credit per week late beyond 3 days,fulfilled,2025-07-12
CMT01632,DEC00743,,warehouse,W004,plant_scheduler,2025-06-26,P05 commits to deliver FG line POL0045515 (PO PO015170) to W004 by 2025-07-24,197.0,2025-07-24,service-level KPI,fulfilled,2025-07-21
CMT01633,,NEG0048,supplier,SUP0089,category_manager,2025-06-28,"We commit to purchase at least 704,770 units from Supplier 089 (SUP0089) under CT00094 by 2027-06-30",704770.0,2027-06-30,volume shortfall invoiced at 5% of unpurchased value,open,
CMT01634,,NEG0048,supplier,SUP0089,supplier_account_manager,2025-06-28,Supplier 089 (SUP0089) commits to hold contract prices under CT00094 until 2027-06-30,,2027-06-30,none,open,
CMT01635,DEC00745,,supplier,SUP0236,supplier_account_manager,2025-06-29,Supplier 236 (SUP0236) commits to deliver RMPO033402 by 2025-07-15 on expedited freight,15.0,2025-07-15,expedite freight at supplier cost if >7 days late,fulfilled,2025-07-15
CMT01636,DEC00745,,supplier,SUP0236,supplier_account_manager,2025-06-29,Supplier 236 (SUP0236) confirms revised ship-to-arrive date 2025-07-18 for RMPO033402,15.0,2025-07-18,expedite freight at supplier cost if >7 days late,fulfilled,2025-07-15
CMT01637,DEC00744,,supplier,SUP0010,supplier_account_manager,2025-06-29,Supplier 010 (SUP0010) commits to deliver RMPO032862 by 2025-07-12 on expedited freight,3816.3872,2025-07-12,none,breached,2025-07-18
CMT01638,DEC00744,,supplier,SUP0010,supplier_account_manager,2025-06-29,Supplier 010 (SUP0010) confirms revised ship-to-arrive date 2025-07-18 for RMPO032862,3816.3872,2025-07-18,none,fulfilled,2025-07-18
CMT01639,DEC00746,,supplier,SUP0011,supplier_account_manager,2025-06-30,Supplier 011 (SUP0011) commits to deliver RMPO032619 by 2025-07-07 on expedited freight,8291.5703,2025-07-07,none,breached,2025-07-19
CMT01640,DEC00746,,supplier,SUP0011,supplier_account_manager,2025-06-30,Supplier 011 (SUP0011) confirms revised ship-to-arrive date 2025-07-14 for RMPO032619,8291.5703,2025-07-14,none,breached,2025-07-19
CMT01641,DEC00744,,warehouse,W007,plant_scheduler,2025-06-30,P05 commits to deliver FG line POL0040785 (PO PO013618) to W007 by 2025-07-25,431.0,2025-07-25,service-level KPI,renegotiated,2025-07-10
CMT01642,DEC00747,,supplier,SUP0054,supplier_account_manager,2025-06-30,Supplier 054 (SUP0054) confirms revised ship-to-arrive date 2025-07-19 for RMPO034356,61.2034,2025-07-19,2% credit per week late beyond 3 days,fulfilled,2025-07-15
CMT01643,DEC00746,,warehouse,W011,plant_scheduler,2025-07-01,P03 commits to deliver FG line POL0029792 (PO PO009961) to W011 by 2025-07-20,288.0,2025-07-20,service-level KPI,breached,2025-07-26
CMT01644,DEC00747,,supplier,SUP0054,supplier_account_manager,2025-07-01,Supplier 054 (SUP0054) commits to deliver RMPO034356 by 2025-07-16 on expedited freight,61.2034,2025-07-16,2% credit per week late beyond 3 days,fulfilled,2025-07-15
CMT01645,DEC00748,,supplier,SUP0179,supplier_account_manager,2025-07-02,Supplier 179 (SUP0179) commits to deliver RMPO033827 by 2025-07-13 on expedited freight,1200.0,2025-07-13,2% credit per week late beyond 3 days,fulfilled,2025-07-13
CMT01646,DEC00747,,warehouse,W002,plant_scheduler,2025-07-02,P01 commits to deliver FG line POL0044507 (PO PO014842) to W002 by 2025-07-26,228.0,2025-07-26,service-level KPI,fulfilled,2025-07-23
CMT01647,DEC00750,,supplier,SUP0055,supplier_account_manager,2025-07-07,Supplier 055 (SUP0055) confirms revised ship-to-arrive date 2025-07-20 for RMPO034116,3481.7229,2025-07-20,1% credit per week late beyond 5 days,breached,2025-07-24
CMT01648,DEC00750,,supplier,SUP0055,supplier_account_manager,2025-07-08,Supplier 055 (SUP0055) commits to deliver RMPO034116 by 2025-07-16 on expedited freight,3481.7229,2025-07-16,1% credit per week late beyond 5 days,breached,2025-07-24
CMT01649,,,supplier,SUP0179,supplier_account_manager,2025-07-08,Supplier 179 (SUP0179) order confirmation: RMPO034837 to arrive by 2025-08-02,3.0,2025-08-02,2% credit per week late beyond 3 days,fulfilled,2025-07-30
CMT01650,DEC00750,,warehouse,W007,plant_scheduler,2025-07-09,P03 commits to deliver FG line POL0014611 (PO PO004910) to W007 by 2025-07-29,287.0,2025-07-29,service-level KPI,renegotiated,2025-07-18
CMT01651,DEC00751,,supplier,SUP0125,supplier_account_manager,2025-07-10,Supplier 125 (SUP0125) confirms revised ship-to-arrive date 2025-07-20 for RMPO034485,25.0,2025-07-20,2% credit per week late beyond 3 days,fulfilled,2025-07-20
CMT01652,DEC00752,,supplier,SUP0185,supplier_account_manager,2025-07-12,Supplier 185 (SUP0185) commits to deliver RMPO034911 by 2025-07-28 on expedited freight,18345.0081,2025-07-28,1% credit per week late beyond 5 days,breached,2025-08-01
CMT01653,DEC00752,,supplier,SUP0185,supplier_account_manager,2025-07-12,Supplier 185 (SUP0185) confirms revised ship-to-arrive date 2025-08-01 for RMPO034911,18345.0081,2025-08-01,1% credit per week late beyond 5 days,fulfilled,2025-08-01
CMT01654,DEC00752,,warehouse,W010,plant_scheduler,2025-07-13,P03 commits to deliver FG line POL0013794 (PO PO004624) to W010 by 2025-08-09,573.0,2025-08-09,service-level KPI,renegotiated,2025-07-22
CMT01655,DEC00753,,supplier,SUP0153,supplier_account_manager,2025-07-14,Supplier 153 (SUP0153) commits to deliver replacement order RMPO035106 by 2025-07-27,3000.0,2025-07-27,"0.5% credit per day late, capped at 10%",renegotiated,2025-07-15
CMT01656,DEC00754,,supplier,SUP0179,supplier_account_manager,2025-07-15,Supplier 179 (SUP0179) confirms revised ship-to-arrive date 2025-08-11 for RMPO034112,1635.2021,2025-08-11,2% credit per week late beyond 3 days,fulfilled,2025-08-05
CMT01657,,,supplier,SUP0179,supplier_account_manager,2025-07-15,Supplier 179 (SUP0179) order confirmation: RMPO035117 to arrive by 2025-08-13,90.0,2025-08-13,2% credit per week late beyond 3 days,fulfilled,2025-08-13
CMT01658,DEC00753,,warehouse,W009,plant_scheduler,2025-07-15,P04 commits to deliver FG line POL0045125 (PO PO015047) to W009 by 2025-08-17,223.0,2025-08-17,service-level KPI,fulfilled,2025-08-13
CMT01659,DEC00754,,warehouse,W005,plant_scheduler,2025-07-16,P05 commits to deliver FG line POL0050842 (PO PO016975) to W005 by 2025-08-16,437.0,2025-08-16,service-level KPI,fulfilled,2025-08-10
CMT01660,DEC00756,,supplier,SUP0039,supplier_account_manager,2025-07-19,Supplier 039 (SUP0039) commits to deliver replacement order RMPO035208 by 2025-07-27,443.0238,2025-07-27,expedite freight at supplier cost if >7 days late,renegotiated,2025-07-20
CMT01661,DEC00755,,supplier,SUP0051,supplier_account_manager,2025-07-19,Supplier 051 (SUP0051) commits to deliver RMPO033641 by 2025-07-31 on expedited freight,864.406,2025-07-31,expedite freight at supplier cost if >7 days late,breached,2025-08-05
CMT01662,DEC00755,,supplier,SUP0051,supplier_account_manager,2025-07-19,Supplier 051 (SUP0051) confirms revised ship-to-arrive date 2025-08-05 for RMPO033641,864.406,2025-08-05,expedite freight at supplier cost if >7 days late,fulfilled,2025-08-05
CMT01663,DEC00758,,supplier,SUP0236,supplier_account_manager,2025-07-20,Supplier 236 (SUP0236) confirms revised ship-to-arrive date 2025-08-19 for RMPO033882,45.0,2025-08-19,expedite freight at supplier cost if >7 days late,fulfilled,2025-08-19
CMT01664,DEC00755,,warehouse,W009,plant_scheduler,2025-07-20,P05 commits to deliver FG line POL0045123 (PO PO015047) to W009 by 2025-08-11,345.0,2025-08-11,service-level KPI,renegotiated,2025-07-20
CMT01665,DEC00759,,supplier,SUP0185,supplier_account_manager,2025-07-22,Supplier 185 (SUP0185) commits to deliver RMPO035210 by 2025-08-05 on expedited freight,4508.0497,2025-08-05,1% credit per week late beyond 5 days,breached,2025-08-08
CMT01666,DEC00759,,supplier,SUP0185,supplier_account_manager,2025-07-22,Supplier 185 (SUP0185) confirms revised ship-to-arrive date 2025-08-13 for RMPO035210,4508.0497,2025-08-13,1% credit per week late beyond 5 days,fulfilled,2025-08-08
CMT01667,DEC00759,,warehouse,W003,plant_scheduler,2025-07-23,P04 commits to deliver FG line POL0045762 (PO PO015262) to W003 by 2025-08-19,372.0,2025-08-19,service-level KPI,fulfilled,2025-08-14
CMT01668,DEC00761,,supplier,SUP0054,supplier_account_manager,2025-07-31,Supplier 054 (SUP0054) commits to deliver RMPO035563 by 2025-08-25 on expedited freight,352.4833,2025-08-25,2% credit per week late beyond 3 days,fulfilled,2025-08-22
CMT01669,DEC00761,,supplier,SUP0054,supplier_account_manager,2025-07-31,Supplier 054 (SUP0054) confirms revised ship-to-arrive date 2025-08-29 for RMPO035563,352.4833,2025-08-29,2% credit per week late beyond 3 days,fulfilled,2025-08-22
CMT01670,DEC00761,,warehouse,W006,plant_scheduler,2025-08-01,P04 commits to deliver FG line POL0007410 (PO PO002500) to W006 by 2025-09-03,280.0,2025-09-03,service-level KPI,fulfilled,2025-08-29
CMT01671,DEC00762,,supplier,SUP0241,supplier_account_manager,2025-08-04,Supplier 241 (SUP0241) commits to deliver RMPO035494 by 2025-08-19 on expedited freight,489.5621,2025-08-19,1% credit per week late beyond 5 days,breached,2025-08-20
CMT01672,DEC00762,,warehouse,W002,plant_scheduler,2025-08-05,P04 commits to deliver FG line POL0003772 (PO PO001264) to W002 by 2025-09-02,91.0,2025-09-02,service-level KPI,renegotiated,2025-08-09
CMT01673,DEC00763,,supplier,SUP0241,supplier_account_manager,2025-08-06,Supplier 241 (SUP0241) commits to deliver RMPO035500 by 2025-08-29 on expedited freight,539.4797,2025-08-29,1% credit per week late beyond 5 days,fulfilled,2025-08-28
CMT01674,DEC00763,,supplier,SUP0241,supplier_account_manager,2025-08-06,Supplier 241 (SUP0241) confirms revised ship-to-arrive date 2025-09-02 for RMPO035500,539.4797,2025-09-02,1% credit per week late beyond 5 days,fulfilled,2025-08-28
CMT01675,DEC00763,,warehouse,W005,plant_scheduler,2025-08-07,P03 commits to deliver FG line POL0037159 (PO PO012411) to W005 by 2025-09-08,514.0,2025-09-08,service-level KPI,fulfilled,2025-09-04
CMT01676,DEC00764,,supplier,SUP0033,supplier_account_manager,2025-08-08,Supplier 033 (SUP0033) commits to deliver RMPO034120 by 2025-08-28 on expedited freight,67.1157,2025-08-28,1% credit per week late beyond 5 days,fulfilled,2025-08-25
CMT01677,DEC00764,,supplier,SUP0033,supplier_account_manager,2025-08-08,Supplier 033 (SUP0033) confirms revised ship-to-arrive date 2025-09-02 for RMPO034120,67.1157,2025-09-02,1% credit per week late beyond 5 days,fulfilled,2025-08-25
CMT01678,DEC00764,,warehouse,W001,plant_scheduler,2025-08-09,P04 commits to deliver FG line POL0032993 (PO PO011023) to W001 by 2025-09-06,108.0,2025-09-06,service-level KPI,fulfilled,2025-09-01
CMT01679,DEC00765,,supplier,SUP0185,supplier_account_manager,2025-08-09,Supplier 185 (SUP0185) confirms revised ship-to-arrive date 2025-08-30 for RMPO036016,8061.9757,2025-08-30,1% credit per week late beyond 5 days,fulfilled,2025-08-25
CMT01680,DEC00765,,supplier,SUP0185,supplier_account_manager,2025-08-10,Supplier 185 (SUP0185) commits to deliver RMPO036016 by 2025-08-23 on expedited freight,8061.9757,2025-08-23,1% credit per week late beyond 5 days,breached,2025-08-25
CMT01681,DEC00765,,warehouse,W006,plant_scheduler,2025-08-11,P05 commits to deliver FG line POL0021699 (PO PO007271) to W006 by 2025-09-09,545.0,2025-09-09,service-level KPI,fulfilled,2025-09-05
CMT01682,DEC00768,,plant,P02,plant_scheduler,2025-08-19,P02 commits to ship 37.6 ea of RM0032 to arrive at P05 by 2025-08-21,37.6338,2025-08-21,internal,breached,2025-08-25
CMT01683,,,supplier,SUP0179,supplier_account_manager,2025-08-19,Supplier 179 (SUP0179) order confirmation: RMPO036421 to arrive by 2025-09-17,270.0,2025-09-17,2% credit per week late beyond 3 days,renegotiated,2025-09-09
CMT01684,,,supplier,SUP0179,supplier_account_manager,2025-08-19,Supplier 179 (SUP0179) order confirmation: RMPO036424 to arrive by 2025-09-17,6.0,2025-09-17,2% credit per week late beyond 3 days,fulfilled,2025-09-17
CMT01685,DEC00767,,supplier,SUP0185,supplier_account_manager,2025-08-19,Supplier 185 (SUP0185) commits to deliver RMPO036204 by 2025-08-24 on expedited freight,7859.016,2025-08-24,1% credit per week late beyond 5 days,breached,2025-08-31
CMT01686,DEC00767,,supplier,SUP0185,supplier_account_manager,2025-08-19,Supplier 185 (SUP0185) confirms revised ship-to-arrive date 2025-08-27 for RMPO036204,7859.016,2025-08-27,1% credit per week late beyond 5 days,breached,2025-08-31
CMT01687,DEC00770,,supplier,SUP0010,supplier_account_manager,2025-08-20,Supplier 010 (SUP0010) confirms revised ship-to-arrive date 2025-09-08 for RMPO034377,440.0,2025-09-08,none,fulfilled,2025-09-08
CMT01688,DEC00769,,supplier,SUP0185,supplier_account_manager,2025-08-20,Supplier 185 (SUP0185) confirms revised ship-to-arrive date 2025-09-04 for RMPO036262,7798.3365,2025-09-04,1% credit per week late beyond 5 days,fulfilled,2025-09-01
CMT01689,DEC00767,,warehouse,W010,plant_scheduler,2025-08-20,P02 commits to deliver FG line POL0028969 (PO PO009690) to W010 by 2025-09-06,46.0,2025-09-06,service-level KPI,renegotiated,2025-08-22
CMT01690,DEC00769,,warehouse,W011,plant_scheduler,2025-08-21,P01 commits to deliver FG line POL0030668 (PO PO010256) to W011 by 2025-09-10,382.0,2025-09-10,service-level KPI,fulfilled,2025-09-08
CMT01691,DEC00771,,supplier,SUP0054,supplier_account_manager,2025-08-22,Supplier 054 (SUP0054) commits to deliver RMPO036255 by 2025-08-27 on expedited freight,277.0161,2025-08-27,2% credit per week late beyond 3 days,breached,2025-09-03
CMT01692,DEC00771,,supplier,SUP0054,supplier_account_manager,2025-08-22,Supplier 054 (SUP0054) confirms revised ship-to-arrive date 2025-09-03 for RMPO036255,277.0161,2025-09-03,2% credit per week late beyond 3 days,fulfilled,2025-09-03
CMT01693,DEC00772,,supplier,SUP0010,supplier_account_manager,2025-08-22,Supplier 010 (SUP0010) confirms revised ship-to-arrive date 2025-09-11 for RMPO034627,4289.6124,2025-09-11,none,fulfilled,2025-09-11
CMT01694,DEC00771,,warehouse,W001,plant_scheduler,2025-08-23,P01 commits to deliver FG line POL0021475 (PO PO007197) to W001 by 2025-09-12,529.0,2025-09-12,service-level KPI,breached,2025-09-14
CMT01695,DEC00772,,supplier,SUP0010,supplier_account_manager,2025-08-23,Supplier 010 (SUP0010) commits to deliver RMPO034627 by 2025-09-04 on expedited freight,4289.6124,2025-09-04,none,breached,2025-09-11
CMT01696,DEC00772,,warehouse,W001,plant_scheduler,2025-08-24,P01 commits to deliver FG line POL0030596 (PO PO010234) to W001 by 2025-09-20,381.0,2025-09-20,service-level KPI,breached,2025-09-21
CMT01697,DEC00773,,supplier,SUP0138,supplier_account_manager,2025-08-25,Supplier 138 (SUP0138) confirms revised ship-to-arrive date 2025-09-05 for RMPO034634,981.8377,2025-09-05,1% credit per week late beyond 5 days,breached,2025-09-08
CMT01698,DEC00773,,warehouse,W009,plant_scheduler,2025-08-26,P05 commits to deliver FG line POL0037186 (PO PO012417) to W009 by 2025-09-12,309.0,2025-09-12,service-level KPI,breached,2025-09-21
CMT01699,,NEG0049,supplier,SUP0039,category_manager,2025-08-27,"We commit to purchase at least 132,610 units from Supplier 039 (SUP0039) under CT00042 by 2026-08-31",132610.0,2026-08-31,volume shortfall invoiced at 5% of unpurchased value,open,
CMT01700,,NEG0049,supplier,SUP0039,supplier_account_manager,2025-08-27,Supplier 039 (SUP0039) commits to hold contract prices under CT00042 until 2026-08-31,,2026-08-31,none,open,
CMT01701,DEC00775,,supplier,SUP0185,supplier_account_manager,2025-08-31,Supplier 185 (SUP0185) commits to deliver RMPO036782 by 2025-09-11 on expedited freight,4252.7749,2025-09-11,1% credit per week late beyond 5 days,fulfilled,2025-09-10
CMT01702,DEC00775,,supplier,SUP0185,supplier_account_manager,2025-08-31,Supplier 185 (SUP0185) confirms revised ship-to-arrive date 2025-09-17 for RMPO036782,4252.7749,2025-09-17,1% credit per week late beyond 5 days,fulfilled,2025-09-10
CMT01703,DEC00775,,warehouse,W007,plant_scheduler,2025-09-01,P04 commits to deliver FG line POL0031561 (PO PO010548) to W007 by 2025-09-24,246.0,2025-09-24,service-level KPI,fulfilled,2025-09-18
CMT01704,DEC00776,,supplier,SUP0115,supplier_account_manager,2025-09-15,Supplier 115 (SUP0115) commits to deliver replacement order RMPO037456 by 2025-09-26,200.0,2025-09-26,1% credit per week late beyond 5 days,renegotiated,2025-09-16
CMT01705,DEC00781,,supplier,SUP0129,supplier_account_manager,2025-09-16,Supplier 129 (SUP0129) confirms revised ship-to-arrive date 2025-10-10 for RMPO035769,8956.7725,2025-10-10,2% credit per week late beyond 3 days,fulfilled,2025-10-04
CMT01706,DEC00776,,warehouse,W007,plant_scheduler,2025-09-16,P03 commits to deliver FG line POL0026949 (PO PO009021) to W007 by 2025-10-18,303.0,2025-10-18,service-level KPI,fulfilled,2025-10-16
CMT01707,DEC00777,,supplier,SUP0221,supplier_account_manager,2025-09-16,Supplier 221 (SUP0221) confirms revised ship-to-arrive date 2025-10-02 for RMPO037599,32.0,2025-10-02,"0.5% credit per day late, capped at 10%",fulfilled,2025-10-02
CMT01708,,,supplier,SUP0179,supplier_account_manager,2025-09-16,Supplier 179 (SUP0179) order confirmation: RMPO037543 to arrive by 2025-10-13,2800.0,2025-10-13,2% credit per week late beyond 3 days,renegotiated,2025-10-08
CMT01709,,,supplier,SUP0179,supplier_account_manager,2025-09-16,Supplier 179 (SUP0179) order confirmation: RMPO037544 to arrive by 2025-10-11,12.0,2025-10-11,2% credit per week late beyond 3 days,fulfilled,2025-10-11
CMT01710,DEC00781,,supplier,SUP0129,supplier_account_manager,2025-09-17,Supplier 129 (SUP0129) commits to deliver RMPO035769 by 2025-10-06 on expedited freight,8956.7725,2025-10-06,2% credit per week late beyond 3 days,fulfilled,2025-10-04
CMT01711,DEC00779,,supplier,SUP0138,supplier_account_manager,2025-09-17,Supplier 138 (SUP0138) commits to deliver RMPO035497 by 2025-09-27 on expedited freight,1230.635,2025-09-27,1% credit per week late beyond 5 days,breached,2025-10-01
CMT01712,DEC00779,,supplier,SUP0138,supplier_account_manager,2025-09-17,Supplier 138 (SUP0138) confirms revised ship-to-arrive date 2025-10-03 for RMPO035497,1230.635,2025-10-03,1% credit per week late beyond 5 days,fulfilled,2025-10-01
CMT01713,DEC00781,,warehouse,W005,plant_scheduler,2025-09-18,P02 commits to deliver FG line POL0020199 (PO PO006779) to W005 by 2025-10-19,277.0,2025-10-19,service-level KPI,fulfilled,2025-10-15
CMT01714,DEC00779,,warehouse,W001,plant_scheduler,2025-09-18,P03 commits to deliver FG line POL0037411 (PO PO012493) to W001 by 2025-10-11,319.0,2025-10-11,service-level KPI,fulfilled,2025-10-09
CMT01715,DEC00782,,supplier,SUP0179,supplier_account_manager,2025-09-20,Supplier 179 (SUP0179) commits to deliver RMPO036981 by 2025-10-09 on expedited freight,1200.0,2025-10-09,2% credit per week late beyond 3 days,fulfilled,2025-10-09
CMT01716,DEC00783,,supplier,SUP0109,supplier_account_manager,2025-09-22,Supplier 109 (SUP0109) commits to deliver replacement order RMPO037729 by 2025-09-28,2500.0,2025-09-28,"0.5% credit per day late, capped at 10%",renegotiated,2025-09-23
CMT01717,DEC00783,,warehouse,W012,plant_scheduler,2025-09-23,P05 commits to deliver FG line POL0053517 (PO PO017852) to W012 by 2025-10-24,188.0,2025-10-24,service-level KPI,fulfilled,2025-10-17
CMT01718,DEC00784,,plant,P02,plant_scheduler,2025-09-24,P02 commits to ship 101.1 kg of RM0073 to arrive at P01 by 2025-10-08,101.0627,2025-10-08,internal,fulfilled,2025-09-30
CMT01719,DEC00785,,supplier,SUP0129,supplier_account_manager,2025-09-28,Supplier 129 (SUP0129) commits to deliver RMPO035880 by 2025-10-22 on expedited freight,3500.0,2025-10-22,2% credit per week late beyond 3 days,fulfilled,2025-10-18
CMT01720,DEC00785,,supplier,SUP0129,supplier_account_manager,2025-09-28,Supplier 129 (SUP0129) confirms revised ship-to-arrive date 2025-10-25 for RMPO035880,3500.0,2025-10-25,2% credit per week late beyond 3 days,fulfilled,2025-10-18
CMT01721,DEC00785,,warehouse,W009,plant_scheduler,2025-09-29,P03 commits to deliver FG line POL0033251 (PO PO011111) to W009 by 2025-10-29,365.0,2025-10-29,service-level KPI,fulfilled,2025-10-24
CMT01722,DEC00786,,supplier,SUP0136,supplier_account_manager,2025-10-04,Supplier 136 (SUP0136) confirms revised ship-to-arrive date 2025-10-16 for RMPO036508,465.8885,2025-10-16,"0.5% credit per day late, capped at 10%",breached,2025-10-19
CMT01723,DEC00787,,supplier,SUP0054,supplier_account_manager,2025-10-05,Supplier 054 (SUP0054) commits to deliver RMPO038130 by 2025-10-25 on expedited freight,463.2411,2025-10-25,2% credit per week late beyond 3 days,fulfilled,2025-10-24
CMT01724,DEC00786,,warehouse,W008,plant_scheduler,2025-10-05,P03 commits to deliver FG line POL0041152 (PO PO013734) to W008 by 2025-10-23,100.0,2025-10-23,service-level KPI,renegotiated,2025-10-15
CMT01725,DEC00788,,supplier,SUP0138,supplier_account_manager,2025-10-06,Supplier 138 (SUP0138) commits to deliver RMPO036154 by 2025-10-13 on expedited freight,400.0,2025-10-13,1% credit per week late beyond 5 days,breached,2025-10-24
CMT01726,DEC00787,,warehouse,W003,plant_scheduler,2025-10-06,P03 commits to deliver FG line POL0005876 (PO PO001988) to W003 by 2025-11-04,586.0,2025-11-04,service-level KPI,fulfilled,2025-10-27
CMT01727,DEC00788,,warehouse,W010,plant_scheduler,2025-10-07,P01 commits to deliver FG line POL0000485 (PO PO000162) to W010 by 2025-10-20,583.0,2025-10-20,service-level KPI,breached,2025-10-28
CMT01728,DEC00790,,supplier,SUP0051,supplier_account_manager,2025-10-07,Supplier 051 (SUP0051) confirms revised ship-to-arrive date 2025-10-21 for RMPO037060,1247.0086,2025-10-21,expedite freight at supplier cost if >7 days late,breached,2025-10-25
CMT01729,DEC00789,,supplier,SUP0185,supplier_account_manager,2025-10-07,Supplier 185 (SUP0185) commits to deliver RMPO038127 by 2025-10-16 on expedited freight,2515.6713,2025-10-16,1% credit per week late beyond 5 days,breached,2025-10-24
CMT01730,DEC00790,,supplier,SUP0051,supplier_account_manager,2025-10-08,Supplier 051 (SUP0051) commits to deliver RMPO037060 by 2025-10-18 on expedited freight,1247.0086,2025-10-18,expedite freight at supplier cost if >7 days late,breached,2025-10-25
CMT01731,DEC00789,,warehouse,W011,plant_scheduler,2025-10-08,P01 commits to deliver FG line POL0018599 (PO PO006250) to W011 by 2025-10-25,35.0,2025-10-25,service-level KPI,breached,2025-10-31
CMT01732,DEC00790,,warehouse,W008,plant_scheduler,2025-10-09,P04 commits to deliver FG line POL0008232 (PO PO002769) to W008 by 2025-10-29,413.0,2025-10-29,service-level KPI,renegotiated,2025-10-23
CMT01733,DEC00791,,supplier,SUP0062,supplier_account_manager,2025-10-14,Supplier 062 (SUP0062) confirms revised ship-to-arrive date 2025-11-08 for RMPO036863,21.0,2025-11-08,expedite freight at supplier cost if >7 days late,fulfilled,2025-11-08
CMT01734,,NEG0051,supplier,SUP0118,supplier_account_manager,2025-10-15,Supplier 118 (SUP0118) commits to deliver all Nov-Dec 2025 POs on time from reserved capacity,8378.9487,2025-12-31,2% credit per week late beyond 3 days,breached,2025-11-12
CMT01735,DEC00792,,supplier,SUP0109,supplier_account_manager,2025-10-17,Supplier 109 (SUP0109) commits to deliver replacement order RMPO038683 by 2025-10-23,2500.0,2025-10-23,"0.5% credit per day late, capped at 10%",renegotiated,2025-10-18
CMT01736,DEC00794,,supplier,SUP0185,supplier_account_manager,2025-10-17,Supplier 185 (SUP0185) confirms revised ship-to-arrive date 2025-11-10 for RMPO038618,4000.0,2025-11-10,1% credit per week late beyond 5 days,fulfilled,2025-11-08
CMT01737,DEC00792,,warehouse,W006,plant_scheduler,2025-10-18,P04 commits to deliver FG line POL0047330 (PO PO015793) to W006 by 2025-11-01,312.0,2025-11-01,service-level KPI,breached,2025-11-07
CMT01738,DEC00794,,supplier,SUP0185,supplier_account_manager,2025-10-18,Supplier 185 (SUP0185) commits to deliver RMPO038618 by 2025-11-04 on expedited freight,4000.0,2025-11-04,1% credit per week late beyond 5 days,breached,2025-11-08
CMT01739,DEC00794,,warehouse,W010,plant_scheduler,2025-10-19,P03 commits to deliver FG line POL0039668 (PO PO013241) to W010 by 2025-11-18,51.0,2025-11-18,service-level KPI,fulfilled,2025-11-17
CMT01740,DEC00796,,supplier,SUP0118,supplier_account_manager,2025-10-21,Supplier 118 (SUP0118) confirms revised ship-to-arrive date 2025-11-04 for RMPO036898,587.2609,2025-11-04,2% credit per week late beyond 3 days,breached,2025-11-08
CMT01741,DEC00795,,supplier,SUP0185,supplier_account_manager,2025-10-21,Supplier 185 (SUP0185) commits to deliver RMPO038621 by 2025-10-26 on expedited freight,6574.6786,2025-10-26,1% credit per week late beyond 5 days,breached,2025-11-05
CMT01742,DEC00796,,supplier,SUP0118,supplier_account_manager,2025-10-22,Supplier 118 (SUP0118) commits to deliver RMPO036898 by 2025-10-30 on expedited freight,587.2609,2025-10-30,2% credit per week late beyond 3 days,breached,2025-11-08
CMT01743,,NEG0050,supplier,SUP0199,category_manager,2025-10-22,"We commit to purchase at least 25,900 units from Supplier 199 (SUP0199) under CT00238 by 2027-10-31",25900.0,2027-10-31,volume shortfall invoiced at 5% of unpurchased value,open,
CMT01744,,NEG0050,supplier,SUP0199,supplier_account_manager,2025-10-22,Supplier 199 (SUP0199) commits to hold contract prices under CT00238 until 2027-10-31,,2027-10-31,"0.5% credit per day late, capped at 10%",open,
CMT01745,DEC00795,,warehouse,W003,plant_scheduler,2025-10-22,P05 commits to deliver FG line POL0042371 (PO PO014140) to W003 by 2025-11-07,244.0,2025-11-07,service-level KPI,renegotiated,2025-10-28
CMT01746,DEC00796,,warehouse,W001,plant_scheduler,2025-10-23,P02 commits to deliver FG line POL0044852 (PO PO014955) to W001 by 2025-11-08,413.0,2025-11-08,service-level KPI,renegotiated,2025-10-28
CMT01747,DEC00797,,plant,P04,plant_scheduler,2025-10-28,P04 commits to ship 8.5 kg of RM0021 to arrive at P05 by 2025-11-03,8.4669,2025-11-03,internal,fulfilled,2025-11-03
CMT01748,DEC00798,,supplier,SUP0241,supplier_account_manager,2025-10-31,Supplier 241 (SUP0241) confirms revised ship-to-arrive date 2025-11-13 for RMPO038960,288.5508,2025-11-13,2% credit per week late beyond 3 days,breached,2025-11-19
CMT01749,DEC00798,,supplier,SUP0241,supplier_account_manager,2025-11-01,Supplier 241 (SUP0241) commits to deliver RMPO038960 by 2025-11-10 on expedited freight,288.5508,2025-11-10,2% credit per week late beyond 3 days,breached,2025-11-19
CMT01750,DEC00801,,supplier,SUP0118,supplier_account_manager,2025-11-02,Supplier 118 (SUP0118) confirms revised ship-to-arrive date 2025-11-12 for RMPO037070,918.113,2025-11-12,2% credit per week late beyond 3 days,breached,2025-11-14
CMT01751,DEC00798,,warehouse,W004,plant_scheduler,2025-11-02,P01 commits to deliver FG line POL0023480 (PO PO007869) to W004 by 2025-11-15,462.0,2025-11-15,service-level KPI,breached,2025-11-25
CMT01752,DEC00799,,supplier,SUP0185,supplier_account_manager,2025-11-02,Supplier 185 (SUP0185) commits to deliver RMPO038903 by 2025-11-08 on expedited freight,4000.0,2025-11-08,1% credit per week late beyond 5 days,breached,2025-11-19
CMT01753,DEC00803,,supplier,SUP0221,supplier_account_manager,2025-11-03,Supplier 221 (SUP0221) confirms revised ship-to-arrive date 2025-11-13 for RMPO039455,100.0,2025-11-13,"0.5% credit per day late, capped at 10%",breached,2025-11-17
CMT01754,DEC00800,,supplier,SUP0109,supplier_account_manager,2025-11-03,Supplier 109 (SUP0109) commits to deliver replacement order RMPO039341 by 2025-11-09,2500.0,2025-11-09,"0.5% credit per day late, capped at 10%",renegotiated,2025-11-04
CMT01755,DEC00799,,warehouse,W008,plant_scheduler,2025-11-03,P04 commits to deliver FG line POL0011920 (PO PO004005) to W008 by 2025-11-21,390.0,2025-11-21,service-level KPI,renegotiated,2025-11-04
CMT01756,DEC00801,,warehouse,W001,plant_scheduler,2025-11-04,P02 commits to deliver FG line POL0013096 (PO PO004395) to W001 by 2025-11-15,252.0,2025-11-15,service-level KPI,breached,2025-11-19
CMT01757,DEC00800,,warehouse,W007,plant_scheduler,2025-11-04,P02 commits to deliver FG line POL0027987 (PO PO009372) to W007 by 2025-11-19,253.0,2025-11-19,service-level KPI,breached,2025-11-26
CMT01758,DEC00805,,supplier,SUP0236,supplier_account_manager,2025-11-05,Supplier 236 (SUP0236) commits to deliver RMPO038392 by 2025-11-14 on expedited freight,1200.0,2025-11-14,expedite freight at supplier cost if >7 days late,breached,2025-11-18
CMT01759,DEC00805,,supplier,SUP0236,supplier_account_manager,2025-11-05,Supplier 236 (SUP0236) confirms revised ship-to-arrive date 2025-11-21 for RMPO038392,1200.0,2025-11-21,expedite freight at supplier cost if >7 days late,fulfilled,2025-11-18
CMT01760,DEC00804,,supplier,SUP0151,supplier_account_manager,2025-11-05,Supplier 151 (SUP0151) commits to deliver RMPO038685 by 2025-11-17 on expedited freight,26.0479,2025-11-17,"0.5% credit per day late, capped at 10%",breached,2025-11-28
CMT01761,DEC00804,,supplier,SUP0151,supplier_account_manager,2025-11-05,Supplier 151 (SUP0151) confirms revised ship-to-arrive date 2025-11-21 for RMPO038685,26.0479,2025-11-21,"0.5% credit per day late, capped at 10%",breached,2025-11-28
CMT01762,DEC00804,,warehouse,W003,plant_scheduler,2025-11-06,P01 commits to deliver FG line POL0051472 (PO PO017183) to W003 by 2025-11-28,404.0,2025-11-28,service-level KPI,renegotiated,2025-11-09
CMT01763,DEC00806,,supplier,SUP0136,supplier_account_manager,2025-11-06,Supplier 136 (SUP0136) confirms revised ship-to-arrive date 2025-11-26 for RMPO037624,406.4953,2025-11-26,"0.5% credit per day late, capped at 10%",fulfilled,2025-11-23
CMT01764,DEC00806,,supplier,SUP0136,supplier_account_manager,2025-11-07,Supplier 136 (SUP0136) commits to deliver RMPO037624 by 2025-11-22 on expedited freight,406.4953,2025-11-22,"0.5% credit per day late, capped at 10%",breached,2025-11-23
CMT01765,DEC00808,,supplier,SUP0125,supplier_account_manager,2025-11-08,Supplier 125 (SUP0125) confirms revised ship-to-arrive date 2025-11-21 for RMPO039355,4000.0,2025-11-21,2% credit per week late beyond 3 days,fulfilled,2025-11-20
CMT01766,DEC00807,,supplier,SUP0138,supplier_account_manager,2025-11-08,Supplier 138 (SUP0138) commits to deliver RMPO037621 by 2025-11-14 on expedited freight,1263.1328,2025-11-14,1% credit per week late beyond 5 days,breached,2025-11-29
CMT01767,DEC00806,,warehouse,W007,plant_scheduler,2025-11-08,P02 commits to deliver FG line POL0018171 (PO PO006107) to W007 by 2025-11-30,217.0,2025-11-30,service-level KPI,fulfilled,2025-11-28
CMT01768,DEC00810,,supplier,SUP0033,supplier_account_manager,2025-11-09,Supplier 033 (SUP0033) confirms revised ship-to-arrive date 2025-11-27 for RMPO037879,51.7759,2025-11-27,1% credit per week late beyond 5 days,breached,2025-11-30
CMT01769,DEC00808,,supplier,SUP0125,supplier_account_manager,2025-11-09,Supplier 125 (SUP0125) commits to deliver RMPO039355 by 2025-11-13 on expedited freight,4000.0,2025-11-13,2% credit per week late beyond 3 days,breached,2025-11-20
CMT01770,DEC00807,,warehouse,W005,plant_scheduler,2025-11-09,P02 commits to deliver FG line POL0043968 (PO PO014659) to W005 by 2025-11-30,37.0,2025-11-30,service-level KPI,renegotiated,2025-11-25
CMT01771,DEC00809,,supplier,SUP0118,supplier_account_manager,2025-11-10,Supplier 118 (SUP0118) confirms revised ship-to-arrive date 2025-11-17 for RMPO036900,300.0,2025-11-17,2% credit per week late beyond 3 days,breached,2025-11-28
CMT01772,DEC00810,,supplier,SUP0033,supplier_account_manager,2025-11-10,Supplier 033 (SUP0033) commits to deliver RMPO037879 by 2025-11-22 on expedited freight,51.7759,2025-11-22,1% credit per week late beyond 5 days,breached,2025-11-30
CMT01773,DEC00809,,warehouse,W005,plant_scheduler,2025-11-11,P03 commits to deliver FG line POL0018374 (PO PO006173) to W005 by 2025-11-24,320.0,2025-11-24,service-level KPI,renegotiated,2025-11-18
CMT01774,DEC00810,,warehouse,W011,plant_scheduler,2025-11-11,P01 commits to deliver FG line POL0003008 (PO PO000998) to W011 by 2025-12-03,160.0,2025-12-03,service-level KPI,renegotiated,2025-11-22
CMT01775,DEC00813,,supplier,SUP0118,supplier_account_manager,2025-11-15,Supplier 118 (SUP0118) confirms revised ship-to-arrive date 2025-12-04 for RMPO037977,30.0,2025-12-04,2% credit per week late beyond 3 days,breached,2025-12-08
CMT01776,DEC00812,,supplier,SUP0118,supplier_account_manager,2025-11-16,Supplier 118 (SUP0118) confirms revised ship-to-arrive date 2025-11-22 for RMPO037181,300.0,2025-11-22,2% credit per week late beyond 3 days,breached,2025-12-02
CMT01777,DEC00813,,supplier,SUP0118,supplier_account_manager,2025-11-16,Supplier 118 (SUP0118) commits to deliver RMPO037977 by 2025-11-30 on expedited freight,30.0,2025-11-30,2% credit per week late beyond 3 days,breached,2025-12-08
CMT01778,DEC00811,,supplier,SUP0051,supplier_account_manager,2025-11-16,Supplier 051 (SUP0051) commits to deliver RMPO038404 by 2025-12-10 on expedited freight,1217.6885,2025-12-10,expedite freight at supplier cost if >7 days late,fulfilled,2025-12-06
CMT01779,DEC00811,,supplier,SUP0051,supplier_account_manager,2025-11-16,Supplier 051 (SUP0051) confirms revised ship-to-arrive date 2025-12-14 for RMPO038404,1217.6885,2025-12-14,expedite freight at supplier cost if >7 days late,fulfilled,2025-12-06
CMT01780,DEC00812,,warehouse,W005,plant_scheduler,2025-11-17,P01 commits to deliver FG line POL0003820 (PO PO001279) to W005 by 2025-12-01,463.0,2025-12-01,service-level KPI,breached,2025-12-09
CMT01781,DEC00811,,warehouse,W001,plant_scheduler,2025-11-17,P02 commits to deliver FG line POL0025102 (PO PO008412) to W001 by 2025-12-18,225.0,2025-12-18,service-level KPI,fulfilled,2025-12-10
CMT01782,DEC00815,,supplier,SUP0238,supplier_account_manager,2025-11-18,Supplier 238 (SUP0238) confirms revised ship-to-arrive date 2025-12-04 for RMPO038663,750.0,2025-12-04,none,breached,2025-12-07
CMT01783,DEC00815,,supplier,SUP0238,supplier_account_manager,2025-11-19,Supplier 238 (SUP0238) commits to deliver RMPO038663 by 2025-11-28 on expedited freight,750.0,2025-11-28,none,breached,2025-12-07
CMT01784,DEC00816,,supplier,SUP0216,supplier_account_manager,2025-11-24,Supplier 216 (SUP0216) confirms revised ship-to-arrive date 2025-12-09 for RMPO038365,3000.0,2025-12-09,1% credit per week late beyond 5 days,breached,2025-12-14
CMT01785,DEC00816,,supplier,SUP0216,supplier_account_manager,2025-11-25,Supplier 216 (SUP0216) commits to deliver RMPO038365 by 2025-12-03 on expedited freight,3000.0,2025-12-03,1% credit per week late beyond 5 days,breached,2025-12-14
CMT01786,DEC00817,,supplier,SUP0118,supplier_account_manager,2025-11-26,Supplier 118 (SUP0118) confirms revised ship-to-arrive date 2025-12-06 for RMPO037978,180.0,2025-12-06,2% credit per week late beyond 3 days,breached,2025-12-15
CMT01787,DEC00817,,supplier,SUP0118,supplier_account_manager,2025-11-27,Supplier 118 (SUP0118) commits to deliver RMPO037978 by 2025-12-03 on expedited freight,180.0,2025-12-03,2% credit per week late beyond 3 days,breached,2025-12-15
CMT01788,DEC00818,,supplier,SUP0181,supplier_account_manager,2025-11-27,Supplier 181 (SUP0181) commits to deliver replacement order RMPO040051 by 2025-12-09,438.9804,2025-12-09,"0.5% credit per day late, capped at 10%",renegotiated,2025-11-28
CMT01789,DEC00819,,supplier,SUP0125,supplier_account_manager,2025-11-27,Supplier 125 (SUP0125) confirms revised ship-to-arrive date 2025-12-01 for RMPO039791,50.0,2025-12-01,2% credit per week late beyond 3 days,fulfilled,2025-12-01
CMT01790,DEC00820,,supplier,SUP0179,supplier_account_manager,2025-11-27,Supplier 179 (SUP0179) commits to deliver RMPO039157 by 2025-12-04 on expedited freight,360.0,2025-12-04,2% credit per week late beyond 3 days,fulfilled,2025-12-04
CMT01791,DEC00820,,supplier,SUP0179,supplier_account_manager,2025-11-27,Supplier 179 (SUP0179) confirms revised ship-to-arrive date 2025-12-12 for RMPO039157,360.0,2025-12-12,2% credit per week late beyond 3 days,fulfilled,2025-12-04
CMT01792,DEC00821,,supplier,SUP0185,supplier_account_manager,2025-11-27,Supplier 185 (SUP0185) confirms revised ship-to-arrive date 2025-12-15 for RMPO039907,3318.3007,2025-12-15,1% credit per week late beyond 5 days,fulfilled,2025-12-13
CMT01793,DEC00817,,warehouse,W011,plant_scheduler,2025-11-28,P03 commits to deliver FG line POL0005564 (PO PO001883) to W011 by 2025-12-11,356.0,2025-12-11,service-level KPI,breached,2025-12-20
CMT01794,DEC00822,,supplier,SUP0118,supplier_account_manager,2025-11-28,Supplier 118 (SUP0118) commits to deliver RMPO038401 by 2025-12-15 on expedited freight,639.7047,2025-12-15,2% credit per week late beyond 3 days,fulfilled,2025-12-14
CMT01795,DEC00818,,warehouse,W012,plant_scheduler,2025-11-28,P02 commits to deliver FG line POL0050523 (PO PO016862) to W012 by 2025-12-27,178.0,2025-12-27,service-level KPI,fulfilled,2025-12-22
CMT01796,DEC00821,,supplier,SUP0185,supplier_account_manager,2025-11-28,Supplier 185 (SUP0185) commits to deliver RMPO039907 by 2025-12-11 on expedited freight,3318.3007,2025-12-11,1% credit per week late beyond 5 days,breached,2025-12-13
CMT01797,DEC00825,,supplier,SUP0118,supplier_account_manager,2025-11-29,Supplier 118 (SUP0118) confirms revised ship-to-arrive date 2025-12-26 for RMPO038403,159.2887,2025-12-26,2% credit per week late beyond 3 days,fulfilled,2025-12-18
CMT01798,DEC00822,,warehouse,W007,plant_scheduler,2025-11-29,P04 commits to deliver FG line POL0016639 (PO PO005576) to W007 by 2025-12-23,527.0,2025-12-23,service-level KPI,fulfilled,2025-12-18
CMT01799,DEC00823,,supplier,SUP0118,supplier_account_manager,2025-11-29,Supplier 118 (SUP0118) commits to deliver RMPO038240 by 2025-12-06 on expedited freight,90.0,2025-12-06,2% credit per week late beyond 3 days,breached,2025-12-13
CMT01800,DEC00821,,warehouse,W011,plant_scheduler,2025-11-29,P01 commits to deliver FG line POL0020655 (PO PO006936) to W011 by 2025-12-21,130.0,2025-12-21,service-level KPI,fulfilled,2025-12-19
CMT01801,DEC00824,,supplier,SUP0185,supplier_account_manager,2025-11-29,Supplier 185 (SUP0185) confirms revised ship-to-arrive date 2025-12-17 for RMPO040053,5431.1293,2025-12-17,1% credit per week late beyond 5 days,breached,2025-12-24
CMT01802,DEC00825,,supplier,SUP0118,supplier_account_manager,2025-11-30,Supplier 118 (SUP0118) commits to deliver RMPO038403 by 2025-12-18 on expedited freight,159.2887,2025-12-18,2% credit per week late beyond 3 days,fulfilled,2025-12-18
CMT01803,DEC00826,,supplier,SUP0185,supplier_account_manager,2025-11-30,Supplier 185 (SUP0185) confirms revised ship-to-arrive date 2025-12-10 for RMPO040052,6927.7532,2025-12-10,1% credit per week late beyond 5 days,fulfilled,2025-12-10
CMT01804,DEC00824,,supplier,SUP0185,supplier_account_manager,2025-11-30,Supplier 185 (SUP0185) commits to deliver RMPO040053 by 2025-12-11 on expedited freight,5431.1293,2025-12-11,1% credit per week late beyond 5 days,breached,2025-12-24
CMT01805,DEC00825,,warehouse,W001,plant_scheduler,2025-12-01,P02 commits to deliver FG line POL0022931 (PO PO007684) to W001 by 2025-12-30,264.0,2025-12-30,service-level KPI,fulfilled,2025-12-23
CMT01806,DEC00826,,supplier,SUP0185,supplier_account_manager,2025-12-01,Supplier 185 (SUP0185) commits to deliver RMPO040052 by 2025-12-07 on expedited freight,6927.7532,2025-12-07,1% credit per week late beyond 5 days,breached,2025-12-10
CMT01807,DEC00824,,warehouse,W004,plant_scheduler,2025-12-01,P03 commits to deliver FG line POL0033956 (PO PO011347) to W004 by 2025-12-23,298.0,2025-12-23,service-level KPI,renegotiated,2025-12-02
CMT01808,DEC00827,,supplier,SUP0011,supplier_account_manager,2025-12-02,Supplier 011 (SUP0011) confirms revised ship-to-arrive date 2025-12-17 for RMPO038687,4715.8137,2025-12-17,none,breached,2025-12-21
CMT01809,DEC00826,,warehouse,W003,plant_scheduler,2025-12-02,P02 commits to deliver FG line POL0013071 (PO PO004387) to W003 by 2025-12-19,550.0,2025-12-19,service-level KPI,renegotiated,2025-12-08
CMT01810,DEC00828,,supplier,SUP0221,supplier_account_manager,2025-12-03,Supplier 221 (SUP0221) commits to deliver RMPO039889 by 2025-12-05 on expedited freight,16.0,2025-12-05,"0.5% credit per day late, capped at 10%",breached,2025-12-07
CMT01811,DEC00828,,supplier,SUP0221,supplier_account_manager,2025-12-03,Supplier 221 (SUP0221) confirms revised ship-to-arrive date 2025-12-07 for RMPO039889,16.0,2025-12-07,"0.5% credit per day late, capped at 10%",fulfilled,2025-12-07
CMT01812,DEC00827,,supplier,SUP0011,supplier_account_manager,2025-12-03,Supplier 011 (SUP0011) commits to deliver RMPO038687 by 2025-12-11 on expedited freight,4715.8137,2025-12-11,none,breached,2025-12-21
CMT01813,DEC00827,,warehouse,W007,plant_scheduler,2025-12-04,P03 commits to deliver FG line POL0034591 (PO PO011564) to W007 by 2025-12-25,185.0,2025-12-25,service-level KPI,renegotiated,2025-12-12
CMT01814,DEC00829,,warehouse,W011,plant_scheduler,2025-12-10,P05 commits to deliver FG line POL0024514 (PO PO008218) to W011 by 2025-12-22,431.0,2025-12-22,service-level KPI,renegotiated,2025-12-15
CMT01815,DEC00830,,supplier,SUP0054,supplier_account_manager,2025-12-11,Supplier 054 (SUP0054) commits to deliver RMPO040204 by 2025-12-15 on expedited freight,30.8442,2025-12-15,2% credit per week late beyond 3 days,breached,2025-12-23
CMT01816,DEC00831,,supplier,SUP0185,supplier_account_manager,2025-12-12,Supplier 185 (SUP0185) commits to deliver RMPO040292 by 2025-12-20 on expedited freight,8000.0,2025-12-20,1% credit per week late beyond 5 days,breached,2025-12-30
CMT01817,DEC00831,,supplier,SUP0185,supplier_account_manager,2025-12-12,Supplier 185 (SUP0185) confirms revised ship-to-arrive date 2025-12-25 for RMPO040292,8000.0,2025-12-25,1% credit per week late beyond 5 days,breached,2025-12-30
CMT01818,DEC00830,,warehouse,W010,plant_scheduler,2025-12-12,P05 commits to deliver FG line POL0030913 (PO PO010335) to W010 by 2025-12-26,255.0,2025-12-26,service-level KPI,renegotiated,2025-12-15
CMT01819,DEC00832,,supplier,SUP0109,supplier_account_manager,2025-12-13,Supplier 109 (SUP0109) commits to deliver replacement order RMPO040324 by 2025-12-19,2500.0,2025-12-19,"0.5% credit per day late, capped at 10%",fulfilled,2025-12-19
CMT01820,DEC00834,,supplier,SUP0118,supplier_account_manager,2025-12-14,Supplier 118 (SUP0118) confirms revised ship-to-arrive date 2026-01-06 for RMPO038524,1200.0,2026-01-06,2% credit per week late beyond 3 days,open,
CMT01821,DEC00833,,supplier,SUP0118,supplier_account_manager,2025-12-15,Supplier 118 (SUP0118) commits to deliver RMPO038813 by 2025-12-22 on expedited freight,300.0,2025-12-22,2% credit per week late beyond 3 days,open,
CMT01822,DEC00833,,supplier,SUP0118,supplier_account_manager,2025-12-15,Supplier 118 (SUP0118) confirms revised ship-to-arrive date 2025-12-29 for RMPO038813,300.0,2025-12-29,2% credit per week late beyond 3 days,open,
CMT01823,DEC00834,,supplier,SUP0118,supplier_account_manager,2025-12-15,Supplier 118 (SUP0118) commits to deliver RMPO038524 by 2025-12-29 on expedited freight,1200.0,2025-12-29,2% credit per week late beyond 3 days,open,
CMT01824,DEC00835,,supplier,SUP0118,supplier_account_manager,2025-12-20,Supplier 118 (SUP0118) confirms revised ship-to-arrive date 2026-01-13 for RMPO038523,30.0,2026-01-13,2% credit per week late beyond 3 days,open,
CMT01825,DEC00836,,supplier,SUP0146,supplier_account_manager,2025-12-24,Supplier 146 (SUP0146) confirms revised ship-to-arrive date 2026-01-05 for RMPO039607,20.0,2026-01-05,"0.5% credit per day late, capped at 10%",open,
CMT01826,DEC00837,,supplier,SUP0179,supplier_account_manager,2025-12-24,Supplier 179 (SUP0179) confirms revised ship-to-arrive date 2025-12-31 for RMPO039829,24.0,2025-12-31,2% credit per week late beyond 3 days,fulfilled,2025-12-31
CMT01827,DEC00837,,supplier,SUP0179,supplier_account_manager,2025-12-25,Supplier 179 (SUP0179) commits to deliver RMPO039829 by 2025-12-27 on expedited freight,24.0,2025-12-27,2% credit per week late beyond 3 days,breached,2025-12-31
