product_id,sourcing_mode,plant_id,brand_family,abc_class,unit_price,gross_margin_pct
IP00001,buy,,Evergreen,A,791.1,0.3177
IP00002,buy,,Riverside,A,562.99,0.2349
IP00003,buy,,Oakridge,A,1353.77,0.4292
IP00004,make,P02,Summit,A,953.19,0.4099
IP00005,buy,,Brightwater,B,697.79,0.4655
IP00006,buy,,Evergreen,C,261.17,0.2277
IP00007,make,P01,Riverside,A,608.35,0.2237
IP00008,make,P04,Oakridge,A,1131.6,0.3474
IP00009,buy,,Harbor,A,632.71,0.3598
IP00010,buy,,Lakeside,C,52.62,0.3787
IP00011,make,P02,Evergreen,C,149.48,0.23
IP00012,make,P03,Westgate,A,1041.47,0.2757
IP00013,make,P03,Oakridge,A,1178.49,0.417
IP00014,buy,,Keystone,A,709.17,0.3719
IP00015,buy,,Lakeside,C,43.61,0.462
IP00016,make,P02,Evergreen,A,1148.29,0.3346
IP00017,buy,,Riverside,B,699.23,0.2997
IP00018,make,P03,Truefield,C,243.47,0.4698
IP00019,make,P03,Harbor,A,1104.5,0.4114
IP00020,buy,,Crescent,A,1001.11,0.4763
IP00021,make,P02,Clearline,B,321.49,0.2896
IP00022,make,P04,Stonebridge,B,444.08,0.228
IP00023,make,P02,Truefield,A,1420.46,0.4379
IP00024,buy,,Bluecrest,B,580.9,0.2958
IP00025,buy,,Ironwood,A,1243.31,0.492
IP00026,make,P01,Apex,A,790.33,0.2553
IP00027,buy,,Stonebridge,A,850.27,0.2371
IP00028,make,P02,Oakridge,A,934.83,0.3749
IP00029,buy,,Harbor,C,11.11,0.3733
IP00030,buy,,Ironwood,C,207.59,0.3835
IP00031,buy,,Evergreen,A,563.78,0.2959
IP00032,buy,,Stonebridge,B,515.69,0.2156
IP00033,make,P01,Truefield,A,558.79,0.3999
IP00034,buy,,Harbor,A,619.57,0.3042
IP00035,buy,,Lakeside,A,1160.46,0.3541
IP00036,buy,,Apex,C,336.23,0.2669
IP00037,make,P04,Westgate,A,722.8,0.2738
IP00038,make,P01,Truefield,B,641.63,0.3317
IP00039,make,P04,Summit,A,786.09,0.3338
IP00040,buy,,Crescent,A,861.09,0.4281
IP00041,make,P03,Clearline,A,1057.62,0.2988
IP00042,make,P05,Pinnacle,B,348.62,0.2042
IP00043,make,P04,Oakridge,A,1111.54,0.3405
IP00044,buy,,Summit,A,780.87,0.4008
IP00045,buy,,Crescent,A,804.29,0.3663
IP00046,buy,,Northwind,C,33.99,0.2868
IP00047,make,P05,Stonebridge,A,758.04,0.2948
IP00048,make,P01,Oakridge,A,1075.57,0.4249
IP00049,buy,,Bluecrest,B,580.88,0.3337
IP00050,buy,,Crescent,A,744.04,0.4039
IP00051,buy,,Northwind,B,353.34,0.2669
IP00052,make,P01,Pinnacle,A,767.55,0.1845
IP00053,make,P02,Meridian,A,924.35,0.4624
IP00054,make,P05,Keystone,A,774.63,0.4088
IP00055,buy,,Lakeside,C,22.75,0.4466
IP00056,buy,,Apex,B,384.26,0.2738
IP00057,make,P03,Riverside,B,503.33,0.2318
IP00058,make,P03,Truefield,C,103.05,0.309
IP00059,buy,,Keystone,A,792.62,0.333
IP00060,make,P02,Ironwood,A,719.03,0.4152
IP00061,make,P04,Apex,B,560.28,0.3394
IP00062,make,P02,Pinnacle,A,978.64,0.2365
IP00063,make,P03,Truefield,B,706.46,0.3765
IP00064,buy,,Summit,A,731.83,0.3257
IP00065,buy,,Crescent,B,910.29,0.4471
IP00066,make,P04,Evergreen,C,87.8,0.2743
IP00067,buy,,Pinnacle,A,684.73,0.2822
IP00068,make,P05,Oakridge,C,131.03,0.3307
IP00069,make,P02,Keystone,A,1073.9,0.3053
IP00070,buy,,Ironwood,A,824.05,0.4275
IP00071,buy,,Clearline,A,794.38,0.2257
IP00072,buy,,Stonebridge,A,615.15,0.21
IP00073,make,P01,Meridian,A,534.03,0.3774
IP00074,buy,,Summit,A,614.59,0.3029
IP00075,buy,,Lakeside,A,1266.39,0.4844
IP00076,make,P03,Clearline,C,121.78,0.2607
IP00077,buy,,Pinnacle,C,190.71,0.1977
IP00078,make,P01,Truefield,A,593.11,0.3918
IP00079,buy,,Bluecrest,B,224.77,0.3242
IP00080,buy,,Crescent,A,1386.93,0.5464
IP00081,buy,,Evergreen,C,250.4,0.3455
IP00082,make,P02,Westgate,B,304.74,0.1999
IP00083,make,P04,Meridian,B,377.19,0.3905
IP00084,make,P05,Keystone,C,243.42,0.2969
IP00085,buy,,Crescent,A,1619.6,0.4994
IP00086,make,P01,Apex,A,636.91,0.3159
IP00087,buy,,Westgate,A,923.24,0.2555
IP00088,buy,,Meridian,A,1278.42,0.3935
IP00089,buy,,Bluecrest,A,419.37,0.3003
IP00090,buy,,Crescent,B,358.77,0.4404
IP00091,make,P04,Evergreen,B,756.99,0.3157
IP00092,make,P01,Stonebridge,A,1035.65,0.2911
IP00093,make,P01,Oakridge,A,862.06,0.4196
IP00094,make,P03,Bluecrest,A,819.28,0.3305
IP00095,make,P05,Crescent,B,424.7,0.3584
IP00096,make,P02,Northwind,B,668.96,0.3382
IP00097,buy,,Westgate,B,505.36,0.2203
IP00098,make,P03,Meridian,B,636.58,0.3985
IP00099,buy,,Harbor,B,610.75,0.3814
IP00100,buy,,Ironwood,C,154.89,0.5017
IP00101,buy,,Apex,B,402.52,0.3084
IP00102,make,P01,Westgate,C,182.39,0.2982
IP00103,make,P03,Meridian,A,859.98,0.3591
IP00104,buy,,Summit,C,292.55,0.3561
IP00105,buy,,Lakeside,A,786.59,0.4614
IP00106,buy,,Clearline,C,176.94,0.251
IP00107,buy,,Westgate,A,611.13,0.2837
IP00108,make,P01,Truefield,B,426.53,0.3261
IP00109,buy,,Bluecrest,C,2.18,0.3123
IP00110,buy,,Lakeside,A,935.19,0.4019
IP00111,buy,,Evergreen,A,849.31,0.2857
IP00112,make,P03,Stonebridge,C,74.13,0.2037
IP00113,make,P03,Oakridge,A,1031.68,0.4713
IP00114,buy,,Bluecrest,B,470.19,0.2841
IP00115,buy,,Brightwater,B,656.33,0.3902
IP00116,make,P03,Northwind,C,57.67,0.2494
IP00117,buy,,Pinnacle,A,1019.31,0.2327
IP00118,make,P02,Silverleaf,A,925.58,0.4237
IP00119,buy,,Harbor,A,999.81,0.4085
IP00120,buy,,Crescent,A,1578.4,0.5339
IP00121,make,P05,Clearline,A,763.37,0.3327
IP00122,make,P04,Westgate,A,592.7,0.2892
IP00123,make,P03,Meridian,A,875.98,0.3751
IP00124,buy,,Summit,A,986.0,0.4078
IP00125,buy,,Ironwood,C,124.02,0.467
IP00126,buy,,Evergreen,A,1076.43,0.3178
IP00127,make,P02,Westgate,A,493.63,0.2343
IP00128,make,P02,Oakridge,B,313.62,0.3354
IP00129,buy,,Harbor,A,799.09,0.3422
IP00130,buy,,Crescent,C,275.1,0.4258
IP00131,buy,,Evergreen,C,212.12,0.2213
IP00132,buy,,Pinnacle,A,853.56,0.2462
IP00133,buy,,Oakridge,A,1113.58,0.3522
IP00134,buy,,Summit,B,828.3,0.4078
IP00135,buy,,Crescent,B,716.67,0.3682
IP00136,buy,,Apex,A,932.52,0.2576
IP00137,make,P01,Riverside,B,539.08,0.2081
IP00138,make,P03,Silverleaf,A,1092.7,0.3628
IP00139,buy,,Summit,A,1094.28,0.4145
IP00140,buy,,Brightwater,B,624.0,0.5101
IP00141,make,P05,Clearline,A,937.78,0.2593
IP00142,make,P01,Riverside,B,392.53,0.2209
IP00143,make,P02,Silverleaf,B,819.44,0.4495
IP00144,make,P02,Harbor,B,477.46,0.3372
IP00145,buy,,Brightwater,A,1367.28,0.4851
IP00146,make,P03,Apex,C,135.1,0.3293
IP00147,buy,,Stonebridge,A,841.0,0.2881
IP00148,make,P03,Meridian,A,1258.6,0.4386
IP00149,make,P05,Harbor,A,1310.98,0.4064
IP00150,buy,,Brightwater,A,734.35,0.5357
IP00151,buy,,Northwind,B,872.74,0.3107
IP00152,buy,,Pinnacle,A,674.6,0.287
IP00153,buy,,Meridian,B,747.15,0.4335
IP00154,buy,,Keystone,C,487.22,0.3143
IP00155,make,P04,Crescent,A,1575.31,0.5331
IP00156,make,P01,Evergreen,B,431.66,0.2429
IP00157,make,P03,Riverside,A,790.31,0.2222
IP00158,make,P01,Oakridge,C,223.31,0.4405
IP00159,make,P03,Harbor,A,1294.9,0.3505
IP00160,buy,,Crescent,C,101.42,0.381
IP00161,buy,,Northwind,A,1035.39,0.2679
IP00162,make,P02,Westgate,B,389.08,0.2302
IP00163,make,P02,Truefield,A,674.75,0.3399
IP00164,buy,,Bluecrest,A,1044.1,0.2823
IP00165,buy,,Lakeside,A,999.88,0.4914
IP00166,make,P03,Evergreen,B,307.61,0.3116
IP00167,make,P02,Stonebridge,C,148.08,0.2664
IP00168,make,P02,Meridian,A,580.75,0.4152
IP00169,buy,,Harbor,A,886.29,0.4043
IP00170,buy,,Brightwater,B,558.58,0.3756
IP00171,buy,,Northwind,A,740.87,0.2295
IP00172,make,P01,Pinnacle,B,362.95,0.2327
IP00173,buy,,Oakridge,A,916.62,0.406
IP00174,buy,,Summit,C,84.81,0.2822
IP00175,buy,,Ironwood,A,910.92,0.4836
IP00176,make,P03,Apex,C,136.7,0.3182
IP00177,buy,,Stonebridge,C,223.2,0.2728
IP00178,make,P04,Truefield,C,188.38,0.4337
IP00179,buy,,Harbor,B,308.39,0.416
IP00180,buy,,Ironwood,A,554.59,0.4466
IP00181,make,P05,Apex,C,206.41,0.2804
IP00182,make,P03,Riverside,B,319.09,0.2817
IP00183,make,P05,Meridian,B,708.5,0.3634
IP00184,make,P03,Summit,C,101.15,0.3541
IP00185,buy,,Lakeside,A,632.8,0.5128
IP00186,make,P01,Northwind,A,1231.19,0.3434
IP00187,buy,,Stonebridge,A,1074.73,0.2532
IP00188,make,P04,Truefield,A,1345.94,0.3705
IP00189,buy,,Bluecrest,A,1118.08,0.3832
IP00190,buy,,Brightwater,A,916.25,0.4585
IP00191,make,P03,Apex,C,22.31,0.294
IP00192,make,P02,Stonebridge,B,442.9,0.272
IP00193,make,P03,Silverleaf,C,26.87,0.362
IP00194,make,P05,Keystone,A,1144.59,0.2896
IP00195,buy,,Crescent,A,1322.32,0.525
IP00196,buy,,Northwind,A,1058.56,0.3135
IP00197,buy,,Stonebridge,B,592.11,0.1815
IP00198,make,P05,Truefield,A,951.02,0.3452
IP00199,make,P05,Keystone,C,370.39,0.327
IP00200,buy,,Crescent,A,686.84,0.5122
IP00201,make,P05,Apex,A,527.0,0.2512
IP00202,make,P03,Pinnacle,A,775.6,0.2296
IP00203,make,P05,Truefield,C,3.66,0.4288
IP00204,buy,,Keystone,A,703.37,0.3677
IP00205,buy,,Lakeside,C,147.2,0.4492
IP00206,buy,,Evergreen,C,129.09,0.2813
IP00207,buy,,Pinnacle,C,229.67,0.2294
IP00208,make,P05,Meridian,B,415.93,0.4363
IP00209,buy,,Keystone,B,278.35,0.3382
IP00210,buy,,Brightwater,B,677.75,0.3694
IP00211,make,P04,Northwind,B,427.64,0.2326
IP00212,make,P02,Westgate,A,991.31,0.1839
IP00213,make,P05,Meridian,A,957.06,0.3226
IP00214,buy,,Harbor,B,351.86,0.3116
IP00215,buy,,Lakeside,A,801.08,0.4052
IP00216,make,P01,Northwind,A,399.55,0.3368
IP00217,make,P04,Pinnacle,C,82.32,0.2498
IP00218,make,P01,Truefield,B,569.67,0.4282
IP00219,make,P04,Bluecrest,C,235.1,0.2974
IP00220,buy,,Ironwood,B,323.39,0.3813
IP00221,make,P04,Evergreen,B,491.78,0.3081
IP00222,make,P05,Riverside,A,1020.18,0.2233
IP00223,make,P02,Meridian,A,1204.26,0.4643
IP00224,make,P03,Keystone,C,48.85,0.391
IP00225,buy,,Lakeside,C,58.1,0.4332
IP00226,buy,,Northwind,A,1019.35,0.3185
IP00227,buy,,Riverside,C,201.63,0.1842
IP00228,make,P05,Truefield,C,341.5,0.4032
IP00229,make,P01,Keystone,A,630.52,0.3751
IP00230,buy,,Crescent,B,679.16,0.3732
IP00231,buy,,Evergreen,A,826.39,0.2759
IP00232,make,P04,Westgate,C,75.59,0.2912
IP00233,make,P02,Meridian,A,1130.3,0.3024
IP00234,buy,,Harbor,B,397.33,0.3786
IP00235,buy,,Lakeside,A,939.79,0.395
IP00236,buy,,Evergreen,A,652.71,0.2398
IP00237,buy,,Pinnacle,A,760.73,0.248
IP00238,buy,,Meridian,A,923.61,0.3426
IP00239,make,P04,Keystone,A,532.59,0.3903
IP00240,buy,,Crescent,A,976.67,0.5357
IP00241,make,P03,Apex,C,22.36,0.2973
IP00242,buy,,Stonebridge,C,121.02,0.2218
IP00243,buy,,Truefield,C,83.92,0.4154
IP00244,make,P01,Harbor,A,652.77,0.4124
IP00245,buy,,Brightwater,A,1455.36,0.4821
IP00246,make,P02,Apex,A,503.79,0.2748
IP00247,buy,,Pinnacle,C,205.3,0.2392
IP00248,make,P03,Oakridge,C,2.16,0.4261
IP00249,buy,,Summit,A,966.48,0.3243
IP00250,buy,,Ironwood,A,805.29,0.387
IP00251,buy,,Northwind,A,1021.45,0.3114
IP00252,make,P01,Riverside,A,1010.74,0.2457
IP00253,make,P01,Silverleaf,A,881.1,0.456
IP00254,buy,,Harbor,C,316.91,0.2993
IP00255,buy,,Lakeside,B,262.68,0.3571
IP00256,make,P02,Northwind,A,972.63,0.2348
IP00257,buy,,Riverside,B,546.9,0.1936
IP00258,buy,,Truefield,A,1198.11,0.429
IP00259,make,P03,Keystone,B,592.64,0.3151
IP00260,buy,,Lakeside,A,545.45,0.3639
IP00261,buy,,Northwind,A,1088.44,0.3302
IP00262,make,P05,Pinnacle,A,1136.76,0.2747
IP00263,make,P03,Meridian,C,230.92,0.3982
IP00264,make,P04,Summit,A,467.6,0.392
IP00265,buy,,Ironwood,A,1178.95,0.4846
IP00266,make,P03,Northwind,B,268.65,0.243
IP00267,make,P04,Westgate,B,648.04,0.2704
IP00268,make,P03,Silverleaf,B,504.9,0.4347
IP00269,make,P02,Keystone,C,279.19,0.283
IP00270,buy,,Crescent,B,390.08,0.4004
IP00271,make,P03,Evergreen,C,109.64,0.3297
IP00272,buy,,Stonebridge,B,562.52,0.2861
IP00273,make,P02,Truefield,B,326.16,0.4412
IP00274,make,P04,Summit,A,1179.06,0.3023
IP00275,buy,,Ironwood,A,1355.18,0.5437
IP00276,make,P01,Evergreen,B,703.47,0.2534
IP00277,make,P05,Westgate,A,992.55,0.2353
IP00278,make,P04,Silverleaf,C,5.63,0.304
IP00279,buy,,Harbor,A,1121.17,0.3709
IP00280,buy,,Crescent,A,1088.25,0.486
IP00281,buy,,Clearline,A,967.4,0.2636
IP00282,make,P01,Riverside,A,797.11,0.2209
IP00283,make,P03,Oakridge,C,101.04,0.4697
IP00284,buy,,Harbor,A,1282.38,0.3384
IP00285,buy,,Crescent,A,1108.74,0.4783
IP00286,make,P03,Apex,A,489.83,0.2614
IP00287,make,P04,Pinnacle,A,1062.89,0.2444
IP00288,buy,,Silverleaf,A,1398.62,0.4419
IP00289,buy,,Harbor,B,712.41,0.3624
IP00290,buy,,Ironwood,A,506.75,0.4889
IP00291,buy,,Northwind,C,64.56,0.2819
IP00292,buy,,Westgate,A,482.61,0.2726
IP00293,make,P04,Silverleaf,A,1260.6,0.3442
IP00294,make,P05,Keystone,C,167.36,0.3063
IP00295,buy,,Ironwood,A,915.69,0.434
IP00296,make,P01,Northwind,C,326.62,0.2885
IP00297,buy,,Pinnacle,C,125.17,0.257
IP00298,make,P02,Oakridge,A,1153.76,0.4511
IP00299,buy,,Summit,B,359.45,0.3546
IP00300,buy,,Brightwater,A,638.85,0.3742
IP00301,make,P02,Evergreen,C,104.23,0.2414
IP00302,buy,,Pinnacle,C,22.75,0.2016
IP00303,make,P03,Meridian,C,307.77,0.3939
IP00304,make,P01,Harbor,A,909.83,0.2981
IP00305,buy,,Brightwater,A,1281.36,0.4652
IP00306,make,P04,Evergreen,A,616.57,0.3296
IP00307,buy,,Pinnacle,A,827.0,0.2236
IP00308,make,P03,Truefield,C,198.66,0.3367
IP00309,buy,,Harbor,A,897.92,0.351
IP00310,buy,,Crescent,A,934.77,0.3627
IP00311,buy,,Evergreen,A,1143.84,0.3415
IP00312,buy,,Riverside,A,454.77,0.2865
IP00313,make,P04,Silverleaf,A,763.17,0.338
IP00314,buy,,Bluecrest,A,592.86,0.3589
IP00315,buy,,Brightwater,A,1302.77,0.4942
IP00316,make,P01,Evergreen,C,262.76,0.314
IP00317,buy,,Stonebridge,A,741.31,0.2849
IP00318,make,P05,Truefield,A,1593.52,0.4752
IP00319,buy,,Keystone,A,889.36,0.3629
IP00320,buy,,Crescent,B,687.47,0.3865
IP00321,buy,,Northwind,A,912.05,0.3037
IP00322,make,P04,Pinnacle,C,277.47,0.2325
IP00323,make,P01,Silverleaf,A,1288.49,0.4318
IP00324,buy,,Bluecrest,B,372.63,0.3819
IP00325,buy,,Crescent,B,417.41,0.4381
IP00326,make,P04,Clearline,B,506.55,0.3226
IP00327,buy,,Riverside,A,801.24,0.2285
IP00328,make,P01,Silverleaf,A,752.0,0.405
IP00329,buy,,Harbor,B,384.25,0.4146
IP00330,buy,,Crescent,A,988.07,0.3672
IP00331,buy,,Apex,A,1020.48,0.254
IP00332,make,P03,Stonebridge,B,576.37,0.181
IP00333,make,P04,Oakridge,A,1178.98,0.3253
IP00334,buy,,Harbor,B,242.21,0.3072
IP00335,buy,,Lakeside,B,212.8,0.4627
IP00336,make,P01,Northwind,B,253.56,0.2388
IP00337,make,P05,Stonebridge,C,187.57,0.1922
IP00338,make,P05,Oakridge,B,363.93,0.4572
IP00339,buy,,Summit,B,309.68,0.3162
IP00340,buy,,Lakeside,C,135.78,0.4165
IP00341,make,P01,Evergreen,C,28.7,0.3067
IP00342,buy,,Pinnacle,A,1099.02,0.2876
IP00343,make,P01,Silverleaf,A,1271.66,0.3787
IP00344,make,P03,Summit,A,1024.32,0.3216
IP00345,buy,,Lakeside,C,125.75,0.4117
IP00346,make,P02,Apex,A,1144.29,0.3113
IP00347,buy,,Westgate,A,869.59,0.2847
IP00348,make,P02,Oakridge,B,575.7,0.3349
IP00349,make,P01,Keystone,A,641.38,0.2994
IP00350,buy,,Crescent,A,1138.7,0.4245
IP00351,buy,,Northwind,A,868.9,0.2432
IP00352,buy,,Westgate,A,735.41,0.1914
IP00353,make,P05,Truefield,B,339.76,0.3692
IP00354,buy,,Keystone,A,1220.63,0.3655
IP00355,buy,,Brightwater,A,839.12,0.4026
IP00356,buy,,Clearline,A,1116.64,0.339
IP00357,make,P03,Pinnacle,C,68.0,0.2125
IP00358,make,P03,Truefield,B,1228.06,0.4309
IP00359,buy,,Harbor,A,1011.95,0.3656
IP00360,buy,,Brightwater,A,1409.94,0.528
IP00361,buy,,Northwind,A,982.15,0.2422
IP00362,make,P05,Westgate,A,1051.46,0.2674
IP00363,make,P03,Oakridge,C,200.21,0.3706
IP00364,make,P03,Bluecrest,A,1077.2,0.2938
IP00365,buy,,Lakeside,A,876.14,0.3562
IP00366,buy,,Northwind,C,161.44,0.3483
IP00367,make,P04,Westgate,A,730.13,0.2755
IP00368,make,P01,Meridian,A,912.69,0.3694
IP00369,buy,,Harbor,A,1153.17,0.4053
IP00370,buy,,Crescent,C,114.77,0.4375
IP00371,make,P05,Evergreen,A,914.07,0.271
IP00372,buy,,Westgate,A,673.11,0.242
IP00373,make,P03,Oakridge,C,219.44,0.3476
IP00374,buy,,Harbor,A,891.05,0.4103
IP00375,buy,,Crescent,B,440.9,0.3812
IP00376,make,P04,Clearline,C,337.12,0.2999
IP00377,make,P03,Pinnacle,B,298.17,0.2564
IP00378,buy,,Silverleaf,A,1013.05,0.4368
IP00379,buy,,Harbor,B,328.36,0.3466
IP00380,buy,,Crescent,A,1604.98,0.518
IP00381,buy,,Apex,A,924.6,0.3159
IP00382,make,P01,Pinnacle,A,812.27,0.1901
IP00383,make,P05,Oakridge,A,945.02,0.3132
IP00384,make,P05,Keystone,A,792.59,0.2939
IP00385,buy,,Ironwood,A,1340.51,0.5298
IP00386,make,P02,Northwind,B,347.57,0.3479
IP00387,buy,,Riverside,C,62.01,0.2106
IP00388,make,P02,Oakridge,A,862.99,0.4721
IP00389,make,P01,Keystone,A,634.15,0.2857
IP00390,buy,,Lakeside,A,1106.74,0.5357
IP00391,make,P05,Northwind,A,1027.04,0.338
IP00392,make,P01,Pinnacle,B,888.75,0.2266
IP00393,make,P02,Meridian,C,9.13,0.3922
IP00394,buy,,Bluecrest,C,215.37,0.3037
IP00395,make,P02,Ironwood,A,1152.04,0.4819
IP00396,make,P02,Apex,A,571.16,0.2348
IP00397,buy,,Westgate,A,1141.11,0.2885
IP00398,buy,,Silverleaf,A,674.97,0.4743
IP00399,buy,,Bluecrest,A,1078.65,0.2893
IP00400,buy,,Lakeside,A,588.74,0.3729
IP00401,make,P02,Northwind,A,844.19,0.2752
IP00402,make,P01,Westgate,B,599.36,0.2823
IP00403,make,P02,Silverleaf,A,994.78,0.3946
IP00404,buy,,Bluecrest,B,581.01,0.3206
IP00405,buy,,Crescent,A,1399.04,0.4996
IP00406,make,P05,Apex,C,94.01,0.2656
IP00407,buy,,Pinnacle,A,894.0,0.1803
IP00408,make,P03,Oakridge,A,394.01,0.4021
IP00409,buy,,Bluecrest,A,975.33,0.4093
IP00410,buy,,Ironwood,A,1638.34,0.4956
IP00411,make,P04,Evergreen,A,536.31,0.2815
IP00412,buy,,Stonebridge,B,296.56,0.251
IP00413,make,P02,Silverleaf,A,471.15,0.3178
IP00414,make,P02,Summit,A,892.29,0.2905
IP00415,buy,,Lakeside,B,333.15,0.448
IP00416,buy,,Evergreen,A,622.18,0.3098
IP00417,buy,,Pinnacle,A,800.86,0.2484
IP00418,make,P03,Silverleaf,C,566.09,0.3286
IP00419,make,P05,Harbor,A,1052.53,0.3014
IP00420,make,P01,Lakeside,C,36.34,0.3787
IP00421,make,P04,Apex,B,372.62,0.2665
IP00422,make,P01,Pinnacle,A,855.71,0.2098
IP00423,make,P04,Truefield,A,1339.94,0.4524
IP00424,buy,,Bluecrest,A,592.54,0.302
IP00425,buy,,Crescent,A,1438.92,0.4709
IP00426,buy,,Apex,A,802.56,0.3232
IP00427,make,P02,Stonebridge,B,318.21,0.1907
IP00428,make,P05,Silverleaf,A,999.82,0.4008
IP00429,make,P01,Bluecrest,A,1290.58,0.4034
IP00430,buy,,Lakeside,A,1347.99,0.5074
IP00431,make,P01,Clearline,A,978.04,0.2923
IP00432,make,P02,Stonebridge,C,207.13,0.2093
IP00433,make,P02,Meridian,C,94.9,0.3712
IP00434,make,P03,Summit,C,205.24,0.2952
IP00435,buy,,Crescent,C,139.67,0.4726
IP00436,buy,,Evergreen,B,627.69,0.2615
IP00437,make,P03,Stonebridge,A,1027.2,0.2927
IP00438,make,P02,Oakridge,A,973.84,0.3023
IP00439,buy,,Harbor,C,244.57,0.3761
IP00440,make,P03,Ironwood,B,434.67,0.3882
IP00441,make,P01,Evergreen,A,911.12,0.2358
IP00442,buy,,Stonebridge,A,1188.77,0.2947
IP00443,make,P02,Oakridge,A,1009.94,0.4198
IP00444,buy,,Keystone,A,823.9,0.3866
IP00445,buy,,Ironwood,C,235.71,0.532
IP00446,make,P02,Evergreen,B,429.81,0.2839
IP00447,buy,,Riverside,C,207.41,0.2011
IP00448,make,P02,Oakridge,A,1207.76,0.4636
IP00449,buy,,Bluecrest,A,1331.0,0.4012
IP00450,buy,,Crescent,B,380.88,0.4013
IP00451,make,P02,Northwind,A,671.83,0.3181
IP00452,buy,,Stonebridge,A,988.16,0.181
IP00453,make,P04,Meridian,C,130.45,0.3442
IP00454,buy,,Bluecrest,B,329.47,0.2848
IP00455,buy,,Brightwater,C,264.71,0.4934
IP00456,make,P04,Northwind,A,1069.1,0.2318
IP00457,make,P04,Westgate,B,660.56,0.2091
IP00458,make,P05,Truefield,A,1206.66,0.3494
IP00459,make,P03,Harbor,B,1065.98,0.3654
IP00460,buy,,Brightwater,B,268.16,0.3634
IP00461,buy,,Evergreen,C,75.82,0.2986
IP00462,make,P05,Westgate,A,897.22,0.2591
IP00463,make,P03,Truefield,C,214.05,0.4284
IP00464,buy,,Summit,B,343.29,0.3022
IP00465,buy,,Crescent,A,866.74,0.5382
IP00466,make,P04,Clearline,A,747.29,0.2952
IP00467,buy,,Stonebridge,C,176.33,0.2945
IP00468,buy,,Meridian,A,871.81,0.3364
IP00469,make,P03,Summit,C,53.75,0.323
IP00470,make,P02,Brightwater,A,947.66,0.4677
IP00471,make,P02,Apex,C,37.86,0.2823
IP00472,make,P03,Riverside,A,791.66,0.2889
IP00473,buy,,Oakridge,A,482.08,0.3063
IP00474,make,P04,Harbor,A,787.61,0.3803
IP00475,buy,,Crescent,C,162.79,0.3934
IP00476,buy,,Northwind,C,104.08,0.3229
IP00477,buy,,Pinnacle,B,247.86,0.2833
IP00478,make,P05,Oakridge,B,478.72,0.4761
IP00479,buy,,Summit,C,61.5,0.3369
IP00480,buy,,Ironwood,B,341.06,0.398
IP00481,buy,,Evergreen,C,70.28,0.2577
IP00482,buy,,Riverside,B,386.73,0.2693
IP00483,make,P01,Truefield,A,1025.46,0.4262
IP00484,make,P04,Keystone,A,1088.91,0.3391
IP00485,buy,,Ironwood,C,185.13,0.4141
IP00486,make,P01,Clearline,A,1192.05,0.3449
IP00487,make,P01,Pinnacle,C,32.37,0.2327
IP00488,make,P03,Meridian,A,1473.32,0.4411
IP00489,buy,,Harbor,B,441.87,0.3781
IP00490,buy,,Brightwater,A,770.02,0.362
IP00491,make,P02,Northwind,C,154.47,0.295
IP00492,make,P05,Stonebridge,C,474.18,0.2734
IP00493,make,P03,Silverleaf,A,722.33,0.4711
IP00494,buy,,Harbor,B,728.57,0.3286
IP00495,buy,,Lakeside,A,1380.43,0.4482
IP00496,buy,,Evergreen,B,208.93,0.2619
IP00497,make,P03,Riverside,B,480.1,0.2568
IP00498,make,P03,Silverleaf,A,588.93,0.3197
IP00499,buy,,Bluecrest,A,832.76,0.2952
IP00500,buy,,Lakeside,C,190.99,0.3631
IP00501,buy,,Clearline,C,42.61,0.222
IP00502,make,P01,Stonebridge,A,910.03,0.2316
IP00503,make,P02,Truefield,A,1188.2,0.3322
IP00504,buy,,Keystone,B,576.97,0.3521
IP00505,buy,,Brightwater,A,1338.23,0.4044
IP00506,buy,,Apex,A,797.39,0.2481
IP00507,make,P02,Stonebridge,C,154.41,0.1862
IP00508,make,P05,Truefield,A,790.93,0.4523
IP00509,make,P01,Summit,A,1140.71,0.4065
IP00510,buy,,Brightwater,A,835.73,0.5071
IP00511,make,P02,Evergreen,A,746.32,0.2862
IP00512,make,P05,Riverside,B,617.13,0.2773
IP00513,make,P01,Silverleaf,A,547.68,0.479
IP00514,buy,,Harbor,C,31.34,0.3889
IP00515,buy,,Crescent,A,1080.58,0.5432
IP00516,make,P03,Northwind,C,2.6,0.312
IP00517,buy,,Stonebridge,B,298.57,0.1957
IP00518,buy,,Meridian,A,747.1,0.413
IP00519,buy,,Summit,A,1098.42,0.3088
IP00520,buy,,Crescent,C,31.36,0.4293
IP00521,buy,,Evergreen,A,1139.77,0.2842
IP00522,make,P03,Pinnacle,A,692.58,0.2397
IP00523,buy,,Meridian,B,649.82,0.3531
IP00524,buy,,Harbor,A,994.92,0.3873
IP00525,buy,,Lakeside,C,242.76,0.474
IP00526,buy,,Apex,B,536.29,0.3301
IP00527,buy,,Pinnacle,B,311.64,0.2681
IP00528,make,P04,Truefield,A,1003.54,0.4238
IP00529,make,P05,Keystone,A,841.71,0.2937
IP00530,buy,,Brightwater,C,91.47,0.4136
IP00531,make,P03,Northwind,B,373.32,0.2983
IP00532,make,P03,Pinnacle,C,172.59,0.2039
IP00533,buy,,Oakridge,B,694.26,0.3917
IP00534,make,P02,Harbor,C,13.2,0.3483
IP00535,buy,,Crescent,A,1199.81,0.5241
IP00536,make,P03,Apex,B,275.42,0.2403
IP00537,make,P03,Riverside,B,467.64,0.2175
IP00538,make,P04,Silverleaf,A,955.95,0.449
IP00539,make,P02,Keystone,C,324.76,0.4067
IP00540,buy,,Crescent,A,1425.3,0.4815
IP00541,buy,,Apex,C,35.32,0.2634
IP00542,buy,,Riverside,C,132.89,0.2581
IP00543,make,P02,Truefield,A,1142.76,0.4106
IP00544,buy,,Summit,B,383.82,0.3937
IP00545,buy,,Lakeside,A,604.3,0.3626
IP00546,make,P02,Clearline,A,1062.42,0.3014
IP00547,make,P03,Stonebridge,B,555.6,0.181
IP00548,make,P01,Oakridge,A,1525.32,0.4582
IP00549,buy,,Harbor,A,901.38,0.3123
IP00550,buy,,Lakeside,A,1310.52,0.3945
IP00551,make,P02,Clearline,B,366.83,0.2508
IP00552,buy,,Stonebridge,A,672.76,0.2646
IP00553,make,P05,Truefield,B,605.69,0.3372
IP00554,make,P03,Summit,C,155.12,0.3158
IP00555,buy,,Lakeside,A,1003.38,0.5268
IP00556,make,P03,Clearline,A,985.19,0.2714
IP00557,buy,,Riverside,C,95.91,0.2157
IP00558,make,P03,Truefield,A,923.26,0.3292
IP00559,make,P03,Bluecrest,C,5.24,0.3452
IP00560,buy,,Brightwater,B,320.32,0.3996
IP00561,buy,,Northwind,C,223.04,0.2942
IP00562,buy,,Stonebridge,A,814.8,0.2525
IP00563,make,P03,Silverleaf,A,868.03,0.3741
IP00564,make,P05,Keystone,B,428.05,0.365
IP00565,buy,,Lakeside,B,345.38,0.5251
IP00566,make,P01,Clearline,A,493.55,0.2324
IP00567,make,P03,Riverside,B,416.0,0.2236
IP00568,make,P05,Meridian,A,540.66,0.438
IP00569,buy,,Bluecrest,C,149.73,0.3436
IP00570,buy,,Crescent,C,61.59,0.3517
IP00571,make,P01,Northwind,A,944.75,0.3336
IP00572,make,P04,Westgate,A,1097.59,0.2808
IP00573,make,P04,Truefield,A,663.03,0.3505
IP00574,buy,,Keystone,A,771.34,0.353
IP00575,buy,,Ironwood,A,911.28,0.4449
IP00576,make,P04,Northwind,C,55.56,0.3434
IP00577,buy,,Westgate,C,91.64,0.2408
IP00578,make,P05,Silverleaf,A,1252.27,0.4756
IP00579,buy,,Bluecrest,C,112.88,0.3468
IP00580,buy,,Brightwater,A,1066.77,0.4626
IP00581,make,P03,Evergreen,A,961.23,0.3168
IP00582,make,P02,Stonebridge,B,332.24,0.1963
IP00583,make,P04,Oakridge,A,933.04,0.4468
IP00584,buy,,Bluecrest,B,258.43,0.3337
IP00585,buy,,Crescent,A,1035.19,0.5243
IP00586,make,P02,Clearline,C,14.88,0.2395
IP00587,buy,,Stonebridge,B,542.02,0.2284
IP00588,make,P03,Meridian,C,206.98,0.3104
IP00589,buy,,Harbor,C,153.13,0.2997
IP00590,buy,,Brightwater,C,27.98,0.4742
IP00591,make,P02,Clearline,A,1086.11,0.3477
IP00592,buy,,Pinnacle,A,698.1,0.2524
IP00593,make,P03,Truefield,B,810.14,0.3116
IP00594,make,P01,Harbor,C,173.32,0.4051
IP00595,buy,,Brightwater,A,850.7,0.5345
IP00596,make,P03,Northwind,A,965.53,0.3156
IP00597,make,P01,Pinnacle,C,271.16,0.2371
IP00598,make,P03,Silverleaf,C,212.9,0.4521
IP00599,buy,,Keystone,A,955.27,0.4185
IP00600,buy,,Crescent,A,535.49,0.4449
IP00601,make,P01,Evergreen,A,1064.18,0.234
IP00602,buy,,Riverside,A,511.67,0.1979
IP00603,make,P02,Meridian,B,303.03,0.443
IP00604,make,P01,Keystone,A,812.38,0.3741
IP00605,buy,,Ironwood,A,1149.43,0.3508
IP00606,make,P02,Evergreen,A,1138.7,0.315
IP00607,buy,,Pinnacle,A,1018.42,0.2303
IP00608,make,P05,Truefield,C,8.31,0.466
IP00609,buy,,Keystone,A,1317.78,0.4037
IP00610,buy,,Lakeside,C,431.0,0.3881
IP00611,make,P04,Apex,A,732.1,0.2835
IP00612,buy,,Pinnacle,A,823.67,0.1994
IP00613,make,P02,Meridian,C,55.1,0.3969
IP00614,make,P03,Harbor,C,16.36,0.3625
IP00615,buy,,Ironwood,A,580.48,0.4304
IP00616,buy,,Evergreen,A,783.58,0.3187
IP00617,make,P01,Pinnacle,C,157.93,0.2846
IP00618,make,P01,Oakridge,B,380.83,0.3944
IP00619,make,P04,Harbor,A,574.29,0.3738
IP00620,buy,,Brightwater,A,1370.25,0.4336
IP00621,buy,,Northwind,B,646.84,0.3062
IP00622,make,P02,Westgate,C,134.25,0.2681
IP00623,buy,,Oakridge,B,600.83,0.3492
IP00624,make,P02,Keystone,B,725.18,0.3339
IP00625,buy,,Lakeside,C,54.38,0.466
IP00626,make,P01,Evergreen,A,809.6,0.2886
IP00627,make,P05,Stonebridge,A,877.31,0.1914
IP00628,make,P02,Oakridge,A,1011.65,0.3562
IP00629,buy,,Keystone,A,864.04,0.4133
IP00630,buy,,Crescent,A,1365.99,0.4978
IP00631,make,P05,Northwind,C,49.99,0.2433
IP00632,buy,,Pinnacle,B,709.31,0.2237
IP00633,buy,,Silverleaf,A,1163.73,0.3975
IP00634,make,P03,Keystone,A,695.7,0.3714
IP00635,buy,,Brightwater,C,25.61,0.4799
IP00636,make,P03,Evergreen,B,773.21,0.2498
IP00637,buy,,Stonebridge,B,769.07,0.269
IP00638,make,P03,Truefield,B,562.18,0.4633
IP00639,buy,,Keystone,C,170.87,0.4165
IP00640,buy,,Ironwood,A,1590.37,0.542
IP00641,make,P03,Clearline,C,178.04,0.2916
IP00642,buy,,Pinnacle,A,729.09,0.1994
IP00643,make,P02,Truefield,B,310.96,0.3373
IP00644,buy,,Summit,C,73.89,0.3917
IP00645,buy,,Lakeside,A,1000.74,0.418
IP00646,buy,,Clearline,A,850.79,0.2936
IP00647,buy,,Riverside,B,568.11,0.2098
IP00648,make,P02,Truefield,C,177.93,0.4568
IP00649,make,P03,Keystone,A,495.68,0.3332
IP00650,buy,,Ironwood,B,306.73,0.4652
IP00651,make,P03,Apex,A,1004.89,0.223
IP00652,buy,,Westgate,A,911.26,0.1881
IP00653,make,P01,Meridian,A,932.88,0.3062
IP00654,buy,,Summit,C,61.78,0.4006
IP00655,buy,,Lakeside,A,1319.06,0.3824
IP00656,make,P05,Northwind,C,178.88,0.3086
IP00657,make,P04,Pinnacle,C,497.11,0.2138
IP00658,make,P05,Meridian,A,550.93,0.454
IP00659,buy,,Keystone,C,107.28,0.3383
IP00660,buy,,Ironwood,C,64.7,0.5391
IP00661,make,P02,Northwind,A,667.46,0.3337
IP00662,buy,,Riverside,A,565.51,0.2661
IP00663,make,P02,Oakridge,B,414.11,0.3147
IP00664,buy,,Keystone,C,193.23,0.353
IP00665,buy,,Ironwood,A,1606.89,0.5242
IP00666,make,P01,Clearline,A,455.73,0.2892
IP00667,make,P05,Westgate,B,496.19,0.1859
IP00668,make,P04,Silverleaf,A,1020.18,0.4023
IP00669,make,P05,Summit,A,846.73,0.3649
IP00670,make,P01,Crescent,C,54.34,0.369
IP00671,buy,,Apex,B,710.43,0.3248
IP00672,buy,,Pinnacle,B,362.7,0.2667
IP00673,make,P05,Meridian,A,1222.29,0.3881
IP00674,buy,,Harbor,B,352.77,0.4124
IP00675,buy,,Ironwood,A,867.94,0.5355
IP00676,make,P01,Clearline,C,97.68,0.2794
IP00677,make,P02,Westgate,C,245.02,0.2573
IP00678,make,P01,Oakridge,B,268.56,0.3291
IP00679,buy,,Bluecrest,A,938.14,0.3476
IP00680,buy,,Crescent,A,1399.31,0.5334
IP00681,buy,,Northwind,A,876.48,0.2615
IP00682,make,P02,Westgate,A,914.74,0.1817
IP00683,make,P05,Truefield,A,657.42,0.3906
IP00684,buy,,Keystone,B,383.02,0.3969
IP00685,buy,,Lakeside,A,1260.41,0.5271
IP00686,make,P01,Clearline,B,600.14,0.2409
IP00687,buy,,Westgate,B,609.47,0.2316
IP00688,make,P02,Oakridge,A,954.19,0.4198
IP00689,make,P05,Keystone,A,972.86,0.3087
IP00690,buy,,Ironwood,A,1388.63,0.5286
IP00691,make,P01,Apex,C,15.93,0.3382
IP00692,buy,,Riverside,A,1152.74,0.2659
IP00693,make,P03,Silverleaf,C,128.17,0.3358
IP00694,buy,,Summit,C,151.59,0.3031
IP00695,buy,,Brightwater,A,1009.91,0.4351
IP00696,make,P03,Evergreen,B,385.32,0.2894
IP00697,buy,,Riverside,C,239.34,0.2296
IP00698,buy,,Meridian,B,675.04,0.4191
IP00699,make,P05,Harbor,C,591.58,0.3052
IP00700,buy,,Ironwood,A,1414.04,0.5284
IP00701,make,P04,Northwind,A,588.93,0.2618
IP00702,buy,,Riverside,A,1064.31,0.2626
IP00703,make,P03,Truefield,A,1418.09,0.4671
IP00704,buy,,Summit,A,1110.22,0.3506
IP00705,buy,,Lakeside,B,417.65,0.3789
IP00706,buy,,Clearline,A,1114.8,0.3245
IP00707,make,P04,Riverside,A,543.22,0.2756
IP00708,make,P05,Oakridge,A,1078.52,0.4776
IP00709,make,P02,Harbor,A,565.19,0.385
IP00710,buy,,Ironwood,C,304.35,0.4763
IP00711,make,P01,Apex,B,527.89,0.246
IP00712,buy,,Stonebridge,C,783.12,0.281
IP00713,buy,,Silverleaf,A,1173.14,0.3909
IP00714,make,P02,Harbor,A,918.02,0.3224
IP00715,buy,,Ironwood,A,714.59,0.5242
IP00716,make,P02,Clearline,C,240.92,0.2625
IP00717,buy,,Pinnacle,B,530.49,0.2706
IP00718,make,P02,Truefield,C,60.73,0.4785
IP00719,make,P04,Bluecrest,B,610.1,0.3445
IP00720,buy,,Ironwood,A,591.16,0.3753
IP00721,make,P02,Northwind,A,1009.67,0.232
IP00722,make,P01,Riverside,B,490.94,0.2051
IP00723,make,P05,Truefield,B,782.27,0.336
IP00724,buy,,Keystone,A,566.33,0.4128
IP00725,buy,,Brightwater,A,1356.69,0.5216
IP00726,make,P02,Northwind,C,46.98,0.3103
IP00727,make,P03,Pinnacle,B,428.48,0.2272
IP00728,make,P05,Silverleaf,A,934.43,0.4154
IP00729,buy,,Summit,C,211.58,0.3737
IP00730,buy,,Ironwood,A,1448.8,0.4315
IP00731,make,P05,Clearline,B,707.73,0.3208
IP00732,buy,,Riverside,A,610.67,0.206
IP00733,buy,,Meridian,A,885.51,0.4706
IP00734,buy,,Keystone,A,1241.16,0.3586
IP00735,buy,,Ironwood,A,1072.46,0.5323
IP00736,make,P05,Clearline,A,996.41,0.2473
IP00737,make,P05,Riverside,C,215.76,0.1836
IP00738,buy,,Truefield,C,45.26,0.3909
IP00739,buy,,Bluecrest,C,67.85,0.3916
IP00740,buy,,Brightwater,C,149.18,0.4006
IP00741,make,P04,Northwind,C,13.05,0.2949
IP00742,buy,,Westgate,A,1033.35,0.1816
IP00743,buy,,Oakridge,A,1096.93,0.3817
IP00744,make,P03,Summit,B,451.07,0.3217
IP00745,buy,,Ironwood,A,1113.71,0.4558
IP00746,make,P04,Clearline,C,160.35,0.2404
IP00747,make,P03,Riverside,A,1016.1,0.2995
IP00748,make,P03,Meridian,B,355.47,0.346
IP00749,make,P01,Bluecrest,A,1077.02,0.319
IP00750,buy,,Crescent,A,1455.74,0.4584
IP00751,buy,,Clearline,C,320.15,0.2693
IP00752,buy,,Stonebridge,B,570.74,0.2984
IP00753,make,P02,Oakridge,A,979.65,0.4246
IP00754,buy,,Bluecrest,A,1295.11,0.3946
IP00755,buy,,Ironwood,B,489.22,0.4201
IP00756,make,P02,Evergreen,C,206.71,0.331
IP00757,make,P01,Stonebridge,B,330.41,0.295
IP00758,buy,,Meridian,C,71.48,0.3976
IP00759,buy,,Harbor,A,1056.07,0.3788
IP00760,buy,,Crescent,A,1278.46,0.4026
IP00761,make,P01,Clearline,A,1056.14,0.2895
IP00762,make,P05,Westgate,A,868.07,0.2176
IP00763,make,P01,Silverleaf,A,1179.87,0.311
IP00764,make,P05,Harbor,C,138.64,0.3157
IP00765,buy,,Ironwood,A,1068.35,0.5251
IP00766,buy,,Apex,C,199.86,0.2301
IP00767,make,P01,Riverside,A,984.91,0.2049
IP00768,make,P02,Meridian,A,1192.18,0.3239
IP00769,buy,,Bluecrest,A,1079.89,0.3351
IP00770,buy,,Ironwood,A,1219.55,0.4511
IP00771,make,P04,Apex,B,682.41,0.2946
IP00772,buy,,Pinnacle,A,755.23,0.2296
IP00773,make,P03,Meridian,A,1114.84,0.3699
IP00774,make,P02,Bluecrest,C,298.21,0.2905
IP00775,buy,,Ironwood,A,1504.36,0.5303
IP00776,make,P04,Evergreen,B,533.33,0.2788
IP00777,make,P05,Riverside,C,206.32,0.2359
IP00778,make,P03,Truefield,C,596.94,0.3731
IP00779,buy,,Harbor,A,643.01,0.282
IP00780,buy,,Ironwood,B,423.97,0.4844
IP00781,buy,,Northwind,B,356.95,0.2773
IP00782,buy,,Westgate,C,302.5,0.1924
IP00783,make,P02,Oakridge,A,984.82,0.3182
IP00784,make,P05,Bluecrest,C,112.36,0.3553
IP00785,buy,,Ironwood,B,416.75,0.5266
IP00786,make,P02,Apex,A,882.24,0.2659
IP00787,buy,,Westgate,C,163.21,0.2408
IP00788,make,P05,Truefield,B,639.75,0.3319
IP00789,buy,,Bluecrest,A,782.56,0.2913
IP00790,buy,,Brightwater,C,87.94,0.4344
IP00791,make,P02,Northwind,B,460.51,0.2735
IP00792,make,P01,Stonebridge,B,257.84,0.2059
IP00793,make,P02,Oakridge,A,614.22,0.3571
IP00794,buy,,Bluecrest,B,596.36,0.2911
IP00795,buy,,Lakeside,A,697.33,0.4898
IP00796,buy,,Clearline,B,410.96,0.2373
IP00797,make,P02,Riverside,B,534.31,0.2276
IP00798,buy,,Truefield,A,938.07,0.3223
IP00799,buy,,Bluecrest,B,520.34,0.2876
IP00800,buy,,Lakeside,A,1191.68,0.3942
IP00801,buy,,Clearline,C,302.12,0.2818
IP00802,buy,,Riverside,B,576.45,0.203
IP00803,make,P04,Oakridge,A,850.1,0.4579
IP00804,buy,,Bluecrest,C,207.74,0.3969
IP00805,buy,,Brightwater,C,180.97,0.3825
IP00806,make,P04,Apex,B,996.15,0.3191
IP00807,buy,,Stonebridge,C,141.36,0.2259
IP00808,make,P02,Meridian,A,1083.6,0.3543
IP00809,buy,,Harbor,C,36.38,0.2916
IP00810,buy,,Lakeside,C,66.84,0.3698
IP00811,make,P04,Northwind,A,925.32,0.2764
IP00812,make,P02,Stonebridge,A,615.7,0.2515
IP00813,make,P01,Silverleaf,B,550.06,0.3372
IP00814,make,P02,Summit,A,1141.99,0.3337
IP00815,buy,,Lakeside,A,1419.1,0.4816
IP00816,buy,,Apex,A,1197.72,0.3032
IP00817,make,P02,Pinnacle,C,192.29,0.2448
IP00818,make,P05,Silverleaf,C,51.91,0.4508
IP00819,make,P02,Harbor,A,1385.43,0.4037
IP00820,buy,,Lakeside,A,587.16,0.5396
IP00821,make,P01,Northwind,A,917.71,0.2827
IP00822,buy,,Pinnacle,A,608.28,0.1995
IP00823,make,P05,Silverleaf,B,298.79,0.3323
IP00824,buy,,Harbor,A,870.73,0.2903
IP00825,buy,,Ironwood,A,835.58,0.4067
IP00826,buy,,Evergreen,A,1105.46,0.3387
IP00827,make,P05,Stonebridge,B,664.99,0.2129
IP00828,make,P01,Meridian,A,1069.12,0.352
IP00829,buy,,Summit,A,858.34,0.3157
IP00830,buy,,Crescent,A,736.3,0.4019
IP00831,buy,,Northwind,C,102.62,0.256
IP00832,make,P02,Westgate,C,108.25,0.2726
IP00833,make,P04,Truefield,B,283.86,0.3314
IP00834,buy,,Harbor,A,968.07,0.3186
IP00835,buy,,Crescent,C,182.82,0.3924
IP00836,make,P05,Clearline,C,263.44,0.2932
IP00837,make,P03,Pinnacle,A,865.42,0.2475
IP00838,make,P05,Silverleaf,A,1080.49,0.3839
IP00839,buy,,Bluecrest,B,587.39,0.3357
IP00840,buy,,Brightwater,A,861.09,0.4215
IP00841,buy,,Northwind,C,83.74,0.3012
IP00842,buy,,Westgate,A,736.5,0.1806
IP00843,make,P03,Meridian,A,774.6,0.441
IP00844,buy,,Bluecrest,B,295.65,0.404
IP00845,buy,,Ironwood,B,616.48,0.369
IP00846,buy,,Clearline,A,998.18,0.2573
IP00847,buy,,Riverside,C,17.12,0.194
IP00848,make,P01,Oakridge,C,158.71,0.359
IP00849,buy,,Summit,A,1252.66,0.3397
IP00850,buy,,Crescent,A,1408.92,0.437
IP00851,make,P03,Apex,A,1065.37,0.2662
IP00852,buy,,Westgate,C,286.69,0.2165
IP00853,make,P01,Silverleaf,A,989.02,0.426
IP00854,buy,,Harbor,B,320.16,0.3057
IP00855,buy,,Brightwater,A,1057.2,0.4434
IP00856,make,P01,Clearline,B,411.53,0.2414
IP00857,buy,,Westgate,A,794.89,0.1858
IP00858,make,P05,Meridian,A,997.74,0.4206
IP00859,make,P02,Bluecrest,C,279.53,0.3044
IP00860,buy,,Lakeside,A,1658.86,0.5177
IP00861,make,P05,Apex,A,1186.83,0.3463
IP00862,make,P02,Pinnacle,C,436.66,0.2416
IP00863,make,P05,Meridian,A,1336.16,0.3722
IP00864,buy,,Keystone,A,685.73,0.3783
IP00865,buy,,Brightwater,B,362.72,0.5416
IP00866,make,P05,Clearline,A,516.72,0.305
IP00867,buy,,Westgate,B,697.45,0.2403
IP00868,make,P05,Oakridge,A,858.3,0.4628
IP00869,make,P04,Keystone,A,490.26,0.3591
IP00870,buy,,Ironwood,A,1076.03,0.4684
IP00871,buy,,Apex,B,546.21,0.2638
IP00872,buy,,Pinnacle,A,552.58,0.2012
IP00873,make,P03,Meridian,B,468.02,0.3739
IP00874,buy,,Harbor,C,309.59,0.3658
IP00875,buy,,Brightwater,A,737.64,0.5162
IP00876,make,P01,Evergreen,A,703.62,0.2597
IP00877,make,P03,Westgate,C,19.52,0.2558
IP00878,make,P04,Meridian,B,376.72,0.3093
IP00879,make,P01,Summit,A,1160.08,0.4085
IP00880,buy,,Lakeside,A,1533.63,0.5025
IP00881,buy,,Northwind,C,188.81,0.285
IP00882,make,P04,Stonebridge,C,27.1,0.2465
IP00883,make,P05,Meridian,C,225.4,0.4178
IP00884,make,P03,Bluecrest,C,252.45,0.3348
IP00885,buy,,Ironwood,A,1056.43,0.3727
IP00886,make,P01,Evergreen,C,51.35,0.3297
IP00887,make,P02,Pinnacle,A,705.9,0.2497
IP00888,make,P05,Meridian,A,608.44,0.4571
IP00889,buy,,Keystone,C,100.05,0.3365
IP00890,buy,,Brightwater,A,1033.49,0.416
IP00891,make,P02,Apex,A,1091.16,0.2413
IP00892,buy,,Riverside,A,852.09,0.2446
IP00893,make,P02,Meridian,B,256.2,0.4329
IP00894,buy,,Bluecrest,A,1244.47,0.3839
IP00895,buy,,Lakeside,A,745.78,0.445
IP00896,buy,,Apex,B,457.12,0.3346
IP00897,buy,,Stonebridge,A,1146.66,0.2759
IP00898,make,P02,Meridian,A,981.8,0.46
IP00899,buy,,Harbor,C,242.38,0.415
IP00900,buy,,Ironwood,A,1027.56,0.3519
IP00901,make,P02,Clearline,A,1033.73,0.2212
IP00902,make,P02,Riverside,C,251.61,0.2732
IP00903,make,P03,Meridian,C,66.93,0.3814
IP00904,buy,,Bluecrest,C,402.83,0.3811
IP00905,buy,,Brightwater,C,135.25,0.4165
IP00906,make,P01,Clearline,A,1085.86,0.2248
IP00907,make,P02,Pinnacle,C,35.58,0.2959
IP00908,make,P04,Truefield,A,797.07,0.4
IP00909,buy,,Keystone,B,397.48,0.3214
IP00910,buy,,Ironwood,A,1506.29,0.4498
IP00911,buy,,Northwind,C,224.14,0.3046
IP00912,buy,,Pinnacle,A,1008.34,0.2496
IP00913,make,P02,Meridian,B,526.04,0.4347
IP00914,buy,,Summit,A,1267.81,0.3796
IP00915,buy,,Crescent,A,1078.91,0.4926
IP00916,make,P05,Clearline,A,1049.03,0.248
IP00917,make,P02,Pinnacle,A,1130.14,0.2995
IP00918,make,P01,Silverleaf,A,1192.3,0.3413
IP00919,make,P03,Summit,A,617.65,0.3695
IP00920,buy,,Lakeside,A,523.71,0.3552
IP00921,make,P04,Clearline,B,330.8,0.2741
IP00922,make,P04,Riverside,A,1086.08,0.25
IP00923,make,P01,Truefield,A,911.39,0.4102
IP00924,buy,,Keystone,B,325.72,0.35
IP00925,buy,,Crescent,C,99.77,0.3839
IP00926,make,P03,Clearline,C,141.67,0.2232
IP00927,make,P02,Westgate,B,345.7,0.2681
IP00928,buy,,Silverleaf,C,131.4,0.337
IP00929,make,P04,Harbor,B,506.07,0.3794
IP00930,buy,,Lakeside,A,1477.26,0.5084
IP00931,buy,,Evergreen,B,544.09,0.2408
IP00932,make,P01,Riverside,A,793.65,0.1874
IP00933,buy,,Oakridge,C,59.01,0.3971
IP00934,buy,,Bluecrest,B,430.2,0.2979
IP00935,buy,,Ironwood,A,1138.34,0.4575
IP00936,buy,,Apex,B,661.75,0.2333
IP00937,make,P03,Stonebridge,C,219.84,0.2335
IP00938,make,P04,Truefield,A,821.13,0.4596
IP00939,make,P04,Harbor,A,544.09,0.294
IP00940,buy,,Ironwood,A,1281.34,0.3693
IP00941,make,P04,Evergreen,A,1237.13,0.3299
IP00942,make,P03,Riverside,A,924.76,0.2955
IP00943,make,P03,Meridian,A,1177.99,0.3545
IP00944,buy,,Bluecrest,A,1041.37,0.3309
IP00945,buy,,Brightwater,A,895.26,0.4576
IP00946,make,P05,Evergreen,C,175.12,0.3452
IP00947,make,P03,Pinnacle,C,90.98,0.2958
IP00948,buy,,Meridian,C,203.72,0.3288
IP00949,buy,,Summit,A,1203.22,0.3659
IP00950,buy,,Brightwater,A,1258.88,0.5357
IP00951,buy,,Evergreen,A,799.76,0.3222
IP00952,make,P03,Westgate,A,749.79,0.1969
IP00953,buy,,Truefield,B,524.99,0.3482
IP00954,make,P01,Bluecrest,A,781.59,0.2823
IP00955,buy,,Brightwater,A,1093.9,0.5281
IP00956,buy,,Clearline,B,342.05,0.3379
IP00957,buy,,Stonebridge,C,4.49,0.2725
IP00958,make,P02,Truefield,C,44.26,0.3715
IP00959,make,P05,Harbor,C,45.34,0.3048
IP00960,buy,,Brightwater,A,1822.68,0.5379
IP00961,make,P05,Evergreen,B,438.92,0.2615
IP00962,buy,,Stonebridge,C,173.04,0.239
IP00963,make,P04,Oakridge,C,307.64,0.3858
IP00964,buy,,Keystone,B,372.89,0.3519
IP00965,buy,,Crescent,C,65.73,0.5288
IP00966,buy,,Evergreen,B,452.92,0.2776
IP00967,buy,,Riverside,A,987.6,0.1912
IP00968,make,P03,Meridian,A,471.68,0.3369
IP00969,buy,,Keystone,B,453.97,0.3982
IP00970,buy,,Ironwood,A,1181.42,0.3527
IP00971,make,P01,Northwind,B,352.84,0.2612
IP00972,buy,,Westgate,A,559.92,0.2441
IP00973,make,P02,Meridian,C,63.65,0.3524
IP00974,buy,,Summit,A,1105.8,0.3033
IP00975,buy,,Brightwater,C,129.23,0.5148
IP00976,make,P05,Apex,A,499.33,0.2248
IP00977,buy,,Riverside,C,50.11,0.1992
IP00978,make,P05,Meridian,A,1237.44,0.3833
IP00979,make,P02,Harbor,A,841.09,0.3658
IP00980,buy,,Lakeside,B,341.84,0.3798
IP00981,make,P01,Clearline,A,520.59,0.2317
IP00982,buy,,Riverside,C,58.05,0.1986
IP00983,make,P02,Oakridge,B,274.77,0.4363
IP00984,buy,,Bluecrest,B,456.55,0.3469
IP00985,buy,,Brightwater,A,1320.55,0.4904
IP00986,buy,,Northwind,C,192.04,0.304
IP00987,make,P01,Stonebridge,C,147.15,0.2398
IP00988,buy,,Meridian,A,897.42,0.3184
IP00989,make,P02,Bluecrest,A,1400.02,0.4048
IP00990,buy,,Lakeside,A,804.1,0.429
IP00991,buy,,Northwind,A,1109.66,0.2828
IP00992,buy,,Stonebridge,B,291.78,0.2385
IP00993,make,P03,Meridian,B,351.45,0.3722
IP00994,buy,,Bluecrest,A,574.83,0.3309
IP00995,buy,,Brightwater,A,677.1,0.3927
IP00996,make,P02,Evergreen,A,1089.3,0.3008
IP00997,make,P05,Westgate,A,1130.46,0.2955
IP00998,make,P03,Silverleaf,A,1302.11,0.4593
IP00999,buy,,Harbor,C,7.08,0.3915
IP01000,buy,,Lakeside,C,96.48,0.4689
IP01001,make,P01,Apex,A,1043.66,0.3198
IP01002,make,P01,Westgate,C,262.33,0.1824
IP01003,make,P02,Truefield,C,106.25,0.4509
IP01004,buy,,Harbor,A,1030.69,0.3457
IP01005,make,P02,Lakeside,A,724.89,0.4075
IP01006,make,P03,Evergreen,A,586.79,0.2832
IP01007,buy,,Pinnacle,A,760.98,0.1802
IP01008,make,P01,Truefield,A,1544.09,0.4518
IP01009,make,P03,Harbor,A,1240.54,0.4038
IP01010,buy,,Brightwater,B,419.7,0.3751
IP01011,make,P05,Apex,C,119.45,0.2472
IP01012,make,P04,Stonebridge,C,30.06,0.2179
IP01013,make,P03,Silverleaf,C,138.94,0.444
IP01014,buy,,Summit,A,637.29,0.3545
IP01015,make,P05,Brightwater,A,564.48,0.484
IP01016,make,P01,Northwind,B,362.53,0.3224
IP01017,buy,,Riverside,A,786.92,0.2138
IP01018,make,P05,Silverleaf,B,351.22,0.337
IP01019,make,P01,Summit,A,1117.03,0.3598
IP01020,buy,,Ironwood,B,419.87,0.4827
IP01021,buy,,Evergreen,A,889.27,0.236
IP01022,make,P05,Stonebridge,C,119.31,0.2254
IP01023,make,P02,Oakridge,A,1325.24,0.4366
IP01024,buy,,Keystone,A,864.93,0.4177
IP01025,buy,,Lakeside,B,556.72,0.4593
IP01026,make,P01,Evergreen,B,460.35,0.2472
IP01027,buy,,Riverside,A,1009.84,0.2832
IP01028,buy,,Oakridge,A,779.1,0.3652
IP01029,buy,,Keystone,C,127.29,0.288
IP01030,buy,,Brightwater,C,195.24,0.502
IP01031,buy,,Clearline,A,1173.68,0.2812
IP01032,make,P04,Riverside,A,912.65,0.2153
IP01033,make,P03,Meridian,C,224.3,0.4712
IP01034,make,P05,Keystone,A,928.38,0.3182
IP01035,buy,,Lakeside,A,1009.32,0.4495
IP01036,buy,,Evergreen,C,281.75,0.2519
IP01037,buy,,Riverside,C,15.21,0.2394
IP01038,buy,,Truefield,A,1408.19,0.4479
IP01039,buy,,Harbor,A,512.81,0.3834
IP01040,buy,,Crescent,C,357.85,0.3876
IP01041,buy,,Apex,A,1017.06,0.2288
IP01042,buy,,Westgate,A,951.49,0.2418
IP01043,make,P02,Oakridge,C,121.98,0.3166
IP01044,buy,,Harbor,A,898.03,0.3612
IP01045,buy,,Ironwood,A,1339.22,0.5352
IP01046,buy,,Evergreen,A,652.67,0.2975
IP01047,buy,,Riverside,A,832.12,0.2538
IP01048,buy,,Meridian,A,1014.23,0.4541
IP01049,buy,,Harbor,A,928.47,0.2902
IP01050,buy,,Brightwater,A,775.84,0.4429
IP01051,buy,,Northwind,A,1085.21,0.2677
IP01052,make,P01,Stonebridge,A,878.44,0.205
IP01053,make,P04,Oakridge,A,708.29,0.4162
IP01054,make,P05,Bluecrest,B,526.14,0.3383
IP01055,buy,,Lakeside,A,1172.48,0.3936
IP01056,buy,,Evergreen,C,342.53,0.3357
IP01057,make,P03,Stonebridge,A,421.97,0.2734
IP01058,make,P01,Oakridge,A,764.33,0.3925
IP01059,buy,,Bluecrest,C,282.59,0.3014
IP01060,buy,,Ironwood,A,947.05,0.3567
IP01061,buy,,Apex,C,154.77,0.3349
IP01062,make,P02,Westgate,B,306.74,0.217
IP01063,buy,,Meridian,B,367.88,0.3098
IP01064,buy,,Harbor,A,1225.18,0.3681
IP01065,buy,,Ironwood,A,1441.47,0.4126
IP01066,make,P01,Northwind,A,816.14,0.2821
IP01067,buy,,Pinnacle,C,262.45,0.2303
IP01068,make,P05,Truefield,A,917.85,0.3691
IP01069,make,P02,Summit,C,104.45,0.4117
IP01070,buy,,Lakeside,A,531.03,0.4702
IP01071,make,P01,Northwind,A,1003.42,0.2753
IP01072,make,P04,Westgate,C,192.43,0.196
IP01073,buy,,Oakridge,A,1121.73,0.3286
IP01074,buy,,Bluecrest,A,1178.4,0.2985
IP01075,buy,,Brightwater,C,164.29,0.3752
IP01076,buy,,Apex,C,231.94,0.272
IP01077,buy,,Riverside,B,615.69,0.2439
IP01078,make,P03,Meridian,A,1056.06,0.3247
IP01079,make,P04,Harbor,C,102.91,0.3813
IP01080,make,P02,Brightwater,A,816.26,0.5455
IP01081,make,P05,Apex,A,1104.61,0.3036
IP01082,make,P02,Pinnacle,B,595.52,0.2975
IP01083,make,P04,Oakridge,B,529.41,0.4073
IP01084,buy,,Summit,A,947.11,0.3231
IP01085,buy,,Brightwater,A,1030.83,0.5092
IP01086,make,P03,Northwind,C,269.45,0.311
IP01087,buy,,Pinnacle,A,1022.09,0.2165
IP01088,make,P05,Silverleaf,B,597.07,0.3346
IP01089,make,P01,Keystone,A,673.29,0.2987
IP01090,buy,,Crescent,A,1290.9,0.4662
IP01091,make,P02,Northwind,B,944.52,0.3156
IP01092,make,P04,Pinnacle,C,75.89,0.2382
IP01093,make,P03,Meridian,A,764.39,0.3181
IP01094,buy,,Summit,A,766.71,0.35
IP01095,buy,,Crescent,B,663.61,0.3988
IP01096,make,P04,Apex,B,361.33,0.2765
IP01097,make,P01,Westgate,B,327.67,0.1958
IP01098,buy,,Meridian,B,532.69,0.3848
IP01099,buy,,Bluecrest,C,227.38,0.373
IP01100,buy,,Crescent,A,1367.61,0.409
IP01101,make,P05,Evergreen,A,768.32,0.264
IP01102,buy,,Pinnacle,A,845.08,0.2416
IP01103,make,P02,Meridian,C,162.31,0.3627
IP01104,buy,,Keystone,B,460.64,0.3142
IP01105,buy,,Crescent,A,1068.99,0.4292
IP01106,make,P02,Apex,B,315.85,0.306
IP01107,buy,,Riverside,C,176.25,0.2835
IP01108,make,P05,Truefield,A,1433.02,0.4143
IP01109,buy,,Summit,A,1288.28,0.4051
IP01110,make,P01,Brightwater,B,360.23,0.3736
IP01111,buy,,Evergreen,A,775.97,0.273
IP01112,make,P03,Stonebridge,B,546.95,0.2055
IP01113,make,P05,Meridian,A,1011.06,0.4077
IP01114,buy,,Bluecrest,B,357.12,0.3837
IP01115,buy,,Brightwater,C,148.74,0.3894
IP01116,buy,,Apex,C,132.64,0.2582
IP01117,make,P03,Pinnacle,C,313.15,0.2401
IP01118,make,P02,Truefield,B,337.93,0.4332
IP01119,buy,,Harbor,A,997.33,0.3718
IP01120,buy,,Lakeside,A,982.21,0.3627
IP01121,buy,,Apex,C,49.77,0.3283
IP01122,buy,,Stonebridge,A,695.29,0.2658
IP01123,make,P05,Truefield,B,407.63,0.3136
IP01124,make,P04,Keystone,C,69.86,0.2864
IP01125,buy,,Lakeside,A,1340.08,0.3999
IP01126,make,P04,Apex,B,412.42,0.3099
IP01127,buy,,Stonebridge,C,192.76,0.2185
IP01128,make,P03,Oakridge,A,482.06,0.3026
IP01129,make,P02,Summit,A,609.77,0.385
IP01130,buy,,Brightwater,A,606.04,0.3728
IP01131,make,P05,Evergreen,B,477.93,0.2311
IP01132,make,P02,Pinnacle,C,212.46,0.2931
IP01133,make,P04,Meridian,C,215.57,0.3539
IP01134,buy,,Bluecrest,A,993.17,0.4085
IP01135,buy,,Crescent,A,965.66,0.5321
IP01136,make,P05,Clearline,A,714.14,0.3251
IP01137,buy,,Riverside,B,279.88,0.2361
IP01138,make,P03,Oakridge,A,488.27,0.3655
IP01139,buy,,Keystone,A,1220.81,0.3074
IP01140,make,P01,Crescent,A,703.39,0.549
IP01141,make,P02,Clearline,A,644.77,0.2548
IP01142,buy,,Pinnacle,C,152.8,0.2508
IP01143,make,P04,Oakridge,A,934.05,0.4743
IP01144,buy,,Keystone,B,242.34,0.3668
IP01145,buy,,Lakeside,C,22.57,0.3758
IP01146,buy,,Apex,A,831.86,0.2888
IP01147,make,P04,Stonebridge,C,435.4,0.1869
IP01148,make,P05,Silverleaf,B,456.73,0.3446
IP01149,buy,,Keystone,B,513.88,0.3265
IP01150,buy,,Lakeside,B,360.83,0.3776
IP01151,make,P05,Apex,B,490.75,0.2581
IP01152,buy,,Riverside,C,29.92,0.221
IP01153,make,P02,Meridian,A,897.12,0.3259
IP01154,buy,,Keystone,C,168.0,0.2946
IP01155,buy,,Lakeside,B,510.59,0.3945
IP01156,buy,,Northwind,B,391.66,0.3392
IP01157,buy,,Stonebridge,B,421.77,0.1834
IP01158,make,P01,Truefield,B,824.22,0.3356
IP01159,buy,,Bluecrest,A,526.04,0.2918
IP01160,buy,,Ironwood,C,238.05,0.5054
IP01161,make,P03,Evergreen,C,121.88,0.2371
IP01162,buy,,Riverside,B,497.54,0.2331
IP01163,make,P02,Meridian,A,1155.35,0.312
IP01164,buy,,Harbor,B,967.73,0.3603
IP01165,buy,,Brightwater,B,479.05,0.5476
IP01166,make,P01,Northwind,C,136.83,0.2458
IP01167,buy,,Pinnacle,A,1141.42,0.277
IP01168,make,P02,Oakridge,B,454.25,0.388
IP01169,make,P04,Harbor,C,168.01,0.4051
IP01170,buy,,Ironwood,A,1654.23,0.5132
IP01171,make,P05,Northwind,A,695.32,0.2456
IP01172,buy,,Westgate,C,84.15,0.2176
IP01173,buy,,Silverleaf,C,76.87,0.4717
IP01174,make,P05,Keystone,A,1015.08,0.3965
IP01175,make,P04,Lakeside,C,67.42,0.4413
IP01176,make,P05,Clearline,C,158.16,0.2888
IP01177,make,P03,Riverside,C,33.67,0.189
IP01178,make,P05,Oakridge,A,935.34,0.378
IP01179,make,P04,Keystone,B,498.61,0.2881
IP01180,buy,,Ironwood,A,1054.93,0.4427
IP01181,make,P04,Apex,A,984.68,0.2743
IP01182,buy,,Pinnacle,C,222.64,0.2142
IP01183,make,P02,Meridian,C,228.57,0.3584
IP01184,make,P03,Summit,A,1220.41,0.3365
IP01185,buy,,Ironwood,A,544.45,0.4936
IP01186,make,P03,Clearline,A,882.55,0.3297
IP01187,make,P04,Stonebridge,A,672.87,0.2363
IP01188,make,P04,Oakridge,A,994.03,0.3051
IP01189,make,P03,Summit,C,49.26,0.31
IP01190,buy,,Lakeside,A,1202.33,0.4381
IP01191,make,P01,Apex,A,770.55,0.2462
IP01192,buy,,Pinnacle,B,357.26,0.2312
IP01193,make,P03,Truefield,B,896.25,0.4592
IP01194,buy,,Keystone,C,81.18,0.3598
IP01195,buy,,Crescent,B,549.51,0.448
IP01196,make,P02,Evergreen,C,46.73,0.275
IP01197,make,P04,Stonebridge,B,553.25,0.2668
IP01198,buy,,Oakridge,A,662.46,0.472
IP01199,buy,,Keystone,C,90.42,0.4175
IP01200,buy,,Brightwater,A,1492.28,0.4323
IP01201,make,P03,Clearline,C,92.9,0.2297
IP01202,make,P03,Stonebridge,A,571.79,0.2278
IP01203,make,P02,Truefield,A,879.69,0.3367
IP01204,make,P03,Bluecrest,C,324.38,0.3055
IP01205,buy,,Crescent,B,836.58,0.4532
IP01206,buy,,Clearline,B,334.98,0.2239
IP01207,buy,,Riverside,C,12.68,0.2715
IP01208,make,P01,Silverleaf,A,790.35,0.339
IP01209,buy,,Summit,A,885.4,0.3144
IP01210,buy,,Ironwood,A,1156.11,0.4677
IP01211,buy,,Clearline,C,25.22,0.2848
IP01212,buy,,Stonebridge,B,264.39,0.2328
IP01213,make,P01,Truefield,A,815.2,0.3967
IP01214,make,P04,Harbor,A,1155.64,0.3862
IP01215,buy,,Crescent,A,994.71,0.5478
IP01216,make,P02,Apex,B,343.44,0.2712
IP01217,buy,,Riverside,B,375.22,0.2521
IP01218,buy,,Meridian,B,356.63,0.3654
IP01219,buy,,Bluecrest,B,480.07,0.2959
IP01220,buy,,Ironwood,A,1079.66,0.4203
IP01221,make,P01,Northwind,A,422.8,0.3482
IP01222,make,P05,Pinnacle,A,943.35,0.199
IP01223,make,P05,Silverleaf,A,585.46,0.3516
IP01224,buy,,Summit,B,416.88,0.2951
IP01225,buy,,Lakeside,A,1203.63,0.4909
IP01226,make,P02,Clearline,B,329.55,0.3344
IP01227,buy,,Pinnacle,A,933.21,0.2545
IP01228,make,P05,Truefield,A,1202.67,0.3003
IP01229,make,P04,Bluecrest,B,302.6,0.3455
IP01230,buy,,Ironwood,A,1284.75,0.3999
IP01231,make,P04,Evergreen,C,80.4,0.2603
IP01232,make,P04,Riverside,C,53.75,0.2547
IP01233,make,P02,Oakridge,A,767.16,0.451
IP01234,buy,,Harbor,A,838.35,0.4141
IP01235,buy,,Brightwater,B,257.0,0.389
IP01236,make,P05,Apex,C,4.79,0.2731
IP01237,make,P01,Westgate,C,50.16,0.2366
IP01238,make,P02,Silverleaf,C,127.8,0.4532
IP01239,buy,,Summit,C,165.92,0.3357
IP01240,buy,,Brightwater,A,693.23,0.3748
IP01241,make,P01,Northwind,A,713.88,0.2327
IP01242,buy,,Riverside,A,831.95,0.2295
IP01243,make,P03,Truefield,B,369.3,0.3431
IP01244,make,P03,Summit,A,1384.6,0.4096
IP01245,buy,,Crescent,A,1454.52,0.5374
IP01246,make,P04,Apex,B,296.66,0.3418
IP01247,buy,,Westgate,A,979.96,0.1928
IP01248,make,P03,Oakridge,C,6.74,0.4377
IP01249,make,P01,Summit,C,62.32,0.3923
IP01250,buy,,Brightwater,A,542.89,0.4645
IP01251,make,P03,Evergreen,A,716.04,0.2314
IP01252,buy,,Westgate,B,535.37,0.2083
IP01253,make,P03,Truefield,A,1180.03,0.3586
IP01254,make,P05,Keystone,B,631.88,0.4122
IP01255,buy,,Lakeside,B,679.23,0.3664
IP01256,buy,,Evergreen,B,503.13,0.255
IP01257,make,P03,Westgate,A,758.25,0.2428
IP01258,make,P02,Oakridge,B,318.83,0.4194
IP01259,buy,,Summit,A,1101.35,0.3946
IP01260,buy,,Lakeside,C,216.74,0.4431
IP01261,make,P02,Apex,A,756.9,0.3206
IP01262,make,P04,Pinnacle,C,105.06,0.2021
IP01263,make,P04,Truefield,B,351.01,0.3298
IP01264,buy,,Harbor,A,793.96,0.2842
IP01265,buy,,Lakeside,A,1392.45,0.4357
IP01266,buy,,Clearline,B,679.98,0.2832
IP01267,make,P03,Westgate,C,228.66,0.2129
IP01268,make,P02,Silverleaf,B,414.17,0.3167
IP01269,buy,,Harbor,A,581.09,0.3538
IP01270,buy,,Lakeside,A,630.37,0.3744
IP01271,make,P03,Apex,B,409.64,0.3203
IP01272,buy,,Westgate,A,1166.51,0.2768
IP01273,make,P01,Silverleaf,A,562.51,0.37
IP01274,make,P05,Keystone,A,956.43,0.3122
IP01275,buy,,Brightwater,B,246.13,0.4463
IP01276,buy,,Northwind,B,459.8,0.2918
IP01277,buy,,Riverside,A,828.54,0.1969
IP01278,make,P03,Truefield,A,1315.36,0.4278
IP01279,make,P02,Bluecrest,A,1244.77,0.4025
IP01280,buy,,Crescent,B,320.38,0.4545
IP01281,make,P01,Clearline,A,828.55,0.3055
IP01282,buy,,Pinnacle,A,637.91,0.2793
IP01283,buy,,Oakridge,B,671.3,0.4198
IP01284,buy,,Harbor,A,1299.01,0.4118
IP01285,buy,,Crescent,B,589.33,0.5482
IP01286,make,P03,Clearline,B,384.49,0.2689
IP01287,make,P02,Pinnacle,C,166.69,0.1822
IP01288,make,P03,Meridian,A,1291.71,0.4031
IP01289,buy,,Summit,A,911.27,0.3015
IP01290,buy,,Crescent,A,840.6,0.4694
IP01291,buy,,Clearline,C,38.97,0.2415
IP01292,make,P01,Riverside,B,378.23,0.2925
IP01293,make,P02,Oakridge,C,101.85,0.4106
IP01294,buy,,Keystone,A,924.34,0.2901
IP01295,buy,,Crescent,B,455.53,0.4243
IP01296,make,P02,Evergreen,A,905.79,0.2766
IP01297,buy,,Westgate,C,136.25,0.2861
IP01298,make,P03,Oakridge,B,224.87,0.3678
IP01299,buy,,Harbor,A,1262.44,0.3325
IP01300,buy,,Crescent,C,79.02,0.5081
IP01301,make,P03,Clearline,C,180.7,0.3276
IP01302,make,P02,Pinnacle,A,631.06,0.2258
IP01303,make,P02,Silverleaf,A,1234.73,0.4409
IP01304,make,P03,Keystone,A,1083.6,0.4104
IP01305,buy,,Ironwood,A,875.28,0.4158
IP01306,make,P01,Clearline,C,44.06,0.3157
IP01307,buy,,Riverside,C,160.63,0.1834
IP01308,make,P02,Oakridge,A,1097.5,0.3758
IP01309,buy,,Keystone,A,769.72,0.3967
IP01310,make,P03,Lakeside,B,365.82,0.3601
IP01311,buy,,Apex,B,491.16,0.2977
IP01312,make,P02,Pinnacle,A,615.99,0.2221
IP01313,make,P01,Meridian,A,965.06,0.4783
IP01314,make,P02,Summit,B,421.82,0.295
IP01315,buy,,Ironwood,A,951.74,0.4426
IP01316,make,P03,Northwind,B,350.37,0.2666
IP01317,make,P03,Pinnacle,C,22.54,0.2177
IP01318,buy,,Meridian,B,325.65,0.4577
IP01319,buy,,Harbor,C,8.64,0.3104
IP01320,buy,,Lakeside,B,576.32,0.3928
IP01321,buy,,Apex,C,67.44,0.3413
IP01322,buy,,Stonebridge,A,825.45,0.2084
IP01323,make,P04,Silverleaf,A,1195.02,0.4175
IP01324,buy,,Summit,A,1375.16,0.4138
IP01325,buy,,Ironwood,A,773.27,0.4047
IP01326,buy,,Evergreen,B,330.97,0.3429
IP01327,buy,,Pinnacle,C,275.15,0.21
IP01328,buy,,Truefield,C,392.21,0.3272
IP01329,make,P03,Harbor,B,352.96,0.2834
IP01330,buy,,Crescent,A,1266.09,0.3858
IP01331,make,P04,Evergreen,A,566.78,0.3011
IP01332,buy,,Riverside,C,11.88,0.2619
IP01333,make,P03,Oakridge,B,316.97,0.3871
IP01334,buy,,Summit,A,1154.08,0.3565
IP01335,buy,,Crescent,A,703.74,0.4573
IP01336,make,P05,Apex,C,17.3,0.2832
IP01337,make,P01,Riverside,B,475.26,0.2862
IP01338,make,P05,Silverleaf,C,189.66,0.3794
IP01339,buy,,Keystone,A,966.48,0.2894
IP01340,buy,,Lakeside,A,1761.51,0.5445
IP01341,make,P05,Apex,B,370.37,0.2331
IP01342,buy,,Riverside,C,12.43,0.1803
IP01343,make,P02,Truefield,A,1233.42,0.3717
IP01344,make,P01,Summit,C,250.92,0.2849
IP01345,buy,,Ironwood,A,1613.88,0.4992
IP01346,buy,,Clearline,B,347.48,0.2653
IP01347,make,P01,Stonebridge,A,737.98,0.1956
IP01348,make,P04,Silverleaf,A,736.25,0.4591
IP01349,make,P02,Bluecrest,C,217.05,0.3378
IP01350,buy,,Brightwater,A,784.14,0.5177
IP01351,buy,,Apex,A,987.2,0.3273
IP01352,buy,,Westgate,C,145.63,0.2498
IP01353,make,P02,Meridian,A,1316.02,0.3951
IP01354,buy,,Harbor,A,755.95,0.35
IP01355,buy,,Ironwood,B,428.0,0.3546
IP01356,buy,,Evergreen,A,1025.88,0.33
IP01357,buy,,Stonebridge,A,990.65,0.2096
IP01358,make,P05,Oakridge,A,827.82,0.3288
IP01359,buy,,Harbor,A,569.61,0.3814
IP01360,buy,,Ironwood,C,86.82,0.4189
IP01361,buy,,Clearline,B,459.94,0.3465
IP01362,buy,,Pinnacle,B,467.84,0.2698
IP01363,make,P03,Oakridge,B,359.87,0.4278
IP01364,buy,,Harbor,A,899.28,0.4152
IP01365,buy,,Brightwater,C,221.9,0.5023
IP01366,make,P05,Northwind,B,264.19,0.3089
IP01367,make,P03,Pinnacle,A,644.21,0.1808
IP01368,make,P02,Meridian,C,230.92,0.3738
IP01369,buy,,Harbor,B,303.39,0.33
IP01370,buy,,Crescent,A,1060.56,0.4181
IP01371,make,P01,Clearline,C,73.54,0.2834
IP01372,make,P05,Pinnacle,C,119.96,0.2009
IP01373,buy,,Oakridge,B,687.0,0.4099
IP01374,make,P03,Harbor,A,573.53,0.3578
IP01375,buy,,Brightwater,A,508.22,0.426
IP01376,buy,,Evergreen,A,1076.56,0.3179
IP01377,make,P02,Westgate,C,173.79,0.2957
IP01378,make,P05,Oakridge,A,457.33,0.4582
IP01379,buy,,Keystone,A,1019.59,0.2903
IP01380,buy,,Ironwood,A,1253.91,0.3727
IP01381,buy,,Clearline,A,897.22,0.2364
IP01382,make,P01,Westgate,A,795.3,0.2023
IP01383,make,P02,Truefield,A,704.62,0.4612
IP01384,make,P03,Bluecrest,B,603.07,0.2891
IP01385,buy,,Brightwater,B,247.49,0.5148
IP01386,make,P04,Northwind,C,73.82,0.2605
IP01387,make,P02,Riverside,A,709.41,0.1874
IP01388,make,P02,Truefield,A,1463.41,0.4335
IP01389,make,P02,Harbor,B,525.79,0.2905
IP01390,buy,,Crescent,A,1236.33,0.515
IP01391,make,P01,Clearline,A,864.75,0.2355
IP01392,make,P01,Riverside,A,729.9,0.2746
IP01393,make,P02,Meridian,A,744.85,0.3476
IP01394,buy,,Bluecrest,A,755.12,0.3668
IP01395,make,P05,Brightwater,A,1268.9,0.4203
IP01396,buy,,Northwind,A,819.11,0.2662
IP01397,buy,,Westgate,A,1096.7,0.2556
IP01398,buy,,Meridian,A,1417.65,0.4526
IP01399,buy,,Bluecrest,C,169.68,0.3863
IP01400,buy,,Crescent,C,107.89,0.3692
IP01401,make,P03,Northwind,A,641.13,0.3433
IP01402,make,P02,Pinnacle,A,672.41,0.2235
IP01403,make,P02,Truefield,A,1319.85,0.3991
IP01404,buy,,Bluecrest,C,283.95,0.3104
IP01405,buy,,Brightwater,C,291.87,0.4259
IP01406,make,P02,Apex,C,106.84,0.3481
IP01407,make,P04,Westgate,A,1096.62,0.258
IP01408,buy,,Meridian,A,870.27,0.4043
IP01409,make,P05,Summit,B,422.69,0.2948
IP01410,buy,,Lakeside,A,824.78,0.473
IP01411,make,P02,Apex,C,137.69,0.2685
IP01412,buy,,Pinnacle,B,552.2,0.2419
IP01413,make,P02,Truefield,A,1228.5,0.3671
IP01414,buy,,Bluecrest,C,286.25,0.339
IP01415,buy,,Crescent,C,59.74,0.4985
IP01416,make,P01,Apex,A,1150.51,0.2974
IP01417,make,P03,Riverside,A,1085.5,0.2682
IP01418,make,P02,Oakridge,C,111.34,0.479
IP01419,buy,,Harbor,A,532.09,0.3235
IP01420,buy,,Ironwood,A,1343.06,0.4217
IP01421,make,P05,Evergreen,B,483.8,0.2777
IP01422,make,P01,Westgate,B,447.58,0.2365
IP01423,buy,,Truefield,A,1442.5,0.4325
IP01424,make,P03,Keystone,A,601.5,0.3661
IP01425,buy,,Ironwood,A,1410.95,0.41
IP01426,make,P04,Apex,A,939.1,0.2682
IP01427,buy,,Stonebridge,C,118.09,0.2039
IP01428,make,P04,Oakridge,A,1343.11,0.4104
IP01429,buy,,Harbor,B,415.79,0.4045
IP01430,buy,,Crescent,A,885.44,0.5385
IP01431,make,P01,Evergreen,A,855.31,0.2225
IP01432,buy,,Riverside,B,377.27,0.2832
IP01433,buy,,Meridian,A,1436.04,0.47
IP01434,make,P03,Bluecrest,A,1024.03,0.3507
IP01435,buy,,Crescent,B,566.54,0.4131
IP01436,buy,,Evergreen,C,12.84,0.2493
IP01437,buy,,Westgate,C,12.61,0.2648
IP01438,buy,,Meridian,A,1092.42,0.3494
IP01439,make,P05,Harbor,C,100.24,0.3781
IP01440,buy,,Ironwood,C,15.01,0.3885
IP01441,make,P01,Evergreen,C,125.46,0.3267
IP01442,buy,,Pinnacle,B,553.96,0.2982
IP01443,make,P05,Meridian,A,833.69,0.3951
IP01444,buy,,Keystone,A,1276.78,0.3794
IP01445,buy,,Ironwood,A,719.33,0.3729
IP01446,buy,,Apex,A,1156.53,0.3361
IP01447,make,P01,Stonebridge,A,871.17,0.2987
IP01448,make,P03,Truefield,A,906.81,0.3874
IP01449,make,P01,Bluecrest,B,280.86,0.2968
IP01450,buy,,Ironwood,C,478.08,0.468
IP01451,make,P02,Clearline,C,78.33,0.2955
IP01452,buy,,Riverside,B,345.95,0.2053
IP01453,make,P02,Oakridge,C,82.37,0.3521
IP01454,buy,,Bluecrest,A,1002.06,0.3694
IP01455,buy,,Brightwater,A,814.43,0.4359
IP01456,buy,,Northwind,C,347.44,0.224
IP01457,buy,,Stonebridge,A,611.39,0.2299
IP01458,make,P04,Meridian,B,287.22,0.3026
IP01459,buy,,Keystone,C,254.64,0.4081
IP01460,buy,,Crescent,A,996.05,0.4125
IP01461,buy,,Northwind,C,53.26,0.2764
IP01462,buy,,Westgate,A,1059.5,0.2435
IP01463,make,P05,Truefield,A,1044.45,0.3735
IP01464,buy,,Keystone,B,647.17,0.3848
IP01465,make,P02,Ironwood,C,128.26,0.4883
IP01466,make,P01,Northwind,A,853.38,0.2246
IP01467,make,P04,Stonebridge,B,341.76,0.2804
IP01468,make,P01,Meridian,C,78.45,0.322
IP01469,buy,,Bluecrest,C,108.04,0.4005
IP01470,buy,,Lakeside,A,601.15,0.3816
IP01471,make,P02,Northwind,B,427.12,0.2993
IP01472,make,P05,Riverside,B,395.0,0.2013
IP01473,make,P04,Meridian,C,183.04,0.4439
IP01474,make,P04,Summit,C,25.45,0.3183
IP01475,buy,,Crescent,C,120.06,0.4632
IP01476,buy,,Clearline,A,965.64,0.3167
IP01477,buy,,Stonebridge,A,580.7,0.1976
IP01478,make,P05,Truefield,C,257.37,0.3263
IP01479,buy,,Summit,A,593.1,0.3708
IP01480,buy,,Ironwood,C,92.64,0.3942
IP01481,make,P04,Northwind,C,106.79,0.2987
IP01482,buy,,Riverside,A,663.05,0.2903
IP01483,buy,,Oakridge,C,29.87,0.3429
IP01484,make,P04,Summit,A,614.71,0.3454
IP01485,buy,,Brightwater,A,1545.85,0.523
IP01486,buy,,Evergreen,A,635.16,0.3066
IP01487,make,P04,Westgate,B,359.23,0.2933
IP01488,make,P04,Oakridge,B,319.18,0.4353
IP01489,buy,,Harbor,B,997.73,0.3744
IP01490,buy,,Crescent,A,799.3,0.4877
IP01491,buy,,Clearline,C,152.7,0.2532
IP01492,buy,,Westgate,C,190.11,0.277
IP01493,make,P03,Truefield,A,1028.44,0.3643
IP01494,make,P03,Summit,C,149.52,0.3627
IP01495,buy,,Crescent,A,667.18,0.4437
IP01496,make,P04,Evergreen,A,469.11,0.3091
IP01497,buy,,Westgate,A,1116.58,0.2809
IP01498,make,P03,Meridian,A,1084.49,0.3397
IP01499,buy,,Harbor,C,10.69,0.2959
IP01500,buy,,Brightwater,A,1498.4,0.5257
IP01501,make,P03,Evergreen,A,662.23,0.3126
IP01502,buy,,Stonebridge,A,855.29,0.2362
IP01503,make,P03,Truefield,C,254.17,0.3408
IP01504,buy,,Bluecrest,B,911.38,0.3859
IP01505,buy,,Crescent,A,543.93,0.4951
IP01506,make,P02,Apex,A,1070.03,0.3403
IP01507,make,P03,Westgate,C,163.18,0.1808
IP01508,make,P02,Meridian,C,119.5,0.3424
IP01509,buy,,Keystone,A,861.25,0.3223
IP01510,buy,,Crescent,A,1401.7,0.5304
IP01511,make,P02,Evergreen,B,544.81,0.2339
IP01512,make,P05,Stonebridge,C,167.53,0.218
IP01513,make,P03,Oakridge,C,131.91,0.3469
IP01514,make,P05,Keystone,A,765.05,0.2822
IP01515,buy,,Crescent,A,1138.67,0.4536
IP01516,buy,,Northwind,C,327.89,0.2801
IP01517,buy,,Stonebridge,A,955.23,0.2821
IP01518,make,P02,Silverleaf,A,1128.93,0.4477
IP01519,make,P01,Harbor,B,408.17,0.3538
IP01520,make,P04,Ironwood,B,482.2,0.4636
IP01521,buy,,Northwind,A,1135.29,0.28
IP01522,make,P05,Stonebridge,C,255.35,0.2219
IP01523,make,P04,Silverleaf,B,619.06,0.4438
IP01524,buy,,Bluecrest,A,1077.35,0.3073
IP01525,buy,,Ironwood,B,484.93,0.5394
IP01526,buy,,Clearline,B,738.58,0.3152
IP01527,make,P03,Pinnacle,A,862.14,0.2929
IP01528,make,P03,Oakridge,A,846.33,0.3426
IP01529,buy,,Summit,B,360.32,0.3365
IP01530,buy,,Lakeside,C,243.12,0.4344
IP01531,buy,,Northwind,B,445.06,0.2219
IP01532,buy,,Westgate,B,493.09,0.1866
IP01533,make,P02,Silverleaf,A,1354.9,0.3887
IP01534,make,P03,Harbor,A,391.98,0.3595
IP01535,buy,,Brightwater,B,336.72,0.3778
IP01536,make,P02,Clearline,C,108.16,0.3165
IP01537,make,P01,Westgate,A,1000.82,0.2564
IP01538,make,P05,Meridian,A,1518.56,0.4413
IP01539,make,P04,Bluecrest,A,1198.41,0.3479
IP01540,buy,,Brightwater,B,341.17,0.477
IP01541,make,P04,Clearline,B,407.08,0.2228
IP01542,buy,,Stonebridge,A,1109.32,0.2983
IP01543,make,P02,Oakridge,A,900.65,0.4172
IP01544,buy,,Keystone,A,710.58,0.3118
IP01545,buy,,Crescent,C,87.67,0.3542
IP01546,buy,,Northwind,A,879.79,0.2738
IP01547,make,P04,Stonebridge,C,42.92,0.2651
IP01548,make,P02,Meridian,C,175.34,0.4415
IP01549,buy,,Keystone,A,702.19,0.3892
IP01550,buy,,Ironwood,A,878.74,0.3896
IP01551,buy,,Apex,A,1114.23,0.2756
IP01552,buy,,Stonebridge,A,1022.31,0.2211
IP01553,make,P03,Truefield,A,870.83,0.3589
IP01554,buy,,Bluecrest,B,438.16,0.3617
IP01555,buy,,Lakeside,A,1224.9,0.3611
IP01556,buy,,Evergreen,B,305.28,0.3368
IP01557,make,P05,Stonebridge,A,840.18,0.2095
IP01558,make,P02,Oakridge,A,1219.83,0.3949
IP01559,buy,,Keystone,A,803.71,0.4104
IP01560,buy,,Ironwood,B,433.27,0.501
IP01561,buy,,Evergreen,C,45.85,0.265
IP01562,buy,,Westgate,A,955.77,0.2763
IP01563,make,P02,Meridian,A,834.08,0.4639
IP01564,buy,,Keystone,A,750.1,0.3367
IP01565,buy,,Lakeside,B,406.31,0.4346
IP01566,buy,,Apex,C,110.84,0.2231
IP01567,make,P01,Westgate,C,239.17,0.2961
IP01568,buy,,Truefield,A,1238.42,0.4159
IP01569,buy,,Bluecrest,A,1175.52,0.3598
IP01570,buy,,Crescent,A,1533.07,0.4884
IP01571,make,P01,Evergreen,A,1007.82,0.3001
IP01572,make,P04,Riverside,A,1090.96,0.2963
IP01573,buy,,Silverleaf,B,812.06,0.3572
IP01574,make,P02,Harbor,A,1082.71,0.2812
IP01575,buy,,Brightwater,A,1559.7,0.5027
IP01576,make,P04,Apex,B,378.49,0.3106
IP01577,buy,,Stonebridge,B,661.74,0.2105
IP01578,make,P02,Oakridge,B,379.23,0.4353
IP01579,make,P02,Harbor,B,567.23,0.369
IP01580,buy,,Ironwood,A,1371.41,0.3906
IP01581,make,P03,Evergreen,B,549.27,0.3175
IP01582,make,P03,Stonebridge,B,340.53,0.2278
IP01583,make,P04,Truefield,A,925.21,0.3208
IP01584,buy,,Keystone,B,652.26,0.2876
IP01585,buy,,Brightwater,A,1447.75,0.449
IP01586,buy,,Evergreen,B,401.1,0.3344
IP01587,buy,,Westgate,C,155.8,0.2695
IP01588,buy,,Silverleaf,B,347.77,0.4538
IP01589,buy,,Keystone,A,1075.21,0.3412
IP01590,buy,,Brightwater,A,1499.96,0.4906
IP01591,make,P04,Northwind,C,391.1,0.3417
IP01592,make,P04,Westgate,A,610.51,0.2008
IP01593,buy,,Truefield,C,178.37,0.4014
IP01594,buy,,Summit,A,829.75,0.288
IP01595,make,P03,Brightwater,C,165.66,0.4307
IP01596,make,P04,Evergreen,A,620.88,0.2893
IP01597,buy,,Pinnacle,A,682.5,0.2613
IP01598,make,P01,Truefield,A,1165.58,0.4108
IP01599,buy,,Bluecrest,A,1034.65,0.3044
IP01600,buy,,Lakeside,C,157.81,0.4124
IP01601,buy,,Evergreen,A,1021.61,0.2646
IP01602,make,P04,Pinnacle,C,193.6,0.2091
IP01603,make,P03,Silverleaf,B,295.43,0.4665
IP01604,buy,,Summit,C,259.37,0.3401
IP01605,buy,,Lakeside,A,677.29,0.5483
IP01606,make,P04,Apex,C,260.05,0.2655
IP01607,make,P01,Pinnacle,B,798.55,0.1857
IP01608,make,P03,Meridian,A,687.44,0.3838
IP01609,buy,,Keystone,B,551.98,0.3353
IP01610,buy,,Ironwood,A,1295.04,0.4093
IP01611,make,P05,Northwind,C,133.34,0.2778
IP01612,make,P05,Westgate,A,557.67,0.1856
IP01613,buy,,Truefield,C,8.47,0.4722
IP01614,buy,,Harbor,C,100.88,0.3538
IP01615,buy,,Ironwood,B,507.42,0.5039
IP01616,buy,,Evergreen,A,529.82,0.2623
IP01617,buy,,Riverside,B,422.79,0.2691
IP01618,make,P03,Silverleaf,A,1292.87,0.4531
IP01619,make,P01,Keystone,B,331.57,0.3943
IP01620,buy,,Lakeside,A,1226.98,0.5255
IP01621,make,P02,Clearline,A,597.67,0.2566
IP01622,make,P02,Westgate,B,608.51,0.2481
IP01623,make,P05,Oakridge,B,501.3,0.3377
IP01624,make,P03,Bluecrest,C,162.04,0.2801
IP01625,buy,,Brightwater,A,1610.01,0.5254
IP01626,buy,,Clearline,B,506.31,0.2393
IP01627,buy,,Riverside,A,1008.21,0.2343
IP01628,make,P01,Meridian,A,541.05,0.4707
IP01629,buy,,Harbor,B,265.93,0.3605
IP01630,buy,,Brightwater,A,1501.86,0.5211
IP01631,buy,,Apex,A,1253.58,0.3244
IP01632,make,P02,Westgate,B,294.1,0.2831
IP01633,make,P02,Oakridge,A,1102.35,0.4458
IP01634,make,P05,Bluecrest,C,247.39,0.4119
IP01635,buy,,Lakeside,A,1139.92,0.4587
IP01636,make,P02,Evergreen,B,766.3,0.3395
IP01637,buy,,Riverside,B,613.21,0.2005
IP01638,make,P02,Silverleaf,A,1113.16,0.308
IP01639,buy,,Harbor,C,12.56,0.3668
IP01640,buy,,Ironwood,A,911.63,0.5314
IP01641,make,P04,Clearline,B,295.49,0.3235
IP01642,buy,,Pinnacle,C,183.65,0.1906
IP01643,buy,,Silverleaf,A,897.51,0.4748
IP01644,buy,,Harbor,A,550.49,0.3955
IP01645,buy,,Ironwood,C,8.55,0.5254
IP01646,make,P01,Evergreen,B,403.17,0.2369
IP01647,buy,,Westgate,C,306.0,0.2279
IP01648,make,P02,Truefield,A,1199.0,0.353
IP01649,buy,,Harbor,A,521.06,0.3456
IP01650,make,P02,Brightwater,A,1562.13,0.4759
IP01651,make,P03,Evergreen,C,85.87,0.2843
IP01652,make,P03,Pinnacle,B,454.35,0.2422
IP01653,make,P03,Truefield,A,1482.99,0.4545
IP01654,buy,,Bluecrest,A,1021.25,0.4067
IP01655,buy,,Lakeside,A,818.27,0.4062
IP01656,make,P04,Clearline,A,1039.02,0.3122
IP01657,buy,,Westgate,A,811.62,0.2342
IP01658,make,P03,Truefield,A,1031.49,0.3795
IP01659,buy,,Harbor,A,1213.08,0.3599
IP01660,buy,,Ironwood,B,405.28,0.3806
IP01661,make,P04,Northwind,A,1152.66,0.3274
IP01662,buy,,Riverside,A,736.33,0.2651
IP01663,make,P02,Oakridge,A,1207.1,0.4074
IP01664,make,P03,Harbor,C,137.8,0.3129
IP01665,buy,,Ironwood,C,141.46,0.3825
IP01666,buy,,Northwind,B,271.7,0.2441
IP01667,make,P01,Pinnacle,C,281.78,0.2287
IP01668,make,P03,Meridian,A,1576.45,0.4645
IP01669,make,P03,Keystone,A,959.16,0.3808
IP01670,buy,,Ironwood,A,830.76,0.5114
IP01671,make,P05,Northwind,A,1143.88,0.2947
IP01672,buy,,Riverside,C,137.26,0.267
IP01673,make,P04,Oakridge,A,1053.37,0.4778
IP01674,buy,,Bluecrest,A,1050.36,0.2985
IP01675,make,P03,Brightwater,C,324.49,0.483
IP01676,buy,,Apex,B,485.54,0.229
IP01677,buy,,Riverside,A,997.2,0.2685
IP01678,make,P03,Truefield,A,832.75,0.4022
IP01679,make,P04,Keystone,C,4.48,0.3575
IP01680,buy,,Crescent,A,1720.53,0.5485
IP01681,make,P02,Northwind,A,930.25,0.2302
IP01682,make,P01,Westgate,B,257.97,0.2888
IP01683,buy,,Oakridge,A,645.7,0.3963
IP01684,make,P03,Bluecrest,B,196.18,0.3789
IP01685,buy,,Brightwater,A,880.87,0.3718
IP01686,make,P03,Northwind,C,390.66,0.2439
IP01687,make,P01,Westgate,A,1036.92,0.2323
IP01688,make,P05,Meridian,A,805.5,0.4658
IP01689,buy,,Summit,B,371.98,0.3623
IP01690,buy,,Brightwater,A,1356.25,0.5195
IP01691,make,P03,Northwind,B,479.65,0.3053
IP01692,make,P02,Riverside,A,1066.69,0.2951
IP01693,make,P03,Oakridge,B,424.38,0.3876
IP01694,buy,,Harbor,B,327.22,0.3359
IP01695,buy,,Ironwood,A,1230.12,0.3529
IP01696,buy,,Clearline,A,1178.81,0.3426
IP01697,buy,,Riverside,B,453.74,0.2682
IP01698,make,P03,Meridian,A,827.34,0.444
IP01699,buy,,Keystone,C,142.44,0.3758
IP01700,buy,,Lakeside,C,134.04,0.4321
IP01701,buy,,Clearline,A,476.08,0.2284
IP01702,make,P03,Riverside,C,113.68,0.2411
IP01703,make,P02,Silverleaf,A,1171.68,0.3143
IP01704,buy,,Harbor,C,107.4,0.3365
IP01705,buy,,Ironwood,A,589.42,0.5226
IP01706,make,P04,Apex,B,533.79,0.2599
IP01707,buy,,Westgate,B,377.04,0.2124
IP01708,make,P02,Truefield,C,47.68,0.3314
IP01709,buy,,Harbor,A,971.13,0.2889
IP01710,buy,,Ironwood,B,601.38,0.4118
IP01711,buy,,Evergreen,C,153.1,0.3179
IP01712,buy,,Stonebridge,B,433.69,0.2601
IP01713,make,P02,Truefield,B,702.72,0.3117
IP01714,buy,,Summit,A,689.98,0.344
IP01715,buy,,Crescent,B,433.36,0.4698
IP01716,make,P05,Clearline,C,169.96,0.3142
IP01717,buy,,Stonebridge,C,15.88,0.1964
IP01718,make,P02,Meridian,C,329.84,0.4587
IP01719,make,P04,Summit,C,143.02,0.2997
IP01720,buy,,Ironwood,A,580.18,0.3924
IP01721,make,P02,Apex,A,1055.87,0.2597
IP01722,buy,,Pinnacle,A,819.72,0.2577
IP01723,make,P01,Meridian,B,454.99,0.3183
IP01724,buy,,Summit,B,859.89,0.3278
IP01725,buy,,Lakeside,A,1734.7,0.5355
IP01726,make,P05,Apex,B,737.68,0.2373
IP01727,make,P03,Riverside,B,708.75,0.2115
IP01728,make,P05,Oakridge,B,302.42,0.4182
IP01729,buy,,Keystone,A,526.59,0.2872
IP01730,buy,,Ironwood,C,211.86,0.5044
IP01731,make,P03,Clearline,C,9.23,0.2707
IP01732,make,P02,Westgate,A,1118.16,0.2908
IP01733,make,P01,Oakridge,A,1042.47,0.4486
IP01734,make,P05,Bluecrest,A,1065.43,0.313
IP01735,buy,,Crescent,A,1695.99,0.5092
IP01736,make,P02,Evergreen,A,1173.34,0.3357
IP01737,buy,,Riverside,B,417.87,0.2593
IP01738,buy,,Truefield,A,632.81,0.3255
IP01739,make,P04,Summit,C,197.24,0.3589
IP01740,buy,,Lakeside,A,1227.63,0.4883
IP01741,make,P02,Northwind,A,759.0,0.34
IP01742,buy,,Riverside,C,35.54,0.2715
IP01743,make,P02,Truefield,A,529.16,0.4606
IP01744,make,P02,Keystone,A,950.37,0.3433
IP01745,buy,,Ironwood,A,957.7,0.4081
IP01746,make,P04,Evergreen,C,233.46,0.3275
IP01747,buy,,Riverside,C,296.51,0.1945
IP01748,make,P03,Meridian,A,1235.13,0.3581
IP01749,buy,,Keystone,A,617.92,0.4146
IP01750,buy,,Lakeside,A,1276.64,0.4494
IP01751,make,P03,Evergreen,B,378.21,0.2634
IP01752,buy,,Pinnacle,B,610.0,0.2147
IP01753,make,P03,Oakridge,B,336.77,0.3275
IP01754,buy,,Bluecrest,A,1106.8,0.4029
IP01755,buy,,Lakeside,B,760.8,0.4834
IP01756,buy,,Apex,B,290.82,0.2572
IP01757,buy,,Pinnacle,C,356.41,0.2648
IP01758,make,P03,Meridian,A,598.38,0.4276
IP01759,make,P03,Summit,A,1074.01,0.389
IP01760,buy,,Crescent,B,675.82,0.3705
IP01761,make,P05,Apex,A,1109.38,0.2347
IP01762,make,P05,Westgate,B,340.71,0.2921
IP01763,make,P04,Oakridge,B,360.53,0.345
IP01764,make,P02,Summit,A,1170.89,0.3132
IP01765,buy,,Lakeside,A,900.15,0.483
IP01766,make,P03,Northwind,A,859.47,0.2743
IP01767,make,P01,Pinnacle,A,1077.82,0.2648
IP01768,make,P02,Meridian,A,926.04,0.359
IP01769,buy,,Keystone,A,623.0,0.3456
IP01770,buy,,Ironwood,A,865.7,0.4259
IP01771,buy,,Apex,C,67.32,0.2776
IP01772,make,P04,Pinnacle,A,1043.32,0.2848
IP01773,make,P04,Meridian,B,741.61,0.392
IP01774,buy,,Keystone,C,302.42,0.2947
IP01775,buy,,Crescent,A,995.12,0.4545
IP01776,make,P04,Clearline,B,401.18,0.2426
IP01777,buy,,Stonebridge,C,115.69,0.1918
IP01778,make,P04,Oakridge,B,267.64,0.3593
IP01779,make,P02,Bluecrest,A,771.6,0.4021
IP01780,buy,,Crescent,A,1167.77,0.4436
IP01781,buy,,Evergreen,B,695.35,0.2734
IP01782,buy,,Stonebridge,B,949.33,0.2107
IP01783,make,P01,Silverleaf,C,150.24,0.3149
IP01784,buy,,Harbor,A,651.53,0.2864
IP01785,buy,,Lakeside,A,1471.88,0.5259
IP01786,make,P05,Clearline,A,856.38,0.2781
IP01787,buy,,Riverside,C,194.93,0.2847
IP01788,make,P01,Silverleaf,C,3.25,0.3731
IP01789,buy,,Harbor,A,735.32,0.3442
IP01790,buy,,Brightwater,C,238.55,0.5419
IP01791,buy,,Apex,A,1215.77,0.3226
IP01792,buy,,Pinnacle,A,775.68,0.2834
IP01793,make,P02,Silverleaf,A,624.69,0.3705
IP01794,make,P05,Summit,A,822.4,0.3097
IP01795,buy,,Lakeside,A,959.44,0.5284
IP01796,make,P02,Evergreen,A,734.21,0.2224
IP01797,buy,,Riverside,A,1012.07,0.2491
IP01798,make,P01,Oakridge,A,1051.0,0.3014
IP01799,buy,,Keystone,A,810.47,0.3125
IP01800,buy,,Brightwater,C,171.29,0.4395
IP01801,make,P04,Evergreen,A,908.74,0.2516
IP01802,make,P04,Pinnacle,A,1037.13,0.2966
IP01803,make,P02,Meridian,A,1568.02,0.4797
IP01804,buy,,Harbor,C,371.29,0.3953
IP01805,buy,,Brightwater,A,958.1,0.3969
IP01806,make,P03,Clearline,A,854.61,0.2361
IP01807,buy,,Pinnacle,C,312.26,0.2495
IP01808,buy,,Silverleaf,B,412.68,0.3736
IP01809,make,P04,Bluecrest,B,446.78,0.3548
IP01810,buy,,Ironwood,C,283.6,0.3623
IP01811,buy,,Apex,B,613.39,0.3166
IP01812,make,P02,Riverside,B,629.06,0.1862
IP01813,make,P01,Meridian,A,579.13,0.412
IP01814,buy,,Bluecrest,A,608.84,0.2843
IP01815,buy,,Brightwater,C,65.65,0.3881
IP01816,buy,,Apex,B,404.48,0.2451
IP01817,buy,,Riverside,A,878.73,0.2427
IP01818,make,P04,Truefield,A,780.56,0.3864
IP01819,buy,,Keystone,A,526.84,0.3957
IP01820,buy,,Lakeside,A,1383.93,0.4151
IP01821,make,P05,Northwind,A,533.85,0.3259
IP01822,make,P04,Stonebridge,C,37.52,0.2703
IP01823,buy,,Silverleaf,A,941.0,0.4158
IP01824,buy,,Keystone,A,694.29,0.4085
IP01825,buy,,Crescent,A,377.75,0.4459
IP01826,make,P05,Evergreen,A,648.66,0.3112
IP01827,buy,,Riverside,C,229.12,0.2801
IP01828,make,P03,Oakridge,A,1199.91,0.3253
IP01829,make,P05,Harbor,C,107.57,0.3801
IP01830,buy,,Lakeside,A,1065.65,0.457
IP01831,make,P03,Northwind,C,83.77,0.2753
IP01832,make,P03,Riverside,B,633.18,0.1911
IP01833,make,P04,Silverleaf,A,705.37,0.4763
IP01834,make,P02,Summit,A,1040.56,0.36
IP01835,buy,,Ironwood,A,1144.46,0.4393
IP01836,make,P02,Clearline,B,466.02,0.2814
IP01837,make,P02,Westgate,C,106.5,0.265
IP01838,make,P03,Truefield,B,377.57,0.4467
IP01839,buy,,Bluecrest,A,1089.79,0.3313
IP01840,make,P01,Brightwater,B,677.89,0.4438
IP01841,make,P02,Northwind,A,863.41,0.2389
IP01842,make,P01,Pinnacle,B,232.8,0.2524
IP01843,buy,,Truefield,C,34.02,0.4768
IP01844,buy,,Keystone,A,1133.35,0.2885
IP01845,buy,,Lakeside,B,504.35,0.3794
IP01846,make,P03,Clearline,A,581.33,0.3042
IP01847,make,P01,Riverside,A,634.82,0.2831
IP01848,make,P01,Truefield,C,134.12,0.3591
IP01849,buy,,Keystone,B,724.1,0.2889
IP01850,buy,,Brightwater,A,1416.15,0.4144
IP01851,buy,,Clearline,A,963.22,0.3183
IP01852,make,P01,Pinnacle,C,68.76,0.1923
IP01853,make,P01,Truefield,A,849.09,0.4643
IP01854,buy,,Summit,A,811.61,0.3186
IP01855,buy,,Brightwater,A,1125.11,0.423
IP01856,buy,,Northwind,A,1064.11,0.2759
IP01857,buy,,Pinnacle,C,71.0,0.2322
IP01858,make,P01,Oakridge,A,670.3,0.3215
IP01859,buy,,Bluecrest,A,1201.73,0.3816
IP01860,buy,,Lakeside,A,1097.1,0.4405
IP01861,make,P05,Northwind,A,813.56,0.3401
IP01862,buy,,Westgate,A,1063.27,0.2164
IP01863,make,P03,Silverleaf,A,1294.39,0.3598
IP01864,buy,,Harbor,A,600.13,0.2941
IP01865,buy,,Crescent,B,933.16,0.4378
IP01866,make,P01,Clearline,C,230.95,0.2885
IP01867,make,P04,Pinnacle,B,335.48,0.2005
IP01868,buy,,Truefield,A,630.17,0.4222
IP01869,make,P03,Summit,C,175.62,0.3163
IP01870,buy,,Crescent,B,598.41,0.3522
IP01871,buy,,Apex,C,183.5,0.2574
IP01872,make,P01,Westgate,A,819.75,0.2383
IP01873,make,P04,Oakridge,C,232.26,0.4218
IP01874,buy,,Harbor,A,1305.73,0.393
IP01875,buy,,Crescent,B,655.92,0.3845
IP01876,buy,,Apex,A,957.41,0.3379
IP01877,buy,,Westgate,C,26.98,0.2384
IP01878,make,P03,Silverleaf,A,976.31,0.3816
IP01879,make,P04,Bluecrest,A,802.39,0.3511
IP01880,buy,,Crescent,C,238.57,0.4055
IP01881,buy,,Clearline,A,757.5,0.2877
IP01882,make,P01,Stonebridge,C,43.04,0.1982
IP01883,make,P05,Truefield,C,149.9,0.3744
IP01884,buy,,Keystone,C,11.8,0.4059
IP01885,buy,,Lakeside,A,1121.16,0.3606
IP01886,make,P03,Evergreen,C,112.11,0.3268
IP01887,make,P02,Riverside,C,51.65,0.2068
IP01888,make,P02,Truefield,A,1329.57,0.4054
IP01889,make,P02,Keystone,A,1161.29,0.3625
IP01890,buy,,Ironwood,A,1492.11,0.4598
IP01891,make,P05,Clearline,A,1213.4,0.3416
IP01892,buy,,Stonebridge,B,418.5,0.2955
IP01893,make,P02,Oakridge,A,1253.64,0.4189
IP01894,make,P02,Summit,B,325.32,0.333
IP01895,buy,,Lakeside,A,1146.04,0.4177
IP01896,make,P04,Clearline,C,38.66,0.3114
IP01897,buy,,Pinnacle,A,600.79,0.289
IP01898,make,P04,Oakridge,A,1293.11,0.4053
IP01899,buy,,Harbor,C,195.85,0.2887
IP01900,buy,,Lakeside,A,587.32,0.3736
IP01901,buy,,Northwind,A,1169.78,0.3343
IP01902,make,P03,Westgate,A,690.21,0.1923
IP01903,buy,,Oakridge,A,1406.78,0.4751
IP01904,make,P01,Summit,A,1140.86,0.3832
IP01905,buy,,Ironwood,A,801.18,0.3546
IP01906,make,P04,Clearline,A,615.87,0.2352
IP01907,make,P04,Pinnacle,A,737.65,0.2603
IP01908,make,P04,Meridian,A,1045.28,0.3205
IP01909,buy,,Bluecrest,A,700.52,0.2884
IP01910,buy,,Ironwood,A,1409.93,0.4019
IP01911,make,P04,Apex,B,401.21,0.2532
IP01912,make,P02,Stonebridge,A,1021.65,0.2047
IP01913,make,P02,Meridian,A,801.87,0.3384
IP01914,buy,,Harbor,A,1169.54,0.3448
IP01915,buy,,Brightwater,A,510.63,0.4874
IP01916,buy,,Evergreen,C,130.41,0.2692
IP01917,buy,,Westgate,C,296.33,0.2233
IP01918,make,P03,Silverleaf,B,745.22,0.4562
IP01919,make,P02,Summit,B,864.23,0.3981
IP01920,buy,,Brightwater,A,641.15,0.4564
IP01921,buy,,Northwind,B,696.29,0.2444
IP01922,make,P01,Stonebridge,C,139.11,0.2286
IP01923,buy,,Silverleaf,A,1245.3,0.4717
IP01924,make,P04,Summit,B,293.68,0.37
IP01925,buy,,Ironwood,A,793.41,0.4217
IP01926,make,P03,Evergreen,C,188.65,0.2922
IP01927,make,P01,Pinnacle,C,262.29,0.2257
IP01928,make,P02,Oakridge,A,926.23,0.384
IP01929,buy,,Bluecrest,A,919.01,0.405
IP01930,buy,,Ironwood,B,621.07,0.4703
IP01931,make,P03,Northwind,A,549.45,0.2337
IP01932,make,P03,Riverside,B,477.27,0.2719
IP01933,make,P05,Silverleaf,A,898.56,0.3453
IP01934,make,P03,Bluecrest,A,715.52,0.4061
IP01935,buy,,Ironwood,A,765.75,0.3822
IP01936,make,P04,Apex,B,399.9,0.2271
IP01937,buy,,Pinnacle,B,438.48,0.2597
IP01938,make,P04,Silverleaf,A,752.15,0.3059
IP01939,buy,,Harbor,A,1270.1,0.402
IP01940,buy,,Ironwood,B,378.46,0.4507
IP01941,make,P01,Apex,A,1171.46,0.3087
IP01942,make,P02,Riverside,B,322.25,0.243
IP01943,make,P01,Silverleaf,A,1273.72,0.476
IP01944,make,P05,Bluecrest,A,1329.82,0.3923
IP01945,buy,,Crescent,B,420.7,0.4131
IP01946,buy,,Northwind,A,997.38,0.2684
IP01947,make,P05,Westgate,B,412.71,0.2826
IP01948,make,P05,Truefield,C,4.82,0.4726
IP01949,make,P04,Keystone,A,716.43,0.2871
IP01950,buy,,Crescent,A,1047.69,0.3594
IP01951,make,P02,Clearline,B,529.77,0.2342
IP01952,make,P01,Pinnacle,C,286.94,0.1991
IP01953,make,P04,Truefield,A,759.36,0.3186
IP01954,make,P03,Harbor,A,696.56,0.3135
IP01955,buy,,Ironwood,A,1579.97,0.4802
IP01956,make,P04,Northwind,C,142.25,0.2637
IP01957,make,P05,Pinnacle,B,398.71,0.2956
IP01958,make,P02,Oakridge,B,846.09,0.4088
IP01959,make,P04,Keystone,A,1275.77,0.3573
IP01960,buy,,Brightwater,A,1059.45,0.4064
IP01961,make,P03,Northwind,B,318.93,0.2504
IP01962,make,P01,Pinnacle,A,709.62,0.2987
IP01963,make,P02,Truefield,C,112.33,0.4069
IP01964,make,P02,Bluecrest,C,233.11,0.3812
IP01965,buy,,Lakeside,B,509.08,0.4006
IP01966,make,P01,Apex,A,1167.73,0.3006
IP01967,make,P04,Stonebridge,B,376.21,0.2227
IP01968,make,P01,Meridian,B,408.16,0.4512
IP01969,buy,,Keystone,B,231.42,0.3836
IP01970,buy,,Ironwood,A,849.87,0.5236
IP01971,buy,,Clearline,A,931.9,0.3273
IP01972,make,P03,Riverside,A,646.12,0.2164
IP01973,make,P02,Silverleaf,C,270.11,0.3707
IP01974,make,P04,Bluecrest,A,1311.03,0.3788
IP01975,buy,,Ironwood,A,1220.88,0.3926
IP01976,buy,,Apex,A,929.1,0.3071
IP01977,buy,,Riverside,B,408.42,0.234
IP01978,make,P03,Truefield,B,439.5,0.3798
IP01979,buy,,Keystone,A,660.83,0.3158
IP01980,buy,,Ironwood,C,52.07,0.4024
IP01981,buy,,Clearline,C,63.15,0.3318
IP01982,buy,,Pinnacle,A,1037.88,0.2845
IP01983,buy,,Oakridge,B,537.65,0.439
IP01984,make,P03,Bluecrest,A,1168.41,0.3941
IP01985,buy,,Crescent,B,286.83,0.4084
IP01986,make,P05,Apex,A,574.66,0.314
IP01987,buy,,Pinnacle,A,835.26,0.2182
IP01988,make,P02,Oakridge,B,298.0,0.3662
IP01989,make,P02,Bluecrest,B,413.56,0.4137
IP01990,buy,,Ironwood,B,256.91,0.3736
IP01991,make,P03,Apex,C,12.92,0.3148
IP01992,buy,,Pinnacle,A,981.59,0.1819
IP01993,buy,,Truefield,A,1067.17,0.31
IP01994,make,P03,Bluecrest,A,715.46,0.2984
IP01995,buy,,Crescent,A,452.08,0.4906
IP01996,make,P01,Northwind,B,668.73,0.3173
IP01997,make,P01,Westgate,A,778.89,0.2984
IP01998,buy,,Truefield,A,1013.96,0.4133
IP01999,buy,,Harbor,C,309.22,0.3373
IP02000,buy,,Brightwater,A,886.86,0.4247
IP02001,buy,,Northwind,A,640.18,0.2955
IP02002,buy,,Riverside,B,517.86,0.2754
IP02003,make,P03,Silverleaf,C,214.56,0.3276
IP02004,buy,,Harbor,C,64.74,0.2895
IP02005,buy,,Ironwood,B,682.42,0.3776
IP02006,buy,,Northwind,C,289.45,0.2893
IP02007,make,P05,Westgate,A,953.01,0.2434
IP02008,buy,,Oakridge,A,700.26,0.3943
IP02009,buy,,Bluecrest,C,149.23,0.2974
IP02010,buy,,Crescent,C,241.07,0.4122
IP02011,make,P05,Clearline,A,1201.6,0.3112
IP02012,make,P03,Westgate,C,217.55,0.1816
IP02013,make,P03,Truefield,B,435.12,0.344
IP02014,make,P04,Summit,A,1077.37,0.3395
IP02015,buy,,Brightwater,A,1491.29,0.4535
IP02016,make,P03,Clearline,A,504.52,0.2441
IP02017,buy,,Westgate,A,719.2,0.296
IP02018,make,P02,Meridian,A,906.69,0.3767
IP02019,make,P01,Keystone,B,353.79,0.3699
IP02020,buy,,Ironwood,A,1121.18,0.4664
IP02021,buy,,Clearline,A,1145.9,0.3177
IP02022,buy,,Stonebridge,A,863.36,0.2844
IP02023,make,P01,Truefield,B,358.25,0.3422
IP02024,make,P02,Bluecrest,C,255.77,0.3853
IP02025,buy,,Ironwood,A,1410.86,0.514
IP02026,buy,,Apex,A,830.08,0.2713
IP02027,make,P03,Stonebridge,A,955.93,0.2233
IP02028,make,P02,Truefield,A,735.2,0.3282
IP02029,buy,,Summit,A,958.5,0.2838
IP02030,buy,,Brightwater,A,1219.27,0.5029
IP02031,buy,,Evergreen,A,637.11,0.3098
IP02032,make,P04,Westgate,B,552.73,0.2063
IP02033,make,P03,Oakridge,C,78.87,0.469
IP02034,buy,,Bluecrest,C,45.53,0.4112
IP02035,buy,,Ironwood,B,404.69,0.3883
IP02036,buy,,Apex,B,768.12,0.3337
IP02037,make,P01,Riverside,C,224.15,0.1989
IP02038,make,P02,Silverleaf,B,375.91,0.3768
IP02039,buy,,Bluecrest,A,434.61,0.4163
IP02040,buy,,Lakeside,C,91.82,0.4289
IP02041,make,P01,Northwind,B,373.11,0.3314
IP02042,buy,,Pinnacle,C,186.09,0.2618
IP02043,make,P02,Silverleaf,A,972.14,0.3248
IP02044,make,P05,Keystone,A,685.27,0.3767
IP02045,buy,,Lakeside,B,403.33,0.465
IP02046,buy,,Evergreen,A,949.47,0.323
IP02047,make,P02,Westgate,B,597.83,0.2074
IP02048,make,P02,Meridian,A,652.67,0.3294
IP02049,make,P01,Summit,C,130.57,0.3811
IP02050,buy,,Brightwater,A,1005.96,0.3656
IP02051,make,P03,Northwind,C,142.62,0.2203
IP02052,buy,,Pinnacle,C,457.8,0.2633
IP02053,make,P04,Oakridge,B,640.43,0.3967
IP02054,make,P03,Bluecrest,A,875.52,0.4064
IP02055,buy,,Lakeside,A,1434.39,0.4638
IP02056,make,P02,Evergreen,C,114.46,0.2678
IP02057,make,P01,Pinnacle,A,1026.39,0.2395
IP02058,make,P03,Oakridge,A,1076.24,0.4305
IP02059,make,P01,Summit,A,926.53,0.3216
IP02060,buy,,Crescent,C,77.92,0.4963
IP02061,make,P02,Evergreen,B,803.0,0.2891
IP02062,make,P01,Westgate,B,757.51,0.2142
IP02063,buy,,Silverleaf,A,1011.59,0.3112
IP02064,make,P03,Bluecrest,C,72.44,0.283
IP02065,buy,,Crescent,B,920.03,0.393
IP02066,make,P02,Evergreen,A,1032.02,0.3217
IP02067,make,P01,Stonebridge,C,106.03,0.2094
IP02068,make,P05,Truefield,A,1029.8,0.4215
IP02069,make,P02,Harbor,B,324.72,0.3697
IP02070,buy,,Lakeside,B,595.85,0.4186
IP02071,make,P01,Apex,A,796.65,0.3137
IP02072,buy,,Pinnacle,C,69.63,0.2253
IP02073,buy,,Oakridge,A,1561.88,0.473
IP02074,buy,,Harbor,C,291.95,0.3493
IP02075,make,P05,Brightwater,A,1671.0,0.5197
IP02076,buy,,Evergreen,C,573.76,0.3041
IP02077,buy,,Stonebridge,A,958.05,0.1952
IP02078,buy,,Oakridge,A,1470.83,0.4744
IP02079,make,P04,Harbor,A,745.49,0.2917
IP02080,buy,,Crescent,A,1285.3,0.3551
IP02081,make,P04,Apex,A,744.99,0.277
IP02082,buy,,Westgate,A,992.11,0.2607
IP02083,make,P02,Silverleaf,A,1199.96,0.4397
IP02084,buy,,Summit,A,1422.2,0.4063
IP02085,buy,,Crescent,A,862.64,0.3895
IP02086,make,P05,Northwind,A,665.31,0.3105
IP02087,buy,,Riverside,B,591.34,0.2171
IP02088,make,P03,Oakridge,B,364.42,0.4193
IP02089,buy,,Keystone,A,1013.56,0.3813
IP02090,buy,,Crescent,A,1160.29,0.3657
IP02091,make,P01,Clearline,B,229.25,0.3135
IP02092,make,P02,Westgate,A,683.9,0.2739
IP02093,buy,,Silverleaf,A,1247.11,0.3751
IP02094,buy,,Keystone,A,1184.21,0.3566
IP02095,buy,,Lakeside,B,442.61,0.4834
IP02096,make,P02,Clearline,A,1071.91,0.3154
IP02097,make,P01,Stonebridge,B,785.01,0.1854
IP02098,make,P04,Oakridge,B,262.3,0.3589
IP02099,buy,,Summit,A,440.89,0.2841
IP02100,buy,,Brightwater,B,300.55,0.4876
IP02101,make,P05,Clearline,C,112.28,0.3298
IP02102,buy,,Westgate,C,269.28,0.2278
IP02103,make,P02,Oakridge,C,71.08,0.3976
IP02104,make,P01,Keystone,A,891.64,0.3923
IP02105,buy,,Brightwater,B,282.76,0.3502
IP02106,buy,,Apex,A,522.46,0.2926
IP02107,buy,,Westgate,A,874.83,0.1808
IP02108,buy,,Truefield,A,938.82,0.3982
IP02109,make,P04,Keystone,A,835.27,0.4194
IP02110,buy,,Brightwater,B,647.38,0.5418
IP02111,buy,,Evergreen,A,1028.91,0.3178
IP02112,make,P05,Westgate,B,511.01,0.1927
IP02113,make,P04,Truefield,B,534.57,0.4029
IP02114,buy,,Harbor,A,892.33,0.3022
IP02115,buy,,Ironwood,C,241.84,0.39
IP02116,make,P02,Clearline,A,602.51,0.3231
IP02117,buy,,Stonebridge,C,206.24,0.2644
IP02118,make,P01,Silverleaf,C,448.37,0.4385
IP02119,make,P03,Keystone,A,1074.73,0.366
IP02120,buy,,Lakeside,A,905.96,0.3619
IP02121,make,P04,Northwind,A,981.08,0.3372
IP02122,buy,,Riverside,A,973.84,0.252
IP02123,make,P04,Silverleaf,A,803.91,0.3474
IP02124,make,P04,Bluecrest,A,1084.58,0.3277
IP02125,buy,,Brightwater,A,1329.84,0.4477
IP02126,make,P01,Apex,B,360.44,0.2431
IP02127,make,P02,Stonebridge,A,901.98,0.2069
IP02128,make,P03,Meridian,C,127.99,0.3627
IP02129,make,P04,Summit,C,252.26,0.314
IP02130,buy,,Lakeside,A,700.68,0.4711
IP02131,make,P03,Clearline,B,934.99,0.2646
IP02132,buy,,Westgate,B,436.59,0.2195
IP02133,make,P02,Silverleaf,B,549.33,0.459
IP02134,buy,,Summit,B,412.64,0.3768
IP02135,buy,,Lakeside,C,123.59,0.3908
IP02136,make,P05,Northwind,C,189.43,0.2214
IP02137,buy,,Westgate,C,524.48,0.2484
IP02138,make,P03,Truefield,C,32.66,0.4672
IP02139,make,P02,Harbor,C,104.52,0.348
IP02140,buy,,Ironwood,A,1430.24,0.4223
IP02141,make,P02,Apex,B,677.99,0.2749
IP02142,buy,,Stonebridge,C,71.57,0.2419
IP02143,make,P01,Truefield,B,559.67,0.4138
IP02144,buy,,Bluecrest,A,1043.87,0.3
IP02145,buy,,Crescent,A,1039.78,0.5362
IP02146,buy,,Clearline,A,1059.54,0.2207
IP02147,buy,,Riverside,B,391.44,0.2399
IP02148,make,P03,Truefield,B,527.4,0.4278
IP02149,make,P05,Bluecrest,B,271.36,0.3196
IP02150,buy,,Lakeside,B,319.87,0.4916
IP02151,make,P03,Apex,A,898.77,0.2358
IP02152,make,P03,Stonebridge,A,812.99,0.2742
IP02153,make,P02,Meridian,B,360.06,0.4324
IP02154,make,P03,Summit,A,1306.9,0.3797
IP02155,buy,,Crescent,A,567.49,0.4054
IP02156,make,P03,Clearline,B,321.06,0.3209
IP02157,make,P01,Riverside,A,1074.49,0.2504
IP02158,buy,,Meridian,B,421.77,0.3735
IP02159,buy,,Bluecrest,A,777.45,0.2844
IP02160,buy,,Brightwater,A,543.36,0.3616
IP02161,make,P04,Northwind,A,759.11,0.3223
IP02162,make,P02,Stonebridge,B,345.75,0.2271
IP02163,make,P05,Oakridge,A,728.2,0.4695
IP02164,make,P04,Keystone,C,357.3,0.2873
IP02165,buy,,Ironwood,A,656.32,0.4444
IP02166,make,P02,Apex,A,898.45,0.2633
IP02167,buy,,Riverside,A,971.81,0.2431
IP02168,make,P03,Oakridge,A,989.55,0.3955
IP02169,buy,,Bluecrest,A,1012.24,0.3005
IP02170,buy,,Crescent,A,1034.37,0.3582
IP02171,make,P04,Apex,B,644.53,0.2765
IP02172,make,P01,Westgate,A,879.89,0.1861
IP02173,make,P01,Meridian,C,167.81,0.3471
IP02174,buy,,Keystone,C,393.2,0.3857
IP02175,buy,,Brightwater,C,256.6,0.4931
IP02176,make,P05,Clearline,A,1006.21,0.249
IP02177,buy,,Stonebridge,B,793.0,0.2325
IP02178,make,P02,Meridian,A,949.22,0.4647
IP02179,make,P04,Harbor,C,49.35,0.2983
IP02180,buy,,Brightwater,A,1241.65,0.4401
IP02181,make,P01,Apex,C,235.85,0.2881
IP02182,make,P03,Pinnacle,A,684.2,0.2736
IP02183,buy,,Oakridge,A,745.31,0.3739
IP02184,buy,,Harbor,B,593.1,0.4085
IP02185,buy,,Ironwood,A,1534.08,0.4463
IP02186,make,P04,Clearline,B,371.38,0.3448
IP02187,make,P03,Stonebridge,A,520.43,0.1918
IP02188,make,P04,Meridian,B,478.34,0.4608
IP02189,make,P05,Summit,A,1453.23,0.4165
IP02190,buy,,Brightwater,B,180.1,0.5177
IP02191,buy,,Evergreen,C,208.58,0.3344
IP02192,make,P05,Stonebridge,A,990.82,0.217
IP02193,make,P03,Oakridge,B,615.12,0.3593
IP02194,buy,,Harbor,B,604.79,0.3982
IP02195,buy,,Brightwater,A,660.35,0.3654
IP02196,make,P03,Clearline,B,488.4,0.3308
IP02197,make,P02,Westgate,C,194.14,0.2256
IP02198,make,P01,Oakridge,C,11.71,0.3482
IP02199,buy,,Bluecrest,A,1192.43,0.3541
IP02200,buy,,Lakeside,B,528.78,0.4544
IP02201,make,P03,Evergreen,B,422.45,0.2614
IP02202,make,P03,Riverside,A,917.59,0.2949
IP02203,make,P03,Truefield,C,112.45,0.3558
IP02204,buy,,Harbor,A,701.5,0.3455
IP02205,buy,,Crescent,C,40.31,0.3719
IP02206,make,P04,Clearline,A,1127.76,0.3483
IP02207,make,P05,Pinnacle,C,374.3,0.2371
IP02208,make,P04,Meridian,B,621.6,0.3707
IP02209,buy,,Bluecrest,B,1162.93,0.385
IP02210,buy,,Brightwater,A,684.82,0.3552
IP02211,make,P01,Evergreen,C,48.86,0.2874
IP02212,make,P05,Stonebridge,A,713.46,0.1984
IP02213,make,P05,Silverleaf,B,348.68,0.3837
IP02214,buy,,Bluecrest,A,1029.33,0.3614
IP02215,buy,,Brightwater,A,884.37,0.3636
IP02216,make,P02,Evergreen,C,91.59,0.345
IP02217,buy,,Stonebridge,A,621.42,0.2979
IP02218,buy,,Meridian,A,879.26,0.3636
IP02219,make,P04,Harbor,B,590.03,0.386
IP02220,make,P04,Ironwood,B,687.58,0.3865
IP02221,make,P02,Evergreen,A,715.66,0.3462
IP02222,make,P05,Westgate,A,942.97,0.2244
IP02223,make,P02,Meridian,A,1331.8,0.4079
IP02224,buy,,Bluecrest,C,72.26,0.4116
IP02225,buy,,Crescent,C,331.39,0.3669
IP02226,make,P02,Evergreen,A,928.74,0.3174
IP02227,buy,,Riverside,C,320.84,0.274
IP02228,make,P04,Meridian,A,531.5,0.4499
IP02229,buy,,Bluecrest,A,1094.27,0.3879
IP02230,buy,,Ironwood,C,271.07,0.3858
IP02231,make,P05,Clearline,B,248.93,0.2346
IP02232,buy,,Pinnacle,C,277.39,0.1906
IP02233,buy,,Meridian,A,1024.84,0.4513
IP02234,make,P04,Summit,A,1048.32,0.3121
IP02235,buy,,Brightwater,A,856.07,0.3945
IP02236,buy,,Evergreen,A,698.68,0.2511
IP02237,make,P02,Westgate,A,970.43,0.2749
IP02238,make,P02,Truefield,A,834.62,0.3853
IP02239,make,P04,Summit,A,1183.2,0.356
IP02240,buy,,Ironwood,C,169.99,0.4248
IP02241,buy,,Apex,A,1115.97,0.2722
IP02242,buy,,Riverside,C,191.8,0.2911
IP02243,make,P02,Truefield,A,831.78,0.4153
IP02244,make,P03,Harbor,B,574.49,0.3218
IP02245,buy,,Ironwood,C,93.16,0.3731
IP02246,make,P04,Evergreen,A,723.32,0.2697
IP02247,make,P05,Riverside,A,582.95,0.2629
IP02248,make,P01,Truefield,A,467.69,0.3834
IP02249,buy,,Summit,C,334.78,0.3076
IP02250,buy,,Lakeside,A,994.3,0.3767
IP02251,make,P03,Apex,A,1059.71,0.23
IP02252,make,P01,Pinnacle,C,54.65,0.1983
IP02253,make,P02,Meridian,A,662.86,0.3374
IP02254,make,P05,Bluecrest,C,188.78,0.3476
IP02255,buy,,Lakeside,A,1598.56,0.5287
IP02256,buy,,Apex,B,864.52,0.2201
IP02257,make,P04,Pinnacle,C,83.04,0.2334
IP02258,make,P02,Silverleaf,A,1523.94,0.4757
IP02259,make,P03,Keystone,A,1249.12,0.3444
IP02260,buy,,Crescent,A,1083.88,0.4014
IP02261,buy,,Apex,B,371.24,0.2385
IP02262,make,P05,Westgate,C,202.89,0.27
IP02263,buy,,Silverleaf,A,659.28,0.4148
IP02264,buy,,Bluecrest,A,1408.11,0.397
IP02265,buy,,Crescent,A,1626.38,0.5053
IP02266,make,P02,Clearline,C,304.94,0.304
IP02267,make,P03,Pinnacle,C,347.61,0.2272
IP02268,buy,,Meridian,B,364.9,0.3132
IP02269,buy,,Keystone,B,391.92,0.3387
IP02270,buy,,Ironwood,A,1211.81,0.4885
IP02271,make,P02,Northwind,C,206.38,0.2273
IP02272,make,P04,Stonebridge,C,195.4,0.2434
IP02273,make,P01,Truefield,B,677.37,0.4327
IP02274,buy,,Bluecrest,B,376.55,0.3395
IP02275,buy,,Lakeside,A,778.79,0.4791
IP02276,make,P02,Apex,A,694.34,0.341
IP02277,buy,,Westgate,B,394.17,0.2191
IP02278,make,P02,Silverleaf,B,556.57,0.3705
IP02279,buy,,Bluecrest,B,450.02,0.3069
IP02280,buy,,Crescent,A,820.51,0.505
IP02281,buy,,Clearline,B,358.81,0.3285
IP02282,make,P03,Riverside,A,988.34,0.2339
IP02283,make,P03,Meridian,A,832.13,0.4267
IP02284,buy,,Summit,A,574.88,0.4065
IP02285,buy,,Lakeside,C,194.03,0.4068
IP02286,buy,,Northwind,A,885.63,0.3411
IP02287,make,P03,Stonebridge,A,907.02,0.2831
IP02288,make,P04,Silverleaf,C,194.81,0.4302
IP02289,buy,,Bluecrest,A,500.0,0.2912
IP02290,buy,,Crescent,A,907.52,0.4309
IP02291,make,P01,Clearline,A,601.0,0.317
IP02292,buy,,Westgate,A,910.31,0.2607
IP02293,make,P02,Silverleaf,A,923.72,0.3604
IP02294,make,P01,Bluecrest,B,426.96,0.3421
IP02295,buy,,Crescent,A,830.96,0.5281
IP02296,make,P01,Apex,A,567.5,0.3191
IP02297,buy,,Riverside,B,492.25,0.2658
IP02298,make,P01,Meridian,B,592.95,0.4482
IP02299,buy,,Summit,B,385.99,0.3114
IP02300,buy,,Ironwood,B,626.02,0.4512
IP02301,make,P02,Evergreen,C,82.54,0.2223
IP02302,buy,,Stonebridge,A,993.96,0.2142
IP02303,make,P03,Meridian,A,476.99,0.3565
IP02304,make,P01,Keystone,A,676.31,0.3094
IP02305,buy,,Brightwater,A,704.45,0.4109
IP02306,make,P02,Clearline,A,828.28,0.223
IP02307,buy,,Riverside,A,732.08,0.1899
IP02308,make,P03,Meridian,C,347.01,0.3537
IP02309,make,P03,Harbor,B,491.69,0.366
IP02310,buy,,Brightwater,B,287.2,0.4252
IP02311,buy,,Evergreen,A,815.71,0.3162
IP02312,make,P02,Riverside,C,92.28,0.2177
IP02313,make,P02,Meridian,A,1172.67,0.3275
IP02314,make,P03,Summit,A,559.36,0.2923
IP02315,buy,,Lakeside,A,354.43,0.3854
IP02316,make,P05,Northwind,C,44.17,0.3485
IP02317,buy,,Pinnacle,A,1148.72,0.2797
IP02318,make,P02,Truefield,A,959.89,0.4401
IP02319,buy,,Keystone,B,262.43,0.4145
IP02320,buy,,Crescent,C,150.11,0.5065
IP02321,buy,,Northwind,C,149.79,0.2558
IP02322,make,P01,Pinnacle,C,208.01,0.2932
IP02323,make,P03,Oakridge,C,332.53,0.3113
IP02324,buy,,Keystone,A,1184.77,0.3107
IP02325,buy,,Crescent,A,783.24,0.5393
IP02326,make,P05,Apex,C,169.07,0.2777
IP02327,make,P02,Stonebridge,C,6.54,0.2616
IP02328,make,P03,Meridian,B,530.36,0.391
IP02329,make,P03,Harbor,A,556.28,0.3804
IP02330,buy,,Lakeside,C,2.99,0.3542
IP02331,buy,,Northwind,B,570.87,0.2599
IP02332,make,P02,Stonebridge,A,765.99,0.2896
IP02333,buy,,Silverleaf,A,1206.32,0.3828
IP02334,buy,,Summit,A,1085.15,0.4042
IP02335,buy,,Brightwater,A,1131.83,0.3512
IP02336,make,P03,Clearline,A,557.79,0.289
IP02337,buy,,Westgate,C,138.81,0.2518
IP02338,make,P03,Meridian,A,1356.95,0.4476
IP02339,make,P04,Bluecrest,A,648.87,0.3147
IP02340,buy,,Brightwater,C,114.11,0.4828
IP02341,buy,,Apex,A,891.04,0.3296
IP02342,make,P03,Stonebridge,A,763.8,0.2553
IP02343,make,P02,Silverleaf,A,939.86,0.4544
IP02344,buy,,Keystone,C,66.1,0.3525
IP02345,buy,,Lakeside,A,1384.17,0.4013
IP02346,buy,,Evergreen,A,938.9,0.2894
IP02347,buy,,Stonebridge,B,555.18,0.1981
IP02348,make,P02,Truefield,B,602.06,0.3058
IP02349,make,P01,Harbor,C,179.64,0.3601
IP02350,buy,,Ironwood,B,389.83,0.3717
IP02351,buy,,Northwind,A,873.18,0.2457
IP02352,make,P01,Pinnacle,A,1129.27,0.2621
IP02353,make,P01,Meridian,A,1424.27,0.408
IP02354,buy,,Bluecrest,C,194.38,0.3136
IP02355,buy,,Crescent,A,1100.0,0.4674
IP02356,make,P02,Apex,B,447.04,0.3131
IP02357,make,P01,Westgate,C,42.14,0.21
IP02358,buy,,Oakridge,A,648.19,0.4314
IP02359,buy,,Bluecrest,A,1088.52,0.3578
IP02360,buy,,Brightwater,A,426.2,0.4993
IP02361,make,P01,Evergreen,A,827.45,0.2797
IP02362,make,P02,Stonebridge,A,1146.62,0.2908
IP02363,make,P04,Silverleaf,B,510.92,0.4451
IP02364,make,P02,Summit,A,1183.91,0.3231
IP02365,buy,,Lakeside,A,1410.08,0.5297
IP02366,make,P05,Northwind,A,934.58,0.2625
IP02367,buy,,Stonebridge,C,69.84,0.2494
IP02368,buy,,Truefield,B,624.5,0.3862
IP02369,buy,,Summit,B,388.89,0.4058
IP02370,buy,,Crescent,A,798.66,0.4993
IP02371,make,P02,Evergreen,A,529.5,0.2715
IP02372,make,P01,Westgate,C,73.03,0.2088
IP02373,make,P02,Truefield,A,687.59,0.4756
IP02374,buy,,Summit,A,720.64,0.3363
IP02375,buy,,Crescent,A,991.49,0.4678
IP02376,buy,,Apex,B,847.22,0.2523
IP02377,buy,,Stonebridge,A,1009.7,0.2148
IP02378,make,P02,Truefield,A,1059.16,0.4302
IP02379,make,P05,Summit,A,1351.53,0.4056
IP02380,buy,,Ironwood,C,170.69,0.3972
IP02381,buy,,Evergreen,C,116.62,0.2504
IP02382,make,P01,Westgate,B,309.01,0.2767
IP02383,make,P05,Meridian,B,347.24,0.385
IP02384,make,P02,Keystone,A,950.4,0.3248
IP02385,buy,,Brightwater,B,555.33,0.5156
IP02386,buy,,Evergreen,A,786.0,0.3265
IP02387,make,P02,Pinnacle,B,524.96,0.1867
IP02388,make,P02,Meridian,A,1207.47,0.3056
IP02389,make,P04,Bluecrest,A,882.69,0.3079
IP02390,buy,,Crescent,C,280.17,0.3505
IP02391,make,P05,Apex,B,565.3,0.2678
IP02392,make,P04,Pinnacle,C,206.98,0.1975
IP02393,make,P05,Truefield,A,888.61,0.3592
IP02394,make,P03,Summit,B,548.92,0.3769
IP02395,buy,,Lakeside,A,1004.55,0.5362
IP02396,buy,,Clearline,B,492.07,0.2836
IP02397,buy,,Westgate,C,73.97,0.2861
IP02398,make,P05,Silverleaf,A,973.94,0.3865
IP02399,buy,,Bluecrest,C,218.95,0.352
IP02400,make,P04,Crescent,C,68.7,0.3766
IP02401,buy,,Northwind,B,327.56,0.238
IP02402,buy,,Pinnacle,B,358.07,0.2473
IP02403,make,P02,Silverleaf,A,890.37,0.37
IP02404,buy,,Summit,C,157.56,0.3991
IP02405,buy,,Brightwater,A,1798.38,0.5375
IP02406,make,P04,Apex,A,844.99,0.3063
IP02407,buy,,Westgate,A,1112.21,0.2987
IP02408,make,P01,Oakridge,B,278.38,0.457
IP02409,buy,,Summit,A,1213.49,0.3869
IP02410,buy,,Lakeside,B,996.0,0.3545
IP02411,buy,,Apex,C,26.7,0.3408
IP02412,buy,,Westgate,B,728.43,0.1811
IP02413,make,P05,Oakridge,B,630.05,0.3039
IP02414,make,P02,Harbor,B,406.59,0.3146
IP02415,buy,,Lakeside,A,1198.42,0.538
IP02416,make,P02,Clearline,A,688.8,0.35
IP02417,buy,,Stonebridge,A,1081.58,0.2872
IP02418,make,P02,Meridian,A,1017.67,0.4517
IP02419,make,P01,Bluecrest,A,841.42,0.3397
IP02420,buy,,Crescent,A,752.03,0.5224
IP02421,make,P05,Apex,B,755.52,0.2565
IP02422,buy,,Pinnacle,A,953.59,0.2097
IP02423,make,P01,Meridian,C,354.39,0.3745
IP02424,buy,,Harbor,A,952.04,0.3196
IP02425,buy,,Crescent,C,233.52,0.3637
IP02426,buy,,Evergreen,C,108.87,0.3226
IP02427,buy,,Westgate,A,777.07,0.2801
IP02428,make,P04,Silverleaf,A,1045.23,0.3267
IP02429,buy,,Harbor,B,537.91,0.2989
IP02430,buy,,Lakeside,A,988.45,0.5263
IP02431,make,P02,Evergreen,C,196.94,0.3423
IP02432,make,P02,Pinnacle,C,166.16,0.2628
IP02433,make,P02,Truefield,A,653.42,0.3126
IP02434,make,P02,Bluecrest,B,658.42,0.2919
IP02435,make,P01,Lakeside,A,990.91,0.4709
IP02436,buy,,Apex,A,602.55,0.3295
IP02437,make,P04,Pinnacle,C,235.44,0.2082
IP02438,make,P02,Meridian,A,1327.22,0.374
IP02439,buy,,Harbor,C,117.89,0.3667
IP02440,make,P03,Brightwater,A,680.19,0.4044
IP02441,make,P04,Apex,A,1172.48,0.2884
IP02442,make,P02,Stonebridge,C,155.16,0.2953
IP02443,make,P03,Oakridge,C,27.89,0.4389
IP02444,buy,,Keystone,A,1040.34,0.3778
IP02445,buy,,Crescent,A,1324.98,0.3736
IP02446,buy,,Northwind,A,955.77,0.2268
IP02447,make,P02,Westgate,B,424.29,0.2574
IP02448,make,P04,Meridian,A,557.97,0.3612
IP02449,make,P05,Bluecrest,A,743.57,0.3993
IP02450,buy,,Lakeside,A,653.03,0.5137
IP02451,buy,,Clearline,A,1044.86,0.2916
IP02452,buy,,Stonebridge,A,1037.14,0.2372
IP02453,make,P03,Meridian,B,366.13,0.3079
IP02454,buy,,Harbor,A,567.96,0.3643
IP02455,buy,,Lakeside,C,81.3,0.4909
IP02456,make,P01,Apex,A,1184.04,0.3025
IP02457,make,P04,Stonebridge,C,250.03,0.2668
IP02458,make,P01,Meridian,A,1262.21,0.4242
IP02459,make,P02,Bluecrest,A,580.75,0.3892
IP02460,buy,,Lakeside,A,890.64,0.4425
IP02461,make,P02,Evergreen,A,735.01,0.2779
IP02462,buy,,Riverside,B,471.69,0.2063
IP02463,make,P05,Silverleaf,A,1535.02,0.4766
IP02464,buy,,Bluecrest,A,680.65,0.322
IP02465,buy,,Lakeside,B,381.96,0.501
IP02466,make,P05,Evergreen,B,554.89,0.3135
IP02467,buy,,Westgate,A,601.51,0.2902
IP02468,make,P03,Oakridge,B,405.15,0.4422
IP02469,buy,,Harbor,A,1183.53,0.3456
IP02470,buy,,Lakeside,B,684.43,0.4123
IP02471,make,P01,Clearline,A,1151.82,0.2796
IP02472,buy,,Stonebridge,A,1104.36,0.2986
IP02473,make,P04,Silverleaf,A,800.38,0.4409
IP02474,make,P04,Keystone,A,852.98,0.3645
IP02475,buy,,Ironwood,B,328.55,0.3633
IP02476,buy,,Evergreen,A,746.23,0.2563
IP02477,buy,,Riverside,C,131.97,0.1985
IP02478,buy,,Truefield,A,1389.27,0.4494
IP02479,buy,,Harbor,A,1098.93,0.3951
IP02480,buy,,Brightwater,B,503.83,0.4563
IP02481,buy,,Apex,A,968.9,0.3112
IP02482,buy,,Westgate,A,1046.36,0.2108
IP02483,make,P03,Silverleaf,A,873.28,0.3551
IP02484,buy,,Bluecrest,A,1027.25,0.3777
IP02485,buy,,Crescent,A,1157.68,0.4307
IP02486,buy,,Apex,C,164.94,0.3123
IP02487,make,P03,Riverside,B,645.47,0.2711
IP02488,make,P02,Oakridge,A,1200.74,0.3362
IP02489,buy,,Summit,B,335.42,0.2804
IP02490,buy,,Lakeside,A,760.64,0.4698
IP02491,make,P01,Evergreen,C,240.97,0.2429
IP02492,make,P01,Westgate,A,1109.09,0.2517
IP02493,make,P02,Truefield,A,1522.17,0.4516
IP02494,make,P01,Bluecrest,B,463.01,0.3168
IP02495,make,P01,Crescent,A,1625.79,0.5092
IP02496,make,P02,Apex,A,512.0,0.2808
IP02497,buy,,Pinnacle,A,1155.9,0.27
IP02498,make,P03,Meridian,A,1349.43,0.4082
IP02499,buy,,Keystone,B,420.41,0.3287
IP02500,buy,,Ironwood,B,532.08,0.4779
