decision_id,event_id,decided_at,decided_by_role,decision_type,options_considered_json,chosen_option,rationale_text,expected_cost,expected_stockout_days,actual_cost,actual_stockout_days,outcome_label,outcome_assessed_at,lesson_text,footprint_ids,outcome_attribution
DEC00001,EVT00001,2023-01-02,Supply Planner,reallocate_stock,"[{""option"":""reallocate_stock"",""est_cost"":123.62,""est_stockout_days"":0.0,""risk"":""low"",""note"":""move 16 units W012->W003""},{""option"":""expedite"",""est_cost"":370.86,""est_stockout_days"":0.0,""risk"":""medium"",""note"":""expedite next inbound PO""},{""option"":""accept_delay"",""est_cost"":890.62,""est_stockout_days"":1.0,""risk"":""medium"",""note"":""wait for replenishment""}]",reallocate_stock,Chose reallocate_stock: expected 0 stockout days / $124. Alternatives: expedite ~0d / $371 (medium risk); accept_delay ~1d / $891 (medium risk). Midwest DC 03 (W003) had 76 units vs ROP 267; source Canada DC 12 (W012).,123.62,0.0,123.62,0.0,partial,2023-01-31,"Sound call ex-ante (lowest expected cost) but the source DC ran down to or below its reorder point: 0 days, $124 vs $124. No process change; keep the option open.","[""T0003758"",""M00078497"",""M00078498""]",bad_luck
DEC00002,EVT00004,2023-02-01,Buyer,expedite,"[{""option"":""expedite"",""est_cost"":10070.7,""est_stockout_days"":0.0,""risk"":""low"",""note"":""supplier premium 12% of line value""},{""option"":""accept_delay"",""est_cost"":0.0,""est_stockout_days"":0.0,""risk"":""medium"",""note"":""on hand 130 vs ROP 241""},{""option"":""reallocate_stock"",""est_cost"":503.53,""est_stockout_days"":0.0,""risk"":""medium"",""note"":""pull units from another DC""}]",expedite,"Chose expedite: expected 0 stockout days / $10,071. Alternatives: accept_delay ~0d / $0 (medium risk); reallocate_stock ~0d / $504 (medium risk). On hand 130 vs reorder point 241 at Southeast DC 05 (W005).",10070.7,0.0,10070.7,0.0,partial,2023-02-15,"Sound call ex-ante (lowest expected cost) but the supplier missed the expedited date anyway: 0 days, $10,071 vs $10,071. No process change; keep the option open.","[""PO017140"",""M00048857""]",bad_luck
DEC00003,EVT00005,2023-02-02,Buyer,expedite,"[{""option"":""expedite"",""est_cost"":17415.59,""est_stockout_days"":0.0,""risk"":""low"",""note"":""supplier premium 12% of line value""},{""option"":""accept_delay"",""est_cost"":0.0,""est_stockout_days"":0.0,""risk"":""medium"",""note"":""on hand 259 vs ROP 330""},{""option"":""reallocate_stock"",""est_cost"":870.78,""est_stockout_days"":0.0,""risk"":""medium"",""note"":""pull units from another DC""}]",expedite,"Chose expedite: expected 0 stockout days / $17,416. Alternatives: accept_delay ~0d / $0 (medium risk); reallocate_stock ~0d / $871 (medium risk). On hand 259 vs reorder point 330 at Southeast DC 05 (W005).",17415.59,0.0,17415.59,0.0,success,2023-02-13,"expedite for Supplier 103 (SUP0103) worked: 0 stockout days, $17,416 vs $17,416 planned.","[""PO010489"",""M00029859""]",as_expected
DEC00004,EVT00010,2023-02-09,Buyer,expedite,"[{""option"":""expedite"",""est_cost"":40025.28,""est_stockout_days"":0.0,""risk"":""low"",""note"":""supplier premium 12% of line value""},{""option"":""accept_delay"",""est_cost"":0.0,""est_stockout_days"":0.0,""risk"":""medium"",""note"":""on hand 268 vs ROP 423""},{""option"":""reallocate_stock"",""est_cost"":2001.26,""est_stockout_days"":0.0,""risk"":""medium"",""note"":""pull units from another DC""}]",expedite,"Chose expedite: expected 0 stockout days / $40,025. Alternatives: accept_delay ~0d / $0 (medium risk); reallocate_stock ~0d / $2,001 (medium risk). On hand 268 vs reorder point 423 at Southeast DC 05 (W005).",40025.28,0.0,40025.28,0.0,partial,2023-02-22,"Sound call ex-ante (lowest expected cost) but the supplier missed the expedited date anyway: 0 days, $40,025 vs $40,025. No process change; keep the option open.","[""PO014731"",""M00042015""]",bad_luck
DEC00005,EVT00017,2023-02-20,Buyer,expedite,"[{""option"":""expedite"",""est_cost"":15828.59,""est_stockout_days"":0.0,""risk"":""low"",""note"":""supplier premium 12% of line value""},{""option"":""accept_delay"",""est_cost"":0.0,""est_stockout_days"":0.0,""risk"":""medium"",""note"":""on hand 106 vs ROP 383""},{""option"":""reallocate_stock"",""est_cost"":791.43,""est_stockout_days"":0.0,""risk"":""medium"",""note"":""pull units from another DC""}]",expedite,"Chose expedite: expected 0 stockout days / $15,829. Alternatives: accept_delay ~0d / $0 (medium risk); reallocate_stock ~0d / $791 (medium risk). On hand 106 vs reorder point 383 at Southeast DC 05 (W005).",15828.59,0.0,15828.59,0.0,partial,2023-03-07,"Sound call ex-ante (lowest expected cost) but the supplier missed the expedited date anyway: 0 days, $15,829 vs $15,829. No process change; keep the option open.","[""PO016185"",""M00046127""]",bad_luck
DEC00006,EVT00024,2023-02-23,Category Manager,switch_supplier,"[{""option"":""accept_delay"",""est_cost"":39.48,""est_stockout_days"":11.0,""risk"":""low"",""note"":""supplier ETA 2023-03-13""},{""option"":""expedite"",""est_cost"":82.65,""est_stockout_days"":0.0,""risk"":""medium"",""note"":""air freight quote 23% of lot value, ~4 days door-to-door""},{""option"":""reallocate_stock"",""est_cost"":1.43,""est_stockout_days"":0.0,""risk"":""medium"",""note"":""inter-plant transfer from P01 (~3 days)""},{""option"":""switch_supplier"",""est_cost"":62.74,""est_stockout_days"":2.0,""risk"":""medium"",""note"":""spot lot from SUP0139 in ~6 days""}]",switch_supplier + cancel original PO,Chose switch_supplier + cancel original PO: expected 2 stockout days / $63. Alternatives: accept_delay ~11d / $39 (low risk); expedite ~0d / $83 (medium risk); reallocate_stock ~0d / $1 (medium risk). Supplier ETA was 2023-03-13; lot value $365. Original PO cancelled once the spot lot was confirmed.,62.74,2.0,62.74,2.0,success,2023-03-11,"switch supplier for SAP Surface-crosslinked Grade Grade C (RM0058) at Maplewood Plant (P02) worked: 2 stockout days, $63 vs $63 planned.","[""REV000027"",""REV000028"",""RPO000267"",""RPO000606"",""RPO001129"",""PR0000720""]",as_expected
DEC00007,EVT00020,2023-02-23,Buyer,cancel_po,"[{""option"":""cancel_po"",""est_cost"":1077.48,""est_stockout_days"":0.0,""risk"":""low"",""note"":""stock 1.8x ROP""},{""option"":""accept_delay"",""est_cost"":5313.58,""est_stockout_days"":0.0,""risk"":""low"",""note"":""keep PO, carry the stock""},{""option"":""reduce_allocation"",""est_cost"":3195.53,""est_stockout_days"":0.0,""risk"":""low"",""note"":""halve quantities""}]",cancel_po,"Chose cancel_po: expected 0 stockout days / $1,077. Alternatives: accept_delay ~0d / $5,314 (low risk); reduce_allocation ~0d / $3,196 (low risk). Stock at Northeast DC 10 (W010) was 1.8x reorder point.",1077.48,0.0,1077.48,0.0,success,2023-04-24,"cancel po for Supplier 210 (SUP0210) worked: 0 stockout days, $1,077 vs $1,077 planned.","[""PO015467""]",as_expected
DEC00008,EVT00029,2023-02-26,Supply Planner,accept_delay,"[{""option"":""accept_delay"",""est_cost"":1386.58,""est_stockout_days"":0.0,""risk"":""low"",""note"":""accept shortfall of 302 units""},{""option"":""expedite"",""est_cost"":10227.65,""est_stockout_days"":0.0,""risk"":""medium"",""note"":""rush the balance""},{""option"":""renegotiate"",""est_cost"":1500.0,""est_stockout_days"":0.0,""risk"":""medium"",""note"":""claim short-shipment credit""}]",accept_delay,"Chose accept_delay: expected 0 stockout days / $1,387. Alternatives: expedite ~0d / $10,228 (medium risk); renegotiate ~0d / $1,500 (medium risk).",1386.58,0.0,1386.58,0.0,partial,2023-04-27,"Sound call ex-ante (lowest expected cost) but stock ran low before the next replenishment: 0 days, $1,387 vs $1,387. No process change; keep the option open.","[""PO000675"",""M00001885"",""M00001886"",""M00001887""]",bad_luck
DEC00009,EVT00087,2023-02-28,Supply Planner,accept_delay,"[{""option"":""expedite"",""est_cost"":5.01,""est_stockout_days"":0.0,""risk"":""medium"",""note"":""air freight quote 26% of lot value, ~5 days door-to-door""},{""option"":""reallocate_stock"",""est_cost"":0.42,""est_stockout_days"":0.0,""risk"":""medium"",""note"":""inter-plant transfer from P02 (~3 days)""},{""option"":""accept_delay"",""est_cost"":2694.44,""est_stockout_days"":3.0,""risk"":""low"",""note"":""supplier ETA 2023-03-22""}]",accept_delay,"Chose accept_delay: expected 3 stockout days / $2,694. Alternatives: expedite ~0d / $5 (medium risk); reallocate_stock ~0d / $0 (medium risk). Supplier ETA was 2023-03-22; lot value $20.",2694.44,3.0,2694.44,3.0,success,2023-03-29,"accept delay for UV Flexo White (RM0075) at Eastfield Plant (P03) worked: 3 stockout days, $2,694 vs $2,694 planned.","[""REV000173"",""REV000175"",""RPO000413"",""RPO000662"",""PR0001178""]",as_expected
DEC00010,EVT00061,2023-03-11,Buyer,expedite,"[{""option"":""accept_delay"",""est_cost"":13691.19,""est_stockout_days"":22.0,""risk"":""low"",""note"":""supplier ETA 2023-04-14""},{""option"":""reallocate_stock"",""est_cost"":0.4,""est_stockout_days"":0.0,""risk"":""medium"",""note"":""inter-plant transfer from P02 (~3 days)""},{""option"":""expedite"",""est_cost"":1875.02,""est_stockout_days"":3.0,""risk"":""medium"",""note"":""air freight quote 25% of lot value, ~5 days door-to-door""}]",expedite,"Chose expedite: expected 3 stockout days / $1,875. Alternatives: accept_delay ~22d / $13,691 (low risk); reallocate_stock ~0d / $0 (medium risk). Supplier ETA was 2023-04-14; lot value $32.",1875.02,3.0,4986.66,8.0,failed,2023-04-07,"Estimate missed that the material landed later than quoted; actual 8 days / $4,987 vs 3 / $1,875. Widen the check before choosing expedite.","[""REV000167"",""REV000168"",""REV000270"",""REV000274"",""RPO000412"",""RPO000790"",""PR0001303""]",decision_quality
DEC00011,EVT00083,2023-03-14,Buyer,cancel_po,"[{""option"":""cancel_po"",""est_cost"":5409.8,""est_stockout_days"":0.0,""risk"":""medium"",""note"":""stock 0.7x ROP""},{""option"":""accept_delay"",""est_cost"":26678.48,""est_stockout_days"":0.0,""risk"":""low"",""note"":""keep PO, carry the stock""},{""option"":""reduce_allocation"",""est_cost"":16044.14,""est_stockout_days"":0.0,""risk"":""low"",""note"":""halve quantities""}]",cancel_po,"Chose cancel_po: expected 0 stockout days / $5,410. Alternatives: accept_delay ~0d / $26,678 (low risk); reduce_allocation ~0d / $16,044 (low risk). Stock at Midwest DC 09 (W009) was 0.7x reorder point.",5409.8,0.0,5409.8,0.0,partial,2023-05-13,"Estimate missed that demand recovered and stock dipped after the cancellation; actual 0 days / $5,410 vs 0 / $5,410. Widen the check before choosing cancel po.","[""PO015310""]",decision_quality
DEC00012,EVT00138,2023-03-21,Category Manager,switch_supplier,"[{""option"":""accept_delay"",""est_cost"":14945.4,""est_stockout_days"":16.0,""risk"":""low"",""note"":""supplier ETA 2023-05-13""},{""option"":""expedite"",""est_cost"":21.29,""est_stockout_days"":0.0,""risk"":""medium"",""note"":""air freight quote 25% of lot value, ~5 days door-to-door""},{""option"":""reallocate_stock"",""est_cost"":0.7,""est_stockout_days"":0.0,""risk"":""medium"",""note"":""inter-plant transfer from P02 (~3 days)""},{""option"":""switch_supplier"",""est_cost"":5617.55,""est_stockout_days"":6.0,""risk"":""medium"",""note"":""spot lot from SUP0047 in ~17 days""}]",switch_supplier + cancel original PO,"Chose switch_supplier + cancel original PO: expected 6 stockout days / $5,618. Alternatives: accept_delay ~16d / $14,945 (low risk); expedite ~0d / $21 (medium risk); reallocate_stock ~0d / $1 (medium risk). Supplier ETA was 2023-05-13; lot value $85. Original PO cancelled once the spot lot was confirmed.",5617.55,6.0,7485.72,8.0,partial,2023-05-12,"Estimate missed that the material landed later than quoted; actual 8 days / $7,486 vs 6 / $5,618. Widen the check before choosing switch supplier.","[""REV000331"",""REV000339"",""RPO000878"",""RPO001548"",""RPO001776"",""PR0002052""]",decision_quality
DEC00013,EVT00116,2023-03-21,Supply Planner,reallocate_stock,"[{""option"":""reallocate_stock"",""est_cost"":31.53,""est_stockout_days"":0.0,""risk"":""low"",""note"":""move 10 units W010->W002""},{""option"":""expedite"",""est_cost"":94.59,""est_stockout_days"":0.0,""risk"":""medium"",""note"":""expedite next inbound PO""},{""option"":""accept_delay"",""est_cost"":210.76,""est_stockout_days"":1.0,""risk"":""medium"",""note"":""wait for replenishment""}]",reallocate_stock,Chose reallocate_stock: expected 0 stockout days / $32. Alternatives: expedite ~0d / $95 (medium risk); accept_delay ~1d / $211 (medium risk). Southwest DC 02 (W002) had 75 units vs ROP 101; source Northeast DC 10 (W010).,31.53,0.0,31.53,0.0,success,2023-04-19,"reallocate stock for Southwest DC 02 (W002) worked: 0 stockout days, $32 vs $32 planned.","[""T0004626"",""M00084796"",""M00084797""]",as_expected
DEC00014,EVT00142,2023-03-23,Supply Planner,accept_delay,"[{""option"":""expedite"",""est_cost"":23.48,""est_stockout_days"":0.0,""risk"":""medium"",""note"":""air freight quote 22% of lot value, ~4 days door-to-door""},{""option"":""switch_supplier"",""est_cost"":4.43,""est_stockout_days"":0.0,""risk"":""medium"",""note"":""spot lot from SUP0116 in ~19 days""},{""option"":""reallocate_stock"",""est_cost"":1.35,""est_stockout_days"":0.0,""risk"":""medium"",""note"":""inter-plant transfer from P01 (~5 days)""},{""option"":""accept_delay"",""est_cost"":6252.04,""est_stockout_days"":7.0,""risk"":""low"",""note"":""supplier ETA 2023-04-20""}]",accept_delay,"Chose accept_delay: expected 7 stockout days / $6,252. Alternatives: expedite ~0d / $23 (medium risk); switch_supplier ~0d / $4 (medium risk); reallocate_stock ~0d / $1 (medium risk). Supplier ETA was 2023-04-20; lot value $108.",6252.04,7.0,15836.33,7.0,failed,2023-04-27,"Estimate missed that other runs needing the same material were also blocked; actual 7 days / $15,836 vs 7 / $6,252. Widen the check before choosing accept delay.","[""REV000357"",""REV000359"",""RPO001279"",""RPO001624"",""PR0001707""]",decision_quality
DEC00015,EVT00143,2023-03-31,Buyer,expedite,"[{""option"":""expedite"",""est_cost"":5240.83,""est_stockout_days"":0.0,""risk"":""low"",""note"":""supplier premium 12% of line value""},{""option"":""accept_delay"",""est_cost"":0.0,""est_stockout_days"":0.0,""risk"":""medium"",""note"":""on hand 156 vs ROP 482""},{""option"":""reallocate_stock"",""est_cost"":262.04,""est_stockout_days"":0.0,""risk"":""medium"",""note"":""pull units from another DC""}]",expedite,"Chose expedite: expected 0 stockout days / $5,241. Alternatives: accept_delay ~0d / $0 (medium risk); reallocate_stock ~0d / $262 (medium risk). On hand 156 vs reorder point 482 at Southeast DC 05 (W005).",5240.83,0.0,5240.83,0.0,failed,2023-04-25,"Sound call ex-ante (lowest expected cost) but the supplier missed the expedited date anyway: 0 days, $5,241 vs $5,241. No process change; keep the option open.","[""PO017098"",""M00048727""]",bad_luck
DEC00016,EVT00152,2023-04-02,Buyer,expedite,"[{""option"":""expedite"",""est_cost"":42092.98,""est_stockout_days"":0.0,""risk"":""low"",""note"":""supplier premium 12% of line value""},{""option"":""accept_delay"",""est_cost"":0.0,""est_stockout_days"":0.0,""risk"":""medium"",""note"":""on hand 300 vs ROP 367""},{""option"":""reallocate_stock"",""est_cost"":2104.65,""est_stockout_days"":0.0,""risk"":""medium"",""note"":""pull units from another DC""}]",expedite,"Chose expedite: expected 0 stockout days / $42,093. Alternatives: accept_delay ~0d / $0 (medium risk); reallocate_stock ~0d / $2,105 (medium risk). On hand 300 vs reorder point 367 at Southeast DC 05 (W005).",42092.98,0.0,42092.98,0.0,failed,2023-04-23,"Sound call ex-ante (lowest expected cost) but the supplier missed the expedited date anyway: 0 days, $42,093 vs $42,093. No process change; keep the option open.","[""PO005634"",""M00015983""]",bad_luck
DEC00017,EVT00191,2023-04-05,Buyer,expedite,"[{""option"":""accept_delay"",""est_cost"":1680.27,""est_stockout_days"":10.0,""risk"":""low"",""note"":""supplier ETA 2023-04-22""},{""option"":""reallocate_stock"",""est_cost"":0.38,""est_stockout_days"":0.0,""risk"":""medium"",""note"":""inter-plant transfer from P03 (~3 days)""},{""option"":""expedite"",""est_cost"":357.6,""est_stockout_days"":2.0,""risk"":""medium"",""note"":""air freight quote 26% of lot value, ~5 days door-to-door""}]",expedite,"Chose expedite: expected 2 stockout days / $358. Alternatives: accept_delay ~10d / $1,680 (low risk); reallocate_stock ~0d / $0 (medium risk). Supplier ETA was 2023-04-22; lot value $85.",357.6,2.0,2840.65,2.0,failed,2023-04-21,"Estimate missed that other runs needing the same material were also blocked; actual 2 days / $2,841 vs 2 / $358. Widen the check before choosing expedite.","[""REV000383"",""REV000384"",""REV000468"",""REV000471"",""RPO000926"",""RPO001104"",""PR0001698""]",decision_quality
DEC00018,EVT00177,2023-04-08,Buyer,expedite,"[{""option"":""expedite"",""est_cost"":40074.74,""est_stockout_days"":0.0,""risk"":""low"",""note"":""supplier premium 12% of line value""},{""option"":""accept_delay"",""est_cost"":0.0,""est_stockout_days"":0.0,""risk"":""medium"",""note"":""on hand 96 vs ROP 455""},{""option"":""reallocate_stock"",""est_cost"":2003.74,""est_stockout_days"":0.0,""risk"":""medium"",""note"":""pull units from another DC""}]",expedite,"Chose expedite: expected 0 stockout days / $40,075. Alternatives: accept_delay ~0d / $0 (medium risk); reallocate_stock ~0d / $2,004 (medium risk). On hand 96 vs reorder point 455 at Southeast DC 05 (W005).",40074.74,0.0,40074.74,0.0,partial,2023-04-20,"Sound call ex-ante (lowest expected cost) but the supplier missed the expedited date anyway: 0 days, $40,075 vs $40,075. No process change; keep the option open.","[""PO007212"",""M00020467""]",bad_luck
DEC00019,EVT00223,2023-04-10,Supply Planner,accept_delay,"[{""option"":""expedite"",""est_cost"":18.22,""est_stockout_days"":0.0,""risk"":""medium"",""note"":""air freight quote 25% of lot value, ~5 days door-to-door""},{""option"":""reallocate_stock"",""est_cost"":0.93,""est_stockout_days"":0.0,""risk"":""medium"",""note"":""inter-plant transfer from P02 (~3 days)""},{""option"":""accept_delay"",""est_cost"":10477.16,""est_stockout_days"":12.0,""risk"":""low"",""note"":""supplier ETA 2023-05-03""}]",accept_delay,"Chose accept_delay: expected 12 stockout days / $10,477. Alternatives: expedite ~0d / $18 (medium risk); reallocate_stock ~0d / $1 (medium risk). Supplier ETA was 2023-05-03; lot value $73.",10477.16,12.0,10477.16,12.0,success,2023-05-10,"accept delay for Process Cyan Ink (RM0072) at Riverbend Plant (P04) worked: 12 stockout days, $10,477 vs $10,477 planned.","[""REV000500"",""REV000501"",""RPO001369"",""RPO001489"",""PR0001901""]",as_expected
DEC00020,EVT00187,2023-04-10,Supply Planner,reallocate_stock,"[{""option"":""reallocate_stock"",""est_cost"":196.62,""est_stockout_days"":0.0,""risk"":""low"",""note"":""move 25 units W009->W012""},{""option"":""expedite"",""est_cost"":589.86,""est_stockout_days"":0.0,""risk"":""medium"",""note"":""expedite next inbound PO""},{""option"":""accept_delay"",""est_cost"":2043.88,""est_stockout_days"":1.0,""risk"":""medium"",""note"":""wait for replenishment""}]",reallocate_stock,"Chose reallocate_stock: expected 0 stockout days / $197. Alternatives: expedite ~0d / $590 (medium risk); accept_delay ~1d / $2,044 (medium risk). Canada DC 12 (W012) had 443 units vs ROP 452; source Midwest DC 09 (W009).",196.62,0.0,196.62,0.0,partial,2023-05-09,"Sound call ex-ante (lowest expected cost) but the source DC ran down to or below its reorder point: 0 days, $197 vs $197. No process change; keep the option open.","[""T0004716"",""M00085429"",""M00085430""]",bad_luck
DEC00021,EVT00185,2023-04-14,Materials Manager,reallocate_stock,"[{""option"":""accept_delay"",""est_cost"":2833.22,""est_stockout_days"":13.0,""risk"":""low"",""note"":""supplier ETA 2023-04-29""},{""option"":""expedite"",""est_cost"":538.1,""est_stockout_days"":2.0,""risk"":""medium"",""note"":""air freight quote 19% of lot value, ~4 days door-to-door""},{""option"":""switch_supplier"",""est_cost"":3929.15,""est_stockout_days"":18.0,""risk"":""medium"",""note"":""spot lot from SUP0129 in ~20 days""},{""option"":""reallocate_stock"",""est_cost"":437.95,""est_stockout_days"":2.0,""risk"":""medium"",""note"":""inter-plant transfer from P01 (~3 days)""}]",reallocate_stock,"Chose reallocate_stock: expected 2 stockout days / $438. Alternatives: accept_delay ~13d / $2,833 (low risk); expedite ~2d / $538 (medium risk); switch_supplier ~18d / $3,929 (medium risk). Supplier ETA was 2023-04-29; lot value $533.",437.95,2.0,655.89,3.0,partial,2023-04-26,"Sound call ex-ante (lowest expected cost) but the material landed later than quoted: 3 days, $656 vs $438. No process change; keep the option open.","[""REV000443"",""RPO001996"",""RT0000014"",""PR0001790""]",bad_luck
DEC00022,EVT00222,2023-04-23,Buyer,cancel_po,"[{""option"":""cancel_po"",""est_cost"":155.14,""est_stockout_days"":0.0,""risk"":""medium"",""note"":""stock 0.8x ROP""},{""option"":""accept_delay"",""est_cost"":765.06,""est_stockout_days"":0.0,""risk"":""low"",""note"":""keep PO, carry the stock""},{""option"":""reduce_allocation"",""est_cost"":460.1,""est_stockout_days"":0.0,""risk"":""low"",""note"":""halve quantities""}]",cancel_po,Chose cancel_po: expected 0 stockout days / $155. Alternatives: accept_delay ~0d / $765 (low risk); reduce_allocation ~0d / $460 (low risk). Stock at Southeast DC 05 (W005) was 0.8x reorder point.,155.14,0.0,155.14,0.0,partial,2023-06-22,Estimate missed that demand recovered and stock dipped after the cancellation; actual 0 days / $155 vs 0 / $155. Widen the check before choosing cancel po.,"[""PO002783""]",decision_quality
DEC00023,EVT00239,2023-04-29,Buyer,expedite,"[{""option"":""expedite"",""est_cost"":24689.75,""est_stockout_days"":0.0,""risk"":""low"",""note"":""supplier premium 12% of line value""},{""option"":""accept_delay"",""est_cost"":0.0,""est_stockout_days"":0.0,""risk"":""medium"",""note"":""on hand 117 vs ROP 143""},{""option"":""reallocate_stock"",""est_cost"":1234.49,""est_stockout_days"":0.0,""risk"":""medium"",""note"":""pull units from another DC""}]",expedite,"Chose expedite: expected 0 stockout days / $24,690. Alternatives: accept_delay ~0d / $0 (medium risk); reallocate_stock ~0d / $1,234 (medium risk). On hand 117 vs reorder point 143 at Southeast DC 05 (W005).",24689.75,0.0,24689.75,0.0,failed,2023-05-15,"Sound call ex-ante (lowest expected cost) but the supplier missed the expedited date anyway: 0 days, $24,690 vs $24,690. No process change; keep the option open.","[""PO006077"",""M00017214""]",bad_luck
DEC00024,EVT00175,2023-04-30,Quality Lead,substitute_rm,"[{""option"":""substitute_rm"",""est_cost"":3000.0,""est_stockout_days"":0.0,""risk"":""medium"",""note"":""RM0025 after QA trial""},{""option"":""switch_supplier"",""est_cost"":8000.0,""est_stockout_days"":0.0,""risk"":""high"",""note"":""qualify second source for RM0032 (4-6 months)""},{""option"":""build_safety_stock"",""est_cost"":227.24,""est_stockout_days"":1.0,""risk"":""low"",""note"":""extra cover of RM0032""}]",substitute_rm,"Chose substitute_rm: expected 0 stockout days / $3,000. Alternatives: switch_supplier ~0d / $8,000 (high risk); build_safety_stock ~1d / $227 (low risk).",3000.0,0.0,3000.0,20.0,failed,2024-05-20,"Estimate missed that the substitute itself went short; actual 20 days / $3,000 vs 0 / $3,000. Widen the check before choosing substitute rm.","[""BOM003147"",""BOM003148"",""BOM003149"",""BOM003150"",""BOM003151"",""BOM003152""]",decision_quality
DEC00025,EVT00282,2023-05-01,Buyer,expedite,"[{""option"":""accept_delay"",""est_cost"":27053.93,""est_stockout_days"":18.0,""risk"":""low"",""note"":""supplier ETA 2023-05-31""},{""option"":""switch_supplier"",""est_cost"":11.5,""est_stockout_days"":0.0,""risk"":""medium"",""note"":""spot lot from SUP0139 in ~6 days""},{""option"":""reallocate_stock"",""est_cost"":3.56,""est_stockout_days"":0.0,""risk"":""medium"",""note"":""inter-plant transfer from P01 (~6 days)""},{""option"":""expedite"",""est_cost"":13570.16,""est_stockout_days"":9.0,""risk"":""medium"",""note"":""air freight quote 23% of lot value, ~4 days door-to-door""}]",expedite,"Chose expedite: expected 9 stockout days / $13,570. Alternatives: accept_delay ~18d / $27,054 (low risk); switch_supplier ~0d / $12 (medium risk); reallocate_stock ~0d / $4 (medium risk). Supplier ETA was 2023-05-31; lot value $191.",13570.16,9.0,18079.15,12.0,partial,2023-06-01,"Estimate missed that the material landed later than quoted; actual 12 days / $18,079 vs 9 / $13,570. Widen the check before choosing expedite.","[""REV000631"",""REV000633"",""REV000649"",""REV000654"",""RPO002159"",""RPO002709"",""PR0002426""]",decision_quality
DEC00026,EVT00294,2023-05-03,Supply Planner,accept_delay,"[{""option"":""expedite"",""est_cost"":7.67,""est_stockout_days"":0.0,""risk"":""medium"",""note"":""air freight quote 22% of lot value, ~4 days door-to-door""},{""option"":""switch_supplier"",""est_cost"":6123.81,""est_stockout_days"":3.0,""risk"":""medium"",""note"":""spot lot from SUP0116 in ~19 days""},{""option"":""reallocate_stock"",""est_cost"":0.61,""est_stockout_days"":0.0,""risk"":""medium"",""note"":""inter-plant transfer from P01 (~3 days)""},{""option"":""accept_delay"",""est_cost"":12243.78,""est_stockout_days"":6.0,""risk"":""low"",""note"":""supplier ETA 2023-05-25""}]",accept_delay,"Chose accept_delay: expected 6 stockout days / $12,244. Alternatives: expedite ~0d / $8 (medium risk); switch_supplier ~3d / $6,124 (medium risk); reallocate_stock ~0d / $1 (medium risk). Supplier ETA was 2023-05-25; lot value $35.",12243.78,6.0,12243.78,6.0,success,2023-06-01,"accept delay for TPE Overmold Grade Grade B (RM0087) at Maplewood Plant (P02) worked: 6 stockout days, $12,244 vs $12,244 planned.","[""REV000660"",""REV000662"",""RPO002241"",""RPO002557"",""PR0002555""]",as_expected
DEC00027,EVT00283,2023-05-05,Supply Planner,accept_delay,"[{""option"":""expedite"",""est_cost"":22.13,""est_stockout_days"":0.0,""risk"":""medium"",""note"":""air freight quote 19% of lot value, ~4 days door-to-door""},{""option"":""switch_supplier"",""est_cost"":5.73,""est_stockout_days"":0.0,""risk"":""medium"",""note"":""spot lot from SUP0177 in ~20 days""},{""option"":""reallocate_stock"",""est_cost"":2.05,""est_stockout_days"":0.0,""risk"":""medium"",""note"":""inter-plant transfer from P01 (~3 days)""},{""option"":""accept_delay"",""est_cost"":8428.28,""est_stockout_days"":8.0,""risk"":""low"",""note"":""supplier ETA 2023-06-15""}]",accept_delay,"Chose accept_delay: expected 8 stockout days / $8,428. Alternatives: expedite ~0d / $22 (medium risk); switch_supplier ~0d / $6 (medium risk); reallocate_stock ~0d / $2 (medium risk). Supplier ETA was 2023-06-15; lot value $114.",8428.28,8.0,8428.28,8.0,success,2023-06-22,"accept delay for PP Impact Copolymer (RM0076) at Riverbend Plant (P04) worked: 8 stockout days, $8,428 vs $8,428 planned.","[""REV000673"",""RPO002680"",""PR0003059""]",as_expected
DEC00028,EVT00265,2023-05-07,Buyer,expedite,"[{""option"":""expedite"",""est_cost"":9638.5,""est_stockout_days"":0.0,""risk"":""low"",""note"":""supplier premium 12% of line value""},{""option"":""accept_delay"",""est_cost"":0.0,""est_stockout_days"":0.0,""risk"":""medium"",""note"":""on hand 159 vs ROP 342""},{""option"":""reallocate_stock"",""est_cost"":481.92,""est_stockout_days"":0.0,""risk"":""medium"",""note"":""pull units from another DC""}]",expedite,"Chose expedite: expected 0 stockout days / $9,638. Alternatives: accept_delay ~0d / $0 (medium risk); reallocate_stock ~0d / $482 (medium risk). On hand 159 vs reorder point 342 at Southeast DC 05 (W005).",9638.5,0.0,9638.5,0.0,success,2023-05-21,"expedite for Supplier 013 (SUP0013) worked: 0 stockout days, $9,638 vs $9,638 planned.","[""PO012666"",""M00036118""]",as_expected
DEC00029,EVT00274,2023-05-09,Buyer,expedite,"[{""option"":""accept_delay"",""est_cost"":26806.94,""est_stockout_days"":22.0,""risk"":""low"",""note"":""supplier ETA 2023-05-31""},{""option"":""reallocate_stock"",""est_cost"":3655.86,""est_stockout_days"":3.0,""risk"":""medium"",""note"":""inter-plant transfer from P02 (~3 days)""},{""option"":""expedite"",""est_cost"":12189.5,""est_stockout_days"":10.0,""risk"":""medium"",""note"":""air freight quote 26% of lot value, ~5 days door-to-door""}]",expedite,"Chose expedite: expected 10 stockout days / $12,190. Alternatives: accept_delay ~22d / $26,807 (low risk); reallocate_stock ~3d / $3,656 (medium risk). Supplier ETA was 2023-05-31; lot value $18.",12189.5,10.0,13408.0,11.0,partial,2023-05-27,"Estimate missed that the material landed later than quoted; actual 11 days / $13,408 vs 10 / $12,190. Widen the check before choosing expedite.","[""REV000658"",""REV000699"",""RPO001809"",""PR0002321""]",decision_quality
DEC00030,EVT00243,2023-05-10,Materials Manager,reallocate_stock,"[{""option"":""accept_delay"",""est_cost"":7364.64,""est_stockout_days"":21.0,""risk"":""low"",""note"":""supplier ETA 2023-06-02""},{""option"":""expedite"",""est_cost"":759.16,""est_stockout_days"":2.0,""risk"":""medium"",""note"":""air freight quote 23% of lot value, ~4 days door-to-door""},{""option"":""reallocate_stock"",""est_cost"":4209.18,""est_stockout_days"":12.0,""risk"":""medium"",""note"":""inter-plant transfer from P01 (~5 days)""}]",reallocate_stock,"Chose reallocate_stock: expected 12 stockout days / $4,209. Alternatives: accept_delay ~21d / $7,365 (low risk); expedite ~2d / $759 (medium risk). Supplier ETA was 2023-06-02; lot value $255.",4209.18,12.0,4209.18,12.0,success,2023-05-31,"reallocate stock for SAP Sodium Polyacrylate Grade B (RM0055) at Eastfield Plant (P03) worked: 12 stockout days, $4,209 vs $4,209 planned.","[""REV000591"",""REV000593"",""RPO001975"",""RPO002300"",""RT0000034"",""PR0002397""]",as_expected
DEC00031,EVT00291,2023-05-12,Buyer,expedite,"[{""option"":""accept_delay"",""est_cost"":52117.38,""est_stockout_days"":19.0,""risk"":""low"",""note"":""supplier ETA 2023-06-09""},{""option"":""reallocate_stock"",""est_cost"":14.64,""est_stockout_days"":0.0,""risk"":""medium"",""note"":""inter-plant transfer from P02 (~3 days)""},{""option"":""expedite"",""est_cost"":33393.96,""est_stockout_days"":12.0,""risk"":""medium"",""note"":""air freight quote 23% of lot value, ~4 days door-to-door""}]",expedite,"Chose expedite: expected 12 stockout days / $33,394. Alternatives: accept_delay ~19d / $52,117 (low risk); reallocate_stock ~0d / $15 (medium risk). Supplier ETA was 2023-06-09; lot value $2,107.",33393.96,12.0,72789.48,12.0,failed,2023-06-09,"Estimate missed that other runs needing the same material were also blocked; actual 12 days / $72,789 vs 12 / $33,394. Widen the check before choosing expedite.","[""REV000714"",""REV000716"",""REV000719"",""REV000723"",""REV000724"",""REV000726"",""RPO002417"",""RPO002521"",""RPO002739"",""PR0002620""]",decision_quality
DEC00032,EVT00288,2023-05-15,Buyer,expedite,"[{""option"":""expedite"",""est_cost"":30543.59,""est_stockout_days"":0.0,""risk"":""low"",""note"":""supplier premium 12% of line value""},{""option"":""accept_delay"",""est_cost"":0.0,""est_stockout_days"":0.0,""risk"":""medium"",""note"":""on hand 241 vs ROP 244""},{""option"":""reallocate_stock"",""est_cost"":1527.18,""est_stockout_days"":0.0,""risk"":""medium"",""note"":""pull units from another DC""}]",expedite,"Chose expedite: expected 0 stockout days / $30,544. Alternatives: accept_delay ~0d / $0 (medium risk); reallocate_stock ~0d / $1,527 (medium risk). On hand 241 vs reorder point 244 at Southeast DC 05 (W005).",30543.59,0.0,30543.59,0.0,success,2023-05-30,"expedite for Supplier 231 (SUP0231) worked: 0 stockout days, $30,544 vs $30,544 planned.","[""PO008592"",""M00024380""]",as_expected
DEC00033,EVT00292,2023-05-16,Buyer,expedite,"[{""option"":""accept_delay"",""est_cost"":46873.59,""est_stockout_days"":24.0,""risk"":""low"",""note"":""supplier ETA 2023-06-17""},{""option"":""reallocate_stock"",""est_cost"":0.55,""est_stockout_days"":0.0,""risk"":""medium"",""note"":""inter-plant transfer from P02 (~4 days)""},{""option"":""expedite"",""est_cost"":23454.13,""est_stockout_days"":12.0,""risk"":""medium"",""note"":""air freight quote 25% of lot value, ~5 days door-to-door""}]",expedite,"Chose expedite: expected 12 stockout days / $23,454. Alternatives: accept_delay ~24d / $46,874 (low risk); reallocate_stock ~0d / $1 (medium risk). Supplier ETA was 2023-06-17; lot value $69.",23454.13,12.0,23454.13,12.0,success,2023-06-12,"expedite for Process Cyan Ink (RM0072) at Northgate Plant (P05) worked: 12 stockout days, $23,454 vs $23,454 planned.","[""REV000585"",""REV000598"",""REV000599"",""REV000601"",""REV000602"",""REV000739"",""REV000740"",""REV000742"",""REV000743"",""RPO001750"",""RPO001836"",""RPO002075"",""RPO002166"",""PR0002671""]",as_expected
DEC00034,EVT00300,2023-05-18,Supply Planner,reallocate_stock,"[{""option"":""reallocate_stock"",""est_cost"":25.48,""est_stockout_days"":0.0,""risk"":""low"",""note"":""move 7 units W010->W008""},{""option"":""expedite"",""est_cost"":76.43,""est_stockout_days"":0.0,""risk"":""medium"",""note"":""expedite next inbound PO""},{""option"":""accept_delay"",""est_cost"":259.96,""est_stockout_days"":1.0,""risk"":""medium"",""note"":""wait for replenishment""}]",reallocate_stock,Chose reallocate_stock: expected 0 stockout days / $25. Alternatives: expedite ~0d / $76 (medium risk); accept_delay ~1d / $260 (medium risk). Southwest DC 08 (W008) had 394 units vs ROP 459; source Northeast DC 10 (W010).,25.48,0.0,25.48,0.0,partial,2023-06-16,"Sound call ex-ante (lowest expected cost) but the source DC ran down to or below its reorder point: 0 days, $25 vs $25. No process change; keep the option open.","[""T0010141"",""M00124852"",""M00124853""]",bad_luck
DEC00035,EVT00297,2023-05-18,Buyer,expedite,"[{""option"":""expedite"",""est_cost"":3091.7,""est_stockout_days"":0.0,""risk"":""low"",""note"":""supplier premium 12% of line value""},{""option"":""accept_delay"",""est_cost"":0.0,""est_stockout_days"":0.0,""risk"":""medium"",""note"":""on hand 110 vs ROP 254""},{""option"":""reallocate_stock"",""est_cost"":154.59,""est_stockout_days"":0.0,""risk"":""medium"",""note"":""pull units from another DC""}]",expedite,"Chose expedite: expected 0 stockout days / $3,092. Alternatives: accept_delay ~0d / $0 (medium risk); reallocate_stock ~0d / $155 (medium risk). On hand 110 vs reorder point 254 at Southeast DC 05 (W005).",3091.7,0.0,3091.7,0.0,success,2023-05-30,"expedite for Supplier 231 (SUP0231) worked: 0 stockout days, $3,092 vs $3,092 planned.","[""PO008592"",""M00024379""]",as_expected
DEC00036,EVT00298,2023-05-18,Buyer,expedite,"[{""option"":""expedite"",""est_cost"":15851.18,""est_stockout_days"":0.0,""risk"":""low"",""note"":""supplier premium 12% of line value""},{""option"":""accept_delay"",""est_cost"":0.0,""est_stockout_days"":0.0,""risk"":""medium"",""note"":""on hand 137 vs ROP 341""},{""option"":""reallocate_stock"",""est_cost"":792.56,""est_stockout_days"":0.0,""risk"":""medium"",""note"":""pull units from another DC""}]",expedite,"Chose expedite: expected 0 stockout days / $15,851. Alternatives: accept_delay ~0d / $0 (medium risk); reallocate_stock ~0d / $793 (medium risk). On hand 137 vs reorder point 341 at Southeast DC 05 (W005).",15851.18,0.0,15851.18,0.0,success,2023-05-31,"expedite for Supplier 158 (SUP0158) worked: 0 stockout days, $15,851 vs $15,851 planned.","[""PO011597"",""M00033036""]",as_expected
DEC00037,EVT00351,2023-05-27,Supply Planner,accept_delay,"[{""option"":""expedite"",""est_cost"":45.04,""est_stockout_days"":0.0,""risk"":""medium"",""note"":""air freight quote 19% of lot value, ~4 days door-to-door""},{""option"":""switch_supplier"",""est_cost"":14169.74,""est_stockout_days"":7.0,""risk"":""medium"",""note"":""spot lot from SUP0177 in ~20 days""},{""option"":""reallocate_stock"",""est_cost"":5.61,""est_stockout_days"":0.0,""risk"":""medium"",""note"":""inter-plant transfer from P01 (~3 days)""},{""option"":""accept_delay"",""est_cost"":13581.48,""est_stockout_days"":6.0,""risk"":""low"",""note"":""supplier ETA 2023-06-15""}]",accept_delay,"Chose accept_delay: expected 6 stockout days / $13,581. Alternatives: expedite ~0d / $45 (medium risk); switch_supplier ~7d / $14,170 (medium risk); reallocate_stock ~0d / $6 (medium risk). Supplier ETA was 2023-06-15; lot value $233.",13581.48,6.0,13581.48,6.0,success,2023-06-22,"accept delay for PP Impact Copolymer (RM0076) at Riverbend Plant (P04) worked: 6 stockout days, $13,581 vs $13,581 planned.","[""REV000811"",""RPO003334"",""PR0003092""]",as_expected
DEC00038,EVT00317,2023-05-27,Buyer,expedite,"[{""option"":""expedite"",""est_cost"":27456.58,""est_stockout_days"":0.0,""risk"":""low"",""note"":""supplier premium 12% of line value""},{""option"":""accept_delay"",""est_cost"":0.0,""est_stockout_days"":0.0,""risk"":""medium"",""note"":""on hand 262 vs ROP 284""},{""option"":""reallocate_stock"",""est_cost"":1372.83,""est_stockout_days"":0.0,""risk"":""medium"",""note"":""pull units from another DC""}]",expedite,"Chose expedite: expected 0 stockout days / $27,457. Alternatives: accept_delay ~0d / $0 (medium risk); reallocate_stock ~0d / $1,373 (medium risk). On hand 262 vs reorder point 284 at Southeast DC 05 (W005).",27456.58,0.0,27456.58,0.0,success,2023-06-10,"expedite for Supplier 071 (SUP0071) worked: 0 stockout days, $27,457 vs $27,457 planned.","[""PO000504"",""M00001406""]",as_expected
DEC00039,EVT00318,2023-05-27,Buyer,expedite,"[{""option"":""expedite"",""est_cost"":33577.46,""est_stockout_days"":0.0,""risk"":""low"",""note"":""supplier premium 12% of line value""},{""option"":""accept_delay"",""est_cost"":0.0,""est_stockout_days"":0.0,""risk"":""medium"",""note"":""on hand 332 vs ROP 482""},{""option"":""reallocate_stock"",""est_cost"":1678.87,""est_stockout_days"":0.0,""risk"":""medium"",""note"":""pull units from another DC""}]",expedite,"Chose expedite: expected 0 stockout days / $33,577. Alternatives: accept_delay ~0d / $0 (medium risk); reallocate_stock ~0d / $1,679 (medium risk). On hand 332 vs reorder point 482 at Southeast DC 05 (W005).",33577.46,0.0,33577.46,0.0,partial,2023-06-13,"Sound call ex-ante (lowest expected cost) but the supplier missed the expedited date anyway: 0 days, $33,577 vs $33,577. No process change; keep the option open.","[""PO014686"",""M00041910""]",bad_luck
DEC00040,EVT00261,2023-05-28,Quality Lead,substitute_rm,"[{""option"":""substitute_rm"",""est_cost"":5894.24,""est_stockout_days"":0.0,""risk"":""medium"",""note"":""RM0023 after QA trial""},{""option"":""switch_supplier"",""est_cost"":8000.0,""est_stockout_days"":0.0,""risk"":""high"",""note"":""qualify second source for RM0012 (4-6 months)""},{""option"":""build_safety_stock"",""est_cost"":655.82,""est_stockout_days"":1.0,""risk"":""low"",""note"":""extra cover of RM0012""}]",substitute_rm,"Chose substitute_rm: expected 0 stockout days / $5,894. Alternatives: switch_supplier ~0d / $8,000 (high risk); build_safety_stock ~1d / $656 (low risk).",5894.24,0.0,6273.32,4.0,failed,2024-06-17,"Sound call ex-ante (lowest expected cost) but the substitute failed incoming QA more often, adding scrap: 4 days, $6,273 vs $5,894. No process change; keep the option open.","[""BOM006350"",""BOM006351"",""BOM006352"",""BOM006353"",""BOM006354"",""BOM006355"",""BOM006356"",""BOM006357"",""BOM006358""]",bad_luck
DEC00041,EVT00301,2023-05-29,Buyer,expedite,"[{""option"":""accept_delay"",""est_cost"":6277.05,""est_stockout_days"":19.0,""risk"":""low"",""note"":""supplier ETA 2023-06-24""},{""option"":""switch_supplier"",""est_cost"":340.45,""est_stockout_days"":1.0,""risk"":""medium"",""note"":""spot lot from SUP0111 in ~8 days""},{""option"":""reallocate_stock"",""est_cost"":3.15,""est_stockout_days"":0.0,""risk"":""medium"",""note"":""inter-plant transfer from P02 (~3 days)""},{""option"":""expedite"",""est_cost"":1417.84,""est_stockout_days"":4.0,""risk"":""medium"",""note"":""air freight quote 22% of lot value, ~4 days door-to-door""}]",expedite,"Chose expedite: expected 4 stockout days / $1,418. Alternatives: accept_delay ~19d / $6,277 (low risk); switch_supplier ~1d / $340 (medium risk); reallocate_stock ~0d / $3 (medium risk). Supplier ETA was 2023-06-24; lot value $441.",1417.84,4.0,1417.84,4.0,success,2023-06-16,"expedite for Carbon Steel Strip 1075 (RM0102) at Lakeshore Plant (P01) worked: 4 stockout days, $1,418 vs $1,418 planned.","[""REV000603"",""REV000604"",""REV000825"",""REV000828"",""RPO002187"",""RPO002514"",""PR0003002""]",as_expected
DEC00042,EVT00340,2023-06-01,Buyer,expedite,"[{""option"":""accept_delay"",""est_cost"":18817.11,""est_stockout_days"":22.0,""risk"":""low"",""note"":""supplier ETA 2023-06-23""},{""option"":""switch_supplier"",""est_cost"":7712.55,""est_stockout_days"":9.0,""risk"":""medium"",""note"":""spot lot from SUP0107 in ~9 days""},{""option"":""reallocate_stock"",""est_cost"":2570.48,""est_stockout_days"":3.0,""risk"":""medium"",""note"":""inter-plant transfer from P01 (~3 days)""},{""option"":""expedite"",""est_cost"":3461.3,""est_stockout_days"":4.0,""risk"":""medium"",""note"":""air freight quote 19% of lot value, ~4 days door-to-door""}]",expedite,"Chose expedite: expected 4 stockout days / $3,461. Alternatives: accept_delay ~22d / $18,817 (low risk); switch_supplier ~9d / $7,713 (medium risk); reallocate_stock ~3d / $2,570 (medium risk). Supplier ETA was 2023-06-23; lot value $207.",3461.3,4.0,6027.27,7.0,partial,2023-06-15,"Estimate missed that the material landed later than quoted; actual 7 days / $6,027 vs 4 / $3,461. Widen the check before choosing expedite.","[""REV000800"",""REV000849"",""RPO003236"",""PR0002869""]",decision_quality
DEC00043,EVT00336,2023-06-01,Supply Planner,reallocate_stock,"[{""option"":""reallocate_stock"",""est_cost"":6.33,""est_stockout_days"":0.0,""risk"":""low"",""note"":""move 1 units W004->W012""},{""option"":""expedite"",""est_cost"":18.98,""est_stockout_days"":0.0,""risk"":""medium"",""note"":""expedite next inbound PO""},{""option"":""accept_delay"",""est_cost"":47.07,""est_stockout_days"":1.0,""risk"":""medium"",""note"":""wait for replenishment""}]",reallocate_stock,Chose reallocate_stock: expected 0 stockout days / $6. Alternatives: expedite ~0d / $19 (medium risk); accept_delay ~1d / $47 (medium risk). Canada DC 12 (W012) had 107 units vs ROP 178; source Northeast DC 04 (W004).,6.33,0.0,6.33,0.0,partial,2023-06-30,"Sound call ex-ante (lowest expected cost) but the source DC ran down to or below its reorder point: 0 days, $6 vs $6. No process change; keep the option open.","[""T0009705"",""M00121729"",""M00121730""]",bad_luck
DEC00044,EVT00357,2023-06-04,Buyer,expedite,"[{""option"":""accept_delay"",""est_cost"":3817.27,""est_stockout_days"":17.0,""risk"":""low"",""note"":""supplier ETA 2023-06-26""},{""option"":""reallocate_stock"",""est_cost"":0.5,""est_stockout_days"":0.0,""risk"":""medium"",""note"":""inter-plant transfer from P03 (~3 days)""},{""option"":""expedite"",""est_cost"":1805.93,""est_stockout_days"":8.0,""risk"":""medium"",""note"":""air freight quote 26% of lot value, ~5 days door-to-door""}]",expedite,"Chose expedite: expected 8 stockout days / $1,806. Alternatives: accept_delay ~17d / $3,817 (low risk); reallocate_stock ~0d / $0 (medium risk). Supplier ETA was 2023-06-26; lot value $38.",1805.93,8.0,2479.57,11.0,partial,2023-06-27,"Estimate missed that the material landed later than quoted; actual 11 days / $2,480 vs 8 / $1,806. Widen the check before choosing expedite.","[""REV000787"",""REV000788"",""REV000793"",""REV000859"",""REV000861"",""REV000863"",""RPO002439"",""RPO002583"",""RPO002768"",""PR0003096""]",decision_quality
DEC00045,EVT00345,2023-06-04,Buyer,expedite,"[{""option"":""accept_delay"",""est_cost"":12062.76,""est_stockout_days"":16.0,""risk"":""low"",""note"":""supplier ETA 2023-06-22""},{""option"":""switch_supplier"",""est_cost"":13572.98,""est_stockout_days"":18.0,""risk"":""medium"",""note"":""spot lot from SUP0177 in ~20 days""},{""option"":""reallocate_stock"",""est_cost"":754.72,""est_stockout_days"":1.0,""risk"":""medium"",""note"":""inter-plant transfer from P02 (~3 days)""},{""option"":""expedite"",""est_cost"":789.99,""est_stockout_days"":1.0,""risk"":""medium"",""note"":""air freight quote 19% of lot value, ~4 days door-to-door""}]",expedite,"Chose expedite: expected 1 stockout days / $790. Alternatives: accept_delay ~16d / $12,063 (low risk); switch_supplier ~18d / $13,573 (medium risk); reallocate_stock ~1d / $755 (medium risk). Supplier ETA was 2023-06-22; lot value $187.",789.99,1.0,1543.92,2.0,partial,2023-06-15,"Estimate missed that the material landed later than quoted; actual 2 days / $1,544 vs 1 / $790. Widen the check before choosing expedite.","[""REV000786"",""REV000852"",""REV000864"",""RPO003179"",""PR0003031""]",decision_quality
DEC00046,EVT00343,2023-06-04,Buyer,expedite,"[{""option"":""expedite"",""est_cost"":17280.81,""est_stockout_days"":0.0,""risk"":""low"",""note"":""supplier premium 12% of line value""},{""option"":""accept_delay"",""est_cost"":0.0,""est_stockout_days"":0.0,""risk"":""medium"",""note"":""on hand 111 vs ROP 399""},{""option"":""reallocate_stock"",""est_cost"":864.04,""est_stockout_days"":0.0,""risk"":""medium"",""note"":""pull units from another DC""}]",expedite,"Chose expedite: expected 0 stockout days / $17,281. Alternatives: accept_delay ~0d / $0 (medium risk); reallocate_stock ~0d / $864 (medium risk). On hand 111 vs reorder point 399 at Southeast DC 05 (W005).",17280.81,0.0,17280.81,0.0,partial,2023-06-19,"Sound call ex-ante (lowest expected cost) but the supplier missed the expedited date anyway: 0 days, $17,281 vs $17,281. No process change; keep the option open.","[""PO011042"",""M00031417""]",bad_luck
DEC00047,EVT00346,2023-06-05,Buyer,expedite,"[{""option"":""expedite"",""est_cost"":19330.73,""est_stockout_days"":0.0,""risk"":""low"",""note"":""supplier premium 12% of line value""},{""option"":""accept_delay"",""est_cost"":0.0,""est_stockout_days"":0.0,""risk"":""medium"",""note"":""on hand 346 vs ROP 363""},{""option"":""reallocate_stock"",""est_cost"":966.54,""est_stockout_days"":0.0,""risk"":""medium"",""note"":""pull units from another DC""}]",expedite,"Chose expedite: expected 0 stockout days / $19,331. Alternatives: accept_delay ~0d / $0 (medium risk); reallocate_stock ~0d / $967 (medium risk). On hand 346 vs reorder point 363 at Southeast DC 05 (W005).",19330.73,0.0,19330.73,0.0,failed,2023-06-23,"Sound call ex-ante (lowest expected cost) but the supplier missed the expedited date anyway: 0 days, $19,331 vs $19,331. No process change; keep the option open.","[""PO010100"",""M00028716""]",bad_luck
DEC00048,EVT00310,2023-06-07,Materials Manager,reallocate_stock,"[{""option"":""accept_delay"",""est_cost"":3119.98,""est_stockout_days"":12.0,""risk"":""low"",""note"":""supplier ETA 2023-06-21""},{""option"":""expedite"",""est_cost"":533.45,""est_stockout_days"":2.0,""risk"":""medium"",""note"":""air freight quote 21% of lot value, ~4 days door-to-door""},{""option"":""switch_supplier"",""est_cost"":4160.36,""est_stockout_days"":16.0,""risk"":""medium"",""note"":""spot lot from SUP0046 in ~18 days""},{""option"":""reallocate_stock"",""est_cost"":520.38,""est_stockout_days"":2.0,""risk"":""medium"",""note"":""inter-plant transfer from P01 (~6 days)""}]",reallocate_stock,"Chose reallocate_stock: expected 2 stockout days / $520. Alternatives: accept_delay ~12d / $3,120 (low risk); expedite ~2d / $533 (medium risk); switch_supplier ~16d / $4,160 (medium risk). Supplier ETA was 2023-06-21; lot value $63.",520.38,2.0,1300.38,5.0,failed,2023-06-21,"Sound call ex-ante (lowest expected cost) but the material landed later than quoted: 5 days, $1,300 vs $520. No process change; keep the option open.","[""REV000732"",""REV000734"",""RPO002688"",""RPO003012"",""RT0000031"",""PR0003082""]",bad_luck
DEC00049,EVT00394,2023-06-12,Supply Planner,accept_delay,"[{""option"":""expedite"",""est_cost"":6.52,""est_stockout_days"":0.0,""risk"":""medium"",""note"":""air freight quote 26% of lot value, ~5 days door-to-door""},{""option"":""reallocate_stock"",""est_cost"":0.98,""est_stockout_days"":0.0,""risk"":""medium"",""note"":""inter-plant transfer from P02 (~4 days)""},{""option"":""accept_delay"",""est_cost"":1284.79,""est_stockout_days"":3.0,""risk"":""low"",""note"":""supplier ETA 2023-07-02""}]",accept_delay,"Chose accept_delay: expected 3 stockout days / $1,285. Alternatives: expedite ~0d / $7 (medium risk); reallocate_stock ~0d / $1 (medium risk). Supplier ETA was 2023-07-02; lot value $26.",1284.79,3.0,1284.79,3.0,success,2023-07-09,"accept delay for UV Flexo White (RM0075) at Northgate Plant (P05) worked: 3 stockout days, $1,285 vs $1,285 planned.","[""REV000901"",""REV000904"",""RPO002813"",""RPO003053"",""PR0003508""]",as_expected
DEC00050,EVT00370,2023-06-13,Supply Planner,reallocate_stock,"[{""option"":""reallocate_stock"",""est_cost"":13.52,""est_stockout_days"":0.0,""risk"":""low"",""note"":""move 11 units W002->W011""},{""option"":""expedite"",""est_cost"":40.57,""est_stockout_days"":0.0,""risk"":""medium"",""note"":""expedite next inbound PO""},{""option"":""accept_delay"",""est_cost"":122.72,""est_stockout_days"":1.0,""risk"":""medium"",""note"":""wait for replenishment""}]",reallocate_stock,Chose reallocate_stock: expected 0 stockout days / $14. Alternatives: expedite ~0d / $41 (medium risk); accept_delay ~1d / $123 (medium risk). Southeast DC 11 (W011) had 389 units vs ROP 453; source Southwest DC 02 (W002).,13.52,0.0,13.52,0.0,partial,2023-07-12,"Sound call ex-ante (lowest expected cost) but the source DC ran down to or below its reorder point: 0 days, $14 vs $14. No process change; keep the option open.","[""T0006465"",""M00098405"",""M00098406""]",bad_luck
DEC00051,EVT00375,2023-06-15,Buyer,expedite,"[{""option"":""accept_delay"",""est_cost"":4766.56,""est_stockout_days"":13.0,""risk"":""low"",""note"":""supplier ETA 2023-07-06""},{""option"":""switch_supplier"",""est_cost"":4403.71,""est_stockout_days"":12.0,""risk"":""medium"",""note"":""spot lot from SUP0177 in ~20 days""},{""option"":""reallocate_stock"",""est_cost"":1.28,""est_stockout_days"":0.0,""risk"":""medium"",""note"":""inter-plant transfer from P02 (~3 days)""},{""option"":""expedite"",""est_cost"":31.23,""est_stockout_days"":0.0,""risk"":""medium"",""note"":""air freight quote 19% of lot value, ~4 days door-to-door""}]",expedite,"Chose expedite: expected 0 stockout days / $31. Alternatives: accept_delay ~13d / $4,767 (low risk); switch_supplier ~12d / $4,404 (medium risk); reallocate_stock ~0d / $1 (medium risk). Supplier ETA was 2023-07-06; lot value $162.",31.23,0.0,764.54,2.0,failed,2023-07-02,Estimate missed that the material landed later than quoted; actual 2 days / $765 vs 0 / $31. Widen the check before choosing expedite.,"[""REV000897"",""REV000923"",""RPO003513"",""PR0003402""]",decision_quality
DEC00052,EVT00374,2023-06-15,Supply Planner,reallocate_stock,"[{""option"":""reallocate_stock"",""est_cost"":286.83,""est_stockout_days"":0.0,""risk"":""low"",""note"":""move 17 units W012->W007""},{""option"":""expedite"",""est_cost"":860.49,""est_stockout_days"":0.0,""risk"":""medium"",""note"":""expedite next inbound PO""},{""option"":""accept_delay"",""est_cost"":2150.16,""est_stockout_days"":1.0,""risk"":""medium"",""note"":""wait for replenishment""}]",reallocate_stock,"Chose reallocate_stock: expected 0 stockout days / $287. Alternatives: expedite ~0d / $860 (medium risk); accept_delay ~1d / $2,150 (medium risk). West DC 07 (W007) had 175 units vs ROP 283; source Canada DC 12 (W012).",286.83,0.0,286.83,0.0,success,2023-07-14,"reallocate stock for West DC 07 (W007) worked: 0 stockout days, $287 vs $287 planned.","[""T0003802"",""M00078778"",""M00078779""]",as_expected
DEC00053,EVT00378,2023-06-16,Supply Planner,reallocate_stock,"[{""option"":""reallocate_stock"",""est_cost"":89.13,""est_stockout_days"":0.0,""risk"":""low"",""note"":""move 19 units W002->W006""},{""option"":""expedite"",""est_cost"":267.38,""est_stockout_days"":0.0,""risk"":""medium"",""note"":""expedite next inbound PO""},{""option"":""accept_delay"",""est_cost"":880.69,""est_stockout_days"":1.0,""risk"":""medium"",""note"":""wait for replenishment""}]",reallocate_stock,Chose reallocate_stock: expected 0 stockout days / $89. Alternatives: expedite ~0d / $267 (medium risk); accept_delay ~1d / $881 (medium risk). Canada DC 06 (W006) had 174 units vs ROP 213; source Southwest DC 02 (W002).,89.13,0.0,89.13,0.0,success,2023-07-15,"reallocate stock for Canada DC 06 (W006) worked: 0 stockout days, $89 vs $89 planned.","[""T0005194"",""M00089064"",""M00089065""]",as_expected
DEC00054,EVT00383,2023-06-18,Supply Planner,reallocate_stock,"[{""option"":""reallocate_stock"",""est_cost"":124.04,""est_stockout_days"":0.0,""risk"":""low"",""note"":""move 8 units W007->W009""},{""option"":""expedite"",""est_cost"":372.13,""est_stockout_days"":0.0,""risk"":""medium"",""note"":""expedite next inbound PO""},{""option"":""accept_delay"",""est_cost"":905.44,""est_stockout_days"":1.0,""risk"":""medium"",""note"":""wait for replenishment""}]",reallocate_stock,Chose reallocate_stock: expected 0 stockout days / $124. Alternatives: expedite ~0d / $372 (medium risk); accept_delay ~1d / $905 (medium risk). Midwest DC 09 (W009) had 284 units vs ROP 423; source West DC 07 (W007).,124.04,0.0,124.04,0.0,partial,2023-07-17,"Sound call ex-ante (lowest expected cost) but the source DC ran down to or below its reorder point: 0 days, $124 vs $124. No process change; keep the option open.","[""T0006424"",""M00098111"",""M00098112""]",bad_luck
DEC00055,EVT00184,2023-06-21,Category Manager,renegotiate,"[{""option"":""renegotiate"",""est_cost"":2000.0,""est_stockout_days"":0.0,""risk"":""medium"",""note"":""performance agreement with credits""},{""option"":""reduce_allocation"",""est_cost"":6000.0,""est_stockout_days"":0.0,""risk"":""medium"",""note"":""shift volume to second source""},{""option"":""build_safety_stock"",""est_cost"":9000.0,""est_stockout_days"":0.0,""risk"":""low"",""note"":""carry extra cover""}]",renegotiate,"Chose renegotiate: expected 0 stockout days / $2,000. Alternatives: reduce_allocation ~0d / $6,000 (medium risk); build_safety_stock ~0d / $9,000 (low risk).",2000.0,0.0,5693.92,4.0,partial,2024-01-09,"Estimate missed that the supplier kept slipping after the agreement; actual 4 days / $5,694 vs 0 / $2,000. Widen the check before choosing renegotiate.","[""NEG00022""]",decision_quality
DEC00056,EVT00399,2023-06-22,Supply Planner,reallocate_stock,"[{""option"":""reallocate_stock"",""est_cost"":164.71,""est_stockout_days"":0.0,""risk"":""low"",""note"":""move 10 units W006->W004""},{""option"":""expedite"",""est_cost"":494.14,""est_stockout_days"":0.0,""risk"":""medium"",""note"":""expedite next inbound PO""},{""option"":""accept_delay"",""est_cost"":1139.09,""est_stockout_days"":1.0,""risk"":""medium"",""note"":""wait for replenishment""}]",reallocate_stock,"Chose reallocate_stock: expected 0 stockout days / $165. Alternatives: expedite ~0d / $494 (medium risk); accept_delay ~1d / $1,139 (medium risk). Northeast DC 04 (W004) had 106 units vs ROP 311; source Canada DC 06 (W006).",164.71,0.0,164.71,0.0,success,2023-07-21,"reallocate stock for Northeast DC 04 (W004) worked: 0 stockout days, $165 vs $165 planned.","[""T0009446"",""M00119708"",""M00119709""]",as_expected
DEC00057,EVT00406,2023-06-23,Supply Planner,accept_delay,"[{""option"":""expedite"",""est_cost"":3228.48,""est_stockout_days"":2.0,""risk"":""medium"",""note"":""air freight quote 26% of lot value, ~5 days door-to-door""},{""option"":""reallocate_stock"",""est_cost"":0.75,""est_stockout_days"":0.0,""risk"":""medium"",""note"":""inter-plant transfer from P02 (~3 days)""},{""option"":""accept_delay"",""est_cost"":16115.1,""est_stockout_days"":10.0,""risk"":""low"",""note"":""supplier ETA 2023-07-06""}]",accept_delay,"Chose accept_delay: expected 10 stockout days / $16,115. Alternatives: expedite ~2d / $3,228 (medium risk); reallocate_stock ~0d / $1 (medium risk). Supplier ETA was 2023-07-06; lot value $21.",16115.1,10.0,20371.64,10.0,partial,2023-07-13,"Estimate missed that downstream customers had to be put on allocation, adding lost margin; actual 10 days / $20,372 vs 10 / $16,115. Widen the check before choosing accept delay.","[""REV000961"",""RPO002968"",""PR0003448""]",decision_quality
DEC00058,EVT00412,2023-06-26,Supply Planner,reallocate_stock,"[{""option"":""reallocate_stock"",""est_cost"":32.12,""est_stockout_days"":0.0,""risk"":""low"",""note"":""move 2 units W002->W001""},{""option"":""expedite"",""est_cost"":96.36,""est_stockout_days"":0.0,""risk"":""medium"",""note"":""expedite next inbound PO""},{""option"":""accept_delay"",""est_cost"":229.11,""est_stockout_days"":1.0,""risk"":""medium"",""note"":""wait for replenishment""}]",reallocate_stock,Chose reallocate_stock: expected 0 stockout days / $32. Alternatives: expedite ~0d / $96 (medium risk); accept_delay ~1d / $229 (medium risk). West DC 01 (W001) had 186 units vs ROP 265; source Southwest DC 02 (W002).,32.12,0.0,32.12,0.0,partial,2023-07-25,"Sound call ex-ante (lowest expected cost) but the source DC ran down to or below its reorder point: 0 days, $32 vs $32. No process change; keep the option open.","[""T0005673"",""M00092667"",""M00092668""]",bad_luck
DEC00059,EVT00455,2023-06-27,Supply Planner,accept_delay,"[{""option"":""expedite"",""est_cost"":10.74,""est_stockout_days"":0.0,""risk"":""medium"",""note"":""air freight quote 26% of lot value, ~5 days door-to-door""},{""option"":""reallocate_stock"",""est_cost"":1.06,""est_stockout_days"":0.0,""risk"":""medium"",""note"":""inter-plant transfer from P03 (~3 days)""},{""option"":""accept_delay"",""est_cost"":10701.58,""est_stockout_days"":6.0,""risk"":""low"",""note"":""supplier ETA 2023-08-04""}]",accept_delay,"Chose accept_delay: expected 6 stockout days / $10,702. Alternatives: expedite ~0d / $11 (medium risk); reallocate_stock ~0d / $1 (medium risk). Supplier ETA was 2023-08-04; lot value $42.",10701.58,6.0,10701.58,6.0,success,2023-08-11,"accept delay for UV Flexo White (RM0075) at Maplewood Plant (P02) worked: 6 stockout days, $10,702 vs $10,702 planned.","[""REV000992"",""REV000993"",""RPO003083"",""RPO003738"",""PR0004145""]",as_expected
DEC00060,EVT00413,2023-06-27,Buyer,expedite,"[{""option"":""expedite"",""est_cost"":3983.82,""est_stockout_days"":0.0,""risk"":""low"",""note"":""supplier premium 12% of line value""},{""option"":""accept_delay"",""est_cost"":0.0,""est_stockout_days"":0.0,""risk"":""medium"",""note"":""on hand 87 vs ROP 295""},{""option"":""reallocate_stock"",""est_cost"":199.19,""est_stockout_days"":0.0,""risk"":""medium"",""note"":""pull units from another DC""}]",expedite,"Chose expedite: expected 0 stockout days / $3,984. Alternatives: accept_delay ~0d / $0 (medium risk); reallocate_stock ~0d / $199 (medium risk). On hand 87 vs reorder point 295 at Southeast DC 05 (W005).",3983.82,0.0,3983.82,0.0,success,2023-07-11,"expedite for Supplier 170 (SUP0170) worked: 0 stockout days, $3,984 vs $3,984 planned.","[""PO009245"",""M00026235""]",as_expected
DEC00061,EVT00419,2023-07-01,Buyer,expedite,"[{""option"":""accept_delay"",""est_cost"":12068.7,""est_stockout_days"":20.0,""risk"":""low"",""note"":""supplier ETA 2023-07-27""},{""option"":""switch_supplier"",""est_cost"":1236.56,""est_stockout_days"":2.0,""risk"":""medium"",""note"":""spot lot from SUP0111 in ~8 days""},{""option"":""reallocate_stock"",""est_cost"":9.32,""est_stockout_days"":0.0,""risk"":""medium"",""note"":""inter-plant transfer from P02 (~3 days)""},{""option"":""expedite"",""est_cost"":4436.89,""est_stockout_days"":4.0,""risk"":""medium"",""note"":""air freight quote 22% of lot value, ~4 days door-to-door""}]",expedite,"Chose expedite: expected 4 stockout days / $4,437. Alternatives: accept_delay ~20d / $12,069 (low risk); switch_supplier ~2d / $1,237 (medium risk); reallocate_stock ~0d / $9 (medium risk). Supplier ETA was 2023-07-27; lot value $738.",4436.89,4.0,5505.83,5.0,partial,2023-07-19,Same move worked on 2023-05-29 (CAS00695) but not here - conditions differed (co_victims): the material landed later than quoted. Check co_victims before reusing a precedent.,"[""REV000951"",""REV000997"",""REV000999"",""REV001018"",""REV001020"",""RPO003484"",""RPO003804"",""PR0003683""]",context_shift
DEC00062,EVT00361,2023-07-02,Quality Lead,substitute_rm,"[{""option"":""substitute_rm"",""est_cost"":4037.59,""est_stockout_days"":5.0,""risk"":""medium"",""note"":""RM0016 after QA trial""},{""option"":""switch_supplier"",""est_cost"":8000.0,""est_stockout_days"":0.0,""risk"":""high"",""note"":""qualify second source for RM0022 (4-6 months)""},{""option"":""build_safety_stock"",""est_cost"":954.96,""est_stockout_days"":1.0,""risk"":""low"",""note"":""extra cover of RM0022""}]",substitute_rm,"Chose substitute_rm: expected 5 stockout days / $4,038. Alternatives: switch_supplier ~0d / $8,000 (high risk); build_safety_stock ~1d / $955 (low risk).",4037.59,5.0,4152.87,0.0,success,2024-07-22,"substitute rm for Vanilla Musk Base Grade B (RM0022) at Riverbend Plant (P04) worked: 0 stockout days, $4,153 vs $4,038 planned.","[""BOM002751"",""BOM002752"",""BOM002753"",""BOM002754"",""BOM002755"",""BOM002756"",""BOM002757"",""BOM002758"",""BOM002759""]",as_expected
DEC00063,EVT00460,2023-07-09,Supply Planner,accept_delay,"[{""option"":""expedite"",""est_cost"":80.15,""est_stockout_days"":0.0,""risk"":""medium"",""note"":""air freight quote 22% of lot value, ~4 days door-to-door""},{""option"":""switch_supplier"",""est_cost"":1.52,""est_stockout_days"":0.0,""risk"":""medium"",""note"":""spot lot from SUP0111 in ~8 days""},{""option"":""reallocate_stock"",""est_cost"":0.46,""est_stockout_days"":0.0,""risk"":""medium"",""note"":""inter-plant transfer from P01 (~3 days)""},{""option"":""accept_delay"",""est_cost"":977.1,""est_stockout_days"":9.0,""risk"":""low"",""note"":""supplier ETA 2023-07-26""}]",accept_delay,Chose accept_delay: expected 9 stockout days / $977. Alternatives: expedite ~0d / $80 (medium risk); switch_supplier ~0d / $2 (medium risk); reallocate_stock ~0d / $0 (medium risk). Supplier ETA was 2023-07-26; lot value $367.,977.1,9.0,6857.87,9.0,failed,2023-08-02,Same move worked on 2023-05-03 (CAS01273) but not here - conditions differed (co_victims): other runs needing the same material were also blocked. Check co_victims before reusing a precedent.,"[""REV001066"",""REV001069"",""RPO003535"",""RPO003847"",""PR0003895""]",context_shift
DEC00064,EVT00499,2023-07-10,Supply Planner,accept_delay,"[{""option"":""expedite"",""est_cost"":283.75,""est_stockout_days"":0.0,""risk"":""medium"",""note"":""air freight quote 25% of lot value, ~5 days door-to-door""},{""option"":""switch_supplier"",""est_cost"":19.43,""est_stockout_days"":0.0,""risk"":""medium"",""note"":""spot lot from SUP0249 in ~23 days""},{""option"":""reallocate_stock"",""est_cost"":6.29,""est_stockout_days"":0.0,""risk"":""medium"",""note"":""inter-plant transfer from P01 (~5 days)""},{""option"":""accept_delay"",""est_cost"":3853.65,""est_stockout_days"":5.0,""risk"":""low"",""note"":""supplier ETA 2023-08-12""}]",accept_delay,"Chose accept_delay: expected 5 stockout days / $3,854. Alternatives: expedite ~0d / $284 (medium risk); switch_supplier ~0d / $19 (medium risk); reallocate_stock ~0d / $6 (medium risk). Supplier ETA was 2023-08-12; lot value $1,135.",3853.65,5.0,14841.71,5.0,failed,2023-08-19,"Estimate missed that other runs needing the same material were also blocked; actual 5 days / $14,842 vs 5 / $3,854. Widen the check before choosing accept delay.","[""REV001074"",""REV001075"",""RPO003605"",""RPO003930"",""PR0004345""]",decision_quality
DEC00065,EVT00495,2023-07-12,Supply Planner,accept_delay,"[{""option"":""expedite"",""est_cost"":30.54,""est_stockout_days"":0.0,""risk"":""medium"",""note"":""air freight quote 25% of lot value, ~5 days door-to-door""},{""option"":""switch_supplier"",""est_cost"":2.26,""est_stockout_days"":0.0,""risk"":""medium"",""note"":""spot lot from SUP0047 in ~17 days""},{""option"":""reallocate_stock"",""est_cost"":0.69,""est_stockout_days"":0.0,""risk"":""medium"",""note"":""inter-plant transfer from P02 (~3 days)""},{""option"":""accept_delay"",""est_cost"":2037.63,""est_stockout_days"":10.0,""risk"":""low"",""note"":""supplier ETA 2023-08-25""}]",accept_delay,"Chose accept_delay: expected 10 stockout days / $2,038. Alternatives: expedite ~0d / $31 (medium risk); switch_supplier ~0d / $2 (medium risk); reallocate_stock ~0d / $1 (medium risk). Supplier ETA was 2023-08-25; lot value $122.",2037.63,10.0,2037.63,10.0,success,2023-09-01,"accept delay for Stretch Wrap 23um Grade B (RM0083) at Lakeshore Plant (P01) worked: 10 stockout days, $2,038 vs $2,038 planned.","[""REV001087"",""REV001089"",""REV001092"",""RPO003515"",""RPO003792"",""RPO004174"",""PR0004524""]",as_expected
DEC00066,EVT00503,2023-07-19,Supply Planner,accept_delay,"[{""option"":""expedite"",""est_cost"":30.93,""est_stockout_days"":0.0,""risk"":""medium"",""note"":""air freight quote 23% of lot value, ~4 days door-to-door""},{""option"":""switch_supplier"",""est_cost"":6.14,""est_stockout_days"":0.0,""risk"":""medium"",""note"":""spot lot from SUP0039 in ~3 days""},{""option"":""reallocate_stock"",""est_cost"":2.23,""est_stockout_days"":0.0,""risk"":""medium"",""note"":""inter-plant transfer from P02 (~3 days)""},{""option"":""accept_delay"",""est_cost"":463.62,""est_stockout_days"":3.0,""risk"":""low"",""note"":""supplier ETA 2023-08-04""}]",accept_delay,Chose accept_delay: expected 3 stockout days / $464. Alternatives: expedite ~0d / $31 (medium risk); switch_supplier ~0d / $6 (medium risk); reallocate_stock ~0d / $2 (medium risk). Supplier ETA was 2023-08-04; lot value $136.,463.62,3.0,463.62,3.0,success,2023-08-11,"accept delay for SAP Sodium Polyacrylate Grade C (RM0057) at Lakeshore Plant (P01) worked: 3 stockout days, $464 vs $464 planned.","[""REV001109"",""REV001125"",""REV001127"",""RPO003813"",""RPO004448"",""PR0004226""]",as_expected
DEC00067,EVT00515,2023-07-30,Supply Planner,accept_delay,"[{""option"":""accept_delay"",""est_cost"":233.82,""est_stockout_days"":0.0,""risk"":""low"",""note"":""accept shortfall of 76 units""},{""option"":""expedite"",""est_cost"":2564.55,""est_stockout_days"":0.0,""risk"":""medium"",""note"":""rush the balance""},{""option"":""renegotiate"",""est_cost"":1500.0,""est_stockout_days"":0.0,""risk"":""medium"",""note"":""claim short-shipment credit""}]",accept_delay,"Chose accept_delay: expected 0 stockout days / $234. Alternatives: expedite ~0d / $2,565 (medium risk); renegotiate ~0d / $1,500 (medium risk).",233.82,0.0,233.82,0.0,success,2023-09-28,"accept delay for Supplier 247 (SUP0247) worked: 0 stockout days, $234 vs $234 planned.","[""PO001736"",""M00004909"",""M00004910""]",as_expected
DEC00068,EVT00596,2023-07-31,Category Manager,renegotiate,"[{""option"":""renegotiate"",""est_cost"":15182.19,""est_stockout_days"":0.0,""risk"":""medium"",""note"":""counter with volume commitment""},{""option"":""accept_increase"",""est_cost"":17861.4,""est_stockout_days"":0.0,""risk"":""low"",""note"":""accept list increase""},{""option"":""switch_supplier"",""est_cost"":10771.26,""est_stockout_days"":3.0,""risk"":""high"",""note"":""qualify alternative source""}]",renegotiate,"Chose renegotiate: expected 0 stockout days / $15,182. Alternatives: accept_increase ~0d / $17,861 (low risk); switch_supplier ~3d / $10,771 (high risk).",15182.19,0.0,14188.85,0.0,success,2023-10-01,"renegotiate for Supplier 223 (SUP0223) worked: 0 stockout days, $14,189 vs $15,182 planned.","[""NEG00026"",""CTR0232"",""CAT00352""]",as_expected
DEC00069,EVT00520,2023-08-02,Buyer,expedite,"[{""option"":""expedite"",""est_cost"":26684.01,""est_stockout_days"":0.0,""risk"":""low"",""note"":""supplier premium 12% of line value""},{""option"":""accept_delay"",""est_cost"":0.0,""est_stockout_days"":0.0,""risk"":""medium"",""note"":""on hand 111 vs ROP 210""},{""option"":""reallocate_stock"",""est_cost"":1334.2,""est_stockout_days"":0.0,""risk"":""medium"",""note"":""pull units from another DC""}]",expedite,"Chose expedite: expected 0 stockout days / $26,684. Alternatives: accept_delay ~0d / $0 (medium risk); reallocate_stock ~0d / $1,334 (medium risk). On hand 111 vs reorder point 210 at Southeast DC 05 (W005).",26684.01,0.0,26684.01,0.0,failed,2023-08-21,"Sound call ex-ante (lowest expected cost) but the supplier missed the expedited date anyway: 0 days, $26,684 vs $26,684. No process change; keep the option open.","[""PO010285"",""M00029260""]",bad_luck
DEC00070,EVT00557,2023-08-03,Supply Planner,accept_delay,"[{""option"":""expedite"",""est_cost"":26.87,""est_stockout_days"":0.0,""risk"":""medium"",""note"":""air freight quote 21% of lot value, ~4 days door-to-door""},{""option"":""switch_supplier"",""est_cost"":3.76,""est_stockout_days"":0.0,""risk"":""medium"",""note"":""spot lot from SUP0226 in ~21 days""},{""option"":""reallocate_stock"",""est_cost"":1.21,""est_stockout_days"":0.0,""risk"":""medium"",""note"":""inter-plant transfer from P01 (~3 days)""},{""option"":""accept_delay"",""est_cost"":1505.61,""est_stockout_days"":7.0,""risk"":""low"",""note"":""supplier ETA 2023-09-03""}]",accept_delay,"Chose accept_delay: expected 7 stockout days / $1,506. Alternatives: expedite ~0d / $27 (medium risk); switch_supplier ~0d / $4 (medium risk); reallocate_stock ~0d / $1 (medium risk). Supplier ETA was 2023-09-03; lot value $126.",1505.61,7.0,5269.83,7.0,failed,2023-09-10,"Estimate missed that other runs needing the same material were also blocked; actual 7 days / $5,270 vs 7 / $1,506. Widen the check before choosing accept delay.","[""REV001222"",""REV001223"",""RPO004510"",""RPO004851"",""PR0004821""]",decision_quality
DEC00071,EVT00526,2023-08-04,Supply Planner,reallocate_stock,"[{""option"":""reallocate_stock"",""est_cost"":141.79,""est_stockout_days"":0.0,""risk"":""low"",""note"":""move 12 units W007->W010""},{""option"":""expedite"",""est_cost"":425.36,""est_stockout_days"":0.0,""risk"":""medium"",""note"":""expedite next inbound PO""},{""option"":""accept_delay"",""est_cost"":1358.11,""est_stockout_days"":1.0,""risk"":""medium"",""note"":""wait for replenishment""}]",reallocate_stock,"Chose reallocate_stock: expected 0 stockout days / $142. Alternatives: expedite ~0d / $425 (medium risk); accept_delay ~1d / $1,358 (medium risk). Northeast DC 10 (W010) had 127 units vs ROP 291; source West DC 07 (W007).",141.79,0.0,141.79,0.0,success,2023-09-02,"reallocate stock for Northeast DC 10 (W010) worked: 0 stockout days, $142 vs $142 planned.","[""T0003463"",""M00076279"",""M00076280""]",as_expected
DEC00072,EVT00567,2023-08-06,Supply Planner,accept_delay,"[{""option"":""expedite"",""est_cost"":20.74,""est_stockout_days"":0.0,""risk"":""medium"",""note"":""air freight quote 22% of lot value, ~4 days door-to-door""},{""option"":""switch_supplier"",""est_cost"":0.85,""est_stockout_days"":0.0,""risk"":""medium"",""note"":""spot lot from SUP0116 in ~19 days""},{""option"":""reallocate_stock"",""est_cost"":0.27,""est_stockout_days"":0.0,""risk"":""medium"",""note"":""inter-plant transfer from P02 (~3 days)""},{""option"":""accept_delay"",""est_cost"":1294.9,""est_stockout_days"":2.0,""risk"":""low"",""note"":""supplier ETA 2023-09-03""}]",accept_delay,"Chose accept_delay: expected 2 stockout days / $1,295. Alternatives: expedite ~0d / $21 (medium risk); switch_supplier ~0d / $1 (medium risk); reallocate_stock ~0d / $0 (medium risk). Supplier ETA was 2023-09-03; lot value $95.",1294.9,2.0,1294.9,2.0,success,2023-09-10,"accept delay for TPE Overmold Grade (RM0084) at Lakeshore Plant (P01) worked: 2 stockout days, $1,295 vs $1,295 planned.","[""REV001243"",""REV001244"",""RPO004453"",""RPO004787"",""PR0004903""]",as_expected
DEC00073,EVT00530,2023-08-06,Buyer,expedite,"[{""option"":""expedite"",""est_cost"":17648.15,""est_stockout_days"":0.0,""risk"":""low"",""note"":""supplier premium 12% of line value""},{""option"":""accept_delay"",""est_cost"":0.0,""est_stockout_days"":0.0,""risk"":""medium"",""note"":""on hand 304 vs ROP 322""},{""option"":""reallocate_stock"",""est_cost"":882.41,""est_stockout_days"":0.0,""risk"":""medium"",""note"":""pull units from another DC""}]",expedite,"Chose expedite: expected 0 stockout days / $17,648. Alternatives: accept_delay ~0d / $0 (medium risk); reallocate_stock ~0d / $882 (medium risk). On hand 304 vs reorder point 322 at Southeast DC 05 (W005).",17648.15,0.0,17648.15,0.0,success,2023-08-20,"expedite for Supplier 228 (SUP0228) worked: 0 stockout days, $17,648 vs $17,648 planned.","[""PO003737"",""M00010543""]",as_expected
DEC00074,EVT00539,2023-08-09,Buyer,expedite,"[{""option"":""expedite"",""est_cost"":9124.59,""est_stockout_days"":0.0,""risk"":""low"",""note"":""supplier premium 12% of line value""},{""option"":""accept_delay"",""est_cost"":0.0,""est_stockout_days"":0.0,""risk"":""medium"",""note"":""on hand 128 vs ROP 137""},{""option"":""reallocate_stock"",""est_cost"":456.23,""est_stockout_days"":0.0,""risk"":""medium"",""note"":""pull units from another DC""}]",expedite,"Chose expedite: expected 0 stockout days / $9,125. Alternatives: accept_delay ~0d / $0 (medium risk); reallocate_stock ~0d / $456 (medium risk). On hand 128 vs reorder point 137 at Southeast DC 05 (W005).",9124.59,0.0,9124.59,0.0,partial,2023-08-23,"Sound call ex-ante (lowest expected cost) but the supplier missed the expedited date anyway: 0 days, $9,125 vs $9,125. No process change; keep the option open.","[""PO002180"",""M00006101""]",bad_luck
DEC00075,EVT00553,2023-08-15,Buyer,expedite,"[{""option"":""expedite"",""est_cost"":11187.53,""est_stockout_days"":0.0,""risk"":""low"",""note"":""supplier premium 12% of line value""},{""option"":""accept_delay"",""est_cost"":0.0,""est_stockout_days"":0.0,""risk"":""medium"",""note"":""on hand 181 vs ROP 374""},{""option"":""reallocate_stock"",""est_cost"":559.38,""est_stockout_days"":0.0,""risk"":""medium"",""note"":""pull units from another DC""}]",expedite,"Chose expedite: expected 0 stockout days / $11,188. Alternatives: accept_delay ~0d / $0 (medium risk); reallocate_stock ~0d / $559 (medium risk). On hand 181 vs reorder point 374 at Southeast DC 05 (W005).",11187.53,0.0,11187.53,0.0,partial,2023-08-29,"Sound call ex-ante (lowest expected cost) but the supplier missed the expedited date anyway: 0 days, $11,188 vs $11,188. No process change; keep the option open.","[""PO012021"",""M00034274""]",bad_luck
DEC00076,EVT00560,2023-08-16,Supply Planner,reallocate_stock,"[{""option"":""reallocate_stock"",""est_cost"":8.26,""est_stockout_days"":0.0,""risk"":""low"",""note"":""move 7 units W005->W002""},{""option"":""expedite"",""est_cost"":24.79,""est_stockout_days"":0.0,""risk"":""medium"",""note"":""expedite next inbound PO""},{""option"":""accept_delay"",""est_cost"":62.23,""est_stockout_days"":1.0,""risk"":""medium"",""note"":""wait for replenishment""}]",reallocate_stock,Chose reallocate_stock: expected 0 stockout days / $8. Alternatives: expedite ~0d / $25 (medium risk); accept_delay ~1d / $62 (medium risk). Southwest DC 02 (W002) had 93 units vs ROP 380; source Southeast DC 05 (W005).,8.26,0.0,8.26,0.0,success,2023-09-14,"reallocate stock for Southwest DC 02 (W002) worked: 0 stockout days, $8 vs $8 planned.","[""T0009143"",""M00117452"",""M00117453""]",as_expected
DEC00077,EVT00544,2023-08-17,Materials Manager,reallocate_stock,"[{""option"":""accept_delay"",""est_cost"":36081.36,""est_stockout_days"":25.0,""risk"":""low"",""note"":""supplier ETA 2023-09-13""},{""option"":""expedite"",""est_cost"":2947.21,""est_stockout_days"":2.0,""risk"":""medium"",""note"":""air freight quote 23% of lot value, ~4 days door-to-door""},{""option"":""reallocate_stock"",""est_cost"":7219.49,""est_stockout_days"":5.0,""risk"":""medium"",""note"":""inter-plant transfer from P01 (~5 days)""}]",reallocate_stock,"Chose reallocate_stock: expected 5 stockout days / $7,219. Alternatives: accept_delay ~25d / $36,081 (low risk); expedite ~2d / $2,947 (medium risk). Supplier ETA was 2023-09-13; lot value $268.",7219.49,5.0,14435.76,10.0,failed,2023-09-05,"Estimate missed that the material landed later than quoted; actual 10 days / $14,436 vs 5 / $7,219. Widen the check before choosing reallocate stock.","[""REV001139"",""REV001143"",""RPO004086"",""RPO004572"",""RT0000019"",""PR0004615""]",decision_quality
DEC00078,EVT00585,2023-08-27,Supply Planner,reallocate_stock,"[{""option"":""reallocate_stock"",""est_cost"":119.93,""est_stockout_days"":0.0,""risk"":""low"",""note"":""move 8 units W009->W002""},{""option"":""expedite"",""est_cost"":359.8,""est_stockout_days"":0.0,""risk"":""medium"",""note"":""expedite next inbound PO""},{""option"":""accept_delay"",""est_cost"":1076.6,""est_stockout_days"":1.0,""risk"":""medium"",""note"":""wait for replenishment""}]",reallocate_stock,"Chose reallocate_stock: expected 0 stockout days / $120. Alternatives: expedite ~0d / $360 (medium risk); accept_delay ~1d / $1,077 (medium risk). Southwest DC 02 (W002) had 173 units vs ROP 392; source Midwest DC 09 (W009).",119.93,0.0,119.93,0.0,success,2023-09-25,"reallocate stock for Southwest DC 02 (W002) worked: 0 stockout days, $120 vs $120 planned.","[""T0004426"",""M00083363"",""M00083364""]",as_expected
DEC00079,EVT00608,2023-08-28,Supply Planner,accept_delay,"[{""option"":""expedite"",""est_cost"":7.22,""est_stockout_days"":0.0,""risk"":""medium"",""note"":""air freight quote 26% of lot value, ~5 days door-to-door""},{""option"":""reallocate_stock"",""est_cost"":0.61,""est_stockout_days"":0.0,""risk"":""medium"",""note"":""inter-plant transfer from P02 (~4 days)""},{""option"":""accept_delay"",""est_cost"":12695.92,""est_stockout_days"":6.0,""risk"":""low"",""note"":""supplier ETA 2023-09-28""}]",accept_delay,"Chose accept_delay: expected 6 stockout days / $12,696. Alternatives: expedite ~0d / $7 (medium risk); reallocate_stock ~0d / $1 (medium risk). Supplier ETA was 2023-09-28; lot value $28.",12695.92,6.0,12695.92,6.0,success,2023-10-05,"accept delay for UV Flexo White (RM0075) at Northgate Plant (P05) worked: 6 stockout days, $12,696 vs $12,696 planned.","[""REV001383"",""REV001385"",""RPO004681"",""RPO005020"",""PR0005332""]",as_expected
DEC00080,EVT00586,2023-08-28,Buyer,expedite,"[{""option"":""expedite"",""est_cost"":9877.39,""est_stockout_days"":0.0,""risk"":""low"",""note"":""supplier premium 12% of line value""},{""option"":""accept_delay"",""est_cost"":0.0,""est_stockout_days"":0.0,""risk"":""medium"",""note"":""on hand 278 vs ROP 326""},{""option"":""reallocate_stock"",""est_cost"":493.87,""est_stockout_days"":0.0,""risk"":""medium"",""note"":""pull units from another DC""}]",expedite,"Chose expedite: expected 0 stockout days / $9,877. Alternatives: accept_delay ~0d / $0 (medium risk); reallocate_stock ~0d / $494 (medium risk). On hand 278 vs reorder point 326 at Southeast DC 05 (W005).",9877.39,0.0,9877.39,0.0,success,2023-09-07,"expedite for Supplier 037 (SUP0037) worked: 0 stockout days, $9,877 vs $9,877 planned.","[""PO002561"",""M00007219""]",as_expected
DEC00081,EVT00587,2023-08-28,Buyer,expedite,"[{""option"":""expedite"",""est_cost"":12258.36,""est_stockout_days"":0.0,""risk"":""low"",""note"":""supplier premium 12% of line value""},{""option"":""accept_delay"",""est_cost"":0.0,""est_stockout_days"":0.0,""risk"":""medium"",""note"":""on hand 217 vs ROP 314""},{""option"":""reallocate_stock"",""est_cost"":612.92,""est_stockout_days"":0.0,""risk"":""medium"",""note"":""pull units from another DC""}]",expedite,"Chose expedite: expected 0 stockout days / $12,258. Alternatives: accept_delay ~0d / $0 (medium risk); reallocate_stock ~0d / $613 (medium risk). On hand 217 vs reorder point 314 at Southeast DC 05 (W005).",12258.36,0.0,12258.36,0.0,success,2023-09-12,"expedite for Supplier 133 (SUP0133) worked: 0 stockout days, $12,258 vs $12,258 planned.","[""PO010681"",""M00030410""]",as_expected
DEC00082,EVT00590,2023-08-30,Buyer,expedite,"[{""option"":""expedite"",""est_cost"":27893.52,""est_stockout_days"":0.0,""risk"":""low"",""note"":""supplier premium 12% of line value""},{""option"":""accept_delay"",""est_cost"":0.0,""est_stockout_days"":0.0,""risk"":""medium"",""note"":""on hand 243 vs ROP 378""},{""option"":""reallocate_stock"",""est_cost"":1394.68,""est_stockout_days"":0.0,""risk"":""medium"",""note"":""pull units from another DC""}]",expedite,"Chose expedite: expected 0 stockout days / $27,894. Alternatives: accept_delay ~0d / $0 (medium risk); reallocate_stock ~0d / $1,395 (medium risk). On hand 243 vs reorder point 378 at Southeast DC 05 (W005).",27893.52,0.0,27893.52,0.0,success,2023-09-12,"expedite for Supplier 073 (SUP0073) worked: 0 stockout days, $27,894 vs $27,894 planned.","[""PO014991"",""M00042770""]",as_expected
DEC00083,EVT00545,2023-09-03,Quality Lead,substitute_rm,"[{""option"":""substitute_rm"",""est_cost"":3724.36,""est_stockout_days"":10.5,""risk"":""medium"",""note"":""RM0016 after QA trial""},{""option"":""switch_supplier"",""est_cost"":8000.0,""est_stockout_days"":0.0,""risk"":""high"",""note"":""qualify second source for RM0022 (4-6 months)""},{""option"":""build_safety_stock"",""est_cost"":666.68,""est_stockout_days"":1.0,""risk"":""low"",""note"":""extra cover of RM0022""}]",substitute_rm,"Chose substitute_rm: expected 10.5 stockout days / $3,724. Alternatives: switch_supplier ~0d / $8,000 (high risk); build_safety_stock ~1d / $667 (low risk).",3724.36,10.5,3850.79,30.0,failed,2024-09-23,"Sound call ex-ante (lowest expected cost) but the substitute failed incoming QA more often, adding scrap: 30 days, $3,851 vs $3,724. No process change; keep the option open.","[""BOM003123"",""BOM003124"",""BOM003125"",""BOM003126"",""BOM003127"",""BOM003128"",""BOM003129"",""BOM003130""]",bad_luck
DEC00084,EVT00605,2023-09-05,Buyer,expedite,"[{""option"":""expedite"",""est_cost"":33871.39,""est_stockout_days"":0.0,""risk"":""low"",""note"":""supplier premium 12% of line value""},{""option"":""accept_delay"",""est_cost"":0.0,""est_stockout_days"":0.0,""risk"":""medium"",""note"":""on hand 302 vs ROP 328""},{""option"":""reallocate_stock"",""est_cost"":1693.57,""est_stockout_days"":0.0,""risk"":""medium"",""note"":""pull units from another DC""}]",expedite,"Chose expedite: expected 0 stockout days / $33,871. Alternatives: accept_delay ~0d / $0 (medium risk); reallocate_stock ~0d / $1,694 (medium risk). On hand 302 vs reorder point 328 at Southeast DC 05 (W005).",33871.39,0.0,33871.39,0.0,success,2023-09-15,"expedite for Supplier 234 (SUP0234) worked: 0 stockout days, $33,871 vs $33,871 planned.","[""PO014259"",""M00040642""]",as_expected
DEC00085,EVT00622,2023-09-13,Buyer,cancel_po,"[{""option"":""cancel_po"",""est_cost"":870.01,""est_stockout_days"":0.0,""risk"":""low"",""note"":""stock 4.8x ROP""},{""option"":""accept_delay"",""est_cost"":4290.48,""est_stockout_days"":0.0,""risk"":""low"",""note"":""keep PO, carry the stock""},{""option"":""reduce_allocation"",""est_cost"":2580.24,""est_stockout_days"":0.0,""risk"":""low"",""note"":""halve quantities""}]",cancel_po,"Chose cancel_po: expected 0 stockout days / $870. Alternatives: accept_delay ~0d / $4,290 (low risk); reduce_allocation ~0d / $2,580 (low risk). Stock at Southwest DC 02 (W002) was 4.8x reorder point.",870.01,0.0,870.01,0.0,success,2023-11-12,"cancel po for Supplier 247 (SUP0247) worked: 0 stockout days, $870 vs $870 planned.","[""PO007651""]",as_expected
DEC00086,EVT00623,2023-09-14,Buyer,cancel_po,"[{""option"":""cancel_po"",""est_cost"":5375.34,""est_stockout_days"":0.0,""risk"":""low"",""note"":""stock 2.2x ROP""},{""option"":""accept_delay"",""est_cost"":26508.53,""est_stockout_days"":0.0,""risk"":""low"",""note"":""keep PO, carry the stock""},{""option"":""reduce_allocation"",""est_cost"":15941.93,""est_stockout_days"":0.0,""risk"":""low"",""note"":""halve quantities""}]",cancel_po,"Chose cancel_po: expected 0 stockout days / $5,375. Alternatives: accept_delay ~0d / $26,509 (low risk); reduce_allocation ~0d / $15,942 (low risk). Stock at Canada DC 06 (W006) was 2.2x reorder point.",5375.34,0.0,5375.34,0.0,success,2023-11-13,"cancel po for Supplier 222 (SUP0222) worked: 0 stockout days, $5,375 vs $5,375 planned.","[""PO001722""]",as_expected
DEC00087,EVT00649,2023-09-16,Buyer,expedite,"[{""option"":""accept_delay"",""est_cost"":3420.68,""est_stockout_days"":10.0,""risk"":""low"",""note"":""supplier ETA 2023-10-13""},{""option"":""reallocate_stock"",""est_cost"":0.23,""est_stockout_days"":0.0,""risk"":""medium"",""note"":""inter-plant transfer from P03 (~3 days)""},{""option"":""expedite"",""est_cost"":1039.58,""est_stockout_days"":3.0,""risk"":""medium"",""note"":""air freight quote 26% of lot value, ~5 days door-to-door""}]",expedite,"Chose expedite: expected 3 stockout days / $1,040. Alternatives: accept_delay ~10d / $3,421 (low risk); reallocate_stock ~0d / $0 (medium risk). Supplier ETA was 2023-10-13; lot value $52.",1039.58,3.0,1039.58,3.0,success,2023-10-13,"expedite for UV Flexo White (RM0075) at Maplewood Plant (P02) worked: 3 stockout days, $1,040 vs $1,040 planned.","[""REV001472"",""REV001474"",""REV001475"",""REV001513"",""REV001514"",""REV001517"",""RPO004874"",""RPO005051"",""RPO005196"",""PR0005583""]",as_expected
DEC00088,EVT00675,2023-09-18,Supply Planner,accept_delay,"[{""option"":""expedite"",""est_cost"":16.2,""est_stockout_days"":0.0,""risk"":""medium"",""note"":""air freight quote 26% of lot value, ~5 days door-to-door""},{""option"":""reallocate_stock"",""est_cost"":0.32,""est_stockout_days"":0.0,""risk"":""medium"",""note"":""inter-plant transfer from P02 (~3 days)""},{""option"":""accept_delay"",""est_cost"":13693.01,""est_stockout_days"":7.0,""risk"":""low"",""note"":""supplier ETA 2023-10-05""}]",accept_delay,"Chose accept_delay: expected 7 stockout days / $13,693. Alternatives: expedite ~0d / $16 (medium risk); reallocate_stock ~0d / $0 (medium risk). Supplier ETA was 2023-10-05; lot value $64.",13693.01,7.0,13693.01,7.0,success,2023-10-12,"accept delay for UV Flexo White (RM0075) at Eastfield Plant (P03) worked: 7 stockout days, $13,693 vs $13,693 planned.","[""REV001522"",""REV001524"",""RPO005067"",""RPO005245"",""PR0005455""]",as_expected
DEC00089,EVT00666,2023-09-20,Supply Planner,accept_delay,"[{""option"":""expedite"",""est_cost"":121.41,""est_stockout_days"":0.0,""risk"":""medium"",""note"":""air freight quote 23% of lot value, ~4 days door-to-door""},{""option"":""switch_supplier"",""est_cost"":15.49,""est_stockout_days"":0.0,""risk"":""medium"",""note"":""spot lot from SUP0139 in ~6 days""},{""option"":""reallocate_stock"",""est_cost"":4.69,""est_stockout_days"":0.0,""risk"":""medium"",""note"":""inter-plant transfer from P01 (~3 days)""},{""option"":""accept_delay"",""est_cost"":1757.04,""est_stockout_days"":4.0,""risk"":""low"",""note"":""supplier ETA 2023-10-08""}]",accept_delay,"Chose accept_delay: expected 4 stockout days / $1,757. Alternatives: expedite ~0d / $121 (medium risk); switch_supplier ~0d / $15 (medium risk); reallocate_stock ~0d / $5 (medium risk). Supplier ETA was 2023-10-08; lot value $536.",1757.04,4.0,1757.04,4.0,success,2023-10-15,"accept delay for SAP Surface-crosslinked Grade Grade C (RM0058) at Riverbend Plant (P04) worked: 4 stockout days, $1,757 vs $1,757 planned.","[""REV001543"",""REV001544"",""REV001545"",""RPO005400"",""RPO005607"",""RPO005728"",""PR0005597""]",as_expected
DEC00090,EVT00650,2023-09-20,Supply Planner,reallocate_stock,"[{""option"":""reallocate_stock"",""est_cost"":76.32,""est_stockout_days"":0.0,""risk"":""low"",""note"":""move 19 units W007->W009""},{""option"":""expedite"",""est_cost"":228.95,""est_stockout_days"":0.0,""risk"":""medium"",""note"":""expedite next inbound PO""},{""option"":""accept_delay"",""est_cost"":553.01,""est_stockout_days"":1.0,""risk"":""medium"",""note"":""wait for replenishment""}]",reallocate_stock,Chose reallocate_stock: expected 0 stockout days / $76. Alternatives: expedite ~0d / $229 (medium risk); accept_delay ~1d / $553 (medium risk). Midwest DC 09 (W009) had 158 units vs ROP 475; source West DC 07 (W007).,76.32,0.0,76.32,0.0,partial,2023-10-19,"Sound call ex-ante (lowest expected cost) but the source DC ran down to or below its reorder point: 0 days, $76 vs $76. No process change; keep the option open.","[""T0008403"",""M00112252"",""M00112253""]",bad_luck
DEC00091,EVT00671,2023-09-21,Supply Planner,accept_delay,"[{""option"":""expedite"",""est_cost"":57.39,""est_stockout_days"":0.0,""risk"":""medium"",""note"":""air freight quote 25% of lot value, ~5 days door-to-door""},{""option"":""switch_supplier"",""est_cost"":6.62,""est_stockout_days"":0.0,""risk"":""medium"",""note"":""spot lot from SUP0047 in ~17 days""},{""option"":""reallocate_stock"",""est_cost"":2.54,""est_stockout_days"":0.0,""risk"":""medium"",""note"":""inter-plant transfer from P01 (~6 days)""},{""option"":""accept_delay"",""est_cost"":15917.23,""est_stockout_days"":9.0,""risk"":""low"",""note"":""supplier ETA 2023-10-26""}]",accept_delay,"Chose accept_delay: expected 9 stockout days / $15,917. Alternatives: expedite ~0d / $57 (medium risk); switch_supplier ~0d / $7 (medium risk); reallocate_stock ~0d / $3 (medium risk). Supplier ETA was 2023-10-26; lot value $230.",15917.23,9.0,15917.23,9.0,success,2023-11-02,"accept delay for LDPE Shrink Film 60um Grade B (RM0082) at Northgate Plant (P05) worked: 9 stockout days, $15,917 vs $15,917 planned.","[""REV001548"",""REV001551"",""RPO005343"",""RPO005657"",""PR0005861""]",as_expected
DEC00092,EVT00664,2023-09-25,Buyer,expedite,"[{""option"":""expedite"",""est_cost"":16777.15,""est_stockout_days"":0.0,""risk"":""low"",""note"":""supplier premium 12% of line value""},{""option"":""accept_delay"",""est_cost"":0.0,""est_stockout_days"":0.0,""risk"":""medium"",""note"":""on hand 212 vs ROP 337""},{""option"":""reallocate_stock"",""est_cost"":838.86,""est_stockout_days"":0.0,""risk"":""medium"",""note"":""pull units from another DC""}]",expedite,"Chose expedite: expected 0 stockout days / $16,777. Alternatives: accept_delay ~0d / $0 (medium risk); reallocate_stock ~0d / $839 (medium risk). On hand 212 vs reorder point 337 at Southeast DC 05 (W005).",16777.15,0.0,16777.15,0.0,partial,2023-10-12,"Sound call ex-ante (lowest expected cost) but the supplier missed the expedited date anyway: 0 days, $16,777 vs $16,777. No process change; keep the option open.","[""PO016051"",""M00045736""]",bad_luck
DEC00093,EVT00663,2023-09-26,Buyer,cancel_po,"[{""option"":""cancel_po"",""est_cost"":2486.83,""est_stockout_days"":0.0,""risk"":""medium"",""note"":""stock 1.2x ROP""},{""option"":""accept_delay"",""est_cost"":12263.82,""est_stockout_days"":0.0,""risk"":""low"",""note"":""keep PO, carry the stock""},{""option"":""reduce_allocation"",""est_cost"":7375.32,""est_stockout_days"":0.0,""risk"":""low"",""note"":""halve quantities""}]",cancel_po,"Chose cancel_po: expected 0 stockout days / $2,487. Alternatives: accept_delay ~0d / $12,264 (low risk); reduce_allocation ~0d / $7,375 (low risk). Stock at Canada DC 12 (W012) was 1.2x reorder point.",2486.83,0.0,2486.83,0.0,partial,2023-11-25,"Estimate missed that demand recovered and stock dipped after the cancellation; actual 0 days / $2,487 vs 0 / $2,487. Widen the check before choosing cancel po.","[""PO012985""]",decision_quality
DEC00094,EVT00432,2023-09-29,Materials Manager,build_safety_stock,"[{""option"":""build_safety_stock"",""est_cost"":1665.45,""est_stockout_days"":1.2,""risk"":""low"",""note"":""+10 days of cover (735.3 ea)""},{""option"":""accept_delay"",""est_cost"":3465.01,""est_stockout_days"":2.5,""risk"":""high"",""note"":""keep current buffer""},{""option"":""expedite"",""est_cost"":1735.32,""est_stockout_days"":1.2,""risk"":""medium"",""note"":""expedite case by case""}]",build_safety_stock,"Chose build_safety_stock: expected 1.2 stockout days / $1,665. Alternatives: accept_delay ~2.5d / $3,465 (high risk); expedite ~1.2d / $1,735 (medium risk).",1665.45,1.2,5736.67,5.0,failed,2024-10-01,"Sound call ex-ante (lowest expected cost) but a later disruption was longer than the extra buffer: 5 days, $5,737 vs $1,665. No process change; keep the option open.","[""RM0104|P02|2023-10-08"",""RM0104|P02|2023-10-01""]",bad_luck
DEC00095,EVT00678,2023-10-01,Buyer,cancel_po,"[{""option"":""cancel_po"",""est_cost"":5687.83,""est_stockout_days"":0.0,""risk"":""low"",""note"":""stock 2.0x ROP""},{""option"":""accept_delay"",""est_cost"":28049.58,""est_stockout_days"":0.0,""risk"":""low"",""note"":""keep PO, carry the stock""},{""option"":""reduce_allocation"",""est_cost"":16868.71,""est_stockout_days"":0.0,""risk"":""low"",""note"":""halve quantities""}]",cancel_po,"Chose cancel_po: expected 0 stockout days / $5,688. Alternatives: accept_delay ~0d / $28,050 (low risk); reduce_allocation ~0d / $16,869 (low risk). Stock at Canada DC 12 (W012) was 2.0x reorder point.",5687.83,0.0,5687.83,0.0,success,2023-11-30,"cancel po for Supplier 237 (SUP0237) worked: 0 stockout days, $5,688 vs $5,688 planned.","[""PO017512""]",as_expected
DEC00096,EVT00731,2023-10-04,Supply Planner,accept_delay,"[{""option"":""expedite"",""est_cost"":511.62,""est_stockout_days"":0.0,""risk"":""medium"",""note"":""air freight quote 23% of lot value, ~4 days door-to-door""},{""option"":""switch_supplier"",""est_cost"":69.47,""est_stockout_days"":0.0,""risk"":""medium"",""note"":""spot lot from SUP0139 in ~6 days""},{""option"":""reallocate_stock"",""est_cost"":21.01,""est_stockout_days"":0.0,""risk"":""medium"",""note"":""inter-plant transfer from P02 (~3 days)""},{""option"":""accept_delay"",""est_cost"":20480.09,""est_stockout_days"":11.0,""risk"":""low"",""note"":""supplier ETA 2023-11-04""}]",accept_delay,"Chose accept_delay: expected 11 stockout days / $20,480. Alternatives: expedite ~0d / $512 (medium risk); switch_supplier ~0d / $69 (medium risk); reallocate_stock ~0d / $21 (medium risk). Supplier ETA was 2023-11-04; lot value $2,257.",20480.09,11.0,38607.61,11.0,partial,2023-11-11,Same move worked on 2023-07-19 (CAS01371) but not here - conditions differed (co_victims): other runs needing the same material were also blocked. Check co_victims before reusing a precedent.,"[""REV001625"",""REV001627"",""REV001629"",""REV001630"",""RPO005789"",""RPO006018"",""RPO006128"",""RPO006359"",""PR0006019""]",context_shift
DEC00097,EVT00433,2023-10-06,Materials Manager,build_safety_stock,"[{""option"":""build_safety_stock"",""est_cost"":5617.53,""est_stockout_days"":4.0,""risk"":""low"",""note"":""+7 days of cover (8.5 kg)""},{""option"":""accept_delay"",""est_cost"":5544.02,""est_stockout_days"":4.0,""risk"":""high"",""note"":""keep current buffer""},{""option"":""expedite"",""est_cost"":2863.9,""est_stockout_days"":2.0,""risk"":""medium"",""note"":""expedite case by case""}]",build_safety_stock,"Chose build_safety_stock: expected 4 stockout days / $5,618. Alternatives: accept_delay ~4d / $5,544 (high risk); expedite ~2d / $2,864 (medium risk).",5617.53,4.0,73.51,0.0,success,2024-10-08,"build safety stock for Green Apple Top Note (RM0016) at Riverbend Plant (P04) worked: 0 stockout days, $74 vs $5,618 planned.","[""RM0016|P04|2023-10-15"",""RM0016|P04|2023-10-08""]",as_expected
DEC00098,EVT00434,2023-10-06,Materials Manager,build_safety_stock,"[{""option"":""build_safety_stock"",""est_cost"":92.86,""est_stockout_days"":0.0,""risk"":""low"",""note"":""+11 days of cover (27.2 kg)""},{""option"":""accept_delay"",""est_cost"":2772.01,""est_stockout_days"":2.0,""risk"":""high"",""note"":""keep current buffer""},{""option"":""expedite"",""est_cost"":1502.08,""est_stockout_days"":1.0,""risk"":""medium"",""note"":""expedite case by case""}]",build_safety_stock,"Chose build_safety_stock: expected 0 stockout days / $93. Alternatives: accept_delay ~2d / $2,772 (high risk); expedite ~1d / $1,502 (medium risk).",92.86,0.0,92.86,0.0,success,2024-10-08,"build safety stock for Blue Masterbatch Grade C (RM0034) at Lakeshore Plant (P01) worked: 0 stockout days, $93 vs $93 planned.","[""RM0034|P01|2023-10-15"",""RM0034|P01|2023-10-08""]",as_expected
DEC00099,EVT00435,2023-10-06,Materials Manager,build_safety_stock,"[{""option"":""build_safety_stock"",""est_cost"":2246.18,""est_stockout_days"":1.6,""risk"":""low"",""note"":""+11 days of cover (99.3 kg)""},{""option"":""accept_delay"",""est_cost"":5544.02,""est_stockout_days"":4.0,""risk"":""high"",""note"":""keep current buffer""},{""option"":""expedite"",""est_cost"":2807.72,""est_stockout_days"":2.0,""risk"":""medium"",""note"":""expedite case by case""}]",build_safety_stock,"Chose build_safety_stock: expected 1.6 stockout days / $2,246. Alternatives: accept_delay ~4d / $5,544 (high risk); expedite ~2d / $2,808 (medium risk).",2246.18,1.6,28.57,0.0,success,2024-10-08,"build safety stock for PP Homopolymer Cap Grade Grade B (RM0077) at Lakeshore Plant (P01) worked: 0 stockout days, $29 vs $2,246 planned.","[""RM0077|P01|2023-10-15"",""RM0077|P01|2023-10-08""]",as_expected
DEC00100,EVT00758,2023-10-07,Supply Planner,accept_delay,"[{""option"":""expedite"",""est_cost"":23.9,""est_stockout_days"":0.0,""risk"":""medium"",""note"":""air freight quote 25% of lot value, ~5 days door-to-door""},{""option"":""switch_supplier"",""est_cost"":4.08,""est_stockout_days"":0.0,""risk"":""medium"",""note"":""spot lot from SUP0062 in ~21 days""},{""option"":""reallocate_stock"",""est_cost"":1.24,""est_stockout_days"":0.0,""risk"":""medium"",""note"":""inter-plant transfer from P03 (~3 days)""},{""option"":""accept_delay"",""est_cost"":7763.55,""est_stockout_days"":11.0,""risk"":""low"",""note"":""supplier ETA 2023-11-14""}]",accept_delay,"Chose accept_delay: expected 11 stockout days / $7,764. Alternatives: expedite ~0d / $24 (medium risk); switch_supplier ~0d / $4 (medium risk); reallocate_stock ~0d / $1 (medium risk). Supplier ETA was 2023-11-14; lot value $96.",7763.55,11.0,7763.55,11.0,success,2023-11-21,"accept delay for Water-based Varnish (RM0074) at Maplewood Plant (P02) worked: 11 stockout days, $7,764 vs $7,764 planned.","[""REV001652"",""REV001657"",""RPO005526"",""RPO005858"",""PR0006201""]",as_expected
DEC00101,EVT00699,2023-10-07,Supply Planner,accept_delay,"[{""option"":""accept_delay"",""est_cost"":2978.17,""est_stockout_days"":0.0,""risk"":""low"",""note"":""accept shortfall of 756 units""},{""option"":""expedite"",""est_cost"":14981.02,""est_stockout_days"":0.0,""risk"":""medium"",""note"":""rush the balance""},{""option"":""renegotiate"",""est_cost"":1500.0,""est_stockout_days"":0.0,""risk"":""medium"",""note"":""claim short-shipment credit""}]",accept_delay,"Chose accept_delay: expected 0 stockout days / $2,978. Alternatives: expedite ~0d / $14,981 (medium risk); renegotiate ~0d / $1,500 (medium risk).",2978.17,0.0,2978.17,0.0,partial,2023-12-06,"Sound call ex-ante (lowest expected cost) but stock ran low before the next replenishment: 0 days, $2,978 vs $2,978. No process change; keep the option open.","[""PO008706"",""M00024681"",""M00024682"",""M00024683"",""M00024684"",""M00024685""]",bad_luck
DEC00102,EVT00708,2023-10-10,Supply Planner,accept_delay,"[{""option"":""accept_delay"",""est_cost"":276.79,""est_stockout_days"":0.0,""risk"":""low"",""note"":""accept shortfall of 181 units""},{""option"":""expedite"",""est_cost"":1432.98,""est_stockout_days"":0.0,""risk"":""medium"",""note"":""rush the balance""},{""option"":""renegotiate"",""est_cost"":1500.0,""est_stockout_days"":0.0,""risk"":""medium"",""note"":""claim short-shipment credit""}]",accept_delay,"Chose accept_delay: expected 0 stockout days / $277. Alternatives: expedite ~0d / $1,433 (medium risk); renegotiate ~0d / $1,500 (medium risk).",276.79,0.0,276.79,0.0,success,2023-12-09,"accept delay for Supplier 030 (SUP0030) worked: 0 stockout days, $277 vs $277 planned.","[""PO011552"",""M00032914""]",as_expected
DEC00103,EVT00726,2023-10-16,Buyer,expedite,"[{""option"":""expedite"",""est_cost"":15230.95,""est_stockout_days"":0.0,""risk"":""low"",""note"":""supplier premium 12% of line value""},{""option"":""accept_delay"",""est_cost"":0.0,""est_stockout_days"":0.0,""risk"":""medium"",""note"":""on hand 99 vs ROP 277""},{""option"":""reallocate_stock"",""est_cost"":761.55,""est_stockout_days"":0.0,""risk"":""medium"",""note"":""pull units from another DC""}]",expedite,"Chose expedite: expected 0 stockout days / $15,231. Alternatives: accept_delay ~0d / $0 (medium risk); reallocate_stock ~0d / $762 (medium risk). On hand 99 vs reorder point 277 at Southeast DC 05 (W005).",15230.95,0.0,15230.95,0.0,success,2023-10-25,"expedite for Supplier 027 (SUP0027) worked: 0 stockout days, $15,231 vs $15,231 planned.","[""PO002808"",""M00007942""]",as_expected
DEC00104,EVT00768,2023-10-17,Supply Planner,accept_delay,"[{""option"":""expedite"",""est_cost"":67.23,""est_stockout_days"":0.0,""risk"":""medium"",""note"":""air freight quote 25% of lot value, ~5 days door-to-door""},{""option"":""switch_supplier"",""est_cost"":1.65,""est_stockout_days"":0.0,""risk"":""medium"",""note"":""spot lot from SUP0047 in ~17 days""},{""option"":""reallocate_stock"",""est_cost"":0.5,""est_stockout_days"":0.0,""risk"":""medium"",""note"":""inter-plant transfer from P01 (~3 days)""},{""option"":""accept_delay"",""est_cost"":1468.6,""est_stockout_days"":2.0,""risk"":""low"",""note"":""supplier ETA 2023-11-15""}]",accept_delay,"Chose accept_delay: expected 2 stockout days / $1,469. Alternatives: expedite ~0d / $67 (medium risk); switch_supplier ~0d / $2 (medium risk); reallocate_stock ~0d / $0 (medium risk). Supplier ETA was 2023-11-15; lot value $269.",1468.6,2.0,1468.6,2.0,success,2023-11-22,"accept delay for Stretch Wrap 23um Grade B (RM0083) at Riverbend Plant (P04) worked: 2 stockout days, $1,469 vs $1,469 planned.","[""REV001731"",""REV001734"",""RPO005952"",""RPO006278"",""PR0006430""]",as_expected
DEC00105,EVT00769,2023-10-18,Supply Planner,accept_delay,"[{""option"":""expedite"",""est_cost"":63.73,""est_stockout_days"":0.0,""risk"":""medium"",""note"":""air freight quote 23% of lot value, ~4 days door-to-door""},{""option"":""reallocate_stock"",""est_cost"":12.19,""est_stockout_days"":0.0,""risk"":""medium"",""note"":""inter-plant transfer from P01 (~3 days)""},{""option"":""accept_delay"",""est_cost"":7564.25,""est_stockout_days"":5.0,""risk"":""low"",""note"":""supplier ETA 2023-11-26""}]",accept_delay,"Chose accept_delay: expected 5 stockout days / $7,564. Alternatives: expedite ~0d / $64 (medium risk); reallocate_stock ~0d / $12 (medium risk). Supplier ETA was 2023-11-26; lot value $281.",7564.25,5.0,7564.25,5.0,success,2023-12-03,"accept delay for SAP Sodium Polyacrylate Grade B (RM0055) at Maplewood Plant (P02) worked: 5 stockout days, $7,564 vs $7,564 planned.","[""REV001743"",""RPO006183"",""PR0006618""]",as_expected
DEC00106,EVT00748,2023-10-25,Buyer,expedite,"[{""option"":""expedite"",""est_cost"":12348.46,""est_stockout_days"":0.0,""risk"":""low"",""note"":""supplier premium 12% of line value""},{""option"":""accept_delay"",""est_cost"":0.0,""est_stockout_days"":0.0,""risk"":""medium"",""note"":""on hand 161 vs ROP 326""},{""option"":""reallocate_stock"",""est_cost"":617.42,""est_stockout_days"":0.0,""risk"":""medium"",""note"":""pull units from another DC""}]",expedite,"Chose expedite: expected 0 stockout days / $12,348. Alternatives: accept_delay ~0d / $0 (medium risk); reallocate_stock ~0d / $617 (medium risk). On hand 161 vs reorder point 326 at Southeast DC 05 (W005).",12348.46,0.0,12348.46,0.0,partial,2023-11-06,"Sound call ex-ante (lowest expected cost) but the supplier missed the expedited date anyway: 0 days, $12,348 vs $12,348. No process change; keep the option open.","[""PO012439"",""M00035475""]",bad_luck
DEC00107,EVT00766,2023-11-01,Buyer,expedite,"[{""option"":""accept_delay"",""est_cost"":19871.27,""est_stockout_days"":14.0,""risk"":""low"",""note"":""supplier ETA 2023-11-27""},{""option"":""reallocate_stock"",""est_cost"":0.58,""est_stockout_days"":0.0,""risk"":""medium"",""note"":""inter-plant transfer from P02 (~4 days)""},{""option"":""expedite"",""est_cost"":2843.62,""est_stockout_days"":2.0,""risk"":""medium"",""note"":""air freight quote 26% of lot value, ~5 days door-to-door""}]",expedite,"Chose expedite: expected 2 stockout days / $2,844. Alternatives: accept_delay ~14d / $19,871 (low risk); reallocate_stock ~0d / $1 (medium risk). Supplier ETA was 2023-11-27; lot value $19.",2843.62,2.0,4263.0,3.0,partial,2023-11-23,Same move worked on 2023-09-16 (CAS00228) but not here - conditions differed (season): the material landed later than quoted. Check season before reusing a precedent.,"[""REV001775"",""REV001829"",""RPO005999"",""PR0006429""]",context_shift
DEC00108,EVT00759,2023-11-04,Buyer,expedite,"[{""option"":""accept_delay"",""est_cost"":17176.95,""est_stockout_days"":17.0,""risk"":""low"",""note"":""supplier ETA 2023-11-23""},{""option"":""reallocate_stock"",""est_cost"":1011.02,""est_stockout_days"":1.0,""risk"":""medium"",""note"":""inter-plant transfer from P02 (~3 days)""},{""option"":""expedite"",""est_cost"":2033.37,""est_stockout_days"":2.0,""risk"":""medium"",""note"":""air freight quote 26% of lot value, ~5 days door-to-door""}]",expedite,"Chose expedite: expected 2 stockout days / $2,033. Alternatives: accept_delay ~17d / $17,177 (low risk); reallocate_stock ~1d / $1,011 (medium risk). Supplier ETA was 2023-11-23; lot value $49.",2033.37,2.0,4930.77,4.0,failed,2023-11-17,"Same move worked on 2023-09-16 (CAS00228) but not here - conditions differed (co_victims, season): other runs needing the same material were also blocked. Check co_victims, season before reusing a precedent.","[""REV001747"",""REV001749"",""REV001846"",""REV001847"",""RPO005734"",""RPO005951"",""PR0006288""]",context_shift
DEC00109,EVT00785,2023-11-05,Supply Planner,reallocate_stock,"[{""option"":""reallocate_stock"",""est_cost"":41.6,""est_stockout_days"":0.0,""risk"":""low"",""note"":""move 17 units W001->W002""},{""option"":""expedite"",""est_cost"":124.8,""est_stockout_days"":0.0,""risk"":""medium"",""note"":""expedite next inbound PO""},{""option"":""accept_delay"",""est_cost"":380.24,""est_stockout_days"":1.0,""risk"":""medium"",""note"":""wait for replenishment""}]",reallocate_stock,Chose reallocate_stock: expected 0 stockout days / $42. Alternatives: expedite ~0d / $125 (medium risk); accept_delay ~1d / $380 (medium risk). Southwest DC 02 (W002) had 234 units vs ROP 314; source West DC 01 (W001).,41.6,0.0,41.6,0.0,success,2023-12-04,"reallocate stock for Southwest DC 02 (W002) worked: 0 stockout days, $42 vs $42 planned.","[""T0007308"",""M00104203"",""M00104204""]",as_expected
DEC00110,EVT00781,2023-11-06,Buyer,expedite,"[{""option"":""accept_delay"",""est_cost"":27620.22,""est_stockout_days"":16.0,""risk"":""low"",""note"":""supplier ETA 2023-11-25""},{""option"":""switch_supplier"",""est_cost"":27623.42,""est_stockout_days"":16.0,""risk"":""medium"",""note"":""spot lot from SUP0116 in ~19 days""},{""option"":""reallocate_stock"",""est_cost"":3453.57,""est_stockout_days"":2.0,""risk"":""medium"",""note"":""inter-plant transfer from P01 (~5 days)""},{""option"":""expedite"",""est_cost"":17285.4,""est_stockout_days"":10.0,""risk"":""medium"",""note"":""air freight quote 22% of lot value, ~4 days door-to-door""}]",expedite,"Chose expedite: expected 10 stockout days / $17,285. Alternatives: accept_delay ~16d / $27,620 (low risk); switch_supplier ~16d / $27,623 (medium risk); reallocate_stock ~2d / $3,454 (medium risk). Supplier ETA was 2023-11-25; lot value $104.",17285.4,10.0,17285.4,10.0,success,2023-11-26,"expedite for TPE Overmold Grade Grade B (RM0087) at Eastfield Plant (P03) worked: 10 stockout days, $17,285 vs $17,285 planned.","[""REV001815"",""REV001820"",""REV001864"",""REV001867"",""RPO006542"",""RPO006863"",""PR0006359""]",as_expected
DEC00111,EVT00795,2023-11-08,Supply Planner,reallocate_stock,"[{""option"":""reallocate_stock"",""est_cost"":138.92,""est_stockout_days"":0.0,""risk"":""low"",""note"":""move 14 units W010->W003""},{""option"":""expedite"",""est_cost"":416.77,""est_stockout_days"":0.0,""risk"":""medium"",""note"":""expedite next inbound PO""},{""option"":""accept_delay"",""est_cost"":1596.8,""est_stockout_days"":1.0,""risk"":""medium"",""note"":""wait for replenishment""}]",reallocate_stock,"Chose reallocate_stock: expected 0 stockout days / $139. Alternatives: expedite ~0d / $417 (medium risk); accept_delay ~1d / $1,597 (medium risk). Midwest DC 03 (W003) had 402 units vs ROP 489; source Northeast DC 10 (W010).",138.92,0.0,138.92,0.0,success,2023-12-07,"reallocate stock for Midwest DC 03 (W003) worked: 0 stockout days, $139 vs $139 planned.","[""T0008926"",""M00115936"",""M00115937""]",as_expected
DEC00112,EVT00794,2023-11-10,Buyer,cancel_po,"[{""option"":""cancel_po"",""est_cost"":721.8,""est_stockout_days"":0.0,""risk"":""low"",""note"":""stock 3.0x ROP""},{""option"":""accept_delay"",""est_cost"":3559.55,""est_stockout_days"":0.0,""risk"":""low"",""note"":""keep PO, carry the stock""},{""option"":""reduce_allocation"",""est_cost"":2140.68,""est_stockout_days"":0.0,""risk"":""low"",""note"":""halve quantities""}]",cancel_po,"Chose cancel_po: expected 0 stockout days / $722. Alternatives: accept_delay ~0d / $3,560 (low risk); reduce_allocation ~0d / $2,141 (low risk). Stock at Southeast DC 05 (W005) was 3.0x reorder point.",721.8,0.0,721.8,0.0,success,2024-01-09,"cancel po for Supplier 127 (SUP0127) worked: 0 stockout days, $722 vs $722 planned.","[""PO008654""]",as_expected
DEC00113,EVT00800,2023-11-14,Buyer,expedite,"[{""option"":""accept_delay"",""est_cost"":46823.49,""est_stockout_days"":23.0,""risk"":""low"",""note"":""supplier ETA 2023-12-12""},{""option"":""switch_supplier"",""est_cost"":32575.67,""est_stockout_days"":16.0,""risk"":""medium"",""note"":""spot lot from SUP0062 in ~21 days""},{""option"":""reallocate_stock"",""est_cost"":0.85,""est_stockout_days"":0.0,""risk"":""medium"",""note"":""inter-plant transfer from P02 (~3 days)""},{""option"":""expedite"",""est_cost"":33701.72,""est_stockout_days"":11.0,""risk"":""medium"",""note"":""air freight quote 25% of lot value, ~5 days door-to-door""}]",expedite,"Chose expedite: expected 11 stockout days / $33,702. Alternatives: accept_delay ~23d / $46,823 (low risk); switch_supplier ~16d / $32,576 (medium risk); reallocate_stock ~0d / $1 (medium risk). Supplier ETA was 2023-12-12; lot value $50.",33701.72,11.0,39827.05,13.0,partial,2023-12-09,"Same move worked on 2023-09-16 (CAS00228) but not here - conditions differed (co_victims, season, tags): the material landed later than quoted. Check co_victims, season, tags before reusing a precedent.","[""REV001894"",""REV001911"",""RPO006247"",""PR0006578""]",context_shift
DEC00114,EVT00807,2023-11-16,Buyer,cancel_po,"[{""option"":""cancel_po"",""est_cost"":3608.41,""est_stockout_days"":0.0,""risk"":""medium"",""note"":""stock 1.1x ROP""},{""option"":""accept_delay"",""est_cost"":17794.92,""est_stockout_days"":0.0,""risk"":""low"",""note"":""keep PO, carry the stock""},{""option"":""reduce_allocation"",""est_cost"":10701.66,""est_stockout_days"":0.0,""risk"":""low"",""note"":""halve quantities""}]",cancel_po,"Chose cancel_po: expected 0 stockout days / $3,608. Alternatives: accept_delay ~0d / $17,795 (low risk); reduce_allocation ~0d / $10,702 (low risk). Stock at Southeast DC 11 (W011) was 1.1x reorder point.",3608.41,0.0,3608.41,0.0,partial,2024-01-15,"Estimate missed that demand recovered and stock dipped after the cancellation; actual 0 days / $3,608 vs 0 / $3,608. Widen the check before choosing cancel po.","[""PO014169""]",decision_quality
DEC00115,EVT00810,2023-11-17,Buyer,expedite,"[{""option"":""expedite"",""est_cost"":27358.43,""est_stockout_days"":0.0,""risk"":""low"",""note"":""supplier premium 12% of line value""},{""option"":""accept_delay"",""est_cost"":0.0,""est_stockout_days"":0.0,""risk"":""medium"",""note"":""on hand 224 vs ROP 228""},{""option"":""reallocate_stock"",""est_cost"":1367.92,""est_stockout_days"":0.0,""risk"":""medium"",""note"":""pull units from another DC""}]",expedite,"Chose expedite: expected 0 stockout days / $27,358. Alternatives: accept_delay ~0d / $0 (medium risk); reallocate_stock ~0d / $1,368 (medium risk). On hand 224 vs reorder point 228 at Southeast DC 05 (W005).",27358.43,0.0,27358.43,0.0,partial,2023-12-01,"Sound call ex-ante (lowest expected cost) but the supplier missed the expedited date anyway: 0 days, $27,358 vs $27,358. No process change; keep the option open.","[""PO017972"",""M00051290""]",bad_luck
DEC00116,EVT00829,2023-11-22,Supply Planner,accept_delay,"[{""option"":""expedite"",""est_cost"":6.23,""est_stockout_days"":0.0,""risk"":""medium"",""note"":""air freight quote 26% of lot value, ~5 days door-to-door""},{""option"":""reallocate_stock"",""est_cost"":0.06,""est_stockout_days"":0.0,""risk"":""medium"",""note"":""inter-plant transfer from P03 (~3 days)""},{""option"":""accept_delay"",""est_cost"":11723.5,""est_stockout_days"":10.0,""risk"":""low"",""note"":""supplier ETA 2023-12-21""}]",accept_delay,"Chose accept_delay: expected 10 stockout days / $11,724. Alternatives: expedite ~0d / $6 (medium risk); reallocate_stock ~0d / $0 (medium risk). Supplier ETA was 2023-12-21; lot value $24.",11723.5,10.0,11723.5,10.0,success,2023-12-28,"accept delay for UV Flexo White (RM0075) at Maplewood Plant (P02) worked: 10 stockout days, $11,724 vs $11,724 planned.","[""REV001974"",""REV001979"",""RPO006382"",""RPO006704"",""PR0007046""]",as_expected
DEC00117,EVT00710,2023-11-24,Quality Lead,substitute_rm,"[{""option"":""substitute_rm"",""est_cost"":3000.0,""est_stockout_days"":0.0,""risk"":""medium"",""note"":""RM0002 after QA trial""},{""option"":""switch_supplier"",""est_cost"":8000.0,""est_stockout_days"":0.0,""risk"":""high"",""note"":""qualify second source for RM0092 (4-6 months)""},{""option"":""build_safety_stock"",""est_cost"":935.91,""est_stockout_days"":1.0,""risk"":""low"",""note"":""extra cover of RM0092""}]",substitute_rm,"Chose substitute_rm: expected 0 stockout days / $3,000. Alternatives: switch_supplier ~0d / $8,000 (high risk); build_safety_stock ~1d / $936 (low risk).",3000.0,0.0,3000.0,0.0,success,2024-12-14,"substitute rm for Corrugated Divider (RM0092) at Eastfield Plant (P03) worked: 0 stockout days, $3,000 vs $3,000 planned.","[""BOM007713"",""BOM007714"",""BOM007715"",""BOM007716"",""BOM007717"",""BOM007718"",""BOM007719"",""BOM007720"",""BOM007721""]",as_expected
DEC00118,EVT00840,2023-11-29,Buyer,expedite,"[{""option"":""accept_delay"",""est_cost"":19054.84,""est_stockout_days"":13.0,""risk"":""low"",""note"":""supplier ETA 2023-12-14""},{""option"":""reallocate_stock"",""est_cost"":1476.53,""est_stockout_days"":1.0,""risk"":""medium"",""note"":""inter-plant transfer from P01 (~3 days)""},{""option"":""expedite"",""est_cost"":1596.26,""est_stockout_days"":1.0,""risk"":""medium"",""note"":""air freight quote 23% of lot value, ~4 days door-to-door""}]",expedite,"Chose expedite: expected 1 stockout days / $1,596. Alternatives: accept_delay ~13d / $19,055 (low risk); reallocate_stock ~1d / $1,477 (medium risk). Supplier ETA was 2023-12-14; lot value $576.",1596.26,1.0,8925.04,6.0,failed,2023-12-14,"Estimate missed that the material landed later than quoted; actual 6 days / $8,925 vs 1 / $1,596. Widen the check before choosing expedite.","[""REV001949"",""REV001954"",""REV002040"",""REV002045"",""RPO006828"",""RPO007022"",""PR0006847""]",decision_quality
DEC00119,EVT00877,2023-12-06,Buyer,expedite,"[{""option"":""accept_delay"",""est_cost"":10694.19,""est_stockout_days"":9.0,""risk"":""low"",""note"":""supplier ETA 2023-12-22""},{""option"":""switch_supplier"",""est_cost"":13086.69,""est_stockout_days"":11.0,""risk"":""medium"",""note"":""spot lot from SUP0046 in ~18 days""},{""option"":""reallocate_stock"",""est_cost"":4.87,""est_stockout_days"":0.0,""risk"":""medium"",""note"":""inter-plant transfer from P02 (~3 days)""},{""option"":""expedite"",""est_cost"":3601.17,""est_stockout_days"":3.0,""risk"":""medium"",""note"":""air freight quote 22% of lot value, ~4 days door-to-door""}]",expedite,"Chose expedite: expected 3 stockout days / $3,601. Alternatives: accept_delay ~9d / $10,694 (low risk); switch_supplier ~11d / $13,087 (medium risk); reallocate_stock ~0d / $5 (medium risk). Supplier ETA was 2023-12-22; lot value $167.",3601.17,3.0,3601.17,3.0,success,2023-12-23,"expedite for EPDM Gasket Compound (RM0086) at Lakeshore Plant (P01) worked: 3 stockout days, $3,601 vs $3,601 planned.","[""REV002018"",""REV002099"",""RPO007084"",""PR0007095""]",as_expected
DEC00120,EVT00870,2023-12-11,Buyer,expedite,"[{""option"":""expedite"",""est_cost"":6732.05,""est_stockout_days"":0.0,""risk"":""low"",""note"":""supplier premium 12% of line value""},{""option"":""accept_delay"",""est_cost"":0.0,""est_stockout_days"":0.0,""risk"":""medium"",""note"":""on hand 408 vs ROP 459""},{""option"":""reallocate_stock"",""est_cost"":336.6,""est_stockout_days"":0.0,""risk"":""medium"",""note"":""pull units from another DC""}]",expedite,"Chose expedite: expected 0 stockout days / $6,732. Alternatives: accept_delay ~0d / $0 (medium risk); reallocate_stock ~0d / $337 (medium risk). On hand 408 vs reorder point 459 at Southeast DC 05 (W005).",6732.05,0.0,6732.05,0.0,success,2023-12-22,"expedite for Supplier 013 (SUP0013) worked: 0 stockout days, $6,732 vs $6,732 planned.","[""PO013869"",""M00039561""]",as_expected
DEC00121,EVT00834,2023-12-17,Materials Manager,reallocate_stock,"[{""option"":""accept_delay"",""est_cost"":18171.74,""est_stockout_days"":18.0,""risk"":""low"",""note"":""supplier ETA 2024-01-06""},{""option"":""expedite"",""est_cost"":3160.12,""est_stockout_days"":3.0,""risk"":""medium"",""note"":""air freight quote 27% of lot value, ~5 days door-to-door""},{""option"":""switch_supplier"",""est_cost"":22232.68,""est_stockout_days"":22.0,""risk"":""medium"",""note"":""spot lot from SUP0143 in ~24 days""},{""option"":""reallocate_stock"",""est_cost"":5056.56,""est_stockout_days"":5.0,""risk"":""medium"",""note"":""inter-plant transfer from P01 (~3 days)""}]",reallocate_stock,"Chose reallocate_stock: expected 5 stockout days / $5,057. Alternatives: accept_delay ~18d / $18,172 (low risk); expedite ~3d / $3,160 (medium risk); switch_supplier ~22d / $22,233 (medium risk). Supplier ETA was 2024-01-06; lot value $481.",5056.56,5.0,6066.1,6.0,partial,2024-01-01,"Estimate missed that the material landed later than quoted; actual 6 days / $6,066 vs 5 / $5,057. Widen the check before choosing reallocate stock.","[""REV001687"",""REV001969"",""REV001973"",""REV001975"",""REV001982"",""RPO005369"",""RPO006376"",""RPO006513"",""RPO006826"",""RT0000017"",""PR0007215""]",decision_quality
DEC00122,EVT00888,2023-12-19,Buyer,cancel_po,"[{""option"":""cancel_po"",""est_cost"":5630.19,""est_stockout_days"":0.0,""risk"":""low"",""note"":""stock 1.8x ROP""},{""option"":""accept_delay"",""est_cost"":27765.32,""est_stockout_days"":0.0,""risk"":""low"",""note"":""keep PO, carry the stock""},{""option"":""reduce_allocation"",""est_cost"":16697.76,""est_stockout_days"":0.0,""risk"":""low"",""note"":""halve quantities""}]",cancel_po,"Chose cancel_po: expected 0 stockout days / $5,630. Alternatives: accept_delay ~0d / $27,765 (low risk); reduce_allocation ~0d / $16,698 (low risk). Stock at Northeast DC 04 (W004) was 1.8x reorder point.",5630.19,0.0,5630.19,0.0,success,2024-02-17,"cancel po for Supplier 134 (SUP0134) worked: 0 stockout days, $5,630 vs $5,630 planned.","[""PO002911""]",as_expected
DEC00123,EVT00893,2023-12-22,Category Manager,switch_supplier,"[{""option"":""accept_delay"",""est_cost"":8894.93,""est_stockout_days"":8.0,""risk"":""low"",""note"":""supplier ETA 2024-01-21""},{""option"":""expedite"",""est_cost"":463.89,""est_stockout_days"":0.0,""risk"":""medium"",""note"":""air freight quote 25% of lot value, ~5 days door-to-door""},{""option"":""reallocate_stock"",""est_cost"":5.77,""est_stockout_days"":0.0,""risk"":""medium"",""note"":""inter-plant transfer from P01 (~3 days)""},{""option"":""switch_supplier"",""est_cost"":1323.88,""est_stockout_days"":1.0,""risk"":""medium"",""note"":""spot lot from SUP0202 in ~12 days""}]",switch_supplier,"Chose switch_supplier: expected 1 stockout days / $1,324. Alternatives: accept_delay ~8d / $8,895 (low risk); expedite ~0d / $464 (medium risk); reallocate_stock ~0d / $6 (medium risk). Supplier ETA was 2024-01-21; lot value $1,856.",1323.88,1.0,3547.61,3.0,failed,2024-01-23,"Estimate missed that the material landed later than quoted; actual 3 days / $3,548 vs 1 / $1,324. Widen the check before choosing switch supplier.","[""REV002124"",""REV002170"",""REV002176"",""REV002177"",""RPO007030"",""RPO007684"",""RPO007827"",""RPO008322"",""PR0007764""]",decision_quality
DEC00124,EVT00919,2023-12-26,Buyer,expedite,"[{""option"":""expedite"",""est_cost"":14254.18,""est_stockout_days"":0.0,""risk"":""low"",""note"":""supplier premium 6% of line value""},{""option"":""accept_delay"",""est_cost"":0.0,""est_stockout_days"":0.0,""risk"":""medium"",""note"":""on hand 105 vs ROP 379""},{""option"":""reallocate_stock"",""est_cost"":1425.42,""est_stockout_days"":0.0,""risk"":""medium"",""note"":""pull units from another DC""}]",expedite,"Chose expedite: expected 0 stockout days / $14,254. Alternatives: accept_delay ~0d / $0 (medium risk); reallocate_stock ~0d / $1,425 (medium risk). On hand 105 vs reorder point 379 at Midwest DC 03 (W003).",14254.18,0.0,14254.18,0.0,success,2024-01-10,"expedite for Supplier 247 (SUP0247) worked: 0 stockout days, $14,254 vs $14,254 planned.","[""PO015697"",""M00044774""]",as_expected
DEC00125,EVT00688,2023-12-29,Materials Manager,build_safety_stock,"[{""option"":""build_safety_stock"",""est_cost"":14421.11,""est_stockout_days"":10.4,""risk"":""low"",""note"":""+7 days of cover (36.5 ea)""},{""option"":""accept_delay"",""est_cost"":7623.02,""est_stockout_days"":5.5,""risk"":""high"",""note"":""keep current buffer""},{""option"":""expedite"",""est_cost"":3819.85,""est_stockout_days"":2.8,""risk"":""medium"",""note"":""expedite case by case""}]",build_safety_stock,"Chose build_safety_stock: expected 10.4 stockout days / $14,421. Alternatives: accept_delay ~5.5d / $7,623 (high risk); expedite ~2.8d / $3,820 (medium risk).",14421.11,10.4,95207.97,70.0,failed,2024-12-31,"Sound call ex-ante (lowest expected cost) but a later disruption was longer than the extra buffer: 70 days, $95,208 vs $14,421. No process change; keep the option open.","[""RM0092|P05|2024-01-07"",""RM0092|P05|2023-12-31""]",bad_luck
DEC00126,EVT00970,2024-01-01,Supply Planner,accept_delay,"[{""option"":""expedite"",""est_cost"":38.44,""est_stockout_days"":0.0,""risk"":""medium"",""note"":""air freight quote 25% of lot value, ~5 days door-to-door""},{""option"":""switch_supplier"",""est_cost"":3.76,""est_stockout_days"":0.0,""risk"":""medium"",""note"":""spot lot from SUP0047 in ~17 days""},{""option"":""reallocate_stock"",""est_cost"":1.18,""est_stockout_days"":0.0,""risk"":""medium"",""note"":""inter-plant transfer from P01 (~3 days)""},{""option"":""accept_delay"",""est_cost"":4442.91,""est_stockout_days"":6.0,""risk"":""low"",""note"":""supplier ETA 2024-01-29""}]",accept_delay,"Chose accept_delay: expected 6 stockout days / $4,443. Alternatives: expedite ~0d / $38 (medium risk); switch_supplier ~0d / $4 (medium risk); reallocate_stock ~0d / $1 (medium risk). Supplier ETA was 2024-01-29; lot value $154.",4442.91,6.0,4442.91,6.0,success,2024-02-05,"accept delay for Stretch Wrap 23um Grade B (RM0083) at Riverbend Plant (P04) worked: 6 stockout days, $4,443 vs $4,443 planned.","[""REV002290"",""REV002291"",""RPO007601"",""RPO007911"",""PR0007967""]",as_expected
DEC00127,EVT00689,2024-01-05,Materials Manager,build_safety_stock,"[{""option"":""build_safety_stock"",""est_cost"":18307.72,""est_stockout_days"":13.2,""risk"":""low"",""note"":""+6 days of cover (2.5 kg)""},{""option"":""accept_delay"",""est_cost"":13860.04,""est_stockout_days"":10.0,""risk"":""high"",""note"":""keep current buffer""},{""option"":""expedite"",""est_cost"":6945.6,""est_stockout_days"":5.0,""risk"":""medium"",""note"":""expedite case by case""}]",build_safety_stock,"Chose build_safety_stock: expected 13.2 stockout days / $18,308. Alternatives: accept_delay ~10d / $13,860 (high risk); expedite ~5d / $6,946 (medium risk).",18307.72,13.2,12.47,0.0,success,2025-01-07,"build safety stock for Fresh Linen Accord (RM0011) at Maplewood Plant (P02) worked: 0 stockout days, $12 vs $18,308 planned.","[""RM0011|P02|2024-01-14"",""RM0011|P02|2024-01-07""]",as_expected
DEC00128,EVT00690,2024-01-05,Materials Manager,build_safety_stock,"[{""option"":""build_safety_stock"",""est_cost"":13325.53,""est_stockout_days"":9.6,""risk"":""low"",""note"":""+9 days of cover (65.4 kg)""},{""option"":""accept_delay"",""est_cost"":7623.02,""est_stockout_days"":5.5,""risk"":""high"",""note"":""keep current buffer""},{""option"":""expedite"",""est_cost"":3836.38,""est_stockout_days"":2.8,""risk"":""medium"",""note"":""expedite case by case""}]",build_safety_stock,"Chose build_safety_stock: expected 9.6 stockout days / $13,326. Alternatives: accept_delay ~5.5d / $7,623 (high risk); expedite ~2.8d / $3,836 (medium risk).",13325.53,9.6,38755.03,29.0,failed,2025-01-07,"Sound call ex-ante (lowest expected cost) but a later disruption was longer than the extra buffer: 29 days, $38,755 vs $13,326. No process change; keep the option open.","[""RM0089|P04|2024-01-14"",""RM0089|P04|2024-01-07""]",bad_luck
DEC00129,EVT00958,2024-01-08,Buyer,expedite,"[{""option"":""expedite"",""est_cost"":30558.7,""est_stockout_days"":0.0,""risk"":""low"",""note"":""supplier premium 12% of line value""},{""option"":""accept_delay"",""est_cost"":0.0,""est_stockout_days"":0.0,""risk"":""medium"",""note"":""on hand 127 vs ROP 406""},{""option"":""reallocate_stock"",""est_cost"":1527.94,""est_stockout_days"":0.0,""risk"":""medium"",""note"":""pull units from another DC""}]",expedite,"Chose expedite: expected 0 stockout days / $30,559. Alternatives: accept_delay ~0d / $0 (medium risk); reallocate_stock ~0d / $1,528 (medium risk). On hand 127 vs reorder point 406 at Southeast DC 05 (W005).",30558.7,0.0,30558.7,0.0,success,2024-01-18,"expedite for Supplier 230 (SUP0230) worked: 0 stockout days, $30,559 vs $30,559 planned.","[""PO015507"",""M00044243""]",as_expected
DEC00130,EVT00964,2024-01-09,Supply Planner,reallocate_stock,"[{""option"":""reallocate_stock"",""est_cost"":292.68,""est_stockout_days"":0.0,""risk"":""low"",""note"":""move 24 units W007->W008""},{""option"":""expedite"",""est_cost"":878.05,""est_stockout_days"":0.0,""risk"":""medium"",""note"":""expedite next inbound PO""},{""option"":""accept_delay"",""est_cost"":2399.06,""est_stockout_days"":1.0,""risk"":""medium"",""note"":""wait for replenishment""}]",reallocate_stock,"Chose reallocate_stock: expected 0 stockout days / $293. Alternatives: expedite ~0d / $878 (medium risk); accept_delay ~1d / $2,399 (medium risk). Southwest DC 08 (W008) had 383 units vs ROP 394; source West DC 07 (W007).",292.68,0.0,292.68,0.0,success,2024-02-07,"reallocate stock for Southwest DC 08 (W008) worked: 0 stockout days, $293 vs $293 planned.","[""T0002988"",""M00073053"",""M00073054""]",as_expected
DEC00131,EVT00965,2024-01-10,Buyer,expedite,"[{""option"":""expedite"",""est_cost"":7963.0,""est_stockout_days"":0.0,""risk"":""low"",""note"":""supplier premium 6% of line value""},{""option"":""accept_delay"",""est_cost"":0.0,""est_stockout_days"":0.0,""risk"":""medium"",""note"":""on hand 145 vs ROP 320""},{""option"":""reallocate_stock"",""est_cost"":796.3,""est_stockout_days"":0.0,""risk"":""medium"",""note"":""pull units from another DC""}]",expedite,"Chose expedite: expected 0 stockout days / $7,963. Alternatives: accept_delay ~0d / $0 (medium risk); reallocate_stock ~0d / $796 (medium risk). On hand 145 vs reorder point 320 at West DC 01 (W001).",7963.0,0.0,7963.0,0.0,success,2024-01-23,"expedite for Supplier 179 (SUP0179) worked: 0 stockout days, $7,963 vs $7,963 planned.","[""PO003711"",""M00010466""]",as_expected
DEC00132,EVT01030,2024-01-14,Supply Planner,accept_delay,"[{""option"":""expedite"",""est_cost"":8.28,""est_stockout_days"":0.0,""risk"":""medium"",""note"":""air freight quote 26% of lot value, ~5 days door-to-door""},{""option"":""reallocate_stock"",""est_cost"":0.43,""est_stockout_days"":0.0,""risk"":""medium"",""note"":""inter-plant transfer from P02 (~3 days)""},{""option"":""accept_delay"",""est_cost"":1845.48,""est_stockout_days"":2.0,""risk"":""low"",""note"":""supplier ETA 2024-02-12""}]",accept_delay,"Chose accept_delay: expected 2 stockout days / $1,845. Alternatives: expedite ~0d / $8 (medium risk); reallocate_stock ~0d / $0 (medium risk). Supplier ETA was 2024-02-12; lot value $32.",1845.48,2.0,1845.48,2.0,success,2024-02-19,"accept delay for UV Flexo White (RM0075) at Eastfield Plant (P03) worked: 2 stockout days, $1,845 vs $1,845 planned.","[""REV002385"",""REV002387"",""REV002388"",""REV002389"",""RPO007899"",""RPO008054"",""RPO008237"",""RPO008388"",""PR0008358""]",as_expected
DEC00133,EVT01041,2024-01-20,Supply Planner,accept_delay,"[{""option"":""expedite"",""est_cost"":8.49,""est_stockout_days"":0.0,""risk"":""medium"",""note"":""air freight quote 25% of lot value, ~5 days door-to-door""},{""option"":""reallocate_stock"",""est_cost"":0.83,""est_stockout_days"":0.0,""risk"":""medium"",""note"":""inter-plant transfer from P03 (~3 days)""},{""option"":""accept_delay"",""est_cost"":6337.27,""est_stockout_days"":8.0,""risk"":""low"",""note"":""supplier ETA 2024-03-09""}]",accept_delay,"Chose accept_delay: expected 8 stockout days / $6,337. Alternatives: expedite ~0d / $8 (medium risk); reallocate_stock ~0d / $1 (medium risk). Supplier ETA was 2024-03-09; lot value $34.",6337.27,8.0,6337.27,8.0,success,2024-03-16,"accept delay for Process Cyan Ink (RM0072) at Maplewood Plant (P02) worked: 8 stockout days, $6,337 vs $6,337 planned.","[""REV002433"",""REV002435"",""RPO008038"",""RPO008859"",""PR0008742""]",as_expected
DEC00134,EVT01038,2024-01-22,Buyer,expedite,"[{""option"":""accept_delay"",""est_cost"":21069.99,""est_stockout_days"":15.0,""risk"":""low"",""note"":""supplier ETA 2024-03-09""},{""option"":""switch_supplier"",""est_cost"":1.55,""est_stockout_days"":0.0,""risk"":""medium"",""note"":""spot lot from SUP0197 in ~6 days""},{""option"":""reallocate_stock"",""est_cost"":0.49,""est_stockout_days"":0.0,""risk"":""medium"",""note"":""inter-plant transfer from P01 (~3 days)""},{""option"":""expedite"",""est_cost"":23.73,""est_stockout_days"":0.0,""risk"":""medium"",""note"":""air freight quote 26% of lot value, ~5 days door-to-door""}]",expedite,"Chose expedite: expected 0 stockout days / $24. Alternatives: accept_delay ~15d / $21,070 (low risk); switch_supplier ~0d / $2 (medium risk); reallocate_stock ~0d / $0 (medium risk). Supplier ETA was 2024-03-09; lot value $91.",23.73,0.0,2833.06,2.0,failed,2024-03-03,"Estimate missed that the material landed later than quoted; actual 2 days / $2,833 vs 0 / $24. Widen the check before choosing expedite.","[""REV002309"",""REV002312"",""REV002315"",""REV002316"",""REV002319"",""REV002449"",""REV002450"",""REV002452"",""REV002454"",""REV002458"",""RPO007153"",""RPO007484"",""RPO007819"",""RPO008164"",""RPO008509"",""PR0008583""]",decision_quality
DEC00135,EVT01028,2024-01-23,Supply Planner,accept_delay,"[{""option"":""expedite"",""est_cost"":20.61,""est_stockout_days"":0.0,""risk"":""medium"",""note"":""air freight quote 26% of lot value, ~5 days door-to-door""},{""option"":""reallocate_stock"",""est_cost"":0.65,""est_stockout_days"":0.0,""risk"":""medium"",""note"":""inter-plant transfer from P03 (~3 days)""},{""option"":""accept_delay"",""est_cost"":2026.26,""est_stockout_days"":7.0,""risk"":""low"",""note"":""supplier ETA 2024-02-12""}]",accept_delay,"Chose accept_delay: expected 7 stockout days / $2,026. Alternatives: expedite ~0d / $21 (medium risk); reallocate_stock ~0d / $1 (medium risk). Supplier ETA was 2024-02-12; lot value $81.",2026.26,7.0,10395.95,7.0,failed,2024-02-19,"Same move worked on 2023-11-22 (CAS00120) but not here - conditions differed (season, tags): other runs needing the same material were also blocked. Check season, tags before reusing a precedent.","[""REV002453"",""REV002456"",""REV002457"",""RPO008039"",""RPO008182"",""RPO008371"",""PR0008234""]",context_shift
DEC00136,EVT00993,2024-01-24,Buyer,expedite,"[{""option"":""expedite"",""est_cost"":22371.55,""est_stockout_days"":0.0,""risk"":""low"",""note"":""supplier premium 12% of line value""},{""option"":""accept_delay"",""est_cost"":0.0,""est_stockout_days"":0.0,""risk"":""medium"",""note"":""on hand 174 vs ROP 208""},{""option"":""reallocate_stock"",""est_cost"":1118.58,""est_stockout_days"":0.0,""risk"":""medium"",""note"":""pull units from another DC""}]",expedite,"Chose expedite: expected 0 stockout days / $22,372. Alternatives: accept_delay ~0d / $0 (medium risk); reallocate_stock ~0d / $1,119 (medium risk). On hand 174 vs reorder point 208 at Southeast DC 05 (W005).",22371.55,0.0,22371.55,0.0,failed,2024-02-14,"Sound call ex-ante (lowest expected cost) but the supplier missed the expedited date anyway: 0 days, $22,372 vs $22,372. No process change; keep the option open.","[""PO015074"",""M00043025""]",bad_luck
DEC00137,EVT00776,2024-02-03,Category Manager,renegotiate,"[{""option"":""renegotiate"",""est_cost"":2000.0,""est_stockout_days"":0.0,""risk"":""medium"",""note"":""performance agreement with credits""},{""option"":""reduce_allocation"",""est_cost"":6000.0,""est_stockout_days"":0.0,""risk"":""medium"",""note"":""shift volume to second source""},{""option"":""build_safety_stock"",""est_cost"":9000.0,""est_stockout_days"":0.0,""risk"":""low"",""note"":""carry extra cover""}]",renegotiate,"Chose renegotiate: expected 0 stockout days / $2,000. Alternatives: reduce_allocation ~0d / $6,000 (medium risk); build_safety_stock ~0d / $9,000 (low risk).",2000.0,0.0,165248.4,106.0,failed,2024-08-27,"Estimate missed that the supplier kept slipping after the agreement; actual 106 days / $165,248 vs 0 / $2,000. Widen the check before choosing renegotiate.","[""NEG00048""]",decision_quality
DEC00138,EVT01053,2024-02-18,Buyer,cancel_po,"[{""option"":""cancel_po"",""est_cost"":420.21,""est_stockout_days"":0.0,""risk"":""low"",""note"":""stock 2.0x ROP""},{""option"":""accept_delay"",""est_cost"":2072.26,""est_stockout_days"":0.0,""risk"":""low"",""note"":""keep PO, carry the stock""},{""option"":""reduce_allocation"",""est_cost"":1246.24,""est_stockout_days"":0.0,""risk"":""low"",""note"":""halve quantities""}]",cancel_po,"Chose cancel_po: expected 0 stockout days / $420. Alternatives: accept_delay ~0d / $2,072 (low risk); reduce_allocation ~0d / $1,246 (low risk). Stock at Southeast DC 11 (W011) was 2.0x reorder point.",420.21,0.0,420.21,0.0,success,2024-04-18,"cancel po for Supplier 091 (SUP0091) worked: 0 stockout days, $420 vs $420 planned.","[""PO005243""]",as_expected
DEC00139,EVT01002,2024-02-18,Quality Lead,substitute_rm,"[{""option"":""substitute_rm"",""est_cost"":3000.0,""est_stockout_days"":0.0,""risk"":""medium"",""note"":""RM0053 after QA trial""},{""option"":""switch_supplier"",""est_cost"":8000.0,""est_stockout_days"":0.0,""risk"":""high"",""note"":""qualify second source for RM0055 (4-6 months)""},{""option"":""build_safety_stock"",""est_cost"":149.51,""est_stockout_days"":1.0,""risk"":""low"",""note"":""extra cover of RM0055""}]",substitute_rm,"Chose substitute_rm: expected 0 stockout days / $3,000. Alternatives: switch_supplier ~0d / $8,000 (high risk); build_safety_stock ~1d / $150 (low risk).",3000.0,0.0,3000.0,0.0,success,2025-03-10,"substitute rm for SAP Sodium Polyacrylate Grade B (RM0055) at Lakeshore Plant (P01) worked: 0 stockout days, $3,000 vs $3,000 planned.","[""BOM006985"",""BOM006986"",""BOM006987"",""BOM006988"",""BOM006989"",""BOM006990"",""BOM006991""]",as_expected
DEC00140,EVT01091,2024-02-19,Supply Planner,accept_delay,"[{""option"":""expedite"",""est_cost"":100.15,""est_stockout_days"":0.0,""risk"":""medium"",""note"":""air freight quote 23% of lot value, ~4 days door-to-door""},{""option"":""reallocate_stock"",""est_cost"":4.12,""est_stockout_days"":0.0,""risk"":""medium"",""note"":""inter-plant transfer from P01 (~3 days)""},{""option"":""accept_delay"",""est_cost"":4090.61,""est_stockout_days"":8.0,""risk"":""low"",""note"":""supplier ETA 2024-03-24""}]",accept_delay,"Chose accept_delay: expected 8 stockout days / $4,091. Alternatives: expedite ~0d / $100 (medium risk); reallocate_stock ~0d / $4 (medium risk). Supplier ETA was 2024-03-24; lot value $442.",4090.61,8.0,4090.61,8.0,success,2024-03-31,"accept delay for SAP Sodium Polyacrylate Grade B (RM0055) at Maplewood Plant (P02) worked: 8 stockout days, $4,091 vs $4,091 planned.","[""REV002665"",""REV002668"",""RPO009166"",""RPO009492"",""PR0009077""]",as_expected
DEC00141,EVT01060,2024-02-21,Buyer,cancel_po,"[{""option"":""cancel_po"",""est_cost"":2125.08,""est_stockout_days"":0.0,""risk"":""low"",""note"":""stock 2.4x ROP""},{""option"":""accept_delay"",""est_cost"":10479.83,""est_stockout_days"":0.0,""risk"":""low"",""note"":""keep PO, carry the stock""},{""option"":""reduce_allocation"",""est_cost"":6302.45,""est_stockout_days"":0.0,""risk"":""low"",""note"":""halve quantities""}]",cancel_po,"Chose cancel_po: expected 0 stockout days / $2,125. Alternatives: accept_delay ~0d / $10,480 (low risk); reduce_allocation ~0d / $6,302 (low risk). Stock at Southeast DC 05 (W005) was 2.4x reorder point.",2125.08,0.0,2125.08,0.0,partial,2024-04-21,Same move worked on 2023-09-13 (PO007651) but not here - conditions differed (season): demand recovered and stock dipped after the cancellation. Check season before reusing a precedent.,"[""PO013796""]",context_shift
DEC00142,EVT01122,2024-02-22,Supply Planner,accept_delay,"[{""option"":""expedite"",""est_cost"":32.04,""est_stockout_days"":0.0,""risk"":""medium"",""note"":""air freight quote 25% of lot value, ~5 days door-to-door""},{""option"":""switch_supplier"",""est_cost"":5.75,""est_stockout_days"":0.0,""risk"":""medium"",""note"":""spot lot from SUP0047 in ~17 days""},{""option"":""reallocate_stock"",""est_cost"":1.69,""est_stockout_days"":0.0,""risk"":""medium"",""note"":""inter-plant transfer from P01 (~3 days)""},{""option"":""accept_delay"",""est_cost"":7326.93,""est_stockout_days"":4.0,""risk"":""low"",""note"":""supplier ETA 2024-03-26""}]",accept_delay,"Chose accept_delay: expected 4 stockout days / $7,327. Alternatives: expedite ~0d / $32 (medium risk); switch_supplier ~0d / $6 (medium risk); reallocate_stock ~0d / $2 (medium risk). Supplier ETA was 2024-03-26; lot value $128.",7326.93,4.0,7326.93,4.0,success,2024-04-02,"accept delay for Stretch Wrap 23um Grade B (RM0083) at Riverbend Plant (P04) worked: 4 stockout days, $7,327 vs $7,327 planned.","[""REV002676"",""REV002679"",""RPO008958"",""RPO009287"",""PR0009249""]",as_expected
DEC00143,EVT01112,2024-02-26,Supply Planner,accept_delay,"[{""option"":""expedite"",""est_cost"":5.42,""est_stockout_days"":0.0,""risk"":""medium"",""note"":""air freight quote 26% of lot value, ~5 days door-to-door""},{""option"":""reallocate_stock"",""est_cost"":0.82,""est_stockout_days"":0.0,""risk"":""medium"",""note"":""inter-plant transfer from P02 (~3 days)""},{""option"":""accept_delay"",""est_cost"":811.97,""est_stockout_days"":3.0,""risk"":""low"",""note"":""supplier ETA 2024-03-11""}]",accept_delay,Chose accept_delay: expected 3 stockout days / $812. Alternatives: expedite ~0d / $5 (medium risk); reallocate_stock ~0d / $1 (medium risk). Supplier ETA was 2024-03-11; lot value $21.,811.97,3.0,811.97,3.0,success,2024-03-18,"accept delay for UV Flexo White (RM0075) at Eastfield Plant (P03) worked: 3 stockout days, $812 vs $812 planned.","[""REV002707"",""RPO008904"",""PR0008904""]",as_expected
DEC00144,EVT01085,2024-03-02,Buyer,expedite,"[{""option"":""expedite"",""est_cost"":6989.75,""est_stockout_days"":0.0,""risk"":""low"",""note"":""supplier premium 12% of line value""},{""option"":""accept_delay"",""est_cost"":0.0,""est_stockout_days"":0.0,""risk"":""medium"",""note"":""on hand 101 vs ROP 126""},{""option"":""reallocate_stock"",""est_cost"":349.49,""est_stockout_days"":0.0,""risk"":""medium"",""note"":""pull units from another DC""}]",expedite,"Chose expedite: expected 0 stockout days / $6,990. Alternatives: accept_delay ~0d / $0 (medium risk); reallocate_stock ~0d / $349 (medium risk). On hand 101 vs reorder point 126 at Southeast DC 05 (W005).",6989.75,0.0,6989.75,0.0,partial,2024-03-16,"Sound call ex-ante (lowest expected cost) but the supplier missed the expedited date anyway: 0 days, $6,990 vs $6,990. No process change; keep the option open.","[""PO016132"",""M00045967""]",bad_luck
DEC00145,EVT01110,2024-03-08,Supply Planner,accept_delay,"[{""option"":""accept_delay"",""est_cost"":222.57,""est_stockout_days"":0.0,""risk"":""low"",""note"":""accept shortfall of 513 units""},{""option"":""expedite"",""est_cost"":1203.74,""est_stockout_days"":0.0,""risk"":""medium"",""note"":""rush the balance""},{""option"":""renegotiate"",""est_cost"":1500.0,""est_stockout_days"":0.0,""risk"":""medium"",""note"":""claim short-shipment credit""}]",accept_delay,"Chose accept_delay: expected 0 stockout days / $223. Alternatives: expedite ~0d / $1,204 (medium risk); renegotiate ~0d / $1,500 (medium risk).",222.57,0.0,222.57,0.0,success,2024-05-07,"accept delay for Supplier 237 (SUP0237) worked: 0 stockout days, $223 vs $223 planned.","[""PO017672"",""M00050384"",""M00050385"",""M00050386"",""M00050387"",""M00050388""]",as_expected
DEC00146,EVT01090,2024-03-13,Buyer,expedite,"[{""option"":""accept_delay"",""est_cost"":22543.96,""est_stockout_days"":19.0,""risk"":""low"",""note"":""supplier ETA 2024-04-05""},{""option"":""switch_supplier"",""est_cost"":14261.76,""est_stockout_days"":12.0,""risk"":""medium"",""note"":""spot lot from SUP0182 in ~16 days""},{""option"":""reallocate_stock"",""est_cost"":8.5,""est_stockout_days"":0.0,""risk"":""medium"",""note"":""inter-plant transfer from P01 (~3 days)""},{""option"":""expedite"",""est_cost"":1266.69,""est_stockout_days"":1.0,""risk"":""medium"",""note"":""air freight quote 20% of lot value, ~4 days door-to-door""}]",expedite,"Chose expedite: expected 1 stockout days / $1,267. Alternatives: accept_delay ~19d / $22,544 (low risk); switch_supplier ~12d / $14,262 (medium risk); reallocate_stock ~0d / $8 (medium risk). Supplier ETA was 2024-04-05; lot value $404.",1266.69,1.0,7199.32,6.0,failed,2024-03-30,"Estimate missed that the material landed later than quoted; actual 6 days / $7,199 vs 1 / $1,267. Widen the check before choosing expedite.","[""REV002749"",""REV002833"",""RPO009831"",""PR0009124""]",decision_quality
DEC00147,EVT01121,2024-03-14,Buyer,cancel_po,"[{""option"":""cancel_po"",""est_cost"":4142.79,""est_stockout_days"":0.0,""risk"":""medium"",""note"":""stock 1.5x ROP""},{""option"":""accept_delay"",""est_cost"":20430.18,""est_stockout_days"":0.0,""risk"":""low"",""note"":""keep PO, carry the stock""},{""option"":""reduce_allocation"",""est_cost"":12286.49,""est_stockout_days"":0.0,""risk"":""low"",""note"":""halve quantities""}]",cancel_po,"Chose cancel_po: expected 0 stockout days / $4,143. Alternatives: accept_delay ~0d / $20,430 (low risk); reduce_allocation ~0d / $12,286 (low risk). Stock at West DC 01 (W001) was 1.5x reorder point.",4142.79,0.0,4142.79,0.0,partial,2024-05-13,"Estimate missed that demand recovered and stock dipped after the cancellation; actual 0 days / $4,143 vs 0 / $4,143. Widen the check before choosing cancel po.","[""PO008903""]",decision_quality
DEC00148,EVT01130,2024-03-15,Supply Planner,accept_delay,"[{""option"":""expedite"",""est_cost"":74.35,""est_stockout_days"":0.0,""risk"":""medium"",""note"":""air freight quote 22% of lot value, ~4 days door-to-door""},{""option"":""switch_supplier"",""est_cost"":23431.56,""est_stockout_days"":12.0,""risk"":""medium"",""note"":""spot lot from SUP0046 in ~18 days""},{""option"":""reallocate_stock"",""est_cost"":7.99,""est_stockout_days"":0.0,""risk"":""medium"",""note"":""inter-plant transfer from P01 (~3 days)""},{""option"":""accept_delay"",""est_cost"":21454.85,""est_stockout_days"":11.0,""risk"":""low"",""note"":""supplier ETA 2024-04-01""}]",accept_delay,"Chose accept_delay: expected 11 stockout days / $21,455. Alternatives: expedite ~0d / $74 (medium risk); switch_supplier ~12d / $23,432 (medium risk); reallocate_stock ~0d / $8 (medium risk). Supplier ETA was 2024-04-01; lot value $341.",21454.85,11.0,21454.85,11.0,success,2024-04-08,"accept delay for EPDM Gasket Compound (RM0086) at Maplewood Plant (P02) worked: 11 stockout days, $21,455 vs $21,455 planned.","[""REV002768"",""REV002838"",""REV002842"",""RPO009468"",""RPO009809"",""PR0009246""]",as_expected
DEC00149,EVT01128,2024-03-16,Buyer,expedite,"[{""option"":""expedite"",""est_cost"":2847.34,""est_stockout_days"":0.0,""risk"":""low"",""note"":""supplier premium 12% of line value""},{""option"":""accept_delay"",""est_cost"":0.0,""est_stockout_days"":0.0,""risk"":""medium"",""note"":""on hand 197 vs ROP 403""},{""option"":""reallocate_stock"",""est_cost"":142.37,""est_stockout_days"":0.0,""risk"":""medium"",""note"":""pull units from another DC""}]",expedite,"Chose expedite: expected 0 stockout days / $2,847. Alternatives: accept_delay ~0d / $0 (medium risk); reallocate_stock ~0d / $142 (medium risk). On hand 197 vs reorder point 403 at Southeast DC 05 (W005).",2847.34,0.0,2847.34,0.0,partial,2024-03-31,"Sound call ex-ante (lowest expected cost) but the supplier missed the expedited date anyway: 0 days, $2,847 vs $2,847. No process change; keep the option open.","[""PO004126"",""M00011683""]",bad_luck
DEC00150,EVT01134,2024-03-17,Supply Planner,accept_delay,"[{""option"":""accept_delay"",""est_cost"":1693.56,""est_stockout_days"":0.0,""risk"":""low"",""note"":""accept shortfall of 484 units""},{""option"":""expedite"",""est_cost"":18050.97,""est_stockout_days"":0.0,""risk"":""medium"",""note"":""rush the balance""},{""option"":""renegotiate"",""est_cost"":1500.0,""est_stockout_days"":0.0,""risk"":""medium"",""note"":""claim short-shipment credit""}]",accept_delay,"Chose accept_delay: expected 0 stockout days / $1,694. Alternatives: expedite ~0d / $18,051 (medium risk); renegotiate ~0d / $1,500 (medium risk).",1693.56,0.0,1693.56,0.0,success,2024-05-16,"accept delay for Supplier 247 (SUP0247) worked: 0 stockout days, $1,694 vs $1,694 planned.","[""PO007352"",""M00020865"",""M00020866"",""M00020867""]",as_expected
DEC00151,EVT01170,2024-03-27,Buyer,expedite,"[{""option"":""expedite"",""est_cost"":8244.94,""est_stockout_days"":0.0,""risk"":""low"",""note"":""supplier premium 12% of line value""},{""option"":""accept_delay"",""est_cost"":0.0,""est_stockout_days"":0.0,""risk"":""medium"",""note"":""on hand 413 vs ROP 461""},{""option"":""reallocate_stock"",""est_cost"":412.25,""est_stockout_days"":0.0,""risk"":""medium"",""note"":""pull units from another DC""}]",expedite,"Chose expedite: expected 0 stockout days / $8,245. Alternatives: accept_delay ~0d / $0 (medium risk); reallocate_stock ~0d / $412 (medium risk). On hand 413 vs reorder point 461 at Southeast DC 05 (W005).",8244.94,0.0,8244.94,0.0,success,2024-04-08,"expedite for Supplier 248 (SUP0248) worked: 0 stockout days, $8,245 vs $8,245 planned.","[""PO003928"",""M00011128""]",as_expected
DEC00152,EVT01226,2024-03-28,Supply Planner,accept_delay,"[{""option"":""expedite"",""est_cost"":14.78,""est_stockout_days"":0.0,""risk"":""medium"",""note"":""air freight quote 19% of lot value, ~4 days door-to-door""},{""option"":""switch_supplier"",""est_cost"":5.37,""est_stockout_days"":0.0,""risk"":""medium"",""note"":""spot lot from SUP0197 in ~6 days""},{""option"":""reallocate_stock"",""est_cost"":1.83,""est_stockout_days"":0.0,""risk"":""medium"",""note"":""inter-plant transfer from P01 (~3 days)""},{""option"":""accept_delay"",""est_cost"":25987.88,""est_stockout_days"":11.0,""risk"":""low"",""note"":""supplier ETA 2024-04-26""}]",accept_delay,"Chose accept_delay: expected 11 stockout days / $25,988. Alternatives: expedite ~0d / $15 (medium risk); switch_supplier ~0d / $5 (medium risk); reallocate_stock ~0d / $2 (medium risk). Supplier ETA was 2024-04-26; lot value $76.",25987.88,11.0,25987.88,11.0,success,2024-05-03,"accept delay for Paper Label Stock 60# (RM0103) at Maplewood Plant (P02) worked: 11 stockout days, $25,988 vs $25,988 planned.","[""REV002928"",""RPO010539"",""PR0009825""]",as_expected
DEC00153,EVT01181,2024-03-28,Supply Planner,accept_delay,"[{""option"":""expedite"",""est_cost"":75.61,""est_stockout_days"":0.0,""risk"":""medium"",""note"":""air freight quote 25% of lot value, ~5 days door-to-door""},{""option"":""switch_supplier"",""est_cost"":9.07,""est_stockout_days"":0.0,""risk"":""medium"",""note"":""spot lot from SUP0047 in ~17 days""},{""option"":""reallocate_stock"",""est_cost"":2.68,""est_stockout_days"":0.0,""risk"":""medium"",""note"":""inter-plant transfer from P01 (~6 days)""},{""option"":""accept_delay"",""est_cost"":7191.36,""est_stockout_days"":2.0,""risk"":""low"",""note"":""supplier ETA 2024-04-19""}]",accept_delay,"Chose accept_delay: expected 2 stockout days / $7,191. Alternatives: expedite ~0d / $76 (medium risk); switch_supplier ~0d / $9 (medium risk); reallocate_stock ~0d / $3 (medium risk). Supplier ETA was 2024-04-19; lot value $302.",7191.36,2.0,7191.36,2.0,success,2024-04-26,"accept delay for Stretch Wrap 23um Grade B (RM0083) at Northgate Plant (P05) worked: 2 stockout days, $7,191 vs $7,191 planned.","[""REV002921"",""REV002925"",""RPO009658"",""RPO009987"",""PR0009897""]",as_expected
DEC00154,EVT00961,2024-03-29,Materials Manager,build_safety_stock,"[{""option"":""build_safety_stock"",""est_cost"":3902.26,""est_stockout_days"":2.8,""risk"":""low"",""note"":""+6 days of cover (2.8 kg)""},{""option"":""accept_delay"",""est_cost"":3465.01,""est_stockout_days"":2.5,""risk"":""high"",""note"":""keep current buffer""},{""option"":""expedite"",""est_cost"":1759.32,""est_stockout_days"":1.2,""risk"":""medium"",""note"":""expedite case by case""}]",build_safety_stock,"Chose build_safety_stock: expected 2.8 stockout days / $3,902. Alternatives: accept_delay ~2.5d / $3,465 (high risk); expedite ~1.2d / $1,759 (medium risk).",3902.26,2.8,23991.06,7.0,failed,2025-04-01,"Sound call ex-ante (lowest expected cost) but a later disruption was longer than the extra buffer: 7 days, $23,991 vs $3,902. No process change; keep the option open.","[""RM0029|P04|2024-04-07"",""RM0029|P04|2024-03-31""]",bad_luck
DEC00155,EVT00962,2024-03-29,Materials Manager,build_safety_stock,"[{""option"":""build_safety_stock"",""est_cost"":1.0,""est_stockout_days"":0.0,""risk"":""low"",""note"":""+6 days of cover (325.6 ea)""},{""option"":""accept_delay"",""est_cost"":2772.01,""est_stockout_days"":2.0,""risk"":""high"",""note"":""keep current buffer""},{""option"":""expedite"",""est_cost"":1387.25,""est_stockout_days"":1.0,""risk"":""medium"",""note"":""expedite case by case""}]",build_safety_stock,"Chose build_safety_stock: expected 0 stockout days / $1. Alternatives: accept_delay ~2d / $2,772 (high risk); expedite ~1d / $1,387 (medium risk).",1.0,0.0,7569.87,11.0,failed,2025-04-01,"Sound call ex-ante (lowest expected cost) but a later disruption was longer than the extra buffer: 11 days, $7,570 vs $1. No process change; keep the option open.","[""RM0104|P05|2024-04-07"",""RM0104|P05|2024-03-31""]",bad_luck
DEC00156,EVT01178,2024-03-30,Supply Planner,reallocate_stock,"[{""option"":""reallocate_stock"",""est_cost"":48.6,""est_stockout_days"":0.0,""risk"":""low"",""note"":""move 20 units W003->W009""},{""option"":""expedite"",""est_cost"":145.8,""est_stockout_days"":0.0,""risk"":""medium"",""note"":""expedite next inbound PO""},{""option"":""accept_delay"",""est_cost"":356.3,""est_stockout_days"":1.0,""risk"":""medium"",""note"":""wait for replenishment""}]",reallocate_stock,Chose reallocate_stock: expected 0 stockout days / $49. Alternatives: expedite ~0d / $146 (medium risk); accept_delay ~1d / $356 (medium risk). Midwest DC 09 (W009) had 421 units vs ROP 465; source Midwest DC 03 (W003).,48.6,0.0,48.6,0.0,failed,2024-04-28,"Sound call ex-ante (lowest expected cost) but the source DC ran down to or below its reorder point: 0 days, $49 vs $49. No process change; keep the option open.","[""T0006721"",""M00100039"",""M00100040""]",bad_luck
DEC00157,EVT01185,2024-04-02,Supply Planner,accept_delay,"[{""option"":""accept_delay"",""est_cost"":3452.94,""est_stockout_days"":0.0,""risk"":""low"",""note"":""accept shortfall of 1140 units""},{""option"":""expedite"",""est_cost"":16466.44,""est_stockout_days"":0.0,""risk"":""medium"",""note"":""rush the balance""},{""option"":""renegotiate"",""est_cost"":1500.0,""est_stockout_days"":0.0,""risk"":""medium"",""note"":""claim short-shipment credit""}]",accept_delay,"Chose accept_delay: expected 0 stockout days / $3,453. Alternatives: expedite ~0d / $16,466 (medium risk); renegotiate ~0d / $1,500 (medium risk).",3452.94,0.0,3452.94,0.0,success,2024-06-01,"accept delay for Supplier 179 (SUP0179) worked: 0 stockout days, $3,453 vs $3,453 planned.","[""PO014299"",""M00040756"",""M00040757"",""M00040758"",""M00040759"",""M00040760""]",as_expected
DEC00158,EVT01187,2024-04-02,Supply Planner,reallocate_stock,"[{""option"":""reallocate_stock"",""est_cost"":13.32,""est_stockout_days"":0.0,""risk"":""low"",""note"":""move 4 units W011->W008""},{""option"":""expedite"",""est_cost"":39.96,""est_stockout_days"":0.0,""risk"":""medium"",""note"":""expedite next inbound PO""},{""option"":""accept_delay"",""est_cost"":113.45,""est_stockout_days"":1.0,""risk"":""medium"",""note"":""wait for replenishment""}]",reallocate_stock,Chose reallocate_stock: expected 0 stockout days / $13. Alternatives: expedite ~0d / $40 (medium risk); accept_delay ~1d / $113 (medium risk). Southwest DC 08 (W008) had 96 units vs ROP 392; source Southeast DC 11 (W011).,13.32,0.0,13.32,0.0,success,2024-05-01,"reallocate stock for Southwest DC 08 (W008) worked: 0 stockout days, $13 vs $13 planned.","[""T0010281"",""M00125921"",""M00125922""]",as_expected
DEC00159,EVT01199,2024-04-07,Buyer,expedite,"[{""option"":""expedite"",""est_cost"":27688.25,""est_stockout_days"":0.0,""risk"":""low"",""note"":""supplier premium 12% of line value""},{""option"":""accept_delay"",""est_cost"":0.0,""est_stockout_days"":0.0,""risk"":""medium"",""note"":""on hand 98 vs ROP 349""},{""option"":""reallocate_stock"",""est_cost"":1384.41,""est_stockout_days"":0.0,""risk"":""medium"",""note"":""pull units from another DC""}]",expedite,"Chose expedite: expected 0 stockout days / $27,688. Alternatives: accept_delay ~0d / $0 (medium risk); reallocate_stock ~0d / $1,384 (medium risk). On hand 98 vs reorder point 349 at Southeast DC 05 (W005).",27688.25,0.0,27688.25,0.0,success,2024-04-17,"expedite for Supplier 163 (SUP0163) worked: 0 stockout days, $27,688 vs $27,688 planned.","[""PO010850"",""M00030885""]",as_expected
DEC00160,EVT01211,2024-04-09,Supply Planner,accept_delay,"[{""option"":""accept_delay"",""est_cost"":667.38,""est_stockout_days"":0.0,""risk"":""low"",""note"":""accept shortfall of 111 units""},{""option"":""expedite"",""est_cost"":3194.6,""est_stockout_days"":0.0,""risk"":""medium"",""note"":""rush the balance""},{""option"":""renegotiate"",""est_cost"":1500.0,""est_stockout_days"":0.0,""risk"":""medium"",""note"":""claim short-shipment credit""}]",accept_delay,"Chose accept_delay: expected 0 stockout days / $667. Alternatives: expedite ~0d / $3,195 (medium risk); renegotiate ~0d / $1,500 (medium risk).",667.38,0.0,667.38,0.0,success,2024-06-08,"accept delay for Supplier 204 (SUP0204) worked: 0 stockout days, $667 vs $667 planned.","[""PO011280"",""M00032121""]",as_expected
DEC00161,EVT01212,2024-04-09,Supply Planner,reallocate_stock,"[{""option"":""reallocate_stock"",""est_cost"":82.71,""est_stockout_days"":0.0,""risk"":""low"",""note"":""move 14 units W012->W011""},{""option"":""expedite"",""est_cost"":248.12,""est_stockout_days"":0.0,""risk"":""medium"",""note"":""expedite next inbound PO""},{""option"":""accept_delay"",""est_cost"":568.04,""est_stockout_days"":1.0,""risk"":""medium"",""note"":""wait for replenishment""}]",reallocate_stock,Chose reallocate_stock: expected 0 stockout days / $83. Alternatives: expedite ~0d / $248 (medium risk); accept_delay ~1d / $568 (medium risk). Southeast DC 11 (W011) had 359 units vs ROP 493; source Canada DC 12 (W012).,82.71,0.0,82.71,0.0,success,2024-05-08,"reallocate stock for Southeast DC 11 (W011) worked: 0 stockout days, $83 vs $83 planned.","[""T0000732"",""M00056667"",""M00056668""]",as_expected
DEC00162,EVT01205,2024-04-09,Buyer,expedite,"[{""option"":""expedite"",""est_cost"":34588.69,""est_stockout_days"":0.0,""risk"":""low"",""note"":""supplier premium 12% of line value""},{""option"":""accept_delay"",""est_cost"":0.0,""est_stockout_days"":0.0,""risk"":""medium"",""note"":""on hand 260 vs ROP 455""},{""option"":""reallocate_stock"",""est_cost"":1729.43,""est_stockout_days"":0.0,""risk"":""medium"",""note"":""pull units from another DC""}]",expedite,"Chose expedite: expected 0 stockout days / $34,589. Alternatives: accept_delay ~0d / $0 (medium risk); reallocate_stock ~0d / $1,729 (medium risk). On hand 260 vs reorder point 455 at Southeast DC 05 (W005).",34588.69,0.0,34588.69,0.0,partial,2024-04-26,"Sound call ex-ante (lowest expected cost) but the supplier missed the expedited date anyway: 0 days, $34,589 vs $34,589. No process change; keep the option open.","[""PO001807"",""M00005094""]",bad_luck
DEC00163,EVT01304,2024-04-14,Category Manager,renegotiate,"[{""option"":""renegotiate"",""est_cost"":823.95,""est_stockout_days"":0.0,""risk"":""medium"",""note"":""counter with volume commitment""},{""option"":""accept_increase"",""est_cost"":969.36,""est_stockout_days"":0.0,""risk"":""low"",""note"":""accept list increase""},{""option"":""switch_supplier"",""est_cost"":8158.36,""est_stockout_days"":3.0,""risk"":""high"",""note"":""qualify alternative source""}]",renegotiate,"Chose renegotiate: expected 0 stockout days / $824. Alternatives: accept_increase ~0d / $969 (low risk); switch_supplier ~3d / $8,158 (high risk).",823.95,0.0,779.11,0.0,success,2024-06-15,"renegotiate for Supplier 034 (SUP0034) worked: 0 stockout days, $779 vs $824 planned.","[""NEG00062"",""CTR0037"",""CAT00295""]",as_expected
DEC00164,EVT01235,2024-04-18,Supply Planner,accept_delay,"[{""option"":""accept_delay"",""est_cost"":1547.44,""est_stockout_days"":0.0,""risk"":""low"",""note"":""accept shortfall of 528 units""},{""option"":""expedite"",""est_cost"":12893.6,""est_stockout_days"":0.0,""risk"":""medium"",""note"":""rush the balance""},{""option"":""renegotiate"",""est_cost"":1500.0,""est_stockout_days"":0.0,""risk"":""medium"",""note"":""claim short-shipment credit""}]",accept_delay,"Chose accept_delay: expected 0 stockout days / $1,547. Alternatives: expedite ~0d / $12,894 (medium risk); renegotiate ~0d / $1,500 (medium risk).",1547.44,0.0,1547.44,0.0,success,2024-06-17,"accept delay for Supplier 247 (SUP0247) worked: 0 stockout days, $1,547 vs $1,547 planned.","[""PO005693"",""M00016149"",""M00016150""]",as_expected
DEC00165,EVT01263,2024-04-30,Buyer,expedite,"[{""option"":""accept_delay"",""est_cost"":40694.84,""est_stockout_days"":18.0,""risk"":""low"",""note"":""supplier ETA 2024-05-18""},{""option"":""reallocate_stock"",""est_cost"":6800.7,""est_stockout_days"":3.0,""risk"":""medium"",""note"":""inter-plant transfer from P01 (~3 days)""},{""option"":""expedite"",""est_cost"":9346.19,""est_stockout_days"":4.0,""risk"":""medium"",""note"":""air freight quote 23% of lot value, ~4 days door-to-door""}]",expedite,"Chose expedite: expected 4 stockout days / $9,346. Alternatives: accept_delay ~18d / $40,695 (low risk); reallocate_stock ~3d / $6,801 (medium risk). Supplier ETA was 2024-05-18; lot value $1,336.",9346.19,4.0,9346.19,4.0,success,2024-05-11,"expedite for SAP Sodium Polyacrylate Grade B (RM0055) at Maplewood Plant (P02) worked: 4 stockout days, $9,346 vs $9,346 planned.","[""REV003059"",""REV003060"",""REV003144"",""REV003147"",""RPO010521"",""RPO010725"",""PR0010204""]",as_expected
DEC00166,EVT01358,2024-05-09,Category Manager,renegotiate,"[{""option"":""renegotiate"",""est_cost"":467.73,""est_stockout_days"":0.0,""risk"":""medium"",""note"":""counter with volume commitment""},{""option"":""accept_increase"",""est_cost"":550.27,""est_stockout_days"":0.0,""risk"":""low"",""note"":""accept list increase""},{""option"":""switch_supplier"",""est_cost"":8091.87,""est_stockout_days"":3.0,""risk"":""high"",""note"":""qualify alternative source""}]",renegotiate,"Chose renegotiate: expected 0 stockout days / $468. Alternatives: accept_increase ~0d / $550 (low risk); switch_supplier ~3d / $8,092 (high risk).",467.73,0.0,395.02,0.0,success,2024-07-10,"renegotiate for Supplier 099 (SUP0099) worked: 0 stockout days, $395 vs $468 planned.","[""NEG00066"",""CTR0104"",""CAT00325""]",as_expected
DEC00167,EVT01349,2024-05-18,Supply Planner,accept_delay,"[{""option"":""expedite"",""est_cost"":93.63,""est_stockout_days"":0.0,""risk"":""medium"",""note"":""air freight quote 23% of lot value, ~4 days door-to-door""},{""option"":""switch_supplier"",""est_cost"":18.55,""est_stockout_days"":0.0,""risk"":""medium"",""note"":""spot lot from SUP0139 in ~6 days""},{""option"":""reallocate_stock"",""est_cost"":5.61,""est_stockout_days"":0.0,""risk"":""medium"",""note"":""inter-plant transfer from P01 (~3 days)""},{""option"":""accept_delay"",""est_cost"":1257.78,""est_stockout_days"":3.0,""risk"":""low"",""note"":""supplier ETA 2024-06-22""}]",accept_delay,"Chose accept_delay: expected 3 stockout days / $1,258. Alternatives: expedite ~0d / $94 (medium risk); switch_supplier ~0d / $19 (medium risk); reallocate_stock ~0d / $6 (medium risk). Supplier ETA was 2024-06-22; lot value $413.",1257.78,3.0,1257.78,3.0,success,2024-06-29,"accept delay for SAP Surface-crosslinked Grade Grade C (RM0058) at Riverbend Plant (P04) worked: 3 stockout days, $1,258 vs $1,258 planned.","[""REV003294"",""REV003296"",""REV003297"",""RPO011284"",""RPO011405"",""RPO011727"",""PR0011328""]",as_expected
DEC00168,EVT01314,2024-05-19,Supply Planner,accept_delay,"[{""option"":""expedite"",""est_cost"":8.91,""est_stockout_days"":0.0,""risk"":""medium"",""note"":""air freight quote 26% of lot value, ~5 days door-to-door""},{""option"":""reallocate_stock"",""est_cost"":0.77,""est_stockout_days"":0.0,""risk"":""medium"",""note"":""inter-plant transfer from P02 (~3 days)""},{""option"":""accept_delay"",""est_cost"":11671.63,""est_stockout_days"":7.0,""risk"":""low"",""note"":""supplier ETA 2024-06-17""}]",accept_delay,"Chose accept_delay: expected 7 stockout days / $11,672. Alternatives: expedite ~0d / $9 (medium risk); reallocate_stock ~0d / $1 (medium risk). Supplier ETA was 2024-06-17; lot value $35.",11671.63,7.0,11671.63,7.0,success,2024-06-24,"accept delay for UV Flexo White (RM0075) at Eastfield Plant (P03) worked: 7 stockout days, $11,672 vs $11,672 planned.","[""REV003201"",""REV003299"",""REV003301"",""REV003304"",""RPO010593"",""RPO011064"",""RPO011246"",""PR0011170""]",as_expected
DEC00169,EVT01321,2024-05-24,Supply Planner,accept_delay,"[{""option"":""accept_delay"",""est_cost"":4061.88,""est_stockout_days"":0.0,""risk"":""low"",""note"":""accept shortfall of 614 units""},{""option"":""expedite"",""est_cost"":16610.55,""est_stockout_days"":0.0,""risk"":""medium"",""note"":""rush the balance""},{""option"":""renegotiate"",""est_cost"":1500.0,""est_stockout_days"":0.0,""risk"":""medium"",""note"":""claim short-shipment credit""}]",accept_delay,"Chose accept_delay: expected 0 stockout days / $4,062. Alternatives: expedite ~0d / $16,611 (medium risk); renegotiate ~0d / $1,500 (medium risk).",4061.88,0.0,4061.88,0.0,partial,2024-07-23,"Sound call ex-ante (lowest expected cost) but stock ran low before the next replenishment: 0 days, $4,062 vs $4,062. No process change; keep the option open.","[""PO004487"",""M00012724"",""M00012725"",""M00012726"",""M00012727"",""M00012728""]",bad_luck
DEC00170,EVT01318,2024-05-24,Buyer,expedite,"[{""option"":""expedite"",""est_cost"":23894.82,""est_stockout_days"":0.0,""risk"":""low"",""note"":""supplier premium 12% of line value""},{""option"":""accept_delay"",""est_cost"":0.0,""est_stockout_days"":0.0,""risk"":""medium"",""note"":""on hand 123 vs ROP 296""},{""option"":""reallocate_stock"",""est_cost"":1194.74,""est_stockout_days"":0.0,""risk"":""medium"",""note"":""pull units from another DC""}]",expedite,"Chose expedite: expected 0 stockout days / $23,895. Alternatives: accept_delay ~0d / $0 (medium risk); reallocate_stock ~0d / $1,195 (medium risk). On hand 123 vs reorder point 296 at Southeast DC 05 (W005).",23894.82,0.0,23894.82,0.0,success,2024-06-03,"expedite for Supplier 038 (SUP0038) worked: 0 stockout days, $23,895 vs $23,895 planned.","[""PO010153"",""M00028859""]",as_expected
DEC00171,EVT01319,2024-05-24,Buyer,expedite,"[{""option"":""expedite"",""est_cost"":11920.32,""est_stockout_days"":0.0,""risk"":""low"",""note"":""supplier premium 12% of line value""},{""option"":""accept_delay"",""est_cost"":0.0,""est_stockout_days"":0.0,""risk"":""medium"",""note"":""on hand 96 vs ROP 483""},{""option"":""reallocate_stock"",""est_cost"":596.02,""est_stockout_days"":0.0,""risk"":""medium"",""note"":""pull units from another DC""}]",expedite,"Chose expedite: expected 0 stockout days / $11,920. Alternatives: accept_delay ~0d / $0 (medium risk); reallocate_stock ~0d / $596 (medium risk). On hand 96 vs reorder point 483 at Southeast DC 05 (W005).",11920.32,0.0,11920.32,0.0,success,2024-06-04,"expedite for Supplier 115 (SUP0115) worked: 0 stockout days, $11,920 vs $11,920 planned.","[""PO016087"",""M00045830""]",as_expected
DEC00172,EVT00727,2024-05-26,Quality Lead,substitute_rm,"[{""option"":""substitute_rm"",""est_cost"":3613.9,""est_stockout_days"":5.0,""risk"":""medium"",""note"":""RM0016 after QA trial""},{""option"":""switch_supplier"",""est_cost"":8000.0,""est_stockout_days"":0.0,""risk"":""high"",""note"":""qualify second source for RM0022 (4-6 months)""},{""option"":""build_safety_stock"",""est_cost"":565.02,""est_stockout_days"":1.0,""risk"":""low"",""note"":""extra cover of RM0022""}]",substitute_rm,"Chose substitute_rm: expected 5 stockout days / $3,614. Alternatives: switch_supplier ~0d / $8,000 (high risk); build_safety_stock ~1d / $565 (low risk).",3613.9,5.0,7003.14,17.0,failed,2025-06-16,"Sound call ex-ante (lowest expected cost) but the substitute failed incoming QA more often, adding scrap: 17 days, $7,003 vs $3,614. No process change; keep the option open.","[""BOM003240"",""BOM003241"",""BOM003242"",""BOM003243"",""BOM003244"",""BOM003245"",""BOM003246"",""BOM003247"",""BOM003248"",""BOM003249"",""BOM003250"",""BOM003251""]",bad_luck
DEC00173,EVT01380,2024-05-27,Supply Planner,accept_delay,"[{""option"":""expedite"",""est_cost"":105.59,""est_stockout_days"":0.0,""risk"":""medium"",""note"":""air freight quote 25% of lot value, ~5 days door-to-door""},{""option"":""switch_supplier"",""est_cost"":11.47,""est_stockout_days"":0.0,""risk"":""medium"",""note"":""spot lot from SUP0047 in ~17 days""},{""option"":""reallocate_stock"",""est_cost"":3.47,""est_stockout_days"":0.0,""risk"":""medium"",""note"":""inter-plant transfer from P01 (~3 days)""},{""option"":""accept_delay"",""est_cost"":720.69,""est_stockout_days"":3.0,""risk"":""low"",""note"":""supplier ETA 2024-06-27""}]",accept_delay,Chose accept_delay: expected 3 stockout days / $721. Alternatives: expedite ~0d / $106 (medium risk); switch_supplier ~0d / $11 (medium risk); reallocate_stock ~0d / $3 (medium risk). Supplier ETA was 2024-06-27; lot value $422.,720.69,3.0,720.69,3.0,success,2024-07-04,"accept delay for Stretch Wrap 23um Grade B (RM0083) at Maplewood Plant (P02) worked: 3 stockout days, $721 vs $721 planned.","[""REV003359"",""REV003361"",""RPO011198"",""RPO011506"",""PR0011450""]",as_expected
DEC00174,EVT01300,2024-05-27,Buyer,expedite,"[{""option"":""accept_delay"",""est_cost"":33895.13,""est_stockout_days"":21.0,""risk"":""low"",""note"":""supplier ETA 2024-06-28""},{""option"":""reallocate_stock"",""est_cost"":0.77,""est_stockout_days"":0.0,""risk"":""medium"",""note"":""inter-plant transfer from P02 (~4 days)""},{""option"":""expedite"",""est_cost"":31641.54,""est_stockout_days"":8.0,""risk"":""medium"",""note"":""air freight quote 26% of lot value, ~5 days door-to-door""}]",expedite,"Chose expedite: expected 8 stockout days / $31,642. Alternatives: accept_delay ~21d / $33,895 (low risk); reallocate_stock ~0d / $1 (medium risk). Supplier ETA was 2024-06-28; lot value $90.",31641.54,8.0,35593.86,9.0,partial,2024-06-23,"Same move worked on 2023-12-26 (POL0047053) but not here - conditions differed (co_victims, congested, season, tags, warehouse_surcharge): the material landed later than quoted. Check co_victims, congested, season, tags, warehouse_surcharge before reusing a precedent.","[""REV003128"",""REV003129"",""REV003131"",""REV003132"",""REV003363"",""REV003364"",""REV003368"",""REV003371"",""RPO010425"",""RPO010695"",""RPO011094"",""RPO011351"",""PR0011113""]",context_shift
DEC00175,EVT00728,2024-05-29,Quality Lead,substitute_rm,"[{""option"":""substitute_rm"",""est_cost"":3610.43,""est_stockout_days"":5.0,""risk"":""medium"",""note"":""RM0016 after QA trial""},{""option"":""switch_supplier"",""est_cost"":8000.0,""est_stockout_days"":0.0,""risk"":""high"",""note"":""qualify second source for RM0022 (4-6 months)""},{""option"":""build_safety_stock"",""est_cost"":561.82,""est_stockout_days"":1.0,""risk"":""low"",""note"":""extra cover of RM0022""}]",substitute_rm,"Chose substitute_rm: expected 5 stockout days / $3,610. Alternatives: switch_supplier ~0d / $8,000 (high risk); build_safety_stock ~1d / $562 (low risk).",3610.43,5.0,6999.28,17.0,failed,2025-06-19,"Sound call ex-ante (lowest expected cost) but the substitute failed incoming QA more often, adding scrap: 17 days, $6,999 vs $3,610. No process change; keep the option open.","[""BOM003435"",""BOM003436"",""BOM003437"",""BOM003438"",""BOM003439"",""BOM003440"",""BOM003441"",""BOM003442"",""BOM003443"",""BOM003444"",""BOM003445""]",bad_luck
DEC00176,EVT01333,2024-06-01,Buyer,cancel_po,"[{""option"":""cancel_po"",""est_cost"":3642.02,""est_stockout_days"":0.0,""risk"":""low"",""note"":""stock 3.7x ROP""},{""option"":""accept_delay"",""est_cost"":17960.64,""est_stockout_days"":0.0,""risk"":""low"",""note"":""keep PO, carry the stock""},{""option"":""reduce_allocation"",""est_cost"":10801.33,""est_stockout_days"":0.0,""risk"":""low"",""note"":""halve quantities""}]",cancel_po,"Chose cancel_po: expected 0 stockout days / $3,642. Alternatives: accept_delay ~0d / $17,961 (low risk); reduce_allocation ~0d / $10,801 (low risk). Stock at Southeast DC 05 (W005) was 3.7x reorder point.",3642.02,0.0,3642.02,0.0,success,2024-07-31,"cancel po for Supplier 110 (SUP0110) worked: 0 stockout days, $3,642 vs $3,642 planned.","[""PO001579""]",as_expected
DEC00177,EVT01344,2024-06-03,Supply Planner,reallocate_stock,"[{""option"":""reallocate_stock"",""est_cost"":90.8,""est_stockout_days"":0.0,""risk"":""low"",""note"":""move 6 units W003->W007""},{""option"":""expedite"",""est_cost"":272.4,""est_stockout_days"":0.0,""risk"":""medium"",""note"":""expedite next inbound PO""},{""option"":""accept_delay"",""est_cost"":673.58,""est_stockout_days"":1.0,""risk"":""medium"",""note"":""wait for replenishment""}]",reallocate_stock,Chose reallocate_stock: expected 0 stockout days / $91. Alternatives: expedite ~0d / $272 (medium risk); accept_delay ~1d / $674 (medium risk). West DC 07 (W007) had 187 units vs ROP 374; source Midwest DC 03 (W003).,90.8,0.0,90.8,0.0,success,2024-07-02,"reallocate stock for West DC 07 (W007) worked: 0 stockout days, $91 vs $91 planned.","[""T0008271"",""M00111279"",""M00111280""]",as_expected
DEC00178,EVT01347,2024-06-04,Supply Planner,reallocate_stock,"[{""option"":""reallocate_stock"",""est_cost"":11.67,""est_stockout_days"":0.0,""risk"":""low"",""note"":""move 5 units W006->W002""},{""option"":""expedite"",""est_cost"":34.99,""est_stockout_days"":0.0,""risk"":""medium"",""note"":""expedite next inbound PO""},{""option"":""accept_delay"",""est_cost"":100.05,""est_stockout_days"":1.0,""risk"":""medium"",""note"":""wait for replenishment""}]",reallocate_stock,Chose reallocate_stock: expected 0 stockout days / $12. Alternatives: expedite ~0d / $35 (medium risk); accept_delay ~1d / $100 (medium risk). Southwest DC 02 (W002) had 60 units vs ROP 260; source Canada DC 06 (W006).,11.67,0.0,11.67,0.0,success,2024-07-03,"reallocate stock for Southwest DC 02 (W002) worked: 0 stockout days, $12 vs $12 planned.","[""T0011187"",""M00132280"",""M00132281""]",as_expected
DEC00179,EVT01381,2024-06-09,Supply Planner,accept_delay,"[{""option"":""expedite"",""est_cost"":62.07,""est_stockout_days"":0.0,""risk"":""medium"",""note"":""air freight quote 23% of lot value, ~4 days door-to-door""},{""option"":""switch_supplier"",""est_cost"":9.9,""est_stockout_days"":0.0,""risk"":""medium"",""note"":""spot lot from SUP0139 in ~6 days""},{""option"":""reallocate_stock"",""est_cost"":3.08,""est_stockout_days"":0.0,""risk"":""medium"",""note"":""inter-plant transfer from P01 (~6 days)""},{""option"":""accept_delay"",""est_cost"":4237.66,""est_stockout_days"":7.0,""risk"":""low"",""note"":""supplier ETA 2024-07-17""}]",accept_delay,"Chose accept_delay: expected 7 stockout days / $4,238. Alternatives: expedite ~0d / $62 (medium risk); switch_supplier ~0d / $10 (medium risk); reallocate_stock ~0d / $3 (medium risk). Supplier ETA was 2024-07-17; lot value $274.",4237.66,7.0,4237.66,7.0,success,2024-07-24,"accept delay for SAP Surface-crosslinked Grade Grade C (RM0058) at Northgate Plant (P05) worked: 7 stockout days, $4,238 vs $4,238 planned.","[""REV003392"",""REV003428"",""REV003429"",""RPO011661"",""RPO012284"",""PR0011744""]",as_expected
DEC00180,EVT01382,2024-06-10,Supply Planner,accept_delay,"[{""option"":""expedite"",""est_cost"":29.94,""est_stockout_days"":0.0,""risk"":""medium"",""note"":""air freight quote 19% of lot value, ~4 days door-to-door""},{""option"":""switch_supplier"",""est_cost"":13715.45,""est_stockout_days"":10.0,""risk"":""medium"",""note"":""spot lot from SUP0177 in ~20 days""},{""option"":""reallocate_stock"",""est_cost"":3.51,""est_stockout_days"":0.0,""risk"":""medium"",""note"":""inter-plant transfer from P01 (~5 days)""},{""option"":""accept_delay"",""est_cost"":8222.7,""est_stockout_days"":6.0,""risk"":""low"",""note"":""supplier ETA 2024-06-26""}]",accept_delay,"Chose accept_delay: expected 6 stockout days / $8,223. Alternatives: expedite ~0d / $30 (medium risk); switch_supplier ~10d / $13,715 (medium risk); reallocate_stock ~0d / $4 (medium risk). Supplier ETA was 2024-06-26; lot value $155.",8222.7,6.0,8222.7,6.0,success,2024-07-03,"accept delay for PP Homopolymer Cap Grade Grade B (RM0077) at Eastfield Plant (P03) worked: 6 stockout days, $8,223 vs $8,223 planned.","[""REV003437"",""RPO012205"",""PR0011358""]",as_expected
DEC00181,EVT01357,2024-06-10,Buyer,expedite,"[{""option"":""expedite"",""est_cost"":22661.23,""est_stockout_days"":0.0,""risk"":""low"",""note"":""supplier premium 12% of line value""},{""option"":""accept_delay"",""est_cost"":0.0,""est_stockout_days"":0.0,""risk"":""medium"",""note"":""on hand 205 vs ROP 331""},{""option"":""reallocate_stock"",""est_cost"":1133.06,""est_stockout_days"":0.0,""risk"":""medium"",""note"":""pull units from another DC""}]",expedite,"Chose expedite: expected 0 stockout days / $22,661. Alternatives: accept_delay ~0d / $0 (medium risk); reallocate_stock ~0d / $1,133 (medium risk). On hand 205 vs reorder point 331 at Southeast DC 05 (W005).",22661.23,0.0,22661.23,0.0,success,2024-06-20,"expedite for Supplier 131 (SUP0131) worked: 0 stockout days, $22,661 vs $22,661 planned.","[""PO004212"",""M00011923""]",as_expected
DEC00182,EVT01369,2024-06-13,Buyer,expedite,"[{""option"":""accept_delay"",""est_cost"":687.69,""est_stockout_days"":26.0,""risk"":""low"",""note"":""supplier ETA 2024-07-16""},{""option"":""switch_supplier"",""est_cost"":268.05,""est_stockout_days"":10.0,""risk"":""medium"",""note"":""spot lot from SUP0047 in ~17 days""},{""option"":""reallocate_stock"",""est_cost"":1.05,""est_stockout_days"":0.0,""risk"":""medium"",""note"":""inter-plant transfer from P01 (~3 days)""},{""option"":""expedite"",""est_cost"":646.41,""est_stockout_days"":6.0,""risk"":""medium"",""note"":""air freight quote 25% of lot value, ~5 days door-to-door""}]",expedite,Chose expedite: expected 6 stockout days / $646. Alternatives: accept_delay ~26d / $688 (low risk); switch_supplier ~10d / $268 (medium risk); reallocate_stock ~0d / $1 (medium risk). Supplier ETA was 2024-07-16; lot value $141.,646.41,6.0,1155.75,11.0,failed,2024-07-08,"Same move worked on 2023-12-26 (POL0047053) but not here - conditions differed (co_victims, congested, season, tags, warehouse_surcharge): the material landed later than quoted. Check co_victims, congested, season, tags, warehouse_surcharge before reusing a precedent.","[""REV003370"",""REV003372"",""REV003461"",""REV003465"",""RPO011299"",""RPO011626"",""PR0011350""]",context_shift
DEC00183,EVT01368,2024-06-13,Supply Planner,accept_delay,"[{""option"":""accept_delay"",""est_cost"":450.61,""est_stockout_days"":0.0,""risk"":""low"",""note"":""accept shortfall of 304 units""},{""option"":""expedite"",""est_cost"":2697.54,""est_stockout_days"":0.0,""risk"":""medium"",""note"":""rush the balance""},{""option"":""renegotiate"",""est_cost"":1500.0,""est_stockout_days"":0.0,""risk"":""medium"",""note"":""claim short-shipment credit""}]",accept_delay,"Chose accept_delay: expected 0 stockout days / $451. Alternatives: expedite ~0d / $2,698 (medium risk); renegotiate ~0d / $1,500 (medium risk).",450.61,0.0,450.61,0.0,success,2024-08-12,"accept delay for Supplier 237 (SUP0237) worked: 0 stockout days, $451 vs $451 planned.","[""PO006427"",""M00018215"",""M00018216"",""M00018217"",""M00018218""]",as_expected
DEC00184,EVT01417,2024-06-14,Supply Planner,accept_delay,"[{""option"":""expedite"",""est_cost"":62.01,""est_stockout_days"":0.0,""risk"":""medium"",""note"":""air freight quote 25% of lot value, ~5 days door-to-door""},{""option"":""switch_supplier"",""est_cost"":8.89,""est_stockout_days"":0.0,""risk"":""medium"",""note"":""spot lot from SUP0062 in ~21 days""},{""option"":""reallocate_stock"",""est_cost"":2.69,""est_stockout_days"":0.0,""risk"":""medium"",""note"":""inter-plant transfer from P03 (~3 days)""},{""option"":""accept_delay"",""est_cost"":12296.81,""est_stockout_days"":8.0,""risk"":""low"",""note"":""supplier ETA 2024-07-15""}]",accept_delay,"Chose accept_delay: expected 8 stockout days / $12,297. Alternatives: expedite ~0d / $62 (medium risk); switch_supplier ~0d / $9 (medium risk); reallocate_stock ~0d / $3 (medium risk). Supplier ETA was 2024-07-15; lot value $248.",12296.81,8.0,23019.2,8.0,partial,2024-07-22,Same move worked on 2024-03-28 (CAS00790) but not here - conditions differed (context): other runs needing the same material were also blocked. Check current conditions before reusing a precedent.,"[""REV003463"",""REV003468"",""RPO011529"",""RPO011840"",""PR0011677""]",context_shift
DEC00185,EVT01043,2024-06-17,Quality Lead,substitute_rm,"[{""option"":""substitute_rm"",""est_cost"":3244.62,""est_stockout_days"":13.0,""risk"":""medium"",""note"":""RM0074 after QA trial""},{""option"":""switch_supplier"",""est_cost"":8000.0,""est_stockout_days"":0.0,""risk"":""high"",""note"":""qualify second source for RM0072 (4-6 months)""},{""option"":""build_safety_stock"",""est_cost"":15.99,""est_stockout_days"":1.0,""risk"":""low"",""note"":""extra cover of RM0072""}]",substitute_rm,"Chose substitute_rm: expected 13 stockout days / $3,245. Alternatives: switch_supplier ~0d / $8,000 (high risk); build_safety_stock ~1d / $16 (low risk).",3244.62,13.0,3271.8,11.0,success,2025-07-08,"substitute rm for Process Cyan Ink (RM0072) at Maplewood Plant (P02) worked: 11 stockout days, $3,272 vs $3,245 planned.","[""BOM003903"",""BOM003904"",""BOM003905"",""BOM003906"",""BOM003907"",""BOM003908"",""BOM003909"",""BOM003910"",""BOM003911"",""BOM003912""]",as_expected
DEC00186,EVT01385,2024-06-21,Supply Planner,reallocate_stock,"[{""option"":""reallocate_stock"",""est_cost"":43.64,""est_stockout_days"":0.0,""risk"":""low"",""note"":""move 23 units W003->W012""},{""option"":""expedite"",""est_cost"":130.92,""est_stockout_days"":0.0,""risk"":""medium"",""note"":""expedite next inbound PO""},{""option"":""accept_delay"",""est_cost"":364.27,""est_stockout_days"":1.0,""risk"":""medium"",""note"":""wait for replenishment""}]",reallocate_stock,Chose reallocate_stock: expected 0 stockout days / $44. Alternatives: expedite ~0d / $131 (medium risk); accept_delay ~1d / $364 (medium risk). Canada DC 12 (W012) had 395 units vs ROP 477; source Midwest DC 03 (W003).,43.64,0.0,43.64,0.0,partial,2024-07-20,"Sound call ex-ante (lowest expected cost) but the source DC ran down to or below its reorder point: 0 days, $44 vs $44. No process change; keep the option open.","[""T0008453"",""M00112596"",""M00112597""]",bad_luck
DEC00187,EVT01337,2024-06-24,Quality Lead,substitute_rm,"[{""option"":""substitute_rm"",""est_cost"":7990.63,""est_stockout_days"":0.0,""risk"":""medium"",""note"":""RM0047 after QA trial""},{""option"":""switch_supplier"",""est_cost"":8000.0,""est_stockout_days"":0.0,""risk"":""high"",""note"":""qualify second source for RM0046 (4-6 months)""},{""option"":""build_safety_stock"",""est_cost"":95.11,""est_stockout_days"":1.0,""risk"":""low"",""note"":""extra cover of RM0046""}]",substitute_rm,"Chose substitute_rm: expected 0 stockout days / $7,991. Alternatives: switch_supplier ~0d / $8,000 (high risk); build_safety_stock ~1d / $95 (low risk).",7990.63,0.0,8545.14,2.0,partial,2025-07-15,"Estimate missed that the substitute itself went short; actual 2 days / $8,545 vs 0 / $7,991. Widen the check before choosing substitute rm.","[""BOM007459"",""BOM007460"",""BOM007461"",""BOM007462"",""BOM007463"",""BOM007464"",""BOM007465"",""BOM007466"",""BOM007467"",""BOM007468"",""BOM007469""]",decision_quality
DEC00188,EVT01206,2024-06-28,Materials Manager,build_safety_stock,"[{""option"":""build_safety_stock"",""est_cost"":2779.87,""est_stockout_days"":2.0,""risk"":""low"",""note"":""+6 days of cover (1.5 kg)""},{""option"":""accept_delay"",""est_cost"":3465.01,""est_stockout_days"":2.5,""risk"":""high"",""note"":""keep current buffer""},{""option"":""expedite"",""est_cost"":1742.33,""est_stockout_days"":1.2,""risk"":""medium"",""note"":""expedite case by case""}]",build_safety_stock,"Chose build_safety_stock: expected 2 stockout days / $2,780. Alternatives: accept_delay ~2.5d / $3,465 (high risk); expedite ~1.2d / $1,742 (medium risk).",2779.87,2.0,22557.09,13.0,failed,2025-07-01,"Sound call ex-ante (lowest expected cost) but a later disruption was longer than the extra buffer: 13 days, $22,557 vs $2,780. No process change; keep the option open.","[""RM0015|P03|2024-07-07"",""RM0015|P03|2024-06-30""]",bad_luck
DEC00189,EVT01401,2024-06-29,Buyer,expedite,"[{""option"":""expedite"",""est_cost"":23765.18,""est_stockout_days"":0.0,""risk"":""low"",""note"":""supplier premium 12% of line value""},{""option"":""accept_delay"",""est_cost"":0.0,""est_stockout_days"":0.0,""risk"":""medium"",""note"":""on hand 87 vs ROP 313""},{""option"":""reallocate_stock"",""est_cost"":1188.26,""est_stockout_days"":0.0,""risk"":""medium"",""note"":""pull units from another DC""}]",expedite,"Chose expedite: expected 0 stockout days / $23,765. Alternatives: accept_delay ~0d / $0 (medium risk); reallocate_stock ~0d / $1,188 (medium risk). On hand 87 vs reorder point 313 at Southeast DC 05 (W005).",23765.18,0.0,23765.18,0.0,success,2024-07-10,"expedite for Supplier 084 (SUP0084) worked: 0 stockout days, $23,765 vs $23,765 planned.","[""PO015442"",""M00044068""]",as_expected
DEC00190,EVT01412,2024-07-03,Materials Manager,reallocate_stock,"[{""option"":""accept_delay"",""est_cost"":91201.11,""est_stockout_days"":27.0,""risk"":""low"",""note"":""supplier ETA 2024-08-01""},{""option"":""expedite"",""est_cost"":10363.23,""est_stockout_days"":3.0,""risk"":""medium"",""note"":""air freight quote 27% of lot value, ~5 days door-to-door""},{""option"":""switch_supplier"",""est_cost"":77739.64,""est_stockout_days"":23.0,""risk"":""medium"",""note"":""spot lot from SUP0018 in ~25 days""},{""option"":""reallocate_stock"",""est_cost"":40550.95,""est_stockout_days"":12.0,""risk"":""medium"",""note"":""inter-plant transfer from P03 (~3 days)""}]",reallocate_stock,"Chose reallocate_stock: expected 12 stockout days / $40,551. Alternatives: accept_delay ~27d / $91,201 (low risk); expedite ~3d / $10,363 (medium risk); switch_supplier ~23d / $77,740 (medium risk). Supplier ETA was 2024-08-01; lot value $856.",40550.95,12.0,47306.59,14.0,partial,2024-07-26,"Estimate missed that the material landed later than quoted; actual 14 days / $47,307 vs 12 / $40,551. Widen the check before choosing reallocate stock.","[""REV003354"",""RPO010866"",""RT0000020"",""PR0011648""]",decision_quality
DEC00191,EVT01462,2024-07-04,Supply Planner,accept_delay,"[{""option"":""expedite"",""est_cost"":35.4,""est_stockout_days"":0.0,""risk"":""medium"",""note"":""air freight quote 22% of lot value, ~4 days door-to-door""},{""option"":""switch_supplier"",""est_cost"":10.94,""est_stockout_days"":0.0,""risk"":""medium"",""note"":""spot lot from SUP0177 in ~20 days""},{""option"":""reallocate_stock"",""est_cost"":3.65,""est_stockout_days"":0.0,""risk"":""medium"",""note"":""inter-plant transfer from P01 (~3 days)""},{""option"":""accept_delay"",""est_cost"":1870.0,""est_stockout_days"":5.0,""risk"":""low"",""note"":""supplier ETA 2024-08-03""}]",accept_delay,"Chose accept_delay: expected 5 stockout days / $1,870. Alternatives: expedite ~0d / $35 (medium risk); switch_supplier ~0d / $11 (medium risk); reallocate_stock ~0d / $4 (medium risk). Supplier ETA was 2024-08-03; lot value $160.",1870.0,5.0,12171.73,5.0,failed,2024-08-10,"Estimate missed that other runs needing the same material were also blocked; actual 5 days / $12,172 vs 5 / $1,870. Widen the check before choosing accept delay.","[""REV003563"",""REV003564"",""RPO012455"",""RPO012780"",""PR0012141""]",decision_quality
DEC00192,EVT01207,2024-07-05,Materials Manager,build_safety_stock,"[{""option"":""build_safety_stock"",""est_cost"":4439.7,""est_stockout_days"":3.2,""risk"":""low"",""note"":""+9 days of cover (16.0 kg)""},{""option"":""accept_delay"",""est_cost"":5544.02,""est_stockout_days"":4.0,""risk"":""high"",""note"":""keep current buffer""},{""option"":""expedite"",""est_cost"":2777.62,""est_stockout_days"":2.0,""risk"":""medium"",""note"":""expedite case by case""}]",build_safety_stock,"Chose build_safety_stock: expected 3.2 stockout days / $4,440. Alternatives: accept_delay ~4d / $5,544 (high risk); expedite ~2d / $2,778 (medium risk).",4439.7,3.2,19536.15,13.0,failed,2025-07-08,"Sound call ex-ante (lowest expected cost) but a later disruption was longer than the extra buffer: 13 days, $19,536 vs $4,440. No process change; keep the option open.","[""RM0101|P04|2024-07-14"",""RM0101|P04|2024-07-07""]",bad_luck
DEC00193,EVT01342,2024-07-09,Quality Lead,substitute_rm,"[{""option"":""substitute_rm"",""est_cost"":3256.12,""est_stockout_days"":0.0,""risk"":""medium"",""note"":""RM0074 after QA trial""},{""option"":""switch_supplier"",""est_cost"":8000.0,""est_stockout_days"":0.0,""risk"":""high"",""note"":""qualify second source for RM0072 (4-6 months)""},{""option"":""build_safety_stock"",""est_cost"":16.74,""est_stockout_days"":1.0,""risk"":""low"",""note"":""extra cover of RM0072""}]",substitute_rm,"Chose substitute_rm: expected 0 stockout days / $3,256. Alternatives: switch_supplier ~0d / $8,000 (high risk); build_safety_stock ~1d / $17 (low risk).",3256.12,0.0,3284.57,7.0,failed,2025-07-30,"Estimate missed that the substitute itself went short; actual 7 days / $3,285 vs 0 / $3,256. Widen the check before choosing substitute rm.","[""BOM007260"",""BOM007261"",""BOM007262"",""BOM007263"",""BOM007264"",""BOM007265"",""BOM007266"",""BOM007267"",""BOM007268""]",decision_quality
DEC00194,EVT01442,2024-07-20,Buyer,cancel_po,"[{""option"":""cancel_po"",""est_cost"":2166.21,""est_stockout_days"":0.0,""risk"":""low"",""note"":""stock 9.8x ROP""},{""option"":""accept_delay"",""est_cost"":10682.66,""est_stockout_days"":0.0,""risk"":""low"",""note"":""keep PO, carry the stock""},{""option"":""reduce_allocation"",""est_cost"":6424.43,""est_stockout_days"":0.0,""risk"":""low"",""note"":""halve quantities""}]",cancel_po,"Chose cancel_po: expected 0 stockout days / $2,166. Alternatives: accept_delay ~0d / $10,683 (low risk); reduce_allocation ~0d / $6,424 (low risk). Stock at Southwest DC 02 (W002) was 9.8x reorder point.",2166.21,0.0,2166.21,0.0,success,2024-09-18,"cancel po for Supplier 172 (SUP0172) worked: 0 stockout days, $2,166 vs $2,166 planned.","[""PO015394""]",as_expected
DEC00195,EVT01455,2024-07-20,Supply Planner,reallocate_stock,"[{""option"":""reallocate_stock"",""est_cost"":122.36,""est_stockout_days"":0.0,""risk"":""low"",""note"":""move 17 units W012->W009""},{""option"":""expedite"",""est_cost"":367.07,""est_stockout_days"":0.0,""risk"":""medium"",""note"":""expedite next inbound PO""},{""option"":""accept_delay"",""est_cost"":809.23,""est_stockout_days"":1.0,""risk"":""medium"",""note"":""wait for replenishment""}]",reallocate_stock,Chose reallocate_stock: expected 0 stockout days / $122. Alternatives: expedite ~0d / $367 (medium risk); accept_delay ~1d / $809 (medium risk). Midwest DC 09 (W009) had 167 units vs ROP 169; source Canada DC 12 (W012).,122.36,0.0,122.36,0.0,success,2024-08-18,"reallocate stock for Midwest DC 09 (W009) worked: 0 stockout days, $122 vs $122 planned.","[""T0009201"",""M00117899"",""M00117900""]",as_expected
DEC00196,EVT01471,2024-07-23,Buyer,expedite,"[{""option"":""accept_delay"",""est_cost"":2913.55,""est_stockout_days"":24.0,""risk"":""low"",""note"":""supplier ETA 2024-08-21""},{""option"":""reallocate_stock"",""est_cost"":0.28,""est_stockout_days"":0.0,""risk"":""medium"",""note"":""inter-plant transfer from P02 (~4 days)""},{""option"":""expedite"",""est_cost"":1105.22,""est_stockout_days"":9.0,""risk"":""medium"",""note"":""air freight quote 26% of lot value, ~5 days door-to-door""}]",expedite,"Chose expedite: expected 9 stockout days / $1,105. Alternatives: accept_delay ~24d / $2,914 (low risk); reallocate_stock ~0d / $0 (medium risk). Supplier ETA was 2024-08-21; lot value $50.",1105.22,9.0,1348.02,11.0,partial,2024-08-15,"Same move worked on 2023-12-26 (POL0047053) but not here - conditions differed (co_victims, congested, season, tags, warehouse_surcharge): the material landed later than quoted. Check co_victims, congested, season, tags, warehouse_surcharge before reusing a precedent.","[""REV003652"",""REV003653"",""REV003685"",""REV003687"",""RPO012295"",""RPO012370"",""PR0012112""]",context_shift
DEC00197,EVT00055,2024-07-24,Category Manager,renegotiate,"[{""option"":""renegotiate"",""est_cost"":2000.0,""est_stockout_days"":0.0,""risk"":""medium"",""note"":""performance agreement with credits""},{""option"":""reduce_allocation"",""est_cost"":6000.0,""est_stockout_days"":0.0,""risk"":""medium"",""note"":""shift volume to second source""},{""option"":""build_safety_stock"",""est_cost"":9000.0,""est_stockout_days"":0.0,""risk"":""low"",""note"":""carry extra cover""}]",renegotiate,"Chose renegotiate: expected 0 stockout days / $2,000. Alternatives: reduce_allocation ~0d / $6,000 (medium risk); build_safety_stock ~0d / $9,000 (low risk).",2000.0,0.0,13282.72,9.0,failed,2025-02-04,"Estimate missed that the supplier kept slipping after the agreement; actual 9 days / $13,283 vs 0 / $2,000. Widen the check before choosing renegotiate.","[""NEG00079""]",decision_quality
DEC00198,EVT01466,2024-07-25,Supply Planner,reallocate_stock,"[{""option"":""reallocate_stock"",""est_cost"":148.8,""est_stockout_days"":0.0,""risk"":""low"",""note"":""move 10 units W011->W002""},{""option"":""expedite"",""est_cost"":446.39,""est_stockout_days"":0.0,""risk"":""medium"",""note"":""expedite next inbound PO""},{""option"":""accept_delay"",""est_cost"":1157.06,""est_stockout_days"":1.0,""risk"":""medium"",""note"":""wait for replenishment""}]",reallocate_stock,"Chose reallocate_stock: expected 0 stockout days / $149. Alternatives: expedite ~0d / $446 (medium risk); accept_delay ~1d / $1,157 (medium risk). Southwest DC 02 (W002) had 199 units vs ROP 371; source Southeast DC 11 (W011).",148.8,0.0,148.8,0.0,success,2024-08-23,"reallocate stock for Southwest DC 02 (W002) worked: 0 stockout days, $149 vs $149 planned.","[""T0007543"",""M00105986"",""M00105987""]",as_expected
DEC00199,EVT01503,2024-07-31,Buyer,expedite,"[{""option"":""accept_delay"",""est_cost"":13135.3,""est_stockout_days"":16.0,""risk"":""low"",""note"":""supplier ETA 2024-08-23""},{""option"":""switch_supplier"",""est_cost"":2.74,""est_stockout_days"":0.0,""risk"":""medium"",""note"":""spot lot from SUP0039 in ~3 days""},{""option"":""reallocate_stock"",""est_cost"":1.02,""est_stockout_days"":0.0,""risk"":""medium"",""note"":""inter-plant transfer from P01 (~6 days)""},{""option"":""expedite"",""est_cost"":7420.83,""est_stockout_days"":9.0,""risk"":""medium"",""note"":""air freight quote 23% of lot value, ~4 days door-to-door""}]",expedite,"Chose expedite: expected 9 stockout days / $7,421. Alternatives: accept_delay ~16d / $13,135 (low risk); switch_supplier ~0d / $3 (medium risk); reallocate_stock ~0d / $1 (medium risk). Supplier ETA was 2024-08-23; lot value $142.",7420.83,9.0,8241.79,10.0,partial,2024-08-24,Same move worked on 2024-04-30 (CAS00491) but not here - conditions differed (context): the material landed later than quoted. Check current conditions before reusing a precedent.,"[""REV003719"",""REV003770"",""RPO012919"",""PR0012331""]",context_shift
DEC00200,EVT01499,2024-08-01,Buyer,expedite,"[{""option"":""accept_delay"",""est_cost"":11458.88,""est_stockout_days"":12.0,""risk"":""low"",""note"":""supplier ETA 2024-08-19""},{""option"":""switch_supplier"",""est_cost"":14327.5,""est_stockout_days"":15.0,""risk"":""medium"",""note"":""spot lot from SUP0062 in ~21 days""},{""option"":""reallocate_stock"",""est_cost"":1.18,""est_stockout_days"":0.0,""risk"":""medium"",""note"":""inter-plant transfer from P02 (~4 days)""},{""option"":""expedite"",""est_cost"":2057.36,""est_stockout_days"":1.0,""risk"":""medium"",""note"":""air freight quote 25% of lot value, ~5 days door-to-door""}]",expedite,"Chose expedite: expected 1 stockout days / $2,057. Alternatives: accept_delay ~12d / $11,459 (low risk); switch_supplier ~15d / $14,328 (medium risk); reallocate_stock ~0d / $1 (medium risk). Supplier ETA was 2024-08-19; lot value $98.",2057.36,1.0,4090.28,2.0,partial,2024-08-16,"Same move worked on 2023-12-26 (POL0047053) but not here - conditions differed (co_victims, congested, season, tags, warehouse_surcharge): the material landed later than quoted. Check co_victims, congested, season, tags, warehouse_surcharge before reusing a precedent.","[""REV003692"",""REV003776"",""RPO012614"",""PR0012333""]",context_shift
DEC00201,EVT01514,2024-08-02,Supply Planner,accept_delay,"[{""option"":""expedite"",""est_cost"":13.54,""est_stockout_days"":0.0,""risk"":""medium"",""note"":""air freight quote 19% of lot value, ~4 days door-to-door""},{""option"":""switch_supplier"",""est_cost"":12059.85,""est_stockout_days"":8.0,""risk"":""medium"",""note"":""spot lot from SUP0177 in ~20 days""},{""option"":""reallocate_stock"",""est_cost"":5.82,""est_stockout_days"":0.0,""risk"":""medium"",""note"":""inter-plant transfer from P01 (~6 days)""},{""option"":""accept_delay"",""est_cost"":4516.48,""est_stockout_days"":3.0,""risk"":""low"",""note"":""supplier ETA 2024-08-17""}]",accept_delay,"Chose accept_delay: expected 3 stockout days / $4,516. Alternatives: expedite ~0d / $14 (medium risk); switch_supplier ~8d / $12,060 (medium risk); reallocate_stock ~0d / $6 (medium risk). Supplier ETA was 2024-08-17; lot value $70.",4516.48,3.0,4516.48,3.0,success,2024-08-24,"accept delay for PP Impact Copolymer (RM0076) at Northgate Plant (P05) worked: 3 stockout days, $4,516 vs $4,516 planned.","[""REV003695"",""REV003761"",""REV003781"",""RPO013286"",""PR0012526""]",as_expected
DEC00202,EVT01586,2024-08-05,Category Manager,renegotiate,"[{""option"":""renegotiate"",""est_cost"":15693.95,""est_stockout_days"":0.0,""risk"":""medium"",""note"":""counter with volume commitment""},{""option"":""accept_increase"",""est_cost"":18463.48,""est_stockout_days"":0.0,""risk"":""low"",""note"":""accept list increase""},{""option"":""switch_supplier"",""est_cost"":10697.82,""est_stockout_days"":3.0,""risk"":""high"",""note"":""qualify alternative source""}]",renegotiate,"Chose renegotiate: expected 0 stockout days / $15,694. Alternatives: accept_increase ~0d / $18,463 (low risk); switch_supplier ~3d / $10,698 (high risk).",15693.95,0.0,13650.97,0.0,success,2024-10-06,"renegotiate for Supplier 223 (SUP0223) worked: 0 stockout days, $13,651 vs $15,694 planned.","[""NEG00082"",""CTR0233"",""CAT00355""]",as_expected
DEC00203,EVT01512,2024-08-10,Buyer,expedite,"[{""option"":""expedite"",""est_cost"":7675.34,""est_stockout_days"":0.0,""risk"":""low"",""note"":""supplier premium 12% of line value""},{""option"":""accept_delay"",""est_cost"":0.0,""est_stockout_days"":0.0,""risk"":""medium"",""note"":""on hand 228 vs ROP 426""},{""option"":""reallocate_stock"",""est_cost"":383.77,""est_stockout_days"":0.0,""risk"":""medium"",""note"":""pull units from another DC""}]",expedite,"Chose expedite: expected 0 stockout days / $7,675. Alternatives: accept_delay ~0d / $0 (medium risk); reallocate_stock ~0d / $384 (medium risk). On hand 228 vs reorder point 426 at Southeast DC 05 (W005).",7675.34,0.0,7675.34,0.0,failed,2024-09-05,"Sound call ex-ante (lowest expected cost) but the supplier missed the expedited date anyway: 0 days, $7,675 vs $7,675. No process change; keep the option open.","[""PO006501"",""M00018426""]",bad_luck
DEC00204,EVT01555,2024-08-12,Supply Planner,accept_delay,"[{""option"":""expedite"",""est_cost"":41.63,""est_stockout_days"":0.0,""risk"":""medium"",""note"":""air freight quote 25% of lot value, ~5 days door-to-door""},{""option"":""reallocate_stock"",""est_cost"":0.44,""est_stockout_days"":0.0,""risk"":""medium"",""note"":""inter-plant transfer from P02 (~4 days)""},{""option"":""accept_delay"",""est_cost"":10727.25,""est_stockout_days"":8.0,""risk"":""low"",""note"":""supplier ETA 2024-09-10""}]",accept_delay,"Chose accept_delay: expected 8 stockout days / $10,727. Alternatives: expedite ~0d / $42 (medium risk); reallocate_stock ~0d / $0 (medium risk). Supplier ETA was 2024-09-10; lot value $167.",10727.25,8.0,42044.13,8.0,failed,2024-09-17,Same move worked on 2024-05-27 (CAS00566) but not here - conditions differed (co_victims): other runs needing the same material were also blocked. Check co_victims before reusing a precedent.,"[""REV003832"",""REV003834"",""REV003835"",""REV003838"",""RPO012936"",""RPO013020"",""RPO013287"",""RPO013368"",""PR0012880""]",context_shift
DEC00205,EVT01522,2024-08-14,Supply Planner,accept_delay,"[{""option"":""expedite"",""est_cost"":120.92,""est_stockout_days"":0.0,""risk"":""medium"",""note"":""air freight quote 22% of lot value, ~4 days door-to-door""},{""option"":""switch_supplier"",""est_cost"":11.52,""est_stockout_days"":0.0,""risk"":""medium"",""note"":""spot lot from SUP0111 in ~8 days""},{""option"":""reallocate_stock"",""est_cost"":3.67,""est_stockout_days"":0.0,""risk"":""medium"",""note"":""inter-plant transfer from P02 (~3 days)""},{""option"":""accept_delay"",""est_cost"":23767.3,""est_stockout_days"":5.0,""risk"":""low"",""note"":""supplier ETA 2024-09-14""}]",accept_delay,"Chose accept_delay: expected 5 stockout days / $23,767. Alternatives: expedite ~0d / $121 (medium risk); switch_supplier ~0d / $12 (medium risk); reallocate_stock ~0d / $4 (medium risk). Supplier ETA was 2024-09-14; lot value $554.",23767.3,5.0,23767.3,5.0,success,2024-09-21,"accept delay for Carbon Steel Strip 1075 (RM0102) at Lakeshore Plant (P01) worked: 5 stockout days, $23,767 vs $23,767 planned.","[""REV003844"",""REV003845"",""REV003846"",""RPO013040"",""RPO013386"",""RPO013736"",""PR0013022""]",as_expected
DEC00206,EVT01588,2024-08-29,Supply Planner,accept_delay,"[{""option"":""expedite"",""est_cost"":44.68,""est_stockout_days"":0.0,""risk"":""medium"",""note"":""air freight quote 19% of lot value, ~4 days door-to-door""},{""option"":""switch_supplier"",""est_cost"":234.93,""est_stockout_days"":1.0,""risk"":""medium"",""note"":""spot lot from SUP0192 in ~10 days""},{""option"":""reallocate_stock"",""est_cost"":0.3,""est_stockout_days"":0.0,""risk"":""medium"",""note"":""inter-plant transfer from P01 (~3 days)""},{""option"":""accept_delay"",""est_cost"":18769.56,""est_stockout_days"":9.0,""risk"":""low"",""note"":""supplier ETA 2024-09-16""}]",accept_delay,"Chose accept_delay: expected 9 stockout days / $18,770. Alternatives: expedite ~0d / $45 (medium risk); switch_supplier ~1d / $235 (medium risk); reallocate_stock ~0d / $0 (medium risk). Supplier ETA was 2024-09-16; lot value $231.",18769.56,9.0,18769.56,9.0,success,2024-09-23,"accept delay for PP Random Copolymer Grade B (RM0078) at Maplewood Plant (P02) worked: 9 stockout days, $18,770 vs $18,770 planned.","[""REV003969"",""RPO014147"",""PR0012969""]",as_expected
DEC00207,EVT00979,2024-09-01,Quality Lead,substitute_rm,"[{""option"":""substitute_rm"",""est_cost"":3161.02,""est_stockout_days"":0.0,""risk"":""medium"",""note"":""RM0016 after QA trial""},{""option"":""switch_supplier"",""est_cost"":8000.0,""est_stockout_days"":0.0,""risk"":""high"",""note"":""qualify second source for RM0022 (4-6 months)""},{""option"":""build_safety_stock"",""est_cost"":148.2,""est_stockout_days"":1.0,""risk"":""low"",""note"":""extra cover of RM0022""}]",substitute_rm,"Chose substitute_rm: expected 0 stockout days / $3,161. Alternatives: switch_supplier ~0d / $8,000 (high risk); build_safety_stock ~1d / $148 (low risk).",3161.02,0.0,3178.91,3.0,partial,2025-09-22,"Estimate missed that the substitute itself went short; actual 3 days / $3,179 vs 0 / $3,161. Widen the check before choosing substitute rm.","[""BOM003637"",""BOM003638"",""BOM003639"",""BOM003640"",""BOM003641"",""BOM003642"",""BOM003643"",""BOM003644"",""BOM003645""]",decision_quality
DEC00208,EVT01625,2024-09-03,Supply Planner,accept_delay,"[{""option"":""expedite"",""est_cost"":19.45,""est_stockout_days"":0.0,""risk"":""medium"",""note"":""air freight quote 25% of lot value, ~5 days door-to-door""},{""option"":""switch_supplier"",""est_cost"":8.3,""est_stockout_days"":0.0,""risk"":""medium"",""note"":""spot lot from SUP0062 in ~21 days""},{""option"":""reallocate_stock"",""est_cost"":2.51,""est_stockout_days"":0.0,""risk"":""medium"",""note"":""inter-plant transfer from P02 (~3 days)""},{""option"":""accept_delay"",""est_cost"":12371.43,""est_stockout_days"":6.0,""risk"":""low"",""note"":""supplier ETA 2024-10-14""}]",accept_delay,"Chose accept_delay: expected 6 stockout days / $12,371. Alternatives: expedite ~0d / $19 (medium risk); switch_supplier ~0d / $8 (medium risk); reallocate_stock ~0d / $3 (medium risk). Supplier ETA was 2024-10-14; lot value $78.",12371.43,6.0,12371.43,6.0,success,2024-10-21,"accept delay for Water-based Varnish (RM0074) at Eastfield Plant (P03) worked: 6 stockout days, $12,371 vs $12,371 planned.","[""REV004013"",""RPO013527"",""PR0013653""]",as_expected
DEC00209,EVT00055,2024-09-05,Category Manager,switch_supplier,"[{""option"":""switch_supplier"",""est_cost"":18267.83,""est_stockout_days"":12.5,""risk"":""medium"",""note"":""move volume to SUP0026""},{""option"":""renegotiate"",""est_cost"":2000.0,""est_stockout_days"":2.0,""risk"":""medium"",""note"":""performance plan with SUP0046""},{""option"":""build_safety_stock"",""est_cost"":20.81,""est_stockout_days"":0.0,""risk"":""low"",""note"":""carry more buffer instead""}]",switch_supplier,"Chose switch_supplier: expected 12.5 stockout days / $18,268. Alternatives: renegotiate ~2d / $2,000 (medium risk); build_safety_stock ~0d / $21 (low risk).",18267.83,12.5,22393.09,8.0,failed,2025-03-18,"Estimate missed that the new source was also late; actual 8 days / $22,393 vs 12.5 / $18,268. Widen the check before choosing switch supplier.","[""CAT00662"",""CAT00663""]",decision_quality
DEC00210,EVT01533,2024-09-06,Category Manager,switch_supplier,"[{""option"":""accept_delay"",""est_cost"":3869.58,""est_stockout_days"":15.0,""risk"":""low"",""note"":""supplier ETA 2024-09-24""},{""option"":""expedite"",""est_cost"":549.08,""est_stockout_days"":2.0,""risk"":""medium"",""note"":""air freight quote 25% of lot value, ~5 days door-to-door""},{""option"":""reallocate_stock"",""est_cost"":774.98,""est_stockout_days"":3.0,""risk"":""medium"",""note"":""inter-plant transfer from P01 (~6 days)""},{""option"":""switch_supplier"",""est_cost"":534.74,""est_stockout_days"":2.0,""risk"":""medium"",""note"":""spot lot from SUP0047 in ~17 days""}]",switch_supplier,"Chose switch_supplier: expected 2 stockout days / $535. Alternatives: accept_delay ~15d / $3,870 (low risk); expedite ~2d / $549 (medium risk); reallocate_stock ~3d / $775 (medium risk). Supplier ETA was 2024-09-24; lot value $133.",534.74,2.0,792.71,3.0,partial,2024-09-19,"Sound call ex-ante (lowest expected cost) but the material landed later than quoted: 3 days, $793 vs $535. No process change; keep the option open.","[""REV003833"",""REV003836"",""RPO012938"",""RPO013289"",""RPO014365"",""PR0013023""]",bad_luck
DEC00211,EVT01572,2024-09-06,Buyer,cancel_po,"[{""option"":""cancel_po"",""est_cost"":7036.28,""est_stockout_days"":0.0,""risk"":""low"",""note"":""stock 3.4x ROP""},{""option"":""accept_delay"",""est_cost"":34699.47,""est_stockout_days"":0.0,""risk"":""low"",""note"":""keep PO, carry the stock""},{""option"":""reduce_allocation"",""est_cost"":20867.88,""est_stockout_days"":0.0,""risk"":""low"",""note"":""halve quantities""}]",cancel_po,"Chose cancel_po: expected 0 stockout days / $7,036. Alternatives: accept_delay ~0d / $34,699 (low risk); reduce_allocation ~0d / $20,868 (low risk). Stock at Canada DC 12 (W012) was 3.4x reorder point.",7036.28,0.0,7036.28,0.0,success,2024-11-05,"cancel po for Supplier 022 (SUP0022) worked: 0 stockout days, $7,036 vs $7,036 planned.","[""PO010722""]",as_expected
DEC00212,EVT01591,2024-09-07,Supply Planner,accept_delay,"[{""option"":""expedite"",""est_cost"":35.7,""est_stockout_days"":0.0,""risk"":""medium"",""note"":""air freight quote 26% of lot value, ~5 days door-to-door""},{""option"":""reallocate_stock"",""est_cost"":0.59,""est_stockout_days"":0.0,""risk"":""medium"",""note"":""inter-plant transfer from P02 (~3 days)""},{""option"":""accept_delay"",""est_cost"":5446.37,""est_stockout_days"":5.0,""risk"":""low"",""note"":""supplier ETA 2024-10-25""}]",accept_delay,"Chose accept_delay: expected 5 stockout days / $5,446. Alternatives: expedite ~0d / $36 (medium risk); reallocate_stock ~0d / $1 (medium risk). Supplier ETA was 2024-10-25; lot value $140.",5446.37,5.0,5446.37,5.0,success,2024-11-01,"accept delay for UV Flexo White (RM0075) at Riverbend Plant (P04) worked: 5 stockout days, $5,446 vs $5,446 planned.","[""REV004040"",""REV004042"",""REV004044"",""REV004046"",""REV004047"",""REV004048"",""RPO013574"",""RPO013695"",""RPO013911"",""RPO014031"",""RPO014249"",""RPO014359"",""PR0013866""]",as_expected
DEC00213,EVT01641,2024-09-07,Supply Planner,accept_delay,"[{""option"":""expedite"",""est_cost"":9.89,""est_stockout_days"":0.0,""risk"":""medium"",""note"":""air freight quote 25% of lot value, ~5 days door-to-door""},{""option"":""reallocate_stock"",""est_cost"":1.2,""est_stockout_days"":0.0,""risk"":""medium"",""note"":""inter-plant transfer from P02 (~3 days)""},{""option"":""accept_delay"",""est_cost"":7546.32,""est_stockout_days"":4.0,""risk"":""low"",""note"":""supplier ETA 2024-10-20""}]",accept_delay,"Chose accept_delay: expected 4 stockout days / $7,546. Alternatives: expedite ~0d / $10 (medium risk); reallocate_stock ~0d / $1 (medium risk). Supplier ETA was 2024-10-20; lot value $40.",7546.32,4.0,7546.32,4.0,success,2024-10-27,"accept delay for Process Cyan Ink (RM0072) at Eastfield Plant (P03) worked: 4 stockout days, $7,546 vs $7,546 planned.","[""REV004039"",""REV004045"",""RPO013526"",""RPO014020"",""PR0013783""]",as_expected
DEC00214,EVT01600,2024-09-08,Supply Planner,accept_delay,"[{""option"":""expedite"",""est_cost"":372.23,""est_stockout_days"":0.0,""risk"":""medium"",""note"":""air freight quote 23% of lot value, ~4 days door-to-door""},{""option"":""reallocate_stock"",""est_cost"":13.8,""est_stockout_days"":0.0,""risk"":""medium"",""note"":""inter-plant transfer from P02 (~3 days)""},{""option"":""accept_delay"",""est_cost"":6317.17,""est_stockout_days"":9.0,""risk"":""low"",""note"":""supplier ETA 2024-10-06""}]",accept_delay,"Chose accept_delay: expected 9 stockout days / $6,317. Alternatives: expedite ~0d / $372 (medium risk); reallocate_stock ~0d / $14 (medium risk). Supplier ETA was 2024-10-06; lot value $1,642.",6317.17,9.0,6317.17,9.0,success,2024-10-13,"accept delay for SAP Sodium Polyacrylate Grade B (RM0055) at Lakeshore Plant (P01) worked: 9 stockout days, $6,317 vs $6,317 planned.","[""REV004055"",""REV004056"",""REV004057"",""REV004058"",""RPO013754"",""RPO013976"",""RPO014084"",""RPO014304"",""PR0013409""]",as_expected
DEC00215,EVT01612,2024-09-09,Supply Planner,accept_delay,"[{""option"":""expedite"",""est_cost"":56.78,""est_stockout_days"":0.0,""risk"":""medium"",""note"":""air freight quote 25% of lot value, ~5 days door-to-door""},{""option"":""switch_supplier"",""est_cost"":22496.03,""est_stockout_days"":12.0,""risk"":""medium"",""note"":""spot lot from SUP0047 in ~17 days""},{""option"":""reallocate_stock"",""est_cost"":3.21,""est_stockout_days"":0.0,""risk"":""medium"",""note"":""inter-plant transfer from P01 (~3 days)""},{""option"":""accept_delay"",""est_cost"":16863.51,""est_stockout_days"":9.0,""risk"":""low"",""note"":""supplier ETA 2024-09-23""}]",accept_delay,"Chose accept_delay: expected 9 stockout days / $16,864. Alternatives: expedite ~0d / $57 (medium risk); switch_supplier ~12d / $22,496 (medium risk); reallocate_stock ~0d / $3 (medium risk). Supplier ETA was 2024-09-23; lot value $227.",16863.51,9.0,22080.49,9.0,partial,2024-09-30,Same move worked on 2024-05-27 (CAS00566) but not here - conditions differed (co_victims): other runs needing the same material were also blocked. Check co_victims before reusing a precedent.,"[""REV004059"",""RPO013575"",""RPO014755"",""PR0013139""]",context_shift
DEC00216,EVT01606,2024-09-14,Buyer,expedite,"[{""option"":""expedite"",""est_cost"":28716.94,""est_stockout_days"":0.0,""risk"":""low"",""note"":""supplier premium 12% of line value""},{""option"":""accept_delay"",""est_cost"":0.0,""est_stockout_days"":0.0,""risk"":""medium"",""note"":""on hand 241 vs ROP 299""},{""option"":""reallocate_stock"",""est_cost"":1435.85,""est_stockout_days"":0.0,""risk"":""medium"",""note"":""pull units from another DC""}]",expedite,"Chose expedite: expected 0 stockout days / $28,717. Alternatives: accept_delay ~0d / $0 (medium risk); reallocate_stock ~0d / $1,436 (medium risk). On hand 241 vs reorder point 299 at Southeast DC 05 (W005).",28716.94,0.0,28716.94,0.0,success,2024-09-27,"expedite for Supplier 098 (SUP0098) worked: 0 stockout days, $28,717 vs $28,717 planned.","[""PO014609"",""M00041684""]",as_expected
DEC00217,EVT01623,2024-09-18,Supply Planner,reallocate_stock,"[{""option"":""reallocate_stock"",""est_cost"":229.64,""est_stockout_days"":0.0,""risk"":""low"",""note"":""move 22 units W001->W009""},{""option"":""expedite"",""est_cost"":688.91,""est_stockout_days"":0.0,""risk"":""medium"",""note"":""expedite next inbound PO""},{""option"":""accept_delay"",""est_cost"":1508.78,""est_stockout_days"":1.0,""risk"":""medium"",""note"":""wait for replenishment""}]",reallocate_stock,"Chose reallocate_stock: expected 0 stockout days / $230. Alternatives: expedite ~0d / $689 (medium risk); accept_delay ~1d / $1,509 (medium risk). Midwest DC 09 (W009) had 151 units vs ROP 426; source West DC 01 (W001).",229.64,0.0,229.64,0.0,success,2024-10-17,"reallocate stock for Midwest DC 09 (W009) worked: 0 stockout days, $230 vs $230 planned.","[""T0004405"",""M00083212"",""M00083213""]",as_expected
DEC00218,EVT00003,2024-09-23,Category Manager,renegotiate,"[{""option"":""renegotiate"",""est_cost"":2000.0,""est_stockout_days"":0.0,""risk"":""medium"",""note"":""performance agreement with credits""},{""option"":""reduce_allocation"",""est_cost"":6000.0,""est_stockout_days"":0.0,""risk"":""medium"",""note"":""shift volume to second source""},{""option"":""build_safety_stock"",""est_cost"":9000.0,""est_stockout_days"":0.0,""risk"":""low"",""note"":""carry extra cover""}]",renegotiate,"Chose renegotiate: expected 0 stockout days / $2,000. Alternatives: reduce_allocation ~0d / $6,000 (medium risk); build_safety_stock ~0d / $9,000 (low risk).",2000.0,0.0,23272.53,31.0,failed,2025-04-02,"Estimate missed that the supplier kept slipping after the agreement; actual 31 days / $23,273 vs 0 / $2,000. Widen the check before choosing renegotiate.","[""NEG00090""]",decision_quality
DEC00219,EVT01208,2024-09-27,Materials Manager,build_safety_stock,"[{""option"":""build_safety_stock"",""est_cost"":8339.0,""est_stockout_days"":6.0,""risk"":""low"",""note"":""+7 days of cover (147.2 kg)""},{""option"":""accept_delay"",""est_cost"":7623.02,""est_stockout_days"":5.5,""risk"":""high"",""note"":""keep current buffer""},{""option"":""expedite"",""est_cost"":3840.23,""est_stockout_days"":2.8,""risk"":""medium"",""note"":""expedite case by case""}]",build_safety_stock,"Chose build_safety_stock: expected 6 stockout days / $8,339. Alternatives: accept_delay ~5.5d / $7,623 (high risk); expedite ~2.8d / $3,840 (medium risk).",8339.0,6.0,38328.09,21.0,failed,2025-09-30,"Sound call ex-ante (lowest expected cost) but a later disruption was longer than the extra buffer: 21 days, $38,328 vs $8,339. No process change; keep the option open.","[""RM0068|P02|2024-10-06"",""RM0068|P02|2024-09-29""]",bad_luck
DEC00220,EVT01692,2024-09-28,Supply Planner,accept_delay,"[{""option"":""expedite"",""est_cost"":46.66,""est_stockout_days"":0.0,""risk"":""medium"",""note"":""air freight quote 25% of lot value, ~5 days door-to-door""},{""option"":""switch_supplier"",""est_cost"":1.85,""est_stockout_days"":0.0,""risk"":""medium"",""note"":""spot lot from SUP0047 in ~17 days""},{""option"":""reallocate_stock"",""est_cost"":0.67,""est_stockout_days"":0.0,""risk"":""medium"",""note"":""inter-plant transfer from P02 (~3 days)""},{""option"":""accept_delay"",""est_cost"":77.66,""est_stockout_days"":2.0,""risk"":""low"",""note"":""supplier ETA 2024-11-05""}]",accept_delay,Chose accept_delay: expected 2 stockout days / $78. Alternatives: expedite ~0d / $47 (medium risk); switch_supplier ~0d / $2 (medium risk); reallocate_stock ~0d / $1 (medium risk). Supplier ETA was 2024-11-05; lot value $187.,77.66,2.0,77.66,2.0,success,2024-11-12,"accept delay for LDPE Shrink Film 60um Grade B (RM0082) at Lakeshore Plant (P01) worked: 2 stockout days, $78 vs $78 planned.","[""REV004222"",""REV004224"",""RPO014097"",""RPO014383"",""PR0014176""]",as_expected
DEC00221,EVT01286,2024-09-30,Quality Lead,substitute_rm,"[{""option"":""substitute_rm"",""est_cost"":4163.64,""est_stockout_days"":4.0,""risk"":""medium"",""note"":""RM0023 after QA trial""},{""option"":""switch_supplier"",""est_cost"":8000.0,""est_stockout_days"":0.0,""risk"":""high"",""note"":""qualify second source for RM0012 (4-6 months)""},{""option"":""build_safety_stock"",""est_cost"":263.68,""est_stockout_days"":1.0,""risk"":""low"",""note"":""extra cover of RM0012""}]",substitute_rm,"Chose substitute_rm: expected 4 stockout days / $4,164. Alternatives: switch_supplier ~0d / $8,000 (high risk); build_safety_stock ~1d / $264 (low risk).",4163.64,4.0,4395.61,7.0,partial,2025-10-21,"Sound call ex-ante (lowest expected cost) but the substitute failed incoming QA more often, adding scrap: 7 days, $4,396 vs $4,164. No process change; keep the option open.","[""BOM003746"",""BOM003747"",""BOM003748"",""BOM003749"",""BOM003750""]",bad_luck
DEC00222,EVT01675,2024-10-02,Supply Planner,accept_delay,"[{""option"":""expedite"",""est_cost"":725.31,""est_stockout_days"":0.0,""risk"":""medium"",""note"":""air freight quote 26% of lot value, ~5 days door-to-door""},{""option"":""reallocate_stock"",""est_cost"":45.88,""est_stockout_days"":0.0,""risk"":""medium"",""note"":""inter-plant transfer from P01 (~5 days)""},{""option"":""accept_delay"",""est_cost"":25143.37,""est_stockout_days"":9.0,""risk"":""low"",""note"":""supplier ETA 2024-10-26""}]",accept_delay,"Chose accept_delay: expected 9 stockout days / $25,143. Alternatives: expedite ~0d / $725 (medium risk); reallocate_stock ~0d / $46 (medium risk). Supplier ETA was 2024-10-26; lot value $2,737.",25143.37,9.0,25143.37,9.0,success,2024-11-02,"accept delay for Zinc Pyrithione 48% (RM0046) at Eastfield Plant (P03) worked: 9 stockout days, $25,143 vs $25,143 planned.","[""REV004205"",""REV004240"",""REV004243"",""REV004245"",""RPO013677"",""RPO013861"",""RPO014016"",""PR0013794""]",as_expected
DEC00223,EVT01668,2024-10-03,Materials Manager,reallocate_stock,"[{""option"":""accept_delay"",""est_cost"":4704.61,""est_stockout_days"":15.0,""risk"":""low"",""note"":""supplier ETA 2024-10-20""},{""option"":""expedite"",""est_cost"":667.39,""est_stockout_days"":2.0,""risk"":""medium"",""note"":""air freight quote 19% of lot value, ~4 days door-to-door""},{""option"":""switch_supplier"",""est_cost"":5649.96,""est_stockout_days"":18.0,""risk"":""medium"",""note"":""spot lot from SUP0177 in ~20 days""},{""option"":""reallocate_stock"",""est_cost"":2197.04,""est_stockout_days"":7.0,""risk"":""medium"",""note"":""inter-plant transfer from P01 (~5 days)""}]",reallocate_stock,"Chose reallocate_stock: expected 7 stockout days / $2,197. Alternatives: accept_delay ~15d / $4,705 (low risk); expedite ~2d / $667 (medium risk); switch_supplier ~18d / $5,650 (medium risk). Supplier ETA was 2024-10-20; lot value $207.",2197.04,7.0,2197.04,7.0,success,2024-10-19,"reallocate stock for PP Homopolymer Cap Grade Grade B (RM0077) at Eastfield Plant (P03) worked: 7 stockout days, $2,197 vs $2,197 planned.","[""REV004217"",""RPO014852"",""RT0000048"",""PR0013594""]",as_expected
DEC00224,EVT01678,2024-10-05,Supply Planner,reallocate_stock,"[{""option"":""reallocate_stock"",""est_cost"":105.39,""est_stockout_days"":0.0,""risk"":""low"",""note"":""move 25 units W009->W008""},{""option"":""expedite"",""est_cost"":316.17,""est_stockout_days"":0.0,""risk"":""medium"",""note"":""expedite next inbound PO""},{""option"":""accept_delay"",""est_cost"":713.05,""est_stockout_days"":1.0,""risk"":""medium"",""note"":""wait for replenishment""}]",reallocate_stock,Chose reallocate_stock: expected 0 stockout days / $105. Alternatives: expedite ~0d / $316 (medium risk); accept_delay ~1d / $713 (medium risk). Southwest DC 08 (W008) had 188 units vs ROP 394; source Midwest DC 09 (W009).,105.39,0.0,105.39,0.0,success,2024-11-03,"reallocate stock for Southwest DC 08 (W008) worked: 0 stockout days, $105 vs $105 planned.","[""T0004685"",""M00085210"",""M00085211""]",as_expected
DEC00225,EVT01715,2024-10-06,Buyer,expedite,"[{""option"":""accept_delay"",""est_cost"":21884.15,""est_stockout_days"":18.0,""risk"":""low"",""note"":""supplier ETA 2024-12-05""},{""option"":""reallocate_stock"",""est_cost"":0.79,""est_stockout_days"":0.0,""risk"":""medium"",""note"":""inter-plant transfer from P02 (~3 days)""},{""option"":""expedite"",""est_cost"":31727.69,""est_stockout_days"":7.0,""risk"":""medium"",""note"":""air freight quote 25% of lot value, ~5 days door-to-door""}]",expedite,"Chose expedite: expected 7 stockout days / $31,728. Alternatives: accept_delay ~18d / $21,884 (low risk); reallocate_stock ~0d / $1 (medium risk). Supplier ETA was 2024-12-05; lot value $57.",31727.69,7.0,31727.69,7.0,success,2024-12-01,"expedite for Process Cyan Ink (RM0072) at Riverbend Plant (P04) worked: 7 stockout days, $31,728 vs $31,728 planned.","[""REV004251"",""REV004253"",""REV004255"",""REV004284"",""REV004286"",""REV004288"",""RPO014248"",""RPO014358"",""RPO014680"",""PR0014505""]",as_expected
DEC00226,EVT01576,2024-10-08,Buyer,expedite,"[{""option"":""accept_delay"",""est_cost"":35970.62,""est_stockout_days"":16.0,""risk"":""low"",""note"":""supplier ETA 2024-10-25""},{""option"":""switch_supplier"",""est_cost"":38221.35,""est_stockout_days"":17.0,""risk"":""medium"",""note"":""spot lot from SUP0046 in ~18 days""},{""option"":""reallocate_stock"",""est_cost"":8993.46,""est_stockout_days"":4.0,""risk"":""medium"",""note"":""inter-plant transfer from P01 (~5 days)""},{""option"":""expedite"",""est_cost"":24737.33,""est_stockout_days"":11.0,""risk"":""medium"",""note"":""air freight quote 22% of lot value, ~4 days door-to-door""}]",expedite,"Chose expedite: expected 11 stockout days / $24,737. Alternatives: accept_delay ~16d / $35,971 (low risk); switch_supplier ~17d / $38,221 (medium risk); reallocate_stock ~4d / $8,993 (medium risk). Supplier ETA was 2024-10-25; lot value $34.",24737.33,11.0,24737.33,11.0,success,2024-10-27,"expedite for EPDM Gasket Compound (RM0086) at Eastfield Plant (P03) worked: 11 stockout days, $24,737 vs $24,737 planned.","[""REV003897"",""REV004297"",""RPO013491"",""PR0013660""]",as_expected
DEC00227,EVT01697,2024-10-08,Supply Planner,accept_delay,"[{""option"":""expedite"",""est_cost"":756.66,""est_stockout_days"":0.0,""risk"":""medium"",""note"":""air freight quote 23% of lot value, ~4 days door-to-door""},{""option"":""switch_supplier"",""est_cost"":52.22,""est_stockout_days"":0.0,""risk"":""medium"",""note"":""spot lot from SUP0139 in ~6 days""},{""option"":""reallocate_stock"",""est_cost"":16.34,""est_stockout_days"":0.0,""risk"":""medium"",""note"":""inter-plant transfer from P01 (~5 days)""},{""option"":""accept_delay"",""est_cost"":2387.46,""est_stockout_days"":3.0,""risk"":""low"",""note"":""supplier ETA 2024-10-31""}]",accept_delay,"Chose accept_delay: expected 3 stockout days / $2,387. Alternatives: expedite ~0d / $757 (medium risk); switch_supplier ~0d / $52 (medium risk); reallocate_stock ~0d / $16 (medium risk). Supplier ETA was 2024-10-31; lot value $3,338.",2387.46,3.0,2387.46,3.0,success,2024-11-07,"accept delay for SAP Surface-crosslinked Grade Grade C (RM0058) at Eastfield Plant (P03) worked: 3 stockout days, $2,387 vs $2,387 planned.","[""REV004293"",""REV004295"",""REV004296"",""RPO014656"",""RPO014839"",""RPO014994"",""PR0014066""]",as_expected
DEC00228,EVT01687,2024-10-13,Supply Planner,accept_delay,"[{""option"":""accept_delay"",""est_cost"":3043.13,""est_stockout_days"":0.0,""risk"":""low"",""note"":""accept shortfall of 1030 units""},{""option"":""expedite"",""est_cost"":13789.11,""est_stockout_days"":0.0,""risk"":""medium"",""note"":""rush the balance""},{""option"":""renegotiate"",""est_cost"":1500.0,""est_stockout_days"":0.0,""risk"":""medium"",""note"":""claim short-shipment credit""}]",accept_delay,"Chose accept_delay: expected 0 stockout days / $3,043. Alternatives: expedite ~0d / $13,789 (medium risk); renegotiate ~0d / $1,500 (medium risk).",3043.13,0.0,3043.13,0.0,partial,2024-12-12,"Sound call ex-ante (lowest expected cost) but stock ran low before the next replenishment: 0 days, $3,043 vs $3,043. No process change; keep the option open.","[""PO017624"",""M00050246"",""M00050247"",""M00050248"",""M00050249"",""M00050250""]",bad_luck
DEC00229,EVT01682,2024-10-13,Buyer,cancel_po,"[{""option"":""cancel_po"",""est_cost"":4257.03,""est_stockout_days"":0.0,""risk"":""medium"",""note"":""stock 1.3x ROP""},{""option"":""accept_delay"",""est_cost"":20993.58,""est_stockout_days"":0.0,""risk"":""low"",""note"":""keep PO, carry the stock""},{""option"":""reduce_allocation"",""est_cost"":12625.31,""est_stockout_days"":0.0,""risk"":""low"",""note"":""halve quantities""}]",cancel_po,"Chose cancel_po: expected 0 stockout days / $4,257. Alternatives: accept_delay ~0d / $20,994 (low risk); reduce_allocation ~0d / $12,625 (low risk). Stock at Southeast DC 11 (W011) was 1.3x reorder point.",4257.03,0.0,4257.03,0.0,partial,2024-12-12,"Estimate missed that demand recovered and stock dipped after the cancellation; actual 0 days / $4,257 vs 0 / $4,257. Widen the check before choosing cancel po.","[""PO015346""]",decision_quality
DEC00230,EVT01688,2024-10-13,Supply Planner,reallocate_stock,"[{""option"":""reallocate_stock"",""est_cost"":20.46,""est_stockout_days"":0.0,""risk"":""low"",""note"":""move 11 units W011->W010""},{""option"":""expedite"",""est_cost"":61.38,""est_stockout_days"":0.0,""risk"":""medium"",""note"":""expedite next inbound PO""},{""option"":""accept_delay"",""est_cost"":134.96,""est_stockout_days"":1.0,""risk"":""medium"",""note"":""wait for replenishment""}]",reallocate_stock,Chose reallocate_stock: expected 0 stockout days / $20. Alternatives: expedite ~0d / $61 (medium risk); accept_delay ~1d / $135 (medium risk). Northeast DC 10 (W010) had 138 units vs ROP 397; source Southeast DC 11 (W011).,20.46,0.0,20.46,0.0,success,2024-11-11,"reallocate stock for Northeast DC 10 (W010) worked: 0 stockout days, $20 vs $20 planned.","[""T0011798"",""M00136512"",""M00136513""]",as_expected
DEC00231,EVT01698,2024-10-17,Supply Planner,accept_delay,"[{""option"":""accept_delay"",""est_cost"":1399.0,""est_stockout_days"":0.0,""risk"":""low"",""note"":""accept shortfall of 418 units""},{""option"":""expedite"",""est_cost"":9517.71,""est_stockout_days"":0.0,""risk"":""medium"",""note"":""rush the balance""},{""option"":""renegotiate"",""est_cost"":1500.0,""est_stockout_days"":0.0,""risk"":""medium"",""note"":""claim short-shipment credit""}]",accept_delay,"Chose accept_delay: expected 0 stockout days / $1,399. Alternatives: expedite ~0d / $9,518 (medium risk); renegotiate ~0d / $1,500 (medium risk).",1399.0,0.0,1399.0,0.0,partial,2024-12-16,"Same move worked on 2024-08-29 (CAS01255) but not here - conditions differed (co_victims, congested, tags): stock ran low before the next replenishment. Check co_victims, congested, tags before reusing a precedent.","[""PO014455"",""M00041222"",""M00041223"",""M00041224""]",context_shift
DEC00232,EVT01651,2024-10-19,Materials Manager,reallocate_stock,"[{""option"":""accept_delay"",""est_cost"":8758.28,""est_stockout_days"":18.0,""risk"":""low"",""note"":""supplier ETA 2024-11-08""},{""option"":""expedite"",""est_cost"":1463.38,""est_stockout_days"":3.0,""risk"":""medium"",""note"":""air freight quote 26% of lot value, ~5 days door-to-door""},{""option"":""switch_supplier"",""est_cost"":1946.77,""est_stockout_days"":4.0,""risk"":""medium"",""note"":""spot lot from SUP0197 in ~6 days""},{""option"":""reallocate_stock"",""est_cost"":3892.71,""est_stockout_days"":8.0,""risk"":""medium"",""note"":""inter-plant transfer from P01 (~5 days)""}]",reallocate_stock,"Chose reallocate_stock: expected 8 stockout days / $3,893. Alternatives: accept_delay ~18d / $8,758 (low risk); expedite ~3d / $1,463 (medium risk); switch_supplier ~4d / $1,947 (medium risk). Supplier ETA was 2024-11-08; lot value $14.",3892.71,8.0,4379.29,9.0,partial,2024-11-06,"Estimate missed that the material landed later than quoted; actual 9 days / $4,379 vs 8 / $3,893. Widen the check before choosing reallocate stock.","[""REV004211"",""REV004218"",""RPO014190"",""RPO014853"",""RT0000001"",""PR0013902""]",decision_quality
DEC00233,EVT01714,2024-10-22,Category Manager,switch_supplier,"[{""option"":""accept_delay"",""est_cost"":1781.71,""est_stockout_days"":8.0,""risk"":""low"",""note"":""supplier ETA 2024-10-30""},{""option"":""expedite"",""est_cost"":1163.54,""est_stockout_days"":5.0,""risk"":""medium"",""note"":""air freight quote 25% of lot value, ~5 days door-to-door""},{""option"":""reallocate_stock"",""est_cost"":671.28,""est_stockout_days"":3.0,""risk"":""medium"",""note"":""inter-plant transfer from P01 (~3 days)""},{""option"":""switch_supplier"",""est_cost"":700.47,""est_stockout_days"":3.0,""risk"":""medium"",""note"":""spot lot from SUP0047 in ~17 days""}]",switch_supplier + cancel original PO,"Chose switch_supplier + cancel original PO: expected 3 stockout days / $700. Alternatives: accept_delay ~8d / $1,782 (low risk); expedite ~5d / $1,164 (medium risk); reallocate_stock ~3d / $671 (medium risk). Supplier ETA was 2024-10-30; lot value $200. Original PO cancelled once the spot lot was confirmed.",700.47,3.0,700.47,3.0,success,2024-11-01,"switch supplier for Stretch Wrap 23um Grade B (RM0083) at Maplewood Plant (P02) worked: 3 stockout days, $700 vs $700 planned.","[""REV004388"",""RPO014473"",""RPO015435"",""PR0013925""]",as_expected
DEC00234,EVT00040,2024-10-23,Category Manager,renegotiate,"[{""option"":""renegotiate"",""est_cost"":2000.0,""est_stockout_days"":0.0,""risk"":""medium"",""note"":""performance agreement with credits""},{""option"":""reduce_allocation"",""est_cost"":6000.0,""est_stockout_days"":0.0,""risk"":""medium"",""note"":""shift volume to second source""},{""option"":""build_safety_stock"",""est_cost"":9000.0,""est_stockout_days"":0.0,""risk"":""low"",""note"":""carry extra cover""}]",renegotiate,"Chose renegotiate: expected 0 stockout days / $2,000. Alternatives: reduce_allocation ~0d / $6,000 (medium risk); build_safety_stock ~0d / $9,000 (low risk).",2000.0,0.0,2000.0,0.0,failed,2025-05-16,"Estimate missed that the supplier kept slipping after the agreement; actual 0 days / $2,000 vs 0 / $2,000. Widen the check before choosing renegotiate.","[""NEG00092""]",decision_quality
DEC00235,EVT00003,2024-11-05,Category Manager,reduce_allocation,"[{""option"":""reduce_allocation"",""est_cost"":11927.69,""est_stockout_days"":6.0,""risk"":""medium"",""note"":""move volume to SUP0217""},{""option"":""renegotiate"",""est_cost"":2000.0,""est_stockout_days"":2.0,""risk"":""medium"",""note"":""performance plan with SUP0207""},{""option"":""build_safety_stock"",""est_cost"":86.86,""est_stockout_days"":0.0,""risk"":""low"",""note"":""carry more buffer instead""}]",reduce_allocation,"Chose reduce_allocation: expected 6 stockout days / $11,928. Alternatives: renegotiate ~2d / $2,000 (medium risk); build_safety_stock ~0d / $87 (low risk).",11927.69,6.0,15487.24,12.0,failed,2025-05-18,"Estimate missed that the new source was also late; actual 12 days / $15,487 vs 6 / $11,928. Widen the check before choosing reduce allocation.","[""CAT00726"",""CAT00727""]",decision_quality
DEC00236,EVT01779,2024-11-06,Supply Planner,accept_delay,"[{""option"":""expedite"",""est_cost"":69.29,""est_stockout_days"":0.0,""risk"":""medium"",""note"":""air freight quote 21% of lot value, ~4 days door-to-door""},{""option"":""switch_supplier"",""est_cost"":1.4,""est_stockout_days"":0.0,""risk"":""medium"",""note"":""spot lot from SUP0046 in ~18 days""},{""option"":""reallocate_stock"",""est_cost"":0.46,""est_stockout_days"":0.0,""risk"":""medium"",""note"":""inter-plant transfer from P02 (~3 days)""},{""option"":""accept_delay"",""est_cost"":5903.8,""est_stockout_days"":8.0,""risk"":""low"",""note"":""supplier ETA 2024-12-04""}]",accept_delay,"Chose accept_delay: expected 8 stockout days / $5,904. Alternatives: expedite ~0d / $69 (medium risk); switch_supplier ~0d / $1 (medium risk); reallocate_stock ~0d / $0 (medium risk). Supplier ETA was 2024-12-04; lot value $325.",5903.8,8.0,22393.09,8.0,failed,2024-12-11,"Estimate missed that other runs needing the same material were also blocked; actual 8 days / $22,393 vs 8 / $5,904. Widen the check before choosing accept delay.","[""REV004514"",""REV004518"",""RPO015371"",""RPO015715"",""PR0014711""]",decision_quality
DEC00237,EVT01753,2024-11-08,Supply Planner,accept_delay,"[{""option"":""accept_delay"",""est_cost"":964.62,""est_stockout_days"":0.0,""risk"":""low"",""note"":""accept shortfall of 333 units""},{""option"":""expedite"",""est_cost"":3427.77,""est_stockout_days"":0.0,""risk"":""medium"",""note"":""rush the balance""},{""option"":""renegotiate"",""est_cost"":1500.0,""est_stockout_days"":0.0,""risk"":""medium"",""note"":""claim short-shipment credit""}]",accept_delay,"Chose accept_delay: expected 0 stockout days / $965. Alternatives: expedite ~0d / $3,428 (medium risk); renegotiate ~0d / $1,500 (medium risk).",964.62,0.0,964.62,0.0,success,2025-01-07,"accept delay for Supplier 210 (SUP0210) worked: 0 stockout days, $965 vs $965 planned.","[""PO005667"",""M00016074""]",as_expected
DEC00238,EVT01781,2024-11-10,Supply Planner,accept_delay,"[{""option"":""expedite"",""est_cost"":82.83,""est_stockout_days"":0.0,""risk"":""medium"",""note"":""air freight quote 22% of lot value, ~4 days door-to-door""},{""option"":""switch_supplier"",""est_cost"":8445.73,""est_stockout_days"":12.0,""risk"":""medium"",""note"":""spot lot from SUP0046 in ~18 days""},{""option"":""reallocate_stock"",""est_cost"":2.47,""est_stockout_days"":0.0,""risk"":""medium"",""note"":""inter-plant transfer from P01 (~3 days)""},{""option"":""accept_delay"",""est_cost"":2812.62,""est_stockout_days"":4.0,""risk"":""low"",""note"":""supplier ETA 2024-11-20""}]",accept_delay,"Chose accept_delay: expected 4 stockout days / $2,813. Alternatives: expedite ~0d / $83 (medium risk); switch_supplier ~12d / $8,446 (medium risk); reallocate_stock ~0d / $2 (medium risk). Supplier ETA was 2024-11-20; lot value $379.",2812.62,4.0,2812.62,4.0,success,2024-11-27,"accept delay for EPDM Gasket Compound (RM0086) at Maplewood Plant (P02) worked: 4 stockout days, $2,813 vs $2,813 planned.","[""REV004527"",""REV004549"",""RPO015443"",""PR0014469""]",as_expected
DEC00239,EVT01742,2024-11-14,Materials Manager,reallocate_stock,"[{""option"":""accept_delay"",""est_cost"":32992.5,""est_stockout_days"":21.0,""risk"":""low"",""note"":""supplier ETA 2024-12-07""},{""option"":""expedite"",""est_cost"":5060.73,""est_stockout_days"":3.0,""risk"":""medium"",""note"":""air freight quote 28% of lot value, ~5 days door-to-door""},{""option"":""switch_supplier"",""est_cost"":4734.54,""est_stockout_days"":3.0,""risk"":""medium"",""note"":""spot lot from SUP0101 in ~5 days""},{""option"":""reallocate_stock"",""est_cost"":11005.86,""est_stockout_days"":7.0,""risk"":""medium"",""note"":""inter-plant transfer from P01 (~5 days)""}]",reallocate_stock,"Chose reallocate_stock: expected 7 stockout days / $11,006. Alternatives: accept_delay ~21d / $32,992 (low risk); expedite ~3d / $5,061 (medium risk); switch_supplier ~3d / $4,735 (medium risk). Supplier ETA was 2024-12-07; lot value $1,249.",11005.86,7.0,14148.0,9.0,partial,2024-12-02,"Estimate missed that the material landed later than quoted; actual 9 days / $14,148 vs 7 / $11,006. Widen the check before choosing reallocate stock.","[""REV004478"",""REV004482"",""RPO014499"",""RPO014831"",""RT0000004"",""PR0014461""]",decision_quality
DEC00240,EVT01770,2024-11-14,Buyer,expedite,"[{""option"":""expedite"",""est_cost"":38167.64,""est_stockout_days"":0.0,""risk"":""low"",""note"":""supplier premium 12% of line value""},{""option"":""accept_delay"",""est_cost"":0.0,""est_stockout_days"":0.0,""risk"":""medium"",""note"":""on hand 135 vs ROP 230""},{""option"":""reallocate_stock"",""est_cost"":1908.38,""est_stockout_days"":0.0,""risk"":""medium"",""note"":""pull units from another DC""}]",expedite,"Chose expedite: expected 0 stockout days / $38,168. Alternatives: accept_delay ~0d / $0 (medium risk); reallocate_stock ~0d / $1,908 (medium risk). On hand 135 vs reorder point 230 at Southeast DC 05 (W005).",38167.64,0.0,38167.64,0.0,success,2024-11-28,"expedite for Supplier 083 (SUP0083) worked: 0 stockout days, $38,168 vs $38,168 planned.","[""PO011335"",""M00032282""]",as_expected
DEC00241,EVT01765,2024-11-15,Buyer,expedite,"[{""option"":""accept_delay"",""est_cost"":21010.58,""est_stockout_days"":17.0,""risk"":""low"",""note"":""supplier ETA 2024-12-08""},{""option"":""switch_supplier"",""est_cost"":17319.92,""est_stockout_days"":14.0,""risk"":""medium"",""note"":""spot lot from SUP0129 in ~20 days""},{""option"":""reallocate_stock"",""est_cost"":4.97,""est_stockout_days"":0.0,""risk"":""medium"",""note"":""inter-plant transfer from P04 (~3 days)""},{""option"":""expedite"",""est_cost"":3751.47,""est_stockout_days"":3.0,""risk"":""medium"",""note"":""air freight quote 23% of lot value, ~4 days door-to-door""}]",expedite,"Chose expedite: expected 3 stockout days / $3,751. Alternatives: accept_delay ~17d / $21,011 (low risk); switch_supplier ~14d / $17,320 (medium risk); reallocate_stock ~0d / $5 (medium risk). Supplier ETA was 2024-12-08; lot value $193.",3751.47,3.0,4987.39,4.0,partial,2024-12-02,Same move worked on 2024-04-30 (CAS00491) but not here - conditions differed (season): the material landed later than quoted. Check season before reusing a precedent.,"[""REV004446"",""REV004447"",""REV004594"",""REV004598"",""RPO015070"",""RPO015407"",""PR0014603""]",context_shift
DEC00242,EVT01777,2024-11-15,Supply Planner,reallocate_stock,"[{""option"":""reallocate_stock"",""est_cost"":15.62,""est_stockout_days"":0.0,""risk"":""low"",""note"":""move 4 units W006->W007""},{""option"":""expedite"",""est_cost"":46.86,""est_stockout_days"":0.0,""risk"":""medium"",""note"":""expedite next inbound PO""},{""option"":""accept_delay"",""est_cost"":105.4,""est_stockout_days"":1.0,""risk"":""medium"",""note"":""wait for replenishment""}]",reallocate_stock,Chose reallocate_stock: expected 0 stockout days / $16. Alternatives: expedite ~0d / $47 (medium risk); accept_delay ~1d / $105 (medium risk). West DC 07 (W007) had 228 units vs ROP 242; source Canada DC 06 (W006).,15.62,0.0,15.62,0.0,success,2024-12-14,"reallocate stock for West DC 07 (W007) worked: 0 stockout days, $16 vs $16 planned.","[""T0011577"",""M00134985"",""M00134986""]",as_expected
DEC00243,EVT01785,2024-11-18,Buyer,expedite,"[{""option"":""accept_delay"",""est_cost"":55588.76,""est_stockout_days"":22.0,""risk"":""low"",""note"":""supplier ETA 2024-12-17""},{""option"":""reallocate_stock"",""est_cost"":1.54,""est_stockout_days"":0.0,""risk"":""medium"",""note"":""inter-plant transfer from P03 (~3 days)""},{""option"":""expedite"",""est_cost"":22749.92,""est_stockout_days"":9.0,""risk"":""medium"",""note"":""air freight quote 26% of lot value, ~5 days door-to-door""}]",expedite,"Chose expedite: expected 9 stockout days / $22,750. Alternatives: accept_delay ~22d / $55,589 (low risk); reallocate_stock ~0d / $2 (medium risk). Supplier ETA was 2024-12-17; lot value $36.",22749.92,9.0,22749.92,9.0,success,2024-12-11,"expedite for UV Flexo White (RM0075) at Maplewood Plant (P02) worked: 9 stockout days, $22,750 vs $22,750 planned.","[""REV004591"",""REV004612"",""REV004618"",""RPO015135"",""PR0014694""]",as_expected
DEC00244,EVT01780,2024-11-23,Category Manager,switch_supplier,"[{""option"":""accept_delay"",""est_cost"":2335.87,""est_stockout_days"":7.0,""risk"":""low"",""note"":""supplier ETA 2024-12-05""},{""option"":""expedite"",""est_cost"":247.62,""est_stockout_days"":0.0,""risk"":""medium"",""note"":""air freight quote 25% of lot value, ~5 days door-to-door""},{""option"":""reallocate_stock"",""est_cost"":4.14,""est_stockout_days"":0.0,""risk"":""medium"",""note"":""inter-plant transfer from P02 (~3 days)""},{""option"":""switch_supplier"",""est_cost"":130.47,""est_stockout_days"":0.0,""risk"":""medium"",""note"":""spot lot from SUP0202 in ~12 days""}]",switch_supplier + cancel original PO,"Chose switch_supplier + cancel original PO: expected 0 stockout days / $130. Alternatives: accept_delay ~7d / $2,336 (low risk); expedite ~0d / $248 (medium risk); reallocate_stock ~0d / $4 (medium risk). Supplier ETA was 2024-12-05; lot value $990. Original PO cancelled once the spot lot was confirmed.",130.47,0.0,2944.67,2.0,failed,2024-12-07,"Same move worked on 2024-10-22 (CAS00786) but not here - conditions differed (co_victims, season, tags): other runs needing the same material were also blocked. Check co_victims, season, tags before reusing a precedent.","[""REV004460"",""REV004530"",""RPO014753"",""RPO016302"",""PR0014742""]",context_shift
DEC00245,EVT00027,2024-11-23,Category Manager,renegotiate,"[{""option"":""renegotiate"",""est_cost"":2000.0,""est_stockout_days"":0.0,""risk"":""medium"",""note"":""performance agreement with credits""},{""option"":""reduce_allocation"",""est_cost"":6000.0,""est_stockout_days"":0.0,""risk"":""medium"",""note"":""shift volume to second source""},{""option"":""build_safety_stock"",""est_cost"":9000.0,""est_stockout_days"":0.0,""risk"":""low"",""note"":""carry extra cover""}]",renegotiate,"Chose renegotiate: expected 0 stockout days / $2,000. Alternatives: reduce_allocation ~0d / $6,000 (medium risk); build_safety_stock ~0d / $9,000 (low risk).",2000.0,0.0,61041.15,53.0,failed,2025-06-11,"Estimate missed that the supplier kept slipping after the agreement; actual 53 days / $61,041 vs 0 / $2,000. Widen the check before choosing renegotiate.","[""NEG00096""]",decision_quality
DEC00246,EVT00041,2024-11-23,Category Manager,renegotiate,"[{""option"":""renegotiate"",""est_cost"":2000.0,""est_stockout_days"":0.0,""risk"":""medium"",""note"":""performance agreement with credits""},{""option"":""reduce_allocation"",""est_cost"":6000.0,""est_stockout_days"":0.0,""risk"":""medium"",""note"":""shift volume to second source""},{""option"":""build_safety_stock"",""est_cost"":9000.0,""est_stockout_days"":0.0,""risk"":""low"",""note"":""carry extra cover""}]",renegotiate,"Chose renegotiate: expected 0 stockout days / $2,000. Alternatives: reduce_allocation ~0d / $6,000 (medium risk); build_safety_stock ~0d / $9,000 (low risk).",2000.0,0.0,2000.0,0.0,failed,2025-06-02,"Estimate missed that the supplier kept slipping after the agreement; actual 0 days / $2,000 vs 0 / $2,000. Widen the check before choosing renegotiate.","[""NEG00097""]",decision_quality
DEC00247,EVT00066,2024-11-23,Category Manager,renegotiate,"[{""option"":""renegotiate"",""est_cost"":2000.0,""est_stockout_days"":0.0,""risk"":""medium"",""note"":""performance agreement with credits""},{""option"":""reduce_allocation"",""est_cost"":6000.0,""est_stockout_days"":0.0,""risk"":""medium"",""note"":""shift volume to second source""},{""option"":""build_safety_stock"",""est_cost"":9000.0,""est_stockout_days"":0.0,""risk"":""low"",""note"":""carry extra cover""}]",renegotiate,"Chose renegotiate: expected 0 stockout days / $2,000. Alternatives: reduce_allocation ~0d / $6,000 (medium risk); build_safety_stock ~0d / $9,000 (low risk).",2000.0,0.0,43644.27,19.0,failed,2025-06-10,"Estimate missed that the supplier kept slipping after the agreement; actual 19 days / $43,644 vs 0 / $2,000. Widen the check before choosing renegotiate.","[""NEG00098""]",decision_quality
DEC00248,EVT01798,2024-11-25,Buyer,cancel_po,"[{""option"":""cancel_po"",""est_cost"":1164.19,""est_stockout_days"":0.0,""risk"":""low"",""note"":""stock 2.9x ROP""},{""option"":""accept_delay"",""est_cost"":5741.23,""est_stockout_days"":0.0,""risk"":""low"",""note"":""keep PO, carry the stock""},{""option"":""reduce_allocation"",""est_cost"":3452.7,""est_stockout_days"":0.0,""risk"":""low"",""note"":""halve quantities""}]",cancel_po,"Chose cancel_po: expected 0 stockout days / $1,164. Alternatives: accept_delay ~0d / $5,741 (low risk); reduce_allocation ~0d / $3,453 (low risk). Stock at Canada DC 06 (W006) was 2.9x reorder point.",1164.19,0.0,1164.19,0.0,success,2025-01-24,"cancel po for Supplier 095 (SUP0095) worked: 0 stockout days, $1,164 vs $1,164 planned.","[""PO004815""]",as_expected
DEC00249,EVT01893,2024-11-28,Category Manager,renegotiate,"[{""option"":""renegotiate"",""est_cost"":409.4,""est_stockout_days"":0.0,""risk"":""medium"",""note"":""counter with volume commitment""},{""option"":""accept_increase"",""est_cost"":481.65,""est_stockout_days"":0.0,""risk"":""low"",""note"":""accept list increase""},{""option"":""switch_supplier"",""est_cost"":8070.44,""est_stockout_days"":3.0,""risk"":""high"",""note"":""qualify alternative source""}]",renegotiate,"Chose renegotiate: expected 0 stockout days / $409. Alternatives: accept_increase ~0d / $482 (low risk); switch_supplier ~3d / $8,070 (high risk).",409.4,0.0,377.57,0.0,success,2025-01-29,"renegotiate for Supplier 169 (SUP0169) worked: 0 stockout days, $378 vs $409 planned.","[""NEG00099"",""CTR0182"",""CAT00773""]",as_expected
DEC00250,EVT01815,2024-11-29,Supply Planner,accept_delay,"[{""option"":""accept_delay"",""est_cost"":190.57,""est_stockout_days"":0.0,""risk"":""low"",""note"":""accept shortfall of 23 units""},{""option"":""expedite"",""est_cost"":918.94,""est_stockout_days"":0.0,""risk"":""medium"",""note"":""rush the balance""},{""option"":""renegotiate"",""est_cost"":1500.0,""est_stockout_days"":0.0,""risk"":""medium"",""note"":""claim short-shipment credit""}]",accept_delay,"Chose accept_delay: expected 0 stockout days / $191. Alternatives: expedite ~0d / $919 (medium risk); renegotiate ~0d / $1,500 (medium risk).",190.57,0.0,190.57,0.0,partial,2025-01-28,"Sound call ex-ante (lowest expected cost) but stock ran low before the next replenishment: 0 days, $191 vs $191. No process change; keep the option open.","[""PO002130"",""M00005973""]",bad_luck
DEC00251,EVT01789,2024-12-01,Buyer,expedite,"[{""option"":""accept_delay"",""est_cost"":3191.96,""est_stockout_days"":15.0,""risk"":""low"",""note"":""supplier ETA 2025-01-01""},{""option"":""switch_supplier"",""est_cost"":215.39,""est_stockout_days"":1.0,""risk"":""medium"",""note"":""spot lot from SUP0047 in ~17 days""},{""option"":""reallocate_stock"",""est_cost"":0.75,""est_stockout_days"":0.0,""risk"":""medium"",""note"":""inter-plant transfer from P02 (~3 days)""},{""option"":""expedite"",""est_cost"":1507.27,""est_stockout_days"":7.0,""risk"":""medium"",""note"":""air freight quote 25% of lot value, ~5 days door-to-door""}]",expedite,"Chose expedite: expected 7 stockout days / $1,507. Alternatives: accept_delay ~15d / $3,192 (low risk); switch_supplier ~1d / $215 (medium risk); reallocate_stock ~0d / $1 (medium risk). Supplier ETA was 2025-01-01; lot value $71.",1507.27,7.0,1720.07,8.0,partial,2025-01-01,"Same move worked on 2024-10-06 (CAS00109) but not here - conditions differed (co_victims, tags): the material landed later than quoted. Check co_victims, tags before reusing a precedent.","[""REV004461"",""REV004577"",""REV004583"",""REV004719"",""REV004722"",""RPO014754"",""RPO015066"",""PR0015171""]",context_shift
DEC00252,EVT01821,2024-12-01,Supply Planner,accept_delay,"[{""option"":""accept_delay"",""est_cost"":520.16,""est_stockout_days"":0.0,""risk"":""low"",""note"":""accept shortfall of 215 units""},{""option"":""expedite"",""est_cost"":4135.22,""est_stockout_days"":0.0,""risk"":""medium"",""note"":""rush the balance""},{""option"":""renegotiate"",""est_cost"":1500.0,""est_stockout_days"":0.0,""risk"":""medium"",""note"":""claim short-shipment credit""}]",accept_delay,"Chose accept_delay: expected 0 stockout days / $520. Alternatives: expedite ~0d / $4,135 (medium risk); renegotiate ~0d / $1,500 (medium risk).",520.16,0.0,520.16,0.0,success,2025-01-30,"accept delay for Supplier 237 (SUP0237) worked: 0 stockout days, $520 vs $520 planned.","[""PO014181"",""M00040422""]",as_expected
DEC00253,EVT01825,2024-12-04,Buyer,expedite,"[{""option"":""expedite"",""est_cost"":6859.18,""est_stockout_days"":0.0,""risk"":""low"",""note"":""supplier premium 12% of line value""},{""option"":""accept_delay"",""est_cost"":0.0,""est_stockout_days"":0.0,""risk"":""medium"",""note"":""on hand 306 vs ROP 317""},{""option"":""reallocate_stock"",""est_cost"":342.96,""est_stockout_days"":0.0,""risk"":""medium"",""note"":""pull units from another DC""}]",expedite,"Chose expedite: expected 0 stockout days / $6,859. Alternatives: accept_delay ~0d / $0 (medium risk); reallocate_stock ~0d / $343 (medium risk). On hand 306 vs reorder point 317 at Southeast DC 05 (W005).",6859.18,0.0,6859.18,0.0,success,2024-12-15,"expedite for Supplier 066 (SUP0066) worked: 0 stockout days, $6,859 vs $6,859 planned.","[""PO008926"",""M00025326""]",as_expected
DEC00254,EVT00040,2024-12-05,Category Manager,switch_supplier,"[{""option"":""switch_supplier"",""est_cost"":9108.05,""est_stockout_days"":5.5,""risk"":""medium"",""note"":""move volume to SUP0016""},{""option"":""renegotiate"",""est_cost"":2000.0,""est_stockout_days"":2.0,""risk"":""medium"",""note"":""performance plan with SUP0157""},{""option"":""build_safety_stock"",""est_cost"":286.48,""est_stockout_days"":0.0,""risk"":""low"",""note"":""carry more buffer instead""}]",switch_supplier,"Chose switch_supplier: expected 5.5 stockout days / $9,108. Alternatives: renegotiate ~2d / $2,000 (medium risk); build_safety_stock ~0d / $286 (low risk).",9108.05,5.5,0.0,0.0,failed,2025-06-17,"Estimate missed that the new source was also late; actual 0 days / $0 vs 5.5 / $9,108. Widen the check before choosing switch supplier.","[""CAT00232"",""CAT00233"",""CAT00234""]",decision_quality
DEC00255,EVT01833,2024-12-06,Supply Planner,accept_delay,"[{""option"":""expedite"",""est_cost"":3.94,""est_stockout_days"":0.0,""risk"":""medium"",""note"":""air freight quote 25% of lot value, ~5 days door-to-door""},{""option"":""reallocate_stock"",""est_cost"":1.7,""est_stockout_days"":0.0,""risk"":""medium"",""note"":""inter-plant transfer from P02 (~4 days)""},{""option"":""accept_delay"",""est_cost"":17421.21,""est_stockout_days"":8.0,""risk"":""low"",""note"":""supplier ETA 2024-12-23""}]",accept_delay,"Chose accept_delay: expected 8 stockout days / $17,421. Alternatives: expedite ~0d / $4 (medium risk); reallocate_stock ~0d / $2 (medium risk). Supplier ETA was 2024-12-23; lot value $16.",17421.21,8.0,17421.21,8.0,success,2024-12-30,"accept delay for Process Cyan Ink (RM0072) at Northgate Plant (P05) worked: 8 stockout days, $17,421 vs $17,421 planned.","[""REV004629"",""REV004755"",""RPO015363"",""PR0015128""]",as_expected
DEC00256,EVT01822,2024-12-07,Materials Manager,reallocate_stock,"[{""option"":""accept_delay"",""est_cost"":19741.62,""est_stockout_days"":19.0,""risk"":""low"",""note"":""supplier ETA 2024-12-28""},{""option"":""expedite"",""est_cost"":3163.46,""est_stockout_days"":3.0,""risk"":""medium"",""note"":""air freight quote 25% of lot value, ~5 days door-to-door""},{""option"":""switch_supplier"",""est_cost"":15596.49,""est_stockout_days"":15.0,""risk"":""medium"",""note"":""spot lot from SUP0047 in ~17 days""},{""option"":""reallocate_stock"",""est_cost"":10393.47,""est_stockout_days"":10.0,""risk"":""medium"",""note"":""inter-plant transfer from P01 (~5 days)""}]",reallocate_stock,"Chose reallocate_stock: expected 10 stockout days / $10,393. Alternatives: accept_delay ~19d / $19,742 (low risk); expedite ~3d / $3,163 (medium risk); switch_supplier ~15d / $15,596 (medium risk). Supplier ETA was 2024-12-28; lot value $185.",10393.47,10.0,10393.47,10.0,success,2024-12-26,"reallocate stock for Stretch Wrap 23um Grade B (RM0083) at Eastfield Plant (P03) worked: 10 stockout days, $10,393 vs $10,393 planned.","[""REV004604"",""REV004713"",""REV004714"",""RPO015186"",""RPO015530"",""RT0000006"",""PR0014986""]",as_expected
DEC00257,EVT01878,2024-12-14,Supply Planner,accept_delay,"[{""option"":""expedite"",""est_cost"":748.5,""est_stockout_days"":0.0,""risk"":""medium"",""note"":""air freight quote 25% of lot value, ~5 days door-to-door""},{""option"":""switch_supplier"",""est_cost"":26.48,""est_stockout_days"":0.0,""risk"":""medium"",""note"":""spot lot from SUP0202 in ~12 days""},{""option"":""reallocate_stock"",""est_cost"":9.55,""est_stockout_days"":0.0,""risk"":""medium"",""note"":""inter-plant transfer from P01 (~5 days)""},{""option"":""accept_delay"",""est_cost"":15059.41,""est_stockout_days"":6.0,""risk"":""low"",""note"":""supplier ETA 2025-01-04""}]",accept_delay,"Chose accept_delay: expected 6 stockout days / $15,059. Alternatives: expedite ~0d / $748 (medium risk); switch_supplier ~0d / $26 (medium risk); reallocate_stock ~0d / $10 (medium risk). Supplier ETA was 2025-01-04; lot value $2,994.",15059.41,6.0,15059.41,6.0,success,2025-01-11,"accept delay for LDPE Shrink Film 60um (RM0003) at Eastfield Plant (P03) worked: 6 stockout days, $15,059 vs $15,059 planned.","[""REV004790"",""REV004800"",""REV004825"",""REV004827"",""REV004829"",""RPO015678"",""RPO015859"",""RPO016199"",""PR0015432""]",as_expected
DEC00258,EVT01861,2024-12-14,Supply Planner,accept_delay,"[{""option"":""expedite"",""est_cost"":8.2,""est_stockout_days"":0.0,""risk"":""medium"",""note"":""air freight quote 25% of lot value, ~5 days door-to-door""},{""option"":""reallocate_stock"",""est_cost"":1.0,""est_stockout_days"":0.0,""risk"":""medium"",""note"":""inter-plant transfer from P03 (~3 days)""},{""option"":""accept_delay"",""est_cost"":6830.57,""est_stockout_days"":7.0,""risk"":""low"",""note"":""supplier ETA 2025-01-27""}]",accept_delay,"Chose accept_delay: expected 7 stockout days / $6,831. Alternatives: expedite ~0d / $8 (medium risk); reallocate_stock ~0d / $1 (medium risk). Supplier ETA was 2025-01-27; lot value $33.",6830.57,7.0,6830.57,7.0,success,2025-02-03,"accept delay for Process Cyan Ink (RM0072) at Maplewood Plant (P02) worked: 7 stockout days, $6,831 vs $6,831 planned.","[""REV004789"",""REV004824"",""REV004831"",""RPO015662"",""RPO016479"",""PR0015904""]",as_expected
DEC00259,EVT01823,2024-12-15,Materials Manager,reallocate_stock,"[{""option"":""accept_delay"",""est_cost"":37560.89,""est_stockout_days"":25.0,""risk"":""low"",""note"":""supplier ETA 2025-01-11""},{""option"":""expedite"",""est_cost"":4618.08,""est_stockout_days"":3.0,""risk"":""medium"",""note"":""air freight quote 27% of lot value, ~5 days door-to-door""},{""option"":""switch_supplier"",""est_cost"":10538.65,""est_stockout_days"":7.0,""risk"":""medium"",""note"":""spot lot from SUP0091 in ~9 days""},{""option"":""reallocate_stock"",""est_cost"":15032.3,""est_stockout_days"":10.0,""risk"":""medium"",""note"":""inter-plant transfer from P01 (~3 days)""}]",reallocate_stock,"Chose reallocate_stock: expected 10 stockout days / $15,032. Alternatives: accept_delay ~25d / $37,561 (low risk); expedite ~3d / $4,618 (medium risk); switch_supplier ~7d / $10,539 (medium risk). Supplier ETA was 2025-01-11; lot value $415.",15032.3,10.0,19539.6,13.0,partial,2025-01-06,"Estimate missed that the material landed later than quoted; actual 13 days / $19,540 vs 10 / $15,032. Widen the check before choosing reallocate stock.","[""REV004544"",""REV004550"",""RPO014888"",""RPO015573"",""RT0000003"",""PR0015174""]",decision_quality
DEC00260,EVT01877,2024-12-26,Buyer,expedite,"[{""option"":""accept_delay"",""est_cost"":7387.94,""est_stockout_days"":10.0,""risk"":""low"",""note"":""supplier ETA 2025-01-14""},{""option"":""reallocate_stock"",""est_cost"":0.45,""est_stockout_days"":0.0,""risk"":""medium"",""note"":""inter-plant transfer from P03 (~3 days)""},{""option"":""expedite"",""est_cost"":2095.98,""est_stockout_days"":2.0,""risk"":""medium"",""note"":""air freight quote 26% of lot value, ~5 days door-to-door""}]",expedite,"Chose expedite: expected 2 stockout days / $2,096. Alternatives: accept_delay ~10d / $7,388 (low risk); reallocate_stock ~0d / $0 (medium risk). Supplier ETA was 2025-01-14; lot value $35.",2095.98,2.0,2095.98,2.0,success,2025-01-13,"expedite for UV Flexo White (RM0075) at Maplewood Plant (P02) worked: 2 stockout days, $2,096 vs $2,096 planned.","[""REV004756"",""REV004867"",""REV004871"",""REV004914"",""REV004918"",""RPO015663"",""RPO016150"",""PR0015541""]",as_expected
DEC00261,EVT01892,2024-12-29,Supply Planner,reallocate_stock,"[{""option"":""reallocate_stock"",""est_cost"":38.46,""est_stockout_days"":0.0,""risk"":""low"",""note"":""move 5 units W011->W010""},{""option"":""expedite"",""est_cost"":115.39,""est_stockout_days"":0.0,""risk"":""medium"",""note"":""expedite next inbound PO""},{""option"":""accept_delay"",""est_cost"":248.47,""est_stockout_days"":1.0,""risk"":""medium"",""note"":""wait for replenishment""}]",reallocate_stock,Chose reallocate_stock: expected 0 stockout days / $38. Alternatives: expedite ~0d / $115 (medium risk); accept_delay ~1d / $248 (medium risk). Northeast DC 10 (W010) had 262 units vs ROP 364; source Southeast DC 11 (W011).,38.46,0.0,38.46,0.0,success,2025-01-27,"reallocate stock for Northeast DC 10 (W010) worked: 0 stockout days, $38 vs $38 planned.","[""T0003553"",""M00076950"",""M00076951""]",as_expected
DEC00262,EVT01896,2024-12-30,Supply Planner,accept_delay,"[{""option"":""expedite"",""est_cost"":25.83,""est_stockout_days"":0.0,""risk"":""medium"",""note"":""air freight quote 25% of lot value, ~5 days door-to-door""},{""option"":""reallocate_stock"",""est_cost"":0.36,""est_stockout_days"":0.0,""risk"":""medium"",""note"":""inter-plant transfer from P02 (~4 days)""},{""option"":""accept_delay"",""est_cost"":1145.87,""est_stockout_days"":10.0,""risk"":""low"",""note"":""supplier ETA 2025-02-04""}]",accept_delay,"Chose accept_delay: expected 10 stockout days / $1,146. Alternatives: expedite ~0d / $26 (medium risk); reallocate_stock ~0d / $0 (medium risk). Supplier ETA was 2025-02-04; lot value $103.",1145.87,10.0,18609.89,10.0,failed,2025-02-11,"Same move worked on 2024-12-06 (CAS00126) but not here - conditions differed (co_victims, season): other runs needing the same material were also blocked. Check co_victims, season before reusing a precedent.","[""REV004855"",""REV004942"",""REV004944"",""REV004945"",""REV004946"",""RPO016036"",""RPO016635"",""RPO016729"",""RPO017001"",""PR0016028""]",context_shift
DEC00263,EVT01920,2024-12-31,Buyer,expedite,"[{""option"":""accept_delay"",""est_cost"":9906.15,""est_stockout_days"":10.0,""risk"":""low"",""note"":""supplier ETA 2025-01-23""},{""option"":""reallocate_stock"",""est_cost"":0.97,""est_stockout_days"":0.0,""risk"":""medium"",""note"":""inter-plant transfer from P01 (~3 days)""},{""option"":""expedite"",""est_cost"":218.68,""est_stockout_days"":0.0,""risk"":""medium"",""note"":""air freight quote 28% of lot value, ~5 days door-to-door""}]",expedite,"Chose expedite: expected 0 stockout days / $219. Alternatives: accept_delay ~10d / $9,906 (low risk); reallocate_stock ~0d / $1 (medium risk). Supplier ETA was 2025-01-23; lot value $786.",218.68,0.0,2199.91,2.0,failed,2025-01-22,"Estimate missed that the material landed later than quoted; actual 2 days / $2,200 vs 0 / $219. Widen the check before choosing expedite.","[""REV004866"",""REV004868"",""REV004958"",""REV004959"",""RPO015651"",""RPO015790"",""PR0015717""]",decision_quality
DEC00264,EVT01902,2025-01-01,Buyer,expedite,"[{""option"":""accept_delay"",""est_cost"":19815.62,""est_stockout_days"":14.0,""risk"":""low"",""note"":""supplier ETA 2025-01-30""},{""option"":""reallocate_stock"",""est_cost"":0.69,""est_stockout_days"":0.0,""risk"":""medium"",""note"":""inter-plant transfer from P02 (~4 days)""},{""option"":""expedite"",""est_cost"":13250.02,""est_stockout_days"":6.0,""risk"":""medium"",""note"":""air freight quote 26% of lot value, ~5 days door-to-door""}]",expedite,"Chose expedite: expected 6 stockout days / $13,250. Alternatives: accept_delay ~14d / $19,816 (low risk); reallocate_stock ~0d / $1 (medium risk). Supplier ETA was 2025-01-30; lot value $58.",13250.02,6.0,19867.64,9.0,partial,2025-02-01,"Same move worked on 2024-11-18 (CAS00079) but not here - conditions differed (co_victims, season): the material landed later than quoted. Check co_victims, season before reusing a precedent.","[""REV004889"",""REV004962"",""REV004966"",""REV004967"",""REV004972"",""REV004973"",""REV004976"",""RPO016037"",""RPO016378"",""RPO016636"",""PR0015814""]",context_shift
DEC00265,EVT01904,2025-01-04,Buyer,cancel_po,"[{""option"":""cancel_po"",""est_cost"":3938.91,""est_stockout_days"":0.0,""risk"":""low"",""note"":""stock 5.0x ROP""},{""option"":""accept_delay"",""est_cost"":19424.76,""est_stockout_days"":0.0,""risk"":""low"",""note"":""keep PO, carry the stock""},{""option"":""reduce_allocation"",""est_cost"":11681.83,""est_stockout_days"":0.0,""risk"":""low"",""note"":""halve quantities""}]",cancel_po,"Chose cancel_po: expected 0 stockout days / $3,939. Alternatives: accept_delay ~0d / $19,425 (low risk); reduce_allocation ~0d / $11,682 (low risk). Stock at Southeast DC 11 (W011) was 5.0x reorder point.",3938.91,0.0,3938.91,0.0,success,2025-03-05,"cancel po for Supplier 040 (SUP0040) worked: 0 stockout days, $3,939 vs $3,939 planned.","[""PO014023""]",as_expected
DEC00266,EVT00066,2025-01-05,Category Manager,switch_supplier,"[{""option"":""switch_supplier"",""est_cost"":11755.91,""est_stockout_days"":8.0,""risk"":""medium"",""note"":""move volume to SUP0063""},{""option"":""renegotiate"",""est_cost"":2000.0,""est_stockout_days"":2.0,""risk"":""medium"",""note"":""performance plan with SUP0228""},{""option"":""build_safety_stock"",""est_cost"":101.79,""est_stockout_days"":0.0,""risk"":""low"",""note"":""carry more buffer instead""}]",switch_supplier,"Chose switch_supplier: expected 8 stockout days / $11,756. Alternatives: renegotiate ~2d / $2,000 (medium risk); build_safety_stock ~0d / $102 (low risk).",11755.91,8.0,28802.25,13.0,failed,2025-07-18,"Estimate missed that the new source was also late; actual 13 days / $28,802 vs 8 / $11,756. Widen the check before choosing switch supplier.","[""CAT00110"",""CAT00111"",""CAT00112""]",decision_quality
DEC00267,EVT00041,2025-01-05,Category Manager,switch_supplier,"[{""option"":""switch_supplier"",""est_cost"":23551.47,""est_stockout_days"":14.0,""risk"":""medium"",""note"":""move volume to SUP0038""},{""option"":""renegotiate"",""est_cost"":2000.0,""est_stockout_days"":2.0,""risk"":""medium"",""note"":""performance plan with SUP0208""},{""option"":""build_safety_stock"",""est_cost"":296.53,""est_stockout_days"":0.0,""risk"":""low"",""note"":""carry more buffer instead""}]",switch_supplier,"Chose switch_supplier: expected 14 stockout days / $23,551. Alternatives: renegotiate ~2d / $2,000 (medium risk); build_safety_stock ~0d / $297 (low risk).",23551.47,14.0,31709.32,20.0,partial,2025-07-18,"Estimate missed that the new source was also late; actual 20 days / $31,709 vs 14 / $23,551. Widen the check before choosing switch supplier.","[""CAT00126"",""CAT00127""]",decision_quality
DEC00268,EVT00027,2025-01-05,Category Manager,switch_supplier,"[{""option"":""switch_supplier"",""est_cost"":12414.18,""est_stockout_days"":9.0,""risk"":""medium"",""note"":""move volume to SUP0016""},{""option"":""renegotiate"",""est_cost"":2000.0,""est_stockout_days"":2.0,""risk"":""medium"",""note"":""performance plan with SUP0061""},{""option"":""build_safety_stock"",""est_cost"":163.55,""est_stockout_days"":0.0,""risk"":""low"",""note"":""carry more buffer instead""}]",switch_supplier,"Chose switch_supplier: expected 9 stockout days / $12,414. Alternatives: renegotiate ~2d / $2,000 (medium risk); build_safety_stock ~0d / $164 (low risk).",12414.18,9.0,22523.78,29.0,partial,2025-07-18,"Estimate missed that the new source was also late; actual 29 days / $22,524 vs 9 / $12,414. Widen the check before choosing switch supplier.","[""CAT00278"",""CAT00279""]",decision_quality
DEC00269,EVT01919,2025-01-07,Supply Planner,reallocate_stock,"[{""option"":""reallocate_stock"",""est_cost"":58.57,""est_stockout_days"":0.0,""risk"":""low"",""note"":""move 13 units W012->W001""},{""option"":""expedite"",""est_cost"":175.72,""est_stockout_days"":0.0,""risk"":""medium"",""note"":""expedite next inbound PO""},{""option"":""accept_delay"",""est_cost"":437.76,""est_stockout_days"":1.0,""risk"":""medium"",""note"":""wait for replenishment""}]",reallocate_stock,Chose reallocate_stock: expected 0 stockout days / $59. Alternatives: expedite ~0d / $176 (medium risk); accept_delay ~1d / $438 (medium risk). West DC 01 (W001) had 292 units vs ROP 424; source Canada DC 12 (W012).,58.57,0.0,58.57,0.0,success,2025-02-05,"reallocate stock for West DC 01 (W001) worked: 0 stockout days, $59 vs $59 planned.","[""T0003648"",""M00077686"",""M00077687""]",as_expected
DEC00270,EVT01903,2025-01-10,Buyer,expedite,"[{""option"":""accept_delay"",""est_cost"":18956.07,""est_stockout_days"":18.0,""risk"":""low"",""note"":""supplier ETA 2025-01-29""},{""option"":""reallocate_stock"",""est_cost"":2106.69,""est_stockout_days"":2.0,""risk"":""medium"",""note"":""inter-plant transfer from P02 (~3 days)""},{""option"":""expedite"",""est_cost"":5290.35,""est_stockout_days"":5.0,""risk"":""medium"",""note"":""air freight quote 26% of lot value, ~5 days door-to-door""}]",expedite,"Chose expedite: expected 5 stockout days / $5,290. Alternatives: accept_delay ~18d / $18,956 (low risk); reallocate_stock ~2d / $2,107 (medium risk). Supplier ETA was 2025-01-29; lot value $97.",5290.35,5.0,5290.35,5.0,success,2025-01-23,"expedite for UV Flexo White (RM0075) at Riverbend Plant (P04) worked: 5 stockout days, $5,290 vs $5,290 planned.","[""REV004767"",""REV004957"",""REV004964"",""REV004965"",""REV005047"",""REV005050"",""REV005051"",""RPO015577"",""RPO016247"",""RPO016362"",""PR0015684""]",as_expected
DEC00271,EVT01938,2025-01-13,Supply Planner,accept_delay,"[{""option"":""accept_delay"",""est_cost"":821.62,""est_stockout_days"":0.0,""risk"":""low"",""note"":""accept shortfall of 376 units""},{""option"":""expedite"",""est_cost"":7854.04,""est_stockout_days"":0.0,""risk"":""medium"",""note"":""rush the balance""},{""option"":""renegotiate"",""est_cost"":1500.0,""est_stockout_days"":0.0,""risk"":""medium"",""note"":""claim short-shipment credit""}]",accept_delay,"Chose accept_delay: expected 0 stockout days / $822. Alternatives: expedite ~0d / $7,854 (medium risk); renegotiate ~0d / $1,500 (medium risk).",821.62,0.0,821.62,0.0,success,2025-03-14,"accept delay for Supplier 086 (SUP0086) worked: 0 stockout days, $822 vs $822 planned.","[""PO005718"",""M00016211""]",as_expected
DEC00272,EVT01925,2025-01-14,Buyer,expedite,"[{""option"":""accept_delay"",""est_cost"":34145.81,""est_stockout_days"":17.0,""risk"":""low"",""note"":""supplier ETA 2025-02-08""},{""option"":""reallocate_stock"",""est_cost"":0.91,""est_stockout_days"":0.0,""risk"":""medium"",""note"":""inter-plant transfer from P02 (~3 days)""},{""option"":""expedite"",""est_cost"":22113.49,""est_stockout_days"":11.0,""risk"":""medium"",""note"":""air freight quote 25% of lot value, ~5 days door-to-door""}]",expedite,"Chose expedite: expected 11 stockout days / $22,113. Alternatives: accept_delay ~17d / $34,146 (low risk); reallocate_stock ~0d / $1 (medium risk). Supplier ETA was 2025-02-08; lot value $77.",22113.49,11.0,24122.07,12.0,partial,2025-02-10,Same move worked on 2024-12-26 (CAS00803) but not here - conditions differed (co_victims): the material landed later than quoted. Check co_victims before reusing a precedent.,"[""REV004888"",""REV005027"",""REV005029"",""REV005031"",""REV005081"",""REV005082"",""REV005085"",""RPO016016"",""RPO016579"",""RPO016709"",""PR0015956""]",context_shift
DEC00273,EVT01963,2025-01-18,Supply Planner,accept_delay,"[{""option"":""expedite"",""est_cost"":22.59,""est_stockout_days"":0.0,""risk"":""medium"",""note"":""air freight quote 22% of lot value, ~4 days door-to-door""},{""option"":""switch_supplier"",""est_cost"":8467.37,""est_stockout_days"":11.0,""risk"":""medium"",""note"":""spot lot from SUP0046 in ~18 days""},{""option"":""reallocate_stock"",""est_cost"":1.96,""est_stockout_days"":0.0,""risk"":""medium"",""note"":""inter-plant transfer from P01 (~6 days)""},{""option"":""accept_delay"",""est_cost"":5384.12,""est_stockout_days"":7.0,""risk"":""low"",""note"":""supplier ETA 2025-02-01""}]",accept_delay,"Chose accept_delay: expected 7 stockout days / $5,384. Alternatives: expedite ~0d / $23 (medium risk); switch_supplier ~11d / $8,467 (medium risk); reallocate_stock ~0d / $2 (medium risk). Supplier ETA was 2025-02-01; lot value $103.",5384.12,7.0,5384.12,7.0,success,2025-02-08,"accept delay for EPDM Gasket Compound (RM0086) at Northgate Plant (P05) worked: 7 stockout days, $5,384 vs $5,384 planned.","[""REV005103"",""RPO017285"",""PR0016038""]",as_expected
DEC00274,EVT01988,2025-01-19,Supply Planner,accept_delay,"[{""option"":""expedite"",""est_cost"":120.48,""est_stockout_days"":0.0,""risk"":""medium"",""note"":""air freight quote 23% of lot value, ~4 days door-to-door""},{""option"":""switch_supplier"",""est_cost"":43.01,""est_stockout_days"":0.0,""risk"":""medium"",""note"":""spot lot from SUP0139 in ~6 days""},{""option"":""reallocate_stock"",""est_cost"":13.46,""est_stockout_days"":0.0,""risk"":""medium"",""note"":""inter-plant transfer from P01 (~3 days)""},{""option"":""accept_delay"",""est_cost"":2964.85,""est_stockout_days"":3.0,""risk"":""low"",""note"":""supplier ETA 2025-02-12""}]",accept_delay,"Chose accept_delay: expected 3 stockout days / $2,965. Alternatives: expedite ~0d / $120 (medium risk); switch_supplier ~0d / $43 (medium risk); reallocate_stock ~0d / $13 (medium risk). Supplier ETA was 2025-02-12; lot value $531.",2964.85,3.0,2964.85,3.0,success,2025-02-19,"accept delay for SAP Surface-crosslinked Grade Grade C (RM0058) at Riverbend Plant (P04) worked: 3 stockout days, $2,965 vs $2,965 planned.","[""REV005078"",""REV005107"",""REV005112"",""RPO017049"",""RPO017379"",""PR0016365""]",as_expected
DEC00275,EVT01950,2025-01-19,Supply Planner,reallocate_stock,"[{""option"":""reallocate_stock"",""est_cost"":176.56,""est_stockout_days"":0.0,""risk"":""low"",""note"":""move 12 units W006->W008""},{""option"":""expedite"",""est_cost"":529.68,""est_stockout_days"":0.0,""risk"":""medium"",""note"":""expedite next inbound PO""},{""option"":""accept_delay"",""est_cost"":1599.26,""est_stockout_days"":1.0,""risk"":""medium"",""note"":""wait for replenishment""}]",reallocate_stock,"Chose reallocate_stock: expected 0 stockout days / $177. Alternatives: expedite ~0d / $530 (medium risk); accept_delay ~1d / $1,599 (medium risk). Southwest DC 08 (W008) had 317 units vs ROP 467; source Canada DC 06 (W006).",176.56,0.0,176.56,0.0,success,2025-02-17,"reallocate stock for Southwest DC 08 (W008) worked: 0 stockout days, $177 vs $177 planned.","[""T0006947"",""M00101528"",""M00101529""]",as_expected
DEC00276,EVT01959,2025-01-23,Buyer,cancel_po,"[{""option"":""cancel_po"",""est_cost"":88.98,""est_stockout_days"":0.0,""risk"":""low"",""note"":""stock 2.1x ROP""},{""option"":""accept_delay"",""est_cost"":438.79,""est_stockout_days"":0.0,""risk"":""low"",""note"":""keep PO, carry the stock""},{""option"":""reduce_allocation"",""est_cost"":263.88,""est_stockout_days"":0.0,""risk"":""low"",""note"":""halve quantities""}]",cancel_po,Chose cancel_po: expected 0 stockout days / $89. Alternatives: accept_delay ~0d / $439 (low risk); reduce_allocation ~0d / $264 (low risk). Stock at Southwest DC 08 (W008) was 2.1x reorder point.,88.98,0.0,88.98,0.0,success,2025-03-24,"cancel po for Supplier 122 (SUP0122) worked: 0 stockout days, $89 vs $89 planned.","[""PO011325""]",as_expected
DEC00277,EVT01996,2025-01-26,Supply Planner,accept_delay,"[{""option"":""expedite"",""est_cost"":25.55,""est_stockout_days"":0.0,""risk"":""medium"",""note"":""air freight quote 25% of lot value, ~5 days door-to-door""},{""option"":""switch_supplier"",""est_cost"":1.98,""est_stockout_days"":0.0,""risk"":""medium"",""note"":""spot lot from SUP0047 in ~17 days""},{""option"":""reallocate_stock"",""est_cost"":0.56,""est_stockout_days"":0.0,""risk"":""medium"",""note"":""inter-plant transfer from P02 (~3 days)""},{""option"":""accept_delay"",""est_cost"":6119.88,""est_stockout_days"":8.0,""risk"":""low"",""note"":""supplier ETA 2025-03-04""}]",accept_delay,"Chose accept_delay: expected 8 stockout days / $6,120. Alternatives: expedite ~0d / $26 (medium risk); switch_supplier ~0d / $2 (medium risk); reallocate_stock ~0d / $1 (medium risk). Supplier ETA was 2025-03-04; lot value $102.",6119.88,8.0,6119.88,8.0,success,2025-03-11,"accept delay for Stretch Wrap 23um Grade B (RM0083) at Lakeshore Plant (P01) worked: 8 stockout days, $6,120 vs $6,120 planned.","[""REV005167"",""REV005173"",""RPO016787"",""RPO017462"",""PR0016673""]",as_expected
DEC00278,EVT01999,2025-01-28,Supply Planner,accept_delay,"[{""option"":""expedite"",""est_cost"":233.95,""est_stockout_days"":0.0,""risk"":""medium"",""note"":""air freight quote 23% of lot value, ~4 days door-to-door""},{""option"":""switch_supplier"",""est_cost"":66.37,""est_stockout_days"":0.0,""risk"":""medium"",""note"":""spot lot from SUP0139 in ~6 days""},{""option"":""reallocate_stock"",""est_cost"":20.77,""est_stockout_days"":0.0,""risk"":""medium"",""note"":""inter-plant transfer from P01 (~3 days)""},{""option"":""accept_delay"",""est_cost"":10468.65,""est_stockout_days"":12.0,""risk"":""low"",""note"":""supplier ETA 2025-02-26""}]",accept_delay,"Chose accept_delay: expected 12 stockout days / $10,469. Alternatives: expedite ~0d / $234 (medium risk); switch_supplier ~0d / $66 (medium risk); reallocate_stock ~0d / $21 (medium risk). Supplier ETA was 2025-02-26; lot value $1,032.",10468.65,12.0,10468.65,12.0,success,2025-03-05,"accept delay for SAP Surface-crosslinked Grade Grade C (RM0058) at Maplewood Plant (P02) worked: 12 stockout days, $10,469 vs $10,469 planned.","[""REV005171"",""REV005183"",""REV005185"",""REV005186"",""RPO017351"",""RPO017494"",""RPO017688"",""PR0016472""]",as_expected
DEC00279,EVT01981,2025-01-31,Supply Planner,accept_delay,"[{""option"":""accept_delay"",""est_cost"":1025.48,""est_stockout_days"":0.0,""risk"":""low"",""note"":""accept shortfall of 169 units""},{""option"":""expedite"",""est_cost"":3419.49,""est_stockout_days"":0.0,""risk"":""medium"",""note"":""rush the balance""},{""option"":""renegotiate"",""est_cost"":1500.0,""est_stockout_days"":0.0,""risk"":""medium"",""note"":""claim short-shipment credit""}]",accept_delay,"Chose accept_delay: expected 0 stockout days / $1,025. Alternatives: expedite ~0d / $3,419 (medium risk); renegotiate ~0d / $1,500 (medium risk).",1025.48,0.0,1025.48,0.0,success,2025-04-01,"accept delay for Supplier 150 (SUP0150) worked: 0 stockout days, $1,025 vs $1,025 planned.","[""PO000910"",""M00002582"",""M00002583""]",as_expected
DEC00280,EVT02026,2025-02-10,Buyer,expedite,"[{""option"":""accept_delay"",""est_cost"":15337.33,""est_stockout_days"":17.0,""risk"":""low"",""note"":""supplier ETA 2025-04-01""},{""option"":""switch_supplier"",""est_cost"":12.48,""est_stockout_days"":0.0,""risk"":""medium"",""note"":""spot lot from SUP0129 in ~20 days""},{""option"":""reallocate_stock"",""est_cost"":3.63,""est_stockout_days"":0.0,""risk"":""medium"",""note"":""inter-plant transfer from P04 (~3 days)""},{""option"":""expedite"",""est_cost"":9037.57,""est_stockout_days"":10.0,""risk"":""medium"",""note"":""air freight quote 23% of lot value, ~4 days door-to-door""}]",expedite,"Chose expedite: expected 10 stockout days / $9,038. Alternatives: accept_delay ~17d / $15,337 (low risk); switch_supplier ~0d / $12 (medium risk); reallocate_stock ~0d / $4 (medium risk). Supplier ETA was 2025-04-01; lot value $69.",9037.57,10.0,9939.77,11.0,partial,2025-04-02,Same move worked on 2024-04-30 (CAS00491) but not here - conditions differed (tags): the material landed later than quoted. Check tags before reusing a precedent.,"[""REV005255"",""REV005283"",""REV005303"",""RPO017443"",""PR0017055""]",context_shift
DEC00281,EVT02027,2025-02-11,Supply Planner,accept_delay,"[{""option"":""expedite"",""est_cost"":16.56,""est_stockout_days"":0.0,""risk"":""medium"",""note"":""air freight quote 25% of lot value, ~5 days door-to-door""},{""option"":""switch_supplier"",""est_cost"":23701.5,""est_stockout_days"":16.0,""risk"":""medium"",""note"":""spot lot from SUP0062 in ~21 days""},{""option"":""reallocate_stock"",""est_cost"":1.83,""est_stockout_days"":0.0,""risk"":""medium"",""note"":""inter-plant transfer from P02 (~3 days)""},{""option"":""accept_delay"",""est_cost"":4442.91,""est_stockout_days"":3.0,""risk"":""low"",""note"":""supplier ETA 2025-02-19""}]",accept_delay,"Chose accept_delay: expected 3 stockout days / $4,443. Alternatives: expedite ~0d / $17 (medium risk); switch_supplier ~16d / $23,702 (medium risk); reallocate_stock ~0d / $2 (medium risk). Supplier ETA was 2025-02-19; lot value $66.",4442.91,3.0,4442.91,3.0,success,2025-02-26,"accept delay for Water-based Varnish (RM0074) at Eastfield Plant (P03) worked: 3 stockout days, $4,443 vs $4,443 planned.","[""REV005301"",""RPO017230"",""PR0016515""]",as_expected
DEC00282,EVT02002,2025-02-11,Buyer,cancel_po,"[{""option"":""cancel_po"",""est_cost"":1090.6,""est_stockout_days"":0.0,""risk"":""low"",""note"":""stock 4.8x ROP""},{""option"":""accept_delay"",""est_cost"":5378.32,""est_stockout_days"":0.0,""risk"":""low"",""note"":""keep PO, carry the stock""},{""option"":""reduce_allocation"",""est_cost"":3234.46,""est_stockout_days"":0.0,""risk"":""low"",""note"":""halve quantities""}]",cancel_po,"Chose cancel_po: expected 0 stockout days / $1,091. Alternatives: accept_delay ~0d / $5,378 (low risk); reduce_allocation ~0d / $3,234 (low risk). Stock at West DC 01 (W001) was 4.8x reorder point.",1090.6,0.0,1090.6,0.0,success,2025-04-12,"cancel po for Supplier 089 (SUP0089) worked: 0 stockout days, $1,091 vs $1,091 planned.","[""PO001539""]",as_expected
DEC00283,EVT01960,2025-02-13,Quality Lead,substitute_rm,"[{""option"":""substitute_rm"",""est_cost"":3000.0,""est_stockout_days"":0.0,""risk"":""medium"",""note"":""RM0059 after QA trial""},{""option"":""switch_supplier"",""est_cost"":8000.0,""est_stockout_days"":0.0,""risk"":""high"",""note"":""qualify second source for RM0055 (4-6 months)""},{""option"":""build_safety_stock"",""est_cost"":210.02,""est_stockout_days"":1.0,""risk"":""low"",""note"":""extra cover of RM0055""}]",substitute_rm,"Chose substitute_rm: expected 0 stockout days / $3,000. Alternatives: switch_supplier ~0d / $8,000 (high risk); build_safety_stock ~1d / $210 (low risk).",3000.0,0.0,3000.0,14.0,failed,2025-12-31,"Estimate missed that the substitute itself went short; actual 14 days / $3,000 vs 0 / $3,000. Widen the check before choosing substitute rm.","[""BOM005690"",""BOM005691"",""BOM005692"",""BOM005693"",""BOM005694"",""BOM005695"",""BOM005696"",""BOM005697""]",decision_quality
DEC00284,EVT02040,2025-02-15,Supply Planner,accept_delay,"[{""option"":""expedite"",""est_cost"":23.5,""est_stockout_days"":0.0,""risk"":""medium"",""note"":""air freight quote 25% of lot value, ~5 days door-to-door""},{""option"":""reallocate_stock"",""est_cost"":0.97,""est_stockout_days"":0.0,""risk"":""medium"",""note"":""inter-plant transfer from P02 (~4 days)""},{""option"":""accept_delay"",""est_cost"":9433.03,""est_stockout_days"":3.0,""risk"":""low"",""note"":""supplier ETA 2025-03-23""}]",accept_delay,"Chose accept_delay: expected 3 stockout days / $9,433. Alternatives: expedite ~0d / $24 (medium risk); reallocate_stock ~0d / $1 (medium risk). Supplier ETA was 2025-03-23; lot value $94.",9433.03,3.0,9433.03,3.0,success,2025-03-30,"accept delay for Process Cyan Ink (RM0072) at Northgate Plant (P05) worked: 3 stockout days, $9,433 vs $9,433 planned.","[""REV005342"",""REV005344"",""REV005350"",""REV005351"",""RPO017399"",""RPO017652"",""RPO017973"",""RPO018047"",""PR0017137""]",as_expected
DEC00285,EVT02036,2025-02-22,Buyer,expedite,"[{""option"":""expedite"",""est_cost"":26813.07,""est_stockout_days"":0.0,""risk"":""low"",""note"":""supplier premium 12% of line value""},{""option"":""accept_delay"",""est_cost"":0.0,""est_stockout_days"":0.0,""risk"":""medium"",""note"":""on hand 232 vs ROP 322""},{""option"":""reallocate_stock"",""est_cost"":1340.65,""est_stockout_days"":0.0,""risk"":""medium"",""note"":""pull units from another DC""}]",expedite,"Chose expedite: expected 0 stockout days / $26,813. Alternatives: accept_delay ~0d / $0 (medium risk); reallocate_stock ~0d / $1,341 (medium risk). On hand 232 vs reorder point 322 at Southeast DC 05 (W005).",26813.07,0.0,26813.07,0.0,failed,2025-03-13,"Sound call ex-ante (lowest expected cost) but the supplier missed the expedited date anyway: 0 days, $26,813 vs $26,813. No process change; keep the option open.","[""PO011047"",""M00031428""]",bad_luck
DEC00286,EVT02023,2025-03-01,Category Manager,switch_supplier,"[{""option"":""accept_delay"",""est_cost"":12109.71,""est_stockout_days"":18.0,""risk"":""low"",""note"":""supplier ETA 2025-03-26""},{""option"":""expedite"",""est_cost"":225.0,""est_stockout_days"":0.0,""risk"":""medium"",""note"":""air freight quote 24% of lot value, ~5 days door-to-door""},{""option"":""reallocate_stock"",""est_cost"":3.08,""est_stockout_days"":0.0,""risk"":""medium"",""note"":""inter-plant transfer from P01 (~3 days)""},{""option"":""switch_supplier"",""est_cost"":143.05,""est_stockout_days"":0.0,""risk"":""medium"",""note"":""spot lot from SUP0187 in ~4 days""}]",switch_supplier + cancel original PO,"Chose switch_supplier + cancel original PO: expected 0 stockout days / $143. Alternatives: accept_delay ~18d / $12,110 (low risk); expedite ~0d / $225 (medium risk); reallocate_stock ~0d / $3 (medium risk). Supplier ETA was 2025-03-26; lot value $931. Original PO cancelled once the spot lot was confirmed.",143.05,0.0,2161.34,3.0,failed,2025-03-18,"Estimate missed that the material landed later than quoted; actual 3 days / $2,161 vs 0 / $143. Widen the check before choosing switch supplier.","[""REV005334"",""REV005338"",""RPO017571"",""RPO017898"",""RPO018600"",""PR0016919""]",decision_quality
DEC00287,EVT02075,2025-03-06,Supply Planner,accept_delay,"[{""option"":""expedite"",""est_cost"":6.48,""est_stockout_days"":0.0,""risk"":""medium"",""note"":""air freight quote 26% of lot value, ~5 days door-to-door""},{""option"":""reallocate_stock"",""est_cost"":0.67,""est_stockout_days"":0.0,""risk"":""medium"",""note"":""inter-plant transfer from P02 (~3 days)""},{""option"":""accept_delay"",""est_cost"":1713.99,""est_stockout_days"":8.0,""risk"":""low"",""note"":""supplier ETA 2025-04-01""}]",accept_delay,"Chose accept_delay: expected 8 stockout days / $1,714. Alternatives: expedite ~0d / $6 (medium risk); reallocate_stock ~0d / $1 (medium risk). Supplier ETA was 2025-04-01; lot value $25.",1713.99,8.0,1713.99,8.0,success,2025-04-08,"accept delay for UV Flexo White (RM0075) at Eastfield Plant (P03) worked: 8 stockout days, $1,714 vs $1,714 planned.","[""REV005480"",""REV005483"",""RPO017712"",""RPO018022"",""PR0017215""]",as_expected
DEC00288,EVT02010,2025-03-06,Quality Lead,substitute_rm,"[{""option"":""substitute_rm"",""est_cost"":18724.91,""est_stockout_days"":14.5,""risk"":""medium"",""note"":""RM0067 after QA trial""},{""option"":""switch_supplier"",""est_cost"":8000.0,""est_stockout_days"":0.0,""risk"":""high"",""note"":""qualify second source for RM0065 (4-6 months)""},{""option"":""build_safety_stock"",""est_cost"":2017.72,""est_stockout_days"":1.0,""risk"":""low"",""note"":""extra cover of RM0065""}]",substitute_rm,"Chose substitute_rm: expected 14.5 stockout days / $18,725. Alternatives: switch_supplier ~0d / $8,000 (high risk); build_safety_stock ~1d / $2,018 (low risk).",18724.91,14.5,21033.28,37.0,failed,2025-12-31,"Sound call ex-ante (lowest expected cost) but the substitute failed incoming QA more often, adding scrap: 37 days, $21,033 vs $18,725. No process change; keep the option open.","[""BOM001898"",""BOM001899"",""BOM001900"",""BOM001901"",""BOM001902"",""BOM001903""]",bad_luck
DEC00289,EVT02066,2025-03-07,Supply Planner,accept_delay,"[{""option"":""accept_delay"",""est_cost"":1874.47,""est_stockout_days"":0.0,""risk"":""low"",""note"":""accept shortfall of 192 units""},{""option"":""expedite"",""est_cost"":8954.84,""est_stockout_days"":0.0,""risk"":""medium"",""note"":""rush the balance""},{""option"":""renegotiate"",""est_cost"":1500.0,""est_stockout_days"":0.0,""risk"":""medium"",""note"":""claim short-shipment credit""}]",accept_delay,"Chose accept_delay: expected 0 stockout days / $1,874. Alternatives: expedite ~0d / $8,955 (medium risk); renegotiate ~0d / $1,500 (medium risk).",1874.47,0.0,1874.47,0.0,success,2025-05-06,"accept delay for Supplier 179 (SUP0179) worked: 0 stockout days, $1,874 vs $1,874 planned.","[""PO013315"",""M00037996""]",as_expected
DEC00290,EVT02019,2025-03-09,Quality Lead,substitute_rm,"[{""option"":""substitute_rm"",""est_cost"":8948.96,""est_stockout_days"":6.0,""risk"":""medium"",""note"":""RM0064 after QA trial""},{""option"":""switch_supplier"",""est_cost"":8000.0,""est_stockout_days"":0.0,""risk"":""high"",""note"":""qualify second source for RM0065 (4-6 months)""},{""option"":""build_safety_stock"",""est_cost"":1017.91,""est_stockout_days"":1.0,""risk"":""low"",""note"":""extra cover of RM0065""}]",substitute_rm,"Chose substitute_rm: expected 6 stockout days / $8,949. Alternatives: switch_supplier ~0d / $8,000 (high risk); build_safety_stock ~1d / $1,018 (low risk).",8948.96,6.0,9609.96,4.0,success,2025-12-31,"substitute rm for SLES 70% (RM0065) at Northgate Plant (P05) worked: 4 stockout days, $9,610 vs $8,949 planned.","[""BOM005739"",""BOM005740"",""BOM005741"",""BOM005742"",""BOM005743""]",as_expected
DEC00291,EVT02106,2025-03-12,Supply Planner,accept_delay,"[{""option"":""expedite"",""est_cost"":29.45,""est_stockout_days"":0.0,""risk"":""medium"",""note"":""air freight quote 23% of lot value, ~4 days door-to-door""},{""option"":""switch_supplier"",""est_cost"":3.81,""est_stockout_days"":0.0,""risk"":""medium"",""note"":""spot lot from SUP0129 in ~20 days""},{""option"":""reallocate_stock"",""est_cost"":1.11,""est_stockout_days"":0.0,""risk"":""medium"",""note"":""inter-plant transfer from P04 (~3 days)""},{""option"":""accept_delay"",""est_cost"":1315.8,""est_stockout_days"":8.0,""risk"":""low"",""note"":""supplier ETA 2025-04-15""}]",accept_delay,"Chose accept_delay: expected 8 stockout days / $1,316. Alternatives: expedite ~0d / $29 (medium risk); switch_supplier ~0d / $4 (medium risk); reallocate_stock ~0d / $1 (medium risk). Supplier ETA was 2025-04-15; lot value $130.",1315.8,8.0,1315.8,8.0,success,2025-04-22,"accept delay for SAP Sodium Polyacrylate Grade D (RM0059) at Lakeshore Plant (P01) worked: 8 stockout days, $1,316 vs $1,316 planned.","[""REV005470"",""REV005523"",""REV005529"",""RPO018094"",""RPO018708"",""PR0017440""]",as_expected
DEC00292,EVT02035,2025-03-16,Quality Lead,substitute_rm,"[{""option"":""substitute_rm"",""est_cost"":9993.03,""est_stockout_days"":2.5,""risk"":""medium"",""note"":""RM0067 after QA trial""},{""option"":""switch_supplier"",""est_cost"":8000.0,""est_stockout_days"":0.0,""risk"":""high"",""note"":""qualify second source for RM0065 (4-6 months)""},{""option"":""build_safety_stock"",""est_cost"":897.3,""est_stockout_days"":1.0,""risk"":""low"",""note"":""extra cover of RM0065""}]",substitute_rm,"Chose substitute_rm: expected 2.5 stockout days / $9,993. Alternatives: switch_supplier ~0d / $8,000 (high risk); build_safety_stock ~1d / $897 (low risk).",9993.03,2.5,11205.53,11.0,failed,2025-12-31,"Sound call ex-ante (lowest expected cost) but the substitute failed incoming QA more often, adding scrap: 11 days, $11,206 vs $9,993. No process change; keep the option open.","[""BOM003162"",""BOM003163"",""BOM003164"",""BOM003165"",""BOM003166"",""BOM003167"",""BOM003168"",""BOM003169"",""BOM003170""]",bad_luck
DEC00293,EVT02081,2025-03-17,Supply Planner,reallocate_stock,"[{""option"":""reallocate_stock"",""est_cost"":138.0,""est_stockout_days"":0.0,""risk"":""low"",""note"":""move 18 units W001->W011""},{""option"":""expedite"",""est_cost"":413.99,""est_stockout_days"":0.0,""risk"":""medium"",""note"":""expedite next inbound PO""},{""option"":""accept_delay"",""est_cost"":1058.24,""est_stockout_days"":1.0,""risk"":""medium"",""note"":""wait for replenishment""}]",reallocate_stock,"Chose reallocate_stock: expected 0 stockout days / $138. Alternatives: expedite ~0d / $414 (medium risk); accept_delay ~1d / $1,058 (medium risk). Southeast DC 11 (W011) had 217 units vs ROP 358; source West DC 01 (W001).",138.0,0.0,138.0,0.0,success,2025-04-15,"reallocate stock for Southeast DC 11 (W011) worked: 0 stockout days, $138 vs $138 planned.","[""T0003604"",""M00077401"",""M00077402""]",as_expected
DEC00294,EVT02084,2025-03-18,Supply Planner,reallocate_stock,"[{""option"":""reallocate_stock"",""est_cost"":270.57,""est_stockout_days"":0.0,""risk"":""low"",""note"":""move 16 units W006->W009""},{""option"":""expedite"",""est_cost"":811.71,""est_stockout_days"":0.0,""risk"":""medium"",""note"":""expedite next inbound PO""},{""option"":""accept_delay"",""est_cost"":2344.62,""est_stockout_days"":1.0,""risk"":""medium"",""note"":""wait for replenishment""}]",reallocate_stock,"Chose reallocate_stock: expected 0 stockout days / $271. Alternatives: expedite ~0d / $812 (medium risk); accept_delay ~1d / $2,345 (medium risk). Midwest DC 09 (W009) had 182 units vs ROP 288; source Canada DC 06 (W006).",270.57,0.0,270.57,0.0,partial,2025-04-16,Same move worked on 2025-01-19 (T0006947) but not here - conditions differed (context): the source DC ran down to or below its reorder point. Check current conditions before reusing a precedent.,"[""T0011494"",""M00134378"",""M00134379""]",context_shift
DEC00295,EVT02097,2025-03-20,Buyer,expedite,"[{""option"":""accept_delay"",""est_cost"":15698.88,""est_stockout_days"":15.0,""risk"":""low"",""note"":""supplier ETA 2025-04-18""},{""option"":""reallocate_stock"",""est_cost"":0.39,""est_stockout_days"":0.0,""risk"":""medium"",""note"":""inter-plant transfer from P02 (~3 days)""},{""option"":""expedite"",""est_cost"":1287.53,""est_stockout_days"":1.0,""risk"":""medium"",""note"":""air freight quote 25% of lot value, ~5 days door-to-door""}]",expedite,"Chose expedite: expected 1 stockout days / $1,288. Alternatives: accept_delay ~15d / $15,699 (low risk); reallocate_stock ~0d / $0 (medium risk). Supplier ETA was 2025-04-18; lot value $111.",1287.53,1.0,2547.28,2.0,partial,2025-04-12,"Same move worked on 2025-01-10 (CAS00895) but not here - conditions differed (co_victims, tags): the material landed later than quoted. Check co_victims, tags before reusing a precedent.","[""REV005520"",""REV005522"",""REV005525"",""REV005527"",""REV005597"",""REV005598"",""REV005599"",""REV005601"",""RPO017930"",""RPO018034"",""RPO018240"",""RPO018346"",""PR0017363""]",context_shift
DEC00296,EVT02111,2025-03-26,Supply Planner,accept_delay,"[{""option"":""expedite"",""est_cost"":106.13,""est_stockout_days"":0.0,""risk"":""medium"",""note"":""air freight quote 25% of lot value, ~5 days door-to-door""},{""option"":""switch_supplier"",""est_cost"":16454.14,""est_stockout_days"":10.0,""risk"":""medium"",""note"":""spot lot from SUP0047 in ~17 days""},{""option"":""reallocate_stock"",""est_cost"":4.14,""est_stockout_days"":0.0,""risk"":""medium"",""note"":""inter-plant transfer from P01 (~3 days)""},{""option"":""accept_delay"",""est_cost"":22273.24,""est_stockout_days"":9.0,""risk"":""low"",""note"":""supplier ETA 2025-04-11""}]",accept_delay,"Chose accept_delay: expected 9 stockout days / $22,273. Alternatives: expedite ~0d / $106 (medium risk); switch_supplier ~10d / $16,454 (medium risk); reallocate_stock ~0d / $4 (medium risk). Supplier ETA was 2025-04-11; lot value $425.",22273.24,9.0,22273.24,9.0,success,2025-04-18,"accept delay for Stretch Wrap 23um Grade B (RM0083) at Riverbend Plant (P04) worked: 9 stockout days, $22,273 vs $22,273 planned.","[""REV005634"",""REV005635"",""RPO018242"",""RPO018550"",""PR0017352""]",as_expected
DEC00297,EVT02135,2025-03-28,Buyer,expedite,"[{""option"":""accept_delay"",""est_cost"":41977.5,""est_stockout_days"":17.0,""risk"":""low"",""note"":""supplier ETA 2025-04-25""},{""option"":""switch_supplier"",""est_cost"":19757.91,""est_stockout_days"":8.0,""risk"":""medium"",""note"":""spot lot from SUP0116 in ~19 days""},{""option"":""reallocate_stock"",""est_cost"":1.23,""est_stockout_days"":0.0,""risk"":""medium"",""note"":""inter-plant transfer from P01 (~3 days)""},{""option"":""expedite"",""est_cost"":22436.51,""est_stockout_days"":9.0,""risk"":""medium"",""note"":""air freight quote 22% of lot value, ~4 days door-to-door""}]",expedite,"Chose expedite: expected 9 stockout days / $22,437. Alternatives: accept_delay ~17d / $41,978 (low risk); switch_supplier ~8d / $19,758 (medium risk); reallocate_stock ~0d / $1 (medium risk). Supplier ETA was 2025-04-25; lot value $60.",22436.51,9.0,22436.51,9.0,success,2025-04-24,"expedite for TPE Overmold Grade Grade B (RM0087) at Maplewood Plant (P02) worked: 9 stockout days, $22,437 vs $22,437 planned.","[""REV005537"",""REV005541"",""REV005657"",""REV005660"",""RPO018430"",""RPO018737"",""PR0017488""]",as_expected
DEC00298,EVT02144,2025-04-02,Supply Planner,accept_delay,"[{""option"":""expedite"",""est_cost"":15.02,""est_stockout_days"":0.0,""risk"":""medium"",""note"":""air freight quote 25% of lot value, ~5 days door-to-door""},{""option"":""reallocate_stock"",""est_cost"":0.25,""est_stockout_days"":0.0,""risk"":""medium"",""note"":""inter-plant transfer from P02 (~4 days)""},{""option"":""accept_delay"",""est_cost"":1899.54,""est_stockout_days"":7.0,""risk"":""low"",""note"":""supplier ETA 2025-04-20""}]",accept_delay,"Chose accept_delay: expected 7 stockout days / $1,900. Alternatives: expedite ~0d / $15 (medium risk); reallocate_stock ~0d / $0 (medium risk). Supplier ETA was 2025-04-20; lot value $60.",1899.54,7.0,1899.54,7.0,success,2025-04-27,"accept delay for Process Cyan Ink (RM0072) at Northgate Plant (P05) worked: 7 stockout days, $1,900 vs $1,900 planned.","[""REV005688"",""REV005689"",""RPO018362"",""RPO018597"",""PR0017576""]",as_expected
DEC00299,EVT02122,2025-04-03,Buyer,expedite,"[{""option"":""expedite"",""est_cost"":1075.75,""est_stockout_days"":0.0,""risk"":""low"",""note"":""supplier premium 12% of line value""},{""option"":""accept_delay"",""est_cost"":0.0,""est_stockout_days"":0.0,""risk"":""medium"",""note"":""on hand 418 vs ROP 419""},{""option"":""reallocate_stock"",""est_cost"":53.79,""est_stockout_days"":0.0,""risk"":""medium"",""note"":""pull units from another DC""}]",expedite,"Chose expedite: expected 0 stockout days / $1,076. Alternatives: accept_delay ~0d / $0 (medium risk); reallocate_stock ~0d / $54 (medium risk). On hand 418 vs reorder point 419 at Southeast DC 05 (W005).",1075.75,0.0,1075.75,0.0,success,2025-04-16,"expedite for Supplier 041 (SUP0041) worked: 0 stockout days, $1,076 vs $1,076 planned.","[""PO003753"",""M00010587""]",as_expected
DEC00300,EVT02126,2025-04-04,Buyer,expedite,"[{""option"":""expedite"",""est_cost"":10826.7,""est_stockout_days"":0.0,""risk"":""low"",""note"":""supplier premium 12% of line value""},{""option"":""accept_delay"",""est_cost"":0.0,""est_stockout_days"":0.0,""risk"":""medium"",""note"":""on hand 406 vs ROP 477""},{""option"":""reallocate_stock"",""est_cost"":541.34,""est_stockout_days"":0.0,""risk"":""medium"",""note"":""pull units from another DC""}]",expedite,"Chose expedite: expected 0 stockout days / $10,827. Alternatives: accept_delay ~0d / $0 (medium risk); reallocate_stock ~0d / $541 (medium risk). On hand 406 vs reorder point 477 at Southeast DC 05 (W005).",10826.7,0.0,10826.7,0.0,success,2025-04-16,"expedite for Supplier 065 (SUP0065) worked: 0 stockout days, $10,827 vs $10,827 planned.","[""PO010416"",""M00029656""]",as_expected
DEC00301,EVT02130,2025-04-05,Supply Planner,accept_delay,"[{""option"":""expedite"",""est_cost"":546.3,""est_stockout_days"":0.0,""risk"":""medium"",""note"":""air freight quote 23% of lot value, ~4 days door-to-door""},{""option"":""switch_supplier"",""est_cost"":54.22,""est_stockout_days"":0.0,""risk"":""medium"",""note"":""spot lot from SUP0139 in ~6 days""},{""option"":""reallocate_stock"",""est_cost"":16.97,""est_stockout_days"":0.0,""risk"":""medium"",""note"":""inter-plant transfer from P02 (~3 days)""},{""option"":""accept_delay"",""est_cost"":5206.23,""est_stockout_days"":3.0,""risk"":""low"",""note"":""supplier ETA 2025-04-14""}]",accept_delay,"Chose accept_delay: expected 3 stockout days / $5,206. Alternatives: expedite ~0d / $546 (medium risk); switch_supplier ~0d / $54 (medium risk); reallocate_stock ~0d / $17 (medium risk). Supplier ETA was 2025-04-14; lot value $2,410.",5206.23,3.0,5206.23,3.0,success,2025-04-21,"accept delay for SAP Surface-crosslinked Grade Grade C (RM0058) at Lakeshore Plant (P01) worked: 3 stockout days, $5,206 vs $5,206 planned.","[""REV005701"",""REV005705"",""RPO018707"",""PR0017526""]",as_expected
DEC00302,EVT02143,2025-04-08,Buyer,expedite,"[{""option"":""accept_delay"",""est_cost"":31205.2,""est_stockout_days"":24.0,""risk"":""low"",""note"":""supplier ETA 2025-05-26""},{""option"":""switch_supplier"",""est_cost"":4.34,""est_stockout_days"":0.0,""risk"":""medium"",""note"":""spot lot from SUP0039 in ~3 days""},{""option"":""reallocate_stock"",""est_cost"":1.61,""est_stockout_days"":0.0,""risk"":""medium"",""note"":""inter-plant transfer from P01 (~6 days)""},{""option"":""expedite"",""est_cost"":7835.12,""est_stockout_days"":6.0,""risk"":""medium"",""note"":""air freight quote 23% of lot value, ~4 days door-to-door""}]",expedite,"Chose expedite: expected 6 stockout days / $7,835. Alternatives: accept_delay ~24d / $31,205 (low risk); switch_supplier ~0d / $4 (medium risk); reallocate_stock ~0d / $2 (medium risk). Supplier ETA was 2025-05-26; lot value $149.",7835.12,6.0,11735.77,9.0,partial,2025-05-18,Same move worked on 2024-04-30 (CAS00491) but not here - conditions differed (tags): the material landed later than quoted. Check tags before reusing a precedent.,"[""REV005630"",""REV005668"",""REV005672"",""REV005723"",""REV005726"",""RPO018580"",""RPO019194"",""PR0017947""]",context_shift
DEC00303,EVT02174,2025-04-09,Supply Planner,accept_delay,"[{""option"":""expedite"",""est_cost"":6.39,""est_stockout_days"":0.0,""risk"":""medium"",""note"":""air freight quote 26% of lot value, ~5 days door-to-door""},{""option"":""reallocate_stock"",""est_cost"":0.23,""est_stockout_days"":0.0,""risk"":""medium"",""note"":""inter-plant transfer from P02 (~3 days)""},{""option"":""accept_delay"",""est_cost"":3054.98,""est_stockout_days"":3.0,""risk"":""low"",""note"":""supplier ETA 2025-05-06""}]",accept_delay,"Chose accept_delay: expected 3 stockout days / $3,055. Alternatives: expedite ~0d / $6 (medium risk); reallocate_stock ~0d / $0 (medium risk). Supplier ETA was 2025-05-06; lot value $25.",3054.98,3.0,3054.98,3.0,success,2025-05-13,"accept delay for UV Flexo White (RM0075) at Eastfield Plant (P03) worked: 3 stockout days, $3,055 vs $3,055 planned.","[""REV005722"",""REV005725"",""RPO018504"",""RPO018936"",""PR0017986""]",as_expected
DEC00304,EVT02142,2025-04-09,Supply Planner,reallocate_stock,"[{""option"":""reallocate_stock"",""est_cost"":75.76,""est_stockout_days"":0.0,""risk"":""low"",""note"":""move 22 units W004->W006""},{""option"":""expedite"",""est_cost"":227.29,""est_stockout_days"":0.0,""risk"":""medium"",""note"":""expedite next inbound PO""},{""option"":""accept_delay"",""est_cost"":617.98,""est_stockout_days"":1.0,""risk"":""medium"",""note"":""wait for replenishment""}]",reallocate_stock,Chose reallocate_stock: expected 0 stockout days / $76. Alternatives: expedite ~0d / $227 (medium risk); accept_delay ~1d / $618 (medium risk). Canada DC 06 (W006) had 144 units vs ROP 374; source Northeast DC 04 (W004).,75.76,0.0,75.76,0.0,partial,2025-05-08,"Sound call ex-ante (lowest expected cost) but the source DC ran down to or below its reorder point: 0 days, $76 vs $76. No process change; keep the option open.","[""T0003586"",""M00077214"",""M00077215""]",bad_luck
DEC00305,EVT02172,2025-04-10,Supply Planner,accept_delay,"[{""option"":""expedite"",""est_cost"":6.74,""est_stockout_days"":0.0,""risk"":""medium"",""note"":""air freight quote 25% of lot value, ~5 days door-to-door""},{""option"":""reallocate_stock"",""est_cost"":1.03,""est_stockout_days"":0.0,""risk"":""medium"",""note"":""inter-plant transfer from P02 (~3 days)""},{""option"":""accept_delay"",""est_cost"":2948.81,""est_stockout_days"":3.0,""risk"":""low"",""note"":""supplier ETA 2025-05-06""}]",accept_delay,"Chose accept_delay: expected 3 stockout days / $2,949. Alternatives: expedite ~0d / $7 (medium risk); reallocate_stock ~0d / $1 (medium risk). Supplier ETA was 2025-05-06; lot value $27.",2948.81,3.0,2948.81,3.0,success,2025-05-13,"accept delay for Process Cyan Ink (RM0072) at Riverbend Plant (P04) worked: 3 stockout days, $2,949 vs $2,949 planned.","[""REV005730"",""RPO018652"",""PR0017995""]",as_expected
DEC00306,EVT02146,2025-04-15,Supply Planner,reallocate_stock,"[{""option"":""reallocate_stock"",""est_cost"":157.96,""est_stockout_days"":0.0,""risk"":""low"",""note"":""move 16 units W005->W010""},{""option"":""expedite"",""est_cost"":473.87,""est_stockout_days"":0.0,""risk"":""medium"",""note"":""expedite next inbound PO""},{""option"":""accept_delay"",""est_cost"":1481.76,""est_stockout_days"":1.0,""risk"":""medium"",""note"":""wait for replenishment""}]",reallocate_stock,"Chose reallocate_stock: expected 0 stockout days / $158. Alternatives: expedite ~0d / $474 (medium risk); accept_delay ~1d / $1,482 (medium risk). Northeast DC 10 (W010) had 425 units vs ROP 425; source Southeast DC 05 (W005).",157.96,0.0,157.96,0.0,partial,2025-05-14,"Sound call ex-ante (lowest expected cost) but the source DC ran down to or below its reorder point: 0 days, $158 vs $158. No process change; keep the option open.","[""T0001322"",""M00060903"",""M00060904""]",bad_luck
DEC00307,EVT02149,2025-04-16,Supply Planner,reallocate_stock,"[{""option"":""reallocate_stock"",""est_cost"":42.16,""est_stockout_days"":0.0,""risk"":""low"",""note"":""move 10 units W002->W012""},{""option"":""expedite"",""est_cost"":126.47,""est_stockout_days"":0.0,""risk"":""medium"",""note"":""expedite next inbound PO""},{""option"":""accept_delay"",""est_cost"":285.22,""est_stockout_days"":1.0,""risk"":""medium"",""note"":""wait for replenishment""}]",reallocate_stock,Chose reallocate_stock: expected 0 stockout days / $42. Alternatives: expedite ~0d / $126 (medium risk); accept_delay ~1d / $285 (medium risk). Canada DC 12 (W012) had 304 units vs ROP 394; source Southwest DC 02 (W002).,42.16,0.0,42.16,0.0,success,2025-05-15,"reallocate stock for Canada DC 12 (W012) worked: 0 stockout days, $42 vs $42 planned.","[""T0000376"",""M00054036"",""M00054037""]",as_expected
DEC00308,EVT02160,2025-04-17,Category Manager,switch_supplier,"[{""option"":""accept_delay"",""est_cost"":54857.21,""est_stockout_days"":23.0,""risk"":""low"",""note"":""supplier ETA 2025-05-26""},{""option"":""expedite"",""est_cost"":63.75,""est_stockout_days"":0.0,""risk"":""medium"",""note"":""air freight quote 23% of lot value, ~4 days door-to-door""},{""option"":""reallocate_stock"",""est_cost"":6.4,""est_stockout_days"":0.0,""risk"":""medium"",""note"":""inter-plant transfer from P01 (~6 days)""},{""option"":""switch_supplier"",""est_cost"":16737.6,""est_stockout_days"":7.0,""risk"":""medium"",""note"":""spot lot from SUP0139 in ~6 days""}]",switch_supplier + cancel original PO,"Chose switch_supplier + cancel original PO: expected 7 stockout days / $16,738. Alternatives: accept_delay ~23d / $54,857 (low risk); expedite ~0d / $64 (medium risk); reallocate_stock ~0d / $6 (medium risk). Supplier ETA was 2025-05-26; lot value $281. Original PO cancelled once the spot lot was confirmed.",16737.6,7.0,19122.7,8.0,partial,2025-05-18,Same move worked on 2023-02-23 (CAS01411) but not here - conditions differed (tags): the material landed later than quoted. Check tags before reusing a precedent.,"[""REV005679"",""REV005711"",""REV005716"",""RPO018661"",""RPO019285"",""RPO019595"",""PR0018001""]",context_shift
DEC00309,EVT02124,2025-04-17,Buyer,expedite,"[{""option"":""accept_delay"",""est_cost"":17718.43,""est_stockout_days"":13.0,""risk"":""low"",""note"":""supplier ETA 2025-05-05""},{""option"":""switch_supplier"",""est_cost"":21811.64,""est_stockout_days"":16.0,""risk"":""medium"",""note"":""spot lot from SUP0062 in ~21 days""},{""option"":""reallocate_stock"",""est_cost"":1.41,""est_stockout_days"":0.0,""risk"":""medium"",""note"":""inter-plant transfer from P02 (~3 days)""},{""option"":""expedite"",""est_cost"":1385.16,""est_stockout_days"":1.0,""risk"":""medium"",""note"":""air freight quote 25% of lot value, ~5 days door-to-door""}]",expedite,"Chose expedite: expected 1 stockout days / $1,385. Alternatives: accept_delay ~13d / $17,718 (low risk); switch_supplier ~16d / $21,812 (medium risk); reallocate_stock ~0d / $1 (medium risk). Supplier ETA was 2025-05-05; lot value $89.",1385.16,1.0,5474.03,4.0,failed,2025-05-03,Same move worked on 2025-01-10 (CAS00895) but not here - conditions differed (tags): the material landed later than quoted. Check tags before reusing a precedent.,"[""REV005590"",""REV005593"",""REV005767"",""REV005768"",""RPO018199"",""RPO018473"",""PR0017774""]",context_shift
DEC00310,EVT02161,2025-04-21,Buyer,cancel_po,"[{""option"":""cancel_po"",""est_cost"":2146.13,""est_stockout_days"":0.0,""risk"":""low"",""note"":""stock 3.0x ROP""},{""option"":""accept_delay"",""est_cost"":10583.64,""est_stockout_days"":0.0,""risk"":""low"",""note"":""keep PO, carry the stock""},{""option"":""reduce_allocation"",""est_cost"":6364.89,""est_stockout_days"":0.0,""risk"":""low"",""note"":""halve quantities""}]",cancel_po,"Chose cancel_po: expected 0 stockout days / $2,146. Alternatives: accept_delay ~0d / $10,584 (low risk); reduce_allocation ~0d / $6,365 (low risk). Stock at Canada DC 06 (W006) was 3.0x reorder point.",2146.13,0.0,2146.13,0.0,success,2025-06-20,"cancel po for Supplier 038 (SUP0038) worked: 0 stockout days, $2,146 vs $2,146 planned.","[""PO014954""]",as_expected
DEC00311,EVT02179,2025-04-26,Materials Manager,reallocate_stock,"[{""option"":""accept_delay"",""est_cost"":22214.53,""est_stockout_days"":18.0,""risk"":""low"",""note"":""supplier ETA 2025-05-16""},{""option"":""expedite"",""est_cost"":2480.48,""est_stockout_days"":2.0,""risk"":""medium"",""note"":""air freight quote 20% of lot value, ~4 days door-to-door""},{""option"":""switch_supplier"",""est_cost"":3707.83,""est_stockout_days"":3.0,""risk"":""medium"",""note"":""spot lot from SUP0097 in ~5 days""},{""option"":""reallocate_stock"",""est_cost"":2.22,""est_stockout_days"":0.0,""risk"":""medium"",""note"":""inter-plant transfer from P01 (~3 days)""}]",reallocate_stock,"Chose reallocate_stock: expected 0 stockout days / $2. Alternatives: accept_delay ~18d / $22,215 (low risk); expedite ~2d / $2,480 (medium risk); switch_supplier ~3d / $3,708 (medium risk). Supplier ETA was 2025-05-16; lot value $61.",2.22,0.0,3704.64,3.0,failed,2025-05-08,"Sound call ex-ante (lowest expected cost) but the material landed later than quoted: 3 days, $3,705 vs $2. No process change; keep the option open.","[""REV005751"",""RPO019464"",""RT0000038"",""PR0017871""]",bad_luck
DEC00312,EVT02217,2025-05-03,Supply Planner,accept_delay,"[{""option"":""expedite"",""est_cost"":29.65,""est_stockout_days"":0.0,""risk"":""medium"",""note"":""air freight quote 25% of lot value, ~5 days door-to-door""},{""option"":""reallocate_stock"",""est_cost"":0.95,""est_stockout_days"":0.0,""risk"":""medium"",""note"":""inter-plant transfer from P02 (~4 days)""},{""option"":""accept_delay"",""est_cost"":9764.76,""est_stockout_days"":11.0,""risk"":""low"",""note"":""supplier ETA 2025-06-02""}]",accept_delay,"Chose accept_delay: expected 11 stockout days / $9,765. Alternatives: expedite ~0d / $30 (medium risk); reallocate_stock ~0d / $1 (medium risk). Supplier ETA was 2025-06-02; lot value $119.",9764.76,11.0,28928.09,11.0,failed,2025-06-09,Same move worked on 2025-04-02 (CAS01462) but not here - conditions differed (co_victims): other runs needing the same material were also blocked. Check co_victims before reusing a precedent.,"[""REV005855"",""REV005858"",""REV005863"",""REV005864"",""RPO019211"",""RPO019294"",""RPO019534"",""RPO019621"",""PR0018359""]",context_shift
DEC00313,EVT02188,2025-05-03,Supply Planner,reallocate_stock,"[{""option"":""reallocate_stock"",""est_cost"":78.88,""est_stockout_days"":0.0,""risk"":""low"",""note"":""move 7 units W009->W004""},{""option"":""expedite"",""est_cost"":236.64,""est_stockout_days"":0.0,""risk"":""medium"",""note"":""expedite next inbound PO""},{""option"":""accept_delay"",""est_cost"":711.9,""est_stockout_days"":1.0,""risk"":""medium"",""note"":""wait for replenishment""}]",reallocate_stock,Chose reallocate_stock: expected 0 stockout days / $79. Alternatives: expedite ~0d / $237 (medium risk); accept_delay ~1d / $712 (medium risk). Northeast DC 04 (W004) had 32 units vs ROP 198; source Midwest DC 09 (W009).,78.88,0.0,78.88,0.0,partial,2025-06-01,"Sound call ex-ante (lowest expected cost) but the source DC ran down to or below its reorder point: 0 days, $79 vs $79. No process change; keep the option open.","[""T0006263"",""M00096936"",""M00096937""]",bad_luck
DEC00314,EVT02180,2025-05-06,Buyer,expedite,"[{""option"":""accept_delay"",""est_cost"":49627.92,""est_stockout_days"":27.0,""risk"":""low"",""note"":""supplier ETA 2025-06-08""},{""option"":""reallocate_stock"",""est_cost"":1.2,""est_stockout_days"":0.0,""risk"":""medium"",""note"":""inter-plant transfer from P02 (~3 days)""},{""option"":""expedite"",""est_cost"":20239.44,""est_stockout_days"":11.0,""risk"":""medium"",""note"":""air freight quote 25% of lot value, ~5 days door-to-door""}]",expedite,"Chose expedite: expected 11 stockout days / $20,239. Alternatives: accept_delay ~27d / $49,628 (low risk); reallocate_stock ~0d / $1 (medium risk). Supplier ETA was 2025-06-08; lot value $83.",20239.44,11.0,22077.52,12.0,partial,2025-05-31,Same move worked on 2025-01-10 (CAS00895) but not here - conditions differed (tags): the material landed later than quoted. Check tags before reusing a precedent.,"[""REV005798"",""REV005800"",""REV005801"",""REV005893"",""REV005895"",""REV005897"",""RPO018951"",""RPO019165"",""RPO019275"",""PR0018161""]",context_shift
DEC00315,EVT02270,2025-05-18,Supply Planner,accept_delay,"[{""option"":""expedite"",""est_cost"":22.23,""est_stockout_days"":0.0,""risk"":""medium"",""note"":""air freight quote 25% of lot value, ~5 days door-to-door""},{""option"":""switch_supplier"",""est_cost"":3.83,""est_stockout_days"":0.0,""risk"":""medium"",""note"":""spot lot from SUP0062 in ~21 days""},{""option"":""reallocate_stock"",""est_cost"":1.2,""est_stockout_days"":0.0,""risk"":""medium"",""note"":""inter-plant transfer from P02 (~3 days)""},{""option"":""accept_delay"",""est_cost"":9627.49,""est_stockout_days"":8.0,""risk"":""low"",""note"":""supplier ETA 2025-06-22""}]",accept_delay,"Chose accept_delay: expected 8 stockout days / $9,627. Alternatives: expedite ~0d / $22 (medium risk); switch_supplier ~0d / $4 (medium risk); reallocate_stock ~0d / $1 (medium risk). Supplier ETA was 2025-06-22; lot value $89.",9627.49,8.0,9627.49,8.0,success,2025-06-29,"accept delay for Water-based Varnish (RM0074) at Eastfield Plant (P03) worked: 8 stockout days, $9,627 vs $9,627 planned.","[""REV005987"",""REV005990"",""REV005992"",""RPO019444"",""RPO019773"",""RPO020092"",""PR0018824""]",as_expected
DEC00316,EVT02264,2025-05-20,Supply Planner,accept_delay,"[{""option"":""expedite"",""est_cost"":43.43,""est_stockout_days"":0.0,""risk"":""medium"",""note"":""air freight quote 23% of lot value, ~4 days door-to-door""},{""option"":""reallocate_stock"",""est_cost"":17.53,""est_stockout_days"":0.0,""risk"":""medium"",""note"":""inter-plant transfer from P01 (~3 days)""},{""option"":""accept_delay"",""est_cost"":24195.98,""est_stockout_days"":8.0,""risk"":""low"",""note"":""supplier ETA 2025-06-15""}]",accept_delay,"Chose accept_delay: expected 8 stockout days / $24,196. Alternatives: expedite ~0d / $43 (medium risk); reallocate_stock ~0d / $18 (medium risk). Supplier ETA was 2025-06-15; lot value $192.",24195.98,8.0,24195.98,8.0,success,2025-06-22,"accept delay for SAP Sodium Polyacrylate Grade B (RM0055) at Maplewood Plant (P02) worked: 8 stockout days, $24,196 vs $24,196 planned.","[""REV005950"",""REV006003"",""RPO019710"",""PR0018692""]",as_expected
DEC00317,EVT02224,2025-05-21,Buyer,expedite,"[{""option"":""accept_delay"",""est_cost"":4904.21,""est_stockout_days"":15.0,""risk"":""low"",""note"":""supplier ETA 2025-06-26""},{""option"":""switch_supplier"",""est_cost"":3.6,""est_stockout_days"":0.0,""risk"":""medium"",""note"":""spot lot from SUP0047 in ~17 days""},{""option"":""reallocate_stock"",""est_cost"":1.03,""est_stockout_days"":0.0,""risk"":""medium"",""note"":""inter-plant transfer from P01 (~3 days)""},{""option"":""expedite"",""est_cost"":2014.93,""est_stockout_days"":6.0,""risk"":""medium"",""note"":""air freight quote 25% of lot value, ~5 days door-to-door""}]",expedite,"Chose expedite: expected 6 stockout days / $2,015. Alternatives: accept_delay ~15d / $4,904 (low risk); switch_supplier ~0d / $4 (medium risk); reallocate_stock ~0d / $1 (medium risk). Supplier ETA was 2025-06-26; lot value $213.",2014.93,6.0,2341.87,7.0,partial,2025-06-25,Same move worked on 2025-01-10 (CAS00895) but not here - conditions differed (tags): the material landed later than quoted. Check tags before reusing a precedent.,"[""REV005959"",""REV005963"",""REV005967"",""REV006020"",""REV006025"",""REV006030"",""RPO019390"",""RPO019721"",""RPO020039"",""PR0018758""]",context_shift
DEC00318,EVT02247,2025-05-21,Supply Planner,accept_delay,"[{""option"":""expedite"",""est_cost"":62.44,""est_stockout_days"":0.0,""risk"":""medium"",""note"":""air freight quote 22% of lot value, ~4 days door-to-door""},{""option"":""switch_supplier"",""est_cost"":7.77,""est_stockout_days"":0.0,""risk"":""medium"",""note"":""spot lot from SUP0111 in ~8 days""},{""option"":""reallocate_stock"",""est_cost"":2.55,""est_stockout_days"":0.0,""risk"":""medium"",""note"":""inter-plant transfer from P02 (~3 days)""},{""option"":""accept_delay"",""est_cost"":10233.22,""est_stockout_days"":10.0,""risk"":""low"",""note"":""supplier ETA 2025-06-14""}]",accept_delay,"Chose accept_delay: expected 10 stockout days / $10,233. Alternatives: expedite ~0d / $62 (medium risk); switch_supplier ~0d / $8 (medium risk); reallocate_stock ~0d / $3 (medium risk). Supplier ETA was 2025-06-14; lot value $286.",10233.22,10.0,10233.22,10.0,success,2025-06-21,"accept delay for Carbon Steel Strip 1075 (RM0102) at Lakeshore Plant (P01) worked: 10 stockout days, $10,233 vs $10,233 planned.","[""REV005912"",""REV006011"",""REV006014"",""REV006016"",""RPO019642"",""RPO019957"",""RPO020290"",""PR0018619""]",as_expected
DEC00319,EVT02266,2025-05-22,Supply Planner,accept_delay,"[{""option"":""expedite"",""est_cost"":10.33,""est_stockout_days"":0.0,""risk"":""medium"",""note"":""air freight quote 26% of lot value, ~5 days door-to-door""},{""option"":""reallocate_stock"",""est_cost"":0.57,""est_stockout_days"":0.0,""risk"":""medium"",""note"":""inter-plant transfer from P03 (~3 days)""},{""option"":""accept_delay"",""est_cost"":1985.78,""est_stockout_days"":8.0,""risk"":""low"",""note"":""supplier ETA 2025-06-08""}]",accept_delay,"Chose accept_delay: expected 8 stockout days / $1,986. Alternatives: expedite ~0d / $10 (medium risk); reallocate_stock ~0d / $1 (medium risk). Supplier ETA was 2025-06-08; lot value $41.",1985.78,8.0,1985.78,8.0,success,2025-06-15,"accept delay for UV Flexo White (RM0075) at Maplewood Plant (P02) worked: 8 stockout days, $1,986 vs $1,986 planned.","[""REV006019"",""REV006023"",""RPO019389"",""RPO019571"",""PR0018535""]",as_expected
DEC00320,EVT01901,2025-05-24,Category Manager,renegotiate,"[{""option"":""renegotiate"",""est_cost"":2000.0,""est_stockout_days"":0.0,""risk"":""medium"",""note"":""performance agreement with credits""},{""option"":""reduce_allocation"",""est_cost"":6000.0,""est_stockout_days"":0.0,""risk"":""medium"",""note"":""shift volume to second source""},{""option"":""build_safety_stock"",""est_cost"":9000.0,""est_stockout_days"":0.0,""risk"":""low"",""note"":""carry extra cover""}]",renegotiate,"Chose renegotiate: expected 0 stockout days / $2,000. Alternatives: reduce_allocation ~0d / $6,000 (medium risk); build_safety_stock ~0d / $9,000 (low risk).",2000.0,0.0,182021.4,102.0,failed,2025-12-14,"Estimate missed that the supplier kept slipping after the agreement; actual 102 days / $182,021 vs 0 / $2,000. Widen the check before choosing renegotiate.","[""NEG00125""]",decision_quality
DEC00321,EVT02271,2025-05-25,Supply Planner,accept_delay,"[{""option"":""expedite"",""est_cost"":22.08,""est_stockout_days"":0.0,""risk"":""medium"",""note"":""air freight quote 25% of lot value, ~5 days door-to-door""},{""option"":""switch_supplier"",""est_cost"":16580.03,""est_stockout_days"":12.0,""risk"":""medium"",""note"":""spot lot from SUP0062 in ~21 days""},{""option"":""reallocate_stock"",""est_cost"":2.45,""est_stockout_days"":0.0,""risk"":""medium"",""note"":""inter-plant transfer from P03 (~3 days)""},{""option"":""accept_delay"",""est_cost"":15191.18,""est_stockout_days"":11.0,""risk"":""low"",""note"":""supplier ETA 2025-06-14""}]",accept_delay,"Chose accept_delay: expected 11 stockout days / $15,191. Alternatives: expedite ~0d / $22 (medium risk); switch_supplier ~12d / $16,580 (medium risk); reallocate_stock ~0d / $2 (medium risk). Supplier ETA was 2025-06-14; lot value $88.",15191.18,11.0,15191.18,11.0,success,2025-06-21,"accept delay for Water-based Varnish (RM0074) at Maplewood Plant (P02) worked: 11 stockout days, $15,191 vs $15,191 planned.","[""REV006050"",""RPO019720"",""PR0018586""]",as_expected
DEC00322,EVT02262,2025-05-30,Buyer,expedite,"[{""option"":""expedite"",""est_cost"":9978.93,""est_stockout_days"":0.0,""risk"":""low"",""note"":""supplier premium 12% of line value""},{""option"":""accept_delay"",""est_cost"":0.0,""est_stockout_days"":0.0,""risk"":""medium"",""note"":""on hand 339 vs ROP 437""},{""option"":""reallocate_stock"",""est_cost"":498.95,""est_stockout_days"":0.0,""risk"":""medium"",""note"":""pull units from another DC""}]",expedite,"Chose expedite: expected 0 stockout days / $9,979. Alternatives: accept_delay ~0d / $0 (medium risk); reallocate_stock ~0d / $499 (medium risk). On hand 339 vs reorder point 437 at Southeast DC 05 (W005).",9978.93,0.0,9978.93,0.0,failed,2025-06-25,"Sound call ex-ante (lowest expected cost) but the supplier missed the expedited date anyway: 0 days, $9,979 vs $9,979. No process change; keep the option open.","[""PO000886"",""M00002511""]",bad_luck
DEC00323,EVT02199,2025-05-31,Materials Manager,reallocate_stock,"[{""option"":""accept_delay"",""est_cost"":3771.63,""est_stockout_days"":9.0,""risk"":""low"",""note"":""supplier ETA 2025-06-11""},{""option"":""expedite"",""est_cost"":1405.18,""est_stockout_days"":3.0,""risk"":""medium"",""note"":""air freight quote 25% of lot value, ~5 days door-to-door""},{""option"":""switch_supplier"",""est_cost"":847.31,""est_stockout_days"":2.0,""risk"":""medium"",""note"":""spot lot from SUP0207 in ~4 days""},{""option"":""reallocate_stock"",""est_cost"":422.01,""est_stockout_days"":1.0,""risk"":""medium"",""note"":""inter-plant transfer from P01 (~3 days)""}]",reallocate_stock,"Chose reallocate_stock: expected 1 stockout days / $422. Alternatives: accept_delay ~9d / $3,772 (low risk); expedite ~3d / $1,405 (medium risk); switch_supplier ~2d / $847 (medium risk). Supplier ETA was 2025-06-11; lot value $596.",422.01,1.0,841.08,2.0,partial,2025-06-11,"Sound call ex-ante (lowest expected cost) but the material landed later than quoted: 2 days, $841 vs $422. No process change; keep the option open.","[""REV005841"",""RPO019052"",""RT0000023"",""PR0018567""]",bad_luck
DEC00324,EVT02367,2025-06-07,Category Manager,renegotiate,"[{""option"":""renegotiate"",""est_cost"":5377.36,""est_stockout_days"":0.0,""risk"":""medium"",""note"":""counter with volume commitment""},{""option"":""accept_increase"",""est_cost"":6326.31,""est_stockout_days"":0.0,""risk"":""low"",""note"":""accept list increase""},{""option"":""switch_supplier"",""est_cost"":8923.24,""est_stockout_days"":3.0,""risk"":""high"",""note"":""qualify alternative source""}]",renegotiate,"Chose renegotiate: expected 0 stockout days / $5,377. Alternatives: accept_increase ~0d / $6,326 (low risk); switch_supplier ~3d / $8,923 (high risk).",5377.36,0.0,5207.09,0.0,success,2025-08-08,"renegotiate for Supplier 223 (SUP0223) worked: 0 stockout days, $5,207 vs $5,377 planned.","[""NEG00127"",""CTR0234"",""CAT00358""]",as_expected
DEC00325,EVT02284,2025-06-09,Buyer,expedite,"[{""option"":""expedite"",""est_cost"":41410.93,""est_stockout_days"":0.0,""risk"":""low"",""note"":""supplier premium 12% of line value""},{""option"":""accept_delay"",""est_cost"":0.0,""est_stockout_days"":0.0,""risk"":""medium"",""note"":""on hand 244 vs ROP 294""},{""option"":""reallocate_stock"",""est_cost"":2070.55,""est_stockout_days"":0.0,""risk"":""medium"",""note"":""pull units from another DC""}]",expedite,"Chose expedite: expected 0 stockout days / $41,411. Alternatives: accept_delay ~0d / $0 (medium risk); reallocate_stock ~0d / $2,071 (medium risk). On hand 244 vs reorder point 294 at Southeast DC 05 (W005).",41410.93,0.0,41410.93,0.0,failed,2025-06-30,"Sound call ex-ante (lowest expected cost) but the supplier missed the expedited date anyway: 0 days, $41,411 vs $41,411. No process change; keep the option open.","[""PO006453"",""M00018287""]",bad_luck
DEC00326,EVT02231,2025-06-09,Quality Lead,substitute_rm,"[{""option"":""substitute_rm"",""est_cost"":18813.36,""est_stockout_days"":5.5,""risk"":""medium"",""note"":""RM0067 after QA trial""},{""option"":""switch_supplier"",""est_cost"":8000.0,""est_stockout_days"":0.0,""risk"":""high"",""note"":""qualify second source for RM0065 (4-6 months)""},{""option"":""build_safety_stock"",""est_cost"":2029.07,""est_stockout_days"":1.0,""risk"":""low"",""note"":""extra cover of RM0065""}]",substitute_rm,"Chose substitute_rm: expected 5.5 stockout days / $18,813. Alternatives: switch_supplier ~0d / $8,000 (high risk); build_safety_stock ~1d / $2,029 (low risk).",18813.36,5.5,20570.4,0.0,success,2025-12-31,"substitute rm for SLES 70% (RM0065) at Maplewood Plant (P02) worked: 0 stockout days, $20,570 vs $18,813 planned.","[""BOM008415"",""BOM008416"",""BOM008417"",""BOM008418"",""BOM008419"",""BOM008420"",""BOM008421"",""BOM008422""]",as_expected
DEC00327,EVT02332,2025-06-10,Supply Planner,accept_delay,"[{""option"":""expedite"",""est_cost"":42.76,""est_stockout_days"":0.0,""risk"":""medium"",""note"":""air freight quote 22% of lot value, ~4 days door-to-door""},{""option"":""switch_supplier"",""est_cost"":988.53,""est_stockout_days"":1.0,""risk"":""medium"",""note"":""spot lot from SUP0046 in ~18 days""},{""option"":""reallocate_stock"",""est_cost"":2.47,""est_stockout_days"":0.0,""risk"":""medium"",""note"":""inter-plant transfer from P01 (~6 days)""},{""option"":""accept_delay"",""est_cost"":5880.6,""est_stockout_days"":6.0,""risk"":""low"",""note"":""supplier ETA 2025-07-03""}]",accept_delay,"Chose accept_delay: expected 6 stockout days / $5,881. Alternatives: expedite ~0d / $43 (medium risk); switch_supplier ~1d / $989 (medium risk); reallocate_stock ~0d / $2 (medium risk). Supplier ETA was 2025-07-03; lot value $196.",5880.6,6.0,5880.6,6.0,success,2025-07-10,"accept delay for EPDM Gasket Compound (RM0086) at Northgate Plant (P05) worked: 6 stockout days, $5,881 vs $5,881 planned.","[""REV006183"",""REV006184"",""RPO020499"",""RPO020828"",""PR0019113""]",as_expected
DEC00328,EVT02302,2025-06-12,Supply Planner,accept_delay,"[{""option"":""expedite"",""est_cost"":131.95,""est_stockout_days"":0.0,""risk"":""medium"",""note"":""air freight quote 23% of lot value, ~4 days door-to-door""},{""option"":""switch_supplier"",""est_cost"":1306.1,""est_stockout_days"":1.0,""risk"":""medium"",""note"":""spot lot from SUP0139 in ~6 days""},{""option"":""reallocate_stock"",""est_cost"":7.16,""est_stockout_days"":0.0,""risk"":""medium"",""note"":""inter-plant transfer from P01 (~3 days)""},{""option"":""accept_delay"",""est_cost"":28918.62,""est_stockout_days"":11.0,""risk"":""low"",""note"":""supplier ETA 2025-06-28""}]",accept_delay,"Chose accept_delay: expected 11 stockout days / $28,919. Alternatives: expedite ~0d / $132 (medium risk); switch_supplier ~1d / $1,306 (medium risk); reallocate_stock ~0d / $7 (medium risk). Supplier ETA was 2025-06-28; lot value $582.",28918.62,11.0,28918.62,11.0,success,2025-07-05,"accept delay for SAP Surface-crosslinked Grade Grade C (RM0058) at Riverbend Plant (P04) worked: 11 stockout days, $28,919 vs $28,919 planned.","[""REV006162"",""REV006182"",""REV006193"",""REV006194"",""RPO020250"",""RPO020468"",""PR0018889""]",as_expected
DEC00329,EVT02288,2025-06-14,Buyer,expedite,"[{""option"":""accept_delay"",""est_cost"":18924.34,""est_stockout_days"":23.0,""risk"":""low"",""note"":""supplier ETA 2025-07-14""},{""option"":""switch_supplier"",""est_cost"":53.99,""est_stockout_days"":0.0,""risk"":""medium"",""note"":""spot lot from SUP0139 in ~6 days""},{""option"":""reallocate_stock"",""est_cost"":16.9,""est_stockout_days"":0.0,""risk"":""medium"",""note"":""inter-plant transfer from P01 (~5 days)""},{""option"":""expedite"",""est_cost"":7017.12,""est_stockout_days"":8.0,""risk"":""medium"",""note"":""air freight quote 23% of lot value, ~4 days door-to-door""}]",expedite,"Chose expedite: expected 8 stockout days / $7,017. Alternatives: accept_delay ~23d / $18,924 (low risk); switch_supplier ~0d / $54 (medium risk); reallocate_stock ~0d / $17 (medium risk). Supplier ETA was 2025-07-14; lot value $1,918.",7017.12,8.0,7839.92,9.0,partial,2025-07-07,Same move worked on 2024-04-30 (CAS00491) but not here - conditions differed (tags): the material landed later than quoted. Check tags before reusing a precedent.,"[""REV005923"",""REV006125"",""REV006128"",""REV006174"",""REV006176"",""REV006177"",""REV006180"",""REV006204"",""REV006211"",""REV006215"",""REV006217"",""RPO019578"",""RPO020076"",""RPO020235"",""RPO020416"",""PR0018970""]",context_shift
DEC00330,EVT02297,2025-06-16,Buyer,expedite,"[{""option"":""accept_delay"",""est_cost"":16758.03,""est_stockout_days"":17.0,""risk"":""low"",""note"":""supplier ETA 2025-07-08""},{""option"":""reallocate_stock"",""est_cost"":1.06,""est_stockout_days"":0.0,""risk"":""medium"",""note"":""inter-plant transfer from P02 (~4 days)""},{""option"":""expedite"",""est_cost"":5940.96,""est_stockout_days"":6.0,""risk"":""medium"",""note"":""air freight quote 25% of lot value, ~5 days door-to-door""}]",expedite,"Chose expedite: expected 6 stockout days / $5,941. Alternatives: accept_delay ~17d / $16,758 (low risk); reallocate_stock ~0d / $1 (medium risk). Supplier ETA was 2025-07-08; lot value $105.",5940.96,6.0,6926.72,7.0,partial,2025-07-05,Same move worked on 2025-01-10 (CAS00895) but not here - conditions differed (tags): the material landed later than quoted. Check tags before reusing a precedent.,"[""REV006114"",""REV006116"",""REV006117"",""REV006229"",""REV006233"",""REV006235"",""RPO019867"",""RPO020189"",""RPO020270"",""PR0018982""]",context_shift
DEC00331,EVT02317,2025-06-19,Supply Planner,reallocate_stock,"[{""option"":""reallocate_stock"",""est_cost"":10.09,""est_stockout_days"":0.0,""risk"":""low"",""note"":""move 1 units W003->W008""},{""option"":""expedite"",""est_cost"":30.26,""est_stockout_days"":0.0,""risk"":""medium"",""note"":""expedite next inbound PO""},{""option"":""accept_delay"",""est_cost"":74.38,""est_stockout_days"":1.0,""risk"":""medium"",""note"":""wait for replenishment""}]",reallocate_stock,Chose reallocate_stock: expected 0 stockout days / $10. Alternatives: expedite ~0d / $30 (medium risk); accept_delay ~1d / $74 (medium risk). Southwest DC 08 (W008) had 323 units vs ROP 395; source Midwest DC 03 (W003).,10.09,0.0,10.09,0.0,success,2025-07-18,"reallocate stock for Southwest DC 08 (W008) worked: 0 stockout days, $10 vs $10 planned.","[""T0007217"",""M00103508"",""M00103509""]",as_expected
DEC00332,EVT02293,2025-06-20,Buyer,expedite,"[{""option"":""accept_delay"",""est_cost"":6049.0,""est_stockout_days"":14.0,""risk"":""low"",""note"":""supplier ETA 2025-07-04""},{""option"":""reallocate_stock"",""est_cost"":1298.72,""est_stockout_days"":3.0,""risk"":""medium"",""note"":""inter-plant transfer from P01 (~3 days)""},{""option"":""expedite"",""est_cost"":2722.71,""est_stockout_days"":6.0,""risk"":""medium"",""note"":""air freight quote 23% of lot value, ~4 days door-to-door""}]",expedite,"Chose expedite: expected 6 stockout days / $2,723. Alternatives: accept_delay ~14d / $6,049 (low risk); reallocate_stock ~3d / $1,299 (medium risk). Supplier ETA was 2025-07-04; lot value $575.",2722.71,6.0,3154.78,7.0,partial,2025-07-04,Same move worked on 2024-04-30 (CAS00491) but not here - conditions differed (tags): the material landed later than quoted. Check tags before reusing a precedent.,"[""REV006110"",""REV006178"",""REV006187"",""REV006190"",""REV006266"",""REV006269"",""RPO020023"",""RPO020363"",""PR0018955""]",context_shift
DEC00333,EVT01787,2025-06-25,Quality Lead,substitute_rm,"[{""option"":""substitute_rm"",""est_cost"":3004.97,""est_stockout_days"":0.0,""risk"":""medium"",""note"":""RM0073 after QA trial""},{""option"":""switch_supplier"",""est_cost"":8000.0,""est_stockout_days"":0.0,""risk"":""high"",""note"":""qualify second source for RM0075 (4-6 months)""},{""option"":""build_safety_stock"",""est_cost"":8.4,""est_stockout_days"":1.0,""risk"":""low"",""note"":""extra cover of RM0075""}]",substitute_rm,"Chose substitute_rm: expected 0 stockout days / $3,005. Alternatives: switch_supplier ~0d / $8,000 (high risk); build_safety_stock ~1d / $8 (low risk).",3004.97,0.0,3005.52,6.0,failed,2025-12-31,"Estimate missed that the substitute itself went short; actual 6 days / $3,006 vs 0 / $3,005. Widen the check before choosing substitute rm.","[""BOM008312"",""BOM008313"",""BOM008314"",""BOM008315"",""BOM008316"",""BOM008317"",""BOM008318"",""BOM008319""]",decision_quality
DEC00334,EVT01915,2025-06-27,Materials Manager,build_safety_stock,"[{""option"":""build_safety_stock"",""est_cost"":0.27,""est_stockout_days"":0.0,""risk"":""low"",""note"":""+8 days of cover (0.5 kg)""},{""option"":""accept_delay"",""est_cost"":2772.01,""est_stockout_days"":2.0,""risk"":""high"",""note"":""keep current buffer""},{""option"":""expedite"",""est_cost"":1386.66,""est_stockout_days"":1.0,""risk"":""medium"",""note"":""expedite case by case""}]",build_safety_stock,"Chose build_safety_stock: expected 0 stockout days / $0. Alternatives: accept_delay ~2d / $2,772 (high risk); expedite ~1d / $1,387 (medium risk).",0.27,0.0,0.27,0.0,success,2025-12-31,"build safety stock for Silicone LSR 50A (RM0085) at Riverbend Plant (P04) worked: 0 stockout days, $0 vs $0 planned.","[""RM0085|P04|2025-07-06"",""RM0085|P04|2025-06-29""]",as_expected
DEC00335,EVT01916,2025-06-27,Materials Manager,build_safety_stock,"[{""option"":""build_safety_stock"",""est_cost"":3327.43,""est_stockout_days"":2.4,""risk"":""low"",""note"":""+9 days of cover (199.2 m)""},{""option"":""accept_delay"",""est_cost"":3465.01,""est_stockout_days"":2.5,""risk"":""high"",""note"":""keep current buffer""},{""option"":""expedite"",""est_cost"":1735.03,""est_stockout_days"":1.2,""risk"":""medium"",""note"":""expedite case by case""}]",build_safety_stock,"Chose build_safety_stock: expected 2.4 stockout days / $3,327. Alternatives: accept_delay ~2.5d / $3,465 (high risk); expedite ~1.2d / $1,735 (medium risk).",3327.43,2.4,1.02,0.0,success,2025-12-31,"build safety stock for Elastic Film Laminate (RM0100) at Riverbend Plant (P04) worked: 0 stockout days, $1 vs $3,327 planned.","[""RM0100|P04|2025-07-06"",""RM0100|P04|2025-06-29""]",as_expected
DEC00336,EVT02428,2025-07-19,Supply Planner,accept_delay,"[{""option"":""expedite"",""est_cost"":8.07,""est_stockout_days"":0.0,""risk"":""medium"",""note"":""air freight quote 26% of lot value, ~5 days door-to-door""},{""option"":""reallocate_stock"",""est_cost"":0.44,""est_stockout_days"":0.0,""risk"":""medium"",""note"":""inter-plant transfer from P02 (~3 days)""},{""option"":""accept_delay"",""est_cost"":8392.74,""est_stockout_days"":9.0,""risk"":""low"",""note"":""supplier ETA 2025-08-20""}]",accept_delay,"Chose accept_delay: expected 9 stockout days / $8,393. Alternatives: expedite ~0d / $8 (medium risk); reallocate_stock ~0d / $0 (medium risk). Supplier ETA was 2025-08-20; lot value $32.",8392.74,9.0,8392.74,9.0,success,2025-08-27,"accept delay for UV Flexo White (RM0075) at Eastfield Plant (P03) worked: 9 stockout days, $8,393 vs $8,393 planned.","[""REV006472"",""REV006478"",""RPO020915"",""RPO021251"",""PR0020057""]",as_expected
DEC00337,EVT02410,2025-07-21,Supply Planner,accept_delay,"[{""option"":""expedite"",""est_cost"":21.04,""est_stockout_days"":0.0,""risk"":""medium"",""note"":""air freight quote 23% of lot value, ~4 days door-to-door""},{""option"":""switch_supplier"",""est_cost"":2987.96,""est_stockout_days"":4.0,""risk"":""medium"",""note"":""spot lot from SUP0129 in ~20 days""},{""option"":""reallocate_stock"",""est_cost"":3.8,""est_stockout_days"":0.0,""risk"":""medium"",""note"":""inter-plant transfer from P04 (~3 days)""},{""option"":""accept_delay"",""est_cost"":2974.65,""est_stockout_days"":4.0,""risk"":""low"",""note"":""supplier ETA 2025-08-10""}]",accept_delay,"Chose accept_delay: expected 4 stockout days / $2,975. Alternatives: expedite ~0d / $21 (medium risk); switch_supplier ~4d / $2,988 (medium risk); reallocate_stock ~0d / $4 (medium risk). Supplier ETA was 2025-08-10; lot value $93.",2974.65,4.0,2974.65,4.0,success,2025-08-17,"accept delay for SAP Sodium Polyacrylate Grade D (RM0059) at Lakeshore Plant (P01) worked: 4 stockout days, $2,975 vs $2,975 planned.","[""REV006488"",""RPO020986"",""PR0019931""]",as_expected
DEC00338,EVT02405,2025-07-23,Buyer,expedite,"[{""option"":""accept_delay"",""est_cost"":21995.62,""est_stockout_days"":17.0,""risk"":""low"",""note"":""supplier ETA 2025-09-08""},{""option"":""reallocate_stock"",""est_cost"":0.7,""est_stockout_days"":0.0,""risk"":""medium"",""note"":""inter-plant transfer from P02 (~3 days)""},{""option"":""expedite"",""est_cost"":13651.86,""est_stockout_days"":2.0,""risk"":""medium"",""note"":""air freight quote 25% of lot value, ~5 days door-to-door""}]",expedite,"Chose expedite: expected 2 stockout days / $13,652. Alternatives: accept_delay ~17d / $21,996 (low risk); reallocate_stock ~0d / $1 (medium risk). Supplier ETA was 2025-09-08; lot value $122.",13651.86,2.0,13651.86,2.0,success,2025-08-31,"expedite for Process Cyan Ink (RM0072) at Riverbend Plant (P04) worked: 2 stockout days, $13,652 vs $13,652 planned.","[""REV006493"",""REV006494"",""REV006495"",""REV006496"",""REV006504"",""REV006506"",""REV006508"",""REV006509"",""RPO020927"",""RPO021264"",""RPO021490"",""RPO021605"",""PR0020305""]",as_expected
DEC00339,EVT02403,2025-07-24,Buyer,expedite,"[{""option"":""expedite"",""est_cost"":12289.33,""est_stockout_days"":0.0,""risk"":""low"",""note"":""supplier premium 12% of line value""},{""option"":""accept_delay"",""est_cost"":0.0,""est_stockout_days"":0.0,""risk"":""medium"",""note"":""on hand 298 vs ROP 338""},{""option"":""reallocate_stock"",""est_cost"":614.47,""est_stockout_days"":0.0,""risk"":""medium"",""note"":""pull units from another DC""}]",expedite,"Chose expedite: expected 0 stockout days / $12,289. Alternatives: accept_delay ~0d / $0 (medium risk); reallocate_stock ~0d / $614 (medium risk). On hand 298 vs reorder point 338 at Southeast DC 05 (W005).",12289.33,0.0,12289.33,0.0,success,2025-08-04,"expedite for Supplier 250 (SUP0250) worked: 0 stockout days, $12,289 vs $12,289 planned.","[""PO016858"",""M00048055""]",as_expected
DEC00340,EVT02196,2025-07-24,Quality Lead,substitute_rm,"[{""option"":""substitute_rm"",""est_cost"":4839.02,""est_stockout_days"":9.5,""risk"":""medium"",""note"":""RM0023 after QA trial""},{""option"":""switch_supplier"",""est_cost"":8000.0,""est_stockout_days"":0.0,""risk"":""high"",""note"":""qualify second source for RM0012 (4-6 months)""},{""option"":""build_safety_stock"",""est_cost"":416.71,""est_stockout_days"":1.0,""risk"":""low"",""note"":""extra cover of RM0012""}]",substitute_rm,"Chose substitute_rm: expected 9.5 stockout days / $4,839. Alternatives: switch_supplier ~0d / $8,000 (high risk); build_safety_stock ~1d / $417 (low risk).",4839.02,9.5,5043.36,0.0,success,2025-12-31,"substitute rm for Citrus Burst Oil (RM0012) at Lakeshore Plant (P01) worked: 0 stockout days, $5,043 vs $4,839 planned.","[""BOM005986"",""BOM005987"",""BOM005988"",""BOM005989"",""BOM005990"",""BOM005991"",""BOM005992"",""BOM005993""]",as_expected
DEC00341,EVT02433,2025-08-02,Materials Manager,reallocate_stock,"[{""option"":""accept_delay"",""est_cost"":13438.43,""est_stockout_days"":21.0,""risk"":""low"",""note"":""supplier ETA 2025-08-25""},{""option"":""expedite"",""est_cost"":1323.84,""est_stockout_days"":2.0,""risk"":""medium"",""note"":""air freight quote 22% of lot value, ~4 days door-to-door""},{""option"":""switch_supplier"",""est_cost"":3847.69,""est_stockout_days"":6.0,""risk"":""medium"",""note"":""spot lot from SUP0111 in ~8 days""},{""option"":""reallocate_stock"",""est_cost"":5122.33,""est_stockout_days"":8.0,""risk"":""medium"",""note"":""inter-plant transfer from P01 (~3 days)""}]",reallocate_stock,"Chose reallocate_stock: expected 8 stockout days / $5,122. Alternatives: accept_delay ~21d / $13,438 (low risk); expedite ~2d / $1,324 (medium risk); switch_supplier ~6d / $3,848 (medium risk). Supplier ETA was 2025-08-25; lot value $202.",5122.33,8.0,8321.96,13.0,failed,2025-08-24,"Estimate missed that the material landed later than quoted; actual 13 days / $8,322 vs 8 / $5,122. Widen the check before choosing reallocate stock.","[""REV006507"",""RPO021458"",""RT0000050"",""PR0019890""]",decision_quality
DEC00342,EVT02423,2025-08-04,Materials Manager,reallocate_stock,"[{""option"":""accept_delay"",""est_cost"":2884.03,""est_stockout_days"":11.0,""risk"":""low"",""note"":""supplier ETA 2025-08-17""},{""option"":""expedite"",""est_cost"":1116.37,""est_stockout_days"":3.0,""risk"":""medium"",""note"":""air freight quote 27% of lot value, ~5 days door-to-door""},{""option"":""switch_supplier"",""est_cost"":3418.99,""est_stockout_days"":13.0,""risk"":""medium"",""note"":""spot lot from SUP0061 in ~15 days""},{""option"":""reallocate_stock"",""est_cost"":2683.15,""est_stockout_days"":3.0,""risk"":""medium"",""note"":""inter-plant transfer from P01 (~3 days)""}]",reallocate_stock,"Chose reallocate_stock: expected 3 stockout days / $2,683. Alternatives: accept_delay ~11d / $2,884 (low risk); expedite ~3d / $1,116 (medium risk); switch_supplier ~13d / $3,419 (medium risk). Supplier ETA was 2025-08-17; lot value $1,207.",2683.15,3.0,3575.79,4.0,partial,2025-08-17,"Estimate missed that the material landed later than quoted; actual 4 days / $3,576 vs 3 / $2,683. Widen the check before choosing reallocate stock.","[""REV006426"",""REV006431"",""RPO020437"",""RPO020772"",""RT0000022"",""PR0019953""]",decision_quality
DEC00343,EVT02437,2025-08-04,Supply Planner,accept_delay,"[{""option"":""expedite"",""est_cost"":138.19,""est_stockout_days"":0.0,""risk"":""medium"",""note"":""air freight quote 22% of lot value, ~4 days door-to-door""},{""option"":""switch_supplier"",""est_cost"":33.12,""est_stockout_days"":0.0,""risk"":""medium"",""note"":""spot lot from SUP0111 in ~8 days""},{""option"":""reallocate_stock"",""est_cost"":11.15,""est_stockout_days"":0.0,""risk"":""medium"",""note"":""inter-plant transfer from P02 (~3 days)""},{""option"":""accept_delay"",""est_cost"":8651.53,""est_stockout_days"":13.0,""risk"":""low"",""note"":""supplier ETA 2025-08-27""}]",accept_delay,"Chose accept_delay: expected 13 stockout days / $8,652. Alternatives: expedite ~0d / $138 (medium risk); switch_supplier ~0d / $33 (medium risk); reallocate_stock ~0d / $11 (medium risk). Supplier ETA was 2025-08-27; lot value $633.",8651.53,13.0,25715.17,13.0,failed,2025-09-03,Same move worked on 2025-06-10 (CAS00286) but not here - conditions differed (co_victims): other runs needing the same material were also blocked. Check co_victims before reusing a precedent.,"[""REV006579"",""REV006580"",""RPO021642"",""RPO021965"",""PR0020123""]",context_shift
DEC00344,EVT02412,2025-08-06,Buyer,expedite,"[{""option"":""accept_delay"",""est_cost"":15672.86,""est_stockout_days"":12.0,""risk"":""low"",""note"":""supplier ETA 2025-08-19""},{""option"":""switch_supplier"",""est_cost"":20908.7,""est_stockout_days"":16.0,""risk"":""medium"",""note"":""spot lot from SUP0047 in ~17 days""},{""option"":""reallocate_stock"",""est_cost"":2616.82,""est_stockout_days"":2.0,""risk"":""medium"",""note"":""inter-plant transfer from P01 (~3 days)""},{""option"":""expedite"",""est_cost"":2646.87,""est_stockout_days"":2.0,""risk"":""medium"",""note"":""air freight quote 25% of lot value, ~5 days door-to-door""}]",expedite,"Chose expedite: expected 2 stockout days / $2,647. Alternatives: accept_delay ~12d / $15,673 (low risk); switch_supplier ~16d / $20,909 (medium risk); reallocate_stock ~2d / $2,617 (medium risk). Supplier ETA was 2025-08-19; lot value $139.",2646.87,2.0,6565.08,5.0,failed,2025-08-19,Same move worked on 2025-01-10 (CAS00895) but not here - conditions differed (tags): the material landed later than quoted. Check tags before reusing a precedent.,"[""REV006522"",""REV006600"",""RPO021056"",""PR0019989""]",context_shift
DEC00345,EVT02446,2025-08-11,Buyer,expedite,"[{""option"":""accept_delay"",""est_cost"":54665.83,""est_stockout_days"":21.0,""risk"":""low"",""note"":""supplier ETA 2025-09-16""},{""option"":""reallocate_stock"",""est_cost"":26.08,""est_stockout_days"":0.0,""risk"":""medium"",""note"":""inter-plant transfer from P01 (~6 days)""},{""option"":""expedite"",""est_cost"":18369.74,""est_stockout_days"":7.0,""risk"":""medium"",""note"":""air freight quote 26% of lot value, ~5 days door-to-door""}]",expedite,"Chose expedite: expected 7 stockout days / $18,370. Alternatives: accept_delay ~21d / $54,666 (low risk); reallocate_stock ~0d / $26 (medium risk). Supplier ETA was 2025-09-16; lot value $558.",18369.74,7.0,18369.74,7.0,success,2025-09-09,"expedite for Zinc Pyrithione 48% (RM0046) at Northgate Plant (P05) worked: 7 stockout days, $18,370 vs $18,370 planned.","[""REV006533"",""REV006615"",""REV006632"",""RPO020941"",""PR0020392""]",as_expected
DEC00346,EVT02467,2025-08-15,Category Manager,switch_supplier,"[{""option"":""accept_delay"",""est_cost"":3926.14,""est_stockout_days"":15.0,""risk"":""low"",""note"":""supplier ETA 2025-09-06""},{""option"":""expedite"",""est_cost"":3.86,""est_stockout_days"":0.0,""risk"":""medium"",""note"":""air freight quote 25% of lot value, ~5 days door-to-door""},{""option"":""reallocate_stock"",""est_cost"":0.96,""est_stockout_days"":0.0,""risk"":""medium"",""note"":""inter-plant transfer from P03 (~3 days)""},{""option"":""switch_supplier"",""est_cost"":1052.89,""est_stockout_days"":4.0,""risk"":""medium"",""note"":""spot lot from SUP0062 in ~21 days""}]",switch_supplier,"Chose switch_supplier: expected 4 stockout days / $1,053. Alternatives: accept_delay ~15d / $3,926 (low risk); expedite ~0d / $4 (medium risk); reallocate_stock ~0d / $1 (medium risk). Supplier ETA was 2025-09-06; lot value $15.",1052.89,4.0,1314.64,5.0,partial,2025-09-03,"Estimate missed that the material landed later than quoted; actual 5 days / $1,315 vs 4 / $1,053. Widen the check before choosing switch supplier.","[""REV006529"",""RPO021054"",""RPO022516"",""PR0020315""]",decision_quality
DEC00347,EVT02457,2025-08-17,Supply Planner,reallocate_stock,"[{""option"":""reallocate_stock"",""est_cost"":316.35,""est_stockout_days"":0.0,""risk"":""low"",""note"":""move 24 units W001->W011""},{""option"":""expedite"",""est_cost"":949.06,""est_stockout_days"":0.0,""risk"":""medium"",""note"":""expedite next inbound PO""},{""option"":""accept_delay"",""est_cost"":3053.62,""est_stockout_days"":1.0,""risk"":""medium"",""note"":""wait for replenishment""}]",reallocate_stock,"Chose reallocate_stock: expected 0 stockout days / $316. Alternatives: expedite ~0d / $949 (medium risk); accept_delay ~1d / $3,054 (medium risk). Southeast DC 11 (W011) had 369 units vs ROP 440; source West DC 01 (W001).",316.35,0.0,316.35,0.0,success,2025-09-15,"reallocate stock for Southeast DC 11 (W011) worked: 0 stockout days, $316 vs $316 planned.","[""T0007555"",""M00106049"",""M00106050""]",as_expected
DEC00348,EVT02409,2025-08-18,Quality Lead,substitute_rm,"[{""option"":""substitute_rm"",""est_cost"":3127.33,""est_stockout_days"":4.0,""risk"":""medium"",""note"":""RM0074 after QA trial""},{""option"":""switch_supplier"",""est_cost"":8000.0,""est_stockout_days"":0.0,""risk"":""high"",""note"":""qualify second source for RM0072 (4-6 months)""},{""option"":""build_safety_stock"",""est_cost"":8.32,""est_stockout_days"":1.0,""risk"":""low"",""note"":""extra cover of RM0072""}]",substitute_rm,"Chose substitute_rm: expected 4 stockout days / $3,127. Alternatives: switch_supplier ~0d / $8,000 (high risk); build_safety_stock ~1d / $8 (low risk).",3127.33,4.0,3141.48,3.0,success,2025-12-31,"substitute rm for Process Cyan Ink (RM0072) at Eastfield Plant (P03) worked: 3 stockout days, $3,141 vs $3,127 planned.","[""BOM006202"",""BOM006203"",""BOM006204"",""BOM006205"",""BOM006206"",""BOM006207"",""BOM006208"",""BOM006209"",""BOM006210"",""BOM006211"",""BOM006212""]",as_expected
DEC00349,EVT02460,2025-08-20,Buyer,expedite,"[{""option"":""accept_delay"",""est_cost"":61769.75,""est_stockout_days"":22.0,""risk"":""low"",""note"":""supplier ETA 2025-09-14""},{""option"":""switch_supplier"",""est_cost"":44927.77,""est_stockout_days"":16.0,""risk"":""medium"",""note"":""spot lot from SUP0116 in ~19 days""},{""option"":""reallocate_stock"",""est_cost"":1.45,""est_stockout_days"":0.0,""risk"":""medium"",""note"":""inter-plant transfer from P01 (~3 days)""},{""option"":""expedite"",""est_cost"":16856.5,""est_stockout_days"":6.0,""risk"":""medium"",""note"":""air freight quote 22% of lot value, ~4 days door-to-door""}]",expedite,"Chose expedite: expected 6 stockout days / $16,856. Alternatives: accept_delay ~22d / $61,770 (low risk); switch_supplier ~16d / $44,928 (medium risk); reallocate_stock ~0d / $1 (medium risk). Supplier ETA was 2025-09-14; lot value $47.",16856.5,6.0,22471.93,8.0,partial,2025-09-07,Same move worked on 2025-03-28 (CAS00750) but not here - conditions differed (co_victims): the material landed later than quoted. Check co_victims before reusing a precedent.,"[""REV006593"",""REV006596"",""REV006687"",""REV006690"",""RPO021695"",""RPO022016"",""PR0020362""]",context_shift
DEC00350,EVT02414,2025-08-20,Quality Lead,substitute_rm,"[{""option"":""substitute_rm"",""est_cost"":3000.0,""est_stockout_days"":0.0,""risk"":""medium"",""note"":""RM0059 after QA trial""},{""option"":""switch_supplier"",""est_cost"":8000.0,""est_stockout_days"":0.0,""risk"":""high"",""note"":""qualify second source for RM0055 (4-6 months)""},{""option"":""build_safety_stock"",""est_cost"":95.75,""est_stockout_days"":1.0,""risk"":""low"",""note"":""extra cover of RM0055""}]",substitute_rm,"Chose substitute_rm: expected 0 stockout days / $3,000. Alternatives: switch_supplier ~0d / $8,000 (high risk); build_safety_stock ~1d / $96 (low risk).",3000.0,0.0,3000.0,9.0,failed,2025-12-31,"Estimate missed that the substitute itself went short; actual 9 days / $3,000 vs 0 / $3,000. Widen the check before choosing substitute rm.","[""BOM000926"",""BOM000927"",""BOM000928"",""BOM000929"",""BOM000930"",""BOM000931"",""BOM000932"",""BOM000933"",""BOM000934"",""BOM000935""]",decision_quality
DEC00351,EVT02464,2025-08-21,Category Manager,switch_supplier,"[{""option"":""accept_delay"",""est_cost"":20947.38,""est_stockout_days"":17.0,""risk"":""low"",""note"":""supplier ETA 2025-09-08""},{""option"":""expedite"",""est_cost"":3723.38,""est_stockout_days"":3.0,""risk"":""medium"",""note"":""air freight quote 22% of lot value, ~4 days door-to-door""},{""option"":""reallocate_stock"",""est_cost"":6164.1,""est_stockout_days"":5.0,""risk"":""medium"",""note"":""inter-plant transfer from P01 (~6 days)""},{""option"":""switch_supplier"",""est_cost"":7410.87,""est_stockout_days"":6.0,""risk"":""medium"",""note"":""spot lot from SUP0046 in ~18 days""}]",switch_supplier,"Chose switch_supplier: expected 6 stockout days / $7,411. Alternatives: accept_delay ~17d / $20,947 (low risk); expedite ~3d / $3,723 (medium risk); reallocate_stock ~5d / $6,164 (medium risk). Supplier ETA was 2025-09-08; lot value $123.",7410.87,6.0,7410.87,6.0,success,2025-09-04,"switch supplier for EPDM Gasket Compound (RM0086) at Northgate Plant (P05) worked: 6 stockout days, $7,411 vs $7,411 planned.","[""REV006575"",""REV006662"",""REV006666"",""RPO021842"",""RPO022172"",""RPO022615"",""PR0020322""]",as_expected
DEC00352,EVT02471,2025-08-26,Materials Manager,reallocate_stock,"[{""option"":""accept_delay"",""est_cost"":33.86,""est_stockout_days"":10.0,""risk"":""low"",""note"":""supplier ETA 2025-09-07""},{""option"":""expedite"",""est_cost"":22.84,""est_stockout_days"":3.0,""risk"":""medium"",""note"":""air freight quote 26% of lot value, ~5 days door-to-door""},{""option"":""reallocate_stock"",""est_cost"":1.14,""est_stockout_days"":0.0,""risk"":""medium"",""note"":""inter-plant transfer from P01 (~3 days)""}]",reallocate_stock,Chose reallocate_stock: expected 0 stockout days / $1. Alternatives: accept_delay ~10d / $34 (low risk); expedite ~3d / $23 (medium risk). Supplier ETA was 2025-09-07; lot value $48.,1.14,0.0,14.68,4.0,failed,2025-09-08,"Sound call ex-ante (lowest expected cost) but the material landed later than quoted: 4 days, $15 vs $1. No process change; keep the option open.","[""REV006621"",""REV006625"",""REV006628"",""RPO021254"",""RPO021444"",""RPO021597"",""RT0000025"",""PR0020435""]",bad_luck
DEC00353,EVT02501,2025-08-28,Supply Planner,accept_delay,"[{""option"":""expedite"",""est_cost"":8.47,""est_stockout_days"":0.0,""risk"":""medium"",""note"":""air freight quote 26% of lot value, ~5 days door-to-door""},{""option"":""reallocate_stock"",""est_cost"":0.4,""est_stockout_days"":0.0,""risk"":""medium"",""note"":""inter-plant transfer from P02 (~4 days)""},{""option"":""accept_delay"",""est_cost"":11555.42,""est_stockout_days"":11.0,""risk"":""low"",""note"":""supplier ETA 2025-09-26""}]",accept_delay,"Chose accept_delay: expected 11 stockout days / $11,555. Alternatives: expedite ~0d / $8 (medium risk); reallocate_stock ~0d / $0 (medium risk). Supplier ETA was 2025-09-26; lot value $33.",11555.42,11.0,11555.42,11.0,success,2025-10-03,"accept delay for UV Flexo White (RM0075) at Northgate Plant (P05) worked: 11 stockout days, $11,555 vs $11,555 planned.","[""REV006735"",""REV006739"",""REV006743"",""REV006744"",""RPO021875"",""RPO021945"",""RPO022204"",""RPO022285"",""PR0020844""]",as_expected
DEC00354,EVT02522,2025-08-28,Supply Planner,accept_delay,"[{""option"":""expedite"",""est_cost"":76.9,""est_stockout_days"":0.0,""risk"":""medium"",""note"":""air freight quote 23% of lot value, ~4 days door-to-door""},{""option"":""reallocate_stock"",""est_cost"":19.12,""est_stockout_days"":0.0,""risk"":""medium"",""note"":""inter-plant transfer from P01 (~3 days)""},{""option"":""accept_delay"",""est_cost"":7208.64,""est_stockout_days"":3.0,""risk"":""low"",""note"":""supplier ETA 2025-10-06""}]",accept_delay,"Chose accept_delay: expected 3 stockout days / $7,209. Alternatives: expedite ~0d / $77 (medium risk); reallocate_stock ~0d / $19 (medium risk). Supplier ETA was 2025-10-06; lot value $339.",7208.64,3.0,7208.64,3.0,success,2025-10-13,"accept delay for SAP Sodium Polyacrylate Grade B (RM0055) at Maplewood Plant (P02) worked: 3 stockout days, $7,209 vs $7,209 planned.","[""REV006678"",""REV006740"",""RPO022036"",""PR0021259""]",as_expected
DEC00355,EVT02488,2025-09-04,Buyer,expedite,"[{""option"":""accept_delay"",""est_cost"":6794.88,""est_stockout_days"":13.0,""risk"":""low"",""note"":""supplier ETA 2025-10-01""},{""option"":""switch_supplier"",""est_cost"":1584.19,""est_stockout_days"":3.0,""risk"":""medium"",""note"":""spot lot from SUP0047 in ~17 days""},{""option"":""reallocate_stock"",""est_cost"":5.79,""est_stockout_days"":0.0,""risk"":""medium"",""note"":""inter-plant transfer from P02 (~3 days)""},{""option"":""expedite"",""est_cost"":2876.79,""est_stockout_days"":5.0,""risk"":""medium"",""note"":""air freight quote 25% of lot value, ~5 days door-to-door""}]",expedite,"Chose expedite: expected 5 stockout days / $2,877. Alternatives: accept_delay ~13d / $6,795 (low risk); switch_supplier ~3d / $1,584 (medium risk); reallocate_stock ~0d / $6 (medium risk). Supplier ETA was 2025-10-01; lot value $1,053.",2876.79,5.0,2876.79,5.0,success,2025-09-30,"expedite for LDPE Shrink Film 60um Grade B (RM0082) at Lakeshore Plant (P01) worked: 5 stockout days, $2,877 vs $2,877 planned.","[""REV006756"",""REV006758"",""REV006811"",""REV006815"",""RPO021996"",""RPO022300"",""PR0020917""]",as_expected
DEC00356,EVT02508,2025-09-05,Supply Planner,accept_delay,"[{""option"":""expedite"",""est_cost"":51.32,""est_stockout_days"":0.0,""risk"":""medium"",""note"":""air freight quote 23% of lot value, ~4 days door-to-door""},{""option"":""switch_supplier"",""est_cost"":12.78,""est_stockout_days"":0.0,""risk"":""medium"",""note"":""spot lot from SUP0139 in ~6 days""},{""option"":""reallocate_stock"",""est_cost"":4.08,""est_stockout_days"":0.0,""risk"":""medium"",""note"":""inter-plant transfer from P02 (~3 days)""},{""option"":""accept_delay"",""est_cost"":3629.71,""est_stockout_days"":4.0,""risk"":""low"",""note"":""supplier ETA 2025-09-19""}]",accept_delay,"Chose accept_delay: expected 4 stockout days / $3,630. Alternatives: expedite ~0d / $51 (medium risk); switch_supplier ~0d / $13 (medium risk); reallocate_stock ~0d / $4 (medium risk). Supplier ETA was 2025-09-19; lot value $226.",3629.71,4.0,3629.71,4.0,success,2025-09-26,"accept delay for SAP Surface-crosslinked Grade Grade C (RM0058) at Lakeshore Plant (P01) worked: 4 stockout days, $3,630 vs $3,630 planned.","[""REV006752"",""REV006814"",""RPO022219"",""PR0020846""]",as_expected
DEC00357,EVT02503,2025-09-06,Supply Planner,reallocate_stock,"[{""option"":""reallocate_stock"",""est_cost"":150.01,""est_stockout_days"":0.0,""risk"":""low"",""note"":""move 16 units W002->W001""},{""option"":""expedite"",""est_cost"":450.04,""est_stockout_days"":0.0,""risk"":""medium"",""note"":""expedite next inbound PO""},{""option"":""accept_delay"",""est_cost"":1068.46,""est_stockout_days"":1.0,""risk"":""medium"",""note"":""wait for replenishment""}]",reallocate_stock,"Chose reallocate_stock: expected 0 stockout days / $150. Alternatives: expedite ~0d / $450 (medium risk); accept_delay ~1d / $1,068 (medium risk). West DC 01 (W001) had 284 units vs ROP 342; source Southwest DC 02 (W002).",150.01,0.0,150.01,0.0,failed,2025-10-05,"Sound call ex-ante (lowest expected cost) but the source DC ran down to or below its reorder point: 0 days, $150 vs $150. No process change; keep the option open.","[""T0010112"",""M00124668"",""M00124669""]",bad_luck
DEC00358,EVT02530,2025-09-10,Buyer,expedite,"[{""option"":""accept_delay"",""est_cost"":27489.37,""est_stockout_days"":15.0,""risk"":""low"",""note"":""supplier ETA 2025-10-12""},{""option"":""switch_supplier"",""est_cost"":19.4,""est_stockout_days"":0.0,""risk"":""medium"",""note"":""spot lot from SUP0047 in ~17 days""},{""option"":""reallocate_stock"",""est_cost"":5.54,""est_stockout_days"":0.0,""risk"":""medium"",""note"":""inter-plant transfer from P01 (~5 days)""},{""option"":""expedite"",""est_cost"":7416.04,""est_stockout_days"":4.0,""risk"":""medium"",""note"":""air freight quote 25% of lot value, ~5 days door-to-door""}]",expedite,"Chose expedite: expected 4 stockout days / $7,416. Alternatives: accept_delay ~15d / $27,489 (low risk); switch_supplier ~0d / $19 (medium risk); reallocate_stock ~0d / $6 (medium risk). Supplier ETA was 2025-10-12; lot value $342.",7416.04,4.0,11081.29,6.0,partial,2025-10-10,Same move worked on 2025-07-23 (CAS00457) but not here - conditions differed (co_victims): the material landed later than quoted. Check co_victims before reusing a precedent.,"[""REV006846"",""REV006849"",""REV006869"",""REV006873"",""RPO022104"",""RPO022454"",""PR0021107""]",context_shift
DEC00359,EVT02547,2025-09-12,Supply Planner,accept_delay,"[{""option"":""expedite"",""est_cost"":11.83,""est_stockout_days"":0.0,""risk"":""medium"",""note"":""air freight quote 25% of lot value, ~5 days door-to-door""},{""option"":""reallocate_stock"",""est_cost"":0.11,""est_stockout_days"":0.0,""risk"":""medium"",""note"":""inter-plant transfer from P02 (~3 days)""},{""option"":""accept_delay"",""est_cost"":352.85,""est_stockout_days"":4.0,""risk"":""low"",""note"":""supplier ETA 2025-10-23""}]",accept_delay,Chose accept_delay: expected 4 stockout days / $353. Alternatives: expedite ~0d / $12 (medium risk); reallocate_stock ~0d / $0 (medium risk). Supplier ETA was 2025-10-23; lot value $47.,352.85,4.0,9497.25,4.0,failed,2025-10-30,Same move worked on 2025-07-19 (CAS00564) but not here - conditions differed (co_victims): other runs needing the same material were also blocked. Check co_victims before reusing a precedent.,"[""REV006880"",""REV006884"",""REV006885"",""RPO022272"",""RPO022500"",""RPO022624"",""PR0021600""]",context_shift
DEC00360,EVT02502,2025-09-14,Materials Manager,reallocate_stock,"[{""option"":""accept_delay"",""est_cost"":8733.55,""est_stockout_days"":23.0,""risk"":""low"",""note"":""supplier ETA 2025-10-09""},{""option"":""expedite"",""est_cost"":764.47,""est_stockout_days"":2.0,""risk"":""medium"",""note"":""air freight quote 22% of lot value, ~4 days door-to-door""},{""option"":""switch_supplier"",""est_cost"":2281.05,""est_stockout_days"":6.0,""risk"":""medium"",""note"":""spot lot from SUP0111 in ~8 days""},{""option"":""reallocate_stock"",""est_cost"":3418.52,""est_stockout_days"":9.0,""risk"":""medium"",""note"":""inter-plant transfer from P01 (~5 days)""}]",reallocate_stock,"Chose reallocate_stock: expected 9 stockout days / $3,419. Alternatives: accept_delay ~23d / $8,734 (low risk); expedite ~2d / $764 (medium risk); switch_supplier ~6d / $2,281 (medium risk). Supplier ETA was 2025-10-09; lot value $23.",3418.52,9.0,3798.24,10.0,partial,2025-10-03,"Estimate missed that the material landed later than quoted; actual 10 days / $3,798 vs 9 / $3,419. Widen the check before choosing reallocate stock.","[""REV006802"",""RPO022419"",""RT0000051"",""PR0020871""]",decision_quality
DEC00361,EVT02524,2025-09-15,Materials Manager,reallocate_stock,"[{""option"":""accept_delay"",""est_cost"":14937.22,""est_stockout_days"":21.0,""risk"":""low"",""note"":""supplier ETA 2025-10-08""},{""option"":""expedite"",""est_cost"":1486.22,""est_stockout_days"":2.0,""risk"":""medium"",""note"":""air freight quote 22% of lot value, ~4 days door-to-door""},{""option"":""switch_supplier"",""est_cost"":9961.64,""est_stockout_days"":14.0,""risk"":""medium"",""note"":""spot lot from SUP0182 in ~16 days""},{""option"":""reallocate_stock"",""est_cost"":4268.97,""est_stockout_days"":6.0,""risk"":""medium"",""note"":""inter-plant transfer from P01 (~3 days)""}]",reallocate_stock,"Chose reallocate_stock: expected 6 stockout days / $4,269. Alternatives: accept_delay ~21d / $14,937 (low risk); expedite ~2d / $1,486 (medium risk); switch_supplier ~14d / $9,962 (medium risk). Supplier ETA was 2025-10-08; lot value $296.",4268.97,6.0,4980.26,7.0,partial,2025-10-01,"Estimate missed that the material landed later than quoted; actual 7 days / $4,980 vs 6 / $4,269. Widen the check before choosing reallocate stock.","[""REV006595"",""REV006597"",""RPO021794"",""RPO022122"",""RT0000011"",""PR0020899""]",decision_quality
DEC00362,EVT02576,2025-09-15,Category Manager,switch_supplier,"[{""option"":""accept_delay"",""est_cost"":882.37,""est_stockout_days"":17.0,""risk"":""low"",""note"":""supplier ETA 2025-10-23""},{""option"":""expedite"",""est_cost"":84.55,""est_stockout_days"":0.0,""risk"":""medium"",""note"":""air freight quote 22% of lot value, ~4 days door-to-door""},{""option"":""reallocate_stock"",""est_cost"":1.57,""est_stockout_days"":0.0,""risk"":""medium"",""note"":""inter-plant transfer from P01 (~3 days)""},{""option"":""switch_supplier"",""est_cost"":3340.15,""est_stockout_days"":3.0,""risk"":""medium"",""note"":""spot lot from SUP0111 in ~8 days""}]",switch_supplier,"Chose switch_supplier: expected 3 stockout days / $3,340. Alternatives: accept_delay ~17d / $882 (low risk); expedite ~0d / $85 (medium risk); reallocate_stock ~0d / $2 (medium risk). Supplier ETA was 2025-10-23; lot value $387.",3340.15,3.0,6633.99,6.0,partial,2025-10-19,Same move worked on 2025-08-21 (CAS01439) but not here - conditions differed (co_victims): the material landed later than quoted. Check co_victims before reusing a precedent.,"[""REV006896"",""REV006897"",""RPO022712"",""RPO023052"",""RPO023241"",""PR0021310""]",context_shift
DEC00363,EVT02515,2025-09-18,Materials Manager,reallocate_stock,"[{""option"":""accept_delay"",""est_cost"":330.98,""est_stockout_days"":11.0,""risk"":""low"",""note"":""supplier ETA 2025-10-01""},{""option"":""expedite"",""est_cost"":179.04,""est_stockout_days"":3.0,""risk"":""medium"",""note"":""air freight quote 25% of lot value, ~5 days door-to-door""},{""option"":""switch_supplier"",""est_cost"":454.51,""est_stockout_days"":15.0,""risk"":""medium"",""note"":""spot lot from SUP0047 in ~17 days""},{""option"":""reallocate_stock"",""est_cost"":181.45,""est_stockout_days"":6.0,""risk"":""medium"",""note"":""inter-plant transfer from P01 (~3 days)""}]",reallocate_stock,Chose reallocate_stock: expected 6 stockout days / $181. Alternatives: accept_delay ~11d / $331 (low risk); expedite ~3d / $179 (medium risk); switch_supplier ~15d / $455 (medium risk). Supplier ETA was 2025-10-01; lot value $355.,181.45,6.0,181.45,6.0,success,2025-10-03,"reallocate stock for Stretch Wrap 23um Grade B (RM0083) at Maplewood Plant (P02) worked: 6 stockout days, $181 vs $181 planned.","[""REV006780"",""REV006784"",""RPO022054"",""RPO022398"",""RT0000040"",""PR0020967""]",as_expected
DEC00364,EVT02596,2025-09-19,Supply Planner,accept_delay,"[{""option"":""expedite"",""est_cost"":25.2,""est_stockout_days"":0.0,""risk"":""medium"",""note"":""air freight quote 26% of lot value, ~5 days door-to-door""},{""option"":""reallocate_stock"",""est_cost"":1.56,""est_stockout_days"":0.0,""risk"":""medium"",""note"":""inter-plant transfer from P03 (~3 days)""},{""option"":""accept_delay"",""est_cost"":28082.9,""est_stockout_days"":8.0,""risk"":""low"",""note"":""supplier ETA 2025-11-07""}]",accept_delay,"Chose accept_delay: expected 8 stockout days / $28,083. Alternatives: expedite ~0d / $25 (medium risk); reallocate_stock ~0d / $2 (medium risk). Supplier ETA was 2025-11-07; lot value $99.",28082.9,8.0,28082.9,8.0,success,2025-11-14,"accept delay for UV Flexo White (RM0075) at Maplewood Plant (P02) worked: 8 stockout days, $28,083 vs $28,083 planned.","[""REV006919"",""REV006920"",""REV006922"",""REV006924"",""RPO022396"",""RPO022593"",""RPO022742"",""RPO023082"",""PR0021850""]",as_expected
DEC00365,EVT02538,2025-09-19,Supply Planner,accept_delay,"[{""option"":""expedite"",""est_cost"":73.41,""est_stockout_days"":0.0,""risk"":""medium"",""note"":""air freight quote 23% of lot value, ~4 days door-to-door""},{""option"":""switch_supplier"",""est_cost"":4.47,""est_stockout_days"":0.0,""risk"":""medium"",""note"":""spot lot from SUP0139 in ~6 days""},{""option"":""reallocate_stock"",""est_cost"":1.42,""est_stockout_days"":0.0,""risk"":""medium"",""note"":""inter-plant transfer from P01 (~3 days)""},{""option"":""accept_delay"",""est_cost"":18636.34,""est_stockout_days"":10.0,""risk"":""low"",""note"":""supplier ETA 2025-10-06""}]",accept_delay,"Chose accept_delay: expected 10 stockout days / $18,636. Alternatives: expedite ~0d / $73 (medium risk); switch_supplier ~0d / $4 (medium risk); reallocate_stock ~0d / $1 (medium risk). Supplier ETA was 2025-10-06; lot value $324.",18636.34,10.0,18636.34,10.0,success,2025-10-13,"accept delay for SAP Surface-crosslinked Grade Grade C (RM0058) at Riverbend Plant (P04) worked: 10 stockout days, $18,636 vs $18,636 planned.","[""REV006921"",""RPO022619"",""PR0021090""]",as_expected
DEC00366,EVT02536,2025-09-19,Supply Planner,reallocate_stock,"[{""option"":""reallocate_stock"",""est_cost"":232.4,""est_stockout_days"":0.0,""risk"":""low"",""note"":""move 23 units W003->W009""},{""option"":""expedite"",""est_cost"":697.2,""est_stockout_days"":0.0,""risk"":""medium"",""note"":""expedite next inbound PO""},{""option"":""accept_delay"",""est_cost"":1943.16,""est_stockout_days"":1.0,""risk"":""medium"",""note"":""wait for replenishment""}]",reallocate_stock,"Chose reallocate_stock: expected 0 stockout days / $232. Alternatives: expedite ~0d / $697 (medium risk); accept_delay ~1d / $1,943 (medium risk). Midwest DC 09 (W009) had 275 units vs ROP 352; source Midwest DC 03 (W003).",232.4,0.0,232.4,0.0,failed,2025-10-18,"Sound call ex-ante (lowest expected cost) but the source DC ran down to or below its reorder point: 0 days, $232 vs $232. No process change; keep the option open.","[""T0007207"",""M00103452"",""M00103453""]",bad_luck
DEC00367,EVT02545,2025-09-26,Buyer,cancel_po,"[{""option"":""cancel_po"",""est_cost"":6438.83,""est_stockout_days"":0.0,""risk"":""low"",""note"":""stock 1.5x ROP""},{""option"":""accept_delay"",""est_cost"":31753.15,""est_stockout_days"":0.0,""risk"":""low"",""note"":""keep PO, carry the stock""},{""option"":""reduce_allocation"",""est_cost"":19095.99,""est_stockout_days"":0.0,""risk"":""low"",""note"":""halve quantities""}]",cancel_po,"Chose cancel_po: expected 0 stockout days / $6,439. Alternatives: accept_delay ~0d / $31,753 (low risk); reduce_allocation ~0d / $19,096 (low risk). Stock at Northeast DC 04 (W004) was 1.5x reorder point.",6438.83,0.0,6438.83,0.0,partial,2025-11-25,"Sound call ex-ante (lowest expected cost) but demand recovered and stock dipped after the cancellation: 0 days, $6,439 vs $6,439. No process change; keep the option open.","[""PO017901""]",bad_luck
DEC00368,EVT02549,2025-09-27,Buyer,expedite,"[{""option"":""expedite"",""est_cost"":31479.21,""est_stockout_days"":0.0,""risk"":""low"",""note"":""supplier premium 12% of line value""},{""option"":""accept_delay"",""est_cost"":0.0,""est_stockout_days"":0.0,""risk"":""medium"",""note"":""on hand 117 vs ROP 286""},{""option"":""reallocate_stock"",""est_cost"":1573.96,""est_stockout_days"":0.0,""risk"":""medium"",""note"":""pull units from another DC""}]",expedite,"Chose expedite: expected 0 stockout days / $31,479. Alternatives: accept_delay ~0d / $0 (medium risk); reallocate_stock ~0d / $1,574 (medium risk). On hand 117 vs reorder point 286 at Southeast DC 05 (W005).",31479.21,0.0,31479.21,0.0,partial,2025-10-12,"Sound call ex-ante (lowest expected cost) but the supplier missed the expedited date anyway: 0 days, $31,479 vs $31,479. No process change; keep the option open.","[""PO002390"",""M00006703""]",bad_luck
DEC00369,EVT02541,2025-09-28,Materials Manager,reallocate_stock,"[{""option"":""accept_delay"",""est_cost"":5796.76,""est_stockout_days"":12.0,""risk"":""low"",""note"":""supplier ETA 2025-10-12""},{""option"":""expedite"",""est_cost"":1001.17,""est_stockout_days"":2.0,""risk"":""medium"",""note"":""air freight quote 21% of lot value, ~4 days door-to-door""},{""option"":""switch_supplier"",""est_cost"":9183.27,""est_stockout_days"":19.0,""risk"":""medium"",""note"":""spot lot from SUP0226 in ~21 days""},{""option"":""reallocate_stock"",""est_cost"":1.73,""est_stockout_days"":0.0,""risk"":""medium"",""note"":""inter-plant transfer from P01 (~5 days)""}]",reallocate_stock,"Chose reallocate_stock: expected 0 stockout days / $2. Alternatives: accept_delay ~12d / $5,797 (low risk); expedite ~2d / $1,001 (medium risk); switch_supplier ~19d / $9,183 (medium risk). Supplier ETA was 2025-10-12; lot value $164.",1.73,0.0,4129.41,4.0,failed,2025-10-11,"Sound call ex-ante (lowest expected cost) but the material landed later than quoted: 4 days, $4,129 vs $2. No process change; keep the option open.","[""REV006903"",""RPO022764"",""RT0000027"",""PR0021186""]",bad_luck
DEC00370,EVT02581,2025-10-01,Supply Planner,accept_delay,"[{""option"":""expedite"",""est_cost"":63.97,""est_stockout_days"":0.0,""risk"":""medium"",""note"":""air freight quote 22% of lot value, ~4 days door-to-door""},{""option"":""switch_supplier"",""est_cost"":6.97,""est_stockout_days"":0.0,""risk"":""medium"",""note"":""spot lot from SUP0046 in ~18 days""},{""option"":""reallocate_stock"",""est_cost"":2.04,""est_stockout_days"":0.0,""risk"":""medium"",""note"":""inter-plant transfer from P01 (~3 days)""},{""option"":""accept_delay"",""est_cost"":6940.06,""est_stockout_days"":3.0,""risk"":""low"",""note"":""supplier ETA 2025-11-02""}]",accept_delay,"Chose accept_delay: expected 3 stockout days / $6,940. Alternatives: expedite ~0d / $64 (medium risk); switch_supplier ~0d / $7 (medium risk); reallocate_stock ~0d / $2 (medium risk). Supplier ETA was 2025-11-02; lot value $293.",6940.06,3.0,6940.06,3.0,success,2025-11-09,"accept delay for EPDM Gasket Compound (RM0086) at Maplewood Plant (P02) worked: 3 stockout days, $6,940 vs $6,940 planned.","[""REV006997"",""REV006998"",""RPO023050"",""RPO023396"",""PR0021854""]",as_expected
DEC00371,EVT02574,2025-10-02,Supply Planner,accept_delay,"[{""option"":""expedite"",""est_cost"":1393.46,""est_stockout_days"":2.0,""risk"":""medium"",""note"":""air freight quote 23% of lot value, ~4 days door-to-door""},{""option"":""reallocate_stock"",""est_cost"":635.36,""est_stockout_days"":1.0,""risk"":""medium"",""note"":""inter-plant transfer from P02 (~3 days)""},{""option"":""accept_delay"",""est_cost"":2516.13,""est_stockout_days"":4.0,""risk"":""low"",""note"":""supplier ETA 2025-10-08""}]",accept_delay,"Chose accept_delay: expected 4 stockout days / $2,516. Alternatives: expedite ~2d / $1,393 (medium risk); reallocate_stock ~1d / $635 (medium risk). Supplier ETA was 2025-10-08; lot value $597.",2516.13,4.0,9390.81,4.0,failed,2025-10-15,Same move worked on 2025-09-05 (CAS00450) but not here - conditions differed (context): other runs needing the same material were also blocked. Check current conditions before reusing a precedent.,"[""REV006898"",""REV007000"",""RPO022676"",""PR0021279""]",context_shift
DEC00372,EVT02567,2025-10-02,Buyer,expedite,"[{""option"":""expedite"",""est_cost"":5901.26,""est_stockout_days"":0.0,""risk"":""low"",""note"":""supplier premium 6% of line value""},{""option"":""accept_delay"",""est_cost"":0.0,""est_stockout_days"":0.0,""risk"":""medium"",""note"":""on hand 157 vs ROP 379""},{""option"":""reallocate_stock"",""est_cost"":590.13,""est_stockout_days"":0.0,""risk"":""medium"",""note"":""pull units from another DC""}]",expedite,"Chose expedite: expected 0 stockout days / $5,901. Alternatives: accept_delay ~0d / $0 (medium risk); reallocate_stock ~0d / $590 (medium risk). On hand 157 vs reorder point 379 at Southeast DC 11 (W011).",5901.26,0.0,5901.26,0.0,success,2025-10-15,"expedite for Supplier 179 (SUP0179) worked: 0 stockout days, $5,901 vs $5,901 planned.","[""PO010972"",""M00031220""]",as_expected
DEC00373,EVT02594,2025-10-03,Supply Planner,accept_delay,"[{""option"":""expedite"",""est_cost"":48.4,""est_stockout_days"":0.0,""risk"":""medium"",""note"":""air freight quote 25% of lot value, ~5 days door-to-door""},{""option"":""switch_supplier"",""est_cost"":5502.85,""est_stockout_days"":3.0,""risk"":""medium"",""note"":""spot lot from SUP0062 in ~21 days""},{""option"":""reallocate_stock"",""est_cost"":0.86,""est_stockout_days"":0.0,""risk"":""medium"",""note"":""inter-plant transfer from P02 (~4 days)""},{""option"":""accept_delay"",""est_cost"":56890.97,""est_stockout_days"":11.0,""risk"":""low"",""note"":""supplier ETA 2025-11-01""}]",accept_delay,"Chose accept_delay: expected 11 stockout days / $56,891. Alternatives: expedite ~0d / $48 (medium risk); switch_supplier ~3d / $5,503 (medium risk); reallocate_stock ~0d / $1 (medium risk). Supplier ETA was 2025-11-01; lot value $194.",56890.97,11.0,56890.97,11.0,success,2025-11-08,"accept delay for Water-based Varnish (RM0074) at Northgate Plant (P05) worked: 11 stockout days, $56,891 vs $56,891 planned.","[""REV007006"",""REV007011"",""RPO022888"",""RPO023232"",""PR0021640""]",as_expected
DEC00374,EVT02575,2025-10-05,Buyer,cancel_po,"[{""option"":""cancel_po"",""est_cost"":2085.59,""est_stockout_days"":0.0,""risk"":""low"",""note"":""stock 3.8x ROP""},{""option"":""accept_delay"",""est_cost"":10285.09,""est_stockout_days"":0.0,""risk"":""low"",""note"":""keep PO, carry the stock""},{""option"":""reduce_allocation"",""est_cost"":6185.34,""est_stockout_days"":0.0,""risk"":""low"",""note"":""halve quantities""}]",cancel_po,"Chose cancel_po: expected 0 stockout days / $2,086. Alternatives: accept_delay ~0d / $10,285 (low risk); reduce_allocation ~0d / $6,185 (low risk). Stock at Midwest DC 09 (W009) was 3.8x reorder point.",2085.59,0.0,2085.59,0.0,success,2025-12-04,"cancel po for Supplier 230 (SUP0230) worked: 0 stockout days, $2,086 vs $2,086 planned.","[""PO009491""]",as_expected
DEC00375,EVT02376,2025-10-06,Quality Lead,substitute_rm,"[{""option"":""substitute_rm"",""est_cost"":3204.83,""est_stockout_days"":0.0,""risk"":""medium"",""note"":""RM0023 after QA trial""},{""option"":""switch_supplier"",""est_cost"":8000.0,""est_stockout_days"":0.0,""risk"":""high"",""note"":""qualify second source for RM0012 (4-6 months)""},{""option"":""build_safety_stock"",""est_cost"":46.41,""est_stockout_days"":1.0,""risk"":""low"",""note"":""extra cover of RM0012""}]",substitute_rm,"Chose substitute_rm: expected 0 stockout days / $3,205. Alternatives: switch_supplier ~0d / $8,000 (high risk); build_safety_stock ~1d / $46 (low risk).",3204.83,0.0,3227.59,3.0,partial,2025-12-31,"Estimate missed that the substitute itself went short; actual 3 days / $3,228 vs 0 / $3,205. Widen the check before choosing substitute rm.","[""BOM004167"",""BOM004168"",""BOM004169"",""BOM004170"",""BOM004171"",""BOM004172"",""BOM004173"",""BOM004174"",""BOM004175"",""BOM004176""]",decision_quality
DEC00376,EVT02643,2025-10-09,Supply Planner,accept_delay,"[{""option"":""expedite"",""est_cost"":17.09,""est_stockout_days"":0.0,""risk"":""medium"",""note"":""air freight quote 22% of lot value, ~4 days door-to-door""},{""option"":""switch_supplier"",""est_cost"":4.23,""est_stockout_days"":0.0,""risk"":""medium"",""note"":""spot lot from SUP0116 in ~19 days""},{""option"":""reallocate_stock"",""est_cost"":1.4,""est_stockout_days"":0.0,""risk"":""medium"",""note"":""inter-plant transfer from P01 (~3 days)""},{""option"":""accept_delay"",""est_cost"":21689.49,""est_stockout_days"":7.0,""risk"":""low"",""note"":""supplier ETA 2025-11-17""}]",accept_delay,"Chose accept_delay: expected 7 stockout days / $21,689. Alternatives: expedite ~0d / $17 (medium risk); switch_supplier ~0d / $4 (medium risk); reallocate_stock ~0d / $1 (medium risk). Supplier ETA was 2025-11-17; lot value $78.",21689.49,7.0,21689.49,7.0,success,2025-11-24,"accept delay for TPE Overmold Grade Grade B (RM0087) at Maplewood Plant (P02) worked: 7 stockout days, $21,689 vs $21,689 planned.","[""REV007055"",""REV007057"",""RPO023397"",""RPO023728"",""PR0022101""]",as_expected
DEC00377,EVT02634,2025-10-10,Supply Planner,accept_delay,"[{""option"":""expedite"",""est_cost"":11.18,""est_stockout_days"":0.0,""risk"":""medium"",""note"":""air freight quote 26% of lot value, ~5 days door-to-door""},{""option"":""reallocate_stock"",""est_cost"":0.87,""est_stockout_days"":0.0,""risk"":""medium"",""note"":""inter-plant transfer from P02 (~3 days)""},{""option"":""accept_delay"",""est_cost"":9153.38,""est_stockout_days"":5.0,""risk"":""low"",""note"":""supplier ETA 2025-11-26""}]",accept_delay,"Chose accept_delay: expected 5 stockout days / $9,153. Alternatives: expedite ~0d / $11 (medium risk); reallocate_stock ~0d / $1 (medium risk). Supplier ETA was 2025-11-26; lot value $44.",9153.38,5.0,9153.38,5.0,success,2025-12-03,"accept delay for UV Flexo White (RM0075) at Eastfield Plant (P03) worked: 5 stockout days, $9,153 vs $9,153 planned.","[""REV007059"",""REV007062"",""REV007067"",""RPO022945"",""RPO023132"",""RPO023629"",""PR0022321""]",as_expected
DEC00378,EVT02593,2025-10-11,Buyer,expedite,"[{""option"":""expedite"",""est_cost"":14570.06,""est_stockout_days"":0.0,""risk"":""low"",""note"":""supplier premium 12% of line value""},{""option"":""accept_delay"",""est_cost"":0.0,""est_stockout_days"":0.0,""risk"":""medium"",""note"":""on hand 358 vs ROP 435""},{""option"":""reallocate_stock"",""est_cost"":728.5,""est_stockout_days"":0.0,""risk"":""medium"",""note"":""pull units from another DC""}]",expedite,"Chose expedite: expected 0 stockout days / $14,570. Alternatives: accept_delay ~0d / $0 (medium risk); reallocate_stock ~0d / $728 (medium risk). On hand 358 vs reorder point 435 at Southeast DC 05 (W005).",14570.06,0.0,14570.06,0.0,failed,2025-11-06,"Sound call ex-ante (lowest expected cost) but the supplier missed the expedited date anyway: 0 days, $14,570 vs $14,570. No process change; keep the option open.","[""PO006056"",""M00017155""]",bad_luck
DEC00379,EVT02611,2025-10-12,Buyer,expedite,"[{""option"":""accept_delay"",""est_cost"":30044.25,""est_stockout_days"":20.0,""risk"":""low"",""note"":""supplier ETA 2025-11-13""},{""option"":""reallocate_stock"",""est_cost"":0.94,""est_stockout_days"":0.0,""risk"":""medium"",""note"":""inter-plant transfer from P02 (~3 days)""},{""option"":""expedite"",""est_cost"":6012.79,""est_stockout_days"":4.0,""risk"":""medium"",""note"":""air freight quote 25% of lot value, ~5 days door-to-door""}]",expedite,"Chose expedite: expected 4 stockout days / $6,013. Alternatives: accept_delay ~20d / $30,044 (low risk); reallocate_stock ~0d / $1 (medium risk). Supplier ETA was 2025-11-13; lot value $16.",6012.79,4.0,9017.22,6.0,partial,2025-11-06,Same move worked on 2025-09-04 (CAS01650) but not here - conditions differed (context): the material landed later than quoted. Check current conditions before reusing a precedent.,"[""REV007053"",""REV007082"",""RPO022944"",""PR0021707""]",context_shift
DEC00380,EVT02544,2025-10-13,Materials Manager,reallocate_stock,"[{""option"":""accept_delay"",""est_cost"":10640.12,""est_stockout_days"":10.0,""risk"":""low"",""note"":""supplier ETA 2025-10-30""},{""option"":""expedite"",""est_cost"":48.18,""est_stockout_days"":0.0,""risk"":""medium"",""note"":""air freight quote 25% of lot value, ~5 days door-to-door""},{""option"":""reallocate_stock"",""est_cost"":2129.34,""est_stockout_days"":2.0,""risk"":""medium"",""note"":""inter-plant transfer from P01 (~3 days)""}]",reallocate_stock,"Chose reallocate_stock: expected 2 stockout days / $2,129. Alternatives: accept_delay ~10d / $10,640 (low risk); expedite ~0d / $48 (medium risk). Supplier ETA was 2025-10-30; lot value $194.",2129.34,2.0,4257.37,4.0,partial,2025-10-31,"Estimate missed that the material landed later than quoted; actual 4 days / $4,257 vs 2 / $2,129. Widen the check before choosing reallocate stock.","[""REV006852"",""REV006855"",""REV006856"",""RPO022269"",""RPO022824"",""RPO022955"",""RT0000041"",""PR0021619""]",decision_quality
DEC00381,EVT02622,2025-10-15,Supply Planner,accept_delay,"[{""option"":""expedite"",""est_cost"":45.12,""est_stockout_days"":0.0,""risk"":""medium"",""note"":""air freight quote 25% of lot value, ~5 days door-to-door""},{""option"":""switch_supplier"",""est_cost"":2.16,""est_stockout_days"":0.0,""risk"":""medium"",""note"":""spot lot from SUP0047 in ~17 days""},{""option"":""reallocate_stock"",""est_cost"":0.62,""est_stockout_days"":0.0,""risk"":""medium"",""note"":""inter-plant transfer from P02 (~3 days)""},{""option"":""accept_delay"",""est_cost"":22733.2,""est_stockout_days"":10.0,""risk"":""low"",""note"":""supplier ETA 2025-12-07""}]",accept_delay,"Chose accept_delay: expected 10 stockout days / $22,733. Alternatives: expedite ~0d / $45 (medium risk); switch_supplier ~0d / $2 (medium risk); reallocate_stock ~0d / $1 (medium risk). Supplier ETA was 2025-12-07; lot value $180.",22733.2,10.0,22733.2,10.0,success,2025-12-14,"accept delay for Stretch Wrap 23um Grade B (RM0083) at Lakeshore Plant (P01) worked: 10 stockout days, $22,733 vs $22,733 planned.","[""REV007090"",""REV007094"",""REV007096"",""RPO023030"",""RPO023372"",""RPO023707"",""PR0022467""]",as_expected
DEC00382,EVT02625,2025-10-15,Supply Planner,accept_delay,"[{""option"":""expedite"",""est_cost"":56.54,""est_stockout_days"":0.0,""risk"":""medium"",""note"":""air freight quote 23% of lot value, ~4 days door-to-door""},{""option"":""switch_supplier"",""est_cost"":17.73,""est_stockout_days"":0.0,""risk"":""medium"",""note"":""spot lot from SUP0129 in ~20 days""},{""option"":""reallocate_stock"",""est_cost"":4.79,""est_stockout_days"":0.0,""risk"":""medium"",""note"":""inter-plant transfer from P01 (~3 days)""},{""option"":""accept_delay"",""est_cost"":7367.23,""est_stockout_days"":6.0,""risk"":""low"",""note"":""supplier ETA 2025-11-13""}]",accept_delay,"Chose accept_delay: expected 6 stockout days / $7,367. Alternatives: expedite ~0d / $57 (medium risk); switch_supplier ~0d / $18 (medium risk); reallocate_stock ~0d / $5 (medium risk). Supplier ETA was 2025-11-13; lot value $249.",7367.23,6.0,7367.23,6.0,success,2025-11-20,"accept delay for SAP Sodium Polyacrylate Grade D (RM0059) at Riverbend Plant (P04) worked: 6 stockout days, $7,367 vs $7,367 planned.","[""REV007010"",""REV007093"",""RPO023170"",""PR0022040""]",as_expected
DEC00383,EVT02638,2025-10-16,Supply Planner,accept_delay,"[{""option"":""expedite"",""est_cost"":17.49,""est_stockout_days"":0.0,""risk"":""medium"",""note"":""air freight quote 25% of lot value, ~5 days door-to-door""},{""option"":""reallocate_stock"",""est_cost"":1.39,""est_stockout_days"":0.0,""risk"":""medium"",""note"":""inter-plant transfer from P02 (~4 days)""},{""option"":""accept_delay"",""est_cost"":15111.12,""est_stockout_days"":11.0,""risk"":""low"",""note"":""supplier ETA 2025-11-12""}]",accept_delay,"Chose accept_delay: expected 11 stockout days / $15,111. Alternatives: expedite ~0d / $17 (medium risk); reallocate_stock ~0d / $1 (medium risk). Supplier ETA was 2025-11-12; lot value $70.",15111.12,11.0,15111.12,11.0,success,2025-11-19,"accept delay for Process Cyan Ink (RM0072) at Northgate Plant (P05) worked: 11 stockout days, $15,111 vs $15,111 planned.","[""REV007099"",""REV007100"",""RPO023231"",""RPO023312"",""PR0021882""]",as_expected
DEC00384,EVT02591,2025-10-16,Category Manager,switch_supplier,"[{""option"":""accept_delay"",""est_cost"":27408.37,""est_stockout_days"":17.0,""risk"":""low"",""note"":""supplier ETA 2025-11-17""},{""option"":""expedite"",""est_cost"":64.97,""est_stockout_days"":0.0,""risk"":""medium"",""note"":""air freight quote 23% of lot value, ~4 days door-to-door""},{""option"":""reallocate_stock"",""est_cost"":9.17,""est_stockout_days"":0.0,""risk"":""medium"",""note"":""inter-plant transfer from P01 (~3 days)""},{""option"":""switch_supplier"",""est_cost"":42.03,""est_stockout_days"":0.0,""risk"":""medium"",""note"":""spot lot from SUP0139 in ~6 days""}]",switch_supplier + cancel original PO,"Chose switch_supplier + cancel original PO: expected 0 stockout days / $42. Alternatives: accept_delay ~17d / $27,408 (low risk); expedite ~0d / $65 (medium risk); reallocate_stock ~0d / $9 (medium risk). Supplier ETA was 2025-11-17; lot value $287. Original PO cancelled once the spot lot was confirmed.",42.03,0.0,4878.8,3.0,failed,2025-11-10,Same move worked on 2023-02-23 (CAS01411) but not here - conditions differed (tags): the material landed later than quoted. Check tags before reusing a precedent.,"[""REV006958"",""REV007009"",""REV007024"",""REV007027"",""RPO022954"",""RPO023169"",""RPO023968"",""PR0021880""]",context_shift
DEC00385,EVT02608,2025-10-16,Buyer,expedite,"[{""option"":""accept_delay"",""est_cost"":30189.41,""est_stockout_days"":19.0,""risk"":""low"",""note"":""supplier ETA 2025-11-04""},{""option"":""switch_supplier"",""est_cost"":9582.31,""est_stockout_days"":6.0,""risk"":""medium"",""note"":""spot lot from SUP0139 in ~6 days""},{""option"":""reallocate_stock"",""est_cost"":7960.15,""est_stockout_days"":5.0,""risk"":""medium"",""note"":""inter-plant transfer from P01 (~5 days)""},{""option"":""expedite"",""est_cost"":9742.69,""est_stockout_days"":6.0,""risk"":""medium"",""note"":""air freight quote 23% of lot value, ~4 days door-to-door""}]",expedite,"Chose expedite: expected 6 stockout days / $9,743. Alternatives: accept_delay ~19d / $30,189 (low risk); switch_supplier ~6d / $9,582 (medium risk); reallocate_stock ~5d / $7,960 (medium risk). Supplier ETA was 2025-11-04; lot value $923.",9742.69,6.0,27592.58,6.0,failed,2025-10-29,"Same move worked on 2025-10-02 (POL0032841) but not here - conditions differed (co_victims, congested, tags, warehouse_surcharge): other runs needing the same material were also blocked. Check co_victims, congested, tags, warehouse_surcharge before reusing a precedent.","[""REV007036"",""REV007091"",""REV007105"",""RPO023116"",""PR0021519""]",context_shift
DEC00386,EVT02612,2025-10-17,Supply Planner,accept_delay,"[{""option"":""accept_delay"",""est_cost"":1849.12,""est_stockout_days"":0.0,""risk"":""low"",""note"":""accept shortfall of 332 units""},{""option"":""expedite"",""est_cost"":8569.87,""est_stockout_days"":0.0,""risk"":""medium"",""note"":""rush the balance""},{""option"":""renegotiate"",""est_cost"":1500.0,""est_stockout_days"":0.0,""risk"":""medium"",""note"":""claim short-shipment credit""}]",accept_delay,"Chose accept_delay: expected 0 stockout days / $1,849. Alternatives: expedite ~0d / $8,570 (medium risk); renegotiate ~0d / $1,500 (medium risk).",1849.12,0.0,1849.12,0.0,success,2025-12-16,"accept delay for Supplier 245 (SUP0245) worked: 0 stockout days, $1,849 vs $1,849 planned.","[""PO004982"",""M00014088"",""M00014089"",""M00014090"",""M00014091""]",as_expected
DEC00387,EVT02626,2025-10-18,Supply Planner,accept_delay,"[{""option"":""expedite"",""est_cost"":23.46,""est_stockout_days"":0.0,""risk"":""medium"",""note"":""air freight quote 25% of lot value, ~5 days door-to-door""},{""option"":""reallocate_stock"",""est_cost"":0.82,""est_stockout_days"":0.0,""risk"":""medium"",""note"":""inter-plant transfer from P02 (~3 days)""},{""option"":""accept_delay"",""est_cost"":10077.7,""est_stockout_days"":8.0,""risk"":""low"",""note"":""supplier ETA 2025-11-12""}]",accept_delay,"Chose accept_delay: expected 8 stockout days / $10,078. Alternatives: expedite ~0d / $23 (medium risk); reallocate_stock ~0d / $1 (medium risk). Supplier ETA was 2025-11-12; lot value $94.",10077.7,8.0,36720.14,8.0,failed,2025-11-19,"Same move worked on 2025-08-28 (CAS00536) but not here - conditions differed (co_victims, season): other runs needing the same material were also blocked. Check co_victims, season before reusing a precedent.","[""REV007116"",""REV007117"",""RPO023186"",""RPO023294"",""PR0021956""]",context_shift
DEC00388,EVT02685,2025-10-29,Supply Planner,accept_delay,"[{""option"":""expedite"",""est_cost"":14.26,""est_stockout_days"":0.0,""risk"":""medium"",""note"":""air freight quote 26% of lot value, ~5 days door-to-door""},{""option"":""reallocate_stock"",""est_cost"":1.17,""est_stockout_days"":0.0,""risk"":""medium"",""note"":""inter-plant transfer from P03 (~3 days)""},{""option"":""accept_delay"",""est_cost"":11853.72,""est_stockout_days"":6.0,""risk"":""low"",""note"":""supplier ETA 2025-12-23""}]",accept_delay,"Chose accept_delay: expected 6 stockout days / $11,854. Alternatives: expedite ~0d / $14 (medium risk); reallocate_stock ~0d / $1 (medium risk). Supplier ETA was 2025-12-23; lot value $56.",11853.72,6.0,11853.72,6.0,success,2025-12-30,"accept delay for UV Flexo White (RM0075) at Maplewood Plant (P02) worked: 6 stockout days, $11,854 vs $11,854 planned.","[""REV007192"",""REV007199"",""REV007200"",""RPO023266"",""RPO023762"",""RPO023947"",""PR0022864""]",as_expected
DEC00389,EVT02637,2025-11-01,Buyer,expedite,"[{""option"":""expedite"",""est_cost"":1905.24,""est_stockout_days"":0.0,""risk"":""low"",""note"":""supplier premium 12% of line value""},{""option"":""accept_delay"",""est_cost"":0.0,""est_stockout_days"":0.0,""risk"":""medium"",""note"":""on hand 116 vs ROP 416""},{""option"":""reallocate_stock"",""est_cost"":95.26,""est_stockout_days"":0.0,""risk"":""medium"",""note"":""pull units from another DC""}]",expedite,"Chose expedite: expected 0 stockout days / $1,905. Alternatives: accept_delay ~0d / $0 (medium risk); reallocate_stock ~0d / $95 (medium risk). On hand 116 vs reorder point 416 at Southeast DC 05 (W005).",1905.24,0.0,1905.24,0.0,success,2025-11-13,"expedite for Supplier 188 (SUP0188) worked: 0 stockout days, $1,905 vs $1,905 planned.","[""PO010184"",""M00028959""]",as_expected
DEC00390,EVT02652,2025-11-04,Supply Planner,accept_delay,"[{""option"":""expedite"",""est_cost"":26.98,""est_stockout_days"":0.0,""risk"":""medium"",""note"":""air freight quote 25% of lot value, ~5 days door-to-door""},{""option"":""switch_supplier"",""est_cost"":13.71,""est_stockout_days"":0.0,""risk"":""medium"",""note"":""spot lot from SUP0047 in ~17 days""},{""option"":""reallocate_stock"",""est_cost"":3.91,""est_stockout_days"":0.0,""risk"":""medium"",""note"":""inter-plant transfer from P01 (~3 days)""},{""option"":""accept_delay"",""est_cost"":8451.82,""est_stockout_days"":3.0,""risk"":""low"",""note"":""supplier ETA 2025-11-24""}]",accept_delay,"Chose accept_delay: expected 3 stockout days / $8,452. Alternatives: expedite ~0d / $27 (medium risk); switch_supplier ~0d / $14 (medium risk); reallocate_stock ~0d / $4 (medium risk). Supplier ETA was 2025-11-24; lot value $108.",8451.82,3.0,8451.82,3.0,success,2025-12-01,"accept delay for Stretch Wrap 23um Grade B (RM0083) at Maplewood Plant (P02) worked: 3 stockout days, $8,452 vs $8,452 planned.","[""REV007196"",""REV007230"",""RPO023429"",""PR0022334""]",as_expected
DEC00391,EVT02630,2025-11-06,Category Manager,switch_supplier,"[{""option"":""accept_delay"",""est_cost"":8254.53,""est_stockout_days"":17.0,""risk"":""low"",""note"":""supplier ETA 2025-12-07""},{""option"":""expedite"",""est_cost"":350.81,""est_stockout_days"":0.0,""risk"":""medium"",""note"":""air freight quote 23% of lot value, ~4 days door-to-door""},{""option"":""reallocate_stock"",""est_cost"":4.88,""est_stockout_days"":0.0,""risk"":""medium"",""note"":""inter-plant transfer from P02 (~3 days)""},{""option"":""switch_supplier"",""est_cost"":2653.21,""est_stockout_days"":5.0,""risk"":""medium"",""note"":""spot lot from SUP0139 in ~6 days""}]",switch_supplier + cancel original PO,"Chose switch_supplier + cancel original PO: expected 5 stockout days / $2,653. Alternatives: accept_delay ~17d / $8,255 (low risk); expedite ~0d / $351 (medium risk); reallocate_stock ~0d / $5 (medium risk). Supplier ETA was 2025-12-07; lot value $1,547. Original PO cancelled once the spot lot was confirmed.",2653.21,5.0,24501.51,6.0,failed,2025-12-03,"Same move worked on 2023-02-23 (CAS01411) but not here - conditions differed (co_victims, season, tags): other runs needing the same material were also blocked. Check co_victims, season, tags before reusing a precedent.","[""REV007131"",""REV007173"",""REV007176"",""REV007182"",""REV007184"",""REV007186"",""RPO023355"",""RPO023591"",""RPO023693"",""RPO024480"",""PR0022310""]",context_shift
DEC00392,EVT02658,2025-11-09,Buyer,expedite,"[{""option"":""expedite"",""est_cost"":8575.73,""est_stockout_days"":0.0,""risk"":""low"",""note"":""supplier premium 12% of line value""},{""option"":""accept_delay"",""est_cost"":0.0,""est_stockout_days"":0.0,""risk"":""medium"",""note"":""on hand 357 vs ROP 490""},{""option"":""reallocate_stock"",""est_cost"":428.79,""est_stockout_days"":0.0,""risk"":""medium"",""note"":""pull units from another DC""}]",expedite,"Chose expedite: expected 0 stockout days / $8,576. Alternatives: accept_delay ~0d / $0 (medium risk); reallocate_stock ~0d / $429 (medium risk). On hand 357 vs reorder point 490 at Southeast DC 05 (W005).",8575.73,0.0,8575.73,0.0,success,2025-11-20,"expedite for Supplier 129 (SUP0129) worked: 0 stockout days, $8,576 vs $8,576 planned.","[""PO000975"",""M00002781""]",as_expected
DEC00393,EVT02659,2025-11-10,Buyer,expedite,"[{""option"":""accept_delay"",""est_cost"":11719.44,""est_stockout_days"":16.0,""risk"":""low"",""note"":""supplier ETA 2025-12-07""},{""option"":""switch_supplier"",""est_cost"":33.06,""est_stockout_days"":0.0,""risk"":""medium"",""note"":""spot lot from SUP0139 in ~6 days""},{""option"":""reallocate_stock"",""est_cost"":10.54,""est_stockout_days"":0.0,""risk"":""medium"",""note"":""inter-plant transfer from P01 (~3 days)""},{""option"":""expedite"",""est_cost"":2267.56,""est_stockout_days"":3.0,""risk"":""medium"",""note"":""air freight quote 23% of lot value, ~4 days door-to-door""}]",expedite,"Chose expedite: expected 3 stockout days / $2,268. Alternatives: accept_delay ~16d / $11,719 (low risk); switch_supplier ~0d / $33 (medium risk); reallocate_stock ~0d / $11 (medium risk). Supplier ETA was 2025-12-07; lot value $309.",2267.56,3.0,2267.56,3.0,success,2025-12-01,"expedite for SAP Surface-crosslinked Grade Grade C (RM0058) at Riverbend Plant (P04) worked: 3 stockout days, $2,268 vs $2,268 planned.","[""REV007165"",""REV007232"",""REV007240"",""REV007244"",""REV007281"",""REV007284"",""RPO023639"",""RPO023852"",""PR0022335""]",as_expected
DEC00394,EVT02664,2025-11-11,Supply Planner,accept_delay,"[{""option"":""expedite"",""est_cost"":8.11,""est_stockout_days"":0.0,""risk"":""medium"",""note"":""air freight quote 26% of lot value, ~5 days door-to-door""},{""option"":""reallocate_stock"",""est_cost"":1.85,""est_stockout_days"":0.0,""risk"":""medium"",""note"":""inter-plant transfer from P02 (~3 days)""},{""option"":""accept_delay"",""est_cost"":12687.3,""est_stockout_days"":5.0,""risk"":""low"",""note"":""supplier ETA 2025-12-04""}]",accept_delay,"Chose accept_delay: expected 5 stockout days / $12,687. Alternatives: expedite ~0d / $8 (medium risk); reallocate_stock ~0d / $2 (medium risk). Supplier ETA was 2025-12-04; lot value $32.",12687.3,5.0,12687.3,5.0,success,2025-12-11,"accept delay for UV Flexo White (RM0075) at Riverbend Plant (P04) worked: 5 stockout days, $12,687 vs $12,687 planned.","[""REV007193"",""REV007253"",""REV007276"",""REV007279"",""RPO023295"",""RPO023531"",""PR0022516""]",as_expected
DEC00395,EVT02663,2025-11-12,Buyer,expedite,"[{""option"":""expedite"",""est_cost"":2687.5,""est_stockout_days"":0.0,""risk"":""low"",""note"":""supplier premium 12% of line value""},{""option"":""accept_delay"",""est_cost"":0.0,""est_stockout_days"":0.0,""risk"":""medium"",""note"":""on hand 464 vs ROP 480""},{""option"":""reallocate_stock"",""est_cost"":134.37,""est_stockout_days"":0.0,""risk"":""medium"",""note"":""pull units from another DC""}]",expedite,"Chose expedite: expected 0 stockout days / $2,688. Alternatives: accept_delay ~0d / $0 (medium risk); reallocate_stock ~0d / $134 (medium risk). On hand 464 vs reorder point 480 at Southeast DC 05 (W005).",2687.5,0.0,2687.5,0.0,failed,2025-12-08,"Sound call ex-ante (lowest expected cost) but the supplier missed the expedited date anyway: 0 days, $2,688 vs $2,688. No process change; keep the option open.","[""PO016792"",""M00047877""]",bad_luck
DEC00396,EVT02667,2025-11-14,Supply Planner,accept_delay,"[{""option"":""expedite"",""est_cost"":24.98,""est_stockout_days"":0.0,""risk"":""medium"",""note"":""air freight quote 23% of lot value, ~4 days door-to-door""},{""option"":""switch_supplier"",""est_cost"":35245.99,""est_stockout_days"":12.0,""risk"":""medium"",""note"":""spot lot from SUP0129 in ~20 days""},{""option"":""reallocate_stock"",""est_cost"":12.53,""est_stockout_days"":0.0,""risk"":""medium"",""note"":""inter-plant transfer from P01 (~3 days)""},{""option"":""accept_delay"",""est_cost"":8799.9,""est_stockout_days"":3.0,""risk"":""low"",""note"":""supplier ETA 2025-11-25""}]",accept_delay,"Chose accept_delay: expected 3 stockout days / $8,800. Alternatives: expedite ~0d / $25 (medium risk); switch_supplier ~12d / $35,246 (medium risk); reallocate_stock ~0d / $13 (medium risk). Supplier ETA was 2025-11-25; lot value $110.",8799.9,3.0,8799.9,3.0,success,2025-12-02,"accept delay for SAP Sodium Polyacrylate Grade D (RM0059) at Riverbend Plant (P04) worked: 3 stockout days, $8,800 vs $8,800 planned.","[""REV007233"",""REV007307"",""RPO023853"",""PR0022361""]",as_expected
DEC00397,EVT02669,2025-11-20,Buyer,expedite,"[{""option"":""accept_delay"",""est_cost"":4666.0,""est_stockout_days"":13.0,""risk"":""low"",""note"":""supplier ETA 2025-12-12""},{""option"":""switch_supplier"",""est_cost"":2873.1,""est_stockout_days"":8.0,""risk"":""medium"",""note"":""spot lot from SUP0047 in ~17 days""},{""option"":""reallocate_stock"",""est_cost"":0.49,""est_stockout_days"":0.0,""risk"":""medium"",""note"":""inter-plant transfer from P01 (~3 days)""},{""option"":""expedite"",""est_cost"":425.67,""est_stockout_days"":1.0,""risk"":""medium"",""note"":""air freight quote 25% of lot value, ~5 days door-to-door""}]",expedite,"Chose expedite: expected 1 stockout days / $426. Alternatives: accept_delay ~13d / $4,666 (low risk); switch_supplier ~8d / $2,873 (medium risk); reallocate_stock ~0d / $0 (medium risk). Supplier ETA was 2025-12-12; lot value $267.",425.67,1.0,784.6,2.0,partial,2025-12-08,"Same move worked on 2025-09-04 (CAS01650) but not here - conditions differed (season, tags): the material landed later than quoted. Check season, tags before reusing a precedent.","[""REV007142"",""REV007145"",""REV007147"",""REV007338"",""REV007339"",""REV007340"",""RPO023188"",""RPO023532"",""RPO023871"",""PR0022519""]",context_shift
DEC00398,EVT02682,2025-11-20,Buyer,expedite,"[{""option"":""accept_delay"",""est_cost"":10554.0,""est_stockout_days"":12.0,""risk"":""low"",""note"":""supplier ETA 2025-12-09""},{""option"":""switch_supplier"",""est_cost"":901.7,""est_stockout_days"":1.0,""risk"":""medium"",""note"":""spot lot from SUP0111 in ~8 days""},{""option"":""reallocate_stock"",""est_cost"":7.48,""est_stockout_days"":0.0,""risk"":""medium"",""note"":""inter-plant transfer from P02 (~3 days)""},{""option"":""expedite"",""est_cost"":5423.25,""est_stockout_days"":6.0,""risk"":""medium"",""note"":""air freight quote 22% of lot value, ~4 days door-to-door""}]",expedite,"Chose expedite: expected 6 stockout days / $5,423. Alternatives: accept_delay ~12d / $10,554 (low risk); switch_supplier ~1d / $902 (medium risk); reallocate_stock ~0d / $7 (medium risk). Supplier ETA was 2025-12-09; lot value $670.",5423.25,6.0,5423.25,6.0,success,2025-12-10,"expedite for Carbon Steel Strip 1075 (RM0102) at Lakeshore Plant (P01) worked: 6 stockout days, $5,423 vs $5,423 planned.","[""REV007329"",""REV007344"",""RPO024334"",""PR0022457""]",as_expected
DEC00399,EVT02656,2025-11-22,Materials Manager,reallocate_stock,"[{""option"":""accept_delay"",""est_cost"":20858.51,""est_stockout_days"":11.0,""risk"":""low"",""note"":""supplier ETA 2025-12-05""},{""option"":""expedite"",""est_cost"":5786.5,""est_stockout_days"":3.0,""risk"":""medium"",""note"":""air freight quote 24% of lot value, ~5 days door-to-door""},{""option"":""switch_supplier"",""est_cost"":24665.77,""est_stockout_days"":13.0,""risk"":""medium"",""note"":""spot lot from SUP0022 in ~15 days""},{""option"":""reallocate_stock"",""est_cost"":11728.25,""est_stockout_days"":4.0,""risk"":""medium"",""note"":""inter-plant transfer from P01 (~6 days)""}]",reallocate_stock,"Chose reallocate_stock: expected 4 stockout days / $11,728. Alternatives: accept_delay ~11d / $20,859 (low risk); expedite ~3d / $5,786 (medium risk); switch_supplier ~13d / $24,666 (medium risk). Supplier ETA was 2025-12-05; lot value $405.",11728.25,4.0,17589.92,6.0,partial,2025-12-07,"Estimate missed that the material landed later than quoted; actual 6 days / $17,590 vs 4 / $11,728. Widen the check before choosing reallocate stock.","[""REV007183"",""REV007187"",""RPO023546"",""RPO023876"",""RT0000009"",""PR0022394""]",decision_quality
DEC00400,EVT02674,2025-12-04,Materials Manager,reallocate_stock,"[{""option"":""accept_delay"",""est_cost"":1999.61,""est_stockout_days"":17.0,""risk"":""low"",""note"":""supplier ETA 2025-12-23""},{""option"":""expedite"",""est_cost"":408.15,""est_stockout_days"":3.0,""risk"":""medium"",""note"":""air freight quote 25% of lot value, ~5 days door-to-door""},{""option"":""reallocate_stock"",""est_cost"":118.61,""est_stockout_days"":1.0,""risk"":""medium"",""note"":""inter-plant transfer from P01 (~5 days)""}]",reallocate_stock,"Chose reallocate_stock: expected 1 stockout days / $119. Alternatives: accept_delay ~17d / $2,000 (low risk); expedite ~3d / $408 (medium risk). Supplier ETA was 2025-12-23; lot value $223.",118.61,1.0,353.86,3.0,failed,2025-12-16,"Sound call ex-ante (lowest expected cost) but the material landed later than quoted: 3 days, $354 vs $119. No process change; keep the option open.","[""REV007310"",""REV007311"",""REV007313"",""RPO023622"",""RPO023799"",""RPO024129"",""RT0000049"",""PR0022659""]",bad_luck
DEC00401,EVT02690,2025-12-07,Supply Planner,reallocate_stock,"[{""option"":""reallocate_stock"",""est_cost"":165.48,""est_stockout_days"":0.0,""risk"":""low"",""note"":""move 21 units W002->W005""},{""option"":""expedite"",""est_cost"":496.45,""est_stockout_days"":0.0,""risk"":""medium"",""note"":""expedite next inbound PO""},{""option"":""accept_delay"",""est_cost"":1326.0,""est_stockout_days"":1.0,""risk"":""medium"",""note"":""wait for replenishment""}]",reallocate_stock,"Chose reallocate_stock: expected 0 stockout days / $165. Alternatives: expedite ~0d / $496 (medium risk); accept_delay ~1d / $1,326 (medium risk). Southeast DC 05 (W005) had 221 units vs ROP 252; source Southwest DC 02 (W002).",165.48,0.0,165.48,0.0,success,2025-12-31,"reallocate stock for Southeast DC 05 (W005) worked: 0 stockout days, $165 vs $165 planned.","[""T0003832"",""M00079020"",""M00079021""]",as_expected
DEC00402,EVT02696,2025-12-24,Buyer,expedite,"[{""option"":""expedite"",""est_cost"":10729.66,""est_stockout_days"":0.0,""risk"":""low"",""note"":""supplier premium 12% of line value""},{""option"":""accept_delay"",""est_cost"":0.0,""est_stockout_days"":0.0,""risk"":""medium"",""note"":""on hand 222 vs ROP 420""},{""option"":""reallocate_stock"",""est_cost"":536.48,""est_stockout_days"":0.0,""risk"":""medium"",""note"":""pull units from another DC""}]",expedite,"Chose expedite: expected 0 stockout days / $10,730. Alternatives: accept_delay ~0d / $0 (medium risk); reallocate_stock ~0d / $536 (medium risk). On hand 222 vs reorder point 420 at Southeast DC 05 (W005).",10729.66,0.0,10729.66,0.0,success,2025-12-31,"expedite for Supplier 016 (SUP0016) worked: 0 stockout days, $10,730 vs $10,730 planned.","[""PO011533"",""M00032858""]",as_expected
