decision_id,event_id,decided_at,decided_by_role,decision_type,options_considered_json,chosen_option,rationale_text,expected_cost,expected_stockout_days,actual_cost,actual_stockout_days,outcome_label,outcome_assessed_at,lesson_text,footprint_ids,action_cost,context_dependent,context_factors
DEC00001,EVT00002,2022-12-28,category_manager,accept_delay,"[{""option"": ""accept_delay"", ""est_cost"": 0.0, ""est_stockout_days"": 0, ""risk"": ""high"", ""feasible"": true}, {""option"": ""expedite"", ""est_cost"": 15.06, ""est_stockout_days"": 0, ""risk"": ""high"", ""feasible"": true}, {""option"": ""switch_supplier"", ""est_cost"": 1208.71, ""est_stockout_days"": 0, ""risk"": ""medium"", ""feasible"": false}]",accept the revised ETA on RMPO000045 and cover gaps with spot buys,"Chose accept delay (est. cost 0, 0 stockout days, high risk) over expedite (15 / 0d); switch supplier could not land in time; plan assumed supplier ETA 2023-01-08.",0.0,0,98.05,3,partial,2023-02-06,Accept delay only partly worked: Nov-Dec ETA notices from Supplier 136 (SUP0136) understated the slip; the first revised date was optimistic. Next time pad the supplier ETA and check alternates earlier.,"[""RMPO000045"", ""RMREV000011""]",0.0,0,Q4 peak season
DEC00002,EVT00003,2023-01-04,supply_planner,accept_delay,"[{""option"": ""accept_delay"", ""est_cost"": 0.0, ""est_stockout_days"": 0, ""risk"": ""high"", ""feasible"": true}, {""option"": ""expedite"", ""est_cost"": 502.93, ""est_stockout_days"": 0, ""risk"": ""low"", ""feasible"": true}, {""option"": ""switch_supplier"", ""est_cost"": 1342.9, ""est_stockout_days"": 0, ""risk"": ""high"", ""feasible"": false}, {""option"": ""substitute_rm"", ""est_cost"": 8000.0, ""est_stockout_days"": 0, ""risk"": ""medium"", ""feasible"": false}]",accept the revised ETA on RMPO000046 and cover gaps with spot buys,"Chose accept delay (est. cost 0, 0 stockout days, high risk) over expedite (503 / 0d); switch supplier, substitute rm could not land in time; plan assumed supplier ETA 2023-01-15.",0.0,0,998.4,1,partial,2023-02-12,Accept delay only partly worked: supply arrived later than notified (1 vs 0 stockout days). Next time pad the supplier ETA and check alternates earlier.,"[""RMPO000046"", ""RMREV000027"", ""RMREV000029""]",0.0,0,
DEC00003,EVT00004,2023-01-10,buyer,expedite,"[{""option"": ""accept_delay"", ""est_cost"": 2168.47, ""est_stockout_days"": 15, ""risk"": ""high"", ""feasible"": true}, {""option"": ""expedite"", ""est_cost"": 1692.51, ""est_stockout_days"": 10, ""risk"": ""low"", ""feasible"": true}]",expedite RMPO000044 with Supplier 138 (SUP0138),"Chose expedite (est. cost 1,693, 10 stockout days, low risk) over accept delay (2,168 / 15d); plan assumed supplier ETA 2023-01-31.",1692.51,10,1403.39,9,success,2023-02-18,Expedite worked: actual 9 stockout days vs 10 planned.,"[""RMPO000044"", ""RMREV000044"", ""RMREV000045""]",102.3,0,
DEC00004,EVT00005,2023-01-11,category_manager,expedite,"[{""option"": ""accept_delay"", ""est_cost"": 1312.45, ""est_stockout_days"": 16, ""risk"": ""high"", ""feasible"": true}, {""option"": ""expedite"", ""est_cost"": 906.6, ""est_stockout_days"": 9, ""risk"": ""low"", ""feasible"": true}, {""option"": ""substitute_rm"", ""est_cost"": 8000.0, ""est_stockout_days"": 0, ""risk"": ""medium"", ""feasible"": false}]",expedite RMPO000801 with Supplier 185 (SUP0185),"Chose expedite (est. cost 907, 9 stockout days, low risk) over accept delay (1,312 / 16d); substitute rm could not land in time; plan assumed supplier ETA 2023-02-02.",906.6,9,1119.87,13,partial,2023-02-18,Expedite only partly worked: supply arrived later than notified (13 vs 9 stockout days). Next time pad the supplier ETA and check alternates earlier.,"[""RMPO000801"", ""RMREV000056"", ""RMREV000057""]",53.51,0,
DEC00005,EVT00005,2023-01-11,supply_planner,expedite,"[{""option"": ""accept_delay"", ""est_cost"": 1626.17, ""est_stockout_days"": 9, ""risk"": ""high"", ""feasible"": true}, {""option"": ""expedite"", ""est_cost"": 618.63, ""est_stockout_days"": 1, ""risk"": ""low"", ""feasible"": true}, {""option"": ""substitute_rm"", ""est_cost"": 8000.0, ""est_stockout_days"": 0, ""risk"": ""medium"", ""feasible"": false}]",expedite RMPO000800 with Supplier 185 (SUP0185),"Chose expedite (est. cost 619, 1 stockout days, low risk) over accept delay (1,626 / 9d); substitute rm could not land in time; plan assumed supplier ETA 2023-01-27.",618.63,1,1052.27,5,partial,2023-02-21,Expedite only partly worked: supply arrived later than notified (5 vs 1 stockout days). Next time pad the supplier ETA and check alternates earlier.,"[""RMPO000800"", ""RMREV000054"", ""RMREV000055""]",148.84,0,
DEC00006,EVT00008,2023-01-15,buyer,switch_supplier,"[{""option"": ""accept_delay"", ""est_cost"": 3089.54, ""est_stockout_days"": 21, ""risk"": ""high"", ""feasible"": true}, {""option"": ""expedite"", ""est_cost"": 2659.43, ""est_stockout_days"": 16, ""risk"": ""medium"", ""feasible"": true}, {""option"": ""switch_supplier"", ""est_cost"": 1788.48, ""est_stockout_days"": 4, ""risk"": ""medium"", ""feasible"": true}]",place RMPO000978 with the alternate source and cancel RMPO000614,"Chose switch supplier (est. cost 1,788, 4 stockout days, medium risk) over expedite (2,659 / 16d) and accept delay (3,090 / 21d); plan assumed supplier ETA 2023-02-12.",1788.48,4,3112.57,13,failed,2023-02-23,Switch supplier failed: the alternate source also shipped late. Next time pad the supplier ETA and check alternates earlier.,"[""RMPO000614"", ""RMREV000068"", ""RMPO000978"", ""RMPOL0000984""]",1200.0,1,lowest-cost estimate at decision time; realised supply worse than notified
DEC00007,EVT00009,2023-01-17,supply_planner,switch_supplier,"[{""option"": ""accept_delay"", ""est_cost"": 12140.47, ""est_stockout_days"": 8, ""risk"": ""high"", ""feasible"": true}, {""option"": ""expedite"", ""est_cost"": 6853.18, ""est_stockout_days"": 3, ""risk"": ""high"", ""feasible"": true}, {""option"": ""switch_supplier"", ""est_cost"": 1509.75, ""est_stockout_days"": 0, ""risk"": ""medium"", ""feasible"": true}]",place RMPO001161 with the alternate source and cancel RMPO000150,"Chose switch supplier (est. cost 1,510, 0 stockout days, medium risk) over expedite (6,853 / 3d) and accept delay (12,140 / 8d); plan assumed supplier ETA 2023-02-07.",1509.75,0,7579.98,4,failed,2023-02-28,Switch supplier failed: the alternate source also shipped late. Next time pad the supplier ETA and check alternates earlier.,"[""RMPO000150"", ""RMREV000078"", ""RMPO001161"", ""RMPOL0001169""]",1509.75,1,lowest-cost estimate at decision time; realised supply worse than notified
DEC00008,EVT00010,2023-01-17,supply_planner,expedite,"[{""option"": ""accept_delay"", ""est_cost"": 12684.35, ""est_stockout_days"": 9, ""risk"": ""high"", ""feasible"": true}, {""option"": ""expedite"", ""est_cost"": 7110.95, ""est_stockout_days"": 3, ""risk"": ""medium"", ""feasible"": true}, {""option"": ""switch_supplier"", ""est_cost"": 13884.35, ""est_stockout_days"": 9, ""risk"": ""high"", ""feasible"": false}]",expedite RMPO000460 with Supplier 170 (SUP0170),"Chose expedite (est. cost 7,111, 3 stockout days, medium risk) over accept delay (12,684 / 9d); switch supplier could not land in time; plan assumed supplier ETA 2023-01-30.",7110.95,3,13875.93,9,failed,2023-02-25,Expedite failed: supply arrived later than notified (9 vs 3 stockout days). Next time pad the supplier ETA and check alternates earlier.,"[""RMPO000460"", ""RMREV000080"", ""RMREV000081""]",1191.58,1,lowest-cost estimate at decision time; realised supply worse than notified
DEC00009,EVT00012,2023-01-17,buyer,reallocate_stock,"[{""option"": ""accept_delay"", ""est_cost"": 1838.07, ""est_stockout_days"": 1, ""risk"": ""high"", ""feasible"": true}, {""option"": ""expedite"", ""est_cost"": 2316.18, ""est_stockout_days"": 0, ""risk"": ""medium"", ""feasible"": true}, {""option"": ""switch_supplier"", ""est_cost"": 3038.07, ""est_stockout_days"": 1, ""risk"": ""high"", ""feasible"": false}, {""option"": ""reallocate_stock"", ""est_cost"": 433.43, ""est_stockout_days"": 0, ""risk"": ""high"", ""feasible"": true}]",transfer RM0132 stock to P04 (transfer RMT0000021),"Chose reallocate stock (est. cost 433, 0 stockout days, high risk) over accept delay (1,838 / 1d) and expedite (2,316 / 0d); switch supplier could not land in time; plan assumed supplier ETA 2023-02-02.",433.43,0,433.43,0,success,2023-02-28,Reallocate stock worked: actual 0 stockout days vs 0 planned.,"[""RMPO000572"", ""RMREV000082"", ""RMT0000021""]",433.43,0,root cause labor_strike
DEC00010,EVT00011,2023-01-20,plant_scheduler,expedite,"[{""option"": ""accept_delay"", ""est_cost"": 1630.42, ""est_stockout_days"": 14, ""risk"": ""high"", ""feasible"": true}, {""option"": ""expedite"", ""est_cost"": 1229.43, ""est_stockout_days"": 9, ""risk"": ""low"", ""feasible"": true}, {""option"": ""switch_supplier"", ""est_cost"": 2869.06, ""est_stockout_days"": 14, ""risk"": ""high"", ""feasible"": false}]",expedite RMPO000457 with Supplier 051 (SUP0051),"Chose expedite (est. cost 1,229, 9 stockout days, low risk) over accept delay (1,630 / 14d); switch supplier could not land in time; plan assumed supplier ETA 2023-02-16.",1229.43,9,1112.97,9,success,2023-03-01,Expedite worked: actual 9 stockout days vs 9 planned.,"[""RMPO000457"", ""RMREV000099"", ""RMREV000100""]",64.84,0,root cause port_congestion
DEC00011,EVT00014,2023-01-22,buyer,expedite,"[{""option"": ""accept_delay"", ""est_cost"": 1888.19, ""est_stockout_days"": 20, ""risk"": ""high"", ""feasible"": true}, {""option"": ""expedite"", ""est_cost"": 1462.18, ""est_stockout_days"": 13, ""risk"": ""medium"", ""feasible"": true}, {""option"": ""switch_supplier"", ""est_cost"": 2554.25, ""est_stockout_days"": 14, ""risk"": ""high"", ""feasible"": true}]",expedite RMPO000458 with Supplier 191 (SUP0191),"Chose expedite (est. cost 1,462, 13 stockout days, medium risk) over accept delay (1,888 / 20d) and switch supplier (2,554 / 14d); plan assumed supplier ETA 2023-02-25.",1462.18,13,1330.01,13,success,2023-03-01,Expedite worked: actual 13 stockout days vs 13 planned.,"[""RMPO000458"", ""RMREV000110"", ""RMREV000111""]",102.68,1,root cause port_congestion
DEC00012,EVT00013,2023-01-23,supply_planner,expedite,"[{""option"": ""accept_delay"", ""est_cost"": 532.84, ""est_stockout_days"": 8, ""risk"": ""high"", ""feasible"": true}, {""option"": ""expedite"", ""est_cost"": 348.53, ""est_stockout_days"": 3, ""risk"": ""low"", ""feasible"": true}, {""option"": ""switch_supplier"", ""est_cost"": 1759.45, ""est_stockout_days"": 8, ""risk"": ""medium"", ""feasible"": false}]",expedite RMPO001166 with Supplier 054 (SUP0054),"Chose expedite (est. cost 349, 3 stockout days, low risk) over accept delay (533 / 8d); switch supplier could not land in time; plan assumed supplier ETA 2023-02-12.",348.53,3,281.92,3,success,2023-03-01,Expedite worked: actual 3 stockout days vs 3 planned.,"[""RMPO001166"", ""RMREV000116"", ""RMREV000117""]",82.11,0,root cause port_congestion; expedite into P05 (premium lane)
DEC00013,EVT00018,2023-01-23,buyer,expedite,"[{""option"": ""accept_delay"", ""est_cost"": 2160.99, ""est_stockout_days"": 5, ""risk"": ""high"", ""feasible"": true}, {""option"": ""expedite"", ""est_cost"": 1066.97, ""est_stockout_days"": 0, ""risk"": ""low"", ""feasible"": true}, {""option"": ""switch_supplier"", ""est_cost"": 3369.54, ""est_stockout_days"": 5, ""risk"": ""medium"", ""feasible"": false}]",expedite RMPO001164 with Supplier 039 (SUP0039),"Chose expedite (est. cost 1,067, 0 stockout days, low risk) over accept delay (2,161 / 5d); switch supplier could not land in time; plan assumed supplier ETA 2023-02-05.",1066.97,0,4092.35,8,failed,2023-03-06,Expedite failed: supply arrived later than notified (8 vs 0 stockout days). Next time pad the supplier ETA and check alternates earlier.,"[""RMPO001164"", ""RMREV000114"", ""RMREV000115""]",634.77,1,lowest-cost estimate at decision time; realised supply worse than notified
DEC00014,EVT00013,2023-01-24,supply_chain_director,expedite,"[{""option"": ""accept_delay"", ""est_cost"": 1138.46, ""est_stockout_days"": 17, ""risk"": ""high"", ""feasible"": true}, {""option"": ""expedite"", ""est_cost"": 868.33, ""est_stockout_days"": 11, ""risk"": ""low"", ""feasible"": true}, {""option"": ""switch_supplier"", ""est_cost"": 2365.07, ""est_stockout_days"": 17, ""risk"": ""medium"", ""feasible"": false}]",expedite RMPO001210 with Supplier 054 (SUP0054),"Chose expedite (est. cost 868, 11 stockout days, low risk) over accept delay (1,138 / 17d); switch supplier could not land in time; plan assumed supplier ETA 2023-02-21.",868.33,11,721.0,10,success,2023-03-03,Expedite worked: actual 10 stockout days vs 11 planned.,"[""RMPO001210"", ""RMREV000128"", ""RMREV000129""]",51.32,0,root cause port_congestion
DEC00015,EVT00020,2023-01-24,supply_planner,expedite,"[{""option"": ""accept_delay"", ""est_cost"": 8475.16, ""est_stockout_days"": 21, ""risk"": ""high"", ""feasible"": true}, {""option"": ""expedite"", ""est_cost"": 7163.33, ""est_stockout_days"": 16, ""risk"": ""low"", ""feasible"": true}, {""option"": ""switch_supplier"", ""est_cost"": 9788.88, ""est_stockout_days"": 21, ""risk"": ""medium"", ""feasible"": false}]",expedite RMPO001162 with Supplier 054 (SUP0054),"Chose expedite (est. cost 7,163, 16 stockout days, low risk) over accept delay (8,475 / 21d); switch supplier could not land in time; plan assumed supplier ETA 2023-02-22.",7163.33,16,5549.01,13,success,2023-03-07,Expedite worked: actual 13 stockout days vs 16 planned.,"[""RMPO001162"", ""RMREV000126"", ""RMREV000127""]",302.48,0,
DEC00016,EVT00016,2023-01-24,category_manager,expedite,"[{""option"": ""accept_delay"", ""est_cost"": 664.48, ""est_stockout_days"": 13, ""risk"": ""high"", ""feasible"": true}, {""option"": ""expedite"", ""est_cost"": 453.54, ""est_stockout_days"": 7, ""risk"": ""low"", ""feasible"": true}, {""option"": ""switch_supplier"", ""est_cost"": 1530.6, ""est_stockout_days"": 6, ""risk"": ""medium"", ""feasible"": true}, {""option"": ""substitute_rm"", ""est_cost"": 8000.0, ""est_stockout_days"": 0, ""risk"": ""medium"", ""feasible"": false}]",expedite RMPO000612 with Supplier 103 (SUP0103),"Chose expedite (est. cost 454, 7 stockout days, low risk) over accept delay (664 / 13d) and switch supplier (1,531 / 6d); substitute rm could not land in time; plan assumed supplier ETA 2023-02-16.",453.54,7,440.05,7,success,2023-03-04,Expedite worked: actual 7 stockout days vs 7 planned.,"[""RMPO000612"", ""RMREV000121"", ""RMREV000122""]",34.4,1,
DEC00017,EVT00017,2023-01-24,supply_chain_director,expedite,"[{""option"": ""accept_delay"", ""est_cost"": 5022.05, ""est_stockout_days"": 14, ""risk"": ""high"", ""feasible"": true}, {""option"": ""expedite"", ""est_cost"": 3388.25, ""est_stockout_days"": 6, ""risk"": ""high"", ""feasible"": true}, {""option"": ""switch_supplier"", ""est_cost"": 4597.82, ""est_stockout_days"": 8, ""risk"": ""medium"", ""feasible"": true}]",expedite RMPO000973 with Supplier 183 (SUP0183),"Chose expedite (est. cost 3,388, 6 stockout days, high risk) over switch supplier (4,598 / 8d) and accept delay (5,022 / 14d); plan assumed supplier ETA 2023-02-12.",3388.25,6,4966.6,12,failed,2023-03-02,Expedite failed: supply arrived later than notified (12 vs 6 stockout days). Next time pad the supplier ETA and check alternates earlier.,"[""RMPO000973"", ""RMREV000124"", ""RMREV000125""]",661.99,1,lowest-cost estimate at decision time; realised supply worse than notified
DEC00018,EVT00020,2023-01-26,category_manager,expedite,"[{""option"": ""accept_delay"", ""est_cost"": 2670.22, ""est_stockout_days"": 10, ""risk"": ""high"", ""feasible"": true}, {""option"": ""expedite"", ""est_cost"": 2107.48, ""est_stockout_days"": 6, ""risk"": ""low"", ""feasible"": true}, {""option"": ""switch_supplier"", ""est_cost"": 3961.51, ""est_stockout_days"": 10, ""risk"": ""medium"", ""feasible"": false}]",expedite RMPO001361 with Supplier 054 (SUP0054),"Chose expedite (est. cost 2,107, 6 stockout days, low risk) over accept delay (2,670 / 10d); switch supplier could not land in time; plan assumed supplier ETA 2023-02-15.",2107.48,6,2427.9,8,success,2023-03-04,Expedite worked: actual 8 stockout days vs 6 planned.,"[""RMPO001361"", ""RMREV000150"", ""RMREV000151"", ""RMREV000161""]",291.73,1,root cause port_congestion
DEC00019,EVT00019,2023-01-26,buyer,expedite,"[{""option"": ""accept_delay"", ""est_cost"": 391.36, ""est_stockout_days"": 5, ""risk"": ""high"", ""feasible"": true}, {""option"": ""expedite"", ""est_cost"": 263.07, ""est_stockout_days"": 2, ""risk"": ""low"", ""feasible"": true}, {""option"": ""switch_supplier"", ""est_cost"": 1608.25, ""est_stockout_days"": 5, ""risk"": ""medium"", ""feasible"": false}]",expedite RMPO001364 with Supplier 175 (SUP0175),"Chose expedite (est. cost 263, 2 stockout days, low risk) over accept delay (391 / 5d); switch supplier could not land in time; plan assumed supplier ETA 2023-02-07.",263.07,2,842.29,10,failed,2023-03-09,Expedite failed: supply arrived later than notified (10 vs 2 stockout days). Next time pad the supplier ETA and check alternates earlier.,"[""RMPO001364"", ""RMREV000152"", ""RMREV000153""]",59.57,1,root cause port_congestion; lowest-cost estimate at decision time; realised supply worse than notified
DEC00020,EVT00025,2023-01-26,buyer,expedite,"[{""option"": ""accept_delay"", ""est_cost"": 274.48, ""est_stockout_days"": 3, ""risk"": ""high"", ""feasible"": true}, {""option"": ""expedite"", ""est_cost"": 272.26, ""est_stockout_days"": 0, ""risk"": ""medium"", ""feasible"": true}]",expedite RMPO000461 with Supplier 182 (SUP0182),"Chose expedite (est. cost 272, 0 stockout days, medium risk) over accept delay (274 / 3d); plan assumed supplier ETA 2023-02-10.",272.26,0,491.84,3,partial,2023-03-06,Expedite only partly worked: premium freight into P05 costs about twice the network average. Next time pad the supplier ETA and check alternates earlier.,"[""RMPO000461"", ""RMREV000142"", ""RMREV000143""]",217.36,0,root cause port_congestion; expedite into P05 (premium lane)
DEC00021,EVT00011,2023-01-26,supply_planner,expedite,"[{""option"": ""accept_delay"", ""est_cost"": 886.79, ""est_stockout_days"": 13, ""risk"": ""high"", ""feasible"": true}, {""option"": ""expedite"", ""est_cost"": 595.54, ""est_stockout_days"": 6, ""risk"": ""low"", ""feasible"": true}, {""option"": ""switch_supplier"", ""est_cost"": 2125.43, ""est_stockout_days"": 13, ""risk"": ""high"", ""feasible"": false}]",expedite RMPO000494 with Supplier 051 (SUP0051),"Chose expedite (est. cost 596, 6 stockout days, low risk) over accept delay (887 / 13d); switch supplier could not land in time; plan assumed supplier ETA 2023-02-22.",595.54,6,500.04,6,success,2023-03-05,Expedite worked: actual 6 stockout days vs 6 planned.,"[""RMPO000494"", ""RMREV000144"", ""RMREV000145""]",90.76,1,root cause port_congestion; expedite into P05 (premium lane)
DEC00022,EVT00006,2023-01-26,category_manager,reallocate_stock,"[{""option"": ""accept_delay"", ""est_cost"": 557.22, ""est_stockout_days"": 12, ""risk"": ""high"", ""feasible"": true}, {""option"": ""expedite"", ""est_cost"": 440.58, ""est_stockout_days"": 5, ""risk"": ""low"", ""feasible"": true}, {""option"": ""switch_supplier"", ""est_cost"": 1530.33, ""est_stockout_days"": 5, ""risk"": ""medium"", ""feasible"": true}, {""option"": ""reallocate_stock"", ""est_cost"": 408.99, ""est_stockout_days"": 0, ""risk"": ""high"", ""feasible"": true}]",transfer RM0105 stock to P03 (transfer RMT0000011),"Chose reallocate stock (est. cost 409, 0 stockout days, high risk) over expedite (441 / 5d) and accept delay (557 / 12d); plan assumed supplier ETA 2023-02-24.",408.99,0,408.99,0,success,2023-03-06,Reallocate stock worked: actual 0 stockout days vs 0 planned.,"[""RMPO000320"", ""RMREV000141"", ""RMT0000011""]",408.99,0,active country shock; root cause labor_strike
DEC00023,EVT00023,2023-01-27,supply_planner,accept_delay,"[{""option"": ""accept_delay"", ""est_cost"": 770.21, ""est_stockout_days"": 9, ""risk"": ""high"", ""feasible"": true}, {""option"": ""expedite"", ""est_cost"": 741.67, ""est_stockout_days"": 6, ""risk"": ""low"", ""feasible"": true}, {""option"": ""switch_supplier"", ""est_cost"": 1217.32, ""est_stockout_days"": 0, ""risk"": ""high"", ""feasible"": true}]",accept the revised ETA on RMPO000615 and cover gaps with spot buys,"Chose accept delay (est. cost 770, 9 stockout days, high risk) over expedite (742 / 6d) and switch supplier (1,217 / 0d); plan assumed supplier ETA 2023-02-14.",770.21,9,770.21,9,success,2023-03-07,Accept delay worked: actual 9 stockout days vs 9 planned.,"[""RMPO000615"", ""RMREV000159""]",0.0,1,root cause port_congestion
DEC00024,EVT00021,2023-01-28,plant_scheduler,expedite,"[{""option"": ""accept_delay"", ""est_cost"": 5275.46, ""est_stockout_days"": 7, ""risk"": ""high"", ""feasible"": true}, {""option"": ""expedite"", ""est_cost"": 4093.43, ""est_stockout_days"": 4, ""risk"": ""low"", ""feasible"": true}]",expedite RMPO001363 with Supplier 054 (SUP0054),"Chose expedite (est. cost 4,093, 4 stockout days, low risk) over accept delay (5,275 / 7d); plan assumed supplier ETA 2023-02-10.",4093.43,4,3641.25,4,success,2023-03-06,Expedite worked: actual 4 stockout days vs 4 planned.,"[""RMPO001363"", ""RMREV000175"", ""RMREV000176""]",626.7,1,root cause port_congestion
DEC00025,EVT00024,2023-01-28,supply_planner,expedite,"[{""option"": ""accept_delay"", ""est_cost"": 265.89, ""est_stockout_days"": 2, ""risk"": ""high"", ""feasible"": true}, {""option"": ""expedite"", ""est_cost"": 102.92, ""est_stockout_days"": 0, ""risk"": ""high"", ""feasible"": true}, {""option"": ""switch_supplier"", ""est_cost"": 1465.89, ""est_stockout_days"": 2, ""risk"": ""medium"", ""feasible"": false}]",expedite RMPO001124 with Supplier 199 (SUP0199),"Chose expedite (est. cost 103, 0 stockout days, high risk) over accept delay (266 / 2d); switch supplier could not land in time; plan assumed supplier ETA 2023-02-08.",102.92,0,461.39,3,partial,2023-03-06,Expedite only partly worked: supply arrived later than notified (3 vs 0 stockout days). Next time pad the supplier ETA and check alternates earlier.,"[""RMPO001124"", ""RMREV000166"", ""RMREV000167"", ""RMREV000181""]",49.74,0,
DEC00026,EVT00024,2023-01-28,plant_scheduler,expedite,"[{""option"": ""accept_delay"", ""est_cost"": 609.23, ""est_stockout_days"": 12, ""risk"": ""high"", ""feasible"": true}, {""option"": ""expedite"", ""est_cost"": 608.14, ""est_stockout_days"": 9, ""risk"": ""medium"", ""feasible"": true}, {""option"": ""switch_supplier"", ""est_cost"": 1684.79, ""est_stockout_days"": 9, ""risk"": ""high"", ""feasible"": true}]",expedite RMPO001167 with Supplier 201 (SUP0201),"Chose expedite (est. cost 608, 9 stockout days, medium risk) over accept delay (609 / 12d) and switch supplier (1,685 / 9d); plan assumed supplier ETA 2023-02-22.",608.14,9,476.15,7,success,2023-03-10,Expedite worked: actual 7 stockout days vs 9 planned.,"[""RMPO001167"", ""RMREV000171"", ""RMREV000172""]",120.76,0,root cause port_congestion; expedite into P05 (premium lane)
DEC00027,EVT00026,2023-01-28,supply_planner,expedite,"[{""option"": ""accept_delay"", ""est_cost"": 282.41, ""est_stockout_days"": 5, ""risk"": ""high"", ""feasible"": true}, {""option"": ""expedite"", ""est_cost"": 127.64, ""est_stockout_days"": 1, ""risk"": ""low"", ""feasible"": true}, {""option"": ""switch_supplier"", ""est_cost"": 1492.53, ""est_stockout_days"": 5, ""risk"": ""medium"", ""feasible"": false}, {""option"": ""reallocate_stock"", ""est_cost"": 401.4, ""est_stockout_days"": 0, ""risk"": ""medium"", ""feasible"": true}, {""option"": ""substitute_rm"", ""est_cost"": 8000.0, ""est_stockout_days"": 0, ""risk"": ""medium"", ""feasible"": false}]",expedite RMPO001163 with Supplier 065 (SUP0065),"Chose expedite (est. cost 128, 1 stockout days, low risk) over accept delay (282 / 5d) and reallocate stock (401 / 0d); switch supplier, substitute rm could not land in time; plan assumed supplier ETA 2023-02-13.",127.64,1,308.38,5,partial,2023-03-07,Expedite only partly worked: supply arrived later than notified (5 vs 1 stockout days). Next time pad the supplier ETA and check alternates earlier.,"[""RMPO001163"", ""RMREV000169"", ""RMREV000170""]",25.97,0,root cause port_congestion
DEC00028,EVT00022,2023-01-28,buyer,expedite,"[{""option"": ""accept_delay"", ""est_cost"": 1844.73, ""est_stockout_days"": 16, ""risk"": ""high"", ""feasible"": true}, {""option"": ""expedite"", ""est_cost"": 1178.32, ""est_stockout_days"": 8, ""risk"": ""high"", ""feasible"": true}, {""option"": ""switch_supplier"", ""est_cost"": 1226.95, ""est_stockout_days"": 0, ""risk"": ""high"", ""feasible"": true}]",expedite RMPO000539 with Supplier 134 (SUP0134),"Chose expedite (est. cost 1,178, 8 stockout days, high risk) over switch supplier (1,227 / 0d) and accept delay (1,845 / 16d); plan assumed supplier ETA 2023-02-25.",1178.32,8,1455.03,12,partial,2023-03-10,Expedite only partly worked: supply arrived later than notified (12 vs 8 stockout days). Next time pad the supplier ETA and check alternates earlier.,"[""RMPO000539"", ""RMREV000163"", ""RMREV000164""]",71.48,0,root cause port_congestion
DEC00029,EVT00013,2023-01-29,buyer,expedite,"[{""option"": ""accept_delay"", ""est_cost"": 2350.07, ""est_stockout_days"": 21, ""risk"": ""high"", ""feasible"": true}, {""option"": ""expedite"", ""est_cost"": 1899.08, ""est_stockout_days"": 15, ""risk"": ""low"", ""feasible"": true}, {""option"": ""switch_supplier"", ""est_cost"": 3590.49, ""est_stockout_days"": 21, ""risk"": ""medium"", ""feasible"": false}]",expedite RMPO001165 with Supplier 054 (SUP0054),"Chose expedite (est. cost 1,899, 15 stockout days, low risk) over accept delay (2,350 / 21d); switch supplier could not land in time; plan assumed supplier ETA 2023-02-26.",1899.08,15,1540.97,13,success,2023-03-07,Expedite worked: actual 13 stockout days vs 15 planned.,"[""RMPO001165"", ""RMREV000182"", ""RMREV000183""]",86.17,1,root cause port_congestion
DEC00030,EVT00027,2023-01-29,supply_planner,expedite,"[{""option"": ""accept_delay"", ""est_cost"": 694.08, ""est_stockout_days"": 6, ""risk"": ""high"", ""feasible"": true}, {""option"": ""expedite"", ""est_cost"": 366.23, ""est_stockout_days"": 2, ""risk"": ""high"", ""feasible"": true}, {""option"": ""substitute_rm"", ""est_cost"": 8000.0, ""est_stockout_days"": 0, ""risk"": ""medium"", ""feasible"": false}]",expedite RMPO000610 with Supplier 214 (SUP0214),"Chose expedite (est. cost 366, 2 stockout days, high risk) over accept delay (694 / 6d); substitute rm could not land in time; plan assumed supplier ETA 2023-02-09.",366.23,2,736.41,6,partial,2023-03-08,Expedite only partly worked: supply arrived later than notified (6 vs 2 stockout days). Next time pad the supplier ETA and check alternates earlier.,"[""RMPO000610"", ""RMREV000179"", ""RMREV000180""]",42.33,0,
DEC00031,EVT00028,2023-01-29,supply_planner,accept_delay,"[{""option"": ""accept_delay"", ""est_cost"": 32.78, ""est_stockout_days"": 1, ""risk"": ""medium"", ""feasible"": true}, {""option"": ""expedite"", ""est_cost"": 96.1, ""est_stockout_days"": 0, ""risk"": ""medium"", ""feasible"": true}, {""option"": ""switch_supplier"", ""est_cost"": 1251.82, ""est_stockout_days"": 1, ""risk"": ""medium"", ""feasible"": false}]",accept the revised ETA on RMPO000459 and cover gaps with spot buys,"Chose accept delay (est. cost 33, 1 stockout days, medium risk) over expedite (96 / 0d); switch supplier could not land in time; plan assumed supplier ETA 2023-02-05.",32.78,1,32.78,1,success,2023-03-07,Accept delay worked: actual 1 stockout days vs 1 planned.,"[""RMPO000459"", ""RMREV000178""]",0.0,0,root cause port_congestion
DEC00032,EVT00029,2023-01-29,category_manager,expedite,"[{""option"": ""accept_delay"", ""est_cost"": 152.85, ""est_stockout_days"": 7, ""risk"": ""high"", ""feasible"": true}, {""option"": ""expedite"", ""est_cost"": 71.72, ""est_stockout_days"": 0, ""risk"": ""low"", ""feasible"": true}, {""option"": ""switch_supplier"", ""est_cost"": 1368.27, ""est_stockout_days"": 7, ""risk"": ""medium"", ""feasible"": false}]",expedite RMPO001362 with Supplier 039 (SUP0039),"Chose expedite (est. cost 72, 0 stockout days, low risk) over accept delay (153 / 7d); switch supplier could not land in time; plan assumed supplier ETA 2023-02-11.",71.72,0,281.33,11,failed,2023-03-09,Expedite failed: supply arrived later than notified (11 vs 0 stockout days). Next time pad the supplier ETA and check alternates earlier.,"[""RMPO001362"", ""RMREV000184"", ""RMREV000185""]",41.15,1,lowest-cost estimate at decision time; realised supply worse than notified
DEC00033,EVT00030,2023-01-30,supply_chain_director,expedite,"[{""option"": ""accept_delay"", ""est_cost"": 102.65, ""est_stockout_days"": 5, ""risk"": ""high"", ""feasible"": true}, {""option"": ""expedite"", ""est_cost"": 37.09, ""est_stockout_days"": 0, ""risk"": ""low"", ""feasible"": true}, {""option"": ""substitute_rm"", ""est_cost"": 8000.0, ""est_stockout_days"": 0, ""risk"": ""medium"", ""feasible"": false}]",expedite RMPO000970 with Supplier 013 (SUP0013),"Chose expedite (est. cost 37, 0 stockout days, low risk) over accept delay (103 / 5d); substitute rm could not land in time; plan assumed supplier ETA 2023-02-11.",37.09,0,88.6,3,partial,2023-03-13,Expedite only partly worked: supply arrived later than notified (3 vs 0 stockout days). Next time pad the supplier ETA and check alternates earlier.,"[""RMPO000970"", ""RMREV000191"", ""RMREV000192""]",16.56,0,root cause port_congestion
DEC00034,EVT00022,2023-01-30,buyer,switch_supplier,"[{""option"": ""accept_delay"", ""est_cost"": 4035.6, ""est_stockout_days"": 10, ""risk"": ""high"", ""feasible"": true}, {""option"": ""expedite"", ""est_cost"": 3033.08, ""est_stockout_days"": 6, ""risk"": ""high"", ""feasible"": true}, {""option"": ""switch_supplier"", ""est_cost"": 1262.84, ""est_stockout_days"": 0, ""risk"": ""high"", ""feasible"": true}]",place RMPO001457 with the alternate source and cancel RMPO000609,"Chose switch supplier (est. cost 1,263, 0 stockout days, high risk) over expedite (3,033 / 6d) and accept delay (4,036 / 10d); plan assumed supplier ETA 2023-02-14.",1262.84,0,3629.41,5,failed,2023-03-13,Switch supplier failed: the alternate source also shipped late. Next time pad the supplier ETA and check alternates earlier.,"[""RMPO000609"", ""RMREV000189"", ""RMPO001457"", ""RMPOL0001465""]",1262.84,1,lowest-cost estimate at decision time; realised supply worse than notified
DEC00035,EVT00025,2023-01-31,category_manager,expedite,"[{""option"": ""accept_delay"", ""est_cost"": 4283.99, ""est_stockout_days"": 18, ""risk"": ""high"", ""feasible"": true}, {""option"": ""expedite"", ""est_cost"": 3281.78, ""est_stockout_days"": 12, ""risk"": ""medium"", ""feasible"": true}]",expedite RMPO000577 with Supplier 182 (SUP0182),"Chose expedite (est. cost 3,282, 12 stockout days, medium risk) over accept delay (4,284 / 18d); plan assumed supplier ETA 2023-03-02.",3281.78,12,3472.18,14,success,2023-03-10,Expedite worked: actual 14 stockout days vs 12 planned.,"[""RMPO000577"", ""RMREV000201"", ""RMREV000202""]",140.18,0,root cause port_congestion
DEC00036,EVT00020,2023-02-01,plant_scheduler,expedite,"[{""option"": ""accept_delay"", ""est_cost"": 2858.62, ""est_stockout_days"": 12, ""risk"": ""high"", ""feasible"": true}, {""option"": ""expedite"", ""est_cost"": 1767.99, ""est_stockout_days"": 5, ""risk"": ""low"", ""feasible"": true}, {""option"": ""switch_supplier"", ""est_cost"": 4138.1, ""est_stockout_days"": 12, ""risk"": ""medium"", ""feasible"": false}]",expedite RMPO001366 with Supplier 054 (SUP0054),"Chose expedite (est. cost 1,768, 5 stockout days, low risk) over accept delay (2,859 / 12d); switch supplier could not land in time; plan assumed supplier ETA 2023-02-20.",1767.99,5,2387.36,9,partial,2023-03-15,Expedite only partly worked: the alternate lane was hit by the same country disruption. Next time pad the supplier ETA and check alternates earlier.,"[""RMPO001366"", ""RMREV000224"", ""RMREV000225""]",243.39,1,active country shock; root cause port_congestion
DEC00037,EVT00016,2023-02-01,category_manager,expedite,"[{""option"": ""accept_delay"", ""est_cost"": 361.15, ""est_stockout_days"": 9, ""risk"": ""high"", ""feasible"": true}, {""option"": ""expedite"", ""est_cost"": 287.5, ""est_stockout_days"": 6, ""risk"": ""low"", ""feasible"": true}, {""option"": ""switch_supplier"", ""est_cost"": 1457.44, ""est_stockout_days"": 6, ""risk"": ""medium"", ""feasible"": true}, {""option"": ""substitute_rm"", ""est_cost"": 8280.9, ""est_stockout_days"": 7, ""risk"": ""medium"", ""feasible"": false}]",expedite RMPO000676 with Supplier 103 (SUP0103),"Chose expedite (est. cost 288, 6 stockout days, low risk) over accept delay (361 / 9d) and switch supplier (1,457 / 6d); substitute rm could not land in time; plan assumed supplier ETA 2023-02-20.",287.5,6,183.17,4,success,2023-03-12,Expedite worked: actual 4 stockout days vs 6 planned.,"[""RMPO000676"", ""RMREV000220"", ""RMREV000221""]",22.66,1,active country shock; root cause port_congestion
DEC00038,EVT00016,2023-02-01,plant_scheduler,expedite,"[{""option"": ""accept_delay"", ""est_cost"": 368.98, ""est_stockout_days"": 10, ""risk"": ""high"", ""feasible"": true}, {""option"": ""expedite"", ""est_cost"": 267.58, ""est_stockout_days"": 6, ""risk"": ""low"", ""feasible"": true}, {""option"": ""switch_supplier"", ""est_cost"": 1582.76, ""est_stockout_days"": 10, ""risk"": ""medium"", ""feasible"": false}, {""option"": ""substitute_rm"", ""est_cost"": 8000.0, ""est_stockout_days"": 0, ""risk"": ""medium"", ""feasible"": false}]",expedite RMPO000613 with Supplier 103 (SUP0103),"Chose expedite (est. cost 268, 6 stockout days, low risk) over accept delay (369 / 10d); switch supplier, substitute rm could not land in time; plan assumed supplier ETA 2023-02-17.",267.58,6,90.46,2,success,2023-03-15,Expedite worked: actual 2 stockout days vs 6 planned.,"[""RMPO000613"", ""RMREV000218"", ""RMREV000219""]",16.67,1,active country shock; root cause port_congestion
DEC00039,EVT00035,2023-02-02,supply_planner,accept_delay,"[{""option"": ""accept_delay"", ""est_cost"": 76.3, ""est_stockout_days"": 12, ""risk"": ""high"", ""feasible"": true}, {""option"": ""expedite"", ""est_cost"": 86.42, ""est_stockout_days"": 6, ""risk"": ""high"", ""feasible"": true}]",accept the revised ETA on RMPO000611 and cover gaps with spot buys,"Chose accept delay (est. cost 76, 12 stockout days, high risk) over expedite (86 / 6d); plan assumed supplier ETA 2023-02-23.",76.3,12,76.3,12,success,2023-03-14,Accept delay worked: actual 12 stockout days vs 12 planned.,"[""RMPO000611"", ""RMREV000230""]",0.0,0,active country shock
DEC00040,EVT00031,2023-02-02,category_manager,expedite,"[{""option"": ""accept_delay"", ""est_cost"": 1009.48, ""est_stockout_days"": 9, ""risk"": ""high"", ""feasible"": true}, {""option"": ""expedite"", ""est_cost"": 771.74, ""est_stockout_days"": 5, ""risk"": ""low"", ""feasible"": true}, {""option"": ""switch_supplier"", ""est_cost"": 2232.58, ""est_stockout_days"": 9, ""risk"": ""high"", ""feasible"": false}, {""option"": ""substitute_rm"", ""est_cost"": 8000.0, ""est_stockout_days"": 0, ""risk"": ""medium"", ""feasible"": false}]",expedite RMPO001577 with Supplier 039 (SUP0039),"Chose expedite (est. cost 772, 5 stockout days, low risk) over accept delay (1,009 / 9d); switch supplier, substitute rm could not land in time; plan assumed supplier ETA 2023-02-20.",771.74,5,1130.67,9,partial,2023-03-13,Expedite only partly worked: the alternate lane was hit by the same country disruption. Next time pad the supplier ETA and check alternates earlier.,"[""RMPO001577"", ""RMREV000235"", ""RMREV000236""]",121.19,0,active country shock; root cause port_congestion
DEC00041,EVT00024,2023-02-03,supply_planner,expedite,"[{""option"": ""accept_delay"", ""est_cost"": 1437.53, ""est_stockout_days"": 16, ""risk"": ""high"", ""feasible"": true}, {""option"": ""expedite"", ""est_cost"": 1292.88, ""est_stockout_days"": 13, ""risk"": ""medium"", ""feasible"": true}, {""option"": ""switch_supplier"", ""est_cost"": 2036.48, ""est_stockout_days"": 9, ""risk"": ""high"", ""feasible"": true}]",expedite RMPO001321 with Supplier 201 (SUP0201),"Chose expedite (est. cost 1,293, 13 stockout days, medium risk) over accept delay (1,438 / 16d) and switch supplier (2,036 / 9d); plan assumed supplier ETA 2023-03-04.",1292.88,13,1238.97,13,success,2023-03-15,Expedite worked: actual 13 stockout days vs 13 planned.,"[""RMPO001321"", ""RMREV000243"", ""RMREV000244""]",70.98,1,active country shock; root cause port_congestion
DEC00042,EVT00032,2023-02-03,supply_planner,expedite,"[{""option"": ""accept_delay"", ""est_cost"": 1597.78, ""est_stockout_days"": 14, ""risk"": ""high"", ""feasible"": true}, {""option"": ""expedite"", ""est_cost"": 1414.8, ""est_stockout_days"": 8, ""risk"": ""low"", ""feasible"": true}, {""option"": ""substitute_rm"", ""est_cost"": 8000.0, ""est_stockout_days"": 0, ""risk"": ""medium"", ""feasible"": false}]",expedite RMPO001575 with Supplier 185 (SUP0185),"Chose expedite (est. cost 1,415, 8 stockout days, low risk) over accept delay (1,598 / 14d); substitute rm could not land in time; plan assumed supplier ETA 2023-02-25.",1414.8,8,1506.1,10,success,2023-03-12,Expedite worked: actual 10 stockout days vs 8 planned.,"[""RMPO001575"", ""RMREV000247"", ""RMREV000248""]",364.83,0,expedite into P05 (premium lane)
DEC00043,EVT00016,2023-02-04,buyer,expedite,"[{""option"": ""accept_delay"", ""est_cost"": 356.59, ""est_stockout_days"": 8, ""risk"": ""high"", ""feasible"": true}, {""option"": ""expedite"", ""est_cost"": 156.47, ""est_stockout_days"": 2, ""risk"": ""low"", ""feasible"": true}, {""option"": ""switch_supplier"", ""est_cost"": 1569.34, ""est_stockout_days"": 8, ""risk"": ""medium"", ""feasible"": false}, {""option"": ""substitute_rm"", ""est_cost"": 8000.0, ""est_stockout_days"": 0, ""risk"": ""medium"", ""feasible"": false}]",expedite RMPO000675 with Supplier 103 (SUP0103),"Chose expedite (est. cost 156, 2 stockout days, low risk) over accept delay (357 / 8d); switch supplier, substitute rm could not land in time; plan assumed supplier ETA 2023-02-17.",156.47,2,427.02,9,failed,2023-03-14,Expedite failed: the alternate lane was hit by the same country disruption. Next time pad the supplier ETA and check alternates earlier.,"[""RMPO000675"", ""RMREV000249"", ""RMREV000250""]",13.84,1,active country shock; root cause port_congestion; lowest-cost estimate at decision time; realised supply worse than notified
DEC00044,EVT00030,2023-02-04,supply_planner,expedite,"[{""option"": ""accept_delay"", ""est_cost"": 31.0, ""est_stockout_days"": 2, ""risk"": ""high"", ""feasible"": true}, {""option"": ""expedite"", ""est_cost"": 17.04, ""est_stockout_days"": 0, ""risk"": ""low"", ""feasible"": true}, {""option"": ""substitute_rm"", ""est_cost"": 8000.0, ""est_stockout_days"": 0, ""risk"": ""medium"", ""feasible"": false}]",expedite RMPO001160 with Supplier 013 (SUP0013),"Chose expedite (est. cost 17, 0 stockout days, low risk) over accept delay (31 / 2d); substitute rm could not land in time; plan assumed supplier ETA 2023-02-15.",17.04,0,41.84,2,success,2023-03-16,Expedite worked: actual 2 stockout days vs 0 planned.,"[""RMPO001160"", ""RMREV000253"", ""RMREV000254"", ""RMREV000268""]",10.84,0,active country shock; root cause port_congestion
DEC00045,EVT00037,2023-02-05,plant_scheduler,expedite,"[{""option"": ""accept_delay"", ""est_cost"": 2775.32, ""est_stockout_days"": 9, ""risk"": ""high"", ""feasible"": true}, {""option"": ""expedite"", ""est_cost"": 2330.56, ""est_stockout_days"": 6, ""risk"": ""low"", ""feasible"": true}, {""option"": ""switch_supplier"", ""est_cost"": 3358.58, ""est_stockout_days"": 7, ""risk"": ""medium"", ""feasible"": true}, {""option"": ""substitute_rm"", ""est_cost"": 8000.0, ""est_stockout_days"": 0, ""risk"": ""medium"", ""feasible"": false}]",expedite RMPO000338 with Supplier 011 (SUP0011),"Chose expedite (est. cost 2,331, 6 stockout days, low risk) over accept delay (2,775 / 9d) and switch supplier (3,359 / 7d); substitute rm could not land in time; plan assumed supplier ETA 2023-02-20.",2330.56,6,3995.75,12,failed,2023-03-18,Expedite failed: supply arrived later than notified (12 vs 6 stockout days). Next time pad the supplier ETA and check alternates earlier.,"[""RMPO000338"", ""RMREV000258"", ""RMREV000259""]",295.33,1,lowest-cost estimate at decision time; realised supply worse than notified
DEC00046,EVT00011,2023-02-05,buyer,expedite,"[{""option"": ""accept_delay"", ""est_cost"": 1017.97, ""est_stockout_days"": 12, ""risk"": ""high"", ""feasible"": true}, {""option"": ""expedite"", ""est_cost"": 509.96, ""est_stockout_days"": 4, ""risk"": ""low"", ""feasible"": true}, {""option"": ""switch_supplier"", ""est_cost"": 2256.61, ""est_stockout_days"": 12, ""risk"": ""high"", ""feasible"": false}]",expedite RMPO000493 with Supplier 051 (SUP0051),"Chose expedite (est. cost 510, 4 stockout days, low risk) over accept delay (1,018 / 12d); switch supplier could not land in time; plan assumed supplier ETA 2023-02-24.",509.96,4,1052.87,12,failed,2023-03-16,Expedite failed: the alternate lane was hit by the same country disruption. Next time pad the supplier ETA and check alternates earlier.,"[""RMPO000493"", ""RMREV000260"", ""RMREV000261""]",34.9,1,active country shock; root cause port_congestion; lowest-cost estimate at decision time; realised supply worse than notified
DEC00047,EVT00020,2023-02-07,category_manager,expedite,"[{""option"": ""accept_delay"", ""est_cost"": 5209.94, ""est_stockout_days"": 13, ""risk"": ""high"", ""feasible"": true}, {""option"": ""expedite"", ""est_cost"": 4565.37, ""est_stockout_days"": 10, ""risk"": ""low"", ""feasible"": true}, {""option"": ""switch_supplier"", ""est_cost"": 6552.33, ""est_stockout_days"": 13, ""risk"": ""medium"", ""feasible"": false}]",expedite RMPO001579 with Supplier 054 (SUP0054),"Chose expedite (est. cost 4,565, 10 stockout days, low risk) over accept delay (5,210 / 13d); switch supplier could not land in time; plan assumed supplier ETA 2023-02-28.",4565.37,10,5527.2,13,partial,2023-03-16,Expedite only partly worked: the alternate lane was hit by the same country disruption. Next time pad the supplier ETA and check alternates earlier.,"[""RMPO001579"", ""RMREV000302"", ""RMREV000303""]",317.27,1,active country shock; root cause port_congestion
DEC00048,EVT00024,2023-02-07,supply_planner,expedite,"[{""option"": ""accept_delay"", ""est_cost"": 380.8, ""est_stockout_days"": 7, ""risk"": ""high"", ""feasible"": true}, {""option"": ""expedite"", ""est_cost"": 150.53, ""est_stockout_days"": 1, ""risk"": ""high"", ""feasible"": true}, {""option"": ""switch_supplier"", ""est_cost"": 1472.0, ""est_stockout_days"": 5, ""risk"": ""medium"", ""feasible"": true}]",expedite RMPO001320 with Supplier 199 (SUP0199),"Chose expedite (est. cost 151, 1 stockout days, high risk) over accept delay (381 / 7d) and switch supplier (1,472 / 5d); plan assumed supplier ETA 2023-02-23.",150.53,1,194.05,3,success,2023-03-20,Expedite worked: actual 3 stockout days vs 1 planned.,"[""RMPO001320"", ""RMREV000297"", ""RMREV000298"", ""RMREV000319""]",30.85,1,
DEC00049,EVT00039,2023-02-07,supply_planner,expedite,"[{""option"": ""accept_delay"", ""est_cost"": 174.53, ""est_stockout_days"": 5, ""risk"": ""high"", ""feasible"": true}, {""option"": ""expedite"", ""est_cost"": 84.03, ""est_stockout_days"": 0, ""risk"": ""low"", ""feasible"": true}, {""option"": ""switch_supplier"", ""est_cost"": 1378.45, ""est_stockout_days"": 5, ""risk"": ""medium"", ""feasible"": false}]",expedite RMPO001573 with Supplier 039 (SUP0039),"Chose expedite (est. cost 84, 0 stockout days, low risk) over accept delay (175 / 5d); switch supplier could not land in time; plan assumed supplier ETA 2023-02-18.",84.03,0,223.65,5,partial,2023-03-18,Expedite only partly worked: the alternate lane was hit by the same country disruption. Next time pad the supplier ETA and check alternates earlier.,"[""RMPO001573"", ""RMREV000300"", ""RMREV000301""]",49.12,0,active country shock; root cause port_congestion
DEC00050,EVT00035,2023-02-07,supply_planner,expedite,"[{""option"": ""accept_delay"", ""est_cost"": 1188.51, ""est_stockout_days"": 9, ""risk"": ""high"", ""feasible"": true}, {""option"": ""expedite"", ""est_cost"": 571.09, ""est_stockout_days"": 2, ""risk"": ""high"", ""feasible"": true}]",expedite RMPO000540 with Supplier 134 (SUP0134),"Chose expedite (est. cost 571, 2 stockout days, high risk) over accept delay (1,189 / 9d); plan assumed supplier ETA 2023-02-26.",571.09,2,1310.6,9,failed,2023-03-17,Expedite failed: the alternate lane was hit by the same country disruption. Next time pad the supplier ETA and check alternates earlier.,"[""RMPO000540"", ""RMREV000286"", ""RMREV000287""]",122.1,1,active country shock; root cause port_congestion; lowest-cost estimate at decision time; realised supply worse than notified
DEC00051,EVT00038,2023-02-07,supply_planner,expedite,"[{""option"": ""accept_delay"", ""est_cost"": 1054.13, ""est_stockout_days"": 6, ""risk"": ""high"", ""feasible"": true}, {""option"": ""expedite"", ""est_cost"": 325.94, ""est_stockout_days"": 0, ""risk"": ""medium"", ""feasible"": true}, {""option"": ""switch_supplier"", ""est_cost"": 2275.6, ""est_stockout_days"": 6, ""risk"": ""high"", ""feasible"": false}, {""option"": ""substitute_rm"", ""est_cost"": 8000.0, ""est_stockout_days"": 0, ""risk"": ""medium"", ""feasible"": false}]",expedite RMPO000972 with Supplier 217 (SUP0217),"Chose expedite (est. cost 326, 0 stockout days, medium risk) over accept delay (1,054 / 6d); switch supplier, substitute rm could not land in time; plan assumed supplier ETA 2023-02-25.",325.94,0,817.86,4,partial,2023-03-19,Expedite only partly worked: the alternate lane was hit by the same country disruption; premium freight into P05 costs about twice the network average. Next time pad the supplier ETA and check alternates earlier.,"[""RMPO000972"", ""RMREV000292"", ""RMREV000293""]",115.11,0,active country shock; root cause port_congestion; expedite into P05 (premium lane)
DEC00052,EVT00013,2023-02-08,supply_planner,expedite,"[{""option"": ""accept_delay"", ""est_cost"": 1397.43, ""est_stockout_days"": 14, ""risk"": ""high"", ""feasible"": true}, {""option"": ""expedite"", ""est_cost"": 1080.52, ""est_stockout_days"": 9, ""risk"": ""low"", ""feasible"": true}, {""option"": ""switch_supplier"", ""est_cost"": 2629.84, ""est_stockout_days"": 14, ""risk"": ""medium"", ""feasible"": false}]",expedite RMPO001574 with Supplier 054 (SUP0054),"Chose expedite (est. cost 1,081, 9 stockout days, low risk) over accept delay (1,397 / 14d); switch supplier could not land in time; plan assumed supplier ETA 2023-02-26.",1080.52,9,1280.15,12,partial,2023-03-22,Expedite only partly worked: the alternate lane was hit by the same country disruption. Next time pad the supplier ETA and check alternates earlier.,"[""RMPO001574"", ""RMREV000322"", ""RMREV000323""]",82.35,1,active country shock; root cause port_congestion
DEC00053,EVT00030,2023-02-08,supply_planner,expedite,"[{""option"": ""accept_delay"", ""est_cost"": 218.78, ""est_stockout_days"": 15, ""risk"": ""high"", ""feasible"": true}, {""option"": ""expedite"", ""est_cost"": 150.25, ""est_stockout_days"": 8, ""risk"": ""low"", ""feasible"": true}, {""option"": ""substitute_rm"", ""est_cost"": 8058.34, ""est_stockout_days"": 4, ""risk"": ""medium"", ""feasible"": false}]",expedite RMPO000976 with Supplier 013 (SUP0013),"Chose expedite (est. cost 150, 8 stockout days, low risk) over accept delay (219 / 15d); substitute rm could not land in time; plan assumed supplier ETA 2023-02-27.",150.25,8,159.0,10,success,2023-03-20,Expedite worked: actual 10 stockout days vs 8 planned.,"[""RMPO000976"", ""RMREV000316"", ""RMREV000317""]",13.15,1,active country shock; root cause port_congestion
DEC00054,EVT00020,2023-02-09,plant_scheduler,expedite,"[{""option"": ""accept_delay"", ""est_cost"": 2742.56, ""est_stockout_days"": 11, ""risk"": ""high"", ""feasible"": true}, {""option"": ""expedite"", ""est_cost"": 2388.95, ""est_stockout_days"": 7, ""risk"": ""low"", ""feasible"": true}, {""option"": ""switch_supplier"", ""est_cost"": 4021.72, ""est_stockout_days"": 11, ""risk"": ""medium"", ""feasible"": false}]",expedite RMPO001804 with Supplier 054 (SUP0054),"Chose expedite (est. cost 2,389, 7 stockout days, low risk) over accept delay (2,743 / 11d); switch supplier could not land in time; plan assumed supplier ETA 2023-03-02.",2388.95,7,3186.78,11,partial,2023-03-20,Expedite only partly worked: the alternate lane was hit by the same country disruption; premium freight into P05 costs about twice the network average. Next time pad the supplier ETA and check alternates earlier.,"[""RMPO001804"", ""RMREV000337"", ""RMREV000338""]",444.22,1,active country shock; root cause port_congestion; expedite into P05 (premium lane)
DEC00055,EVT00032,2023-02-09,supply_chain_director,expedite,"[{""option"": ""accept_delay"", ""est_cost"": 1395.94, ""est_stockout_days"": 12, ""risk"": ""high"", ""feasible"": true}, {""option"": ""expedite"", ""est_cost"": 873.36, ""est_stockout_days"": 5, ""risk"": ""low"", ""feasible"": true}, {""option"": ""substitute_rm"", ""est_cost"": 8000.0, ""est_stockout_days"": 0, ""risk"": ""medium"", ""feasible"": false}]",expedite RMPO001805 with Supplier 185 (SUP0185),"Chose expedite (est. cost 873, 5 stockout days, low risk) over accept delay (1,396 / 12d); substitute rm could not land in time; plan assumed supplier ETA 2023-03-05.",873.36,5,1292.14,10,partial,2023-03-18,Expedite only partly worked: supply arrived later than notified (10 vs 5 stockout days). Next time pad the supplier ETA and check alternates earlier.,"[""RMPO001805"", ""RMREV000339"", ""RMREV000340""]",128.86,0,
DEC00056,EVT00027,2023-02-09,plant_scheduler,expedite,"[{""option"": ""accept_delay"", ""est_cost"": 774.11, ""est_stockout_days"": 13, ""risk"": ""high"", ""feasible"": true}, {""option"": ""expedite"", ""est_cost"": 491.76, ""est_stockout_days"": 5, ""risk"": ""high"", ""feasible"": true}, {""option"": ""substitute_rm"", ""est_cost"": 8000.0, ""est_stockout_days"": 0, ""risk"": ""medium"", ""feasible"": false}]",expedite RMPO000975 with Supplier 214 (SUP0214),"Chose expedite (est. cost 492, 5 stockout days, high risk) over accept delay (774 / 13d); substitute rm could not land in time; plan assumed supplier ETA 2023-03-03.",491.76,5,753.77,11,failed,2023-03-18,Expedite failed: the alternate lane was hit by the same country disruption. Next time pad the supplier ETA and check alternates earlier.,"[""RMPO000975"", ""RMREV000328"", ""RMREV000329""]",98.75,1,active country shock; root cause port_congestion; lowest-cost estimate at decision time; realised supply worse than notified
DEC00057,EVT00040,2023-02-09,supply_chain_director,accept_delay,"[{""option"": ""accept_delay"", ""est_cost"": 775.01, ""est_stockout_days"": 8, ""risk"": ""high"", ""feasible"": true}, {""option"": ""expedite"", ""est_cost"": 815.43, ""est_stockout_days"": 4, ""risk"": ""low"", ""feasible"": true}, {""option"": ""substitute_rm"", ""est_cost"": 8000.0, ""est_stockout_days"": 0, ""risk"": ""medium"", ""feasible"": false}]",accept the revised ETA on RMPO001581 and cover gaps with spot buys,"Chose accept delay (est. cost 775, 8 stockout days, high risk) over expedite (815 / 4d); substitute rm could not land in time; plan assumed supplier ETA 2023-02-25.",775.01,8,775.01,8,success,2023-03-20,Accept delay worked: actual 8 stockout days vs 8 planned.,"[""RMPO001581"", ""RMREV000332""]",0.0,1,active country shock
DEC00058,EVT00028,2023-02-10,supply_planner,expedite,"[{""option"": ""accept_delay"", ""est_cost"": 531.98, ""est_stockout_days"": 11, ""risk"": ""high"", ""feasible"": true}, {""option"": ""expedite"", ""est_cost"": 293.34, ""est_stockout_days"": 4, ""risk"": ""medium"", ""feasible"": true}, {""option"": ""switch_supplier"", ""est_cost"": 1219.04, ""est_stockout_days"": 0, ""risk"": ""medium"", ""feasible"": true}]",expedite RMPO000756 with Supplier 191 (SUP0191),"Chose expedite (est. cost 293, 4 stockout days, medium risk) over accept delay (532 / 11d) and switch supplier (1,219 / 0d); plan assumed supplier ETA 2023-03-04.",293.34,4,419.08,8,partial,2023-03-22,Expedite only partly worked: the alternate lane was hit by the same country disruption. Next time pad the supplier ETA and check alternates earlier.,"[""RMPO000756"", ""RMREV000346"", ""RMREV000347""]",32.18,1,active country shock; root cause port_congestion
DEC00059,EVT00031,2023-02-11,buyer,expedite,"[{""option"": ""accept_delay"", ""est_cost"": 1838.76, ""est_stockout_days"": 11, ""risk"": ""high"", ""feasible"": true}, {""option"": ""expedite"", ""est_cost"": 1070.11, ""est_stockout_days"": 4, ""risk"": ""low"", ""feasible"": true}, {""option"": ""switch_supplier"", ""est_cost"": 3061.86, ""est_stockout_days"": 11, ""risk"": ""high"", ""feasible"": false}, {""option"": ""substitute_rm"", ""est_cost"": 8167.16, ""est_stockout_days"": 1, ""risk"": ""medium"", ""feasible"": false}]",expedite RMPO001613 with Supplier 039 (SUP0039),"Chose expedite (est. cost 1,070, 4 stockout days, low risk) over accept delay (1,839 / 11d); switch supplier, substitute rm could not land in time; plan assumed supplier ETA 2023-02-28.",1070.11,4,1671.89,9,partial,2023-03-21,Expedite only partly worked: the alternate lane was hit by the same country disruption. Next time pad the supplier ETA and check alternates earlier.,"[""RMPO001613"", ""RMREV000368"", ""RMREV000369""]",167.45,0,active country shock; root cause port_congestion
DEC00060,EVT00041,2023-02-11,buyer,expedite,"[{""option"": ""accept_delay"", ""est_cost"": 16182.19, ""est_stockout_days"": 10, ""risk"": ""high"", ""feasible"": true}, {""option"": ""expedite"", ""est_cost"": 8620.17, ""est_stockout_days"": 3, ""risk"": ""high"", ""feasible"": true}, {""option"": ""switch_supplier"", ""est_cost"": 17382.19, ""est_stockout_days"": 10, ""risk"": ""medium"", ""feasible"": false}, {""option"": ""substitute_rm"", ""est_cost"": 8000.0, ""est_stockout_days"": 0, ""risk"": ""medium"", ""feasible"": false}]",expedite RMPO001365 with Supplier 055 (SUP0055),"Chose expedite (est. cost 8,620, 3 stockout days, high risk) over accept delay (16,182 / 10d); switch supplier, substitute rm could not land in time; plan assumed supplier ETA 2023-03-04.",8620.17,3,12827.54,7,partial,2023-03-22,Expedite only partly worked: supply arrived later than notified (7 vs 3 stockout days). Next time pad the supplier ETA and check alternates earlier.,"[""RMPO001365"", ""RMREV000365"", ""RMREV000366""]",1500.0,0,
DEC00061,EVT00013,2023-02-12,supply_chain_director,expedite,"[{""option"": ""accept_delay"", ""est_cost"": 1297.77, ""est_stockout_days"": 17, ""risk"": ""high"", ""feasible"": true}, {""option"": ""expedite"", ""est_cost"": 1028.48, ""est_stockout_days"": 11, ""risk"": ""low"", ""feasible"": true}, {""option"": ""switch_supplier"", ""est_cost"": 2528.76, ""est_stockout_days"": 17, ""risk"": ""medium"", ""feasible"": false}]",expedite RMPO001580 with Supplier 054 (SUP0054),"Chose expedite (est. cost 1,028, 11 stockout days, low risk) over accept delay (1,298 / 17d); switch supplier could not land in time; plan assumed supplier ETA 2023-03-05.",1028.48,11,784.19,9,success,2023-03-23,Expedite worked: actual 9 stockout days vs 11 planned.,"[""RMPO001580"", ""RMREV000383"", ""RMREV000384""]",97.14,1,active country shock; root cause port_congestion
DEC00062,EVT00042,2023-02-12,buyer,expedite,"[{""option"": ""accept_delay"", ""est_cost"": 1388.74, ""est_stockout_days"": 8, ""risk"": ""high"", ""feasible"": true}, {""option"": ""expedite"", ""est_cost"": 964.99, ""est_stockout_days"": 4, ""risk"": ""medium"", ""feasible"": true}, {""option"": ""switch_supplier"", ""est_cost"": 1894.37, ""est_stockout_days"": 4, ""risk"": ""medium"", ""feasible"": true}]",expedite RMPO001578 with Supplier 042 (SUP0042),"Chose expedite (est. cost 965, 4 stockout days, medium risk) over accept delay (1,389 / 8d) and switch supplier (1,894 / 4d); plan assumed supplier ETA 2023-02-27.",964.99,4,478.93,2,success,2023-03-22,Expedite worked: actual 2 stockout days vs 4 planned.,"[""RMPO001578"", ""RMREV000381"", ""RMREV000382""]",131.75,1,
DEC00063,EVT00043,2023-02-12,supply_planner,expedite,"[{""option"": ""accept_delay"", ""est_cost"": 580.46, ""est_stockout_days"": 1, ""risk"": ""medium"", ""feasible"": true}, {""option"": ""expedite"", ""est_cost"": 396.13, ""est_stockout_days"": 0, ""risk"": ""low"", ""feasible"": true}, {""option"": ""switch_supplier"", ""est_cost"": 1784.46, ""est_stockout_days"": 1, ""risk"": ""medium"", ""feasible"": false}]",expedite RMPO001808 with Supplier 039 (SUP0039),"Chose expedite (est. cost 396, 0 stockout days, low risk) over accept delay (580 / 1d); switch supplier could not land in time; plan assumed supplier ETA 2023-02-21.",396.13,0,860.5,1,success,2023-03-21,Expedite worked: actual 1 stockout days vs 0 planned.,"[""RMPO001808"", ""RMREV000390"", ""RMREV000391""]",280.04,0,active country shock; root cause port_congestion
DEC00064,EVT00021,2023-02-13,supply_chain_director,expedite,"[{""option"": ""accept_delay"", ""est_cost"": 7139.42, ""est_stockout_days"": 9, ""risk"": ""high"", ""feasible"": true}, {""option"": ""expedite"", ""est_cost"": 4206.71, ""est_stockout_days"": 4, ""risk"": ""low"", ""feasible"": true}]",expedite RMPO001627 with Supplier 054 (SUP0054),"Chose expedite (est. cost 4,207, 4 stockout days, low risk) over accept delay (7,139 / 9d); plan assumed supplier ETA 2023-03-01.",4206.71,4,4206.71,5,success,2023-03-25,Expedite worked: actual 5 stockout days vs 4 planned.,"[""RMPO001627"", ""RMREV000403"", ""RMREV000404""]",240.37,0,active country shock; root cause port_congestion
DEC00065,EVT00027,2023-02-14,supply_planner,expedite,"[{""option"": ""accept_delay"", ""est_cost"": 497.44, ""est_stockout_days"": 5, ""risk"": ""high"", ""feasible"": true}, {""option"": ""expedite"", ""est_cost"": 295.54, ""est_stockout_days"": 1, ""risk"": ""high"", ""feasible"": true}, {""option"": ""substitute_rm"", ""est_cost"": 8000.0, ""est_stockout_days"": 0, ""risk"": ""medium"", ""feasible"": false}]",expedite RMPO000971 with Supplier 214 (SUP0214),"Chose expedite (est. cost 296, 1 stockout days, high risk) over accept delay (497 / 5d); substitute rm could not land in time; plan assumed supplier ETA 2023-02-25.",295.54,1,613.91,5,partial,2023-03-25,Expedite only partly worked: the alternate lane was hit by the same country disruption; premium freight into P05 costs about twice the network average. Next time pad the supplier ETA and check alternates earlier.,"[""RMPO000971"", ""RMREV000410"", ""RMREV000411""]",116.46,0,active country shock; root cause port_congestion; expedite into P05 (premium lane)
DEC00066,EVT00043,2023-02-14,plant_scheduler,expedite,"[{""option"": ""accept_delay"", ""est_cost"": 3117.21, ""est_stockout_days"": 12, ""risk"": ""high"", ""feasible"": true}, {""option"": ""expedite"", ""est_cost"": 2735.86, ""est_stockout_days"": 8, ""risk"": ""low"", ""feasible"": true}, {""option"": ""switch_supplier"", ""est_cost"": 3541.36, ""est_stockout_days"": 9, ""risk"": ""medium"", ""feasible"": true}]",expedite RMPO001811 with Supplier 039 (SUP0039),"Chose expedite (est. cost 2,736, 8 stockout days, low risk) over accept delay (3,117 / 12d) and switch supplier (3,541 / 9d); plan assumed supplier ETA 2023-03-05.",2735.86,8,2008.51,6,success,2023-03-28,Expedite worked: actual 6 stockout days vs 8 planned.,"[""RMPO001811"", ""RMREV000417"", ""RMREV000418""]",449.91,1,active country shock; root cause port_congestion; expedite into P05 (premium lane)
DEC00067,EVT00045,2023-02-14,buyer,reallocate_stock,"[{""option"": ""accept_delay"", ""est_cost"": 2747.31, ""est_stockout_days"": 5, ""risk"": ""high"", ""feasible"": true}, {""option"": ""expedite"", ""est_cost"": 2398.51, ""est_stockout_days"": 2, ""risk"": ""low"", ""feasible"": true}, {""option"": ""switch_supplier"", ""est_cost"": 1345.08, ""est_stockout_days"": 0, ""risk"": ""medium"", ""feasible"": true}, {""option"": ""reallocate_stock"", ""est_cost"": 446.99, ""est_stockout_days"": 0, ""risk"": ""medium"", ""feasible"": true}, {""option"": ""substitute_rm"", ""est_cost"": 10747.31, ""est_stockout_days"": 5, ""risk"": ""medium"", ""feasible"": false}]",transfer RM0113 stock to P04 (transfer RMT0000014),"Chose reallocate stock (est. cost 447, 0 stockout days, medium risk) over switch supplier (1,345 / 0d) and expedite (2,399 / 2d); substitute rm could not land in time; plan assumed supplier ETA 2023-03-10.",446.99,0,446.99,0,success,2023-03-23,Reallocate stock worked: actual 0 stockout days vs 0 planned.,"[""RMPO001307"", ""RMREV000414"", ""RMT0000014""]",446.99,0,root cause large_po
DEC00068,EVT00011,2023-02-15,buyer,expedite,"[{""option"": ""accept_delay"", ""est_cost"": 429.29, ""est_stockout_days"": 4, ""risk"": ""medium"", ""feasible"": true}, {""option"": ""expedite"", ""est_cost"": 221.74, ""est_stockout_days"": 0, ""risk"": ""low"", ""feasible"": true}, {""option"": ""switch_supplier"", ""est_cost"": 1677.19, ""est_stockout_days"": 4, ""risk"": ""high"", ""feasible"": false}]",expedite RMPO000798 with Supplier 051 (SUP0051),"Chose expedite (est. cost 222, 0 stockout days, low risk) over accept delay (429 / 4d); switch supplier could not land in time; plan assumed supplier ETA 2023-02-23.",221.74,0,887.13,7,failed,2023-03-28,Expedite failed: the alternate lane was hit by the same country disruption. Next time pad the supplier ETA and check alternates earlier.,"[""RMPO000798"", ""RMREV000426"", ""RMREV000427""]",135.88,1,active country shock; lowest-cost estimate at decision time; realised supply worse than notified
DEC00069,EVT00043,2023-02-16,buyer,expedite,"[{""option"": ""accept_delay"", ""est_cost"": 1097.75, ""est_stockout_days"": 4, ""risk"": ""medium"", ""feasible"": true}, {""option"": ""expedite"", ""est_cost"": 357.62, ""est_stockout_days"": 0, ""risk"": ""low"", ""feasible"": true}, {""option"": ""switch_supplier"", ""est_cost"": 2300.44, ""est_stockout_days"": 4, ""risk"": ""medium"", ""feasible"": false}]",expedite RMPO001810 with Supplier 039 (SUP0039),"Chose expedite (est. cost 358, 0 stockout days, low risk) over accept delay (1,098 / 4d); switch supplier could not land in time; plan assumed supplier ETA 2023-02-24.",357.62,0,1235.82,4,partial,2023-03-28,Expedite only partly worked: the alternate lane was hit by the same country disruption. Next time pad the supplier ETA and check alternates earlier.,"[""RMPO001810"", ""RMREV000446"", ""RMREV000447""]",138.07,0,active country shock; root cause port_congestion
DEC00070,EVT00046,2023-02-16,supply_planner,expedite,"[{""option"": ""accept_delay"", ""est_cost"": 1448.1, ""est_stockout_days"": 15, ""risk"": ""high"", ""feasible"": true}, {""option"": ""expedite"", ""est_cost"": 1059.75, ""est_stockout_days"": 9, ""risk"": ""low"", ""feasible"": true}, {""option"": ""switch_supplier"", ""est_cost"": 1254.9, ""est_stockout_days"": 0, ""risk"": ""medium"", ""feasible"": true}]",expedite RMPO001807 with Supplier 039 (SUP0039),"Chose expedite (est. cost 1,060, 9 stockout days, low risk) over switch supplier (1,255 / 0d) and accept delay (1,448 / 15d); plan assumed supplier ETA 2023-03-09.",1059.75,9,1040.44,10,success,2023-03-27,Expedite worked: actual 10 stockout days vs 9 planned.,"[""RMPO001807"", ""RMREV000444"", ""RMREV000445""]",75.04,1,active country shock; root cause port_congestion
DEC00071,EVT00044,2023-02-17,category_manager,expedite,"[{""option"": ""accept_delay"", ""est_cost"": 1426.63, ""est_stockout_days"": 3, ""risk"": ""high"", ""feasible"": true}, {""option"": ""expedite"", ""est_cost"": 629.84, ""est_stockout_days"": 0, ""risk"": ""low"", ""feasible"": true}]",expedite RMPO002068 with Supplier 054 (SUP0054),"Chose expedite (est. cost 630, 0 stockout days, low risk) over accept delay (1,427 / 3d); plan assumed supplier ETA 2023-02-28.",629.84,0,1771.14,3,partial,2023-03-28,Expedite only partly worked: the alternate lane was hit by the same country disruption. Next time pad the supplier ETA and check alternates earlier.,"[""RMPO002068"", ""RMREV000463"", ""RMREV000464""]",344.51,1,active country shock; root cause port_congestion
DEC00072,EVT00011,2023-02-17,supply_planner,expedite,"[{""option"": ""accept_delay"", ""est_cost"": 238.13, ""est_stockout_days"": 3, ""risk"": ""medium"", ""feasible"": true}, {""option"": ""expedite"", ""est_cost"": 99.91, ""est_stockout_days"": 0, ""risk"": ""low"", ""feasible"": true}, {""option"": ""switch_supplier"", ""est_cost"": 1476.77, ""est_stockout_days"": 3, ""risk"": ""high"", ""feasible"": false}]",expedite RMPO000802 with Supplier 051 (SUP0051),"Chose expedite (est. cost 100, 0 stockout days, low risk) over accept delay (238 / 3d); switch supplier could not land in time; plan assumed supplier ETA 2023-02-26.",99.91,0,290.4,3,partial,2023-03-29,Expedite only partly worked: the alternate lane was hit by the same country disruption. Next time pad the supplier ETA and check alternates earlier.,"[""RMPO000802"", ""RMREV000452"", ""RMREV000453""]",52.28,1,active country shock; root cause port_congestion
DEC00073,EVT00035,2023-02-17,buyer,expedite,"[{""option"": ""accept_delay"", ""est_cost"": 896.57, ""est_stockout_days"": 13, ""risk"": ""high"", ""feasible"": true}, {""option"": ""expedite"", ""est_cost"": 622.61, ""est_stockout_days"": 6, ""risk"": ""high"", ""feasible"": true}]",expedite RMPO000703 with Supplier 134 (SUP0134),"Chose expedite (est. cost 623, 6 stockout days, high risk) over accept delay (897 / 13d); plan assumed supplier ETA 2023-03-05.",622.61,6,595.03,7,success,2023-03-31,Expedite worked: actual 7 stockout days vs 6 planned.,"[""RMPO000703"", ""RMREV000449"", ""RMREV000450""]",112.26,1,active country shock; root cause port_congestion
DEC00074,EVT00025,2023-02-18,category_manager,expedite,"[{""option"": ""accept_delay"", ""est_cost"": 1557.08, ""est_stockout_days"": 9, ""risk"": ""high"", ""feasible"": true}, {""option"": ""expedite"", ""est_cost"": 1078.38, ""est_stockout_days"": 5, ""risk"": ""medium"", ""feasible"": true}]",expedite RMPO000748 with Supplier 182 (SUP0182),"Chose expedite (est. cost 1,078, 5 stockout days, medium risk) over accept delay (1,557 / 9d); plan assumed supplier ETA 2023-03-06.",1078.38,5,1112.98,6,success,2023-04-01,Expedite worked: actual 6 stockout days vs 5 planned.,"[""RMPO000748"", ""RMREV000465"", ""RMREV000466""]",74.93,1,active country shock; root cause port_congestion
DEC00075,EVT00047,2023-02-19,plant_scheduler,expedite,"[{""option"": ""accept_delay"", ""est_cost"": 1359.6, ""est_stockout_days"": 9, ""risk"": ""high"", ""feasible"": true}, {""option"": ""expedite"", ""est_cost"": 664.78, ""est_stockout_days"": 3, ""risk"": ""high"", ""feasible"": true}, {""option"": ""substitute_rm"", ""est_cost"": 8000.0, ""est_stockout_days"": 0, ""risk"": ""medium"", ""feasible"": false}]",expedite RMPO001132 with Supplier 214 (SUP0214),"Chose expedite (est. cost 665, 3 stockout days, high risk) over accept delay (1,360 / 9d); substitute rm could not land in time; plan assumed supplier ETA 2023-03-08.",664.78,3,1061.87,6,partial,2023-03-29,Expedite only partly worked: the alternate lane was hit by the same country disruption. Next time pad the supplier ETA and check alternates earlier.,"[""RMPO001132"", ""RMREV000486"", ""RMREV000487""]",30.3,0,active country shock; root cause port_congestion
DEC00076,EVT00026,2023-02-20,buyer,expedite,"[{""option"": ""accept_delay"", ""est_cost"": 220.94, ""est_stockout_days"": 4, ""risk"": ""medium"", ""feasible"": true}, {""option"": ""expedite"", ""est_cost"": 112.79, ""est_stockout_days"": 0, ""risk"": ""low"", ""feasible"": true}, {""option"": ""switch_supplier"", ""est_cost"": 1433.73, ""est_stockout_days"": 4, ""risk"": ""medium"", ""feasible"": false}, {""option"": ""substitute_rm"", ""est_cost"": 8000.0, ""est_stockout_days"": 0, ""risk"": ""medium"", ""feasible"": false}]",expedite RMPO001582 with Supplier 065 (SUP0065),"Chose expedite (est. cost 113, 0 stockout days, low risk) over accept delay (221 / 4d); switch supplier, substitute rm could not land in time; plan assumed supplier ETA 2023-02-28.",112.79,0,289.54,4,partial,2023-04-02,Expedite only partly worked: the alternate lane was hit by the same country disruption. Next time pad the supplier ETA and check alternates earlier.,"[""RMPO001582"", ""RMREV000501"", ""RMREV000502""]",68.6,0,active country shock; root cause port_congestion
DEC00077,EVT00040,2023-02-20,supply_planner,expedite,"[{""option"": ""accept_delay"", ""est_cost"": 1090.05, ""est_stockout_days"": 8, ""risk"": ""high"", ""feasible"": true}, {""option"": ""expedite"", ""est_cost"": 803.24, ""est_stockout_days"": 5, ""risk"": ""low"", ""feasible"": true}, {""option"": ""substitute_rm"", ""est_cost"": 8000.0, ""est_stockout_days"": 0, ""risk"": ""medium"", ""feasible"": false}]",expedite RMPO001846 with Supplier 039 (SUP0039),"Chose expedite (est. cost 803, 5 stockout days, low risk) over accept delay (1,090 / 8d); substitute rm could not land in time; plan assumed supplier ETA 2023-03-08.",803.24,5,585.23,4,success,2023-03-30,Expedite worked: actual 4 stockout days vs 5 planned.,"[""RMPO001846"", ""RMREV000506"", ""RMREV000507""]",40.21,1,active country shock; root cause port_congestion
DEC00078,EVT00035,2023-02-20,supply_chain_director,expedite,"[{""option"": ""accept_delay"", ""est_cost"": 631.26, ""est_stockout_days"": 10, ""risk"": ""high"", ""feasible"": true}, {""option"": ""expedite"", ""est_cost"": 362.44, ""est_stockout_days"": 3, ""risk"": ""high"", ""feasible"": true}]",expedite RMPO000977 with Supplier 134 (SUP0134),"Chose expedite (est. cost 362, 3 stockout days, high risk) over accept delay (631 / 10d); plan assumed supplier ETA 2023-03-08.",362.44,3,715.94,10,failed,2023-04-02,Expedite failed: the alternate lane was hit by the same country disruption. Next time pad the supplier ETA and check alternates earlier.,"[""RMPO000977"", ""RMREV000497"", ""RMREV000498""]",84.69,1,active country shock; root cause port_congestion; lowest-cost estimate at decision time; realised supply worse than notified
DEC00079,EVT00048,2023-02-21,plant_scheduler,expedite,"[{""option"": ""accept_delay"", ""est_cost"": 243.14, ""est_stockout_days"": 4, ""risk"": ""high"", ""feasible"": true}, {""option"": ""expedite"", ""est_cost"": 98.19, ""est_stockout_days"": 0, ""risk"": ""medium"", ""feasible"": true}, {""option"": ""switch_supplier"", ""est_cost"": 1414.55, ""est_stockout_days"": 3, ""risk"": ""medium"", ""feasible"": true}]",expedite RMPO000974 with Supplier 191 (SUP0191),"Chose expedite (est. cost 98, 0 stockout days, medium risk) over accept delay (243 / 4d) and switch supplier (1,415 / 3d); plan assumed supplier ETA 2023-03-04.",98.19,0,839.76,13,failed,2023-04-04,Expedite failed: the alternate lane was hit by the same country disruption. Next time pad the supplier ETA and check alternates earlier.,"[""RMPO000974"", ""RMREV000514"", ""RMREV000515""]",49.56,1,active country shock; root cause port_congestion; lowest-cost estimate at decision time; realised supply worse than notified
DEC00080,EVT00044,2023-02-22,category_manager,expedite,"[{""option"": ""accept_delay"", ""est_cost"": 3854.03, ""est_stockout_days"": 8, ""risk"": ""high"", ""feasible"": true}, {""option"": ""expedite"", ""est_cost"": 2844.25, ""est_stockout_days"": 4, ""risk"": ""low"", ""feasible"": true}]",expedite RMPO002069 with Supplier 054 (SUP0054),"Chose expedite (est. cost 2,844, 4 stockout days, low risk) over accept delay (3,854 / 8d); plan assumed supplier ETA 2023-03-05.",2844.25,4,3422.36,6,success,2023-04-03,Expedite worked: actual 6 stockout days vs 4 planned.,"[""RMPO002069"", ""RMREV000541"", ""RMREV000542"", ""RMREV000553""]",531.84,1,active country shock; root cause port_congestion
DEC00081,EVT00050,2023-02-22,buyer,expedite,"[{""option"": ""accept_delay"", ""est_cost"": 1830.87, ""est_stockout_days"": 11, ""risk"": ""high"", ""feasible"": true}, {""option"": ""expedite"", ""est_cost"": 1606.65, ""est_stockout_days"": 8, ""risk"": ""medium"", ""feasible"": true}, {""option"": ""switch_supplier"", ""est_cost"": 3060.97, ""est_stockout_days"": 11, ""risk"": ""high"", ""feasible"": false}, {""option"": ""substitute_rm"", ""est_cost"": 8000.0, ""est_stockout_days"": 0, ""risk"": ""medium"", ""feasible"": false}]",expedite RMPO001429 with Supplier 089 (SUP0089),"Chose expedite (est. cost 1,607, 8 stockout days, medium risk) over accept delay (1,831 / 11d); switch supplier, substitute rm could not land in time; plan assumed supplier ETA 2023-03-14.",1606.65,8,1673.23,9,success,2023-04-03,Expedite worked: actual 9 stockout days vs 8 planned.,"[""RMPO001429"", ""RMREV000538"", ""RMREV000539""]",175.24,0,
DEC00082,EVT00049,2023-02-23,buyer,switch_supplier,"[{""option"": ""accept_delay"", ""est_cost"": 20385.98, ""est_stockout_days"": 13, ""risk"": ""high"", ""feasible"": true}, {""option"": ""expedite"", ""est_cost"": 13169.4, ""est_stockout_days"": 6, ""risk"": ""high"", ""feasible"": true}, {""option"": ""switch_supplier"", ""est_cost"": 1509.75, ""est_stockout_days"": 0, ""risk"": ""medium"", ""feasible"": true}]",place RMPO002317 with the alternate source and cancel RMPO000799,"Chose switch supplier (est. cost 1,510, 0 stockout days, medium risk) over expedite (13,169 / 6d) and accept delay (20,386 / 13d); plan assumed supplier ETA 2023-03-16.",1509.75,0,23289.73,13,failed,2023-04-02,Switch supplier failed: the alternate source also shipped late. Next time pad the supplier ETA and check alternates earlier.,"[""RMPO000799"", ""RMREV000548"", ""RMPO002317"", ""RMPOL0002336""]",1509.75,1,lowest-cost estimate at decision time; realised supply worse than notified
DEC00083,EVT00031,2023-02-23,supply_planner,expedite,"[{""option"": ""accept_delay"", ""est_cost"": 1175.91, ""est_stockout_days"": 7, ""risk"": ""medium"", ""feasible"": true}, {""option"": ""expedite"", ""est_cost"": 459.26, ""est_stockout_days"": 0, ""risk"": ""low"", ""feasible"": true}, {""option"": ""switch_supplier"", ""est_cost"": 2400.76, ""est_stockout_days"": 7, ""risk"": ""high"", ""feasible"": false}, {""option"": ""substitute_rm"", ""est_cost"": 8000.0, ""est_stockout_days"": 0, ""risk"": ""medium"", ""feasible"": false}]",expedite RMPO002066 with Supplier 039 (SUP0039),"Chose expedite (est. cost 459, 0 stockout days, low risk) over accept delay (1,176 / 7d); switch supplier, substitute rm could not land in time; plan assumed supplier ETA 2023-03-05.",459.26,0,2239.93,12,failed,2023-04-05,Expedite failed: the alternate lane was hit by the same country disruption. Next time pad the supplier ETA and check alternates earlier.,"[""RMPO002066"", ""RMREV000551"", ""RMREV000552""]",224.08,1,active country shock; root cause port_congestion; lowest-cost estimate at decision time; realised supply worse than notified
DEC00084,EVT00050,2023-02-25,category_manager,substitute_rm,"[{""option"": ""substitute_rm"", ""est_cost"": 8000.0, ""est_stockout_days"": 0, ""risk"": ""medium"", ""feasible"": true}, {""option"": ""switch_supplier"", ""est_cost"": 7200.0, ""est_stockout_days"": 1, ""risk"": ""medium"", ""feasible"": true}, {""option"": ""accept_delay"", ""est_cost"": 12000.0, ""est_stockout_days"": 5, ""risk"": ""high"", ""feasible"": true}]",qualify Shrink Film 60um G2 (RM0067) to replace RM0003 in IP02243 from 2023-03-15,"Chose substitute rm (est. cost 8,000, 0 stockout days, medium risk) over switch supplier (7,200 / 1d) and accept delay (12,000 / 5d).",8000.0,0,11000.0,2,partial,2023-09-16,Substitute rm only partly worked: supply arrived later than notified (2 vs 0 stockout days). Next time pad the supplier ETA and check alternates earlier.,"[""BOM009040"", ""BOM009041"", ""BOM009042"", ""BOM009043"", ""BOM009044"", ""BOM009045"", ""BOM009046""]",8000.0,0,
DEC00085,EVT00032,2023-02-27,category_manager,expedite,"[{""option"": ""accept_delay"", ""est_cost"": 902.31, ""est_stockout_days"": 11, ""risk"": ""high"", ""feasible"": true}, {""option"": ""expedite"", ""est_cost"": 753.21, ""est_stockout_days"": 7, ""risk"": ""low"", ""feasible"": true}, {""option"": ""substitute_rm"", ""est_cost"": 8000.0, ""est_stockout_days"": 0, ""risk"": ""medium"", ""feasible"": false}]",expedite RMPO002072 with Supplier 185 (SUP0185),"Chose expedite (est. cost 753, 7 stockout days, low risk) over accept delay (902 / 11d); substitute rm could not land in time; plan assumed supplier ETA 2023-03-14.",753.21,7,851.65,9,success,2023-04-06,Expedite worked: actual 9 stockout days vs 7 planned.,"[""RMPO002072"", ""RMREV000593"", ""RMREV000594""]",113.4,0,
DEC00086,EVT00037,2023-03-09,category_manager,substitute_rm,"[{""option"": ""substitute_rm"", ""est_cost"": 8000.0, ""est_stockout_days"": 0, ""risk"": ""medium"", ""feasible"": true}, {""option"": ""switch_supplier"", ""est_cost"": 7200.0, ""est_stockout_days"": 1, ""risk"": ""medium"", ""feasible"": true}, {""option"": ""accept_delay"", ""est_cost"": 12000.0, ""est_stockout_days"": 5, ""risk"": ""high"", ""feasible"": true}]",qualify Shrink Film 60um G2 (RM0067) to replace RM0009 in IP00103 from 2023-03-26,"Chose substitute rm (est. cost 8,000, 0 stockout days, medium risk) over switch supplier (7,200 / 1d) and accept delay (12,000 / 5d).",8000.0,0,11000.0,2,partial,2023-09-24,Substitute rm only partly worked: supply arrived later than notified (2 vs 0 stockout days). Next time pad the supplier ETA and check alternates earlier.,"[""BOM000425"", ""BOM000426"", ""BOM000427"", ""BOM000428"", ""BOM000429"", ""BOM000430"", ""BOM000431""]",8000.0,0,
DEC00087,EVT00052,2023-03-13,buyer,expedite,"[{""option"": ""accept_delay"", ""est_cost"": 1483.65, ""est_stockout_days"": 13, ""risk"": ""high"", ""feasible"": true}, {""option"": ""expedite"", ""est_cost"": 1119.7, ""est_stockout_days"": 6, ""risk"": ""low"", ""feasible"": true}, {""option"": ""substitute_rm"", ""est_cost"": 8000.0, ""est_stockout_days"": 0, ""risk"": ""medium"", ""feasible"": false}]",expedite RMPO002806 with Supplier 185 (SUP0185),"Chose expedite (est. cost 1,120, 6 stockout days, low risk) over accept delay (1,484 / 13d); substitute rm could not land in time; plan assumed supplier ETA 2023-04-05.",1119.7,6,1188.18,8,success,2023-04-23,Expedite worked: actual 8 stockout days vs 6 planned.,"[""RMPO002806"", ""RMREV000698"", ""RMREV000699""]",275.16,0,expedite into P05 (premium lane)
DEC00088,EVT00052,2023-03-15,supply_chain_director,expedite,"[{""option"": ""accept_delay"", ""est_cost"": 1445.49, ""est_stockout_days"": 8, ""risk"": ""high"", ""feasible"": true}, {""option"": ""expedite"", ""est_cost"": 1211.68, ""est_stockout_days"": 5, ""risk"": ""low"", ""feasible"": true}, {""option"": ""substitute_rm"", ""est_cost"": 8000.0, ""est_stockout_days"": 0, ""risk"": ""medium"", ""feasible"": false}]",expedite RMPO002811 with Supplier 185 (SUP0185),"Chose expedite (est. cost 1,212, 5 stockout days, low risk) over accept delay (1,445 / 8d); substitute rm could not land in time; plan assumed supplier ETA 2023-04-01.",1211.68,5,1645.33,8,partial,2023-04-22,Expedite only partly worked: supply arrived later than notified (8 vs 5 stockout days). Next time pad the supplier ETA and check alternates earlier.,"[""RMPO002811"", ""RMREV000718"", ""RMREV000719""]",199.84,0,
DEC00089,EVT00054,2023-03-17,category_manager,expedite,"[{""option"": ""accept_delay"", ""est_cost"": 5882.07, ""est_stockout_days"": 15, ""risk"": ""high"", ""feasible"": true}, {""option"": ""expedite"", ""est_cost"": 4867.26, ""est_stockout_days"": 10, ""risk"": ""medium"", ""feasible"": true}, {""option"": ""substitute_rm"", ""est_cost"": 8000.0, ""est_stockout_days"": 0, ""risk"": ""medium"", ""feasible"": false}]",expedite RMPO003036 with Supplier 221 (SUP0221),"Chose expedite (est. cost 4,867, 10 stockout days, medium risk) over accept delay (5,882 / 15d); substitute rm could not land in time; plan assumed supplier ETA 2023-04-14.",4867.26,10,5259.39,12,success,2023-04-27,Expedite worked: actual 12 stockout days vs 10 planned.,"[""RMPO003036"", ""RMREV000733"", ""RMREV000734""]",553.73,0,
DEC00090,EVT00055,2023-03-18,buyer,expedite,"[{""option"": ""accept_delay"", ""est_cost"": 6161.02, ""est_stockout_days"": 9, ""risk"": ""high"", ""feasible"": true}, {""option"": ""expedite"", ""est_cost"": 1964.41, ""est_stockout_days"": 1, ""risk"": ""high"", ""feasible"": true}, {""option"": ""switch_supplier"", ""est_cost"": 7361.02, ""est_stockout_days"": 9, ""risk"": ""medium"", ""feasible"": false}, {""option"": ""substitute_rm"", ""est_cost"": 8000.0, ""est_stockout_days"": 0, ""risk"": ""medium"", ""feasible"": false}]",expedite RMPO001617 with Supplier 047 (SUP0047),"Chose expedite (est. cost 1,964, 1 stockout days, high risk) over accept delay (6,161 / 9d); switch supplier, substitute rm could not land in time; plan assumed supplier ETA 2023-04-07.",1964.41,1,4291.91,6,partial,2023-04-27,Expedite only partly worked: supply arrived later than notified (6 vs 1 stockout days). Next time pad the supplier ETA and check alternates earlier.,"[""RMPO001617"", ""RMREV000736"", ""RMREV000737"", ""RMREV000744""]",184.56,0,
DEC00091,EVT00056,2023-03-21,supply_planner,expedite,"[{""option"": ""accept_delay"", ""est_cost"": 1715.95, ""est_stockout_days"": 11, ""risk"": ""high"", ""feasible"": true}, {""option"": ""expedite"", ""est_cost"": 1162.73, ""est_stockout_days"": 4, ""risk"": ""low"", ""feasible"": true}, {""option"": ""switch_supplier"", ""est_cost"": 2291.97, ""est_stockout_days"": 7, ""risk"": ""medium"", ""feasible"": true}, {""option"": ""substitute_rm"", ""est_cost"": 8000.0, ""est_stockout_days"": 0, ""risk"": ""medium"", ""feasible"": false}]",expedite RMPO001576 with Supplier 011 (SUP0011),"Chose expedite (est. cost 1,163, 4 stockout days, low risk) over accept delay (1,716 / 11d) and switch supplier (2,292 / 7d); substitute rm could not land in time; plan assumed supplier ETA 2023-04-07.",1162.73,4,2036.31,11,failed,2023-05-01,Expedite failed: premium freight into P05 costs about twice the network average. Next time pad the supplier ETA and check alternates earlier.,"[""RMPO001576"", ""RMREV000763"", ""RMREV000764""]",320.36,1,expedite into P05 (premium lane); lowest-cost estimate at decision time; realised supply worse than notified
DEC00092,EVT00057,2023-03-25,supply_chain_director,expedite,"[{""option"": ""accept_delay"", ""est_cost"": 675.46, ""est_stockout_days"": 22, ""risk"": ""high"", ""feasible"": true}, {""option"": ""expedite"", ""est_cost"": 626.98, ""est_stockout_days"": 19, ""risk"": ""low"", ""feasible"": true}, {""option"": ""switch_supplier"", ""est_cost"": 1451.71, ""est_stockout_days"": 8, ""risk"": ""medium"", ""feasible"": true}]",expedite RMPO003039 with Supplier 241 (SUP0241),"Chose expedite (est. cost 627, 19 stockout days, low risk) over accept delay (675 / 22d) and switch supplier (1,452 / 8d); plan assumed supplier ETA 2023-04-26.",626.98,19,455.04,14,success,2023-05-05,Expedite worked: actual 14 stockout days vs 19 planned.,"[""RMPO003039"", ""RMREV000789"", ""RMREV000790""]",25.2,1,
DEC00093,EVT00052,2023-03-30,plant_scheduler,expedite,"[{""option"": ""accept_delay"", ""est_cost"": 1046.96, ""est_stockout_days"": 9, ""risk"": ""high"", ""feasible"": true}, {""option"": ""expedite"", ""est_cost"": 500.43, ""est_stockout_days"": 2, ""risk"": ""low"", ""feasible"": true}, {""option"": ""substitute_rm"", ""est_cost"": 8000.0, ""est_stockout_days"": 0, ""risk"": ""medium"", ""feasible"": false}]",expedite RMPO003565 with Supplier 185 (SUP0185),"Chose expedite (est. cost 500, 2 stockout days, low risk) over accept delay (1,047 / 9d); substitute rm could not land in time; plan assumed supplier ETA 2023-04-20.",500.43,2,1617.18,13,failed,2023-05-07,Expedite failed: supply arrived later than notified (13 vs 2 stockout days). Next time pad the supplier ETA and check alternates earlier.,"[""RMPO003565"", ""RMREV000828"", ""RMREV000829""]",104.91,1,lowest-cost estimate at decision time; realised supply worse than notified
DEC00094,EVT00053,2023-03-31,supply_planner,accept_delay,"[{""option"": ""accept_delay"", ""est_cost"": 1135.82, ""est_stockout_days"": 11, ""risk"": ""medium"", ""feasible"": true}, {""option"": ""expedite"", ""est_cost"": 1154.3, ""est_stockout_days"": 10, ""risk"": ""low"", ""feasible"": true}, {""option"": ""switch_supplier"", ""est_cost"": 1367.93, ""est_stockout_days"": 1, ""risk"": ""medium"", ""feasible"": false}]",accept the revised ETA on RMPO002134 and cover gaps with spot buys,"Chose accept delay (est. cost 1,136, 11 stockout days, medium risk) over expedite (1,154 / 10d); switch supplier could not land in time; plan assumed supplier ETA 2023-04-10.",1135.82,11,275.42,2,success,2023-05-12,Accept delay worked: actual 2 stockout days vs 11 planned.,"[""RMPO002134"", ""RMREV000830""]",0.0,0,active country shock; root cause severe_weather
DEC00095,EVT00059,2023-04-08,buyer,accept_delay,"[{""option"": ""accept_delay"", ""est_cost"": 82.03, ""est_stockout_days"": 1, ""risk"": ""medium"", ""feasible"": true}, {""option"": ""expedite"", ""est_cost"": 123.54, ""est_stockout_days"": 0, ""risk"": ""low"", ""feasible"": true}, {""option"": ""substitute_rm"", ""est_cost"": 8000.0, ""est_stockout_days"": 0, ""risk"": ""medium"", ""feasible"": false}]",accept the revised ETA on RMPO003796 and cover gaps with spot buys,"Chose accept delay (est. cost 82, 1 stockout days, medium risk) over expedite (124 / 0d); substitute rm could not land in time; plan assumed supplier ETA 2023-04-17.",82.03,1,246.08,3,success,2023-05-16,Accept delay worked: actual 3 stockout days vs 1 planned.,"[""RMPO003796"", ""RMREV000908""]",0.0,0,
DEC00096,EVT00060,2023-04-09,supply_planner,accept_delay,"[{""option"": ""accept_delay"", ""est_cost"": 1113.6, ""est_stockout_days"": 21, ""risk"": ""high"", ""feasible"": true}, {""option"": ""expedite"", ""est_cost"": 1113.17, ""est_stockout_days"": 18, ""risk"": ""low"", ""feasible"": true}, {""option"": ""switch_supplier"", ""est_cost"": 1616.7, ""est_stockout_days"": 6, ""risk"": ""medium"", ""feasible"": true}]",accept the revised ETA on RMPO001814 and cover gaps with spot buys,"Chose accept delay (est. cost 1,114, 21 stockout days, high risk) over expedite (1,113 / 18d) and switch supplier (1,617 / 6d); plan assumed supplier ETA 2023-05-17.",1113.6,21,209.26,1,success,2023-05-18,Accept delay worked: actual 1 stockout days vs 21 planned.,"[""RMPO001814"", ""RMREV000909""]",0.0,0,
DEC00097,EVT00061,2023-04-12,supply_planner,expedite,"[{""option"": ""accept_delay"", ""est_cost"": 2644.01, ""est_stockout_days"": 14, ""risk"": ""high"", ""feasible"": true}, {""option"": ""expedite"", ""est_cost"": 2036.75, ""est_stockout_days"": 9, ""risk"": ""low"", ""feasible"": true}, {""option"": ""substitute_rm"", ""est_cost"": 8000.0, ""est_stockout_days"": 0, ""risk"": ""medium"", ""feasible"": false}]",expedite RMPO003300 with Supplier 202 (SUP0202),"Chose expedite (est. cost 2,037, 9 stockout days, low risk) over accept delay (2,644 / 14d); substitute rm could not land in time; plan assumed supplier ETA 2023-05-08.",2036.75,9,2036.75,10,success,2023-05-19,Expedite worked: actual 10 stockout days vs 9 planned.,"[""RMPO003300"", ""RMREV000938"", ""RMREV000939""]",148.17,1,active country shock
DEC00098,EVT00062,2023-04-16,supply_chain_director,expedite,"[{""option"": ""accept_delay"", ""est_cost"": 12780.56, ""est_stockout_days"": 16, ""risk"": ""high"", ""feasible"": true}, {""option"": ""expedite"", ""est_cost"": 8207.37, ""est_stockout_days"": 8, ""risk"": ""low"", ""feasible"": true}, {""option"": ""switch_supplier"", ""est_cost"": 14129.96, ""est_stockout_days"": 16, ""risk"": ""high"", ""feasible"": false}, {""option"": ""substitute_rm"", ""est_cost"": 8000.0, ""est_stockout_days"": 0, ""risk"": ""medium"", ""feasible"": false}]",expedite RMPO003219 with Supplier 179 (SUP0179),"Chose expedite (est. cost 8,207, 8 stockout days, low risk) over accept delay (12,781 / 16d); switch supplier, substitute rm could not land in time; plan assumed supplier ETA 2023-05-14.",8207.37,8,10923.23,13,partial,2023-05-25,Expedite only partly worked: supply arrived later than notified (13 vs 8 stockout days). Next time pad the supplier ETA and check alternates earlier.,"[""RMPO003219"", ""RMREV000957"", ""RMREV000958""]",539.03,0,root cause large_po
DEC00099,EVT00063,2023-04-19,supply_planner,expedite,"[{""option"": ""accept_delay"", ""est_cost"": 3464.13, ""est_stockout_days"": 5, ""risk"": ""high"", ""feasible"": true}, {""option"": ""expedite"", ""est_cost"": 1057.66, ""est_stockout_days"": 0, ""risk"": ""medium"", ""feasible"": true}, {""option"": ""switch_supplier"", ""est_cost"": 4664.13, ""est_stockout_days"": 5, ""risk"": ""high"", ""feasible"": false}]",expedite RMPO002573 with Supplier 164 (SUP0164),"Chose expedite (est. cost 1,058, 0 stockout days, medium risk) over accept delay (3,464 / 5d); switch supplier could not land in time; plan assumed supplier ETA 2023-05-06.",1057.66,0,5907.44,8,failed,2023-05-26,Expedite failed: supply arrived later than notified (8 vs 0 stockout days). Next time pad the supplier ETA and check alternates earlier.,"[""RMPO002573"", ""RMREV000967"", ""RMREV000968""]",364.83,1,lowest-cost estimate at decision time; realised supply worse than notified
DEC00100,EVT00059,2023-04-27,supply_planner,accept_delay,"[{""option"": ""accept_delay"", ""est_cost"": 1483.65, ""est_stockout_days"": 13, ""risk"": ""high"", ""feasible"": true}, {""option"": ""expedite"", ""est_cost"": 1400.39, ""est_stockout_days"": 9, ""risk"": ""low"", ""feasible"": true}, {""option"": ""substitute_rm"", ""est_cost"": 8000.0, ""est_stockout_days"": 0, ""risk"": ""medium"", ""feasible"": false}]",accept the revised ETA on RMPO004444 and cover gaps with spot buys,"Chose accept delay (est. cost 1,484, 13 stockout days, high risk) over expedite (1,400 / 9d); substitute rm could not land in time; plan assumed supplier ETA 2023-05-18.",1483.65,13,1483.65,13,success,2023-06-04,Accept delay worked: actual 13 stockout days vs 13 planned.,"[""RMPO004444"", ""RMREV001031""]",0.0,0,
DEC00101,EVT00064,2023-04-27,category_manager,expedite,"[{""option"": ""accept_delay"", ""est_cost"": 377.81, ""est_stockout_days"": 7, ""risk"": ""high"", ""feasible"": true}, {""option"": ""expedite"", ""est_cost"": 247.05, ""est_stockout_days"": 1, ""risk"": ""medium"", ""feasible"": true}, {""option"": ""switch_supplier"", ""est_cost"": 1315.25, ""est_stockout_days"": 2, ""risk"": ""medium"", ""feasible"": true}]",expedite RMPO002809 with Supplier 033 (SUP0033),"Chose expedite (est. cost 247, 1 stockout days, medium risk) over accept delay (378 / 7d) and switch supplier (1,315 / 2d); plan assumed supplier ETA 2023-05-15.",247.05,1,614.06,9,failed,2023-06-07,Expedite failed: premium freight into P05 costs about twice the network average. Next time pad the supplier ETA and check alternates earlier.,"[""RMPO002809"", ""RMREV001021"", ""RMREV001022"", ""RMREV001035""]",128.31,1,expedite into P05 (premium lane); lowest-cost estimate at decision time; realised supply worse than notified
DEC00102,EVT00065,2023-04-28,supply_planner,expedite,"[{""option"": ""accept_delay"", ""est_cost"": 1987.54, ""est_stockout_days"": 11, ""risk"": ""high"", ""feasible"": true}, {""option"": ""expedite"", ""est_cost"": 1236.68, ""est_stockout_days"": 5, ""risk"": ""low"", ""feasible"": true}, {""option"": ""substitute_rm"", ""est_cost"": 8000.0, ""est_stockout_days"": 0, ""risk"": ""medium"", ""feasible"": false}]",expedite RMPO004645 with Supplier 185 (SUP0185),"Chose expedite (est. cost 1,237, 5 stockout days, low risk) over accept delay (1,988 / 11d); substitute rm could not land in time; plan assumed supplier ETA 2023-05-19.",1236.68,5,1200.54,6,success,2023-06-04,Expedite worked: actual 6 stockout days vs 5 planned.,"[""RMPO004645"", ""RMREV001042"", ""RMREV001043""]",116.43,0,
DEC00103,EVT00067,2023-05-10,plant_scheduler,expedite,"[{""option"": ""accept_delay"", ""est_cost"": 1397.5, ""est_stockout_days"": 12, ""risk"": ""high"", ""feasible"": true}, {""option"": ""expedite"", ""est_cost"": 1211.83, ""est_stockout_days"": 9, ""risk"": ""low"", ""feasible"": true}, {""option"": ""switch_supplier"", ""est_cost"": 2633.91, ""est_stockout_days"": 12, ""risk"": ""high"", ""feasible"": false}]",expedite RMPO003574 with Supplier 051 (SUP0051),"Chose expedite (est. cost 1,212, 9 stockout days, low risk) over accept delay (1,398 / 12d); switch supplier could not land in time; plan assumed supplier ETA 2023-05-26.",1211.83,9,1491.33,12,partial,2023-06-17,Expedite only partly worked: supply arrived later than notified (12 vs 9 stockout days). Next time pad the supplier ETA and check alternates earlier.,"[""RMPO003574"", ""RMREV001143"", ""RMREV001144""]",93.83,1,
DEC00104,EVT00068,2023-05-12,category_manager,expedite,"[{""option"": ""accept_delay"", ""est_cost"": 999.07, ""est_stockout_days"": 15, ""risk"": ""high"", ""feasible"": true}, {""option"": ""expedite"", ""est_cost"": 826.17, ""est_stockout_days"": 9, ""risk"": ""low"", ""feasible"": true}, {""option"": ""switch_supplier"", ""est_cost"": 2225.68, ""est_stockout_days"": 15, ""risk"": ""medium"", ""feasible"": false}]",expedite RMPO005250 with Supplier 054 (SUP0054),"Chose expedite (est. cost 826, 9 stockout days, low risk) over accept delay (999 / 15d); switch supplier could not land in time; plan assumed supplier ETA 2023-06-04.",826.17,9,946.05,12,partial,2023-06-21,Expedite only partly worked: premium freight into P05 costs about twice the network average. Next time pad the supplier ETA and check alternates earlier.,"[""RMPO005250"", ""RMREV001175"", ""RMREV001176""]",146.8,1,expedite into P05 (premium lane)
DEC00105,EVT00067,2023-05-12,plant_scheduler,expedite,"[{""option"": ""accept_delay"", ""est_cost"": 317.5, ""est_stockout_days"": 4, ""risk"": ""high"", ""feasible"": true}, {""option"": ""expedite"", ""est_cost"": 224.66, ""est_stockout_days"": 1, ""risk"": ""low"", ""feasible"": true}, {""option"": ""switch_supplier"", ""est_cost"": 1543.02, ""est_stockout_days"": 4, ""risk"": ""high"", ""feasible"": false}]",expedite RMPO003883 with Supplier 051 (SUP0051),"Chose expedite (est. cost 225, 1 stockout days, low risk) over accept delay (318 / 4d); switch supplier could not land in time; plan assumed supplier ETA 2023-05-29.",224.66,1,970.79,11,failed,2023-06-22,Expedite failed: supply arrived later than notified (11 vs 1 stockout days). Next time pad the supplier ETA and check alternates earlier.,"[""RMPO003883"", ""RMREV001162"", ""RMREV001163""]",97.66,1,lowest-cost estimate at decision time; realised supply worse than notified
DEC00106,EVT00069,2023-05-18,category_manager,expedite,"[{""option"": ""accept_delay"", ""est_cost"": 1592.35, ""est_stockout_days"": 14, ""risk"": ""high"", ""feasible"": true}, {""option"": ""expedite"", ""est_cost"": 1197.17, ""est_stockout_days"": 9, ""risk"": ""low"", ""feasible"": true}]",expedite RMPO003560 with Supplier 138 (SUP0138),"Chose expedite (est. cost 1,197, 9 stockout days, low risk) over accept delay (1,592 / 14d); plan assumed supplier ETA 2023-06-10.",1197.17,9,1083.43,9,success,2023-06-24,Expedite worked: actual 9 stockout days vs 9 planned.,"[""RMPO003560"", ""RMREV001207"", ""RMREV001208""]",59.77,0,
DEC00107,EVT00070,2023-05-18,buyer,expedite,"[{""option"": ""accept_delay"", ""est_cost"": 13125.27, ""est_stockout_days"": 9, ""risk"": ""high"", ""feasible"": true}, {""option"": ""expedite"", ""est_cost"": 7204.53, ""est_stockout_days"": 1, ""risk"": ""low"", ""feasible"": true}, {""option"": ""switch_supplier"", ""est_cost"": 15463.13, ""est_stockout_days"": 9, ""risk"": ""medium"", ""feasible"": false}, {""option"": ""substitute_rm"", ""est_cost"": 8000.0, ""est_stockout_days"": 0, ""risk"": ""medium"", ""feasible"": false}]",expedite RMPO003573 with Supplier 010 (SUP0010),"Chose expedite (est. cost 7,205, 1 stockout days, low risk) over accept delay (13,125 / 9d); switch supplier, substitute rm could not land in time; plan assumed supplier ETA 2023-06-08.",7204.53,1,16538.06,9,failed,2023-06-28,Expedite failed: premium freight into P05 costs about twice the network average. Next time pad the supplier ETA and check alternates earlier.,"[""RMPO003573"", ""RMREV001209"", ""RMREV001210""]",3412.79,1,expedite into P05 (premium lane); lowest-cost estimate at decision time; realised supply worse than notified
DEC00108,EVT00065,2023-05-18,buyer,expedite,"[{""option"": ""accept_delay"", ""est_cost"": 870.3, ""est_stockout_days"": 15, ""risk"": ""high"", ""feasible"": true}, {""option"": ""expedite"", ""est_cost"": 661.31, ""est_stockout_days"": 10, ""risk"": ""low"", ""feasible"": true}, {""option"": ""substitute_rm"", ""est_cost"": 8000.0, ""est_stockout_days"": 0, ""risk"": ""medium"", ""feasible"": false}]",expedite RMPO005448 with Supplier 185 (SUP0185),"Chose expedite (est. cost 661, 10 stockout days, low risk) over accept delay (870 / 15d); substitute rm could not land in time; plan assumed supplier ETA 2023-06-13.",661.31,10,661.31,11,success,2023-06-24,Expedite worked: actual 11 stockout days vs 10 planned.,"[""RMPO005448"", ""RMREV001216"", ""RMREV001217""]",23.09,0,
DEC00109,EVT00072,2023-05-26,buyer,expedite,"[{""option"": ""accept_delay"", ""est_cost"": 2093.91, ""est_stockout_days"": 18, ""risk"": ""high"", ""feasible"": true}, {""option"": ""expedite"", ""est_cost"": 1999.98, ""est_stockout_days"": 15, ""risk"": ""low"", ""feasible"": true}, {""option"": ""substitute_rm"", ""est_cost"": 8000.0, ""est_stockout_days"": 0, ""risk"": ""medium"", ""feasible"": false}]",expedite RMPO005508 with Supplier 185 (SUP0185),"Chose expedite (est. cost 2,000, 15 stockout days, low risk) over accept delay (2,094 / 18d); substitute rm could not land in time; plan assumed supplier ETA 2023-06-20.",1999.98,15,1348.53,10,success,2023-07-02,Expedite worked: actual 10 stockout days vs 15 planned.,"[""RMPO005508"", ""RMREV001280"", ""RMREV001281""]",185.25,0,
DEC00110,EVT00072,2023-05-28,category_manager,expedite,"[{""option"": ""accept_delay"", ""est_cost"": 164.06, ""est_stockout_days"": 2, ""risk"": ""medium"", ""feasible"": true}, {""option"": ""expedite"", ""est_cost"": 59.69, ""est_stockout_days"": 0, ""risk"": ""low"", ""feasible"": true}, {""option"": ""substitute_rm"", ""est_cost"": 8000.0, ""est_stockout_days"": 0, ""risk"": ""medium"", ""feasible"": false}]",expedite RMPO005511 with Supplier 185 (SUP0185),"Chose expedite (est. cost 60, 0 stockout days, low risk) over accept delay (164 / 2d); substitute rm could not land in time; plan assumed supplier ETA 2023-06-05.",59.69,0,190.94,2,success,2023-07-09,Expedite worked: actual 2 stockout days vs 0 planned.,"[""RMPO005511"", ""RMREV001292"", ""RMREV001293"", ""RMREV001301""]",26.88,0,
DEC00111,EVT00050,2023-05-28,category_manager,substitute_rm,"[{""option"": ""substitute_rm"", ""est_cost"": 8000.0, ""est_stockout_days"": 0, ""risk"": ""medium"", ""feasible"": true}, {""option"": ""switch_supplier"", ""est_cost"": 7200.0, ""est_stockout_days"": 1, ""risk"": ""medium"", ""feasible"": true}, {""option"": ""accept_delay"", ""est_cost"": 12000.0, ""est_stockout_days"": 5, ""risk"": ""high"", ""feasible"": true}]",qualify Shrink Film 60um G2 (RM0067) to replace RM0003 in IP00919 from 2023-06-12,"Chose substitute rm (est. cost 8,000, 0 stockout days, medium risk) over switch supplier (7,200 / 1d) and accept delay (12,000 / 5d).",8000.0,0,11000.0,2,partial,2023-12-14,Substitute rm only partly worked: supply arrived later than notified (2 vs 0 stockout days). Next time pad the supplier ETA and check alternates earlier.,"[""BOM003594"", ""BOM003595"", ""BOM003596"", ""BOM003597""]",8000.0,0,
DEC00112,EVT00071,2023-06-03,buyer,reallocate_stock,"[{""option"": ""accept_delay"", ""est_cost"": 1030.87, ""est_stockout_days"": 30, ""risk"": ""medium"", ""feasible"": true}, {""option"": ""switch_supplier"", ""est_cost"": 2271.91, ""est_stockout_days"": 30, ""risk"": ""medium"", ""feasible"": false}, {""option"": ""reallocate_stock"", ""est_cost"": 537.01, ""est_stockout_days"": 1, ""risk"": ""high"", ""feasible"": true}, {""option"": ""substitute_rm"", ""est_cost"": 8722.31, ""est_stockout_days"": 20, ""risk"": ""medium"", ""feasible"": false}]",transfer RM0071 stock to P01 (transfer RMT0000009),"Chose reallocate stock (est. cost 537, 1 stockout days, high risk) over accept delay (1,031 / 30d); switch supplier, substitute rm could not land in time; plan assumed supplier ETA 2023-06-04.",537.01,1,400.94,0,success,2023-07-15,Reallocate stock worked: actual 0 stockout days vs 1 planned.,"[""RMPO004630"", ""RMREV001215"", ""RMREV001329"", ""RMT0000009""]",400.94,0,root cause large_po
DEC00113,EVT00074,2023-06-05,plant_scheduler,expedite,"[{""option"": ""accept_delay"", ""est_cost"": 1122.26, ""est_stockout_days"": 14, ""risk"": ""high"", ""feasible"": true}, {""option"": ""expedite"", ""est_cost"": 1000.21, ""est_stockout_days"": 11, ""risk"": ""medium"", ""feasible"": true}, {""option"": ""switch_supplier"", ""est_cost"": 1772.91, ""est_stockout_days"": 7, ""risk"": ""medium"", ""feasible"": true}]",expedite RMPO004171 with Supplier 033 (SUP0033),"Chose expedite (est. cost 1,000, 11 stockout days, medium risk) over accept delay (1,122 / 14d) and switch supplier (1,773 / 7d); plan assumed supplier ETA 2023-06-25.",1000.21,11,1032.27,12,success,2023-07-14,Expedite worked: actual 12 stockout days vs 11 planned.,"[""RMPO004171"", ""RMREV001344"", ""RMREV001345""]",70.33,0,
DEC00114,EVT00076,2023-06-15,supply_chain_director,expedite,"[{""option"": ""accept_delay"", ""est_cost"": 2602.17, ""est_stockout_days"": 18, ""risk"": ""high"", ""feasible"": true}, {""option"": ""expedite"", ""est_cost"": 1913.78, ""est_stockout_days"": 11, ""risk"": ""low"", ""feasible"": true}]",expedite RMPO004586 with Supplier 138 (SUP0138),"Chose expedite (est. cost 1,914, 11 stockout days, low risk) over accept delay (2,602 / 18d); plan assumed supplier ETA 2023-07-13.",1913.78,11,1711.39,11,success,2023-07-25,Expedite worked: actual 11 stockout days vs 11 planned.,"[""RMPO004586"", ""RMREV001417"", ""RMREV001418""]",121.18,0,
DEC00115,EVT00075,2023-06-15,supply_planner,expedite,"[{""option"": ""accept_delay"", ""est_cost"": 16515.04, ""est_stockout_days"": 12, ""risk"": ""high"", ""feasible"": true}, {""option"": ""expedite"", ""est_cost"": 10429.69, ""est_stockout_days"": 5, ""risk"": ""high"", ""feasible"": true}, {""option"": ""switch_supplier"", ""est_cost"": 18839.64, ""est_stockout_days"": 12, ""risk"": ""high"", ""feasible"": false}]",expedite RMPO005775 with Supplier 095 (SUP0095),"Chose expedite (est. cost 10,430, 5 stockout days, high risk) over accept delay (16,515 / 12d); switch supplier could not land in time; plan assumed supplier ETA 2023-07-05.",10429.69,5,15384.2,10,partial,2023-07-22,Expedite only partly worked: supply arrived later than notified (10 vs 5 stockout days). Next time pad the supplier ETA and check alternates earlier.,"[""RMPO005775"", ""RMREV001419"", ""RMREV001420""]",1621.67,0,
DEC00116,EVT00073,2023-06-20,buyer,accept_delay,"[{""option"": ""accept_delay"", ""est_cost"": 312.99, ""est_stockout_days"": 4, ""risk"": ""medium"", ""feasible"": true}, {""option"": ""expedite"", ""est_cost"": 381.46, ""est_stockout_days"": 4, ""risk"": ""medium"", ""feasible"": true}, {""option"": ""switch_supplier"", ""est_cost"": 1287.65, ""est_stockout_days"": 1, ""risk"": ""medium"", ""feasible"": false}, {""option"": ""substitute_rm"", ""est_cost"": 8087.65, ""est_stockout_days"": 1, ""risk"": ""medium"", ""feasible"": false}]",accept the revised ETA on RMPO004574 and cover gaps with spot buys,"Chose accept delay (est. cost 313, 4 stockout days, medium risk) over expedite (381 / 4d); switch supplier, substitute rm could not land in time; plan assumed supplier ETA 2023-06-28.",312.99,4,0.0,0,success,2023-08-01,Accept delay worked: actual 0 stockout days vs 4 planned.,"[""RMPO004574"", ""RMREV001461""]",0.0,0,active country shock; root cause severe_weather
DEC00117,EVT00077,2023-06-23,plant_scheduler,expedite,"[{""option"": ""accept_delay"", ""est_cost"": 771.3, ""est_stockout_days"": 4, ""risk"": ""high"", ""feasible"": true}, {""option"": ""expedite"", ""est_cost"": 498.28, ""est_stockout_days"": 1, ""risk"": ""medium"", ""feasible"": true}, {""option"": ""substitute_rm"", ""est_cost"": 8000.0, ""est_stockout_days"": 0, ""risk"": ""medium"", ""feasible"": false}]",expedite RMPO005506 with Supplier 146 (SUP0146),"Chose expedite (est. cost 498, 1 stockout days, medium risk) over accept delay (771 / 4d); substitute rm could not land in time; plan assumed supplier ETA 2023-07-07.",498.28,1,961.06,4,partial,2023-07-30,Expedite only partly worked: supply arrived later than notified (4 vs 1 stockout days). Next time pad the supplier ETA and check alternates earlier.,"[""RMPO005506"", ""RMREV001496"", ""RMREV001497""]",189.76,0,
DEC00118,EVT00073,2023-06-25,supply_planner,accept_delay,"[{""option"": ""accept_delay"", ""est_cost"": 1131.03, ""est_stockout_days"": 5, ""risk"": ""high"", ""feasible"": true}, {""option"": ""expedite"", ""est_cost"": 1191.78, ""est_stockout_days"": 5, ""risk"": ""medium"", ""feasible"": true}, {""option"": ""switch_supplier"", ""est_cost"": 2331.03, ""est_stockout_days"": 5, ""risk"": ""medium"", ""feasible"": false}, {""option"": ""substitute_rm"", ""est_cost"": 9131.03, ""est_stockout_days"": 5, ""risk"": ""medium"", ""feasible"": false}]",accept the revised ETA on RMPO004845 and cover gaps with spot buys,"Chose accept delay (est. cost 1,131, 5 stockout days, high risk) over expedite (1,192 / 5d); switch supplier, substitute rm could not land in time; plan assumed supplier ETA 2023-07-14.",1131.03,5,579.45,2,success,2023-08-04,Accept delay worked: actual 2 stockout days vs 5 planned.,"[""RMPO004845"", ""RMREV001518""]",0.0,0,active country shock; root cause severe_weather
DEC00119,EVT00078,2023-06-26,buyer,expedite,"[{""option"": ""accept_delay"", ""est_cost"": 492.17, ""est_stockout_days"": 6, ""risk"": ""high"", ""feasible"": true}, {""option"": ""expedite"", ""est_cost"": 251.07, ""est_stockout_days"": 2, ""risk"": ""low"", ""feasible"": true}, {""option"": ""substitute_rm"", ""est_cost"": 8410.14, ""est_stockout_days"": 5, ""risk"": ""medium"", ""feasible"": false}]",expedite RMPO006532 with Supplier 185 (SUP0185),"Chose expedite (est. cost 251, 2 stockout days, low risk) over accept delay (492 / 6d); substitute rm could not land in time; plan assumed supplier ETA 2023-07-11.",251.07,2,349.51,4,success,2023-08-05,Expedite worked: actual 4 stockout days vs 2 planned.,"[""RMPO006532"", ""RMREV001542"", ""RMREV001543""]",21.4,0,active country shock; root cause severe_weather
DEC00120,EVT00073,2023-06-28,buyer,reallocate_stock,"[{""option"": ""accept_delay"", ""est_cost"": 1396.31, ""est_stockout_days"": 14, ""risk"": ""medium"", ""feasible"": true}, {""option"": ""expedite"", ""est_cost"": 1470.04, ""est_stockout_days"": 14, ""risk"": ""low"", ""feasible"": true}, {""option"": ""switch_supplier"", ""est_cost"": 2596.31, ""est_stockout_days"": 14, ""risk"": ""medium"", ""feasible"": false}, {""option"": ""reallocate_stock"", ""est_cost"": 401.78, ""est_stockout_days"": 0, ""risk"": ""medium"", ""feasible"": true}]",transfer RM0131 stock to P04 (transfer RMT0000020),"Chose reallocate stock (est. cost 402, 0 stockout days, medium risk) over accept delay (1,396 / 14d) and expedite (1,470 / 14d); switch supplier could not land in time; plan assumed supplier ETA 2023-07-08.",401.78,0,401.78,0,success,2023-08-09,Reallocate stock worked: actual 0 stockout days vs 0 planned.,"[""RMPO005489"", ""RMREV001557"", ""RMT0000020""]",401.78,0,active country shock; root cause severe_weather
DEC00121,EVT00078,2023-06-30,category_manager,expedite,"[{""option"": ""accept_delay"", ""est_cost"": 1141.27, ""est_stockout_days"": 10, ""risk"": ""high"", ""feasible"": true}, {""option"": ""expedite"", ""est_cost"": 702.72, ""est_stockout_days"": 3, ""risk"": ""low"", ""feasible"": true}, {""option"": ""substitute_rm"", ""est_cost"": 8000.0, ""est_stockout_days"": 0, ""risk"": ""medium"", ""feasible"": false}]",expedite RMPO006875 with Supplier 185 (SUP0185),"Chose expedite (est. cost 703, 3 stockout days, low risk) over accept delay (1,141 / 10d); substitute rm could not land in time; plan assumed supplier ETA 2023-07-14.",702.72,3,428.81,2,success,2023-08-06,Expedite worked: actual 2 stockout days vs 3 planned.,"[""RMPO006875"", ""RMREV001590"", ""RMREV001591""]",200.56,0,active country shock; root cause severe_weather; expedite into P05 (premium lane)
DEC00122,EVT00073,2023-07-05,supply_chain_director,accept_delay,"[{""option"": ""accept_delay"", ""est_cost"": 101.76, ""est_stockout_days"": 1, ""risk"": ""medium"", ""feasible"": true}, {""option"": ""expedite"", ""est_cost"": 175.78, ""est_stockout_days"": 0, ""risk"": ""medium"", ""feasible"": true}, {""option"": ""switch_supplier"", ""est_cost"": 1363.39, ""est_stockout_days"": 1, ""risk"": ""high"", ""feasible"": false}, {""option"": ""reallocate_stock"", ""est_cost"": 404.7, ""est_stockout_days"": 0, ""risk"": ""high"", ""feasible"": true}, {""option"": ""substitute_rm"", ""est_cost"": 8101.76, ""est_stockout_days"": 1, ""risk"": ""medium"", ""feasible"": false}]",accept the revised ETA on RMPO005936 and cover gaps with spot buys,"Chose accept delay (est. cost 102, 1 stockout days, medium risk) over expedite (176 / 0d) and reallocate stock (405 / 0d); switch supplier, substitute rm could not land in time; plan assumed supplier ETA 2023-07-12.",101.76,1,127.5,1,success,2023-08-14,Accept delay worked: actual 1 stockout days vs 1 planned.,"[""RMPO005936"", ""RMREV001546"", ""RMREV001632""]",0.0,0,active country shock; root cause severe_weather
DEC00123,EVT00081,2023-07-09,supply_planner,expedite,"[{""option"": ""accept_delay"", ""est_cost"": 1977.59, ""est_stockout_days"": 17, ""risk"": ""high"", ""feasible"": true}, {""option"": ""expedite"", ""est_cost"": 1557.69, ""est_stockout_days"": 12, ""risk"": ""low"", ""feasible"": true}, {""option"": ""substitute_rm"", ""est_cost"": 8000.0, ""est_stockout_days"": 0, ""risk"": ""medium"", ""feasible"": false}]",expedite RMPO007076 with Supplier 185 (SUP0185),"Chose expedite (est. cost 1,558, 12 stockout days, low risk) over accept delay (1,978 / 17d); substitute rm could not land in time; plan assumed supplier ETA 2023-07-29.",1557.69,12,1557.69,13,success,2023-08-20,Expedite worked: actual 13 stockout days vs 12 planned.,"[""RMPO007076"", ""RMREV001663"", ""RMREV001664""]",45.42,1,active country shock; root cause severe_weather
DEC00124,EVT00082,2023-07-13,supply_planner,switch_supplier,"[{""option"": ""accept_delay"", ""est_cost"": 18210.7, ""est_stockout_days"": 12, ""risk"": ""high"", ""feasible"": true}, {""option"": ""expedite"", ""est_cost"": 12252.59, ""est_stockout_days"": 6, ""risk"": ""high"", ""feasible"": true}, {""option"": ""switch_supplier"", ""est_cost"": 1509.75, ""est_stockout_days"": 0, ""risk"": ""medium"", ""feasible"": true}]",place RMPO007667 with the alternate source and cancel RMPO005772,"Chose switch supplier (est. cost 1,510, 0 stockout days, medium risk) over expedite (12,253 / 6d) and accept delay (18,211 / 12d); plan assumed supplier ETA 2023-08-05.",1509.75,0,19720.45,12,failed,2023-08-19,Switch supplier failed: the alternate source also shipped late. Next time pad the supplier ETA and check alternates earlier.,"[""RMPO005772"", ""RMREV001689"", ""RMPO007667"", ""RMPOL0007746""]",1509.75,1,lowest-cost estimate at decision time; realised supply worse than notified
DEC00125,EVT00084,2023-07-19,plant_scheduler,expedite,"[{""option"": ""accept_delay"", ""est_cost"": 1604.87, ""est_stockout_days"": 8, ""risk"": ""high"", ""feasible"": true}, {""option"": ""expedite"", ""est_cost"": 960.67, ""est_stockout_days"": 3, ""risk"": ""low"", ""feasible"": true}, {""option"": ""substitute_rm"", ""est_cost"": 8000.0, ""est_stockout_days"": 0, ""risk"": ""medium"", ""feasible"": false}]",expedite RMPO007096 with Supplier 202 (SUP0202),"Chose expedite (est. cost 961, 3 stockout days, low risk) over accept delay (1,605 / 8d); substitute rm could not land in time; plan assumed supplier ETA 2023-08-06.",960.67,3,2565.54,12,failed,2023-08-27,Expedite failed: supply arrived later than notified (12 vs 3 stockout days). Next time pad the supplier ETA and check alternates earlier.,"[""RMPO007096"", ""RMREV001732"", ""RMREV001733""]",158.23,1,lowest-cost estimate at decision time; realised supply worse than notified
DEC00126,EVT00085,2023-07-22,category_manager,expedite,"[{""option"": ""accept_delay"", ""est_cost"": 555.59, ""est_stockout_days"": 17, ""risk"": ""high"", ""feasible"": true}, {""option"": ""expedite"", ""est_cost"": 469.42, ""est_stockout_days"": 12, ""risk"": ""medium"", ""feasible"": true}, {""option"": ""switch_supplier"", ""est_cost"": 1442.5, ""est_stockout_days"": 7, ""risk"": ""medium"", ""feasible"": true}]",expedite RMPO006068 with Supplier 136 (SUP0136),"Chose expedite (est. cost 469, 12 stockout days, medium risk) over accept delay (556 / 17d) and switch supplier (1,442 / 7d); plan assumed supplier ETA 2023-08-16.",469.42,12,404.05,11,success,2023-08-31,Expedite worked: actual 11 stockout days vs 12 planned.,"[""RMPO006068"", ""RMREV001750"", ""RMREV001751""]",44.55,1,
DEC00127,EVT00087,2023-07-24,supply_planner,expedite,"[{""option"": ""accept_delay"", ""est_cost"": 26308.29, ""est_stockout_days"": 15, ""risk"": ""high"", ""feasible"": true}, {""option"": ""expedite"", ""est_cost"": 16620.17, ""est_stockout_days"": 7, ""risk"": ""low"", ""feasible"": true}, {""option"": ""switch_supplier"", ""est_cost"": 28428.8, ""est_stockout_days"": 15, ""risk"": ""medium"", ""feasible"": false}, {""option"": ""substitute_rm"", ""est_cost"": 8000.0, ""est_stockout_days"": 0, ""risk"": ""medium"", ""feasible"": false}]",expedite RMPO006054 with Supplier 010 (SUP0010),"Chose expedite (est. cost 16,620, 7 stockout days, low risk) over accept delay (26,308 / 15d); switch supplier, substitute rm could not land in time; plan assumed supplier ETA 2023-08-15.",16620.17,7,20829.49,11,partial,2023-09-03,Expedite only partly worked: supply arrived later than notified (11 vs 7 stockout days). Next time pad the supplier ETA and check alternates earlier.,"[""RMPO006054"", ""RMREV001772"", ""RMREV001773""]",1536.75,0,
DEC00128,EVT00086,2023-07-25,supply_planner,accept_delay,"[{""option"": ""accept_delay"", ""est_cost"": 1885.4, ""est_stockout_days"": 2, ""risk"": ""medium"", ""feasible"": true}, {""option"": ""expedite"", ""est_cost"": 3770.81, ""est_stockout_days"": 0, ""risk"": ""low"", ""feasible"": true}, {""option"": ""cancel_po"", ""est_cost"": 1192.7, ""est_stockout_days"": 1, ""risk"": ""medium"", ""feasible"": true}, {""option"": ""reallocate_stock"", ""est_cost"": 1814.05, ""est_stockout_days"": 0, ""risk"": ""low"", ""feasible"": true}]",ship available stock and backorder the balance,"Chose accept delay (est. cost 1,885, 2 stockout days, medium risk) over cancel po (1,193 / 1d) and reallocate stock (1,814 / 0d).",1885.4,2,4713.51,1,partial,2023-08-21,Accept delay only partly worked: supply arrived later than notified (1 vs 2 stockout days). Next time pad the supplier ETA and check alternates earlier.,"[""M00051918"", ""M00082456"", ""M00091151""]",0.0,0,
DEC00129,EVT00081,2023-07-26,category_manager,expedite,"[{""option"": ""accept_delay"", ""est_cost"": 1987.54, ""est_stockout_days"": 11, ""risk"": ""high"", ""feasible"": true}, {""option"": ""expedite"", ""est_cost"": 1110.94, ""est_stockout_days"": 4, ""risk"": ""low"", ""feasible"": true}, {""option"": ""substitute_rm"", ""est_cost"": 8000.0, ""est_stockout_days"": 0, ""risk"": ""medium"", ""feasible"": false}]",expedite RMPO007884 with Supplier 185 (SUP0185),"Chose expedite (est. cost 1,111, 4 stockout days, low risk) over accept delay (1,988 / 11d); substitute rm could not land in time; plan assumed supplier ETA 2023-08-11.",1110.94,4,2122.78,11,failed,2023-09-05,Expedite failed: supply arrived later than notified (11 vs 4 stockout days). Next time pad the supplier ETA and check alternates earlier.,"[""RMPO007884"", ""RMREV001787"", ""RMREV001788""]",135.23,1,lowest-cost estimate at decision time; realised supply worse than notified
DEC00130,EVT00088,2023-08-01,category_manager,expedite,"[{""option"": ""accept_delay"", ""est_cost"": 1609.83, ""est_stockout_days"": 15, ""risk"": ""high"", ""feasible"": true}, {""option"": ""expedite"", ""est_cost"": 1027.76, ""est_stockout_days"": 7, ""risk"": ""low"", ""feasible"": true}, {""option"": ""switch_supplier"", ""est_cost"": 2826.89, ""est_stockout_days"": 15, ""risk"": ""high"", ""feasible"": false}]",expedite RMPO006938 with Supplier 051 (SUP0051),"Chose expedite (est. cost 1,028, 7 stockout days, low risk) over accept delay (1,610 / 15d); switch supplier could not land in time; plan assumed supplier ETA 2023-08-26.",1027.76,7,1070.68,9,success,2023-09-10,Expedite worked: actual 9 stockout days vs 7 planned.,"[""RMPO006938"", ""RMREV001820"", ""RMREV001821""]",104.79,0,
DEC00131,EVT00089,2023-08-04,plant_scheduler,expedite,"[{""option"": ""accept_delay"", ""est_cost"": 8457.14, ""est_stockout_days"": 8, ""risk"": ""high"", ""feasible"": true}, {""option"": ""expedite"", ""est_cost"": 4542.21, ""est_stockout_days"": 2, ""risk"": ""low"", ""feasible"": true}, {""option"": ""switch_supplier"", ""est_cost"": 9913.79, ""est_stockout_days"": 8, ""risk"": ""high"", ""feasible"": false}, {""option"": ""substitute_rm"", ""est_cost"": 8000.0, ""est_stockout_days"": 0, ""risk"": ""medium"", ""feasible"": false}]",expedite RMPO006600 with Supplier 138 (SUP0138),"Chose expedite (est. cost 4,542, 2 stockout days, low risk) over accept delay (8,457 / 8d); switch supplier, substitute rm could not land in time; plan assumed supplier ETA 2023-08-24.",4542.21,2,6445.06,5,partial,2023-09-12,Expedite only partly worked: supply arrived later than notified (5 vs 2 stockout days). Next time pad the supplier ETA and check alternates earlier.,"[""RMPO006600"", ""RMREV001841"", ""RMREV001842""]",1159.35,0,
DEC00132,EVT00090,2023-08-08,supply_chain_director,expedite,"[{""option"": ""accept_delay"", ""est_cost"": 1297.61, ""est_stockout_days"": 13, ""risk"": ""high"", ""feasible"": true}, {""option"": ""expedite"", ""est_cost"": 793.67, ""est_stockout_days"": 6, ""risk"": ""low"", ""feasible"": true}, {""option"": ""switch_supplier"", ""est_cost"": 2527.44, ""est_stockout_days"": 13, ""risk"": ""medium"", ""feasible"": false}]",expedite RMPO008411 with Supplier 054 (SUP0054),"Chose expedite (est. cost 794, 6 stockout days, low risk) over accept delay (1,298 / 13d); switch supplier could not land in time; plan assumed supplier ETA 2023-08-30.",793.67,6,1352.64,13,failed,2023-09-17,Expedite failed: supply arrived later than notified (13 vs 6 stockout days). Next time pad the supplier ETA and check alternates earlier.,"[""RMPO008411"", ""RMREV001882"", ""RMREV001883""]",55.03,1,lowest-cost estimate at decision time; realised supply worse than notified
DEC00133,EVT00091,2023-08-08,category_manager,expedite,"[{""option"": ""accept_delay"", ""est_cost"": 812.28, ""est_stockout_days"": 14, ""risk"": ""high"", ""feasible"": true}, {""option"": ""expedite"", ""est_cost"": 478.21, ""est_stockout_days"": 6, ""risk"": ""low"", ""feasible"": true}, {""option"": ""substitute_rm"", ""est_cost"": 8000.0, ""est_stockout_days"": 0, ""risk"": ""medium"", ""feasible"": false}]",expedite RMPO008413 with Supplier 185 (SUP0185),"Chose expedite (est. cost 478, 6 stockout days, low risk) over accept delay (812 / 14d); substitute rm could not land in time; plan assumed supplier ETA 2023-09-02.",478.21,6,385.38,6,success,2023-09-14,Expedite worked: actual 6 stockout days vs 6 planned.,"[""RMPO008413"", ""RMREV001884"", ""RMREV001885""]",37.26,0,
DEC00134,EVT00088,2023-08-11,buyer,expedite,"[{""option"": ""accept_delay"", ""est_cost"": 1017.97, ""est_stockout_days"": 12, ""risk"": ""high"", ""feasible"": true}, {""option"": ""expedite"", ""est_cost"": 663.71, ""est_stockout_days"": 6, ""risk"": ""low"", ""feasible"": true}, {""option"": ""switch_supplier"", ""est_cost"": 2233.97, ""est_stockout_days"": 12, ""risk"": ""high"", ""feasible"": false}]",expedite RMPO007402 with Supplier 051 (SUP0051),"Chose expedite (est. cost 664, 6 stockout days, low risk) over accept delay (1,018 / 12d); switch supplier could not land in time; plan assumed supplier ETA 2023-08-30.",663.71,6,1070.9,12,failed,2023-09-17,Expedite failed: supply arrived later than notified (12 vs 6 stockout days). Next time pad the supplier ETA and check alternates earlier.,"[""RMPO007402"", ""RMREV001896"", ""RMREV001897""]",52.93,1,lowest-cost estimate at decision time; realised supply worse than notified
DEC00135,EVT00093,2023-08-12,buyer,expedite,"[{""option"": ""accept_delay"", ""est_cost"": 1380.45, ""est_stockout_days"": 5, ""risk"": ""high"", ""feasible"": true}, {""option"": ""expedite"", ""est_cost"": 581.05, ""est_stockout_days"": 1, ""risk"": ""low"", ""feasible"": true}, {""option"": ""switch_supplier"", ""est_cost"": 2304.36, ""est_stockout_days"": 4, ""risk"": ""medium"", ""feasible"": true}, {""option"": ""substitute_rm"", ""est_cost"": 8000.0, ""est_stockout_days"": 0, ""risk"": ""medium"", ""feasible"": false}]",expedite RMPO006899 with Supplier 011 (SUP0011),"Chose expedite (est. cost 581, 1 stockout days, low risk) over accept delay (1,380 / 5d) and switch supplier (2,304 / 4d); substitute rm could not land in time; plan assumed supplier ETA 2023-08-26.",581.05,1,2292.8,8,failed,2023-09-21,Expedite failed: supply arrived later than notified (8 vs 1 stockout days). Next time pad the supplier ETA and check alternates earlier.,"[""RMPO006899"", ""RMREV001900"", ""RMREV001901""]",84.09,1,lowest-cost estimate at decision time; realised supply worse than notified
DEC00136,EVT00092,2023-08-12,supply_planner,expedite,"[{""option"": ""accept_delay"", ""est_cost"": 4272.35, ""est_stockout_days"": 16, ""risk"": ""high"", ""feasible"": true}, {""option"": ""expedite"", ""est_cost"": 3563.11, ""est_stockout_days"": 12, ""risk"": ""low"", ""feasible"": true}, {""option"": ""switch_supplier"", ""est_cost"": 5566.09, ""est_stockout_days"": 16, ""risk"": ""medium"", ""feasible"": false}]",expedite RMPO008457 with Supplier 054 (SUP0054),"Chose expedite (est. cost 3,563, 12 stockout days, low risk) over accept delay (4,272 / 16d); switch supplier could not land in time; plan assumed supplier ETA 2023-09-05.",3563.11,12,3082.47,11,success,2023-09-22,Expedite worked: actual 11 stockout days vs 12 planned.,"[""RMPO008457"", ""RMREV001907"", ""RMREV001908""]",145.23,1,
DEC00137,EVT00094,2023-08-14,buyer,expedite,"[{""option"": ""accept_delay"", ""est_cost"": 2330.2, ""est_stockout_days"": 14, ""risk"": ""high"", ""feasible"": true}, {""option"": ""expedite"", ""est_cost"": 1403.08, ""est_stockout_days"": 6, ""risk"": ""medium"", ""feasible"": true}, {""option"": ""switch_supplier"", ""est_cost"": 3557.5, ""est_stockout_days"": 14, ""risk"": ""high"", ""feasible"": false}, {""option"": ""substitute_rm"", ""est_cost"": 8000.0, ""est_stockout_days"": 0, ""risk"": ""medium"", ""feasible"": false}]",expedite RMPO008138 with Supplier 089 (SUP0089),"Chose expedite (est. cost 1,403, 6 stockout days, medium risk) over accept delay (2,330 / 14d); switch supplier, substitute rm could not land in time; plan assumed supplier ETA 2023-09-08.",1403.08,6,1968.99,11,partial,2023-09-25,Expedite only partly worked: supply arrived later than notified (11 vs 6 stockout days). Next time pad the supplier ETA and check alternates earlier.,"[""RMPO008138"", ""RMREV001918"", ""RMREV001919""]",138.11,0,
DEC00138,EVT00080,2023-08-16,supply_planner,accept_delay,"[{""option"": ""accept_delay"", ""est_cost"": 19901.34, ""est_stockout_days"": 2, ""risk"": ""medium"", ""feasible"": true}, {""option"": ""expedite"", ""est_cost"": 79605.35, ""est_stockout_days"": 0, ""risk"": ""low"", ""feasible"": true}, {""option"": ""cancel_po"", ""est_cost"": 10200.67, ""est_stockout_days"": 1, ""risk"": ""medium"", ""feasible"": true}, {""option"": ""reallocate_stock"", ""est_cost"": 30252.01, ""est_stockout_days"": 0, ""risk"": ""low"", ""feasible"": true}]",accept the short/late delivery on PO004059,"Chose accept delay (est. cost 19,901, 2 stockout days, medium risk) over cancel po (10,201 / 1d) and reallocate stock (30,252 / 0d).",19901.34,2,0.0,0,success,2023-09-27,Accept delay worked: actual 0 stockout days vs 2 planned.,"[""PO004059"", ""POL0012092"", ""POL0012093"", ""POL0012094"", ""POL0012095""]",0.0,0,
DEC00139,EVT00095,2023-08-17,buyer,expedite,"[{""option"": ""accept_delay"", ""est_cost"": 16042.0, ""est_stockout_days"": 11, ""risk"": ""high"", ""feasible"": true}, {""option"": ""expedite"", ""est_cost"": 9046.94, ""est_stockout_days"": 3, ""risk"": ""low"", ""feasible"": true}, {""option"": ""switch_supplier"", ""est_cost"": 17965.75, ""est_stockout_days"": 11, ""risk"": ""medium"", ""feasible"": false}, {""option"": ""substitute_rm"", ""est_cost"": 8000.0, ""est_stockout_days"": 0, ""risk"": ""medium"", ""feasible"": false}]",expedite RMPO007143 with Supplier 010 (SUP0010),"Chose expedite (est. cost 9,047, 3 stockout days, low risk) over accept delay (16,042 / 11d); switch supplier, substitute rm could not land in time; plan assumed supplier ETA 2023-09-07.",9046.94,3,15463.74,9,failed,2023-09-26,Expedite failed: premium freight into P05 costs about twice the network average. Next time pad the supplier ETA and check alternates earlier.,"[""RMPO007143"", ""RMREV001931"", ""RMREV001932""]",2338.47,1,expedite into P05 (premium lane); lowest-cost estimate at decision time; realised supply worse than notified
DEC00140,EVT00091,2023-08-19,supply_planner,expedite,"[{""option"": ""accept_delay"", ""est_cost"": 2093.91, ""est_stockout_days"": 18, ""risk"": ""high"", ""feasible"": true}, {""option"": ""expedite"", ""est_cost"": 1846.58, ""est_stockout_days"": 14, ""risk"": ""low"", ""feasible"": true}, {""option"": ""substitute_rm"", ""est_cost"": 8000.0, ""est_stockout_days"": 0, ""risk"": ""medium"", ""feasible"": false}]",expedite RMPO008636 with Supplier 185 (SUP0185),"Chose expedite (est. cost 1,847, 14 stockout days, low risk) over accept delay (2,094 / 18d); substitute rm could not land in time; plan assumed supplier ETA 2023-09-11.",1846.58,14,1404.53,11,success,2023-09-29,Expedite worked: actual 11 stockout days vs 14 planned.,"[""RMPO008636"", ""RMREV001949"", ""RMREV001950""]",124.92,0,
DEC00141,EVT00096,2023-08-20,supply_planner,expedite,"[{""option"": ""accept_delay"", ""est_cost"": 2023.91, ""est_stockout_days"": 14, ""risk"": ""high"", ""feasible"": true}, {""option"": ""expedite"", ""est_cost"": 1547.85, ""est_stockout_days"": 9, ""risk"": ""low"", ""feasible"": true}]",expedite RMPO006880 with Supplier 138 (SUP0138),"Chose expedite (est. cost 1,548, 9 stockout days, low risk) over accept delay (2,024 / 14d); plan assumed supplier ETA 2023-09-07.",1547.85,9,1114.15,7,success,2023-09-28,Expedite worked: actual 7 stockout days vs 9 planned.,"[""RMPO006880"", ""RMREV001952"", ""RMREV001953""]",102.2,1,
DEC00142,EVT00092,2023-08-23,supply_planner,expedite,"[{""option"": ""accept_delay"", ""est_cost"": 1905.75, ""est_stockout_days"": 8, ""risk"": ""high"", ""feasible"": true}, {""option"": ""expedite"", ""est_cost"": 974.63, ""est_stockout_days"": 2, ""risk"": ""low"", ""feasible"": true}, {""option"": ""switch_supplier"", ""est_cost"": 3242.33, ""est_stockout_days"": 8, ""risk"": ""medium"", ""feasible"": false}]",expedite RMPO008916 with Supplier 054 (SUP0054),"Chose expedite (est. cost 975, 2 stockout days, low risk) over accept delay (1,906 / 8d); switch supplier could not land in time; plan assumed supplier ETA 2023-09-08.",974.63,2,2118.09,8,failed,2023-09-30,Expedite failed: supply arrived later than notified (8 vs 2 stockout days). Next time pad the supplier ETA and check alternates earlier.,"[""RMPO008916"", ""RMREV001983"", ""RMREV001984""]",212.34,1,lowest-cost estimate at decision time; realised supply worse than notified
DEC00143,EVT00093,2023-08-23,category_manager,substitute_rm,"[{""option"": ""substitute_rm"", ""est_cost"": 8000.0, ""est_stockout_days"": 0, ""risk"": ""medium"", ""feasible"": true}, {""option"": ""switch_supplier"", ""est_cost"": 7200.0, ""est_stockout_days"": 1, ""risk"": ""medium"", ""feasible"": true}, {""option"": ""accept_delay"", ""est_cost"": 12000.0, ""est_stockout_days"": 5, ""risk"": ""high"", ""feasible"": true}]",qualify Shrink Film 60um G2 (RM0067) to replace RM0009 in IP00093 from 2023-09-22,"Chose substitute rm (est. cost 8,000, 0 stockout days, medium risk) over switch supplier (7,200 / 1d) and accept delay (12,000 / 5d).",8000.0,0,11000.0,2,partial,2024-03-22,Substitute rm only partly worked: supply arrived later than notified (2 vs 0 stockout days). Next time pad the supplier ETA and check alternates earlier.,"[""BOM000375"", ""BOM000376"", ""BOM000377"", ""BOM000378"", ""BOM000379"", ""BOM000380"", ""BOM000381""]",8000.0,0,
DEC00144,EVT00097,2023-08-25,buyer,expedite,"[{""option"": ""accept_delay"", ""est_cost"": 2674.58, ""est_stockout_days"": 10, ""risk"": ""high"", ""feasible"": true}, {""option"": ""expedite"", ""est_cost"": 2289.68, ""est_stockout_days"": 7, ""risk"": ""low"", ""feasible"": true}, {""option"": ""substitute_rm"", ""est_cost"": 8000.0, ""est_stockout_days"": 0, ""risk"": ""medium"", ""feasible"": false}]",expedite RMPO008410 with Supplier 202 (SUP0202),"Chose expedite (est. cost 2,290, 7 stockout days, low risk) over accept delay (2,675 / 10d); substitute rm could not land in time; plan assumed supplier ETA 2023-09-13.",2289.68,7,2931.58,10,partial,2023-10-04,Expedite only partly worked: supply arrived later than notified (10 vs 7 stockout days). Next time pad the supplier ETA and check alternates earlier.,"[""RMPO008410"", ""RMREV001998"", ""RMREV001999""]",257.0,1,
DEC00145,EVT00091,2023-08-26,supply_planner,expedite,"[{""option"": ""accept_delay"", ""est_cost"": 1476.5, ""est_stockout_days"": 18, ""risk"": ""high"", ""feasible"": true}, {""option"": ""expedite"", ""est_cost"": 1041.63, ""est_stockout_days"": 10, ""risk"": ""low"", ""feasible"": true}, {""option"": ""substitute_rm"", ""est_cost"": 8000.0, ""est_stockout_days"": 0, ""risk"": ""medium"", ""feasible"": false}]",expedite RMPO008926 with Supplier 185 (SUP0185),"Chose expedite (est. cost 1,042, 10 stockout days, low risk) over accept delay (1,476 / 18d); substitute rm could not land in time; plan assumed supplier ETA 2023-09-20.",1041.63,10,910.39,10,success,2023-10-06,Expedite worked: actual 10 stockout days vs 10 planned.,"[""RMPO008926"", ""RMREV002008"", ""RMREV002009""]",90.11,1,
DEC00146,EVT00098,2023-09-05,buyer,expedite,"[{""option"": ""accept_delay"", ""est_cost"": 363.06, ""est_stockout_days"": 8, ""risk"": ""high"", ""feasible"": true}, {""option"": ""expedite"", ""est_cost"": 196.41, ""est_stockout_days"": 3, ""risk"": ""medium"", ""feasible"": true}, {""option"": ""switch_supplier"", ""est_cost"": 1343.28, ""est_stockout_days"": 3, ""risk"": ""medium"", ""feasible"": true}]",expedite RMPO007697 with Supplier 033 (SUP0033),"Chose expedite (est. cost 196, 3 stockout days, medium risk) over accept delay (363 / 8d) and switch supplier (1,343 / 3d); plan assumed supplier ETA 2023-09-23.",196.41,3,559.48,12,failed,2023-10-13,Expedite failed: supply arrived later than notified (12 vs 3 stockout days). Next time pad the supplier ETA and check alternates earlier.,"[""RMPO007697"", ""RMREV002061"", ""RMREV002062""]",14.89,1,lowest-cost estimate at decision time; realised supply worse than notified
DEC00147,EVT00099,2023-09-06,supply_planner,expedite,"[{""option"": ""accept_delay"", ""est_cost"": 992.41, ""est_stockout_days"": 13, ""risk"": ""high"", ""feasible"": true}, {""option"": ""expedite"", ""est_cost"": 778.26, ""est_stockout_days"": 9, ""risk"": ""medium"", ""feasible"": true}, {""option"": ""switch_supplier"", ""est_cost"": 1581.7, ""est_stockout_days"": 5, ""risk"": ""medium"", ""feasible"": true}]",expedite RMPO007989 with Supplier 118 (SUP0118),"Chose expedite (est. cost 778, 9 stockout days, medium risk) over accept delay (992 / 13d) and switch supplier (1,582 / 5d); plan assumed supplier ETA 2023-09-23.",778.26,9,717.19,9,success,2023-10-15,Expedite worked: actual 9 stockout days vs 9 planned.,"[""RMPO007989"", ""RMREV002068"", ""RMREV002069""]",30.13,1,supplier with year-end capacity history
DEC00148,EVT00103,2023-09-10,supply_chain_director,accept_delay,"[{""option"": ""accept_delay"", ""est_cost"": 1255.4, ""est_stockout_days"": 11, ""risk"": ""high"", ""feasible"": true}, {""option"": ""expedite"", ""est_cost"": 1293.42, ""est_stockout_days"": 8, ""risk"": ""low"", ""feasible"": true}, {""option"": ""substitute_rm"", ""est_cost"": 8000.0, ""est_stockout_days"": 0, ""risk"": ""medium"", ""feasible"": false}]",accept the revised ETA on RMPO009434 and cover gaps with spot buys,"Chose accept delay (est. cost 1,255, 11 stockout days, high risk) over expedite (1,293 / 8d); substitute rm could not land in time; plan assumed supplier ETA 2023-09-26.",1255.4,11,798.89,7,success,2023-10-17,Accept delay worked: actual 7 stockout days vs 11 planned.,"[""RMPO009434"", ""RMREV002108""]",0.0,1,
DEC00149,EVT00094,2023-09-14,category_manager,substitute_rm,"[{""option"": ""substitute_rm"", ""est_cost"": 8000.0, ""est_stockout_days"": 0, ""risk"": ""medium"", ""feasible"": true}, {""option"": ""switch_supplier"", ""est_cost"": 7200.0, ""est_stockout_days"": 1, ""risk"": ""medium"", ""feasible"": true}, {""option"": ""accept_delay"", ""est_cost"": 12000.0, ""est_stockout_days"": 5, ""risk"": ""high"", ""feasible"": true}]",qualify Shrink Film 60um G2 (RM0067) to replace RM0003 in IP00747 from 2023-10-04,"Chose substitute rm (est. cost 8,000, 0 stockout days, medium risk) over switch supplier (7,200 / 1d) and accept delay (12,000 / 5d).",8000.0,0,9500.0,1,success,2024-04-06,Substitute rm worked: actual 1 stockout days vs 0 planned.,"[""BOM002925"", ""BOM002926"", ""BOM002927"", ""BOM002928"", ""BOM002929"", ""BOM002930""]",8000.0,1,
DEC00150,EVT00104,2023-09-16,supply_planner,expedite,"[{""option"": ""accept_delay"", ""est_cost"": 568.7, ""est_stockout_days"": 5, ""risk"": ""high"", ""feasible"": true}, {""option"": ""expedite"", ""est_cost"": 196.43, ""est_stockout_days"": 0, ""risk"": ""low"", ""feasible"": true}]",expedite RMPO008140 with Supplier 138 (SUP0138),"Chose expedite (est. cost 196, 0 stockout days, low risk) over accept delay (569 / 5d); plan assumed supplier ETA 2023-10-03.",196.43,0,1333.83,11,failed,2023-10-24,Expedite failed: supply arrived later than notified (11 vs 0 stockout days). Next time pad the supplier ETA and check alternates earlier.,"[""RMPO008140"", ""RMREV002158"", ""RMREV002159""]",82.69,1,lowest-cost estimate at decision time; realised supply worse than notified
DEC00151,EVT00105,2023-09-16,supply_planner,expedite,"[{""option"": ""accept_delay"", ""est_cost"": 83.56, ""est_stockout_days"": 5, ""risk"": ""medium"", ""feasible"": true}, {""option"": ""expedite"", ""est_cost"": 46.89, ""est_stockout_days"": 0, ""risk"": ""low"", ""feasible"": true}, {""option"": ""switch_supplier"", ""est_cost"": 1289.56, ""est_stockout_days"": 5, ""risk"": ""medium"", ""feasible"": false}]",expedite RMPO009433 with Supplier 241 (SUP0241),"Chose expedite (est. cost 47, 0 stockout days, low risk) over accept delay (84 / 5d); switch supplier could not land in time; plan assumed supplier ETA 2023-09-24.",46.89,0,230.72,12,failed,2023-10-24,Expedite failed: premium freight into P05 costs about twice the network average. Next time pad the supplier ETA and check alternates earlier.,"[""RMPO009433"", ""RMREV002169"", ""RMREV002170""]",30.18,1,expedite into P05 (premium lane); lowest-cost estimate at decision time; realised supply worse than notified
DEC00152,EVT00106,2023-09-17,buyer,accept_delay,"[{""option"": ""accept_delay"", ""est_cost"": 2492.92, ""est_stockout_days"": 1, ""risk"": ""high"", ""feasible"": true}, {""option"": ""expedite"", ""est_cost"": 2987.89, ""est_stockout_days"": 1, ""risk"": ""low"", ""feasible"": true}, {""option"": ""switch_supplier"", ""est_cost"": 3929.4, ""est_stockout_days"": 1, ""risk"": ""medium"", ""feasible"": false}]",accept the revised ETA on RMPO009358 and cover gaps with spot buys,"Chose accept delay (est. cost 2,493, 1 stockout days, high risk) over expedite (2,988 / 1d); switch supplier could not land in time; plan assumed supplier ETA 2023-10-05.",2492.92,1,2597.21,1,success,2023-10-28,Accept delay worked: actual 1 stockout days vs 1 planned.,"[""RMPO009358"", ""RMREV002181""]",0.0,0,root cause port_congestion
DEC00153,EVT00107,2023-09-18,supply_planner,accept_delay,"[{""option"": ""accept_delay"", ""est_cost"": 546.02, ""est_stockout_days"": 5, ""risk"": ""high"", ""feasible"": true}, {""option"": ""expedite"", ""est_cost"": 673.42, ""est_stockout_days"": 5, ""risk"": ""high"", ""feasible"": true}, {""option"": ""switch_supplier"", ""est_cost"": 1702.39, ""est_stockout_days"": 4, ""risk"": ""medium"", ""feasible"": true}]",accept the revised ETA on RMPO008684 and cover gaps with spot buys,"Chose accept delay (est. cost 546, 5 stockout days, high risk) over expedite (673 / 5d) and switch supplier (1,702 / 4d); plan assumed supplier ETA 2023-10-08.",546.02,5,0.0,0,success,2023-10-28,Accept delay worked: actual 0 stockout days vs 5 planned.,"[""RMPO008684"", ""RMREV002184""]",0.0,0,
DEC00154,EVT00101,2023-09-19,supply_chain_director,accept_delay,"[{""option"": ""accept_delay"", ""est_cost"": 2539.26, ""est_stockout_days"": 12, ""risk"": ""high"", ""feasible"": true}, {""option"": ""expedite"", ""est_cost"": 2564.57, ""est_stockout_days"": 12, ""risk"": ""medium"", ""feasible"": true}, {""option"": ""switch_supplier"", ""est_cost"": 3782.09, ""est_stockout_days"": 12, ""risk"": ""medium"", ""feasible"": false}, {""option"": ""substitute_rm"", ""est_cost"": 10539.26, ""est_stockout_days"": 12, ""risk"": ""medium"", ""feasible"": false}]",accept the revised ETA on RMPO009204 and cover gaps with spot buys,"Chose accept delay (est. cost 2,539, 12 stockout days, high risk) over expedite (2,565 / 12d); switch supplier, substitute rm could not land in time; plan assumed supplier ETA 2023-10-01.",2539.26,12,938.94,4,success,2023-10-26,Accept delay worked: actual 4 stockout days vs 12 planned.,"[""RMPO009204"", ""RMREV002191""]",0.0,0,active country shock; root cause rail_disruption
DEC00155,EVT00101,2023-09-20,supply_planner,accept_delay,"[{""option"": ""accept_delay"", ""est_cost"": 2434.75, ""est_stockout_days"": 27, ""risk"": ""high"", ""feasible"": true}, {""option"": ""expedite"", ""est_cost"": 2288.67, ""est_stockout_days"": 24, ""risk"": ""medium"", ""feasible"": true}, {""option"": ""switch_supplier"", ""est_cost"": 2756.18, ""est_stockout_days"": 17, ""risk"": ""medium"", ""feasible"": false}, {""option"": ""substitute_rm"", ""est_cost"": 10083.32, ""est_stockout_days"": 23, ""risk"": ""medium"", ""feasible"": false}]",accept the revised ETA on RMPO008278 and cover gaps with spot buys,"Chose accept delay (est. cost 2,435, 27 stockout days, high risk) over expedite (2,289 / 24d); switch supplier, substitute rm could not land in time; plan assumed supplier ETA 2023-10-02.",2434.75,27,255.91,2,success,2023-11-01,Accept delay worked: actual 2 stockout days vs 27 planned.,"[""RMPO008278"", ""RMREV002212""]",0.0,0,active country shock; root cause rail_disruption
DEC00156,EVT00102,2023-09-24,category_manager,accept_delay,"[{""option"": ""accept_delay"", ""est_cost"": 239.47, ""est_stockout_days"": 4, ""risk"": ""medium"", ""feasible"": true}, {""option"": ""expedite"", ""est_cost"": 348.09, ""est_stockout_days"": 4, ""risk"": ""medium"", ""feasible"": true}, {""option"": ""switch_supplier"", ""est_cost"": 1450.42, ""est_stockout_days"": 4, ""risk"": ""medium"", ""feasible"": false}]",accept the revised ETA on RMPO010173 and cover gaps with spot buys,"Chose accept delay (est. cost 239, 4 stockout days, medium risk) over expedite (348 / 4d); switch supplier could not land in time; plan assumed supplier ETA 2023-10-04.",239.47,4,0.0,0,success,2023-11-04,Accept delay worked: actual 0 stockout days vs 4 planned.,"[""RMPO010173"", ""RMREV002293""]",0.0,0,active country shock; root cause port_congestion
DEC00157,EVT00109,2023-09-26,supply_planner,accept_delay,"[{""option"": ""accept_delay"", ""est_cost"": 0.0, ""est_stockout_days"": 0, ""risk"": ""medium"", ""feasible"": true}, {""option"": ""expedite"", ""est_cost"": 24.39, ""est_stockout_days"": 0, ""risk"": ""low"", ""feasible"": true}, {""option"": ""substitute_rm"", ""est_cost"": 8000.0, ""est_stockout_days"": 0, ""risk"": ""medium"", ""feasible"": false}]",accept the revised ETA on RMPO009882 and cover gaps with spot buys,"Chose accept delay (est. cost 0, 0 stockout days, medium risk) over expedite (24 / 0d); substitute rm could not land in time; plan assumed supplier ETA 2023-10-02.",0.0,0,522.18,9,failed,2023-11-03,Accept delay failed: the alternate lane was hit by the same country disruption. Next time pad the supplier ETA and check alternates earlier.,"[""RMPO009882"", ""RMREV002316""]",0.0,1,active country shock; root cause rail_disruption; lowest-cost estimate at decision time; realised supply worse than notified
DEC00158,EVT00109,2023-09-27,category_manager,accept_delay,"[{""option"": ""accept_delay"", ""est_cost"": 0.0, ""est_stockout_days"": 0, ""risk"": ""medium"", ""feasible"": true}, {""option"": ""substitute_rm"", ""est_cost"": 8000.0, ""est_stockout_days"": 0, ""risk"": ""medium"", ""feasible"": false}]",accept the revised ETA on RMPO009881 and cover gaps with spot buys,"Chose accept delay (est. cost 0, 0 stockout days, medium risk); substitute rm could not land in time; plan assumed supplier ETA 2023-09-30.",0.0,0,722.74,4,partial,2023-11-08,Accept delay only partly worked: the alternate lane was hit by the same country disruption. Next time pad the supplier ETA and check alternates earlier.,"[""RMPO009881"", ""RMREV002335""]",0.0,1,active country shock; root cause rail_disruption
DEC00159,EVT00110,2023-09-29,supply_planner,expedite,"[{""option"": ""accept_delay"", ""est_cost"": 807.89, ""est_stockout_days"": 4, ""risk"": ""medium"", ""feasible"": true}, {""option"": ""expedite"", ""est_cost"": 326.83, ""est_stockout_days"": 0, ""risk"": ""medium"", ""feasible"": true}, {""option"": ""switch_supplier"", ""est_cost"": 2007.89, ""est_stockout_days"": 4, ""risk"": ""medium"", ""feasible"": false}]",expedite RMPO009943 with Supplier 042 (SUP0042),"Chose expedite (est. cost 327, 0 stockout days, medium risk) over accept delay (808 / 4d); switch supplier could not land in time; plan assumed supplier ETA 2023-10-08.",326.83,0,1982.99,9,failed,2023-11-05,Expedite failed: the alternate lane was hit by the same country disruption. Next time pad the supplier ETA and check alternates earlier.,"[""RMPO009943"", ""RMREV002361"", ""RMREV002362""]",165.25,1,active country shock; root cause rail_disruption; lowest-cost estimate at decision time; realised supply worse than notified
DEC00160,EVT00102,2023-09-29,category_manager,accept_delay,"[{""option"": ""accept_delay"", ""est_cost"": 20.49, ""est_stockout_days"": 1, ""risk"": ""high"", ""feasible"": true}, {""option"": ""expedite"", ""est_cost"": 24.71, ""est_stockout_days"": 1, ""risk"": ""low"", ""feasible"": true}, {""option"": ""switch_supplier"", ""est_cost"": 1224.03, ""est_stockout_days"": 1, ""risk"": ""high"", ""feasible"": false}, {""option"": ""substitute_rm"", ""est_cost"": 8020.49, ""est_stockout_days"": 1, ""risk"": ""medium"", ""feasible"": false}]",accept the revised ETA on RMPO008875 and cover gaps with spot buys,"Chose accept delay (est. cost 20, 1 stockout days, high risk) over expedite (25 / 1d); switch supplier, substitute rm could not land in time; plan assumed supplier ETA 2023-10-19.",20.49,1,0.0,0,success,2023-11-08,Accept delay worked: actual 0 stockout days vs 1 planned.,"[""RMPO008875"", ""RMREV002352""]",0.0,0,active country shock; root cause port_congestion
DEC00161,EVT00110,2023-10-01,category_manager,expedite,"[{""option"": ""accept_delay"", ""est_cost"": 867.96, ""est_stockout_days"": 5, ""risk"": ""high"", ""feasible"": true}, {""option"": ""expedite"", ""est_cost"": 315.05, ""est_stockout_days"": 0, ""risk"": ""high"", ""feasible"": true}, {""option"": ""switch_supplier"", ""est_cost"": 2074.33, ""est_stockout_days"": 5, ""risk"": ""medium"", ""feasible"": false}]",expedite RMPO010199 with Supplier 042 (SUP0042),"Chose expedite (est. cost 315, 0 stockout days, high risk) over accept delay (868 / 5d); switch supplier could not land in time; plan assumed supplier ETA 2023-10-12.",315.05,0,2224.57,12,failed,2023-11-10,Expedite failed: Nov-Dec ETA notices from Supplier 042 (SUP0042) understated the slip; the first revised date was optimistic; the alternate lane was hit by the same country disruption. Next time pad the supplier ETA and check alternates earlier.,"[""RMPO010199"", ""RMREV002383"", ""RMREV002384""]",141.46,1,Q4 peak season; active country shock; root cause rail_disruption; lowest-cost estimate at decision time; realised supply worse than notified
DEC00162,EVT00112,2023-10-02,supply_planner,expedite,"[{""option"": ""accept_delay"", ""est_cost"": 1149.41, ""est_stockout_days"": 21, ""risk"": ""high"", ""feasible"": true}, {""option"": ""expedite"", ""est_cost"": 858.31, ""est_stockout_days"": 14, ""risk"": ""high"", ""feasible"": true}, {""option"": ""switch_supplier"", ""est_cost"": 1316.6, ""est_stockout_days"": 2, ""risk"": ""medium"", ""feasible"": true}]",expedite RMPO008669 with Supplier 033 (SUP0033),"Chose expedite (est. cost 858, 14 stockout days, high risk) over accept delay (1,149 / 21d) and switch supplier (1,317 / 2d); plan assumed supplier ETA 2023-11-03.",858.31,14,781.68,14,success,2023-11-09,Expedite worked: actual 14 stockout days vs 14 planned. Worked even in Q4 because the supplier's first revised ETA held.,"[""RMPO008669"", ""RMREV002390"", ""RMREV002391""]",15.4,1,Q4 peak season
DEC00163,EVT00117,2023-10-03,category_manager,switch_supplier,"[{""option"": ""accept_delay"", ""est_cost"": 4186.98, ""est_stockout_days"": 21, ""risk"": ""high"", ""feasible"": true}, {""option"": ""expedite"", ""est_cost"": 3512.59, ""est_stockout_days"": 16, ""risk"": ""high"", ""feasible"": true}, {""option"": ""switch_supplier"", ""est_cost"": 2396.28, ""est_stockout_days"": 6, ""risk"": ""medium"", ""feasible"": true}, {""option"": ""substitute_rm"", ""est_cost"": 8000.0, ""est_stockout_days"": 0, ""risk"": ""medium"", ""feasible"": false}]",place RMPO010715 with the alternate source and cancel RMPO008911,"Chose switch supplier (est. cost 2,396, 6 stockout days, medium risk) over expedite (3,513 / 16d) and accept delay (4,187 / 21d); substitute rm could not land in time; plan assumed supplier ETA 2023-10-31.",2396.28,6,3791.94,13,failed,2023-11-13,Switch supplier failed: the alternate source also shipped late. Next time pad the supplier ETA and check alternates earlier.,"[""RMPO008911"", ""RMREV002414"", ""RMPO010715"", ""RMPOL0010838""]",1200.0,1,Q4 peak season; lowest-cost estimate at decision time; realised supply worse than notified
DEC00164,EVT00101,2023-10-03,supply_chain_director,accept_delay,"[{""option"": ""accept_delay"", ""est_cost"": 796.23, ""est_stockout_days"": 5, ""risk"": ""high"", ""feasible"": true}, {""option"": ""expedite"", ""est_cost"": 873.33, ""est_stockout_days"": 5, ""risk"": ""high"", ""feasible"": true}, {""option"": ""switch_supplier"", ""est_cost"": 2023.53, ""est_stockout_days"": 5, ""risk"": ""high"", ""feasible"": false}, {""option"": ""substitute_rm"", ""est_cost"": 8796.23, ""est_stockout_days"": 5, ""risk"": ""medium"", ""feasible"": false}]",accept the revised ETA on RMPO009767 and cover gaps with spot buys,"Chose accept delay (est. cost 796, 5 stockout days, high risk) over expedite (873 / 5d); switch supplier, substitute rm could not land in time; plan assumed supplier ETA 2023-10-14.",796.23,5,0.0,0,success,2023-11-11,Accept delay worked: actual 0 stockout days vs 5 planned. Worked even in Q4 because the supplier's first revised ETA held.,"[""RMPO009767"", ""RMREV002421""]",0.0,0,Q4 peak season; active country shock; root cause rail_disruption
DEC00165,EVT00102,2023-10-03,supply_planner,accept_delay,"[{""option"": ""accept_delay"", ""est_cost"": 886.41, ""est_stockout_days"": 33, ""risk"": ""medium"", ""feasible"": true}, {""option"": ""expedite"", ""est_cost"": 916.46, ""est_stockout_days"": 33, ""risk"": ""high"", ""feasible"": true}, {""option"": ""switch_supplier"", ""est_cost"": 2086.41, ""est_stockout_days"": 33, ""risk"": ""medium"", ""feasible"": false}]",accept the revised ETA on RMPO010571 and cover gaps with spot buys,"Chose accept delay (est. cost 886, 33 stockout days, medium risk) over expedite (916 / 33d); switch supplier could not land in time; plan assumed supplier ETA 2023-10-11.",886.41,33,99.11,2,success,2023-11-09,Accept delay worked: actual 2 stockout days vs 33 planned. Worked even in Q4 because the supplier's first revised ETA held.,"[""RMPO010571"", ""RMREV002432""]",0.0,0,Q4 peak season; active country shock; root cause port_congestion
DEC00166,EVT00118,2023-10-06,buyer,expedite,"[{""option"": ""accept_delay"", ""est_cost"": 2648.04, ""est_stockout_days"": 2, ""risk"": ""medium"", ""feasible"": true}, {""option"": ""expedite"", ""est_cost"": 2119.88, ""est_stockout_days"": 0, ""risk"": ""high"", ""feasible"": true}, {""option"": ""switch_supplier"", ""est_cost"": 2833.77, ""est_stockout_days"": 1, ""risk"": ""medium"", ""feasible"": true}]",expedite RMPO008639 with Supplier 086 (SUP0086),"Chose expedite (est. cost 2,120, 0 stockout days, high risk) over accept delay (2,648 / 2d) and switch supplier (2,834 / 1d); plan assumed supplier ETA 2023-10-13.",2119.88,0,10858.42,7,failed,2023-11-13,Expedite failed: Nov-Dec ETA notices from Supplier 086 (SUP0086) understated the slip; the first revised date was optimistic; the alternate lane was hit by the same country disruption. Next time pad the supplier ETA and check alternates earlier.,"[""RMPO008639"", ""RMREV002475"", ""RMREV002476""]",1590.27,1,Q4 peak season; active country shock; root cause rail_disruption; lowest-cost estimate at decision time; realised supply worse than notified
DEC00167,EVT00102,2023-10-07,supply_planner,switch_supplier,"[{""option"": ""accept_delay"", ""est_cost"": 3523.51, ""est_stockout_days"": 13, ""risk"": ""high"", ""feasible"": true}, {""option"": ""expedite"", ""est_cost"": 2948.8, ""est_stockout_days"": 9, ""risk"": ""high"", ""feasible"": true}, {""option"": ""switch_supplier"", ""est_cost"": 1249.44, ""est_stockout_days"": 0, ""risk"": ""medium"", ""feasible"": true}, {""option"": ""reallocate_stock"", ""est_cost"": 3874.53, ""est_stockout_days"": 13, ""risk"": ""high"", ""feasible"": true}, {""option"": ""substitute_rm"", ""est_cost"": 9496.28, ""est_stockout_days"": 5, ""risk"": ""medium"", ""feasible"": false}]",place RMPO010724 with the alternate source and cancel RMPO010128,"Chose switch supplier (est. cost 1,249, 0 stockout days, medium risk) over expedite (2,949 / 9d) and accept delay (3,524 / 13d); substitute rm could not land in time; plan assumed supplier ETA 2023-11-09.",1249.44,0,1249.44,0,success,2023-11-16,Switch supplier worked: actual 0 stockout days vs 0 planned. Worked even in Q4 because the supplier's first revised ETA held.,"[""RMPO010128"", ""RMREV002497"", ""RMPO010724"", ""RMPOL0010847""]",1249.44,0,Q4 peak season; active country shock; root cause port_congestion
DEC00168,EVT00104,2023-10-10,buyer,expedite,"[{""option"": ""accept_delay"", ""est_cost"": 529.15, ""est_stockout_days"": 3, ""risk"": ""medium"", ""feasible"": true}, {""option"": ""expedite"", ""est_cost"": 210.76, ""est_stockout_days"": 0, ""risk"": ""high"", ""feasible"": true}]",expedite RMPO008915 with Supplier 138 (SUP0138),"Chose expedite (est. cost 211, 0 stockout days, high risk) over accept delay (529 / 3d); plan assumed supplier ETA 2023-10-19.",210.76,0,1515.99,8,failed,2023-11-18,Expedite failed: Nov-Dec ETA notices from Supplier 138 (SUP0138) understated the slip; the first revised date was optimistic. Next time pad the supplier ETA and check alternates earlier.,"[""RMPO008915"", ""RMREV002533"", ""RMREV002534""]",104.93,1,Q4 peak season; lowest-cost estimate at decision time; realised supply worse than notified
DEC00169,EVT00119,2023-10-11,buyer,accept_delay,"[{""option"": ""accept_delay"", ""est_cost"": 181.06, ""est_stockout_days"": 2, ""risk"": ""medium"", ""feasible"": true}, {""option"": ""expedite"", ""est_cost"": 248.93, ""est_stockout_days"": 0, ""risk"": ""high"", ""feasible"": true}, {""option"": ""switch_supplier"", ""est_cost"": 1460.16, ""est_stockout_days"": 2, ""risk"": ""medium"", ""feasible"": false}, {""option"": ""substitute_rm"", ""est_cost"": 8181.06, ""est_stockout_days"": 2, ""risk"": ""medium"", ""feasible"": false}]",accept the revised ETA on RMPO009876 and cover gaps with spot buys,"Chose accept delay (est. cost 181, 2 stockout days, medium risk) over expedite (249 / 0d); switch supplier, substitute rm could not land in time; plan assumed supplier ETA 2023-10-21.",181.06,2,0.0,0,success,2023-11-20,Accept delay worked: actual 0 stockout days vs 2 planned. Worked even in Q4 because the supplier's first revised ETA held.,"[""RMPO009876"", ""RMREV002527"", ""RMREV002561""]",0.0,0,Q4 peak season; active country shock; root cause large_po
DEC00170,EVT00121,2023-10-12,category_manager,expedite,"[{""option"": ""accept_delay"", ""est_cost"": 1129.12, ""est_stockout_days"": 5, ""risk"": ""high"", ""feasible"": true}, {""option"": ""expedite"", ""est_cost"": 367.69, ""est_stockout_days"": 0, ""risk"": ""high"", ""feasible"": true}, {""option"": ""switch_supplier"", ""est_cost"": 1884.62, ""est_stockout_days"": 3, ""risk"": ""medium"", ""feasible"": true}]",expedite RMPO010454 with Supplier 042 (SUP0042),"Chose expedite (est. cost 368, 0 stockout days, high risk) over accept delay (1,129 / 5d) and switch supplier (1,885 / 3d); plan assumed supplier ETA 2023-10-25.",367.69,0,2625.94,11,failed,2023-11-20,Expedite failed: Nov-Dec ETA notices from Supplier 042 (SUP0042) understated the slip; the first revised date was optimistic; the alternate lane was hit by the same country disruption. Next time pad the supplier ETA and check alternates earlier.,"[""RMPO010454"", ""RMREV002576"", ""RMREV002577""]",141.87,1,Q4 peak season; active country shock; root cause rail_disruption; lowest-cost estimate at decision time; realised supply worse than notified
DEC00171,EVT00120,2023-10-12,category_manager,expedite,"[{""option"": ""accept_delay"", ""est_cost"": 73.73, ""est_stockout_days"": 2, ""risk"": ""high"", ""feasible"": true}, {""option"": ""expedite"", ""est_cost"": 50.2, ""est_stockout_days"": 0, ""risk"": ""high"", ""feasible"": true}, {""option"": ""substitute_rm"", ""est_cost"": 8000.0, ""est_stockout_days"": 0, ""risk"": ""medium"", ""feasible"": false}]",expedite RMPO009941 with Supplier 214 (SUP0214),"Chose expedite (est. cost 50, 0 stockout days, high risk) over accept delay (74 / 2d); substitute rm could not land in time; plan assumed supplier ETA 2023-10-24.",50.2,0,256.63,6,failed,2023-11-21,Expedite failed: Nov-Dec ETA notices from Supplier 214 (SUP0214) understated the slip; the first revised date was optimistic. Next time pad the supplier ETA and check alternates earlier.,"[""RMPO009941"", ""RMREV002572"", ""RMREV002573""]",35.45,1,Q4 peak season; lowest-cost estimate at decision time; realised supply worse than notified
DEC00172,EVT00102,2023-10-13,category_manager,accept_delay,"[{""option"": ""accept_delay"", ""est_cost"": 180.46, ""est_stockout_days"": 1, ""risk"": ""high"", ""feasible"": true}, {""option"": ""expedite"", ""est_cost"": 383.51, ""est_stockout_days"": 1, ""risk"": ""high"", ""feasible"": true}, {""option"": ""switch_supplier"", ""est_cost"": 1431.08, ""est_stockout_days"": 1, ""risk"": ""medium"", ""feasible"": true}, {""option"": ""reallocate_stock"", ""est_cost"": 582.75, ""est_stockout_days"": 1, ""risk"": ""high"", ""feasible"": true}]",accept the revised ETA on RMPO010378 and cover gaps with spot buys,"Chose accept delay (est. cost 180, 1 stockout days, high risk) over expedite (384 / 1d) and reallocate stock (583 / 1d); plan assumed supplier ETA 2023-10-26.",180.46,1,0.0,0,success,2023-11-24,Accept delay worked: actual 0 stockout days vs 1 planned. Worked even in Q4 because the supplier's first revised ETA held.,"[""RMPO010378"", ""RMREV002591""]",0.0,0,Q4 peak season; active country shock; root cause port_congestion
DEC00173,EVT00109,2023-10-14,plant_scheduler,expedite,"[{""option"": ""accept_delay"", ""est_cost"": 116.33, ""est_stockout_days"": 1, ""risk"": ""medium"", ""feasible"": true}, {""option"": ""expedite"", ""est_cost"": 125.75, ""est_stockout_days"": 0, ""risk"": ""high"", ""feasible"": true}, {""option"": ""substitute_rm"", ""est_cost"": 8000.0, ""est_stockout_days"": 0, ""risk"": ""medium"", ""feasible"": false}]",expedite RMPO010728 with Supplier 185 (SUP0185),"Chose expedite (est. cost 126, 0 stockout days, high risk) over accept delay (116 / 1d); substitute rm could not land in time; plan assumed supplier ETA 2023-10-19.",125.75,0,684.13,5,partial,2023-11-22,Expedite only partly worked: Nov-Dec ETA notices from Supplier 185 (SUP0185) understated the slip; the first revised date was optimistic; the alternate lane was hit by the same country disruption. Next time pad the supplier ETA and check alternates earlier.,"[""RMPO010728"", ""RMREV002615"", ""RMREV002616""]",102.48,1,Q4 peak season; active country shock
DEC00174,EVT00122,2023-10-19,category_manager,expedite,"[{""option"": ""accept_delay"", ""est_cost"": 82.03, ""est_stockout_days"": 1, ""risk"": ""high"", ""feasible"": true}, {""option"": ""expedite"", ""est_cost"": 64.77, ""est_stockout_days"": 0, ""risk"": ""high"", ""feasible"": true}, {""option"": ""substitute_rm"", ""est_cost"": 8000.0, ""est_stockout_days"": 0, ""risk"": ""medium"", ""feasible"": false}]",expedite RMPO010959 with Supplier 185 (SUP0185),"Chose expedite (est. cost 65, 0 stockout days, high risk) over accept delay (82 / 1d); substitute rm could not land in time; plan assumed supplier ETA 2023-10-30.",64.77,0,212.42,2,success,2023-11-26,Expedite worked: actual 2 stockout days vs 0 planned. Worked even in Q4 because the supplier's first revised ETA held.,"[""RMPO010959"", ""RMREV002692"", ""RMREV002693""]",48.36,0,Q4 peak season
DEC00175,EVT00123,2023-10-24,supply_chain_director,accept_delay,"[{""option"": ""accept_delay"", ""est_cost"": 0.0, ""est_stockout_days"": 0, ""risk"": ""high"", ""feasible"": true}, {""option"": ""expedite"", ""est_cost"": 13.11, ""est_stockout_days"": 0, ""risk"": ""high"", ""feasible"": true}, {""option"": ""switch_supplier"", ""est_cost"": 1204.23, ""est_stockout_days"": 0, ""risk"": ""medium"", ""feasible"": false}]",accept the revised ETA on RMPO009430 and cover gaps with spot buys,"Chose accept delay (est. cost 0, 0 stockout days, high risk) over expedite (13 / 0d); switch supplier could not land in time; plan assumed supplier ETA 2023-11-04.",0.0,0,17.82,2,success,2023-12-05,Accept delay worked: actual 2 stockout days vs 0 planned. Worked even in Q4 because the supplier's first revised ETA held.,"[""RMPO009430"", ""RMREV002735""]",0.0,0,Q4 peak season; root cause peak_season_capacity; supplier with year-end capacity history
DEC00176,EVT00124,2023-10-24,buyer,expedite,"[{""option"": ""accept_delay"", ""est_cost"": 93.33, ""est_stockout_days"": 4, ""risk"": ""high"", ""feasible"": true}, {""option"": ""expedite"", ""est_cost"": 40.36, ""est_stockout_days"": 0, ""risk"": ""high"", ""feasible"": true}, {""option"": ""switch_supplier"", ""est_cost"": 1300.23, ""est_stockout_days"": 4, ""risk"": ""medium"", ""feasible"": false}]",expedite RMPO009679 with Supplier 136 (SUP0136),"Chose expedite (est. cost 40, 0 stockout days, high risk) over accept delay (93 / 4d); switch supplier could not land in time; plan assumed supplier ETA 2023-11-06.",40.36,0,231.68,9,failed,2023-11-30,Expedite failed: Nov-Dec ETA notices from Supplier 136 (SUP0136) understated the slip; the first revised date was optimistic. Next time pad the supplier ETA and check alternates earlier.,"[""RMPO009679"", ""RMREV002737"", ""RMREV002738""]",21.69,1,Q4 peak season; lowest-cost estimate at decision time; realised supply worse than notified
DEC00177,EVT00041,2023-10-26,category_manager,substitute_rm,"[{""option"": ""substitute_rm"", ""est_cost"": 8000.0, ""est_stockout_days"": 0, ""risk"": ""medium"", ""feasible"": true}, {""option"": ""switch_supplier"", ""est_cost"": 7200.0, ""est_stockout_days"": 1, ""risk"": ""medium"", ""feasible"": true}, {""option"": ""accept_delay"", ""est_cost"": 12000.0, ""est_stockout_days"": 5, ""risk"": ""high"", ""feasible"": true}]",qualify CR Steel Coil 1.2mm G2 (RM0113) to replace RM0110 in IP00926 from 2023-11-27,"Chose substitute rm (est. cost 8,000, 0 stockout days, medium risk) over switch supplier (7,200 / 1d) and accept delay (12,000 / 5d).",8000.0,0,8000.0,0,success,2024-05-29,Substitute rm worked: actual 0 stockout days vs 0 planned. Worked even in Q4 because the supplier's first revised ETA held.,"[""BOM003628"", ""BOM003629"", ""BOM003630"", ""BOM003631"", ""BOM003632"", ""BOM003633"", ""BOM003634"", ""BOM003635"", ""BOM003636"", ""BOM003637"", ""BOM003638""]",8000.0,0,Q4 peak season
DEC00178,EVT00122,2023-10-27,supply_planner,accept_delay,"[{""option"": ""accept_delay"", ""est_cost"": 114.13, ""est_stockout_days"": 1, ""risk"": ""medium"", ""feasible"": true}, {""option"": ""expedite"", ""est_cost"": 388.82, ""est_stockout_days"": 0, ""risk"": ""high"", ""feasible"": true}, {""option"": ""substitute_rm"", ""est_cost"": 8000.0, ""est_stockout_days"": 0, ""risk"": ""medium"", ""feasible"": false}]",accept the revised ETA on RMPO011227 and cover gaps with spot buys,"Chose accept delay (est. cost 114, 1 stockout days, medium risk) over expedite (389 / 0d); substitute rm could not land in time; plan assumed supplier ETA 2023-11-04.",114.13,1,342.38,3,success,2023-12-05,Accept delay worked: actual 3 stockout days vs 1 planned. Worked even in Q4 because the supplier's first revised ETA held.,"[""RMPO011227"", ""RMREV002775""]",0.0,1,Q4 peak season
DEC00179,EVT00126,2023-10-27,supply_planner,accept_delay,"[{""option"": ""accept_delay"", ""est_cost"": 519.03, ""est_stockout_days"": 3, ""risk"": ""high"", ""feasible"": true}, {""option"": ""expedite"", ""est_cost"": 534.07, ""est_stockout_days"": 0, ""risk"": ""high"", ""feasible"": true}]",accept the revised ETA on RMPO010217 and cover gaps with spot buys,"Chose accept delay (est. cost 519, 3 stockout days, high risk) over expedite (534 / 0d); plan assumed supplier ETA 2023-11-08.",519.03,3,1653.75,8,partial,2023-12-07,Accept delay only partly worked: Nov-Dec ETA notices from Supplier 182 (SUP0182) understated the slip; the first revised date was optimistic. Next time pad the supplier ETA and check alternates earlier.,"[""RMPO010217"", ""RMREV002771""]",0.0,0,Q4 peak season
DEC00180,EVT00123,2023-10-30,buyer,expedite,"[{""option"": ""accept_delay"", ""est_cost"": 97.58, ""est_stockout_days"": 2, ""risk"": ""medium"", ""feasible"": true}, {""option"": ""expedite"", ""est_cost"": 41.49, ""est_stockout_days"": 0, ""risk"": ""high"", ""feasible"": true}, {""option"": ""switch_supplier"", ""est_cost"": 1306.05, ""est_stockout_days"": 2, ""risk"": ""medium"", ""feasible"": false}]",expedite RMPO009437 with Supplier 118 (SUP0118),"Chose expedite (est. cost 41, 0 stockout days, high risk) over accept delay (98 / 2d); switch supplier could not land in time; plan assumed supplier ETA 2023-11-08.",41.49,0,314.71,6,failed,2023-12-10,Expedite failed: Nov-Dec ETA notices from Supplier 118 (SUP0118) understated the slip; the first revised date was optimistic. Next time pad the supplier ETA and check alternates earlier.,"[""RMPO009437"", ""RMREV002800"", ""RMREV002801""]",21.97,1,Q4 peak season; root cause peak_season_capacity; supplier with year-end capacity history; lowest-cost estimate at decision time; realised supply worse than notified
DEC00181,EVT00094,2023-10-30,category_manager,substitute_rm,"[{""option"": ""substitute_rm"", ""est_cost"": 8000.0, ""est_stockout_days"": 0, ""risk"": ""medium"", ""feasible"": true}, {""option"": ""switch_supplier"", ""est_cost"": 7200.0, ""est_stockout_days"": 1, ""risk"": ""medium"", ""feasible"": true}, {""option"": ""accept_delay"", ""est_cost"": 12000.0, ""est_stockout_days"": 5, ""risk"": ""high"", ""feasible"": true}]",qualify BOPP Laminate (RM0009) to replace RM0003 in IP02222 from 2023-11-14,"Chose substitute rm (est. cost 8,000, 0 stockout days, medium risk) over switch supplier (7,200 / 1d) and accept delay (12,000 / 5d).",8000.0,0,15500.0,5,partial,2024-05-18,Substitute rm only partly worked: supply arrived later than notified (5 vs 0 stockout days). Next time pad the supplier ETA and check alternates earlier.,"[""BOM008946"", ""BOM008947"", ""BOM008948"", ""BOM008949"", ""BOM008950"", ""BOM008951"", ""BOM008952"", ""BOM008953"", ""BOM008954""]",8000.0,1,Q4 peak season
DEC00182,EVT00127,2023-10-31,category_manager,expedite,"[{""option"": ""accept_delay"", ""est_cost"": 75.97, ""est_stockout_days"": 1, ""risk"": ""medium"", ""feasible"": true}, {""option"": ""expedite"", ""est_cost"": 68.74, ""est_stockout_days"": 0, ""risk"": ""high"", ""feasible"": true}, {""option"": ""switch_supplier"", ""est_cost"": 1304.68, ""est_stockout_days"": 1, ""risk"": ""high"", ""feasible"": false}]",expedite RMPO009431 with Supplier 118 (SUP0118),"Chose expedite (est. cost 69, 0 stockout days, high risk) over accept delay (76 / 1d); switch supplier could not land in time; plan assumed supplier ETA 2023-11-07.",68.74,0,129.52,1,success,2023-12-09,Expedite worked: actual 1 stockout days vs 0 planned. Worked even in Q4 because the supplier's first revised ETA held.,"[""RMPO009431"", ""RMREV002806"", ""RMREV002807""]",53.55,0,Q4 peak season; root cause peak_season_capacity; supplier with year-end capacity history
DEC00183,EVT00123,2023-11-02,category_manager,expedite,"[{""option"": ""accept_delay"", ""est_cost"": 411.57, ""est_stockout_days"": 13, ""risk"": ""high"", ""feasible"": true}, {""option"": ""expedite"", ""est_cost"": 345.27, ""est_stockout_days"": 9, ""risk"": ""high"", ""feasible"": true}, {""option"": ""switch_supplier"", ""est_cost"": 1620.42, ""est_stockout_days"": 13, ""risk"": ""medium"", ""feasible"": false}]",expedite RMPO009438 with Supplier 118 (SUP0118),"Chose expedite (est. cost 345, 9 stockout days, high risk) over accept delay (412 / 13d); switch supplier could not land in time; plan assumed supplier ETA 2023-11-21.",345.27,9,193.31,5,success,2023-12-09,Expedite worked: actual 5 stockout days vs 9 planned. Worked even in Q4 because the supplier's first revised ETA held.,"[""RMPO009438"", ""RMREV002830"", ""RMREV002831""]",35.01,0,Q4 peak season; root cause peak_season_capacity; supplier with year-end capacity history
DEC00184,EVT00127,2023-11-02,buyer,expedite,"[{""option"": ""accept_delay"", ""est_cost"": 740.44, ""est_stockout_days"": 7, ""risk"": ""high"", ""feasible"": true}, {""option"": ""expedite"", ""est_cost"": 651.6, ""est_stockout_days"": 4, ""risk"": ""high"", ""feasible"": true}, {""option"": ""switch_supplier"", ""est_cost"": 1275.62, ""est_stockout_days"": 0, ""risk"": ""high"", ""feasible"": true}]",expedite RMPO009436 with Supplier 118 (SUP0118),"Chose expedite (est. cost 652, 4 stockout days, high risk) over accept delay (740 / 7d) and switch supplier (1,276 / 0d); plan assumed supplier ETA 2023-11-16.",651.6,4,1540.12,13,failed,2023-12-13,Expedite failed: Nov-Dec ETA notices from Supplier 118 (SUP0118) understated the slip; the first revised date was optimistic. Next time pad the supplier ETA and check alternates earlier.,"[""RMPO009436"", ""RMREV002828"", ""RMREV002829""]",165.02,1,Q4 peak season; root cause peak_season_capacity; supplier with year-end capacity history; lowest-cost estimate at decision time; realised supply worse than notified
DEC00185,EVT00128,2023-11-04,plant_scheduler,accept_delay,"[{""option"": ""accept_delay"", ""est_cost"": 0.0, ""est_stockout_days"": 0, ""risk"": ""medium"", ""feasible"": true}, {""option"": ""expedite"", ""est_cost"": 13.84, ""est_stockout_days"": 0, ""risk"": ""high"", ""feasible"": true}, {""option"": ""switch_supplier"", ""est_cost"": 1206.71, ""est_stockout_days"": 0, ""risk"": ""medium"", ""feasible"": false}]",accept the revised ETA on RMPO009678 and cover gaps with spot buys,"Chose accept delay (est. cost 0, 0 stockout days, medium risk) over expedite (14 / 0d); switch supplier could not land in time; plan assumed supplier ETA 2023-11-10.",0.0,0,4.75,2,success,2023-12-13,Accept delay worked: actual 2 stockout days vs 0 planned. Worked even in Q4 because the supplier's first revised ETA held.,"[""RMPO009678"", ""RMREV002855""]",0.0,0,Q4 peak season; root cause peak_season_capacity; supplier with year-end capacity history
DEC00186,EVT00128,2023-11-04,supply_planner,accept_delay,"[{""option"": ""accept_delay"", ""est_cost"": 15.34, ""est_stockout_days"": 2, ""risk"": ""medium"", ""feasible"": true}, {""option"": ""expedite"", ""est_cost"": 15.53, ""est_stockout_days"": 0, ""risk"": ""high"", ""feasible"": true}, {""option"": ""switch_supplier"", ""est_cost"": 1217.9, ""est_stockout_days"": 2, ""risk"": ""medium"", ""feasible"": false}]",accept the revised ETA on RMPO009680 and cover gaps with spot buys,"Chose accept delay (est. cost 15, 2 stockout days, medium risk) over expedite (16 / 0d); switch supplier could not land in time; plan assumed supplier ETA 2023-11-13.",15.34,2,30.68,4,success,2023-12-12,Accept delay worked: actual 4 stockout days vs 2 planned. Worked even in Q4 because the supplier's first revised ETA held.,"[""RMPO009680"", ""RMREV002856""]",0.0,0,Q4 peak season; root cause peak_season_capacity; supplier with year-end capacity history
DEC00187,EVT00129,2023-11-05,category_manager,expedite,"[{""option"": ""accept_delay"", ""est_cost"": 404.26, ""est_stockout_days"": 4, ""risk"": ""high"", ""feasible"": true}, {""option"": ""expedite"", ""est_cost"": 252.03, ""est_stockout_days"": 0, ""risk"": ""high"", ""feasible"": true}]",expedite RMPO009938 with Supplier 138 (SUP0138),"Chose expedite (est. cost 252, 0 stockout days, high risk) over accept delay (404 / 4d); plan assumed supplier ETA 2023-11-16.",252.03,0,1181.83,10,failed,2023-12-12,Expedite failed: Nov-Dec ETA notices from Supplier 138 (SUP0138) understated the slip; the first revised date was optimistic; premium freight into P05 costs about twice the network average. Next time pad the supplier ETA and check alternates earlier.,"[""RMPO009938"", ""RMREV002865"", ""RMREV002866""]",171.18,1,Q4 peak season; expedite into P05 (premium lane); lowest-cost estimate at decision time; realised supply worse than notified
DEC00188,EVT00130,2023-11-06,category_manager,expedite,"[{""option"": ""accept_delay"", ""est_cost"": 2091.07, ""est_stockout_days"": 5, ""risk"": ""high"", ""feasible"": true}, {""option"": ""expedite"", ""est_cost"": 637.09, ""est_stockout_days"": 0, ""risk"": ""high"", ""feasible"": true}, {""option"": ""switch_supplier"", ""est_cost"": 3370.13, ""est_stockout_days"": 5, ""risk"": ""high"", ""feasible"": false}, {""option"": ""substitute_rm"", ""est_cost"": 8000.0, ""est_stockout_days"": 0, ""risk"": ""medium"", ""feasible"": false}]",expedite RMPO009946 with Supplier 138 (SUP0138),"Chose expedite (est. cost 637, 0 stockout days, high risk) over accept delay (2,091 / 5d); switch supplier, substitute rm could not land in time; plan assumed supplier ETA 2023-11-18.",637.09,0,5655.65,13,failed,2023-12-15,Expedite failed: Nov-Dec ETA notices from Supplier 138 (SUP0138) understated the slip; the first revised date was optimistic. Next time pad the supplier ETA and check alternates earlier.,"[""RMPO009946"", ""RMREV002877"", ""RMREV002878""]",218.88,1,Q4 peak season; lowest-cost estimate at decision time; realised supply worse than notified
DEC00189,EVT00131,2023-11-07,buyer,accept_delay,"[{""option"": ""accept_delay"", ""est_cost"": 23.19, ""est_stockout_days"": 1, ""risk"": ""high"", ""feasible"": true}, {""option"": ""expedite"", ""est_cost"": 49.08, ""est_stockout_days"": 0, ""risk"": ""high"", ""feasible"": true}, {""option"": ""switch_supplier"", ""est_cost"": 1225.99, ""est_stockout_days"": 1, ""risk"": ""high"", ""feasible"": false}, {""option"": ""substitute_rm"", ""est_cost"": 8023.19, ""est_stockout_days"": 1, ""risk"": ""medium"", ""feasible"": false}]",accept the revised ETA on RMPO009794 and cover gaps with spot buys,"Chose accept delay (est. cost 23, 1 stockout days, high risk) over expedite (49 / 0d); switch supplier, substitute rm could not land in time; plan assumed supplier ETA 2023-11-21.",23.19,1,255.05,11,failed,2023-12-18,Accept delay failed: Nov-Dec ETA notices from Supplier 118 (SUP0118) understated the slip; the first revised date was optimistic. Next time pad the supplier ETA and check alternates earlier.,"[""RMPO009794"", ""RMREV002889""]",0.0,1,Q4 peak season; root cause peak_season_capacity; supplier with year-end capacity history; lowest-cost estimate at decision time; realised supply worse than notified
DEC00190,EVT00132,2023-11-10,buyer,expedite,"[{""option"": ""accept_delay"", ""est_cost"": 520.78, ""est_stockout_days"": 3, ""risk"": ""medium"", ""feasible"": true}, {""option"": ""expedite"", ""est_cost"": 246.19, ""est_stockout_days"": 0, ""risk"": ""high"", ""feasible"": true}, {""option"": ""switch_supplier"", ""est_cost"": 1727.15, ""est_stockout_days"": 3, ""risk"": ""medium"", ""feasible"": false}]",expedite RMPO011503 with Supplier 042 (SUP0042),"Chose expedite (est. cost 246, 0 stockout days, high risk) over accept delay (521 / 3d); switch supplier could not land in time; plan assumed supplier ETA 2023-11-20.",246.19,0,1530.77,8,failed,2023-12-19,Expedite failed: Nov-Dec ETA notices from Supplier 042 (SUP0042) understated the slip; the first revised date was optimistic. Next time pad the supplier ETA and check alternates earlier.,"[""RMPO011503"", ""RMREV002928"", ""RMREV002929""]",142.03,1,Q4 peak season; lowest-cost estimate at decision time; realised supply worse than notified
DEC00191,EVT00131,2023-11-10,supply_planner,expedite,"[{""option"": ""accept_delay"", ""est_cost"": 993.13, ""est_stockout_days"": 17, ""risk"": ""high"", ""feasible"": true}, {""option"": ""expedite"", ""est_cost"": 796.11, ""est_stockout_days"": 12, ""risk"": ""high"", ""feasible"": true}, {""option"": ""switch_supplier"", ""est_cost"": 2197.97, ""est_stockout_days"": 17, ""risk"": ""high"", ""feasible"": false}, {""option"": ""substitute_rm"", ""est_cost"": 8000.0, ""est_stockout_days"": 0, ""risk"": ""medium"", ""feasible"": false}]",expedite RMPO009939 with Supplier 118 (SUP0118),"Chose expedite (est. cost 796, 12 stockout days, high risk) over accept delay (993 / 17d); switch supplier, substitute rm could not land in time; plan assumed supplier ETA 2023-11-30.",796.11,12,854.53,14,success,2023-12-18,Expedite worked: actual 14 stockout days vs 12 planned. Worked even in Q4 because the supplier's first revised ETA held.,"[""RMPO009939"", ""RMREV002918"", ""RMREV002919""]",36.66,1,Q4 peak season; root cause peak_season_capacity; supplier with year-end capacity history
DEC00192,EVT00133,2023-11-13,category_manager,expedite,"[{""option"": ""accept_delay"", ""est_cost"": 198.9, ""est_stockout_days"": 16, ""risk"": ""high"", ""feasible"": true}, {""option"": ""expedite"", ""est_cost"": 129.82, ""est_stockout_days"": 8, ""risk"": ""high"", ""feasible"": true}, {""option"": ""switch_supplier"", ""est_cost"": 1226.24, ""est_stockout_days"": 2, ""risk"": ""high"", ""feasible"": true}]",expedite RMPO009792 with Supplier 118 (SUP0118),"Chose expedite (est. cost 130, 8 stockout days, high risk) over accept delay (199 / 16d) and switch supplier (1,226 / 2d); plan assumed supplier ETA 2023-12-08.",129.82,8,134.79,10,success,2023-12-23,Expedite worked: actual 10 stockout days vs 8 planned. Worked even in Q4 because the supplier's first revised ETA held.,"[""RMPO009792"", ""RMREV002964"", ""RMREV002965"", ""RMREV002977""]",10.48,0,Q4 peak season; root cause peak_season_capacity; supplier with year-end capacity history
DEC00193,EVT00134,2023-11-13,supply_planner,accept_delay,"[{""option"": ""accept_delay"", ""est_cost"": 1833.91, ""est_stockout_days"": 2, ""risk"": ""medium"", ""feasible"": true}, {""option"": ""expedite"", ""est_cost"": 3667.82, ""est_stockout_days"": 0, ""risk"": ""low"", ""feasible"": true}, {""option"": ""cancel_po"", ""est_cost"": 1166.96, ""est_stockout_days"": 1, ""risk"": ""medium"", ""feasible"": true}, {""option"": ""reallocate_stock"", ""est_cost"": 1775.43, ""est_stockout_days"": 0, ""risk"": ""low"", ""feasible"": true}]",ship available stock and backorder the balance,"Chose accept delay (est. cost 1,834, 2 stockout days, medium risk) over cancel po (1,167 / 1d) and reallocate stock (1,775 / 0d).",1833.91,2,4584.78,1,partial,2023-12-07,Accept delay only partly worked: Nov-Dec ETA notices from the supplier understated the slip; the first revised date was optimistic. Next time pad the supplier ETA and check alternates earlier.,"[""M00086168"", ""M00093442""]",0.0,0,Q4 peak season
DEC00194,EVT00131,2023-11-13,category_manager,accept_delay,"[{""option"": ""accept_delay"", ""est_cost"": 17.79, ""est_stockout_days"": 1, ""risk"": ""medium"", ""feasible"": true}, {""option"": ""expedite"", ""est_cost"": 34.18, ""est_stockout_days"": 0, ""risk"": ""high"", ""feasible"": true}, {""option"": ""switch_supplier"", ""est_cost"": 1221.51, ""est_stockout_days"": 1, ""risk"": ""high"", ""feasible"": false}, {""option"": ""substitute_rm"", ""est_cost"": 8000.0, ""est_stockout_days"": 0, ""risk"": ""medium"", ""feasible"": false}]",accept the revised ETA on RMPO010206 and cover gaps with spot buys,"Chose accept delay (est. cost 18, 1 stockout days, medium risk) over expedite (34 / 0d); switch supplier, substitute rm could not land in time; plan assumed supplier ETA 2023-11-23.",17.79,1,53.37,3,success,2023-12-21,Accept delay worked: actual 3 stockout days vs 1 planned. Worked even in Q4 because the supplier's first revised ETA held.,"[""RMPO010206"", ""RMREV002969""]",0.0,0,Q4 peak season; root cause peak_season_capacity; supplier with year-end capacity history
DEC00195,EVT00115,2023-11-15,supply_planner,reallocate_stock,"[{""option"": ""accept_delay"", ""est_cost"": 400.0, ""est_stockout_days"": 2, ""risk"": ""medium"", ""feasible"": true}, {""option"": ""expedite"", ""est_cost"": 432.98, ""est_stockout_days"": 0, ""risk"": ""low"", ""feasible"": true}, {""option"": ""cancel_po"", ""est_cost"": 450.0, ""est_stockout_days"": 1, ""risk"": ""medium"", ""feasible"": true}, {""option"": ""reallocate_stock"", ""est_cost"": 562.37, ""est_stockout_days"": 0, ""risk"": ""low"", ""feasible"": true}]",transfer 17 units of IP01819 into W010 (transfer T0010434),"Chose reallocate stock (est. cost 562, 0 stockout days, low risk) over accept delay (400 / 2d) and expedite (433 / 0d).",562.37,0,562.37,0,success,2023-12-22,Reallocate stock worked: actual 0 stockout days vs 0 planned. Worked even in Q4 because the supplier's first revised ETA held.,"[""T0010434""]",562.37,0,Q4 peak season
DEC00196,EVT00133,2023-11-15,supply_chain_director,accept_delay,"[{""option"": ""accept_delay"", ""est_cost"": 0.0, ""est_stockout_days"": 0, ""risk"": ""medium"", ""feasible"": true}, {""option"": ""expedite"", ""est_cost"": 24.94, ""est_stockout_days"": 0, ""risk"": ""high"", ""feasible"": true}, {""option"": ""switch_supplier"", ""est_cost"": 1203.05, ""est_stockout_days"": 0, ""risk"": ""high"", ""feasible"": false}]",accept the revised ETA on RMPO010201 and cover gaps with spot buys,"Chose accept delay (est. cost 0, 0 stockout days, medium risk) over expedite (25 / 0d); switch supplier could not land in time; plan assumed supplier ETA 2023-11-22.",0.0,0,16.71,1,success,2023-12-26,Accept delay worked: actual 1 stockout days vs 0 planned. Worked even in Q4 because the supplier's first revised ETA held.,"[""RMPO010201"", ""RMREV002996""]",0.0,1,Q4 peak season; root cause peak_season_capacity; supplier with year-end capacity history
DEC00197,EVT00135,2023-11-15,supply_planner,expedite,"[{""option"": ""accept_delay"", ""est_cost"": 174.06, ""est_stockout_days"": 3, ""risk"": ""high"", ""feasible"": true}, {""option"": ""expedite"", ""est_cost"": 87.1, ""est_stockout_days"": 0, ""risk"": ""high"", ""feasible"": true}, {""option"": ""substitute_rm"", ""est_cost"": 8000.0, ""est_stockout_days"": 0, ""risk"": ""medium"", ""feasible"": false}]",expedite RMPO012052 with Supplier 185 (SUP0185),"Chose expedite (est. cost 87, 0 stockout days, high risk) over accept delay (174 / 3d); substitute rm could not land in time; plan assumed supplier ETA 2023-11-26.",87.1,0,516.45,8,failed,2023-12-23,Expedite failed: Nov-Dec ETA notices from Supplier 185 (SUP0185) understated the slip; the first revised date was optimistic. Next time pad the supplier ETA and check alternates earlier.,"[""RMPO012052"", ""RMREV003003"", ""RMREV003004""]",52.29,1,Q4 peak season; lowest-cost estimate at decision time; realised supply worse than notified
DEC00198,EVT00127,2023-11-15,plant_scheduler,expedite,"[{""option"": ""accept_delay"", ""est_cost"": 162.76, ""est_stockout_days"": 2, ""risk"": ""medium"", ""feasible"": true}, {""option"": ""expedite"", ""est_cost"": 141.2, ""est_stockout_days"": 0, ""risk"": ""high"", ""feasible"": true}, {""option"": ""switch_supplier"", ""est_cost"": 1258.93, ""est_stockout_days"": 0, ""risk"": ""high"", ""feasible"": true}]",expedite RMPO009947 with Supplier 118 (SUP0118),"Chose expedite (est. cost 141, 0 stockout days, high risk) over accept delay (163 / 2d) and switch supplier (1,259 / 0d); plan assumed supplier ETA 2023-11-24.",141.2,0,515.55,5,partial,2023-12-24,Expedite only partly worked: Nov-Dec ETA notices from Supplier 118 (SUP0118) understated the slip; the first revised date was optimistic. Next time pad the supplier ETA and check alternates earlier.,"[""RMPO009947"", ""RMREV002990"", ""RMREV002991""]",108.65,1,Q4 peak season; root cause peak_season_capacity; supplier with year-end capacity history
DEC00199,EVT00135,2023-11-17,buyer,expedite,"[{""option"": ""accept_delay"", ""est_cost"": 2442.9, ""est_stockout_days"": 21, ""risk"": ""high"", ""feasible"": true}, {""option"": ""expedite"", ""est_cost"": 2262.32, ""est_stockout_days"": 18, ""risk"": ""high"", ""feasible"": true}, {""option"": ""substitute_rm"", ""est_cost"": 8000.0, ""est_stockout_days"": 0, ""risk"": ""medium"", ""feasible"": false}]",expedite RMPO012303 with Supplier 185 (SUP0185),"Chose expedite (est. cost 2,262, 18 stockout days, high risk) over accept delay (2,443 / 21d); substitute rm could not land in time; plan assumed supplier ETA 2023-12-19.",2262.32,18,1610.88,13,success,2023-12-29,Expedite worked: actual 13 stockout days vs 18 planned. Worked even in Q4 because the supplier's first revised ETA held.,"[""RMPO012303"", ""RMREV003025"", ""RMREV003026""]",98.6,0,Q4 peak season
DEC00200,EVT00133,2023-11-18,category_manager,expedite,"[{""option"": ""accept_delay"", ""est_cost"": 584.85, ""est_stockout_days"": 12, ""risk"": ""high"", ""feasible"": true}, {""option"": ""expedite"", ""est_cost"": 439.38, ""est_stockout_days"": 8, ""risk"": ""high"", ""feasible"": true}, {""option"": ""switch_supplier"", ""est_cost"": 1445.06, ""est_stockout_days"": 5, ""risk"": ""high"", ""feasible"": true}]",expedite RMPO009790 with Supplier 118 (SUP0118),"Chose expedite (est. cost 439, 8 stockout days, high risk) over accept delay (585 / 12d) and switch supplier (1,445 / 5d); plan assumed supplier ETA 2023-12-06.",439.38,8,302.92,6,success,2023-12-26,Expedite worked: actual 6 stockout days vs 8 planned. Worked even in Q4 because the supplier's first revised ETA held.,"[""RMPO009790"", ""RMREV003027"", ""RMREV003028""]",10.49,1,Q4 peak season; root cause peak_season_capacity; supplier with year-end capacity history
DEC00201,EVT00137,2023-11-19,buyer,expedite,"[{""option"": ""accept_delay"", ""est_cost"": 2017.9, ""est_stockout_days"": 5, ""risk"": ""high"", ""feasible"": true}, {""option"": ""expedite"", ""est_cost"": 680.4, ""est_stockout_days"": 0, ""risk"": ""high"", ""feasible"": true}, {""option"": ""switch_supplier"", ""est_cost"": 3407.7, ""est_stockout_days"": 5, ""risk"": ""medium"", ""feasible"": false}]",expedite RMPO012305 with Supplier 054 (SUP0054),"Chose expedite (est. cost 680, 0 stockout days, high risk) over accept delay (2,018 / 5d); switch supplier could not land in time; plan assumed supplier ETA 2023-12-07.",680.4,0,4312.62,10,failed,2023-12-31,Expedite failed: Nov-Dec ETA notices from Supplier 054 (SUP0054) understated the slip; the first revised date was optimistic. Next time pad the supplier ETA and check alternates earlier.,"[""RMPO012305"", ""RMREV003056"", ""RMREV003057""]",276.82,1,Q4 peak season; lowest-cost estimate at decision time; realised supply worse than notified
DEC00202,EVT00133,2023-11-20,category_manager,expedite,"[{""option"": ""accept_delay"", ""est_cost"": 195.65, ""est_stockout_days"": 5, ""risk"": ""high"", ""feasible"": true}, {""option"": ""expedite"", ""est_cost"": 193.65, ""est_stockout_days"": 2, ""risk"": ""high"", ""feasible"": true}, {""option"": ""switch_supplier"", ""est_cost"": 1322.96, ""est_stockout_days"": 3, ""risk"": ""high"", ""feasible"": true}]",expedite RMPO010212 with Supplier 118 (SUP0118),"Chose expedite (est. cost 194, 2 stockout days, high risk) over accept delay (196 / 5d) and switch supplier (1,323 / 3d); plan assumed supplier ETA 2023-12-03.",193.65,2,657.06,14,failed,2023-12-28,Expedite failed: Nov-Dec ETA notices from Supplier 118 (SUP0118) understated the slip; the first revised date was optimistic; premium freight into P05 costs about twice the network average. Next time pad the supplier ETA and check alternates earlier.,"[""RMPO010212"", ""RMREV003061"", ""RMREV003062""]",91.91,1,Q4 peak season; root cause peak_season_capacity; supplier with year-end capacity history; expedite into P05 (premium lane); lowest-cost estimate at decision time; realised supply worse than notified
DEC00203,EVT00137,2023-11-23,supply_chain_director,switch_supplier,"[{""option"": ""accept_delay"", ""est_cost"": 4809.17, ""est_stockout_days"": 12, ""risk"": ""high"", ""feasible"": true}, {""option"": ""expedite"", ""est_cost"": 4024.05, ""est_stockout_days"": 9, ""risk"": ""high"", ""feasible"": true}, {""option"": ""switch_supplier"", ""est_cost"": 1600.76, ""est_stockout_days"": 1, ""risk"": ""medium"", ""feasible"": true}]",place RMPO012544 with the alternate source and cancel RMPO011134,"Chose switch supplier (est. cost 1,601, 1 stockout days, medium risk) over expedite (4,024 / 9d) and accept delay (4,809 / 12d); plan assumed supplier ETA 2023-12-14.",1600.76,1,4806.88,9,failed,2024-01-04,Switch supplier failed: the alternate source also shipped late. Next time pad the supplier ETA and check alternates earlier.,"[""RMPO011134"", ""RMREV003111"", ""RMPO012544"", ""RMPOL0012696""]",1200.0,1,Q4 peak season; lowest-cost estimate at decision time; realised supply worse than notified
DEC00204,EVT00116,2023-11-28,supply_planner,reallocate_stock,"[{""option"": ""accept_delay"", ""est_cost"": 400.0, ""est_stockout_days"": 2, ""risk"": ""medium"", ""feasible"": true}, {""option"": ""expedite"", ""est_cost"": 356.47, ""est_stockout_days"": 0, ""risk"": ""low"", ""feasible"": true}, {""option"": ""cancel_po"", ""est_cost"": 450.0, ""est_stockout_days"": 1, ""risk"": ""medium"", ""feasible"": true}, {""option"": ""reallocate_stock"", ""est_cost"": 533.68, ""est_stockout_days"": 0, ""risk"": ""low"", ""feasible"": true}]",transfer 6 units of IP01334 into W002 (transfer T0001396),"Chose reallocate stock (est. cost 534, 0 stockout days, low risk) over expedite (356 / 0d) and accept delay (400 / 2d).",533.68,0,533.68,0,success,2024-01-09,Reallocate stock worked: actual 0 stockout days vs 0 planned. Worked even in Q4 because the supplier's first revised ETA held.,"[""T0001396""]",533.68,0,Q4 peak season
DEC00205,EVT00138,2023-11-28,buyer,switch_supplier,"[{""option"": ""accept_delay"", ""est_cost"": 2495.92, ""est_stockout_days"": 16, ""risk"": ""high"", ""feasible"": true}, {""option"": ""expedite"", ""est_cost"": 1876.96, ""est_stockout_days"": 8, ""risk"": ""high"", ""feasible"": true}, {""option"": ""switch_supplier"", ""est_cost"": 1511.99, ""est_stockout_days"": 2, ""risk"": ""medium"", ""feasible"": true}, {""option"": ""substitute_rm"", ""est_cost"": 8000.0, ""est_stockout_days"": 0, ""risk"": ""medium"", ""feasible"": false}]",place RMPO012791 with the alternate source and cancel RMPO010954,"Chose switch supplier (est. cost 1,512, 2 stockout days, medium risk) over expedite (1,877 / 8d) and accept delay (2,496 / 16d); substitute rm could not land in time; plan assumed supplier ETA 2023-12-25.",1511.99,2,2759.95,10,failed,2024-01-07,Switch supplier failed: the alternate source also shipped late. Next time pad the supplier ETA and check alternates earlier.,"[""RMPO010954"", ""RMREV003179"", ""RMPO012791"", ""RMPOL0012945""]",1200.0,1,Q4 peak season; lowest-cost estimate at decision time; realised supply worse than notified
DEC00206,EVT00135,2023-11-30,category_manager,expedite,"[{""option"": ""accept_delay"", ""est_cost"": 3071.66, ""est_stockout_days"": 17, ""risk"": ""high"", ""feasible"": true}, {""option"": ""expedite"", ""est_cost"": 2269.92, ""est_stockout_days"": 11, ""risk"": ""high"", ""feasible"": true}, {""option"": ""substitute_rm"", ""est_cost"": 8000.0, ""est_stockout_days"": 0, ""risk"": ""medium"", ""feasible"": false}]",expedite RMPO012492 with Supplier 185 (SUP0185),"Chose expedite (est. cost 2,270, 11 stockout days, high risk) over accept delay (3,072 / 17d); substitute rm could not land in time; plan assumed supplier ETA 2023-12-21.",2269.92,11,1691.73,9,success,2024-01-10,Expedite worked: actual 9 stockout days vs 11 planned. Worked even in Q4 because the supplier's first revised ETA held.,"[""RMPO012492"", ""RMREV003220"", ""RMREV003221""]",65.56,1,Q4 peak season
DEC00207,EVT00139,2023-11-30,buyer,accept_delay,"[{""option"": ""accept_delay"", ""est_cost"": 0.0, ""est_stockout_days"": 0, ""risk"": ""medium"", ""feasible"": true}, {""option"": ""expedite"", ""est_cost"": 23.72, ""est_stockout_days"": 0, ""risk"": ""high"", ""feasible"": true}, {""option"": ""switch_supplier"", ""est_cost"": 1202.8, ""est_stockout_days"": 0, ""risk"": ""high"", ""feasible"": false}, {""option"": ""substitute_rm"", ""est_cost"": 8000.0, ""est_stockout_days"": 0, ""risk"": ""medium"", ""feasible"": false}]",accept the revised ETA on RMPO010557 and cover gaps with spot buys,"Chose accept delay (est. cost 0, 0 stockout days, medium risk) over expedite (24 / 0d); switch supplier, substitute rm could not land in time; plan assumed supplier ETA 2023-12-09.",0.0,0,231.9,5,partial,2024-01-06,Accept delay only partly worked: Nov-Dec ETA notices from Supplier 118 (SUP0118) understated the slip; the first revised date was optimistic. Next time pad the supplier ETA and check alternates earlier.,"[""RMPO010557"", ""RMREV003211""]",0.0,0,Q4 peak season; root cause peak_season_capacity; supplier with year-end capacity history
DEC00208,EVT00133,2023-12-02,buyer,accept_delay,"[{""option"": ""accept_delay"", ""est_cost"": 0.0, ""est_stockout_days"": 0, ""risk"": ""medium"", ""feasible"": true}, {""option"": ""expedite"", ""est_cost"": 7.81, ""est_stockout_days"": 0, ""risk"": ""high"", ""feasible"": true}, {""option"": ""switch_supplier"", ""est_cost"": 1201.38, ""est_stockout_days"": 0, ""risk"": ""high"", ""feasible"": false}]",accept the revised ETA on RMPO010312 and cover gaps with spot buys,"Chose accept delay (est. cost 0, 0 stockout days, medium risk) over expedite (8 / 0d); switch supplier could not land in time; plan assumed supplier ETA 2023-12-07.",0.0,0,132.02,7,failed,2024-01-10,Accept delay failed: Nov-Dec ETA notices from Supplier 118 (SUP0118) understated the slip; the first revised date was optimistic. Next time pad the supplier ETA and check alternates earlier.,"[""RMPO010312"", ""RMREV003231""]",0.0,1,Q4 peak season; root cause peak_season_capacity; supplier with year-end capacity history; lowest-cost estimate at decision time; realised supply worse than notified
DEC00209,EVT00139,2023-12-02,supply_chain_director,expedite,"[{""option"": ""accept_delay"", ""est_cost"": 77.6, ""est_stockout_days"": 1, ""risk"": ""medium"", ""feasible"": true}, {""option"": ""expedite"", ""est_cost"": 39.85, ""est_stockout_days"": 0, ""risk"": ""high"", ""feasible"": true}, {""option"": ""switch_supplier"", ""est_cost"": 1280.4, ""est_stockout_days"": 1, ""risk"": ""high"", ""feasible"": false}, {""option"": ""substitute_rm"", ""est_cost"": 8000.0, ""est_stockout_days"": 0, ""risk"": ""medium"", ""feasible"": false}]",expedite RMPO010719 with Supplier 118 (SUP0118),"Chose expedite (est. cost 40, 0 stockout days, high risk) over accept delay (78 / 1d); switch supplier, substitute rm could not land in time; plan assumed supplier ETA 2023-12-07.",39.85,0,257.12,3,partial,2024-01-08,Expedite only partly worked: Nov-Dec ETA notices from Supplier 118 (SUP0118) understated the slip; the first revised date was optimistic. Next time pad the supplier ETA and check alternates earlier.,"[""RMPO010719"", ""RMREV003232"", ""RMREV003233""]",24.33,1,Q4 peak season; root cause peak_season_capacity; supplier with year-end capacity history
DEC00210,EVT00136,2023-12-03,buyer,reallocate_stock,"[{""option"": ""accept_delay"", ""est_cost"": 2242.21, ""est_stockout_days"": 26, ""risk"": ""high"", ""feasible"": true}, {""option"": ""expedite"", ""est_cost"": 2136.47, ""est_stockout_days"": 22, ""risk"": ""high"", ""feasible"": true}, {""option"": ""switch_supplier"", ""est_cost"": 2311.09, ""est_stockout_days"": 12, ""risk"": ""medium"", ""feasible"": true}, {""option"": ""reallocate_stock"", ""est_cost"": 990.16, ""est_stockout_days"": 6, ""risk"": ""medium"", ""feasible"": true}]",transfer RM0053 stock to P05 (transfer RMT0000007),"Chose reallocate stock (est. cost 990, 6 stockout days, medium risk) over expedite (2,136 / 22d) and accept delay (2,242 / 26d); plan assumed supplier ETA 2024-01-02.",990.16,6,407.21,0,success,2024-01-14,Reallocate stock worked: actual 0 stockout days vs 6 planned. Worked even in Q4 because the supplier's first revised ETA held.,"[""RMPO012221"", ""RMREV003205"", ""RMREV003254"", ""RMT0000007""]",407.21,0,Q4 peak season; active country shock; root cause rail_disruption
DEC00211,EVT00144,2023-12-06,category_manager,accept_delay,"[{""option"": ""accept_delay"", ""est_cost"": 0.0, ""est_stockout_days"": 0, ""risk"": ""medium"", ""feasible"": true}, {""option"": ""switch_supplier"", ""est_cost"": 1207.05, ""est_stockout_days"": 0, ""risk"": ""medium"", ""feasible"": false}]",accept the revised ETA on RMPO010313 and cover gaps with spot buys,"Chose accept delay (est. cost 0, 0 stockout days, medium risk); switch supplier could not land in time; plan assumed supplier ETA 2023-12-08.",0.0,0,530.27,11,failed,2024-01-15,Accept delay failed: Nov-Dec ETA notices from Supplier 118 (SUP0118) understated the slip; the first revised date was optimistic. Next time pad the supplier ETA and check alternates earlier.,"[""RMPO010313"", ""RMREV003292""]",0.0,1,Q4 peak season; root cause peak_season_capacity; supplier with year-end capacity history; lowest-cost estimate at decision time; realised supply worse than notified
DEC00212,EVT00136,2023-12-06,supply_planner,accept_delay,"[{""option"": ""accept_delay"", ""est_cost"": 672.84, ""est_stockout_days"": 9, ""risk"": ""high"", ""feasible"": true}, {""option"": ""expedite"", ""est_cost"": 677.13, ""est_stockout_days"": 8, ""risk"": ""high"", ""feasible"": true}, {""option"": ""switch_supplier"", ""est_cost"": 1872.84, ""est_stockout_days"": 9, ""risk"": ""medium"", ""feasible"": false}]",accept the revised ETA on RMPO012930 and cover gaps with spot buys,"Chose accept delay (est. cost 673, 9 stockout days, high risk) over expedite (677 / 8d); switch supplier could not land in time; plan assumed supplier ETA 2023-12-19.",672.84,9,0.0,0,success,2024-01-14,Accept delay worked: actual 0 stockout days vs 9 planned. Worked even in Q4 because the supplier's first revised ETA held.,"[""RMPO012930"", ""RMREV003287"", ""RMREV003305""]",0.0,0,Q4 peak season; active country shock; root cause rail_disruption
DEC00213,EVT00142,2023-12-07,supply_chain_director,accept_delay,"[{""option"": ""accept_delay"", ""est_cost"": 0.0, ""est_stockout_days"": 0, ""risk"": ""medium"", ""feasible"": true}, {""option"": ""expedite"", ""est_cost"": 11.17, ""est_stockout_days"": 0, ""risk"": ""high"", ""feasible"": true}, {""option"": ""switch_supplier"", ""est_cost"": 1206.8, ""est_stockout_days"": 0, ""risk"": ""medium"", ""feasible"": false}]",accept the revised ETA on RMPO010943 and cover gaps with spot buys,"Chose accept delay (est. cost 0, 0 stockout days, medium risk) over expedite (11 / 0d); switch supplier could not land in time; plan assumed supplier ETA 2023-12-15.",0.0,0,11.98,2,success,2024-01-18,Accept delay worked: actual 2 stockout days vs 0 planned. Worked even in Q4 because the supplier's first revised ETA held.,"[""RMPO010943"", ""RMREV003308""]",0.0,0,Q4 peak season; root cause peak_season_capacity; supplier with year-end capacity history
DEC00214,EVT00143,2023-12-07,supply_planner,expedite,"[{""option"": ""accept_delay"", ""est_cost"": 345.24, ""est_stockout_days"": 5, ""risk"": ""high"", ""feasible"": true}, {""option"": ""expedite"", ""est_cost"": 254.02, ""est_stockout_days"": 0, ""risk"": ""high"", ""feasible"": true}, {""option"": ""switch_supplier"", ""est_cost"": 1243.85, ""est_stockout_days"": 0, ""risk"": ""high"", ""feasible"": true}]",expedite RMPO010950 with Supplier 118 (SUP0118),"Chose expedite (est. cost 254, 0 stockout days, high risk) over accept delay (345 / 5d) and switch supplier (1,244 / 0d); plan assumed supplier ETA 2023-12-22.",254.02,0,875.45,10,failed,2024-01-13,Expedite failed: Nov-Dec ETA notices from Supplier 118 (SUP0118) understated the slip; the first revised date was optimistic; premium freight into P05 costs about twice the network average. Next time pad the supplier ETA and check alternates earlier.,"[""RMPO010950"", ""RMREV003309"", ""RMREV003310""]",184.97,1,Q4 peak season; root cause peak_season_capacity; supplier with year-end capacity history; expedite into P05 (premium lane); lowest-cost estimate at decision time; realised supply worse than notified
DEC00215,EVT00094,2023-12-07,category_manager,substitute_rm,"[{""option"": ""substitute_rm"", ""est_cost"": 8000.0, ""est_stockout_days"": 0, ""risk"": ""medium"", ""feasible"": true}, {""option"": ""switch_supplier"", ""est_cost"": 7200.0, ""est_stockout_days"": 1, ""risk"": ""medium"", ""feasible"": true}, {""option"": ""accept_delay"", ""est_cost"": 12000.0, ""est_stockout_days"": 5, ""risk"": ""high"", ""feasible"": true}]",qualify BOPP Laminate (RM0009) to replace RM0003 in IP01288 from 2024-01-07,"Chose substitute rm (est. cost 8,000, 0 stockout days, medium risk) over switch supplier (7,200 / 1d) and accept delay (12,000 / 5d).",8000.0,0,8000.0,0,success,2024-07-10,Substitute rm worked: actual 0 stockout days vs 0 planned. Worked even in Q4 because the supplier's first revised ETA held.,"[""BOM005102"", ""BOM005103"", ""BOM005104"", ""BOM005105""]",8000.0,1,Q4 peak season
DEC00216,EVT00143,2023-12-10,buyer,expedite,"[{""option"": ""accept_delay"", ""est_cost"": 317.33, ""est_stockout_days"": 3, ""risk"": ""high"", ""feasible"": true}, {""option"": ""expedite"", ""est_cost"": 102.59, ""est_stockout_days"": 0, ""risk"": ""high"", ""feasible"": true}, {""option"": ""switch_supplier"", ""est_cost"": 1221.0, ""est_stockout_days"": 0, ""risk"": ""high"", ""feasible"": true}]",expedite RMPO011067 with Supplier 118 (SUP0118),"Chose expedite (est. cost 103, 0 stockout days, high risk) over accept delay (317 / 3d) and switch supplier (1,221 / 0d); plan assumed supplier ETA 2023-12-25.",102.59,0,885.33,8,failed,2024-01-17,Expedite failed: Nov-Dec ETA notices from Supplier 118 (SUP0118) understated the slip; the first revised date was optimistic. Next time pad the supplier ETA and check alternates earlier.,"[""RMPO011067"", ""RMREV003348"", ""RMREV003349""]",39.12,1,Q4 peak season; root cause peak_season_capacity; supplier with year-end capacity history; lowest-cost estimate at decision time; realised supply worse than notified
DEC00217,EVT00145,2023-12-11,supply_chain_director,expedite,"[{""option"": ""accept_delay"", ""est_cost"": 6592.36, ""est_stockout_days"": 4, ""risk"": ""high"", ""feasible"": true}, {""option"": ""expedite"", ""est_cost"": 2150.7, ""est_stockout_days"": 0, ""risk"": ""high"", ""feasible"": true}, {""option"": ""switch_supplier"", ""est_cost"": 7879.06, ""est_stockout_days"": 4, ""risk"": ""medium"", ""feasible"": false}, {""option"": ""substitute_rm"", ""est_cost"": 8000.0, ""est_stockout_days"": 0, ""risk"": ""medium"", ""feasible"": false}]",expedite RMPO012539 with Supplier 055 (SUP0055),"Chose expedite (est. cost 2,151, 0 stockout days, high risk) over accept delay (6,592 / 4d); switch supplier, substitute rm could not land in time; plan assumed supplier ETA 2023-12-22.",2150.7,0,14427.82,8,failed,2024-01-17,Expedite failed: Nov-Dec ETA notices from Supplier 055 (SUP0055) understated the slip; the first revised date was optimistic; the alternate lane was hit by the same country disruption. Next time pad the supplier ETA and check alternates earlier.,"[""RMPO012539"", ""RMREV003374"", ""RMREV003375""]",832.23,1,Q4 peak season; active country shock; lowest-cost estimate at decision time; realised supply worse than notified
DEC00218,EVT00146,2023-12-12,plant_scheduler,switch_supplier,"[{""option"": ""accept_delay"", ""est_cost"": 6620.11, ""est_stockout_days"": 5, ""risk"": ""high"", ""feasible"": true}, {""option"": ""expedite"", ""est_cost"": 2915.03, ""est_stockout_days"": 0, ""risk"": ""high"", ""feasible"": true}, {""option"": ""switch_supplier"", ""est_cost"": 1509.75, ""est_stockout_days"": 0, ""risk"": ""medium"", ""feasible"": true}]",place RMPO013332 with the alternate source and cancel RMPO011225,"Chose switch supplier (est. cost 1,510, 0 stockout days, medium risk) over expedite (2,915 / 0d) and accept delay (6,620 / 5d); plan assumed supplier ETA 2023-12-25.",1509.75,0,16073.99,11,failed,2024-01-23,Switch supplier failed: the alternate source also shipped late. Next time pad the supplier ETA and check alternates earlier.,"[""RMPO011225"", ""RMREV003383"", ""RMPO013332"", ""RMPOL0013490""]",1509.75,1,Q4 peak season; lowest-cost estimate at decision time; realised supply worse than notified
DEC00219,EVT00144,2023-12-12,category_manager,expedite,"[{""option"": ""accept_delay"", ""est_cost"": 126.64, ""est_stockout_days"": 4, ""risk"": ""medium"", ""feasible"": true}, {""option"": ""expedite"", ""est_cost"": 82.92, ""est_stockout_days"": 1, ""risk"": ""high"", ""feasible"": true}, {""option"": ""switch_supplier"", ""est_cost"": 1335.69, ""est_stockout_days"": 4, ""risk"": ""medium"", ""feasible"": false}]",expedite RMPO010955 with Supplier 118 (SUP0118),"Chose expedite (est. cost 83, 1 stockout days, high risk) over accept delay (127 / 4d); switch supplier could not land in time; plan assumed supplier ETA 2023-12-22.",82.92,1,348.85,10,failed,2024-01-21,Expedite failed: Nov-Dec ETA notices from Supplier 118 (SUP0118) understated the slip; the first revised date was optimistic. Next time pad the supplier ETA and check alternates earlier.,"[""RMPO010955"", ""RMREV003381"", ""RMREV003382""]",32.26,1,Q4 peak season; root cause peak_season_capacity; supplier with year-end capacity history; lowest-cost estimate at decision time; realised supply worse than notified
DEC00220,EVT00125,2023-12-14,category_manager,accept_delay,"[{""option"": ""accept_delay"", ""est_cost"": 339.17, ""est_stockout_days"": 4, ""risk"": ""high"", ""feasible"": true}, {""option"": ""expedite"", ""est_cost"": 371.52, ""est_stockout_days"": 4, ""risk"": ""high"", ""feasible"": true}, {""option"": ""switch_supplier"", ""est_cost"": 1940.1, ""est_stockout_days"": 9, ""risk"": ""medium"", ""feasible"": true}]",accept the revised ETA on RMPO011326 and cover gaps with spot buys,"Chose accept delay (est. cost 339, 4 stockout days, high risk) over expedite (372 / 4d) and switch supplier (1,940 / 9d); plan assumed supplier ETA 2023-12-27.",339.17,4,255.99,3,success,2024-01-22,Accept delay worked: actual 3 stockout days vs 4 planned. Worked even in Q4 because the supplier's first revised ETA held.,"[""RMPO011326"", ""RMREV003413""]",0.0,1,Q4 peak season; root cause peak_season_capacity; supplier with year-end capacity history
DEC00221,EVT00147,2023-12-16,supply_planner,expedite,"[{""option"": ""accept_delay"", ""est_cost"": 1369.53, ""est_stockout_days"": 12, ""risk"": ""high"", ""feasible"": true}, {""option"": ""expedite"", ""est_cost"": 1300.37, ""est_stockout_days"": 8, ""risk"": ""high"", ""feasible"": true}, {""option"": ""substitute_rm"", ""est_cost"": 8000.0, ""est_stockout_days"": 0, ""risk"": ""medium"", ""feasible"": false}]",expedite RMPO013284 with Supplier 185 (SUP0185),"Chose expedite (est. cost 1,300, 8 stockout days, high risk) over accept delay (1,370 / 12d); substitute rm could not land in time; plan assumed supplier ETA 2024-01-05.",1300.37,8,1665.57,12,partial,2024-01-27,Expedite only partly worked: Nov-Dec ETA notices from Supplier 185 (SUP0185) understated the slip; the first revised date was optimistic; premium freight into P05 costs about twice the network average. Next time pad the supplier ETA and check alternates earlier.,"[""RMPO013284"", ""RMREV003442"", ""RMREV003443""]",296.05,1,Q4 peak season; expedite into P05 (premium lane)
DEC00222,EVT00136,2023-12-16,category_manager,accept_delay,"[{""option"": ""accept_delay"", ""est_cost"": 24.22, ""est_stockout_days"": 1, ""risk"": ""medium"", ""feasible"": true}, {""option"": ""switch_supplier"", ""est_cost"": 1224.22, ""est_stockout_days"": 1, ""risk"": ""high"", ""feasible"": false}]",accept the revised ETA on RMPO011719 and cover gaps with spot buys,"Chose accept delay (est. cost 24, 1 stockout days, medium risk); switch supplier could not land in time; plan assumed supplier ETA 2023-12-19.",24.22,1,0.0,0,success,2024-01-23,Accept delay worked: actual 0 stockout days vs 1 planned. Worked even in Q4 because the supplier's first revised ETA held.,"[""RMPO011719"", ""RMREV003216"", ""RMREV003434""]",0.0,0,Q4 peak season; active country shock; root cause rail_disruption
DEC00223,EVT00143,2023-12-18,supply_planner,accept_delay,"[{""option"": ""accept_delay"", ""est_cost"": 0.0, ""est_stockout_days"": 0, ""risk"": ""medium"", ""feasible"": true}, {""option"": ""expedite"", ""est_cost"": 94.04, ""est_stockout_days"": 0, ""risk"": ""high"", ""feasible"": true}, {""option"": ""switch_supplier"", ""est_cost"": 1251.52, ""est_stockout_days"": 0, ""risk"": ""high"", ""feasible"": true}]",accept the revised ETA on RMPO011329 and cover gaps with spot buys,"Chose accept delay (est. cost 0, 0 stockout days, medium risk) over expedite (94 / 0d) and switch supplier (1,252 / 0d); plan assumed supplier ETA 2023-12-28.",0.0,0,427.61,5,partial,2024-01-27,Accept delay only partly worked: Nov-Dec ETA notices from Supplier 118 (SUP0118) understated the slip; the first revised date was optimistic. Next time pad the supplier ETA and check alternates earlier.,"[""RMPO011329"", ""RMREV003456""]",0.0,0,Q4 peak season; root cause peak_season_capacity; supplier with year-end capacity history
DEC00224,EVT00113,2023-12-20,buyer,reallocate_stock,"[{""option"": ""accept_delay"", ""est_cost"": 400.0, ""est_stockout_days"": 2, ""risk"": ""medium"", ""feasible"": true}, {""option"": ""expedite"", ""est_cost"": 549.45, ""est_stockout_days"": 0, ""risk"": ""low"", ""feasible"": true}, {""option"": ""cancel_po"", ""est_cost"": 450.0, ""est_stockout_days"": 1, ""risk"": ""medium"", ""feasible"": true}, {""option"": ""reallocate_stock"", ""est_cost"": 606.05, ""est_stockout_days"": 0, ""risk"": ""low"", ""feasible"": true}]",transfer 22 units of IP00856 into W002 (transfer T0005928),"Chose reallocate stock (est. cost 606, 0 stockout days, low risk) over accept delay (400 / 2d) and cancel po (450 / 1d).",606.05,0,606.05,0,success,2024-01-31,Reallocate stock worked: actual 0 stockout days vs 0 planned. Worked even in Q4 because the supplier's first revised ETA held.,"[""T0005928""]",606.05,0,Q4 peak season
DEC00225,EVT00148,2023-12-25,category_manager,switch_supplier,"[{""option"": ""accept_delay"", ""est_cost"": 8239.23, ""est_stockout_days"": 12, ""risk"": ""high"", ""feasible"": true}, {""option"": ""expedite"", ""est_cost"": 3924.83, ""est_stockout_days"": 4, ""risk"": ""high"", ""feasible"": true}, {""option"": ""switch_supplier"", ""est_cost"": 3946.41, ""est_stockout_days"": 4, ""risk"": ""medium"", ""feasible"": true}]",place RMPO013832 with the alternate source and cancel RMPO013443,"Chose switch supplier (est. cost 3,946, 4 stockout days, medium risk) over expedite (3,925 / 4d) and accept delay (8,239 / 12d); plan assumed supplier ETA 2024-01-14.",3946.41,4,9439.23,12,failed,2024-02-02,Switch supplier failed: the alternate source also shipped late. Next time pad the supplier ETA and check alternates earlier.,"[""RMPO013443"", ""RMREV003534"", ""RMPO013832"", ""RMPOL0013997""]",1200.0,0,Q4 peak season
DEC00226,EVT00149,2024-01-03,buyer,expedite,"[{""option"": ""accept_delay"", ""est_cost"": 12661.83, ""est_stockout_days"": 17, ""risk"": ""high"", ""feasible"": true}, {""option"": ""expedite"", ""est_cost"": 9365.04, ""est_stockout_days"": 11, ""risk"": ""high"", ""feasible"": true}, {""option"": ""switch_supplier"", ""est_cost"": 13861.83, ""est_stockout_days"": 17, ""risk"": ""medium"", ""feasible"": false}, {""option"": ""substitute_rm"", ""est_cost"": 8000.0, ""est_stockout_days"": 0, ""risk"": ""medium"", ""feasible"": false}]",expedite RMPO012601 with Supplier 047 (SUP0047),"Chose expedite (est. cost 9,365, 11 stockout days, high risk) over accept delay (12,662 / 17d); switch supplier, substitute rm could not land in time; plan assumed supplier ETA 2024-01-27.",9365.04,11,7726.45,10,success,2024-02-12,Expedite worked: actual 10 stockout days vs 11 planned.,"[""RMPO012601"", ""RMREV003596"", ""RMREV003597""]",278.31,0,
DEC00227,EVT00151,2024-01-06,plant_scheduler,expedite,"[{""option"": ""accept_delay"", ""est_cost"": 362.71, ""est_stockout_days"": 3, ""risk"": ""high"", ""feasible"": true}, {""option"": ""expedite"", ""est_cost"": 119.56, ""est_stockout_days"": 0, ""risk"": ""low"", ""feasible"": true}]",expedite RMPO012186 with Supplier 138 (SUP0138),"Chose expedite (est. cost 120, 0 stockout days, low risk) over accept delay (363 / 3d); plan assumed supplier ETA 2024-01-21.",119.56,0,1014.24,8,failed,2024-02-14,Expedite failed: supply arrived later than notified (8 vs 0 stockout days). Next time pad the supplier ETA and check alternates earlier.,"[""RMPO012186"", ""RMREV003619"", ""RMREV003620""]",47.02,1,lowest-cost estimate at decision time; realised supply worse than notified
DEC00228,EVT00147,2024-01-08,plant_scheduler,expedite,"[{""option"": ""accept_delay"", ""est_cost"": 2168.23, ""est_stockout_days"": 12, ""risk"": ""high"", ""feasible"": true}, {""option"": ""expedite"", ""est_cost"": 1220.03, ""est_stockout_days"": 4, ""risk"": ""low"", ""feasible"": true}, {""option"": ""substitute_rm"", ""est_cost"": 8000.0, ""est_stockout_days"": 0, ""risk"": ""medium"", ""feasible"": false}]",expedite RMPO014075 with Supplier 185 (SUP0185),"Chose expedite (est. cost 1,220, 4 stockout days, low risk) over accept delay (2,168 / 12d); substitute rm could not land in time; plan assumed supplier ETA 2024-01-24.",1220.03,4,1472.99,7,partial,2024-02-19,Expedite only partly worked: supply arrived later than notified (7 vs 4 stockout days). Next time pad the supplier ETA and check alternates earlier.,"[""RMPO014075"", ""RMREV003641"", ""RMREV003642""]",208.19,1,
DEC00229,EVT00152,2024-01-08,plant_scheduler,expedite,"[{""option"": ""accept_delay"", ""est_cost"": 2501.89, ""est_stockout_days"": 11, ""risk"": ""high"", ""feasible"": true}, {""option"": ""expedite"", ""est_cost"": 1232.74, ""est_stockout_days"": 3, ""risk"": ""medium"", ""feasible"": true}, {""option"": ""switch_supplier"", ""est_cost"": 3739.04, ""est_stockout_days"": 11, ""risk"": ""high"", ""feasible"": false}, {""option"": ""substitute_rm"", ""est_cost"": 8000.0, ""est_stockout_days"": 0, ""risk"": ""medium"", ""feasible"": false}]",expedite RMPO013339 with Supplier 089 (SUP0089),"Chose expedite (est. cost 1,233, 3 stockout days, medium risk) over accept delay (2,502 / 11d); switch supplier, substitute rm could not land in time; plan assumed supplier ETA 2024-01-27.",1232.74,3,2006.06,8,partial,2024-02-17,Expedite only partly worked: supply arrived later than notified (8 vs 3 stockout days). Next time pad the supplier ETA and check alternates earlier.,"[""RMPO013339"", ""RMREV003639"", ""RMREV003640""]",186.5,0,
DEC00230,EVT00154,2024-01-09,plant_scheduler,accept_delay,"[{""option"": ""accept_delay"", ""est_cost"": 0.0, ""est_stockout_days"": 0, ""risk"": ""medium"", ""feasible"": true}, {""option"": ""expedite"", ""est_cost"": 68.11, ""est_stockout_days"": 0, ""risk"": ""low"", ""feasible"": true}, {""option"": ""substitute_rm"", ""est_cost"": 8000.0, ""est_stockout_days"": 0, ""risk"": ""medium"", ""feasible"": false}]",accept the revised ETA on RMPO014331 and cover gaps with spot buys,"Chose accept delay (est. cost 0, 0 stockout days, medium risk) over expedite (68 / 0d); substitute rm could not land in time; plan assumed supplier ETA 2024-01-19.",0.0,0,174.06,3,partial,2024-02-18,Accept delay only partly worked: supply arrived later than notified (3 vs 0 stockout days). Next time pad the supplier ETA and check alternates earlier.,"[""RMPO014331"", ""RMREV003658""]",0.0,1,
DEC00231,EVT00155,2024-01-14,category_manager,expedite,"[{""option"": ""accept_delay"", ""est_cost"": 1211.83, ""est_stockout_days"": 6, ""risk"": ""high"", ""feasible"": true}, {""option"": ""expedite"", ""est_cost"": 542.38, ""est_stockout_days"": 1, ""risk"": ""medium"", ""feasible"": true}, {""option"": ""switch_supplier"", ""est_cost"": 1206.37, ""est_stockout_days"": 0, ""risk"": ""medium"", ""feasible"": true}]",expedite RMPO014142 with Supplier 042 (SUP0042),"Chose expedite (est. cost 542, 1 stockout days, medium risk) over switch supplier (1,206 / 0d) and accept delay (1,212 / 6d); plan assumed supplier ETA 2024-02-01.",542.38,1,1956.19,9,failed,2024-02-22,Expedite failed: supply arrived later than notified (9 vs 1 stockout days). Next time pad the supplier ETA and check alternates earlier.,"[""RMPO014142"", ""RMREV003702"", ""RMREV003703""]",138.44,1,lowest-cost estimate at decision time; realised supply worse than notified
DEC00232,EVT00154,2024-01-16,supply_chain_director,accept_delay,"[{""option"": ""accept_delay"", ""est_cost"": 656.22, ""est_stockout_days"": 8, ""risk"": ""high"", ""feasible"": true}, {""option"": ""expedite"", ""est_cost"": 654.41, ""est_stockout_days"": 5, ""risk"": ""low"", ""feasible"": true}, {""option"": ""substitute_rm"", ""est_cost"": 8000.0, ""est_stockout_days"": 0, ""risk"": ""medium"", ""feasible"": false}]",accept the revised ETA on RMPO014408 and cover gaps with spot buys,"Chose accept delay (est. cost 656, 8 stockout days, high risk) over expedite (654 / 5d); substitute rm could not land in time; plan assumed supplier ETA 2024-02-03.",656.22,8,410.14,5,success,2024-02-23,Accept delay worked: actual 5 stockout days vs 8 planned.,"[""RMPO014408"", ""RMREV003724""]",0.0,0,
DEC00233,EVT00154,2024-01-18,supply_chain_director,expedite,"[{""option"": ""accept_delay"", ""est_cost"": 465.31, ""est_stockout_days"": 4, ""risk"": ""high"", ""feasible"": true}, {""option"": ""expedite"", ""est_cost"": 226.15, ""est_stockout_days"": 1, ""risk"": ""low"", ""feasible"": true}, {""option"": ""substitute_rm"", ""est_cost"": 8000.0, ""est_stockout_days"": 0, ""risk"": ""medium"", ""feasible"": false}]",expedite RMPO014585 with Supplier 185 (SUP0185),"Chose expedite (est. cost 226, 1 stockout days, low risk) over accept delay (465 / 4d); substitute rm could not land in time; plan assumed supplier ETA 2024-02-01.",226.15,1,505.33,4,partial,2024-02-25,Expedite only partly worked: supply arrived later than notified (4 vs 1 stockout days). Next time pad the supplier ETA and check alternates earlier.,"[""RMPO014585"", ""RMREV003752"", ""RMREV003753""]",40.02,1,
DEC00234,EVT00151,2024-01-19,supply_planner,expedite,"[{""option"": ""accept_delay"", ""est_cost"": 1940.21, ""est_stockout_days"": 11, ""risk"": ""high"", ""feasible"": true}, {""option"": ""expedite"", ""est_cost"": 1374.59, ""est_stockout_days"": 6, ""risk"": ""low"", ""feasible"": true}]",expedite RMPO012552 with Supplier 138 (SUP0138),"Chose expedite (est. cost 1,375, 6 stockout days, low risk) over accept delay (1,940 / 11d); plan assumed supplier ETA 2024-02-08.",1374.59,6,2080.12,11,partial,2024-02-28,Expedite only partly worked: supply arrived later than notified (11 vs 6 stockout days). Next time pad the supplier ETA and check alternates earlier.,"[""RMPO012552"", ""RMREV003755"", ""RMREV003756""]",139.91,0,
DEC00235,EVT00156,2024-01-21,supply_chain_director,expedite,"[{""option"": ""accept_delay"", ""est_cost"": 1357.29, ""est_stockout_days"": 16, ""risk"": ""high"", ""feasible"": true}, {""option"": ""expedite"", ""est_cost"": 948.38, ""est_stockout_days"": 9, ""risk"": ""low"", ""feasible"": true}, {""option"": ""switch_supplier"", ""est_cost"": 2573.29, ""est_stockout_days"": 16, ""risk"": ""high"", ""feasible"": false}]",expedite RMPO013587 with Supplier 051 (SUP0051),"Chose expedite (est. cost 948, 9 stockout days, low risk) over accept delay (1,357 / 16d); switch supplier could not land in time; plan assumed supplier ETA 2024-02-19.",948.38,9,999.28,11,success,2024-03-02,Expedite worked: actual 11 stockout days vs 9 planned.,"[""RMPO013587"", ""RMREV003786"", ""RMREV003787""]",66.14,0,
DEC00236,EVT00161,2024-01-22,supply_planner,accept_delay,"[{""option"": ""accept_delay"", ""est_cost"": 543.09, ""est_stockout_days"": 11, ""risk"": ""high"", ""feasible"": true}, {""option"": ""expedite"", ""est_cost"": 568.18, ""est_stockout_days"": 11, ""risk"": ""high"", ""feasible"": true}, {""option"": ""switch_supplier"", ""est_cost"": 1743.09, ""est_stockout_days"": 11, ""risk"": ""medium"", ""feasible"": false}, {""option"": ""substitute_rm"", ""est_cost"": 8543.09, ""est_stockout_days"": 11, ""risk"": ""medium"", ""feasible"": false}]",accept the revised ETA on RMPO012885 and cover gaps with spot buys,"Chose accept delay (est. cost 543, 11 stockout days, high risk) over expedite (568 / 11d); switch supplier, substitute rm could not land in time; plan assumed supplier ETA 2024-02-13.",543.09,11,79.51,1,success,2024-03-02,Accept delay worked: actual 1 stockout days vs 11 planned.,"[""RMPO012885"", ""RMREV003790""]",0.0,1,
DEC00237,EVT00145,2024-01-22,category_manager,substitute_rm,"[{""option"": ""substitute_rm"", ""est_cost"": 8000.0, ""est_stockout_days"": 0, ""risk"": ""medium"", ""feasible"": true}, {""option"": ""switch_supplier"", ""est_cost"": 7200.0, ""est_stockout_days"": 1, ""risk"": ""medium"", ""feasible"": true}, {""option"": ""accept_delay"", ""est_cost"": 12000.0, ""est_stockout_days"": 5, ""risk"": ""high"", ""feasible"": true}]",qualify CR Steel Coil 1.2mm G2 (RM0113) to replace RM0110 in IP01066 from 2024-02-15,"Chose substitute rm (est. cost 8,000, 0 stockout days, medium risk) over switch supplier (7,200 / 1d) and accept delay (12,000 / 5d).",8000.0,0,8000.0,0,success,2024-08-20,Substitute rm worked: actual 0 stockout days vs 0 planned.,"[""BOM004140"", ""BOM004141"", ""BOM004142"", ""BOM004143""]",8000.0,0,
DEC00238,EVT00162,2024-01-23,buyer,expedite,"[{""option"": ""accept_delay"", ""est_cost"": 6812.99, ""est_stockout_days"": 17, ""risk"": ""high"", ""feasible"": true}, {""option"": ""expedite"", ""est_cost"": 5394.07, ""est_stockout_days"": 11, ""risk"": ""low"", ""feasible"": true}, {""option"": ""switch_supplier"", ""est_cost"": 8252.45, ""est_stockout_days"": 17, ""risk"": ""medium"", ""feasible"": false}]",expedite RMPO014404 with Supplier 054 (SUP0054),"Chose expedite (est. cost 5,394, 11 stockout days, low risk) over accept delay (6,813 / 17d); switch supplier could not land in time; plan assumed supplier ETA 2024-02-13.",5394.07,11,4111.62,9,success,2024-02-29,Expedite worked: actual 9 stockout days vs 11 planned.,"[""RMPO014404"", ""RMREV003809"", ""RMREV003810""]",504.74,1,
DEC00239,EVT00159,2024-01-23,category_manager,accept_delay,"[{""option"": ""accept_delay"", ""est_cost"": 0.0, ""est_stockout_days"": 0, ""risk"": ""medium"", ""feasible"": true}, {""option"": ""expedite"", ""est_cost"": 22.48, ""est_stockout_days"": 0, ""risk"": ""medium"", ""feasible"": true}, {""option"": ""switch_supplier"", ""est_cost"": 1244.19, ""est_stockout_days"": 0, ""risk"": ""high"", ""feasible"": false}]",accept the revised ETA on RMPO014611 and cover gaps with spot buys,"Chose accept delay (est. cost 0, 0 stockout days, medium risk) over expedite (22 / 0d); switch supplier could not land in time; plan assumed supplier ETA 2024-02-02.",0.0,0,108.8,2,success,2024-02-29,Accept delay worked: actual 2 stockout days vs 0 planned.,"[""RMPO014611"", ""RMREV003811""]",0.0,0,
DEC00240,EVT00169,2024-01-24,category_manager,switch_supplier,"[{""option"": ""accept_delay"", ""est_cost"": 1919.65, ""est_stockout_days"": 9, ""risk"": ""high"", ""feasible"": true}, {""option"": ""expedite"", ""est_cost"": 1962.58, ""est_stockout_days"": 3, ""risk"": ""low"", ""feasible"": true}, {""option"": ""switch_supplier"", ""est_cost"": 1283.39, ""est_stockout_days"": 0, ""risk"": ""medium"", ""feasible"": true}, {""option"": ""substitute_rm"", ""est_cost"": 9919.65, ""est_stockout_days"": 9, ""risk"": ""medium"", ""feasible"": false}]",place RMPO014927 with the alternate source and cancel RMPO014068,"Chose switch supplier (est. cost 1,283, 0 stockout days, medium risk) over accept delay (1,920 / 9d) and expedite (1,963 / 3d); substitute rm could not land in time; plan assumed supplier ETA 2024-02-21.",1283.39,0,1283.39,0,success,2024-03-05,Switch supplier worked: actual 0 stockout days vs 0 planned.,"[""RMPO014068"", ""RMREV003825"", ""RMPO014927"", ""RMPOL0015106""]",1283.39,0,root cause large_po
DEC00241,EVT00152,2024-01-24,buyer,expedite,"[{""option"": ""accept_delay"", ""est_cost"": 1982.74, ""est_stockout_days"": 13, ""risk"": ""high"", ""feasible"": true}, {""option"": ""expedite"", ""est_cost"": 1605.75, ""est_stockout_days"": 9, ""risk"": ""medium"", ""feasible"": true}, {""option"": ""switch_supplier"", ""est_cost"": 3210.04, ""est_stockout_days"": 13, ""risk"": ""high"", ""feasible"": false}, {""option"": ""substitute_rm"", ""est_cost"": 8000.0, ""est_stockout_days"": 0, ""risk"": ""medium"", ""feasible"": false}]",expedite RMPO013963 with Supplier 089 (SUP0089),"Chose expedite (est. cost 1,606, 9 stockout days, medium risk) over accept delay (1,983 / 13d); switch supplier, substitute rm could not land in time; plan assumed supplier ETA 2024-02-15.",1605.75,9,1636.26,10,success,2024-03-03,Expedite worked: actual 10 stockout days vs 9 planned.,"[""RMPO013963"", ""RMREV003822"", ""RMREV003823""]",111.07,0,
DEC00242,EVT00156,2024-01-25,buyer,expedite,"[{""option"": ""accept_delay"", ""est_cost"": 1609.83, ""est_stockout_days"": 15, ""risk"": ""high"", ""feasible"": true}, {""option"": ""expedite"", ""est_cost"": 1093.09, ""est_stockout_days"": 8, ""risk"": ""low"", ""feasible"": true}, {""option"": ""switch_supplier"", ""est_cost"": 2827.78, ""est_stockout_days"": 15, ""risk"": ""high"", ""feasible"": false}]",expedite RMPO013590 with Supplier 051 (SUP0051),"Chose expedite (est. cost 1,093, 8 stockout days, low risk) over accept delay (1,610 / 15d); switch supplier could not land in time; plan assumed supplier ETA 2024-02-18.",1093.09,8,1050.16,9,success,2024-03-02,Expedite worked: actual 9 stockout days vs 8 planned.,"[""RMPO013590"", ""RMREV003832"", ""RMREV003833""]",84.26,1,root cause port_congestion
DEC00243,EVT00160,2024-01-25,plant_scheduler,expedite,"[{""option"": ""accept_delay"", ""est_cost"": 1156.81, ""est_stockout_days"": 10, ""risk"": ""high"", ""feasible"": true}, {""option"": ""expedite"", ""est_cost"": 1000.52, ""est_stockout_days"": 6, ""risk"": ""high"", ""feasible"": true}, {""option"": ""substitute_rm"", ""est_cost"": 8000.0, ""est_stockout_days"": 0, ""risk"": ""medium"", ""feasible"": false}]",expedite RMPO013877 with Supplier 214 (SUP0214),"Chose expedite (est. cost 1,001, 6 stockout days, high risk) over accept delay (1,157 / 10d); substitute rm could not land in time; plan assumed supplier ETA 2024-02-15.",1000.52,6,1139.34,8,success,2024-03-06,Expedite worked: actual 8 stockout days vs 6 planned.,"[""RMPO013877"", ""RMREV003841"", ""RMREV003842""]",213.89,1,root cause port_congestion
DEC00244,EVT00170,2024-01-25,buyer,expedite,"[{""option"": ""accept_delay"", ""est_cost"": 911.77, ""est_stockout_days"": 15, ""risk"": ""high"", ""feasible"": true}, {""option"": ""expedite"", ""est_cost"": 565.7, ""est_stockout_days"": 7, ""risk"": ""medium"", ""feasible"": true}, {""option"": ""switch_supplier"", ""est_cost"": 1214.79, ""est_stockout_days"": 0, ""risk"": ""medium"", ""feasible"": true}]",expedite RMPO013597 with Supplier 191 (SUP0191),"Chose expedite (est. cost 566, 7 stockout days, medium risk) over accept delay (912 / 15d) and switch supplier (1,215 / 0d); plan assumed supplier ETA 2024-02-20.",565.7,7,650.79,10,partial,2024-03-07,Expedite only partly worked: supply arrived later than notified (10 vs 7 stockout days). Next time pad the supplier ETA and check alternates earlier.,"[""RMPO013597"", ""RMREV003836"", ""RMREV003837""]",42.95,0,root cause port_congestion
DEC00245,EVT00158,2024-01-25,supply_planner,expedite,"[{""option"": ""accept_delay"", ""est_cost"": 660.28, ""est_stockout_days"": 5, ""risk"": ""high"", ""feasible"": true}, {""option"": ""expedite"", ""est_cost"": 313.4, ""est_stockout_days"": 0, ""risk"": ""high"", ""feasible"": true}]",expedite RMPO013604 with Supplier 134 (SUP0134),"Chose expedite (est. cost 313, 0 stockout days, high risk) over accept delay (660 / 5d); plan assumed supplier ETA 2024-02-09.",313.4,0,841.62,5,partial,2024-03-06,Expedite only partly worked: supply arrived later than notified (5 vs 0 stockout days). Next time pad the supplier ETA and check alternates earlier.,"[""RMPO013604"", ""RMREV003838"", ""RMREV003839""]",181.34,1,root cause port_congestion
DEC00246,EVT00158,2024-01-25,category_manager,expedite,"[{""option"": ""accept_delay"", ""est_cost"": 1379.34, ""est_stockout_days"": 20, ""risk"": ""high"", ""feasible"": true}, {""option"": ""expedite"", ""est_cost"": 1188.96, ""est_stockout_days"": 16, ""risk"": ""high"", ""feasible"": true}]",expedite RMPO013593 with Supplier 134 (SUP0134),"Chose expedite (est. cost 1,189, 16 stockout days, high risk) over accept delay (1,379 / 20d); plan assumed supplier ETA 2024-02-22.",1188.96,16,857.92,12,success,2024-03-02,Expedite worked: actual 12 stockout days vs 16 planned.,"[""RMPO013593"", ""RMREV003834"", ""RMREV003835""]",30.32,1,
DEC00247,EVT00166,2024-01-25,supply_planner,switch_supplier,"[{""option"": ""accept_delay"", ""est_cost"": 3745.75, ""est_stockout_days"": 13, ""risk"": ""high"", ""feasible"": true}, {""option"": ""expedite"", ""est_cost"": 2141.95, ""est_stockout_days"": 5, ""risk"": ""low"", ""feasible"": true}, {""option"": ""switch_supplier"", ""est_cost"": 1377.68, ""est_stockout_days"": 0, ""risk"": ""medium"", ""feasible"": true}]",place RMPO014930 with the alternate source and cancel RMPO014922,"Chose switch supplier (est. cost 1,378, 0 stockout days, medium risk) over expedite (2,142 / 5d) and accept delay (3,746 / 13d); plan assumed supplier ETA 2024-02-16.",1377.68,0,5123.43,13,failed,2024-03-06,Switch supplier failed: the alternate source also shipped late. Next time pad the supplier ETA and check alternates earlier.,"[""RMPO014922"", ""RMREV003850"", ""RMPO014930"", ""RMPOL0015109""]",1377.68,1,root cause port_congestion; lowest-cost estimate at decision time; realised supply worse than notified
DEC00248,EVT00163,2024-01-25,plant_scheduler,expedite,"[{""option"": ""accept_delay"", ""est_cost"": 135.79, ""est_stockout_days"": 9, ""risk"": ""high"", ""feasible"": true}, {""option"": ""expedite"", ""est_cost"": 50.38, ""est_stockout_days"": 1, ""risk"": ""low"", ""feasible"": true}, {""option"": ""switch_supplier"", ""est_cost"": 1339.97, ""est_stockout_days"": 9, ""risk"": ""medium"", ""feasible"": false}]",expedite RMPO014921 with Supplier 039 (SUP0039),"Chose expedite (est. cost 50, 1 stockout days, low risk) over accept delay (136 / 9d); switch supplier could not land in time; plan assumed supplier ETA 2024-02-09.",50.38,1,86.59,5,partial,2024-03-02,Expedite only partly worked: supply arrived later than notified (5 vs 1 stockout days). Next time pad the supplier ETA and check alternates earlier.,"[""RMPO014921"", ""RMREV003848"", ""RMREV003849""]",11.15,1,
DEC00249,EVT00173,2024-01-25,category_manager,switch_supplier,"[{""option"": ""accept_delay"", ""est_cost"": 8040.21, ""est_stockout_days"": 10, ""risk"": ""high"", ""feasible"": true}, {""option"": ""expedite"", ""est_cost"": 8147.28, ""est_stockout_days"": 10, ""risk"": ""low"", ""feasible"": true}, {""option"": ""switch_supplier"", ""est_cost"": 7730.96, ""est_stockout_days"": 8, ""risk"": ""high"", ""feasible"": true}]",place RMPO014931 with the alternate source and cancel RMPO013976,"Chose switch supplier (est. cost 7,731, 8 stockout days, high risk) over accept delay (8,040 / 10d) and expedite (8,147 / 10d); plan assumed supplier ETA 2024-02-14.",7730.96,8,2244.2,1,success,2024-03-07,Switch supplier worked: actual 1 stockout days vs 8 planned.,"[""RMPO013976"", ""RMREV003843"", ""RMPO014931"", ""RMPOL0015110""]",1200.0,0,root cause port_congestion
DEC00250,EVT00174,2024-01-26,category_manager,expedite,"[{""option"": ""accept_delay"", ""est_cost"": 9043.65, ""est_stockout_days"": 12, ""risk"": ""high"", ""feasible"": true}, {""option"": ""expedite"", ""est_cost"": 8317.51, ""est_stockout_days"": 9, ""risk"": ""low"", ""feasible"": true}]",expedite RMPO014925 with Supplier 054 (SUP0054),"Chose expedite (est. cost 8,318, 9 stockout days, low risk) over accept delay (9,044 / 12d); plan assumed supplier ETA 2024-02-13.",8317.51,9,10126.24,12,partial,2024-03-03,Expedite only partly worked: supply arrived later than notified (12 vs 9 stockout days). Next time pad the supplier ETA and check alternates earlier.,"[""RMPO014925"", ""RMREV003865"", ""RMREV003866""]",1082.59,1,
DEC00251,EVT00164,2024-01-26,supply_chain_director,expedite,"[{""option"": ""accept_delay"", ""est_cost"": 58.43, ""est_stockout_days"": 4, ""risk"": ""high"", ""feasible"": true}, {""option"": ""expedite"", ""est_cost"": 36.63, ""est_stockout_days"": 0, ""risk"": ""low"", ""feasible"": true}, {""option"": ""switch_supplier"", ""est_cost"": 1265.03, ""est_stockout_days"": 4, ""risk"": ""medium"", ""feasible"": false}, {""option"": ""substitute_rm"", ""est_cost"": 8000.0, ""est_stockout_days"": 0, ""risk"": ""medium"", ""feasible"": false}]",expedite RMPO013879 with Supplier 103 (SUP0103),"Chose expedite (est. cost 37, 0 stockout days, low risk) over accept delay (58 / 4d); switch supplier, substitute rm could not land in time; plan assumed supplier ETA 2024-02-08.",36.63,0,127.19,7,failed,2024-03-07,Expedite failed: premium freight into P05 costs about twice the network average. Next time pad the supplier ETA and check alternates earlier.,"[""RMPO013879"", ""RMREV003859"", ""RMREV003860""]",24.94,1,expedite into P05 (premium lane); lowest-cost estimate at decision time; realised supply worse than notified
DEC00252,EVT00156,2024-01-26,buyer,expedite,"[{""option"": ""accept_delay"", ""est_cost"": 409.29, ""est_stockout_days"": 6, ""risk"": ""high"", ""feasible"": true}, {""option"": ""expedite"", ""est_cost"": 334.8, ""est_stockout_days"": 2, ""risk"": ""low"", ""feasible"": true}, {""option"": ""switch_supplier"", ""est_cost"": 1625.29, ""est_stockout_days"": 6, ""risk"": ""high"", ""feasible"": false}]",expedite RMPO013591 with Supplier 051 (SUP0051),"Chose expedite (est. cost 335, 2 stockout days, low risk) over accept delay (409 / 6d); switch supplier could not land in time; plan assumed supplier ETA 2024-02-08.",334.8,2,894.16,11,failed,2024-03-07,Expedite failed: premium freight into P05 costs about twice the network average. Next time pad the supplier ETA and check alternates earlier.,"[""RMPO013591"", ""RMREV003854"", ""RMREV003855"", ""RMREV003871""]",143.8,1,expedite into P05 (premium lane); lowest-cost estimate at decision time; realised supply worse than notified
DEC00253,EVT00165,2024-01-26,buyer,expedite,"[{""option"": ""accept_delay"", ""est_cost"": 240.19, ""est_stockout_days"": 11, ""risk"": ""high"", ""feasible"": true}, {""option"": ""expedite"", ""est_cost"": 105.61, ""est_stockout_days"": 3, ""risk"": ""low"", ""feasible"": true}, {""option"": ""switch_supplier"", ""est_cost"": 1443.46, ""est_stockout_days"": 11, ""risk"": ""medium"", ""feasible"": false}]",expedite RMPO014920 with Supplier 039 (SUP0039),"Chose expedite (est. cost 106, 3 stockout days, low risk) over accept delay (240 / 11d); switch supplier could not land in time; plan assumed supplier ETA 2024-02-12.",105.61,3,179.85,8,partial,2024-03-06,Expedite only partly worked: supply arrived later than notified (8 vs 3 stockout days). Next time pad the supplier ETA and check alternates earlier.,"[""RMPO014920"", ""RMREV003863"", ""RMREV003864""]",5.17,1,
DEC00254,EVT00168,2024-01-26,buyer,switch_supplier,"[{""option"": ""accept_delay"", ""est_cost"": 3269.98, ""est_stockout_days"": 13, ""risk"": ""high"", ""feasible"": true}, {""option"": ""expedite"", ""est_cost"": 1748.55, ""est_stockout_days"": 5, ""risk"": ""high"", ""feasible"": true}, {""option"": ""switch_supplier"", ""est_cost"": 1226.95, ""est_stockout_days"": 0, ""risk"": ""high"", ""feasible"": true}]",place RMPO014932 with the alternate source and cancel RMPO013752,"Chose switch supplier (est. cost 1,227, 0 stockout days, high risk) over expedite (1,749 / 5d) and accept delay (3,270 / 13d); plan assumed supplier ETA 2024-02-19.",1226.95,0,4496.93,13,failed,2024-03-03,Switch supplier failed: the alternate source also shipped late. Next time pad the supplier ETA and check alternates earlier.,"[""RMPO013752"", ""RMREV003857"", ""RMPO014932"", ""RMPOL0015111""]",1226.95,1,root cause port_congestion; lowest-cost estimate at decision time; realised supply worse than notified
DEC00255,EVT00153,2024-01-26,category_manager,substitute_rm,"[{""option"": ""substitute_rm"", ""est_cost"": 8000.0, ""est_stockout_days"": 0, ""risk"": ""medium"", ""feasible"": true}, {""option"": ""switch_supplier"", ""est_cost"": 7200.0, ""est_stockout_days"": 1, ""risk"": ""medium"", ""feasible"": true}, {""option"": ""accept_delay"", ""est_cost"": 12000.0, ""est_stockout_days"": 5, ""risk"": ""high"", ""feasible"": true}]",qualify Zinc Pyrithione (RM0015) to replace RM0016 in IP02223 from 2024-02-24,"Chose substitute rm (est. cost 8,000, 0 stockout days, medium risk) over switch supplier (7,200 / 1d) and accept delay (12,000 / 5d).",8000.0,0,8000.0,0,success,2024-08-28,Substitute rm worked: actual 0 stockout days vs 0 planned.,"[""BOM008959"", ""BOM008960"", ""BOM008961"", ""BOM008962""]",8000.0,0,
DEC00256,EVT00167,2024-01-27,category_manager,expedite,"[{""option"": ""accept_delay"", ""est_cost"": 1068.09, ""est_stockout_days"": 4, ""risk"": ""high"", ""feasible"": true}, {""option"": ""expedite"", ""est_cost"": 404.35, ""est_stockout_days"": 0, ""risk"": ""low"", ""feasible"": true}, {""option"": ""switch_supplier"", ""est_cost"": 2392.65, ""est_stockout_days"": 4, ""risk"": ""medium"", ""feasible"": false}]",expedite RMPO014926 with Supplier 054 (SUP0054),"Chose expedite (est. cost 404, 0 stockout days, low risk) over accept delay (1,068 / 4d); switch supplier could not land in time; plan assumed supplier ETA 2024-02-10.",404.35,0,1258.82,4,partial,2024-03-06,Expedite only partly worked: supply arrived later than notified (4 vs 0 stockout days). Next time pad the supplier ETA and check alternates earlier.,"[""RMPO014926"", ""RMREV003883"", ""RMREV003884""]",190.73,1,root cause port_congestion
DEC00257,EVT00164,2024-01-27,supply_planner,expedite,"[{""option"": ""accept_delay"", ""est_cost"": 445.73, ""est_stockout_days"": 10, ""risk"": ""high"", ""feasible"": true}, {""option"": ""expedite"", ""est_cost"": 365.09, ""est_stockout_days"": 7, ""risk"": ""low"", ""feasible"": true}, {""option"": ""switch_supplier"", ""est_cost"": 1666.87, ""est_stockout_days"": 10, ""risk"": ""medium"", ""feasible"": false}, {""option"": ""substitute_rm"", ""est_cost"": 8000.0, ""est_stockout_days"": 0, ""risk"": ""medium"", ""feasible"": false}]",expedite RMPO013874 with Supplier 103 (SUP0103),"Chose expedite (est. cost 365, 7 stockout days, low risk) over accept delay (446 / 10d); switch supplier, substitute rm could not land in time; plan assumed supplier ETA 2024-02-11.",365.09,7,472.07,10,partial,2024-03-09,Expedite only partly worked: supply arrived later than notified (10 vs 7 stockout days). Next time pad the supplier ETA and check alternates earlier.,"[""RMPO013874"", ""RMREV003874"", ""RMREV003875""]",26.34,1,
DEC00258,EVT00164,2024-01-27,buyer,expedite,"[{""option"": ""accept_delay"", ""est_cost"": 664.48, ""est_stockout_days"": 13, ""risk"": ""high"", ""feasible"": true}, {""option"": ""expedite"", ""est_cost"": 517.75, ""est_stockout_days"": 9, ""risk"": ""medium"", ""feasible"": true}, {""option"": ""switch_supplier"", ""est_cost"": 1515.42, ""est_stockout_days"": 6, ""risk"": ""medium"", ""feasible"": true}, {""option"": ""substitute_rm"", ""est_cost"": 8000.0, ""est_stockout_days"": 0, ""risk"": ""medium"", ""feasible"": false}]",expedite RMPO013501 with Supplier 164 (SUP0164),"Chose expedite (est. cost 518, 9 stockout days, medium risk) over accept delay (664 / 13d) and switch supplier (1,515 / 6d); substitute rm could not land in time; plan assumed supplier ETA 2024-02-19.",517.75,9,579.08,11,success,2024-03-08,Expedite worked: actual 11 stockout days vs 9 planned.,"[""RMPO013501"", ""RMREV003869"", ""RMREV003870""]",16.83,1,
DEC00259,EVT00159,2024-01-27,buyer,expedite,"[{""option"": ""accept_delay"", ""est_cost"": 398.84, ""est_stockout_days"": 3, ""risk"": ""high"", ""feasible"": true}, {""option"": ""expedite"", ""est_cost"": 121.79, ""est_stockout_days"": 0, ""risk"": ""high"", ""feasible"": true}, {""option"": ""switch_supplier"", ""est_cost"": 1598.84, ""est_stockout_days"": 3, ""risk"": ""medium"", ""feasible"": false}]",expedite RMPO014343 with Supplier 199 (SUP0199),"Chose expedite (est. cost 122, 0 stockout days, high risk) over accept delay (399 / 3d); switch supplier could not land in time; plan assumed supplier ETA 2024-02-08.",121.79,0,440.86,3,partial,2024-03-08,Expedite only partly worked: supply arrived later than notified (3 vs 0 stockout days). Next time pad the supplier ETA and check alternates earlier.,"[""RMPO014343"", ""RMREV003880"", ""RMREV003881""]",42.02,1,
DEC00260,EVT00168,2024-01-27,supply_chain_director,switch_supplier,"[{""option"": ""accept_delay"", ""est_cost"": 2824.92, ""est_stockout_days"": 7, ""risk"": ""high"", ""feasible"": true}, {""option"": ""expedite"", ""est_cost"": 1695.84, ""est_stockout_days"": 3, ""risk"": ""high"", ""feasible"": true}, {""option"": ""switch_supplier"", ""est_cost"": 1243.74, ""est_stockout_days"": 0, ""risk"": ""high"", ""feasible"": true}]",place RMPO014935 with the alternate source and cancel RMPO014017,"Chose switch supplier (est. cost 1,244, 0 stockout days, high risk) over expedite (1,696 / 3d) and accept delay (2,825 / 7d); plan assumed supplier ETA 2024-02-17.",1243.74,0,2050.86,2,success,2024-03-07,Switch supplier worked: actual 2 stockout days vs 0 planned.,"[""RMPO014017"", ""RMREV003876"", ""RMPO014935"", ""RMPOL0015114""]",1243.74,1,
DEC00261,EVT00176,2024-01-27,supply_planner,accept_delay,"[{""option"": ""accept_delay"", ""est_cost"": 414.19, ""est_stockout_days"": 8, ""risk"": ""high"", ""feasible"": true}, {""option"": ""expedite"", ""est_cost"": 445.28, ""est_stockout_days"": 4, ""risk"": ""low"", ""feasible"": true}, {""option"": ""switch_supplier"", ""est_cost"": 1432.27, ""est_stockout_days"": 3, ""risk"": ""high"", ""feasible"": true}, {""option"": ""reallocate_stock"", ""est_cost"": 802.53, ""est_stockout_days"": 8, ""risk"": ""high"", ""feasible"": true}]",accept the revised ETA on RMPO014420 and cover gaps with spot buys,"Chose accept delay (est. cost 414, 8 stockout days, high risk) over expedite (445 / 4d) and reallocate stock (803 / 8d); plan assumed supplier ETA 2024-02-16.",414.19,8,0.0,0,success,2024-03-06,Accept delay worked: actual 0 stockout days vs 8 planned.,"[""RMPO014420"", ""RMREV003882""]",0.0,1,root cause port_congestion
DEC00262,EVT00159,2024-01-28,buyer,expedite,"[{""option"": ""accept_delay"", ""est_cost"": 392.16, ""est_stockout_days"": 13, ""risk"": ""high"", ""feasible"": true}, {""option"": ""expedite"", ""est_cost"": 244.37, ""est_stockout_days"": 6, ""risk"": ""medium"", ""feasible"": true}, {""option"": ""switch_supplier"", ""est_cost"": 1636.35, ""est_stockout_days"": 13, ""risk"": ""high"", ""feasible"": false}]",expedite RMPO014652 with Supplier 201 (SUP0201),"Chose expedite (est. cost 244, 6 stockout days, medium risk) over accept delay (392 / 13d); switch supplier could not land in time; plan assumed supplier ETA 2024-02-15.",244.37,6,413.31,13,failed,2024-03-05,Expedite failed: supply arrived later than notified (13 vs 6 stockout days). Next time pad the supplier ETA and check alternates earlier.,"[""RMPO014652"", ""RMREV003901"", ""RMREV003902""]",21.14,1,lowest-cost estimate at decision time; realised supply worse than notified
DEC00263,EVT00154,2024-01-28,supply_planner,expedite,"[{""option"": ""accept_delay"", ""est_cost"": 342.38, ""est_stockout_days"": 3, ""risk"": ""high"", ""feasible"": true}, {""option"": ""expedite"", ""est_cost"": 294.78, ""est_stockout_days"": 0, ""risk"": ""low"", ""feasible"": true}, {""option"": ""substitute_rm"", ""est_cost"": 8000.0, ""est_stockout_days"": 0, ""risk"": ""medium"", ""feasible"": false}]",expedite RMPO014936 with Supplier 185 (SUP0185),"Chose expedite (est. cost 295, 0 stockout days, low risk) over accept delay (342 / 3d); substitute rm could not land in time; plan assumed supplier ETA 2024-02-11.",294.78,0,796.94,5,partial,2024-03-08,Expedite only partly worked: premium freight into P05 costs about twice the network average. Next time pad the supplier ETA and check alternates earlier.,"[""RMPO014936"", ""RMREV003907"", ""RMREV003908""]",226.3,1,expedite into P05 (premium lane)
DEC00264,EVT00171,2024-01-28,supply_planner,expedite,"[{""option"": ""accept_delay"", ""est_cost"": 87.51, ""est_stockout_days"": 6, ""risk"": ""high"", ""feasible"": true}, {""option"": ""expedite"", ""est_cost"": 44.52, ""est_stockout_days"": 2, ""risk"": ""low"", ""feasible"": true}, {""option"": ""substitute_rm"", ""est_cost"": 8029.17, ""est_stockout_days"": 2, ""risk"": ""medium"", ""feasible"": false}]",expedite RMPO014161 with Supplier 013 (SUP0013),"Chose expedite (est. cost 45, 2 stockout days, low risk) over accept delay (88 / 6d); substitute rm could not land in time; plan assumed supplier ETA 2024-02-12.",44.52,2,91.19,6,partial,2024-03-07,Expedite only partly worked: supply arrived later than notified (6 vs 2 stockout days). Next time pad the supplier ETA and check alternates earlier.,"[""RMPO014161"", ""RMREV003898"", ""RMREV003899""]",3.68,1,root cause port_congestion
DEC00265,EVT00172,2024-01-28,plant_scheduler,expedite,"[{""option"": ""accept_delay"", ""est_cost"": 365.97, ""est_stockout_days"": 4, ""risk"": ""high"", ""feasible"": true}, {""option"": ""expedite"", ""est_cost"": 191.84, ""est_stockout_days"": 0, ""risk"": ""medium"", ""feasible"": true}]",expedite RMPO013886 with Supplier 182 (SUP0182),"Chose expedite (est. cost 192, 0 stockout days, medium risk) over accept delay (366 / 4d); plan assumed supplier ETA 2024-02-15.",191.84,0,484.62,4,partial,2024-03-06,Expedite only partly worked: premium freight into P05 costs about twice the network average. Next time pad the supplier ETA and check alternates earlier.,"[""RMPO013886"", ""RMREV003893"", ""RMREV003894""]",118.65,1,root cause port_congestion; expedite into P05 (premium lane)
DEC00266,EVT00178,2024-01-29,supply_chain_director,expedite,"[{""option"": ""accept_delay"", ""est_cost"": 188.19, ""est_stockout_days"": 3, ""risk"": ""high"", ""feasible"": true}, {""option"": ""expedite"", ""est_cost"": 64.18, ""est_stockout_days"": 0, ""risk"": ""low"", ""feasible"": true}, {""option"": ""switch_supplier"", ""est_cost"": 1407.42, ""est_stockout_days"": 3, ""risk"": ""medium"", ""feasible"": false}, {""option"": ""substitute_rm"", ""est_cost"": 8000.0, ""est_stockout_days"": 0, ""risk"": ""medium"", ""feasible"": false}]",expedite RMPO014655 with Supplier 065 (SUP0065),"Chose expedite (est. cost 64, 0 stockout days, low risk) over accept delay (188 / 3d); switch supplier, substitute rm could not land in time; plan assumed supplier ETA 2024-02-12.",64.18,0,214.74,3,partial,2024-03-07,Expedite only partly worked: supply arrived later than notified (3 vs 0 stockout days). Next time pad the supplier ETA and check alternates earlier.,"[""RMPO014655"", ""RMREV003919"", ""RMREV003920""]",26.54,0,
DEC00267,EVT00178,2024-01-29,supply_chain_director,expedite,"[{""option"": ""accept_delay"", ""est_cost"": 592.1, ""est_stockout_days"": 11, ""risk"": ""high"", ""feasible"": true}, {""option"": ""expedite"", ""est_cost"": 373.69, ""est_stockout_days"": 5, ""risk"": ""low"", ""feasible"": true}, {""option"": ""switch_supplier"", ""est_cost"": 1811.32, ""est_stockout_days"": 11, ""risk"": ""medium"", ""feasible"": false}, {""option"": ""substitute_rm"", ""est_cost"": 8000.0, ""est_stockout_days"": 0, ""risk"": ""medium"", ""feasible"": false}]",expedite RMPO014924 with Supplier 065 (SUP0065),"Chose expedite (est. cost 374, 5 stockout days, low risk) over accept delay (592 / 11d); switch supplier, substitute rm could not land in time; plan assumed supplier ETA 2024-02-22.",373.69,5,470.58,8,partial,2024-03-08,Expedite only partly worked: supply arrived later than notified (8 vs 5 stockout days). Next time pad the supplier ETA and check alternates earlier.,"[""RMPO014924"", ""RMREV003923"", ""RMREV003924""]",39.96,0,root cause port_congestion
DEC00268,EVT00177,2024-01-29,category_manager,expedite,"[{""option"": ""accept_delay"", ""est_cost"": 386.41, ""est_stockout_days"": 6, ""risk"": ""high"", ""feasible"": true}, {""option"": ""expedite"", ""est_cost"": 193.09, ""est_stockout_days"": 1, ""risk"": ""low"", ""feasible"": true}, {""option"": ""switch_supplier"", ""est_cost"": 1213.93, ""est_stockout_days"": 0, ""risk"": ""high"", ""feasible"": true}]",expedite RMPO014130 with Supplier 103 (SUP0103),"Chose expedite (est. cost 193, 1 stockout days, low risk) over accept delay (386 / 6d) and switch supplier (1,214 / 0d); plan assumed supplier ETA 2024-02-11.",193.09,1,772.7,11,failed,2024-03-06,Expedite failed: supply arrived later than notified (11 vs 1 stockout days). Next time pad the supplier ETA and check alternates earlier.,"[""RMPO014130"", ""RMREV003914"", ""RMREV003915"", ""RMREV003931""]",64.29,1,root cause port_congestion; lowest-cost estimate at decision time; realised supply worse than notified
DEC00269,EVT00179,2024-01-29,supply_planner,accept_delay,"[{""option"": ""accept_delay"", ""est_cost"": 99.9, ""est_stockout_days"": 11, ""risk"": ""high"", ""feasible"": true}, {""option"": ""expedite"", ""est_cost"": 178.57, ""est_stockout_days"": 7, ""risk"": ""medium"", ""feasible"": true}, {""option"": ""switch_supplier"", ""est_cost"": 1315.23, ""est_stockout_days"": 11, ""risk"": ""high"", ""feasible"": false}]",accept the revised ETA on RMPO013605 and cover gaps with spot buys,"Chose accept delay (est. cost 100, 11 stockout days, high risk) over expedite (179 / 7d); switch supplier could not land in time; plan assumed supplier ETA 2024-02-17.",99.9,11,54.49,6,success,2024-03-08,Accept delay worked: actual 6 stockout days vs 11 planned.,"[""RMPO013605"", ""RMREV003912""]",0.0,0,root cause port_congestion
DEC00270,EVT00175,2024-01-30,buyer,expedite,"[{""option"": ""accept_delay"", ""est_cost"": 1568.07, ""est_stockout_days"": 3, ""risk"": ""medium"", ""feasible"": true}, {""option"": ""expedite"", ""est_cost"": 793.89, ""est_stockout_days"": 0, ""risk"": ""low"", ""feasible"": true}, {""option"": ""switch_supplier"", ""est_cost"": 2768.07, ""est_stockout_days"": 3, ""risk"": ""medium"", ""feasible"": false}]",expedite RMPO014971 with Supplier 039 (SUP0039),"Chose expedite (est. cost 794, 0 stockout days, low risk) over accept delay (1,568 / 3d); switch supplier could not land in time; plan assumed supplier ETA 2024-02-09.",793.89,0,3093.73,5,failed,2024-03-11,Expedite failed: supply arrived later than notified (5 vs 0 stockout days). Next time pad the supplier ETA and check alternates earlier.,"[""RMPO014971"", ""RMREV003939"", ""RMREV003940""]",480.28,1,root cause port_congestion; lowest-cost estimate at decision time; realised supply worse than notified
DEC00271,EVT00181,2024-01-30,buyer,accept_delay,"[{""option"": ""accept_delay"", ""est_cost"": 226.96, ""est_stockout_days"": 2, ""risk"": ""high"", ""feasible"": true}, {""option"": ""expedite"", ""est_cost"": 284.02, ""est_stockout_days"": 0, ""risk"": ""high"", ""feasible"": true}, {""option"": ""switch_supplier"", ""est_cost"": 1200.0, ""est_stockout_days"": 0, ""risk"": ""medium"", ""feasible"": true}, {""option"": ""reallocate_stock"", ""est_cost"": 578.7, ""est_stockout_days"": 2, ""risk"": ""high"", ""feasible"": true}]",accept the revised ETA on RMPO014607 and cover gaps with spot buys,"Chose accept delay (est. cost 227, 2 stockout days, high risk) over expedite (284 / 0d) and reallocate stock (579 / 2d); plan assumed supplier ETA 2024-02-12.",226.96,2,0.0,0,success,2024-03-12,Accept delay worked: actual 0 stockout days vs 2 planned.,"[""RMPO014607"", ""RMREV003936""]",0.0,0,
DEC00272,EVT00152,2024-01-30,category_manager,substitute_rm,"[{""option"": ""substitute_rm"", ""est_cost"": 8000.0, ""est_stockout_days"": 0, ""risk"": ""medium"", ""feasible"": true}, {""option"": ""switch_supplier"", ""est_cost"": 7200.0, ""est_stockout_days"": 1, ""risk"": ""medium"", ""feasible"": true}, {""option"": ""accept_delay"", ""est_cost"": 12000.0, ""est_stockout_days"": 5, ""risk"": ""high"", ""feasible"": true}]",qualify Shrink Film 60um G2 (RM0067) to replace RM0003 in IP01508 from 2024-02-29,"Chose substitute rm (est. cost 8,000, 0 stockout days, medium risk) over switch supplier (7,200 / 1d) and accept delay (12,000 / 5d).",8000.0,0,9500.0,1,success,2024-09-02,Substitute rm worked: actual 1 stockout days vs 0 planned.,"[""BOM005962"", ""BOM005963"", ""BOM005964"", ""BOM005965""]",8000.0,0,
DEC00273,EVT00174,2024-01-31,supply_planner,expedite,"[{""option"": ""accept_delay"", ""est_cost"": 1927.01, ""est_stockout_days"": 4, ""risk"": ""high"", ""feasible"": true}, {""option"": ""expedite"", ""est_cost"": 836.54, ""est_stockout_days"": 0, ""risk"": ""low"", ""feasible"": true}]",expedite RMPO014937 with Supplier 054 (SUP0054),"Chose expedite (est. cost 837, 0 stockout days, low risk) over accept delay (1,927 / 4d); plan assumed supplier ETA 2024-02-12.",836.54,0,2378.16,4,partial,2024-03-10,Expedite only partly worked: supply arrived later than notified (4 vs 0 stockout days). Next time pad the supplier ETA and check alternates earlier.,"[""RMPO014937"", ""RMREV003958"", ""RMREV003959""]",451.14,1,root cause port_congestion
DEC00274,EVT00180,2024-01-31,buyer,expedite,"[{""option"": ""accept_delay"", ""est_cost"": 2013.97, ""est_stockout_days"": 18, ""risk"": ""high"", ""feasible"": true}, {""option"": ""expedite"", ""est_cost"": 1424.07, ""est_stockout_days"": 10, ""risk"": ""medium"", ""feasible"": true}, {""option"": ""switch_supplier"", ""est_cost"": 3011.46, ""est_stockout_days"": 16, ""risk"": ""high"", ""feasible"": true}, {""option"": ""substitute_rm"", ""est_cost"": 8000.0, ""est_stockout_days"": 0, ""risk"": ""medium"", ""feasible"": false}]",expedite RMPO014138 with Supplier 217 (SUP0217),"Chose expedite (est. cost 1,424, 10 stockout days, medium risk) over accept delay (2,014 / 18d) and switch supplier (3,011 / 16d); substitute rm could not land in time; plan assumed supplier ETA 2024-03-01.",1424.07,10,1356.94,11,success,2024-03-12,Expedite worked: actual 11 stockout days vs 10 planned.,"[""RMPO014138"", ""RMREV003953"", ""RMREV003954""]",126.18,1,root cause port_congestion
DEC00275,EVT00177,2024-02-01,supply_planner,expedite,"[{""option"": ""accept_delay"", ""est_cost"": 1026.95, ""est_stockout_days"": 12, ""risk"": ""high"", ""feasible"": true}, {""option"": ""expedite"", ""est_cost"": 628.27, ""est_stockout_days"": 4, ""risk"": ""low"", ""feasible"": true}, {""option"": ""switch_supplier"", ""est_cost"": 1217.3, ""est_stockout_days"": 0, ""risk"": ""high"", ""feasible"": true}]",expedite RMPO014135 with Supplier 103 (SUP0103),"Chose expedite (est. cost 628, 4 stockout days, low risk) over accept delay (1,027 / 12d) and switch supplier (1,217 / 0d); plan assumed supplier ETA 2024-02-21.",628.27,4,1310.32,13,failed,2024-03-11,Expedite failed: the alternate lane was hit by the same country disruption; premium freight into P05 costs about twice the network average. Next time pad the supplier ETA and check alternates earlier.,"[""RMPO014135"", ""RMREV003963"", ""RMREV003964""]",149.02,1,active country shock; root cause port_congestion; expedite into P05 (premium lane); lowest-cost estimate at decision time; realised supply worse than notified
DEC00276,EVT00182,2024-02-02,supply_planner,expedite,"[{""option"": ""accept_delay"", ""est_cost"": 1132.27, ""est_stockout_days"": 17, ""risk"": ""high"", ""feasible"": true}, {""option"": ""expedite"", ""est_cost"": 835.45, ""est_stockout_days"": 10, ""risk"": ""medium"", ""feasible"": true}, {""option"": ""switch_supplier"", ""est_cost"": 1266.6, ""est_stockout_days"": 1, ""risk"": ""medium"", ""feasible"": true}]",expedite RMPO013185 with Supplier 118 (SUP0118),"Chose expedite (est. cost 835, 10 stockout days, medium risk) over accept delay (1,132 / 17d) and switch supplier (1,267 / 1d); plan assumed supplier ETA 2024-02-27.",835.45,10,808.81,11,success,2024-03-11,Expedite worked: actual 11 stockout days vs 10 planned.,"[""RMPO013185"", ""RMREV003971"", ""RMREV003972""]",76.16,1,supplier with year-end capacity history; expedite into P05 (premium lane)
DEC00277,EVT00159,2024-02-02,buyer,expedite,"[{""option"": ""accept_delay"", ""est_cost"": 808.61, ""est_stockout_days"": 9, ""risk"": ""high"", ""feasible"": true}, {""option"": ""expedite"", ""est_cost"": 547.23, ""est_stockout_days"": 4, ""risk"": ""medium"", ""feasible"": true}, {""option"": ""switch_supplier"", ""est_cost"": 2071.38, ""est_stockout_days"": 9, ""risk"": ""high"", ""feasible"": false}]",expedite RMPO014939 with Supplier 201 (SUP0201),"Chose expedite (est. cost 547, 4 stockout days, medium risk) over accept delay (809 / 9d); switch supplier could not land in time; plan assumed supplier ETA 2024-02-22.",547.23,4,1176.15,12,failed,2024-03-10,Expedite failed: the alternate lane was hit by the same country disruption. Next time pad the supplier ETA and check alternates earlier.,"[""RMPO014939"", ""RMREV003983"", ""RMREV003984""]",98.0,1,active country shock; lowest-cost estimate at decision time; realised supply worse than notified
DEC00278,EVT00182,2024-02-03,supply_planner,expedite,"[{""option"": ""accept_delay"", ""est_cost"": 200.9, ""est_stockout_days"": 3, ""risk"": ""high"", ""feasible"": true}, {""option"": ""expedite"", ""est_cost"": 70.07, ""est_stockout_days"": 0, ""risk"": ""low"", ""feasible"": true}, {""option"": ""switch_supplier"", ""est_cost"": 1427.52, ""est_stockout_days"": 3, ""risk"": ""medium"", ""feasible"": false}]",expedite RMPO014991 with Supplier 054 (SUP0054),"Chose expedite (est. cost 70, 0 stockout days, low risk) over accept delay (201 / 3d); switch supplier could not land in time; plan assumed supplier ETA 2024-02-18.",70.07,0,498.67,7,failed,2024-03-16,Expedite failed: the alternate lane was hit by the same country disruption. Next time pad the supplier ETA and check alternates earlier.,"[""RMPO014991"", ""RMREV004009"", ""RMREV004010""]",29.89,1,active country shock; root cause port_congestion; lowest-cost estimate at decision time; realised supply worse than notified
DEC00279,EVT00167,2024-02-03,buyer,expedite,"[{""option"": ""accept_delay"", ""est_cost"": 3989.17, ""est_stockout_days"": 16, ""risk"": ""high"", ""feasible"": true}, {""option"": ""expedite"", ""est_cost"": 3663.72, ""est_stockout_days"": 12, ""risk"": ""low"", ""feasible"": true}, {""option"": ""switch_supplier"", ""est_cost"": 5324.23, ""est_stockout_days"": 16, ""risk"": ""medium"", ""feasible"": false}]",expedite RMPO014934 with Supplier 054 (SUP0054),"Chose expedite (est. cost 3,664, 12 stockout days, low risk) over accept delay (3,989 / 16d); switch supplier could not land in time; plan assumed supplier ETA 2024-02-24.",3663.72,12,3214.94,11,success,2024-03-16,Expedite worked: actual 11 stockout days vs 12 planned.,"[""RMPO014934"", ""RMREV004006"", ""RMREV004007""]",472.38,1,active country shock; root cause port_congestion; expedite into P05 (premium lane)
DEC00280,EVT00164,2024-02-03,buyer,expedite,"[{""option"": ""accept_delay"", ""est_cost"": 110.69, ""est_stockout_days"": 3, ""risk"": ""medium"", ""feasible"": true}, {""option"": ""expedite"", ""est_cost"": 36.62, ""est_stockout_days"": 0, ""risk"": ""medium"", ""feasible"": true}, {""option"": ""switch_supplier"", ""est_cost"": 1319.43, ""est_stockout_days"": 3, ""risk"": ""medium"", ""feasible"": false}, {""option"": ""substitute_rm"", ""est_cost"": 8000.0, ""est_stockout_days"": 0, ""risk"": ""medium"", ""feasible"": false}]",expedite RMPO013504 with Supplier 164 (SUP0164),"Chose expedite (est. cost 37, 0 stockout days, medium risk) over accept delay (111 / 3d); switch supplier, substitute rm could not land in time; plan assumed supplier ETA 2024-02-12.",36.62,0,131.85,3,partial,2024-03-11,Expedite only partly worked: supply arrived later than notified (3 vs 0 stockout days). Next time pad the supplier ETA and check alternates earlier.,"[""RMPO013504"", ""RMREV003989"", ""RMREV003990""]",14.48,1,
DEC00281,EVT00160,2024-02-03,buyer,expedite,"[{""option"": ""accept_delay"", ""est_cost"": 589.83, ""est_stockout_days"": 16, ""risk"": ""high"", ""feasible"": true}, {""option"": ""expedite"", ""est_cost"": 502.07, ""est_stockout_days"": 12, ""risk"": ""high"", ""feasible"": true}, {""option"": ""substitute_rm"", ""est_cost"": 8000.0, ""est_stockout_days"": 0, ""risk"": ""medium"", ""feasible"": false}]",expedite RMPO014141 with Supplier 214 (SUP0214),"Chose expedite (est. cost 502, 12 stockout days, high risk) over accept delay (590 / 16d); substitute rm could not land in time; plan assumed supplier ETA 2024-02-28.",502.07,12,361.99,9,success,2024-03-15,Expedite worked: actual 9 stockout days vs 12 planned.,"[""RMPO014141"", ""RMREV004000"", ""RMREV004001""]",30.21,0,active country shock; root cause port_congestion
DEC00282,EVT00178,2024-02-03,category_manager,expedite,"[{""option"": ""accept_delay"", ""est_cost"": 395.37, ""est_stockout_days"": 7, ""risk"": ""high"", ""feasible"": true}, {""option"": ""expedite"", ""est_cost"": 161.4, ""est_stockout_days"": 1, ""risk"": ""low"", ""feasible"": true}, {""option"": ""switch_supplier"", ""est_cost"": 1614.59, ""est_stockout_days"": 7, ""risk"": ""medium"", ""feasible"": false}, {""option"": ""substitute_rm"", ""est_cost"": 8282.41, ""est_stockout_days"": 5, ""risk"": ""medium"", ""feasible"": false}]",expedite RMPO014716 with Supplier 065 (SUP0065),"Chose expedite (est. cost 161, 1 stockout days, low risk) over accept delay (395 / 7d); switch supplier, substitute rm could not land in time; plan assumed supplier ETA 2024-02-16.",161.4,1,263.06,4,partial,2024-03-12,Expedite only partly worked: the alternate lane was hit by the same country disruption. Next time pad the supplier ETA and check alternates earlier.,"[""RMPO014716"", ""RMREV004004"", ""RMREV004005""]",37.14,0,active country shock
DEC00283,EVT00183,2024-02-03,buyer,expedite,"[{""option"": ""accept_delay"", ""est_cost"": 46.67, ""est_stockout_days"": 2, ""risk"": ""high"", ""feasible"": true}, {""option"": ""expedite"", ""est_cost"": 28.49, ""est_stockout_days"": 0, ""risk"": ""medium"", ""feasible"": true}, {""option"": ""switch_supplier"", ""est_cost"": 1258.35, ""est_stockout_days"": 2, ""risk"": ""medium"", ""feasible"": false}]",expedite RMPO013596 with Supplier 136 (SUP0136),"Chose expedite (est. cost 28, 0 stockout days, medium risk) over accept delay (47 / 2d); switch supplier could not land in time; plan assumed supplier ETA 2024-02-16.",28.49,0,252.49,10,failed,2024-03-12,Expedite failed: supply arrived later than notified (10 vs 0 stockout days). Next time pad the supplier ETA and check alternates earlier.,"[""RMPO013596"", ""RMREV003991"", ""RMREV003992""]",19.16,1,lowest-cost estimate at decision time; realised supply worse than notified
DEC00284,EVT00184,2024-02-04,category_manager,expedite,"[{""option"": ""accept_delay"", ""est_cost"": 174.57, ""est_stockout_days"": 3, ""risk"": ""medium"", ""feasible"": true}, {""option"": ""expedite"", ""est_cost"": 76.55, ""est_stockout_days"": 0, ""risk"": ""low"", ""feasible"": true}, {""option"": ""switch_supplier"", ""est_cost"": 1258.19, ""est_stockout_days"": 1, ""risk"": ""medium"", ""feasible"": true}]",expedite RMPO013109 with Supplier 044 (SUP0044),"Chose expedite (est. cost 77, 0 stockout days, low risk) over accept delay (175 / 3d) and switch supplier (1,258 / 1d); plan assumed supplier ETA 2024-02-11.",76.55,0,219.3,2,success,2024-03-14,Expedite worked: actual 2 stockout days vs 0 planned.,"[""RMPO013109"", ""RMREV004013"", ""RMREV004014""]",41.64,1,
DEC00285,EVT00182,2024-02-05,plant_scheduler,expedite,"[{""option"": ""accept_delay"", ""est_cost"": 1342.89, ""est_stockout_days"": 12, ""risk"": ""high"", ""feasible"": true}, {""option"": ""expedite"", ""est_cost"": 839.12, ""est_stockout_days"": 5, ""risk"": ""low"", ""feasible"": true}, {""option"": ""switch_supplier"", ""est_cost"": 2584.01, ""est_stockout_days"": 12, ""risk"": ""medium"", ""feasible"": false}]",expedite RMPO014933 with Supplier 054 (SUP0054),"Chose expedite (est. cost 839, 5 stockout days, low risk) over accept delay (1,343 / 12d); switch supplier could not land in time; plan assumed supplier ETA 2024-02-21.",839.12,5,1193.96,9,partial,2024-03-13,Expedite only partly worked: the alternate lane was hit by the same country disruption. Next time pad the supplier ETA and check alternates earlier.,"[""RMPO014933"", ""RMREV004038"", ""RMREV004039""]",122.91,1,active country shock; root cause port_congestion
DEC00286,EVT00174,2024-02-05,supply_planner,accept_delay,"[{""option"": ""accept_delay"", ""est_cost"": 0.0, ""est_stockout_days"": 0, ""risk"": ""medium"", ""feasible"": true}, {""option"": ""expedite"", ""est_cost"": 528.09, ""est_stockout_days"": 0, ""risk"": ""low"", ""feasible"": true}]",accept the revised ETA on RMPO014993 and cover gaps with spot buys,"Chose accept delay (est. cost 0, 0 stockout days, medium risk) over expedite (528 / 0d); plan assumed supplier ETA 2024-02-12.",0.0,0,2610.43,8,failed,2024-03-13,Accept delay failed: the alternate lane was hit by the same country disruption. Next time pad the supplier ETA and check alternates earlier.,"[""RMPO014993"", ""RMREV004040""]",0.0,1,active country shock; root cause port_congestion; lowest-cost estimate at decision time; realised supply worse than notified
DEC00287,EVT00160,2024-02-06,category_manager,expedite,"[{""option"": ""accept_delay"", ""est_cost"": 1208.53, ""est_stockout_days"": 8, ""risk"": ""high"", ""feasible"": true}, {""option"": ""expedite"", ""est_cost"": 674.68, ""est_stockout_days"": 3, ""risk"": ""high"", ""feasible"": true}, {""option"": ""substitute_rm"", ""est_cost"": 8000.0, ""est_stockout_days"": 0, ""risk"": ""medium"", ""feasible"": false}]",expedite RMPO014358 with Supplier 214 (SUP0214),"Chose expedite (est. cost 675, 3 stockout days, high risk) over accept delay (1,209 / 8d); substitute rm could not land in time; plan assumed supplier ETA 2024-02-24.",674.68,3,825.74,5,success,2024-03-17,Expedite worked: actual 5 stockout days vs 3 planned.,"[""RMPO014358"", ""RMREV004053"", ""RMREV004054""]",70.41,1,active country shock; root cause port_congestion
DEC00288,EVT00185,2024-02-06,category_manager,expedite,"[{""option"": ""accept_delay"", ""est_cost"": 2029.24, ""est_stockout_days"": 9, ""risk"": ""high"", ""feasible"": true}, {""option"": ""expedite"", ""est_cost"": 936.09, ""est_stockout_days"": 2, ""risk"": ""high"", ""feasible"": true}, {""option"": ""switch_supplier"", ""est_cost"": 1200.0, ""est_stockout_days"": 0, ""risk"": ""medium"", ""feasible"": true}, {""option"": ""substitute_rm"", ""est_cost"": 8000.0, ""est_stockout_days"": 0, ""risk"": ""medium"", ""feasible"": false}]",expedite RMPO013929 with Supplier 047 (SUP0047),"Chose expedite (est. cost 936, 2 stockout days, high risk) over switch supplier (1,200 / 0d) and accept delay (2,029 / 9d); substitute rm could not land in time; plan assumed supplier ETA 2024-02-24.",936.09,2,1747.79,7,partial,2024-03-17,Expedite only partly worked: supply arrived later than notified (7 vs 2 stockout days). Next time pad the supplier ETA and check alternates earlier.,"[""RMPO013929"", ""RMREV004047"", ""RMREV004048""]",169.49,0,
DEC00289,EVT00167,2024-02-07,supply_planner,switch_supplier,"[{""option"": ""accept_delay"", ""est_cost"": 5246.53, ""est_stockout_days"": 13, ""risk"": ""high"", ""feasible"": true}, {""option"": ""expedite"", ""est_cost"": 3876.65, ""est_stockout_days"": 8, ""risk"": ""low"", ""feasible"": true}, {""option"": ""switch_supplier"", ""est_cost"": 3217.9, ""est_stockout_days"": 5, ""risk"": ""medium"", ""feasible"": true}]",place RMPO015488 with the alternate source and cancel RMPO014053,"Chose switch supplier (est. cost 3,218, 5 stockout days, medium risk) over expedite (3,877 / 8d) and accept delay (5,247 / 13d); plan assumed supplier ETA 2024-02-25.",3217.9,5,4428.63,8,partial,2024-03-17,Switch supplier only partly worked: the alternate source also shipped late. Next time pad the supplier ETA and check alternates earlier.,"[""RMPO014053"", ""RMREV004075"", ""RMPO015488"", ""RMPOL0015676""]",1200.0,0,
DEC00290,EVT00156,2024-02-07,buyer,expedite,"[{""option"": ""accept_delay"", ""est_cost"": 873.13, ""est_stockout_days"": 11, ""risk"": ""high"", ""feasible"": true}, {""option"": ""expedite"", ""est_cost"": 420.44, ""est_stockout_days"": 3, ""risk"": ""low"", ""feasible"": true}, {""option"": ""switch_supplier"", ""est_cost"": 2089.13, ""est_stockout_days"": 11, ""risk"": ""high"", ""feasible"": false}]",expedite RMPO013882 with Supplier 051 (SUP0051),"Chose expedite (est. cost 420, 3 stockout days, low risk) over accept delay (873 / 11d); switch supplier could not land in time; plan assumed supplier ETA 2024-02-24.",420.44,3,928.44,11,failed,2024-03-16,Expedite failed: the alternate lane was hit by the same country disruption. Next time pad the supplier ETA and check alternates earlier.,"[""RMPO013882"", ""RMREV004072"", ""RMREV004073""]",55.31,1,active country shock; root cause port_congestion; lowest-cost estimate at decision time; realised supply worse than notified
DEC00291,EVT00175,2024-02-07,supply_planner,switch_supplier,"[{""option"": ""accept_delay"", ""est_cost"": 5618.57, ""est_stockout_days"": 13, ""risk"": ""high"", ""feasible"": true}, {""option"": ""expedite"", ""est_cost"": 3663.35, ""est_stockout_days"": 7, ""risk"": ""medium"", ""feasible"": true}, {""option"": ""switch_supplier"", ""est_cost"": 1215.6, ""est_stockout_days"": 0, ""risk"": ""medium"", ""feasible"": true}]",place RMPO015486 with the alternate source and cancel RMPO015336,"Chose switch supplier (est. cost 1,216, 0 stockout days, medium risk) over expedite (3,663 / 7d) and accept delay (5,619 / 13d); plan assumed supplier ETA 2024-02-28.",1215.6,0,5969.77,11,failed,2024-03-16,Switch supplier failed: the alternate source also shipped late. Next time pad the supplier ETA and check alternates earlier.,"[""RMPO015336"", ""RMREV004080"", ""RMPO015486"", ""RMPOL0015674""]",1215.6,1,lowest-cost estimate at decision time; realised supply worse than notified
DEC00292,EVT00160,2024-02-08,supply_chain_director,expedite,"[{""option"": ""accept_delay"", ""est_cost"": 1094.38, ""est_stockout_days"": 11, ""risk"": ""high"", ""feasible"": true}, {""option"": ""expedite"", ""est_cost"": 645.89, ""est_stockout_days"": 4, ""risk"": ""high"", ""feasible"": true}, {""option"": ""substitute_rm"", ""est_cost"": 8000.0, ""est_stockout_days"": 0, ""risk"": ""medium"", ""feasible"": false}]",expedite RMPO014360 with Supplier 214 (SUP0214),"Chose expedite (est. cost 646, 4 stockout days, high risk) over accept delay (1,094 / 11d); substitute rm could not land in time; plan assumed supplier ETA 2024-02-28.",645.89,4,1004.05,9,partial,2024-03-19,Expedite only partly worked: the alternate lane was hit by the same country disruption; premium freight into P05 costs about twice the network average. Next time pad the supplier ETA and check alternates earlier.,"[""RMPO014360"", ""RMREV004085"", ""RMREV004086""]",108.65,1,active country shock; root cause port_congestion; expedite into P05 (premium lane)
DEC00293,EVT00157,2024-02-08,supply_planner,accept_delay,"[{""option"": ""accept_delay"", ""est_cost"": 2139.76, ""est_stockout_days"": 28, ""risk"": ""high"", ""feasible"": true}, {""option"": ""expedite"", ""est_cost"": 2131.01, ""est_stockout_days"": 24, ""risk"": ""medium"", ""feasible"": true}, {""option"": ""switch_supplier"", ""est_cost"": 2871.14, ""est_stockout_days"": 21, ""risk"": ""high"", ""feasible"": false}, {""option"": ""substitute_rm"", ""est_cost"": 9425.75, ""est_stockout_days"": 18, ""risk"": ""medium"", ""feasible"": false}]",accept the revised ETA on RMPO014367 and cover gaps with spot buys,"Chose accept delay (est. cost 2,140, 28 stockout days, high risk) over expedite (2,131 / 24d); switch supplier, substitute rm could not land in time; plan assumed supplier ETA 2024-02-21.",2139.76,28,0.0,0,success,2024-03-16,Accept delay worked: actual 0 stockout days vs 28 planned.,"[""RMPO014367"", ""RMREV004087""]",0.0,0,active country shock; root cause port_congestion
DEC00294,EVT00171,2024-02-09,category_manager,substitute_rm,"[{""option"": ""substitute_rm"", ""est_cost"": 8000.0, ""est_stockout_days"": 0, ""risk"": ""medium"", ""feasible"": true}, {""option"": ""switch_supplier"", ""est_cost"": 7200.0, ""est_stockout_days"": 1, ""risk"": ""medium"", ""feasible"": true}, {""option"": ""accept_delay"", ""est_cost"": 12000.0, ""est_stockout_days"": 5, ""risk"": ""high"", ""feasible"": true}]",qualify Spunbond PP 15gsm G2 (RM0064) to replace RM0062 in IP01009 from 2024-03-01,"Chose substitute rm (est. cost 8,000, 0 stockout days, medium risk) over switch supplier (7,200 / 1d) and accept delay (12,000 / 5d).",8000.0,0,14000.0,4,partial,2024-09-02,Substitute rm only partly worked: supply arrived later than notified (4 vs 0 stockout days). Next time pad the supplier ETA and check alternates earlier.,"[""BOM003949"", ""BOM003950"", ""BOM003951"", ""BOM003952"", ""BOM003953"", ""BOM003954"", ""BOM003955"", ""BOM003956"", ""BOM003957"", ""BOM003958"", ""BOM003959"", ""BOM003960""]",8000.0,0,
DEC00295,EVT00187,2024-02-10,buyer,expedite,"[{""option"": ""accept_delay"", ""est_cost"": 2023.91, ""est_stockout_days"": 14, ""risk"": ""high"", ""feasible"": true}, {""option"": ""expedite"", ""est_cost"": 1251.85, ""est_stockout_days"": 6, ""risk"": ""low"", ""feasible"": true}]",expedite RMPO013340 with Supplier 138 (SUP0138),"Chose expedite (est. cost 1,252, 6 stockout days, low risk) over accept delay (2,024 / 14d); plan assumed supplier ETA 2024-02-28.",1251.85,6,1887.94,12,failed,2024-03-20,Expedite failed: supply arrived later than notified (12 vs 6 stockout days). Next time pad the supplier ETA and check alternates earlier.,"[""RMPO013340"", ""RMREV004115"", ""RMREV004116""]",153.16,1,lowest-cost estimate at decision time; realised supply worse than notified
DEC00296,EVT00175,2024-02-10,supply_planner,switch_supplier,"[{""option"": ""accept_delay"", ""est_cost"": 8706.91, ""est_stockout_days"": 15, ""risk"": ""high"", ""feasible"": true}, {""option"": ""expedite"", ""est_cost"": 7015.55, ""est_stockout_days"": 11, ""risk"": ""medium"", ""feasible"": true}, {""option"": ""switch_supplier"", ""est_cost"": 1215.6, ""est_stockout_days"": 0, ""risk"": ""medium"", ""feasible"": true}]",place RMPO015497 with the alternate source and cancel RMPO015049,"Chose switch supplier (est. cost 1,216, 0 stockout days, medium risk) over expedite (7,016 / 11d) and accept delay (8,707 / 15d); plan assumed supplier ETA 2024-03-04.",1215.6,0,7020.21,10,failed,2024-03-23,Switch supplier failed: the alternate source also shipped late. Next time pad the supplier ETA and check alternates earlier.,"[""RMPO015049"", ""RMREV004126"", ""RMPO015497"", ""RMPOL0015685""]",1215.6,1,lowest-cost estimate at decision time; realised supply worse than notified
DEC00297,EVT00188,2024-02-11,supply_planner,expedite,"[{""option"": ""accept_delay"", ""est_cost"": 209.44, ""est_stockout_days"": 6, ""risk"": ""high"", ""feasible"": true}, {""option"": ""expedite"", ""est_cost"": 66.23, ""est_stockout_days"": 0, ""risk"": ""low"", ""feasible"": true}, {""option"": ""switch_supplier"", ""est_cost"": 1415.74, ""est_stockout_days"": 6, ""risk"": ""medium"", ""feasible"": false}]",expedite RMPO015498 with Supplier 039 (SUP0039),"Chose expedite (est. cost 66, 0 stockout days, low risk) over accept delay (209 / 6d); switch supplier could not land in time; plan assumed supplier ETA 2024-02-27.",66.23,0,233.78,6,failed,2024-03-21,Expedite failed: the alternate lane was hit by the same country disruption. Next time pad the supplier ETA and check alternates earlier.,"[""RMPO015498"", ""RMREV004147"", ""RMREV004148""]",24.34,1,active country shock; root cause port_congestion; lowest-cost estimate at decision time; realised supply worse than notified
DEC00298,EVT00171,2024-02-11,supply_planner,accept_delay,"[{""option"": ""accept_delay"", ""est_cost"": 0.0, ""est_stockout_days"": 0, ""risk"": ""medium"", ""feasible"": true}, {""option"": ""expedite"", ""est_cost"": 9.41, ""est_stockout_days"": 0, ""risk"": ""low"", ""feasible"": true}, {""option"": ""substitute_rm"", ""est_cost"": 8000.0, ""est_stockout_days"": 0, ""risk"": ""medium"", ""feasible"": false}]",accept the revised ETA on RMPO014670 and cover gaps with spot buys,"Chose accept delay (est. cost 0, 0 stockout days, medium risk) over expedite (9 / 0d); substitute rm could not land in time; plan assumed supplier ETA 2024-02-20.",0.0,0,92.99,6,failed,2024-03-21,Accept delay failed: the alternate lane was hit by the same country disruption. Next time pad the supplier ETA and check alternates earlier.,"[""RMPO014670"", ""RMREV004138"", ""RMREV004152""]",0.0,1,active country shock; root cause port_congestion; lowest-cost estimate at decision time; realised supply worse than notified
DEC00299,EVT00184,2024-02-11,supply_chain_director,expedite,"[{""option"": ""accept_delay"", ""est_cost"": 860.99, ""est_stockout_days"": 11, ""risk"": ""high"", ""feasible"": true}, {""option"": ""expedite"", ""est_cost"": 433.74, ""est_stockout_days"": 3, ""risk"": ""low"", ""feasible"": true}, {""option"": ""switch_supplier"", ""est_cost"": 2102.68, ""est_stockout_days"": 11, ""risk"": ""medium"", ""feasible"": false}]",expedite RMPO015109 with Supplier 175 (SUP0175),"Chose expedite (est. cost 434, 3 stockout days, low risk) over accept delay (861 / 11d); switch supplier could not land in time; plan assumed supplier ETA 2024-02-25.",433.74,3,778.14,9,failed,2024-03-22,Expedite failed: the alternate lane was hit by the same country disruption. Next time pad the supplier ETA and check alternates earlier.,"[""RMPO015109"", ""RMREV004142"", ""RMREV004143""]",73.69,1,active country shock; root cause port_congestion; lowest-cost estimate at decision time; realised supply worse than notified
DEC00300,EVT00180,2024-02-11,plant_scheduler,expedite,"[{""option"": ""accept_delay"", ""est_cost"": 2700.95, ""est_stockout_days"": 13, ""risk"": ""high"", ""feasible"": true}, {""option"": ""expedite"", ""est_cost"": 2426.23, ""est_stockout_days"": 9, ""risk"": ""medium"", ""feasible"": true}, {""option"": ""switch_supplier"", ""est_cost"": 3955.89, ""est_stockout_days"": 13, ""risk"": ""high"", ""feasible"": false}, {""option"": ""substitute_rm"", ""est_cost"": 8000.0, ""est_stockout_days"": 0, ""risk"": ""medium"", ""feasible"": false}]",expedite RMPO014403 with Supplier 217 (SUP0217),"Chose expedite (est. cost 2,426, 9 stockout days, medium risk) over accept delay (2,701 / 13d); switch supplier, substitute rm could not land in time; plan assumed supplier ETA 2024-03-04.",2426.23,9,2467.79,10,success,2024-03-20,Expedite worked: actual 10 stockout days vs 9 planned.,"[""RMPO014403"", ""RMREV004136"", ""RMREV004137""]",390.13,1,active country shock; root cause port_congestion
DEC00301,EVT00182,2024-02-12,supply_chain_director,expedite,"[{""option"": ""accept_delay"", ""est_cost"": 1297.77, ""est_stockout_days"": 17, ""risk"": ""high"", ""feasible"": true}, {""option"": ""expedite"", ""est_cost"": 1063.08, ""est_stockout_days"": 12, ""risk"": ""low"", ""feasible"": true}, {""option"": ""switch_supplier"", ""est_cost"": 2524.62, ""est_stockout_days"": 17, ""risk"": ""medium"", ""feasible"": false}]",expedite RMPO015199 with Supplier 054 (SUP0054),"Chose expedite (est. cost 1,063, 12 stockout days, low risk) over accept delay (1,298 / 17d); switch supplier could not land in time; plan assumed supplier ETA 2024-03-03.",1063.08,12,910.4,11,success,2024-03-22,Expedite worked: actual 11 stockout days vs 12 planned.,"[""RMPO015199"", ""RMREV004160"", ""RMREV004161""]",70.66,1,active country shock; root cause port_congestion
DEC00302,EVT00156,2024-02-13,category_manager,expedite,"[{""option"": ""accept_delay"", ""est_cost"": 1863.34, ""est_stockout_days"": 16, ""risk"": ""high"", ""feasible"": true}, {""option"": ""expedite"", ""est_cost"": 1719.95, ""est_stockout_days"": 13, ""risk"": ""low"", ""feasible"": true}, {""option"": ""switch_supplier"", ""est_cost"": 3082.67, ""est_stockout_days"": 16, ""risk"": ""high"", ""feasible"": false}]",expedite RMPO014133 with Supplier 051 (SUP0051),"Chose expedite (est. cost 1,720, 13 stockout days, low risk) over accept delay (1,863 / 16d); switch supplier could not land in time; plan assumed supplier ETA 2024-03-06.",1719.95,13,1300.7,10,success,2024-03-25,Expedite worked: actual 10 stockout days vs 13 planned.,"[""RMPO014133"", ""RMREV004166"", ""RMREV004167""]",136.11,1,active country shock; root cause port_congestion
DEC00303,EVT00157,2024-02-13,supply_planner,accept_delay,"[{""option"": ""accept_delay"", ""est_cost"": 119.94, ""est_stockout_days"": 15, ""risk"": ""high"", ""feasible"": true}, {""option"": ""expedite"", ""est_cost"": 117.53, ""est_stockout_days"": 10, ""risk"": ""medium"", ""feasible"": true}, {""option"": ""switch_supplier"", ""est_cost"": 1312.95, ""est_stockout_days"": 13, ""risk"": ""high"", ""feasible"": true}, {""option"": ""substitute_rm"", ""est_cost"": 8119.94, ""est_stockout_days"": 15, ""risk"": ""medium"", ""feasible"": false}]",accept the revised ETA on RMPO015721 and cover gaps with spot buys,"Chose accept delay (est. cost 120, 15 stockout days, high risk) over expedite (118 / 10d) and switch supplier (1,313 / 13d); substitute rm could not land in time; plan assumed supplier ETA 2024-02-28.",119.94,15,0.0,0,success,2024-03-23,Accept delay worked: actual 0 stockout days vs 15 planned.,"[""RMPO015721"", ""RMREV004185""]",0.0,0,active country shock; root cause port_congestion
DEC00304,EVT00177,2024-02-14,supply_planner,expedite,"[{""option"": ""accept_delay"", ""est_cost"": 378.5, ""est_stockout_days"": 5, ""risk"": ""high"", ""feasible"": true}, {""option"": ""expedite"", ""est_cost"": 138.22, ""est_stockout_days"": 0, ""risk"": ""low"", ""feasible"": true}, {""option"": ""switch_supplier"", ""est_cost"": 1222.08, ""est_stockout_days"": 0, ""risk"": ""high"", ""feasible"": true}]",expedite RMPO014657 with Supplier 103 (SUP0103),"Chose expedite (est. cost 138, 0 stockout days, low risk) over accept delay (378 / 5d) and switch supplier (1,222 / 0d); plan assumed supplier ETA 2024-02-28.",138.22,0,441.02,5,partial,2024-03-25,Expedite only partly worked: the alternate lane was hit by the same country disruption. Next time pad the supplier ETA and check alternates earlier.,"[""RMPO014657"", ""RMREV004198"", ""RMREV004199""]",62.52,1,active country shock; root cause port_congestion
DEC00305,EVT00189,2024-02-14,plant_scheduler,accept_delay,"[{""option"": ""accept_delay"", ""est_cost"": 56.93, ""est_stockout_days"": 1, ""risk"": ""high"", ""feasible"": true}, {""option"": ""expedite"", ""est_cost"": 80.09, ""est_stockout_days"": 1, ""risk"": ""low"", ""feasible"": true}, {""option"": ""switch_supplier"", ""est_cost"": 1295.99, ""est_stockout_days"": 1, ""risk"": ""medium"", ""feasible"": true}, {""option"": ""substitute_rm"", ""est_cost"": 8056.93, ""est_stockout_days"": 1, ""risk"": ""medium"", ""feasible"": false}]",accept the revised ETA on RMPO014841 and cover gaps with spot buys,"Chose accept delay (est. cost 57, 1 stockout days, high risk) over expedite (80 / 1d) and switch supplier (1,296 / 1d); substitute rm could not land in time; plan assumed supplier ETA 2024-03-24.",56.93,1,0.0,0,success,2024-03-27,Accept delay worked: actual 0 stockout days vs 1 planned.,"[""RMPO014841"", ""RMREV004200""]",0.0,0,root cause labor_strike
DEC00306,EVT00190,2024-02-14,supply_planner,accept_delay,"[{""option"": ""accept_delay"", ""est_cost"": 15430.55, ""est_stockout_days"": 12, ""risk"": ""high"", ""feasible"": true}, {""option"": ""expedite"", ""est_cost"": 15257.44, ""est_stockout_days"": 10, ""risk"": ""low"", ""feasible"": true}, {""option"": ""switch_supplier"", ""est_cost"": 16630.55, ""est_stockout_days"": 12, ""risk"": ""high"", ""feasible"": false}, {""option"": ""substitute_rm"", ""est_cost"": 23430.55, ""est_stockout_days"": 12, ""risk"": ""medium"", ""feasible"": false}]",accept the revised ETA on RMPO013850 and cover gaps with spot buys,"Chose accept delay (est. cost 15,431, 12 stockout days, high risk) over expedite (15,257 / 10d); switch supplier, substitute rm could not land in time; plan assumed supplier ETA 2024-03-05.",15430.55,12,4686.09,3,success,2024-03-23,Accept delay worked: actual 3 stockout days vs 12 planned.,"[""RMPO013850"", ""RMREV004190""]",0.0,0,root cause labor_strike
DEC00307,EVT00168,2024-02-15,category_manager,switch_supplier,"[{""option"": ""accept_delay"", ""est_cost"": 3457.78, ""est_stockout_days"": 14, ""risk"": ""high"", ""feasible"": true}, {""option"": ""expedite"", ""est_cost"": 2811.49, ""est_stockout_days"": 6, ""risk"": ""high"", ""feasible"": true}, {""option"": ""switch_supplier"", ""est_cost"": 1311.87, ""est_stockout_days"": 0, ""risk"": ""high"", ""feasible"": true}]",place RMPO015763 with the alternate source and cancel RMPO014405,"Chose switch supplier (est. cost 1,312, 0 stockout days, high risk) over expedite (2,811 / 6d) and accept delay (3,458 / 14d); plan assumed supplier ETA 2024-03-07.",1311.87,0,4941.3,13,failed,2024-03-23,Switch supplier failed: the alternate lane was hit by the same country disruption; the alternate source also shipped late. Next time pad the supplier ETA and check alternates earlier.,"[""RMPO014405"", ""RMREV004216"", ""RMPO015763"", ""RMPOL0015952""]",1311.87,1,active country shock; lowest-cost estimate at decision time; realised supply worse than notified
DEC00308,EVT00193,2024-02-16,buyer,expedite,"[{""option"": ""accept_delay"", ""est_cost"": 2382.19, ""est_stockout_days"": 10, ""risk"": ""high"", ""feasible"": true}, {""option"": ""expedite"", ""est_cost"": 1280.25, ""est_stockout_days"": 3, ""risk"": ""low"", ""feasible"": true}, {""option"": ""switch_supplier"", ""est_cost"": 3717.15, ""est_stockout_days"": 10, ""risk"": ""medium"", ""feasible"": false}]",expedite RMPO015758 with Supplier 054 (SUP0054),"Chose expedite (est. cost 1,280, 3 stockout days, low risk) over accept delay (2,382 / 10d); switch supplier could not land in time; plan assumed supplier ETA 2024-03-10.",1280.25,3,2614.27,10,failed,2024-03-24,Expedite failed: the alternate lane was hit by the same country disruption. Next time pad the supplier ETA and check alternates earlier.,"[""RMPO015758"", ""RMREV004254"", ""RMREV004255""]",232.09,1,active country shock; lowest-cost estimate at decision time; realised supply worse than notified
DEC00309,EVT00174,2024-02-16,supply_chain_director,expedite,"[{""option"": ""accept_delay"", ""est_cost"": 1586.54, ""est_stockout_days"": 2, ""risk"": ""medium"", ""feasible"": true}, {""option"": ""expedite"", ""est_cost"": 1034.94, ""est_stockout_days"": 0, ""risk"": ""low"", ""feasible"": true}]",expedite RMPO015262 with Supplier 054 (SUP0054),"Chose expedite (est. cost 1,035, 0 stockout days, low risk) over accept delay (1,587 / 2d); plan assumed supplier ETA 2024-02-21.",1034.94,0,11030.12,13,failed,2024-03-28,Expedite failed: the alternate lane was hit by the same country disruption. Next time pad the supplier ETA and check alternates earlier.,"[""RMPO015262"", ""RMREV004236"", ""RMREV004237""]",717.63,1,active country shock; root cause port_congestion; lowest-cost estimate at decision time; realised supply worse than notified
DEC00310,EVT00192,2024-02-16,buyer,expedite,"[{""option"": ""accept_delay"", ""est_cost"": 1226.31, ""est_stockout_days"": 9, ""risk"": ""high"", ""feasible"": true}, {""option"": ""expedite"", ""est_cost"": 833.37, ""est_stockout_days"": 5, ""risk"": ""low"", ""feasible"": true}, {""option"": ""substitute_rm"", ""est_cost"": 8000.0, ""est_stockout_days"": 0, ""risk"": ""medium"", ""feasible"": false}]",expedite RMPO015496 with Supplier 039 (SUP0039),"Chose expedite (est. cost 833, 5 stockout days, low risk) over accept delay (1,226 / 9d); substitute rm could not land in time; plan assumed supplier ETA 2024-03-03.",833.37,5,1678.16,12,failed,2024-03-27,Expedite failed: the alternate lane was hit by the same country disruption. Next time pad the supplier ETA and check alternates earlier.,"[""RMPO015496"", ""RMREV004242"", ""RMREV004243""]",43.08,1,active country shock; lowest-cost estimate at decision time; realised supply worse than notified
DEC00311,EVT00185,2024-02-16,supply_planner,switch_supplier,"[{""option"": ""accept_delay"", ""est_cost"": 2340.24, ""est_stockout_days"": 14, ""risk"": ""high"", ""feasible"": true}, {""option"": ""expedite"", ""est_cost"": 2046.01, ""est_stockout_days"": 11, ""risk"": ""high"", ""feasible"": true}, {""option"": ""switch_supplier"", ""est_cost"": 1200.0, ""est_stockout_days"": 0, ""risk"": ""medium"", ""feasible"": true}, {""option"": ""substitute_rm"", ""est_cost"": 8334.32, ""est_stockout_days"": 2, ""risk"": ""medium"", ""feasible"": false}]",place RMPO015766 with the alternate source and cancel RMPO014698,"Chose switch supplier (est. cost 1,200, 0 stockout days, medium risk) over expedite (2,046 / 11d) and accept delay (2,340 / 14d); substitute rm could not land in time; plan assumed supplier ETA 2024-03-12.",1200.0,0,2704.44,9,failed,2024-03-26,Switch supplier failed: the alternate source also shipped late. Next time pad the supplier ETA and check alternates earlier.,"[""RMPO014698"", ""RMREV004229"", ""RMPO015766"", ""RMPOL0015955""]",1200.0,1,lowest-cost estimate at decision time; realised supply worse than notified
DEC00312,EVT00191,2024-02-16,supply_planner,expedite,"[{""option"": ""accept_delay"", ""est_cost"": 1732.18, ""est_stockout_days"": 9, ""risk"": ""high"", ""feasible"": true}, {""option"": ""expedite"", ""est_cost"": 1190.98, ""est_stockout_days"": 4, ""risk"": ""low"", ""feasible"": true}, {""option"": ""switch_supplier"", ""est_cost"": 1254.9, ""est_stockout_days"": 0, ""risk"": ""medium"", ""feasible"": true}]",expedite RMPO015540 with Supplier 039 (SUP0039),"Chose expedite (est. cost 1,191, 4 stockout days, low risk) over switch supplier (1,255 / 0d) and accept delay (1,732 / 9d); plan assumed supplier ETA 2024-03-06.",1190.98,4,1960.83,9,partial,2024-03-28,Expedite only partly worked: the alternate lane was hit by the same country disruption; premium freight into P05 costs about twice the network average. Next time pad the supplier ETA and check alternates earlier.,"[""RMPO015540"", ""RMREV004245"", ""RMREV004246""]",228.66,0,active country shock; root cause port_congestion; expedite into P05 (premium lane)
DEC00313,EVT00182,2024-02-17,buyer,expedite,"[{""option"": ""accept_delay"", ""est_cost"": 1197.8, ""est_stockout_days"": 12, ""risk"": ""high"", ""feasible"": true}, {""option"": ""expedite"", ""est_cost"": 762.69, ""est_stockout_days"": 6, ""risk"": ""medium"", ""feasible"": true}, {""option"": ""switch_supplier"", ""est_cost"": 1499.45, ""est_stockout_days"": 3, ""risk"": ""medium"", ""feasible"": true}]",expedite RMPO013989 with Supplier 118 (SUP0118),"Chose expedite (est. cost 763, 6 stockout days, medium risk) over accept delay (1,198 / 12d) and switch supplier (1,499 / 3d); plan assumed supplier ETA 2024-03-06.",762.69,6,1401.04,12,failed,2024-03-29,Expedite failed: supply arrived later than notified (12 vs 6 stockout days). Next time pad the supplier ETA and check alternates earlier.,"[""RMPO013989"", ""RMREV004258"", ""RMREV004259""]",44.02,1,supplier with year-end capacity history; lowest-cost estimate at decision time; realised supply worse than notified
DEC00314,EVT00159,2024-02-17,category_manager,expedite,"[{""option"": ""accept_delay"", ""est_cost"": 507.69, ""est_stockout_days"": 10, ""risk"": ""high"", ""feasible"": true}, {""option"": ""expedite"", ""est_cost"": 337.12, ""est_stockout_days"": 2, ""risk"": ""medium"", ""feasible"": true}, {""option"": ""switch_supplier"", ""est_cost"": 1753.35, ""est_stockout_days"": 10, ""risk"": ""high"", ""feasible"": false}]",expedite RMPO015492 with Supplier 201 (SUP0201),"Chose expedite (est. cost 337, 2 stockout days, medium risk) over accept delay (508 / 10d); switch supplier could not land in time; plan assumed supplier ETA 2024-03-04.",337.12,2,357.43,4,success,2024-03-28,Expedite worked: actual 4 stockout days vs 2 planned.,"[""RMPO015492"", ""RMREV004272"", ""RMREV004273""]",154.35,0,active country shock; root cause port_congestion; expedite into P05 (premium lane)
DEC00315,EVT00171,2024-02-19,category_manager,expedite,"[{""option"": ""accept_delay"", ""est_cost"": 123.85, ""est_stockout_days"": 9, ""risk"": ""high"", ""feasible"": true}, {""option"": ""expedite"", ""est_cost"": 97.66, ""est_stockout_days"": 5, ""risk"": ""low"", ""feasible"": true}, {""option"": ""substitute_rm"", ""est_cost"": 8000.0, ""est_stockout_days"": 0, ""risk"": ""medium"", ""feasible"": false}]",expedite RMPO014671 with Supplier 013 (SUP0013),"Chose expedite (est. cost 98, 5 stockout days, low risk) over accept delay (124 / 9d); substitute rm could not land in time; plan assumed supplier ETA 2024-03-05.",97.66,5,114.17,7,success,2024-03-31,Expedite worked: actual 7 stockout days vs 5 planned.,"[""RMPO014671"", ""RMREV004296"", ""RMREV004297""]",17.85,1,active country shock; root cause port_congestion; expedite into P05 (premium lane)
DEC00316,EVT00194,2024-02-19,category_manager,switch_supplier,"[{""option"": ""switch_supplier"", ""est_cost"": 3500.0, ""est_stockout_days"": 0, ""risk"": ""medium"", ""feasible"": true}, {""option"": ""accept_delay"", ""est_cost"": 9000.0, ""est_stockout_days"": 4, ""risk"": ""high"", ""feasible"": true}, {""option"": ""renegotiate"", ""est_cost"": 5000.0, ""est_stockout_days"": 2, ""risk"": ""medium"", ""feasible"": true}]",make Supplier 088 (SUP0088) primary for RM0080 from 2024-03-09,"Chose switch supplier (est. cost 3,500, 0 stockout days, medium risk) over renegotiate (5,000 / 2d) and accept delay (9,000 / 4d).",3500.0,0,6500.0,2,partial,2024-09-11,Switch supplier only partly worked: the alternate source also shipped late. Next time pad the supplier ETA and check alternates earlier.,"[""CAT00469"", ""CAT00470""]",3500.0,0,
DEC00317,EVT00195,2024-02-21,supply_chain_director,expedite,"[{""option"": ""accept_delay"", ""est_cost"": 4755.44, ""est_stockout_days"": 10, ""risk"": ""high"", ""feasible"": true}, {""option"": ""expedite"", ""est_cost"": 3565.9, ""est_stockout_days"": 6, ""risk"": ""low"", ""feasible"": true}]",expedite RMPO015767 with Supplier 054 (SUP0054),"Chose expedite (est. cost 3,566, 6 stockout days, low risk) over accept delay (4,755 / 10d); plan assumed supplier ETA 2024-03-07.",3565.9,6,2709.92,5,success,2024-04-03,Expedite worked: actual 5 stockout days vs 6 planned.,"[""RMPO015767"", ""RMREV004351"", ""RMREV004352""]",332.2,1,active country shock; root cause port_congestion
DEC00318,EVT00166,2024-02-21,supply_planner,switch_supplier,"[{""option"": ""accept_delay"", ""est_cost"": 3955.35, ""est_stockout_days"": 15, ""risk"": ""high"", ""feasible"": true}, {""option"": ""expedite"", ""est_cost"": 3159.42, ""est_stockout_days"": 10, ""risk"": ""low"", ""feasible"": true}, {""option"": ""switch_supplier"", ""est_cost"": 1367.14, ""est_stockout_days"": 0, ""risk"": ""medium"", ""feasible"": true}]",place RMPO016021 with the alternate source and cancel RMPO015756,"Chose switch supplier (est. cost 1,367, 0 stockout days, medium risk) over expedite (3,159 / 10d) and accept delay (3,955 / 15d); plan assumed supplier ETA 2024-03-10.",1367.14,0,3740.35,9,failed,2024-03-29,Switch supplier failed: the alternate lane was hit by the same country disruption; the alternate source also shipped late. Next time pad the supplier ETA and check alternates earlier.,"[""RMPO015756"", ""RMREV004350"", ""RMPO016021"", ""RMPOL0016215""]",1367.14,1,active country shock; root cause port_congestion; lowest-cost estimate at decision time; realised supply worse than notified
DEC00319,EVT00192,2024-02-22,supply_planner,expedite,"[{""option"": ""accept_delay"", ""est_cost"": 1162.52, ""est_stockout_days"": 12, ""risk"": ""high"", ""feasible"": true}, {""option"": ""expedite"", ""est_cost"": 861.77, ""est_stockout_days"": 4, ""risk"": ""low"", ""feasible"": true}, {""option"": ""substitute_rm"", ""est_cost"": 8000.0, ""est_stockout_days"": 0, ""risk"": ""medium"", ""feasible"": false}]",expedite RMPO015760 with Supplier 039 (SUP0039),"Chose expedite (est. cost 862, 4 stockout days, low risk) over accept delay (1,163 / 12d); substitute rm could not land in time; plan assumed supplier ETA 2024-03-09.",861.77,4,1481.78,12,failed,2024-03-30,Expedite failed: the alternate lane was hit by the same country disruption; premium freight into P05 costs about twice the network average. Next time pad the supplier ETA and check alternates earlier.,"[""RMPO015760"", ""RMREV004364"", ""RMREV004365""]",319.26,1,active country shock; root cause port_congestion; expedite into P05 (premium lane); lowest-cost estimate at decision time; realised supply worse than notified
DEC00320,EVT00197,2024-02-23,plant_scheduler,reallocate_stock,"[{""option"": ""accept_delay"", ""est_cost"": 1061.09, ""est_stockout_days"": 9, ""risk"": ""high"", ""feasible"": true}, {""option"": ""expedite"", ""est_cost"": 1327.18, ""est_stockout_days"": 5, ""risk"": ""medium"", ""feasible"": true}, {""option"": ""switch_supplier"", ""est_cost"": 2381.24, ""est_stockout_days"": 9, ""risk"": ""high"", ""feasible"": false}, {""option"": ""reallocate_stock"", ""est_cost"": 403.87, ""est_stockout_days"": 0, ""risk"": ""high"", ""feasible"": true}]",transfer RM0117 stock to P01 (transfer RMT0000016),"Chose reallocate stock (est. cost 404, 0 stockout days, high risk) over accept delay (1,061 / 9d) and expedite (1,327 / 5d); switch supplier could not land in time; plan assumed supplier ETA 2024-03-08.",403.87,0,2708.41,10,failed,2024-04-01,Reallocate stock failed: the alternate lane was hit by the same country disruption. Next time pad the supplier ETA and check alternates earlier.,"[""RMPO014333"", ""RMREV004372"", ""RMREV004380"", ""RMT0000016""]",403.87,1,active country shock; root cause port_congestion; lowest-cost estimate at decision time; realised supply worse than notified
DEC00321,EVT00198,2024-03-03,category_manager,expedite,"[{""option"": ""accept_delay"", ""est_cost"": 1046.96, ""est_stockout_days"": 9, ""risk"": ""high"", ""feasible"": true}, {""option"": ""expedite"", ""est_cost"": 755.94, ""est_stockout_days"": 5, ""risk"": ""low"", ""feasible"": true}, {""option"": ""substitute_rm"", ""est_cost"": 8000.0, ""est_stockout_days"": 0, ""risk"": ""medium"", ""feasible"": false}]",expedite RMPO016246 with Supplier 185 (SUP0185),"Chose expedite (est. cost 756, 5 stockout days, low risk) over accept delay (1,047 / 9d); substitute rm could not land in time; plan assumed supplier ETA 2024-03-18.",755.94,5,1128.2,9,partial,2024-04-13,Expedite only partly worked: supply arrived later than notified (9 vs 5 stockout days). Next time pad the supplier ETA and check alternates earlier.,"[""RMPO016246"", ""RMREV004471"", ""RMREV004472""]",81.24,1,
DEC00322,EVT00199,2024-03-04,supply_planner,accept_delay,"[{""option"": ""accept_delay"", ""est_cost"": 400.0, ""est_stockout_days"": 2, ""risk"": ""medium"", ""feasible"": true}, {""option"": ""expedite"", ""est_cost"": 211.65, ""est_stockout_days"": 0, ""risk"": ""low"", ""feasible"": true}, {""option"": ""cancel_po"", ""est_cost"": 450.0, ""est_stockout_days"": 1, ""risk"": ""medium"", ""feasible"": true}, {""option"": ""reallocate_stock"", ""est_cost"": 479.37, ""est_stockout_days"": 0, ""risk"": ""low"", ""feasible"": true}]",ship available stock and backorder the balance,"Chose accept delay (est. cost 400, 2 stockout days, medium risk) over expedite (212 / 0d) and cancel po (450 / 1d).",400.0,2,264.56,1,success,2024-03-28,Accept delay worked: actual 1 stockout days vs 2 planned.,"[""M00121215"", ""M00130720"", ""M00130753""]",0.0,0,
DEC00323,EVT00198,2024-03-07,supply_planner,expedite,"[{""option"": ""accept_delay"", ""est_cost"": 696.24, ""est_stockout_days"": 12, ""risk"": ""high"", ""feasible"": true}, {""option"": ""expedite"", ""est_cost"": 484.77, ""est_stockout_days"": 5, ""risk"": ""low"", ""feasible"": true}, {""option"": ""substitute_rm"", ""est_cost"": 8000.0, ""est_stockout_days"": 0, ""risk"": ""medium"", ""feasible"": false}]",expedite RMPO016313 with Supplier 185 (SUP0185),"Chose expedite (est. cost 485, 5 stockout days, low risk) over accept delay (696 / 12d); substitute rm could not land in time; plan assumed supplier ETA 2024-03-27.",484.77,5,809.68,12,failed,2024-04-13,Expedite failed: supply arrived later than notified (12 vs 5 stockout days). Next time pad the supplier ETA and check alternates earlier.,"[""RMPO016313"", ""RMREV004501"", ""RMREV004502""]",113.44,1,lowest-cost estimate at decision time; realised supply worse than notified
DEC00324,EVT00200,2024-03-07,plant_scheduler,expedite,"[{""option"": ""accept_delay"", ""est_cost"": 2144.34, ""est_stockout_days"": 17, ""risk"": ""high"", ""feasible"": true}, {""option"": ""expedite"", ""est_cost"": 2035.57, ""est_stockout_days"": 13, ""risk"": ""medium"", ""feasible"": true}, {""option"": ""switch_supplier"", ""est_cost"": 3371.64, ""est_stockout_days"": 17, ""risk"": ""high"", ""feasible"": false}, {""option"": ""substitute_rm"", ""est_cost"": 8000.0, ""est_stockout_days"": 0, ""risk"": ""medium"", ""feasible"": false}]",expedite RMPO015493 with Supplier 089 (SUP0089),"Chose expedite (est. cost 2,036, 13 stockout days, medium risk) over accept delay (2,144 / 17d); switch supplier, substitute rm could not land in time; plan assumed supplier ETA 2024-03-28.",2035.57,13,1556.25,10,success,2024-04-17,Expedite worked: actual 10 stockout days vs 13 planned.,"[""RMPO015493"", ""RMREV004496"", ""RMREV004497""]",294.87,0,expedite into P05 (premium lane)
DEC00325,EVT00201,2024-03-11,supply_chain_director,switch_supplier,"[{""option"": ""accept_delay"", ""est_cost"": 2648.18, ""est_stockout_days"": 18, ""risk"": ""high"", ""feasible"": true}, {""option"": ""expedite"", ""est_cost"": 1967.43, ""est_stockout_days"": 10, ""risk"": ""medium"", ""feasible"": true}, {""option"": ""switch_supplier"", ""est_cost"": 1655.53, ""est_stockout_days"": 3, ""risk"": ""medium"", ""feasible"": true}]",place RMPO016712 with the alternate source and cancel RMPO016306,"Chose switch supplier (est. cost 1,656, 3 stockout days, medium risk) over expedite (1,967 / 10d) and accept delay (2,648 / 18d); plan assumed supplier ETA 2024-04-06.",1655.53,3,2832.5,11,failed,2024-04-18,Switch supplier failed: the alternate source also shipped late. Next time pad the supplier ETA and check alternates earlier.,"[""RMPO016306"", ""RMREV004531"", ""RMPO016712"", ""RMPOL0016916""]",1214.17,1,lowest-cost estimate at decision time; realised supply worse than notified
DEC00326,EVT00204,2024-03-21,buyer,expedite,"[{""option"": ""accept_delay"", ""est_cost"": 2403.2, ""est_stockout_days"": 9, ""risk"": ""high"", ""feasible"": true}, {""option"": ""expedite"", ""est_cost"": 1325.67, ""est_stockout_days"": 3, ""risk"": ""low"", ""feasible"": true}, {""option"": ""switch_supplier"", ""est_cost"": 3706.1, ""est_stockout_days"": 9, ""risk"": ""medium"", ""feasible"": false}]",expedite RMPO017136 with Supplier 054 (SUP0054),"Chose expedite (est. cost 1,326, 3 stockout days, low risk) over accept delay (2,403 / 9d); switch supplier could not land in time; plan assumed supplier ETA 2024-04-10.",1325.67,3,2607.37,9,failed,2024-04-29,Expedite failed: supply arrived later than notified (9 vs 3 stockout days). Next time pad the supplier ETA and check alternates earlier.,"[""RMPO017136"", ""RMREV004621"", ""RMREV004622""]",204.17,1,lowest-cost estimate at decision time; realised supply worse than notified
DEC00327,EVT00205,2024-03-23,supply_planner,switch_supplier,"[{""option"": ""accept_delay"", ""est_cost"": 30351.17, ""est_stockout_days"": 20, ""risk"": ""high"", ""feasible"": true}, {""option"": ""expedite"", ""est_cost"": 27459.1, ""est_stockout_days"": 17, ""risk"": ""high"", ""feasible"": true}, {""option"": ""switch_supplier"", ""est_cost"": 1807.25, ""est_stockout_days"": 0, ""risk"": ""medium"", ""feasible"": true}]",place RMPO017139 with the alternate source and cancel RMPO014475,"Chose switch supplier (est. cost 1,807, 0 stockout days, medium risk) over expedite (27,459 / 17d) and accept delay (30,351 / 20d); plan assumed supplier ETA 2024-04-24.",1807.25,0,21535.51,13,failed,2024-04-29,Switch supplier failed: the alternate source also shipped late. Next time pad the supplier ETA and check alternates earlier.,"[""RMPO014475"", ""RMREV004631"", ""RMPO017139"", ""RMPOL0017349""]",1807.25,1,lowest-cost estimate at decision time; realised supply worse than notified
DEC00328,EVT00207,2024-03-24,buyer,expedite,"[{""option"": ""accept_delay"", ""est_cost"": 1871.94, ""est_stockout_days"": 12, ""risk"": ""high"", ""feasible"": true}, {""option"": ""expedite"", ""est_cost"": 1520.28, ""est_stockout_days"": 7, ""risk"": ""low"", ""feasible"": true}, {""option"": ""switch_supplier"", ""est_cost"": 1667.99, ""est_stockout_days"": 3, ""risk"": ""medium"", ""feasible"": true}, {""option"": ""substitute_rm"", ""est_cost"": 8000.0, ""est_stockout_days"": 0, ""risk"": ""medium"", ""feasible"": false}]",expedite RMPO015482 with Supplier 011 (SUP0011),"Chose expedite (est. cost 1,520, 7 stockout days, low risk) over switch supplier (1,668 / 3d) and accept delay (1,872 / 12d); substitute rm could not land in time; plan assumed supplier ETA 2024-04-15.",1520.28,7,1676.27,9,success,2024-05-02,Expedite worked: actual 9 stockout days vs 7 planned.,"[""RMPO015482"", ""RMREV004643"", ""RMREV004644""]",272.32,0,expedite into P05 (premium lane)
DEC00329,EVT00206,2024-03-25,category_manager,expedite,"[{""option"": ""accept_delay"", ""est_cost"": 913.02, ""est_stockout_days"": 8, ""risk"": ""high"", ""feasible"": true}, {""option"": ""expedite"", ""est_cost"": 565.28, ""est_stockout_days"": 0, ""risk"": ""low"", ""feasible"": true}, {""option"": ""substitute_rm"", ""est_cost"": 8000.0, ""est_stockout_days"": 0, ""risk"": ""medium"", ""feasible"": false}]",expedite RMPO017080 with Supplier 185 (SUP0185),"Chose expedite (est. cost 565, 0 stockout days, low risk) over accept delay (913 / 8d); substitute rm could not land in time; plan assumed supplier ETA 2024-04-09.",565.28,0,1980.46,14,failed,2024-05-03,Expedite failed: premium freight into P05 costs about twice the network average. Next time pad the supplier ETA and check alternates earlier.,"[""RMPO017080"", ""RMREV004659"", ""RMREV004660""]",382.68,1,expedite into P05 (premium lane); lowest-cost estimate at decision time; realised supply worse than notified
DEC00330,EVT00208,2024-03-26,buyer,expedite,"[{""option"": ""accept_delay"", ""est_cost"": 241.69, ""est_stockout_days"": 10, ""risk"": ""high"", ""feasible"": true}, {""option"": ""expedite"", ""est_cost"": 165.25, ""est_stockout_days"": 5, ""risk"": ""low"", ""feasible"": true}, {""option"": ""switch_supplier"", ""est_cost"": 1352.49, ""est_stockout_days"": 6, ""risk"": ""medium"", ""feasible"": true}]",expedite RMPO017130 with Supplier 241 (SUP0241),"Chose expedite (est. cost 165, 5 stockout days, low risk) over accept delay (242 / 10d) and switch supplier (1,352 / 6d); plan assumed supplier ETA 2024-04-17.",165.25,5,213.58,8,partial,2024-05-06,Expedite only partly worked: supply arrived later than notified (8 vs 5 stockout days). Next time pad the supplier ETA and check alternates earlier.,"[""RMPO017130"", ""RMREV004671"", ""RMREV004672""]",20.23,0,
DEC00331,EVT00205,2024-03-28,supply_planner,switch_supplier,"[{""option"": ""accept_delay"", ""est_cost"": 17212.29, ""est_stockout_days"": 13, ""risk"": ""high"", ""feasible"": true}, {""option"": ""expedite"", ""est_cost"": 14207.21, ""est_stockout_days"": 9, ""risk"": ""high"", ""feasible"": true}, {""option"": ""switch_supplier"", ""est_cost"": 1807.25, ""est_stockout_days"": 0, ""risk"": ""medium"", ""feasible"": true}]",place RMPO017410 with the alternate source and cancel RMPO015204,"Chose switch supplier (est. cost 1,807, 0 stockout days, medium risk) over expedite (14,207 / 9d) and accept delay (17,212 / 13d); plan assumed supplier ETA 2024-04-16.",1807.25,0,9751.38,6,failed,2024-05-04,Switch supplier failed: the alternate source also shipped late. Next time pad the supplier ETA and check alternates earlier.,"[""RMPO015204"", ""RMREV004685"", ""RMPO017410"", ""RMPOL0017621""]",1807.25,1,lowest-cost estimate at decision time; realised supply worse than notified
DEC00332,EVT00211,2024-04-01,supply_planner,accept_delay,"[{""option"": ""accept_delay"", ""est_cost"": 25000.0, ""est_stockout_days"": 125, ""risk"": ""medium"", ""feasible"": true}, {""option"": ""expedite"", ""est_cost"": 311.04, ""est_stockout_days"": 0, ""risk"": ""low"", ""feasible"": true}, {""option"": ""cancel_po"", ""est_cost"": 450.0, ""est_stockout_days"": 1, ""risk"": ""medium"", ""feasible"": true}, {""option"": ""reallocate_stock"", ""est_cost"": 516.64, ""est_stockout_days"": 0, ""risk"": ""low"", ""feasible"": true}]",wait for the next receipt on POL0005464,"Chose accept delay (est. cost 25,000, 125 stockout days, medium risk) over expedite (311 / 0d) and cancel po (450 / 1d).",25000.0,125,25000.0,125,success,2024-05-06,Accept delay worked: actual 125 stockout days vs 125 planned.,"[""M00005191"", ""POL0005464""]",0.0,0,
DEC00333,EVT00212,2024-04-02,supply_planner,accept_delay,"[{""option"": ""accept_delay"", ""est_cost"": 1197.63, ""est_stockout_days"": 2, ""risk"": ""medium"", ""feasible"": true}, {""option"": ""expedite"", ""est_cost"": 2395.26, ""est_stockout_days"": 0, ""risk"": ""low"", ""feasible"": true}, {""option"": ""cancel_po"", ""est_cost"": 848.81, ""est_stockout_days"": 1, ""risk"": ""medium"", ""feasible"": true}, {""option"": ""reallocate_stock"", ""est_cost"": 1298.22, ""est_stockout_days"": 0, ""risk"": ""low"", ""feasible"": true}]",ship available stock and backorder the balance,"Chose accept delay (est. cost 1,198, 2 stockout days, medium risk) over cancel po (849 / 1d) and reallocate stock (1,298 / 0d).",1197.63,2,2994.07,1,partial,2024-04-28,Accept delay only partly worked: supply arrived later than notified (1 vs 2 stockout days). Next time pad the supplier ETA and check alternates earlier.,"[""M00052809"", ""M00061969"", ""M00063699""]",0.0,0,
DEC00334,EVT00210,2024-04-02,supply_planner,expedite,"[{""option"": ""accept_delay"", ""est_cost"": 620.96, ""est_stockout_days"": 19, ""risk"": ""high"", ""feasible"": true}, {""option"": ""expedite"", ""est_cost"": 507.23, ""est_stockout_days"": 14, ""risk"": ""medium"", ""feasible"": true}, {""option"": ""switch_supplier"", ""est_cost"": 1504.07, ""est_stockout_days"": 9, ""risk"": ""medium"", ""feasible"": true}]",expedite RMPO014791 with Supplier 136 (SUP0136),"Chose expedite (est. cost 507, 14 stockout days, medium risk) over accept delay (621 / 19d) and switch supplier (1,504 / 9d); plan assumed supplier ETA 2024-04-27.",507.23,14,376.51,11,success,2024-05-12,Expedite worked: actual 11 stockout days vs 14 planned.,"[""RMPO014791"", ""RMREV004724"", ""RMREV004725""]",17.01,0,
DEC00335,EVT00206,2024-04-03,buyer,expedite,"[{""option"": ""accept_delay"", ""est_cost"": 1066.36, ""est_stockout_days"": 13, ""risk"": ""high"", ""feasible"": true}, {""option"": ""expedite"", ""est_cost"": 606.29, ""est_stockout_days"": 5, ""risk"": ""low"", ""feasible"": true}, {""option"": ""substitute_rm"", ""est_cost"": 8000.0, ""est_stockout_days"": 0, ""risk"": ""medium"", ""feasible"": false}]",expedite RMPO017424 with Supplier 185 (SUP0185),"Chose expedite (est. cost 606, 5 stockout days, low risk) over accept delay (1,066 / 13d); substitute rm could not land in time; plan assumed supplier ETA 2024-04-25.",606.29,5,803.16,9,partial,2024-05-12,Expedite only partly worked: supply arrived later than notified (9 vs 5 stockout days). Next time pad the supplier ETA and check alternates earlier.,"[""RMPO017424"", ""RMREV004749"", ""RMREV004750""]",64.91,1,
DEC00336,EVT00206,2024-04-05,category_manager,expedite,"[{""option"": ""accept_delay"", ""est_cost"": 1987.54, ""est_stockout_days"": 11, ""risk"": ""high"", ""feasible"": true}, {""option"": ""expedite"", ""est_cost"": 1633.73, ""est_stockout_days"": 8, ""risk"": ""low"", ""feasible"": true}, {""option"": ""substitute_rm"", ""est_cost"": 8000.0, ""est_stockout_days"": 0, ""risk"": ""medium"", ""feasible"": false}]",expedite RMPO017419 with Supplier 185 (SUP0185),"Chose expedite (est. cost 1,634, 8 stockout days, low risk) over accept delay (1,988 / 11d); substitute rm could not land in time; plan assumed supplier ETA 2024-04-22.",1633.73,8,2067.37,11,partial,2024-05-17,Expedite only partly worked: supply arrived later than notified (11 vs 8 stockout days). Next time pad the supplier ETA and check alternates earlier.,"[""RMPO017419"", ""RMREV004760"", ""RMREV004761""]",79.83,1,
DEC00337,EVT00213,2024-04-05,category_manager,renegotiate,"[{""option"": ""renegotiate"", ""est_cost"": 1822.57, ""est_stockout_days"": 0, ""risk"": ""medium"", ""feasible"": true}, {""option"": ""accept_delay"", ""est_cost"": 4556.42, ""est_stockout_days"": 0, ""risk"": ""low"", ""feasible"": true}, {""option"": ""substitute_rm"", ""est_cost"": 23000.0, ""est_stockout_days"": 0, ""risk"": ""high"", ""feasible"": false}]",open price negotiation with Supplier 185 (SUP0185) on RM0043,"Chose renegotiate (est. cost 1,823, 0 stockout days, medium risk) over accept delay (4,556 / 0d); substitute rm could not land in time.",1822.57,0,3102.24,0,partial,2024-07-20,Renegotiate only partly worked: supply arrived later than notified (0 vs 0 stockout days). Next time pad the supplier ETA and check alternates earlier.,"[""NEG0017"", ""CAT00257"", ""CAT00258""]",2500.0,0,
DEC00338,EVT00207,2024-04-09,buyer,expedite,"[{""option"": ""accept_delay"", ""est_cost"": 3241.88, ""est_stockout_days"": 15, ""risk"": ""high"", ""feasible"": true}, {""option"": ""expedite"", ""est_cost"": 2666.44, ""est_stockout_days"": 11, ""risk"": ""low"", ""feasible"": true}, {""option"": ""switch_supplier"", ""est_cost"": 2712.88, ""est_stockout_days"": 7, ""risk"": ""medium"", ""feasible"": true}, {""option"": ""substitute_rm"", ""est_cost"": 8000.0, ""est_stockout_days"": 0, ""risk"": ""medium"", ""feasible"": false}]",expedite RMPO015780 with Supplier 011 (SUP0011),"Chose expedite (est. cost 2,666, 11 stockout days, low risk) over switch supplier (2,713 / 7d) and accept delay (3,242 / 15d); substitute rm could not land in time; plan assumed supplier ETA 2024-04-30.",2666.44,11,2061.29,9,success,2024-05-20,Expedite worked: actual 9 stockout days vs 11 planned.,"[""RMPO015780"", ""RMREV004790"", ""RMREV004791""]",116.17,1,
DEC00339,EVT00206,2024-04-09,buyer,expedite,"[{""option"": ""accept_delay"", ""est_cost"": 1395.94, ""est_stockout_days"": 12, ""risk"": ""high"", ""feasible"": true}, {""option"": ""expedite"", ""est_cost"": 880.94, ""est_stockout_days"": 5, ""risk"": ""low"", ""feasible"": true}, {""option"": ""substitute_rm"", ""est_cost"": 8465.31, ""est_stockout_days"": 4, ""risk"": ""medium"", ""feasible"": false}]",expedite RMPO017622 with Supplier 185 (SUP0185),"Chose expedite (est. cost 881, 5 stockout days, low risk) over accept delay (1,396 / 12d); substitute rm could not land in time; plan assumed supplier ETA 2024-04-29.",880.94,5,950.73,7,success,2024-05-21,Expedite worked: actual 7 stockout days vs 5 planned.,"[""RMPO017622"", ""RMREV004803"", ""RMREV004804""]",136.43,0,
DEC00340,EVT00203,2024-04-14,category_manager,substitute_rm,"[{""option"": ""substitute_rm"", ""est_cost"": 8000.0, ""est_stockout_days"": 0, ""risk"": ""medium"", ""feasible"": true}, {""option"": ""switch_supplier"", ""est_cost"": 7200.0, ""est_stockout_days"": 1, ""risk"": ""medium"", ""feasible"": true}, {""option"": ""accept_delay"", ""est_cost"": 12000.0, ""est_stockout_days"": 5, ""risk"": ""high"", ""feasible"": true}]",qualify SAP Grade A G2 (RM0120) to replace RM0118 in IP00709 from 2024-05-12,"Chose substitute rm (est. cost 8,000, 0 stockout days, medium risk) over switch supplier (7,200 / 1d) and accept delay (12,000 / 5d).",8000.0,0,8000.0,0,success,2024-11-14,Substitute rm worked: actual 0 stockout days vs 0 planned.,"[""BOM002776"", ""BOM002777"", ""BOM002778"", ""BOM002779"", ""BOM002780"", ""BOM002781"", ""BOM002782"", ""BOM002783"", ""BOM002784""]",8000.0,0,
DEC00341,EVT00214,2024-04-19,category_manager,switch_supplier,"[{""option"": ""switch_supplier"", ""est_cost"": 3500.0, ""est_stockout_days"": 0, ""risk"": ""medium"", ""feasible"": true}, {""option"": ""accept_delay"", ""est_cost"": 9000.0, ""est_stockout_days"": 4, ""risk"": ""high"", ""feasible"": true}, {""option"": ""renegotiate"", ""est_cost"": 5000.0, ""est_stockout_days"": 2, ""risk"": ""medium"", ""feasible"": true}]",make Supplier 129 (SUP0129) primary for RM0003 from 2024-05-07,"Chose switch supplier (est. cost 3,500, 0 stockout days, medium risk) over renegotiate (5,000 / 2d) and accept delay (9,000 / 4d).",3500.0,0,12500.0,6,failed,2024-11-06,Switch supplier failed: the alternate source also shipped late. Next time pad the supplier ETA and check alternates earlier.,"[""CAT00017"", ""CAT00018""]",3500.0,1,lowest-cost estimate at decision time; realised supply worse than notified
DEC00342,EVT00217,2024-04-20,supply_planner,accept_delay,"[{""option"": ""accept_delay"", ""est_cost"": 48.62, ""est_stockout_days"": 1, ""risk"": ""high"", ""feasible"": true}, {""option"": ""expedite"", ""est_cost"": 55.47, ""est_stockout_days"": 1, ""risk"": ""medium"", ""feasible"": true}, {""option"": ""switch_supplier"", ""est_cost"": 1248.62, ""est_stockout_days"": 1, ""risk"": ""high"", ""feasible"": false}, {""option"": ""substitute_rm"", ""est_cost"": 8048.62, ""est_stockout_days"": 1, ""risk"": ""medium"", ""feasible"": false}]",accept the revised ETA on RMPO016493 and cover gaps with spot buys,"Chose accept delay (est. cost 49, 1 stockout days, high risk) over expedite (55 / 1d); switch supplier, substitute rm could not land in time; plan assumed supplier ETA 2024-05-09.",48.62,1,0.0,0,success,2024-06-01,Accept delay worked: actual 0 stockout days vs 1 planned.,"[""RMPO016493"", ""RMREV004885""]",0.0,0,
DEC00343,EVT00207,2024-04-20,category_manager,substitute_rm,"[{""option"": ""substitute_rm"", ""est_cost"": 8000.0, ""est_stockout_days"": 0, ""risk"": ""medium"", ""feasible"": true}, {""option"": ""switch_supplier"", ""est_cost"": 7200.0, ""est_stockout_days"": 1, ""risk"": ""medium"", ""feasible"": true}, {""option"": ""accept_delay"", ""est_cost"": 12000.0, ""est_stockout_days"": 5, ""risk"": ""high"", ""feasible"": true}]",qualify Shrink Film 60um (RM0003) to replace RM0009 in IP01731 from 2024-05-12,"Chose substitute rm (est. cost 8,000, 0 stockout days, medium risk) over switch supplier (7,200 / 1d) and accept delay (12,000 / 5d).",8000.0,0,8000.0,0,success,2024-11-14,Substitute rm worked: actual 0 stockout days vs 0 planned.,"[""BOM006814"", ""BOM006815"", ""BOM006816"", ""BOM006817"", ""BOM006818"", ""BOM006819"", ""BOM006820""]",8000.0,0,
DEC00344,EVT00220,2024-04-23,supply_planner,accept_delay,"[{""option"": ""accept_delay"", ""est_cost"": 534.46, ""est_stockout_days"": 2, ""risk"": ""medium"", ""feasible"": true}, {""option"": ""expedite"", ""est_cost"": 1068.92, ""est_stockout_days"": 0, ""risk"": ""low"", ""feasible"": true}, {""option"": ""cancel_po"", ""est_cost"": 517.23, ""est_stockout_days"": 1, ""risk"": ""medium"", ""feasible"": true}, {""option"": ""reallocate_stock"", ""est_cost"": 800.84, ""est_stockout_days"": 0, ""risk"": ""low"", ""feasible"": true}]",ship available stock and backorder the balance,"Chose accept delay (est. cost 534, 2 stockout days, medium risk) over cancel po (517 / 1d) and reallocate stock (801 / 0d).",534.46,2,1336.15,1,partial,2024-05-17,Accept delay only partly worked: supply arrived later than notified (1 vs 2 stockout days). Next time pad the supplier ETA and check alternates earlier.,"[""M00052455"", ""M00068713"", ""M00107937""]",0.0,0,
DEC00345,EVT00215,2024-04-23,supply_planner,expedite,"[{""option"": ""accept_delay"", ""est_cost"": 638.22, ""est_stockout_days"": 11, ""risk"": ""high"", ""feasible"": true}, {""option"": ""expedite"", ""est_cost"": 585.31, ""est_stockout_days"": 8, ""risk"": ""low"", ""feasible"": true}, {""option"": ""substitute_rm"", ""est_cost"": 8000.0, ""est_stockout_days"": 0, ""risk"": ""medium"", ""feasible"": false}]",expedite RMPO018289 with Supplier 185 (SUP0185),"Chose expedite (est. cost 585, 8 stockout days, low risk) over accept delay (638 / 11d); substitute rm could not land in time; plan assumed supplier ETA 2024-05-14.",585.31,8,550.5,8,success,2024-05-31,Expedite worked: actual 8 stockout days vs 8 planned.,"[""RMPO018289"", ""RMREV004904"", ""RMREV004905""]",86.34,1,
DEC00346,EVT00218,2024-04-24,supply_chain_director,expedite,"[{""option"": ""accept_delay"", ""est_cost"": 3866.56, ""est_stockout_days"": 17, ""risk"": ""high"", ""feasible"": true}, {""option"": ""expedite"", ""est_cost"": 3391.01, ""est_stockout_days"": 14, ""risk"": ""high"", ""feasible"": true}, {""option"": ""switch_supplier"", ""est_cost"": 5066.56, ""est_stockout_days"": 17, ""risk"": ""medium"", ""feasible"": false}, {""option"": ""substitute_rm"", ""est_cost"": 8227.44, ""est_stockout_days"": 1, ""risk"": ""medium"", ""feasible"": false}]",expedite RMPO016748 with Supplier 129 (SUP0129),"Chose expedite (est. cost 3,391, 14 stockout days, high risk) over accept delay (3,867 / 17d); switch supplier, substitute rm could not land in time; plan assumed supplier ETA 2024-05-16.",3391.01,14,2572.2,11,success,2024-06-05,Expedite worked: actual 11 stockout days vs 14 planned.,"[""RMPO016748"", ""RMREV004906"", ""RMREV004907""]",70.31,1,
DEC00347,EVT00221,2024-04-26,category_manager,reduce_allocation,"[{""option"": ""reduce_allocation"", ""est_cost"": 3500.0, ""est_stockout_days"": 0, ""risk"": ""medium"", ""feasible"": true}, {""option"": ""accept_delay"", ""est_cost"": 9000.0, ""est_stockout_days"": 4, ""risk"": ""high"", ""feasible"": true}, {""option"": ""renegotiate"", ""est_cost"": 5000.0, ""est_stockout_days"": 2, ""risk"": ""medium"", ""feasible"": true}]",cut Supplier 118 (SUP0118) allocation on RM0026 and shift volume to Supplier 062 (SUP0062),"Chose reduce allocation (est. cost 3,500, 0 stockout days, medium risk) over renegotiate (5,000 / 2d) and accept delay (9,000 / 4d).",3500.0,0,3500.0,0,success,2024-11-15,Reduce allocation worked: actual 0 stockout days vs 0 planned.,"[""CAT00159"", ""CAT00160""]",3500.0,0,supplier with year-end capacity history
DEC00348,EVT00209,2024-04-30,category_manager,substitute_rm,"[{""option"": ""substitute_rm"", ""est_cost"": 8000.0, ""est_stockout_days"": 0, ""risk"": ""medium"", ""feasible"": true}, {""option"": ""switch_supplier"", ""est_cost"": 7200.0, ""est_stockout_days"": 1, ""risk"": ""medium"", ""feasible"": true}, {""option"": ""accept_delay"", ""est_cost"": 12000.0, ""est_stockout_days"": 5, ""risk"": ""high"", ""feasible"": true}]",qualify Kraftliner 42lb (RM0078) to replace RM0079 in IP01912 from 2024-05-23,"Chose substitute rm (est. cost 8,000, 0 stockout days, medium risk) over switch supplier (7,200 / 1d) and accept delay (12,000 / 5d).",8000.0,0,8000.0,0,success,2024-11-22,Substitute rm worked: actual 0 stockout days vs 0 planned.,"[""BOM007576"", ""BOM007577"", ""BOM007578"", ""BOM007579"", ""BOM007580"", ""BOM007581"", ""BOM007582"", ""BOM007583"", ""BOM007584"", ""BOM007585"", ""BOM007586""]",8000.0,0,
DEC00349,EVT00223,2024-05-06,supply_chain_director,expedite,"[{""option"": ""accept_delay"", ""est_cost"": 3392.05, ""est_stockout_days"": 11, ""risk"": ""high"", ""feasible"": true}, {""option"": ""expedite"", ""est_cost"": 2404.0, ""est_stockout_days"": 6, ""risk"": ""low"", ""feasible"": true}, {""option"": ""switch_supplier"", ""est_cost"": 2741.84, ""est_stockout_days"": 5, ""risk"": ""medium"", ""feasible"": true}, {""option"": ""substitute_rm"", ""est_cost"": 8000.0, ""est_stockout_days"": 0, ""risk"": ""medium"", ""feasible"": false}]",expedite RMPO017135 with Supplier 011 (SUP0011),"Chose expedite (est. cost 2,404, 6 stockout days, low risk) over switch supplier (2,742 / 5d) and accept delay (3,392 / 11d); substitute rm could not land in time; plan assumed supplier ETA 2024-05-25.",2404.0,6,3020.73,9,partial,2024-06-16,Expedite only partly worked: supply arrived later than notified (9 vs 6 stockout days). Next time pad the supplier ETA and check alternates earlier.,"[""RMPO017135"", ""RMREV004994"", ""RMREV004995"", ""RMREV005004""]",245.42,0,
DEC00350,EVT00215,2024-05-06,buyer,expedite,"[{""option"": ""accept_delay"", ""est_cost"": 1711.91, ""est_stockout_days"": 15, ""risk"": ""high"", ""feasible"": true}, {""option"": ""expedite"", ""est_cost"": 1482.38, ""est_stockout_days"": 10, ""risk"": ""low"", ""feasible"": true}, {""option"": ""substitute_rm"", ""est_cost"": 8000.0, ""est_stockout_days"": 0, ""risk"": ""medium"", ""feasible"": false}]",expedite RMPO018806 with Supplier 185 (SUP0185),"Chose expedite (est. cost 1,482, 10 stockout days, low risk) over accept delay (1,712 / 15d); substitute rm could not land in time; plan assumed supplier ETA 2024-05-31.",1482.38,10,1254.12,9,success,2024-06-14,Expedite worked: actual 9 stockout days vs 10 planned.,"[""RMPO018806"", ""RMREV005002"", ""RMREV005003""]",226.98,0,root cause allocation_cut; expedite into P05 (premium lane)
DEC00351,EVT00225,2024-05-09,buyer,switch_supplier,"[{""option"": ""accept_delay"", ""est_cost"": 21184.35, ""est_stockout_days"": 16, ""risk"": ""high"", ""feasible"": true}, {""option"": ""expedite"", ""est_cost"": 19130.48, ""est_stockout_days"": 13, ""risk"": ""high"", ""feasible"": true}, {""option"": ""switch_supplier"", ""est_cost"": 1832.0, ""est_stockout_days"": 0, ""risk"": ""medium"", ""feasible"": true}]",place RMPO019051 with the alternate source and cancel RMPO016692,"Chose switch supplier (est. cost 1,832, 0 stockout days, medium risk) over expedite (19,130 / 13d) and accept delay (21,184 / 16d); plan assumed supplier ETA 2024-06-04.",1832.0,0,17720.26,12,failed,2024-06-16,Switch supplier failed: the alternate source also shipped late. Next time pad the supplier ETA and check alternates earlier.,"[""RMPO016692"", ""RMREV005015"", ""RMPO019051"", ""RMPOL0019281""]",1832.0,1,lowest-cost estimate at decision time; realised supply worse than notified
DEC00352,EVT00226,2024-05-11,supply_planner,expedite,"[{""option"": ""accept_delay"", ""est_cost"": 875.74, ""est_stockout_days"": 16, ""risk"": ""high"", ""feasible"": true}, {""option"": ""expedite"", ""est_cost"": 665.87, ""est_stockout_days"": 10, ""risk"": ""medium"", ""feasible"": true}, {""option"": ""switch_supplier"", ""est_cost"": 1422.75, ""est_stockout_days"": 4, ""risk"": ""medium"", ""feasible"": true}]",expedite RMPO017171 with Supplier 033 (SUP0033),"Chose expedite (est. cost 666, 10 stockout days, medium risk) over accept delay (876 / 16d) and switch supplier (1,423 / 4d); plan assumed supplier ETA 2024-06-05.",665.87,10,490.72,8,success,2024-06-18,Expedite worked: actual 8 stockout days vs 10 planned.,"[""RMPO017171"", ""RMREV005038"", ""RMREV005039""]",52.85,1,
DEC00353,EVT00227,2024-05-18,category_manager,reduce_allocation,"[{""option"": ""reduce_allocation"", ""est_cost"": 3500.0, ""est_stockout_days"": 0, ""risk"": ""medium"", ""feasible"": true}, {""option"": ""accept_delay"", ""est_cost"": 9000.0, ""est_stockout_days"": 4, ""risk"": ""high"", ""feasible"": true}, {""option"": ""renegotiate"", ""est_cost"": 5000.0, ""est_stockout_days"": 2, ""risk"": ""medium"", ""feasible"": true}]",cut Supplier 118 (SUP0118) allocation on RM0063 and shift volume to Supplier 026 (SUP0026),"Chose reduce allocation (est. cost 3,500, 0 stockout days, medium risk) over renegotiate (5,000 / 2d) and accept delay (9,000 / 4d).",3500.0,0,3500.0,0,success,2024-12-07,Reduce allocation worked: actual 0 stockout days vs 0 planned.,"[""CAT00369"", ""CAT00370""]",3500.0,0,supplier with year-end capacity history
DEC00354,EVT00224,2024-05-21,supply_planner,accept_delay,"[{""option"": ""accept_delay"", ""est_cost"": 1171.8, ""est_stockout_days"": 9, ""risk"": ""high"", ""feasible"": true}, {""option"": ""expedite"", ""est_cost"": 1286.02, ""est_stockout_days"": 9, ""risk"": ""low"", ""feasible"": true}, {""option"": ""substitute_rm"", ""est_cost"": 9171.8, ""est_stockout_days"": 9, ""risk"": ""medium"", ""feasible"": false}]",accept the revised ETA on RMPO019485 and cover gaps with spot buys,"Chose accept delay (est. cost 1,172, 9 stockout days, high risk) over expedite (1,286 / 9d); substitute rm could not land in time; plan assumed supplier ETA 2024-06-17.",1171.8,9,232.66,2,success,2024-06-27,Accept delay worked: actual 2 stockout days vs 9 planned.,"[""RMPO019485"", ""RMREV005102""]",0.0,1,root cause allocation_cut
DEC00355,EVT00228,2024-05-25,category_manager,expedite,"[{""option"": ""accept_delay"", ""est_cost"": 118.98, ""est_stockout_days"": 6, ""risk"": ""high"", ""feasible"": true}, {""option"": ""expedite"", ""est_cost"": 39.49, ""est_stockout_days"": 0, ""risk"": ""low"", ""feasible"": true}, {""option"": ""switch_supplier"", ""est_cost"": 1326.26, ""est_stockout_days"": 6, ""risk"": ""medium"", ""feasible"": false}]",expedite RMPO019058 with Supplier 241 (SUP0241),"Chose expedite (est. cost 39, 0 stockout days, low risk) over accept delay (119 / 6d); switch supplier could not land in time; plan assumed supplier ETA 2024-06-07.",39.49,0,134.68,6,failed,2024-07-03,Expedite failed: supply arrived later than notified (6 vs 0 stockout days). Next time pad the supplier ETA and check alternates earlier.,"[""RMPO019058"", ""RMREV005128"", ""RMREV005129"", ""RMREV005141""]",15.69,1,lowest-cost estimate at decision time; realised supply worse than notified
DEC00356,EVT00230,2024-05-31,category_manager,expedite,"[{""option"": ""accept_delay"", ""est_cost"": 4541.95, ""est_stockout_days"": 17, ""risk"": ""high"", ""feasible"": true}, {""option"": ""expedite"", ""est_cost"": 3421.63, ""est_stockout_days"": 10, ""risk"": ""low"", ""feasible"": true}, {""option"": ""substitute_rm"", ""est_cost"": 8000.0, ""est_stockout_days"": 0, ""risk"": ""medium"", ""feasible"": false}]",expedite RMPO018807 with Supplier 202 (SUP0202),"Chose expedite (est. cost 3,422, 10 stockout days, low risk) over accept delay (4,542 / 17d); substitute rm could not land in time; plan assumed supplier ETA 2024-06-22.",3421.63,10,3047.59,10,success,2024-07-12,Expedite worked: actual 10 stockout days vs 10 planned.,"[""RMPO018807"", ""RMREV005177"", ""RMREV005178""]",375.85,0,
DEC00357,EVT00229,2024-06-01,category_manager,expedite,"[{""option"": ""accept_delay"", ""est_cost"": 328.11, ""est_stockout_days"": 4, ""risk"": ""medium"", ""feasible"": true}, {""option"": ""expedite"", ""est_cost"": 183.51, ""est_stockout_days"": 0, ""risk"": ""low"", ""feasible"": true}, {""option"": ""substitute_rm"", ""est_cost"": 8082.03, ""est_stockout_days"": 1, ""risk"": ""medium"", ""feasible"": false}]",expedite RMPO019536 with Supplier 185 (SUP0185),"Chose expedite (est. cost 184, 0 stockout days, low risk) over accept delay (328 / 4d); substitute rm could not land in time; plan assumed supplier ETA 2024-06-11.",183.51,0,446.0,4,partial,2024-07-09,Expedite only partly worked: supply arrived later than notified (4 vs 0 stockout days). Next time pad the supplier ETA and check alternates earlier.,"[""RMPO019536"", ""RMREV005188"", ""RMREV005189""]",117.89,1,root cause allocation_cut
DEC00358,EVT00233,2024-06-02,supply_planner,accept_delay,"[{""option"": ""accept_delay"", ""est_cost"": 171225.55, ""est_stockout_days"": 487, ""risk"": ""medium"", ""feasible"": true}, {""option"": ""expedite"", ""est_cost"": 2812.74, ""est_stockout_days"": 0, ""risk"": ""low"", ""feasible"": true}, {""option"": ""cancel_po"", ""est_cost"": 601.59, ""est_stockout_days"": 1, ""risk"": ""medium"", ""feasible"": true}, {""option"": ""reallocate_stock"", ""est_cost"": 1454.78, ""est_stockout_days"": 0, ""risk"": ""low"", ""feasible"": true}]",wait for the next receipt on POL0020513,"Chose accept delay (est. cost 171,226, 487 stockout days, medium risk) over cancel po (602 / 1d) and reallocate stock (1,455 / 0d).",171225.55,487,171225.55,487,success,2024-07-06,Accept delay worked: actual 487 stockout days vs 487 planned.,"[""M00019504"", ""POL0020513""]",0.0,0,
DEC00359,EVT00235,2024-06-03,supply_planner,accept_delay,"[{""option"": ""accept_delay"", ""est_cost"": 6579.17, ""est_stockout_days"": 18, ""risk"": ""high"", ""feasible"": true}, {""option"": ""expedite"", ""est_cost"": 6709.73, ""est_stockout_days"": 15, ""risk"": ""high"", ""feasible"": true}]",accept the revised ETA on RMPO019797 and cover gaps with spot buys,"Chose accept delay (est. cost 6,579, 18 stockout days, high risk) over expedite (6,710 / 15d); plan assumed supplier ETA 2024-06-28.",6579.17,18,3655.09,10,success,2024-07-14,Accept delay worked: actual 10 stockout days vs 18 planned.,"[""RMPO019797"", ""RMREV005204""]",0.0,0,
DEC00360,EVT00234,2024-06-04,supply_planner,expedite,"[{""option"": ""accept_delay"", ""est_cost"": 8559.8, ""est_stockout_days"": 18, ""risk"": ""high"", ""feasible"": true}, {""option"": ""expedite"", ""est_cost"": 6719.8, ""est_stockout_days"": 12, ""risk"": ""low"", ""feasible"": true}]",expedite RMPO019591 with Supplier 054 (SUP0054),"Chose expedite (est. cost 6,720, 12 stockout days, low risk) over accept delay (8,560 / 18d); plan assumed supplier ETA 2024-06-25.",6719.8,12,5198.06,10,success,2024-07-11,Expedite worked: actual 10 stockout days vs 12 planned.,"[""RMPO019591"", ""RMREV005210"", ""RMREV005211""]",442.62,1,
DEC00361,EVT00231,2024-06-05,category_manager,reduce_allocation,"[{""option"": ""reduce_allocation"", ""est_cost"": 3500.0, ""est_stockout_days"": 0, ""risk"": ""medium"", ""feasible"": true}, {""option"": ""accept_delay"", ""est_cost"": 9000.0, ""est_stockout_days"": 4, ""risk"": ""high"", ""feasible"": true}, {""option"": ""renegotiate"", ""est_cost"": 5000.0, ""est_stockout_days"": 2, ""risk"": ""medium"", ""feasible"": true}]",cut Supplier 039 (SUP0039) allocation on RM0056 and shift volume to Supplier 136 (SUP0136),"Chose reduce allocation (est. cost 3,500, 0 stockout days, medium risk) over renegotiate (5,000 / 2d) and accept delay (9,000 / 4d).",3500.0,0,5000.0,1,partial,2024-12-21,Reduce allocation only partly worked: supply arrived later than notified (1 vs 0 stockout days). Next time pad the supplier ETA and check alternates earlier.,"[""CAT00331"", ""CAT00332""]",3500.0,0,
DEC00362,EVT00229,2024-06-06,buyer,expedite,"[{""option"": ""accept_delay"", ""est_cost"": 1987.54, ""est_stockout_days"": 11, ""risk"": ""high"", ""feasible"": true}, {""option"": ""expedite"", ""est_cost"": 875.73, ""est_stockout_days"": 3, ""risk"": ""low"", ""feasible"": true}, {""option"": ""substitute_rm"", ""est_cost"": 8000.0, ""est_stockout_days"": 0, ""risk"": ""medium"", ""feasible"": false}]",expedite RMPO019254 with Supplier 185 (SUP0185),"Chose expedite (est. cost 876, 3 stockout days, low risk) over accept delay (1,988 / 11d); substitute rm could not land in time; plan assumed supplier ETA 2024-06-25.",875.73,3,2032.12,11,failed,2024-07-15,Expedite failed: supply arrived later than notified (11 vs 3 stockout days). Next time pad the supplier ETA and check alternates earlier.,"[""RMPO019254"", ""RMREV005227"", ""RMREV005228""]",44.58,1,root cause allocation_cut; lowest-cost estimate at decision time; realised supply worse than notified
DEC00363,EVT00237,2024-06-06,buyer,expedite,"[{""option"": ""accept_delay"", ""est_cost"": 1031.88, ""est_stockout_days"": 13, ""risk"": ""high"", ""feasible"": true}, {""option"": ""expedite"", ""est_cost"": 911.65, ""est_stockout_days"": 10, ""risk"": ""low"", ""feasible"": true}, {""option"": ""switch_supplier"", ""est_cost"": 2247.88, ""est_stockout_days"": 13, ""risk"": ""high"", ""feasible"": false}]",expedite RMPO018561 with Supplier 051 (SUP0051),"Chose expedite (est. cost 912, 10 stockout days, low risk) over accept delay (1,032 / 13d); switch supplier could not land in time; plan assumed supplier ETA 2024-06-23.",911.65,10,1102.16,13,partial,2024-07-16,Expedite only partly worked: supply arrived later than notified (13 vs 10 stockout days). Next time pad the supplier ETA and check alternates earlier.,"[""RMPO018561"", ""RMREV005224"", ""RMREV005225""]",70.27,1,
DEC00364,EVT00238,2024-06-11,supply_chain_director,reallocate_stock,"[{""option"": ""accept_delay"", ""est_cost"": 2196.05, ""est_stockout_days"": 11, ""risk"": ""high"", ""feasible"": true}, {""option"": ""expedite"", ""est_cost"": 1730.66, ""est_stockout_days"": 6, ""risk"": ""medium"", ""feasible"": true}, {""option"": ""switch_supplier"", ""est_cost"": 1225.3, ""est_stockout_days"": 0, ""risk"": ""high"", ""feasible"": true}, {""option"": ""reallocate_stock"", ""est_cost"": 417.4, ""est_stockout_days"": 0, ""risk"": ""medium"", ""feasible"": true}, {""option"": ""substitute_rm"", ""est_cost"": 9291.22, ""est_stockout_days"": 6, ""risk"": ""medium"", ""feasible"": false}]",transfer RM0116 stock to P04 (transfer RMT0000015),"Chose reallocate stock (est. cost 417, 0 stockout days, medium risk) over switch supplier (1,225 / 0d) and expedite (1,731 / 6d); substitute rm could not land in time; plan assumed supplier ETA 2024-07-11.",417.4,0,417.4,0,success,2024-07-18,Reallocate stock worked: actual 0 stockout days vs 0 planned.,"[""RMPO018431"", ""RMREV005253"", ""RMT0000015""]",417.4,0,
DEC00365,EVT00229,2024-06-14,buyer,expedite,"[{""option"": ""accept_delay"", ""est_cost"": 1512.27, ""est_stockout_days"": 13, ""risk"": ""high"", ""feasible"": true}, {""option"": ""expedite"", ""est_cost"": 912.9, ""est_stockout_days"": 5, ""risk"": ""low"", ""feasible"": true}, {""option"": ""substitute_rm"", ""est_cost"": 8000.0, ""est_stockout_days"": 0, ""risk"": ""medium"", ""feasible"": false}]",expedite RMPO020313 with Supplier 185 (SUP0185),"Chose expedite (est. cost 913, 5 stockout days, low risk) over accept delay (1,512 / 13d); substitute rm could not land in time; plan assumed supplier ETA 2024-07-07.",912.9,5,1657.4,13,failed,2024-07-26,Expedite failed: supply arrived later than notified (13 vs 5 stockout days). Next time pad the supplier ETA and check alternates earlier.,"[""RMPO020313"", ""RMREV005273"", ""RMREV005274""]",145.13,1,root cause allocation_cut; lowest-cost estimate at decision time; realised supply worse than notified
DEC00366,EVT00240,2024-06-20,supply_planner,accept_delay,"[{""option"": ""accept_delay"", ""est_cost"": 61600.0, ""est_stockout_days"": 308, ""risk"": ""medium"", ""feasible"": true}, {""option"": ""expedite"", ""est_cost"": 1396.07, ""est_stockout_days"": 0, ""risk"": ""low"", ""feasible"": true}, {""option"": ""cancel_po"", ""est_cost"": 450.0, ""est_stockout_days"": 1, ""risk"": ""medium"", ""feasible"": true}, {""option"": ""reallocate_stock"", ""est_cost"": 923.53, ""est_stockout_days"": 0, ""risk"": ""low"", ""feasible"": true}]",wait for the next receipt on POL0016488,"Chose accept delay (est. cost 61,600, 308 stockout days, medium risk) over cancel po (450 / 1d) and reallocate stock (924 / 0d).",61600.0,308,61600.0,308,success,2024-07-25,Accept delay worked: actual 308 stockout days vs 308 planned.,"[""M00015669"", ""POL0016488""]",0.0,0,
DEC00367,EVT00229,2024-06-20,supply_planner,expedite,"[{""option"": ""accept_delay"", ""est_cost"": 696.24, ""est_stockout_days"": 12, ""risk"": ""high"", ""feasible"": true}, {""option"": ""expedite"", ""est_cost"": 661.46, ""est_stockout_days"": 8, ""risk"": ""low"", ""feasible"": true}, {""option"": ""substitute_rm"", ""est_cost"": 8000.0, ""est_stockout_days"": 0, ""risk"": ""medium"", ""feasible"": false}]",expedite RMPO020314 with Supplier 185 (SUP0185),"Chose expedite (est. cost 661, 8 stockout days, low risk) over accept delay (696 / 12d); substitute rm could not land in time; plan assumed supplier ETA 2024-07-08.",661.46,8,382.96,4,success,2024-08-01,Expedite worked: actual 4 stockout days vs 8 planned.,"[""RMPO020314"", ""RMREV005305"", ""RMREV005306""]",150.88,1,root cause allocation_cut
DEC00368,EVT00239,2024-06-21,supply_planner,accept_delay,"[{""option"": ""accept_delay"", ""est_cost"": 2522.76, ""est_stockout_days"": 20, ""risk"": ""high"", ""feasible"": true}, {""option"": ""expedite"", ""est_cost"": 2359.62, ""est_stockout_days"": 16, ""risk"": ""high"", ""feasible"": true}, {""option"": ""switch_supplier"", ""est_cost"": 2965.93, ""est_stockout_days"": 14, ""risk"": ""medium"", ""feasible"": true}, {""option"": ""substitute_rm"", ""est_cost"": 9009.1, ""est_stockout_days"": 8, ""risk"": ""medium"", ""feasible"": false}]",accept the revised ETA on RMPO019061 and cover gaps with spot buys,"Chose accept delay (est. cost 2,523, 20 stockout days, high risk) over expedite (2,360 / 16d) and switch supplier (2,966 / 14d); substitute rm could not land in time; plan assumed supplier ETA 2024-07-24.",2522.76,20,1726.95,13,success,2024-07-29,Accept delay worked: actual 13 stockout days vs 20 planned.,"[""RMPO019061"", ""RMREV005308""]",0.0,0,
DEC00369,EVT00241,2024-06-22,buyer,expedite,"[{""option"": ""accept_delay"", ""est_cost"": 342.38, ""est_stockout_days"": 3, ""risk"": ""high"", ""feasible"": true}, {""option"": ""expedite"", ""est_cost"": 158.58, ""est_stockout_days"": 0, ""risk"": ""low"", ""feasible"": true}, {""option"": ""substitute_rm"", ""est_cost"": 8000.0, ""est_stockout_days"": 0, ""risk"": ""medium"", ""feasible"": false}]",expedite RMPO020248 with Supplier 185 (SUP0185),"Chose expedite (est. cost 159, 0 stockout days, low risk) over accept delay (342 / 3d); substitute rm could not land in time; plan assumed supplier ETA 2024-07-06.",158.58,0,432.48,3,partial,2024-07-31,Expedite only partly worked: premium freight into P05 costs about twice the network average. Next time pad the supplier ETA and check alternates earlier.,"[""RMPO020248"", ""RMREV005318"", ""RMREV005319""]",90.1,1,root cause allocation_cut; expedite into P05 (premium lane)
DEC00370,EVT00242,2024-06-23,buyer,expedite,"[{""option"": ""accept_delay"", ""est_cost"": 16947.28, ""est_stockout_days"": 10, ""risk"": ""high"", ""feasible"": true}, {""option"": ""expedite"", ""est_cost"": 14658.71, ""est_stockout_days"": 7, ""risk"": ""low"", ""feasible"": true}, {""option"": ""switch_supplier"", ""est_cost"": 18871.97, ""est_stockout_days"": 10, ""risk"": ""medium"", ""feasible"": false}, {""option"": ""substitute_rm"", ""est_cost"": 8000.0, ""est_stockout_days"": 0, ""risk"": ""medium"", ""feasible"": false}]",expedite RMPO018799 with Supplier 010 (SUP0010),"Chose expedite (est. cost 14,659, 7 stockout days, low risk) over accept delay (16,947 / 10d); switch supplier, substitute rm could not land in time; plan assumed supplier ETA 2024-07-07.",14658.71,7,18726.05,10,partial,2024-08-02,Expedite only partly worked: supply arrived later than notified (10 vs 7 stockout days). Next time pad the supplier ETA and check alternates earlier.,"[""RMPO018799"", ""RMREV005320"", ""RMREV005321""]",1778.77,0,
DEC00371,EVT00243,2024-06-24,supply_planner,expedite,"[{""option"": ""accept_delay"", ""est_cost"": 12386.28, ""est_stockout_days"": 9, ""risk"": ""high"", ""feasible"": true}, {""option"": ""expedite"", ""est_cost"": 8000.06, ""est_stockout_days"": 4, ""risk"": ""high"", ""feasible"": true}, {""option"": ""switch_supplier"", ""est_cost"": 14231.58, ""est_stockout_days"": 9, ""risk"": ""high"", ""feasible"": false}]",expedite RMPO020131 with Supplier 095 (SUP0095),"Chose expedite (est. cost 8,000, 4 stockout days, high risk) over accept delay (12,386 / 9d); switch supplier could not land in time; plan assumed supplier ETA 2024-07-15.",8000.06,4,10752.57,7,partial,2024-08-04,Expedite only partly worked: supply arrived later than notified (7 vs 4 stockout days). Next time pad the supplier ETA and check alternates earlier.,"[""RMPO020131"", ""RMREV005329"", ""RMREV005330""]",1118.79,0,
DEC00372,EVT00244,2024-06-28,buyer,switch_supplier,"[{""option"": ""accept_delay"", ""est_cost"": 3387.36, ""est_stockout_days"": 15, ""risk"": ""high"", ""feasible"": true}, {""option"": ""expedite"", ""est_cost"": 2264.51, ""est_stockout_days"": 8, ""risk"": ""medium"", ""feasible"": true}, {""option"": ""switch_supplier"", ""est_cost"": 1214.17, ""est_stockout_days"": 0, ""risk"": ""medium"", ""feasible"": true}]",place RMPO020809 with the alternate source and cancel RMPO020556,"Chose switch supplier (est. cost 1,214, 0 stockout days, medium risk) over expedite (2,265 / 8d) and accept delay (3,387 / 15d); plan assumed supplier ETA 2024-07-27.",1214.17,0,3472.41,10,failed,2024-08-09,Switch supplier failed: the alternate source also shipped late. Next time pad the supplier ETA and check alternates earlier.,"[""RMPO020556"", ""RMREV005350"", ""RMPO020809"", ""RMPOL0021057""]",1214.17,1,lowest-cost estimate at decision time; realised supply worse than notified
DEC00373,EVT00246,2024-06-30,category_manager,accept_delay,"[{""option"": ""accept_delay"", ""est_cost"": 39.88, ""est_stockout_days"": 1, ""risk"": ""medium"", ""feasible"": true}, {""option"": ""expedite"", ""est_cost"": 55.77, ""est_stockout_days"": 1, ""risk"": ""high"", ""feasible"": true}, {""option"": ""switch_supplier"", ""est_cost"": 1241.63, ""est_stockout_days"": 1, ""risk"": ""medium"", ""feasible"": false}, {""option"": ""substitute_rm"", ""est_cost"": 8039.88, ""est_stockout_days"": 1, ""risk"": ""medium"", ""feasible"": false}]",accept the revised ETA on RMPO019179 and cover gaps with spot buys,"Chose accept delay (est. cost 40, 1 stockout days, medium risk) over expedite (56 / 1d); switch supplier, substitute rm could not land in time; plan assumed supplier ETA 2024-07-08.",39.88,1,0.0,0,success,2024-08-06,Accept delay worked: actual 0 stockout days vs 1 planned.,"[""RMPO019179"", ""RMREV005363""]",0.0,0,
DEC00374,EVT00245,2024-07-01,plant_scheduler,expedite,"[{""option"": ""accept_delay"", ""est_cost"": 13406.65, ""est_stockout_days"": 18, ""risk"": ""high"", ""feasible"": true}, {""option"": ""expedite"", ""est_cost"": 8877.91, ""est_stockout_days"": 10, ""risk"": ""high"", ""feasible"": true}, {""option"": ""switch_supplier"", ""est_cost"": 14606.65, ""est_stockout_days"": 18, ""risk"": ""medium"", ""feasible"": false}, {""option"": ""substitute_rm"", ""est_cost"": 8000.0, ""est_stockout_days"": 0, ""risk"": ""medium"", ""feasible"": false}]",expedite RMPO019586 with Supplier 047 (SUP0047),"Chose expedite (est. cost 8,878, 10 stockout days, high risk) over accept delay (13,407 / 18d); switch supplier, substitute rm could not land in time; plan assumed supplier ETA 2024-07-25.",8877.91,10,9175.84,12,success,2024-08-12,Expedite worked: actual 12 stockout days vs 10 planned.,"[""RMPO019586"", ""RMREV005374"", ""RMREV005375""]",238.08,1,
DEC00375,EVT00250,2024-07-04,category_manager,expedite,"[{""option"": ""accept_delay"", ""est_cost"": 4814.25, ""est_stockout_days"": 18, ""risk"": ""high"", ""feasible"": true}, {""option"": ""expedite"", ""est_cost"": 3368.53, ""est_stockout_days"": 10, ""risk"": ""low"", ""feasible"": true}, {""option"": ""substitute_rm"", ""est_cost"": 8000.0, ""est_stockout_days"": 0, ""risk"": ""medium"", ""feasible"": false}]",expedite RMPO020267 with Supplier 202 (SUP0202),"Chose expedite (est. cost 3,369, 10 stockout days, low risk) over accept delay (4,814 / 18d); substitute rm could not land in time; plan assumed supplier ETA 2024-07-30.",3368.53,10,2940.6,10,success,2024-08-11,Expedite worked: actual 10 stockout days vs 10 planned.,"[""RMPO020267"", ""RMREV005393"", ""RMREV005394""]",266.01,0,
DEC00376,EVT00214,2024-07-06,category_manager,substitute_rm,"[{""option"": ""substitute_rm"", ""est_cost"": 8000.0, ""est_stockout_days"": 0, ""risk"": ""medium"", ""feasible"": true}, {""option"": ""switch_supplier"", ""est_cost"": 7200.0, ""est_stockout_days"": 1, ""risk"": ""medium"", ""feasible"": true}, {""option"": ""accept_delay"", ""est_cost"": 12000.0, ""est_stockout_days"": 5, ""risk"": ""high"", ""feasible"": true}]",qualify BOPP Laminate (RM0009) to replace RM0003 in IP01316 from 2024-08-05,"Chose substitute rm (est. cost 8,000, 0 stockout days, medium risk) over switch supplier (7,200 / 1d) and accept delay (12,000 / 5d).",8000.0,0,11000.0,2,partial,2025-02-03,Substitute rm only partly worked: supply arrived later than notified (2 vs 0 stockout days). Next time pad the supplier ETA and check alternates earlier.,"[""BOM005247"", ""BOM005248"", ""BOM005249"", ""BOM005250"", ""BOM005251"", ""BOM005252"", ""BOM005253"", ""BOM005254"", ""BOM005255""]",8000.0,1,
DEC00377,EVT00252,2024-07-10,supply_planner,expedite,"[{""option"": ""accept_delay"", ""est_cost"": 317.29, ""est_stockout_days"": 16, ""risk"": ""high"", ""feasible"": true}, {""option"": ""expedite"", ""est_cost"": 250.46, ""est_stockout_days"": 11, ""risk"": ""medium"", ""feasible"": true}, {""option"": ""switch_supplier"", ""est_cost"": 1279.32, ""est_stockout_days"": 4, ""risk"": ""medium"", ""feasible"": true}]",expedite RMPO021069 with Supplier 240 (SUP0240),"Chose expedite (est. cost 250, 11 stockout days, medium risk) over accept delay (317 / 16d) and switch supplier (1,279 / 4d); plan assumed supplier ETA 2024-08-08.",250.46,11,230.63,11,success,2024-08-20,Expedite worked: actual 11 stockout days vs 11 planned.,"[""RMPO021069"", ""RMREV005436"", ""RMREV005437""]",12.49,1,
DEC00378,EVT00253,2024-07-10,supply_chain_director,expedite,"[{""option"": ""accept_delay"", ""est_cost"": 392.18, ""est_stockout_days"": 12, ""risk"": ""high"", ""feasible"": true}, {""option"": ""expedite"", ""est_cost"": 306.03, ""est_stockout_days"": 8, ""risk"": ""medium"", ""feasible"": true}, {""option"": ""switch_supplier"", ""est_cost"": 1376.21, ""est_stockout_days"": 5, ""risk"": ""medium"", ""feasible"": true}]",expedite RMPO019680 with Supplier 136 (SUP0136),"Chose expedite (est. cost 306, 8 stockout days, medium risk) over accept delay (392 / 12d) and switch supplier (1,376 / 5d); plan assumed supplier ETA 2024-08-01.",306.03,8,214.52,6,success,2024-08-16,Expedite worked: actual 6 stockout days vs 8 planned.,"[""RMPO019680"", ""RMREV005431"", ""RMREV005432""]",18.43,0,
DEC00379,EVT00245,2024-07-12,buyer,expedite,"[{""option"": ""accept_delay"", ""est_cost"": 7667.62, ""est_stockout_days"": 10, ""risk"": ""high"", ""feasible"": true}, {""option"": ""expedite"", ""est_cost"": 4410.84, ""est_stockout_days"": 2, ""risk"": ""low"", ""feasible"": true}, {""option"": ""switch_supplier"", ""est_cost"": 9185.6, ""est_stockout_days"": 10, ""risk"": ""high"", ""feasible"": false}, {""option"": ""substitute_rm"", ""est_cost"": 8000.0, ""est_stockout_days"": 0, ""risk"": ""medium"", ""feasible"": false}]",expedite RMPO020487 with Supplier 179 (SUP0179),"Chose expedite (est. cost 4,411, 2 stockout days, low risk) over accept delay (7,668 / 10d); switch supplier, substitute rm could not land in time; plan assumed supplier ETA 2024-07-31.",4410.84,2,9318.11,10,failed,2024-08-22,Expedite failed: supply arrived later than notified (10 vs 2 stockout days). Next time pad the supplier ETA and check alternates earlier.,"[""RMPO020487"", ""RMREV005449"", ""RMREV005450""]",1650.49,1,root cause large_po; lowest-cost estimate at decision time; realised supply worse than notified
DEC00380,EVT00254,2024-07-20,supply_planner,switch_supplier,"[{""option"": ""accept_delay"", ""est_cost"": 8071.59, ""est_stockout_days"": 20, ""risk"": ""high"", ""feasible"": true}, {""option"": ""expedite"", ""est_cost"": 7179.09, ""est_stockout_days"": 17, ""risk"": ""low"", ""feasible"": true}, {""option"": ""switch_supplier"", ""est_cost"": 1200.0, ""est_stockout_days"": 0, ""risk"": ""medium"", ""feasible"": true}]",place RMPO021608 with the alternate source and cancel RMPO020470,"Chose switch supplier (est. cost 1,200, 0 stockout days, medium risk) over expedite (7,179 / 17d) and accept delay (8,072 / 20d); plan assumed supplier ETA 2024-08-20.",1200.0,0,6850.11,14,failed,2024-08-29,Switch supplier failed: the alternate source also shipped late. Next time pad the supplier ETA and check alternates earlier.,"[""RMPO020470"", ""RMREV005519"", ""RMPO021608"", ""RMPOL0021864""]",1200.0,1,lowest-cost estimate at decision time; realised supply worse than notified
DEC00381,EVT00250,2024-07-20,category_manager,substitute_rm,"[{""option"": ""substitute_rm"", ""est_cost"": 8000.0, ""est_stockout_days"": 0, ""risk"": ""medium"", ""feasible"": true}, {""option"": ""switch_supplier"", ""est_cost"": 7200.0, ""est_stockout_days"": 1, ""risk"": ""medium"", ""feasible"": true}, {""option"": ""accept_delay"", ""est_cost"": 12000.0, ""est_stockout_days"": 5, ""risk"": ""high"", ""feasible"": true}]",qualify Hot Melt HM-40 G3 (RM0024) to replace RM0005 in IP01847 from 2024-08-13,"Chose substitute rm (est. cost 8,000, 0 stockout days, medium risk) over switch supplier (7,200 / 1d) and accept delay (12,000 / 5d).",8000.0,0,8000.0,0,success,2025-02-12,Substitute rm worked: actual 0 stockout days vs 0 planned.,"[""BOM007306"", ""BOM007307"", ""BOM007308"", ""BOM007309"", ""BOM007310"", ""BOM007311"", ""BOM007312""]",8000.0,0,
DEC00382,EVT00256,2024-07-21,category_manager,accept_delay,"[{""option"": ""accept_delay"", ""est_cost"": 2583.04, ""est_stockout_days"": 11, ""risk"": ""high"", ""feasible"": true}, {""option"": ""expedite"", ""est_cost"": 2671.22, ""est_stockout_days"": 8, ""risk"": ""high"", ""feasible"": true}]",accept the revised ETA on RMPO019825 and cover gaps with spot buys,"Chose accept delay (est. cost 2,583, 11 stockout days, high risk) over expedite (2,671 / 8d); plan assumed supplier ETA 2024-08-06.",2583.04,11,2583.04,11,success,2024-09-01,Accept delay worked: actual 11 stockout days vs 11 planned.,"[""RMPO019825"", ""RMREV005525""]",0.0,0,
DEC00383,EVT00255,2024-07-21,buyer,expedite,"[{""option"": ""accept_delay"", ""est_cost"": 722.74, ""est_stockout_days"": 4, ""risk"": ""high"", ""feasible"": true}, {""option"": ""expedite"", ""est_cost"": 377.0, ""est_stockout_days"": 0, ""risk"": ""low"", ""feasible"": true}, {""option"": ""substitute_rm"", ""est_cost"": 8000.0, ""est_stockout_days"": 0, ""risk"": ""medium"", ""feasible"": false}]",expedite RMPO021604 with Supplier 185 (SUP0185),"Chose expedite (est. cost 377, 0 stockout days, low risk) over accept delay (723 / 4d); substitute rm could not land in time; plan assumed supplier ETA 2024-08-01.",377.0,0,955.2,4,partial,2024-08-28,Expedite only partly worked: supply arrived later than notified (4 vs 0 stockout days). Next time pad the supplier ETA and check alternates earlier.,"[""RMPO021604"", ""RMREV005532"", ""RMREV005533""]",232.45,1,
DEC00384,EVT00257,2024-07-27,plant_scheduler,expedite,"[{""option"": ""accept_delay"", ""est_cost"": 1450.83, ""est_stockout_days"": 12, ""risk"": ""high"", ""feasible"": true}, {""option"": ""expedite"", ""est_cost"": 1076.79, ""est_stockout_days"": 7, ""risk"": ""low"", ""feasible"": true}]",expedite RMPO019793 with Supplier 138 (SUP0138),"Chose expedite (est. cost 1,077, 7 stockout days, low risk) over accept delay (1,451 / 12d); plan assumed supplier ETA 2024-08-12.",1076.79,7,1076.79,8,success,2024-09-07,Expedite worked: actual 8 stockout days vs 7 planned.,"[""RMPO019793"", ""RMREV005582"", ""RMREV005583""]",109.57,0,
DEC00385,EVT00255,2024-07-30,plant_scheduler,expedite,"[{""option"": ""accept_delay"", ""est_cost"": 522.18, ""est_stockout_days"": 9, ""risk"": ""high"", ""feasible"": true}, {""option"": ""expedite"", ""est_cost"": 446.24, ""est_stockout_days"": 6, ""risk"": ""low"", ""feasible"": true}, {""option"": ""substitute_rm"", ""est_cost"": 8000.0, ""est_stockout_days"": 0, ""risk"": ""medium"", ""feasible"": false}]",expedite RMPO021847 with Supplier 185 (SUP0185),"Chose expedite (est. cost 446, 6 stockout days, low risk) over accept delay (522 / 9d); substitute rm could not land in time; plan assumed supplier ETA 2024-08-17.",446.24,6,179.35,2,success,2024-09-08,Expedite worked: actual 2 stockout days vs 6 planned.,"[""RMPO021847"", ""RMREV005612"", ""RMREV005613""]",63.31,0,
DEC00386,EVT00258,2024-07-31,category_manager,switch_supplier,"[{""option"": ""accept_delay"", ""est_cost"": 1902.43, ""est_stockout_days"": 17, ""risk"": ""high"", ""feasible"": true}, {""option"": ""expedite"", ""est_cost"": 1680.55, ""est_stockout_days"": 14, ""risk"": ""medium"", ""feasible"": true}, {""option"": ""switch_supplier"", ""est_cost"": 1311.91, ""est_stockout_days"": 1, ""risk"": ""medium"", ""feasible"": true}]",place RMPO022087 with the alternate source and cancel RMPO020412,"Chose switch supplier (est. cost 1,312, 1 stockout days, medium risk) over expedite (1,681 / 14d) and accept delay (1,902 / 17d); plan assumed supplier ETA 2024-08-25.",1311.91,1,2654.8,13,failed,2024-09-06,Switch supplier failed: the alternate source also shipped late. Next time pad the supplier ETA and check alternates earlier.,"[""RMPO020412"", ""RMREV005620"", ""RMPO022087"", ""RMPOL0022350""]",1200.0,1,supplier with year-end capacity history; lowest-cost estimate at decision time; realised supply worse than notified
DEC00387,EVT00255,2024-08-03,category_manager,expedite,"[{""option"": ""accept_delay"", ""est_cost"": 1312.45, ""est_stockout_days"": 16, ""risk"": ""high"", ""feasible"": true}, {""option"": ""expedite"", ""est_cost"": 1228.38, ""est_stockout_days"": 13, ""risk"": ""low"", ""feasible"": true}, {""option"": ""substitute_rm"", ""est_cost"": 8000.0, ""est_stockout_days"": 0, ""risk"": ""medium"", ""feasible"": false}]",expedite RMPO022089 with Supplier 185 (SUP0185),"Chose expedite (est. cost 1,228, 13 stockout days, low risk) over accept delay (1,312 / 16d); substitute rm could not land in time; plan assumed supplier ETA 2024-08-30.",1228.38,13,1261.18,14,success,2024-09-09,Expedite worked: actual 14 stockout days vs 13 planned.,"[""RMPO022089"", ""RMREV005639"", ""RMREV005640""]",112.79,0,
DEC00388,EVT00254,2024-08-04,supply_planner,expedite,"[{""option"": ""accept_delay"", ""est_cost"": 2493.23, ""est_stockout_days"": 10, ""risk"": ""high"", ""feasible"": true}, {""option"": ""expedite"", ""est_cost"": 2433.89, ""est_stockout_days"": 7, ""risk"": ""low"", ""feasible"": true}, {""option"": ""switch_supplier"", ""est_cost"": 3828.81, ""est_stockout_days"": 10, ""risk"": ""medium"", ""feasible"": false}]",expedite RMPO021852 with Supplier 054 (SUP0054),"Chose expedite (est. cost 2,434, 7 stockout days, low risk) over accept delay (2,493 / 10d); switch supplier could not land in time; plan assumed supplier ETA 2024-08-22.",2433.89,7,2533.62,8,success,2024-09-13,Expedite worked: actual 8 stockout days vs 7 planned.,"[""RMPO021852"", ""RMREV005646"", ""RMREV005647""]",539.03,1,expedite into P05 (premium lane)
DEC00389,EVT00259,2024-08-04,supply_planner,expedite,"[{""option"": ""accept_delay"", ""est_cost"": 453.83, ""est_stockout_days"": 10, ""risk"": ""high"", ""feasible"": true}, {""option"": ""expedite"", ""est_cost"": 282.57, ""est_stockout_days"": 4, ""risk"": ""medium"", ""feasible"": true}, {""option"": ""switch_supplier"", ""est_cost"": 1293.83, ""est_stockout_days"": 2, ""risk"": ""medium"", ""feasible"": true}]",expedite RMPO020549 with Supplier 033 (SUP0033),"Chose expedite (est. cost 283, 4 stockout days, medium risk) over accept delay (454 / 10d) and switch supplier (1,294 / 2d); plan assumed supplier ETA 2024-08-25.",282.57,4,500.41,10,failed,2024-09-15,Expedite failed: supply arrived later than notified (10 vs 4 stockout days). Next time pad the supplier ETA and check alternates earlier.,"[""RMPO020549"", ""RMREV005642"", ""RMREV005643""]",46.58,1,lowest-cost estimate at decision time; realised supply worse than notified
DEC00390,EVT00261,2024-08-06,supply_planner,expedite,"[{""option"": ""accept_delay"", ""est_cost"": 466.65, ""est_stockout_days"": 20, ""risk"": ""high"", ""feasible"": true}, {""option"": ""expedite"", ""est_cost"": 328.59, ""est_stockout_days"": 12, ""risk"": ""medium"", ""feasible"": true}, {""option"": ""switch_supplier"", ""est_cost"": 1256.6, ""est_stockout_days"": 2, ""risk"": ""medium"", ""feasible"": true}]",expedite RMPO020442 with Supplier 136 (SUP0136),"Chose expedite (est. cost 329, 12 stockout days, medium risk) over accept delay (467 / 20d) and switch supplier (1,257 / 2d); plan assumed supplier ETA 2024-09-08.",328.59,12,314.59,13,success,2024-09-16,Expedite worked: actual 13 stockout days vs 12 planned.,"[""RMPO020442"", ""RMREV005661"", ""RMREV005662""]",11.26,1,
DEC00391,EVT00260,2024-08-06,buyer,expedite,"[{""option"": ""accept_delay"", ""est_cost"": 1220.15, ""est_stockout_days"": 8, ""risk"": ""high"", ""feasible"": true}, {""option"": ""expedite"", ""est_cost"": 762.26, ""est_stockout_days"": 3, ""risk"": ""high"", ""feasible"": true}, {""option"": ""switch_supplier"", ""est_cost"": 2420.15, ""est_stockout_days"": 8, ""risk"": ""medium"", ""feasible"": false}, {""option"": ""substitute_rm"", ""est_cost"": 8000.0, ""est_stockout_days"": 0, ""risk"": ""medium"", ""feasible"": false}]",expedite RMPO020553 with Supplier 129 (SUP0129),"Chose expedite (est. cost 762, 3 stockout days, high risk) over accept delay (1,220 / 8d); switch supplier, substitute rm could not land in time; plan assumed supplier ETA 2024-08-19.",762.26,3,1067.29,6,partial,2024-09-16,Expedite only partly worked: supply arrived later than notified (6 vs 3 stockout days). Next time pad the supplier ETA and check alternates earlier.,"[""RMPO020553"", ""RMREV005663"", ""RMREV005664""]",152.18,0,
DEC00392,EVT00249,2024-08-08,buyer,accept_delay,"[{""option"": ""accept_delay"", ""est_cost"": 13358.81, ""est_stockout_days"": 2, ""risk"": ""medium"", ""feasible"": true}, {""option"": ""expedite"", ""est_cost"": 53435.26, ""est_stockout_days"": 0, ""risk"": ""low"", ""feasible"": true}, {""option"": ""cancel_po"", ""est_cost"": 6929.41, ""est_stockout_days"": 1, ""risk"": ""medium"", ""feasible"": true}, {""option"": ""reallocate_stock"", ""est_cost"": 20438.22, ""est_stockout_days"": 0, ""risk"": ""low"", ""feasible"": true}]",accept the short/late delivery on PO012770,"Chose accept delay (est. cost 13,359, 2 stockout days, medium risk) over cancel po (6,929 / 1d) and reallocate stock (20,438 / 0d).",13358.81,2,0.0,0,success,2024-09-17,Accept delay worked: actual 0 stockout days vs 2 planned.,"[""PO012770"", ""POL0038252"", ""POL0038253"", ""POL0038254"", ""POL0038255"", ""POL0038256""]",0.0,0,
DEC00393,EVT00262,2024-08-09,buyer,expedite,"[{""option"": ""accept_delay"", ""est_cost"": 2054.29, ""est_stockout_days"": 18, ""risk"": ""high"", ""feasible"": true}, {""option"": ""expedite"", ""est_cost"": 1546.2, ""est_stockout_days"": 10, ""risk"": ""low"", ""feasible"": true}, {""option"": ""substitute_rm"", ""est_cost"": 8000.0, ""est_stockout_days"": 0, ""risk"": ""medium"", ""feasible"": false}]",expedite RMPO022265 with Supplier 185 (SUP0185),"Chose expedite (est. cost 1,546, 10 stockout days, low risk) over accept delay (2,054 / 18d); substitute rm could not land in time; plan assumed supplier ETA 2024-09-06.",1546.2,10,1705.98,13,partial,2024-09-18,Expedite only partly worked: premium freight into P05 costs about twice the network average. Next time pad the supplier ETA and check alternates earlier.,"[""RMPO022265"", ""RMREV005694"", ""RMREV005695""]",222.33,1,expedite into P05 (premium lane)
DEC00394,EVT00263,2024-08-15,buyer,expedite,"[{""option"": ""accept_delay"", ""est_cost"": 1699.72, ""est_stockout_days"": 9, ""risk"": ""high"", ""feasible"": true}, {""option"": ""expedite"", ""est_cost"": 917.93, ""est_stockout_days"": 3, ""risk"": ""low"", ""feasible"": true}, {""option"": ""substitute_rm"", ""est_cost"": 8000.0, ""est_stockout_days"": 0, ""risk"": ""medium"", ""feasible"": false}]",expedite RMPO021848 with Supplier 202 (SUP0202),"Chose expedite (est. cost 918, 3 stockout days, low risk) over accept delay (1,700 / 9d); substitute rm could not land in time; plan assumed supplier ETA 2024-09-02.",917.93,3,1824.45,9,failed,2024-09-26,Expedite failed: supply arrived later than notified (9 vs 3 stockout days). Next time pad the supplier ETA and check alternates earlier.,"[""RMPO021848"", ""RMREV005751"", ""RMREV005752""]",124.73,1,lowest-cost estimate at decision time; realised supply worse than notified
DEC00395,EVT00264,2024-08-16,supply_chain_director,expedite,"[{""option"": ""accept_delay"", ""est_cost"": 153.51, ""est_stockout_days"": 5, ""risk"": ""high"", ""feasible"": true}, {""option"": ""expedite"", ""est_cost"": 63.53, ""est_stockout_days"": 0, ""risk"": ""low"", ""feasible"": true}, {""option"": ""switch_supplier"", ""est_cost"": 1363.75, ""est_stockout_days"": 5, ""risk"": ""medium"", ""feasible"": false}]",expedite RMPO022094 with Supplier 241 (SUP0241),"Chose expedite (est. cost 64, 0 stockout days, low risk) over accept delay (154 / 5d); switch supplier could not land in time; plan assumed supplier ETA 2024-08-29.",63.53,0,401.26,12,failed,2024-09-27,Expedite failed: supply arrived later than notified (12 vs 0 stockout days). Next time pad the supplier ETA and check alternates earlier.,"[""RMPO022094"", ""RMREV005765"", ""RMREV005766""]",32.83,1,lowest-cost estimate at decision time; realised supply worse than notified
DEC00396,EVT00265,2024-08-21,supply_chain_director,expedite,"[{""option"": ""accept_delay"", ""est_cost"": 2771.31, ""est_stockout_days"": 4, ""risk"": ""high"", ""feasible"": true}, {""option"": ""expedite"", ""est_cost"": 1576.61, ""est_stockout_days"": 0, ""risk"": ""medium"", ""feasible"": true}, {""option"": ""switch_supplier"", ""est_cost"": 3971.31, ""est_stockout_days"": 4, ""risk"": ""high"", ""feasible"": false}]",expedite RMPO020984 with Supplier 164 (SUP0164),"Chose expedite (est. cost 1,577, 0 stockout days, medium risk) over accept delay (2,771 / 4d); switch supplier could not land in time; plan assumed supplier ETA 2024-09-02.",1576.61,0,5872.14,7,failed,2024-10-01,Expedite failed: supply arrived later than notified (7 vs 0 stockout days). Next time pad the supplier ETA and check alternates earlier.,"[""RMPO020984"", ""RMREV005796"", ""RMREV005797""]",1022.35,1,lowest-cost estimate at decision time; realised supply worse than notified
DEC00397,EVT00266,2024-08-25,buyer,switch_supplier,"[{""option"": ""accept_delay"", ""est_cost"": 6011.46, ""est_stockout_days"": 15, ""risk"": ""high"", ""feasible"": true}, {""option"": ""expedite"", ""est_cost"": 5014.21, ""est_stockout_days"": 11, ""risk"": ""low"", ""feasible"": true}, {""option"": ""switch_supplier"", ""est_cost"": 1200.0, ""est_stockout_days"": 0, ""risk"": ""medium"", ""feasible"": true}]",place RMPO022862 with the alternate source and cancel RMPO021515,"Chose switch supplier (est. cost 1,200, 0 stockout days, medium risk) over expedite (5,014 / 11d) and accept delay (6,011 / 15d); plan assumed supplier ETA 2024-09-22.",1200.0,0,5207.64,10,failed,2024-10-02,Switch supplier failed: the alternate source also shipped late. Next time pad the supplier ETA and check alternates earlier.,"[""RMPO021515"", ""RMREV005842"", ""RMPO022862"", ""RMPOL0023131""]",1200.0,1,lowest-cost estimate at decision time; realised supply worse than notified
DEC00398,EVT00262,2024-08-31,buyer,expedite,"[{""option"": ""accept_delay"", ""est_cost"": 930.63, ""est_stockout_days"": 8, ""risk"": ""high"", ""feasible"": true}, {""option"": ""expedite"", ""est_cost"": 356.01, ""est_stockout_days"": 1, ""risk"": ""low"", ""feasible"": true}, {""option"": ""substitute_rm"", ""est_cost"": 8000.0, ""est_stockout_days"": 0, ""risk"": ""medium"", ""feasible"": false}]",expedite RMPO022860 with Supplier 185 (SUP0185),"Chose expedite (est. cost 356, 1 stockout days, low risk) over accept delay (931 / 8d); substitute rm could not land in time; plan assumed supplier ETA 2024-09-14.",356.01,1,1007.45,8,failed,2024-10-09,Expedite failed: supply arrived later than notified (8 vs 1 stockout days). Next time pad the supplier ETA and check alternates earlier.,"[""RMPO022860"", ""RMREV005892"", ""RMREV005893""]",76.82,1,lowest-cost estimate at decision time; realised supply worse than notified
DEC00399,EVT00264,2024-09-01,supply_planner,accept_delay,"[{""option"": ""accept_delay"", ""est_cost"": 167.11, ""est_stockout_days"": 10, ""risk"": ""high"", ""feasible"": true}, {""option"": ""expedite"", ""est_cost"": 170.28, ""est_stockout_days"": 7, ""risk"": ""low"", ""feasible"": true}, {""option"": ""switch_supplier"", ""est_cost"": 1374.39, ""est_stockout_days"": 10, ""risk"": ""medium"", ""feasible"": false}]",accept the revised ETA on RMPO022849 and cover gaps with spot buys,"Chose accept delay (est. cost 167, 10 stockout days, high risk) over expedite (170 / 7d); switch supplier could not land in time; plan assumed supplier ETA 2024-09-17.",167.11,10,167.11,10,success,2024-10-12,Accept delay worked: actual 10 stockout days vs 10 planned.,"[""RMPO022849"", ""RMREV005902""]",0.0,0,
DEC00400,EVT00268,2024-09-03,supply_planner,expedite,"[{""option"": ""accept_delay"", ""est_cost"": 2348.91, ""est_stockout_days"": 13, ""risk"": ""high"", ""feasible"": true}, {""option"": ""expedite"", ""est_cost"": 1980.2, ""est_stockout_days"": 9, ""risk"": ""low"", ""feasible"": true}, {""option"": ""substitute_rm"", ""est_cost"": 8000.0, ""est_stockout_days"": 0, ""risk"": ""medium"", ""feasible"": false}]",expedite RMPO023099 with Supplier 185 (SUP0185),"Chose expedite (est. cost 1,980, 9 stockout days, low risk) over accept delay (2,349 / 13d); substitute rm could not land in time; plan assumed supplier ETA 2024-09-23.",1980.2,9,2558.4,13,partial,2024-10-11,Expedite only partly worked: supply arrived later than notified (13 vs 9 stockout days). Next time pad the supplier ETA and check alternates earlier.,"[""RMPO023099"", ""RMREV005917"", ""RMREV005918""]",209.48,1,
DEC00401,EVT00270,2024-09-06,supply_planner,accept_delay,"[{""option"": ""accept_delay"", ""est_cost"": 39800.0, ""est_stockout_days"": 199, ""risk"": ""medium"", ""feasible"": true}, {""option"": ""expedite"", ""est_cost"": 970.6, ""est_stockout_days"": 0, ""risk"": ""low"", ""feasible"": true}, {""option"": ""cancel_po"", ""est_cost"": 450.0, ""est_stockout_days"": 1, ""risk"": ""medium"", ""feasible"": true}, {""option"": ""reallocate_stock"", ""est_cost"": 763.97, ""est_stockout_days"": 0, ""risk"": ""low"", ""feasible"": true}]",wait for the next receipt on POL0025924,"Chose accept delay (est. cost 39,800, 199 stockout days, medium risk) over cancel po (450 / 1d) and reallocate stock (764 / 0d).",39800.0,199,39800.0,199,success,2024-10-13,Accept delay worked: actual 199 stockout days vs 199 planned.,"[""M00024644"", ""POL0025924""]",0.0,0,
DEC00402,EVT00269,2024-09-06,supply_planner,accept_delay,"[{""option"": ""accept_delay"", ""est_cost"": 2284.13, ""est_stockout_days"": 7, ""risk"": ""high"", ""feasible"": true}, {""option"": ""expedite"", ""est_cost"": 2788.07, ""est_stockout_days"": 4, ""risk"": ""low"", ""feasible"": true}]",accept the revised ETA on RMPO023392 and cover gaps with spot buys,"Chose accept delay (est. cost 2,284, 7 stockout days, high risk) over expedite (2,788 / 4d); plan assumed supplier ETA 2024-09-20.",2284.13,7,4568.26,14,failed,2024-10-17,Accept delay failed: supply arrived later than notified (14 vs 7 stockout days). Next time pad the supplier ETA and check alternates earlier.,"[""RMPO023392"", ""RMREV005940""]",0.0,1,lowest-cost estimate at decision time; realised supply worse than notified
DEC00403,EVT00271,2024-09-11,supply_planner,accept_delay,"[{""option"": ""accept_delay"", ""est_cost"": 439.93, ""est_stockout_days"": 2, ""risk"": ""medium"", ""feasible"": true}, {""option"": ""expedite"", ""est_cost"": 879.86, ""est_stockout_days"": 0, ""risk"": ""low"", ""feasible"": true}, {""option"": ""cancel_po"", ""est_cost"": 469.96, ""est_stockout_days"": 1, ""risk"": ""medium"", ""feasible"": true}, {""option"": ""reallocate_stock"", ""est_cost"": 729.95, ""est_stockout_days"": 0, ""risk"": ""low"", ""feasible"": true}]",ship available stock and backorder the balance,"Chose accept delay (est. cost 440, 2 stockout days, medium risk) over cancel po (470 / 1d) and reallocate stock (730 / 0d).",439.93,2,1099.83,1,partial,2024-10-04,Accept delay only partly worked: supply arrived later than notified (1 vs 2 stockout days). Next time pad the supplier ETA and check alternates earlier.,"[""M00089752"", ""M00128578""]",0.0,0,
DEC00404,EVT00223,2024-09-16,category_manager,substitute_rm,"[{""option"": ""substitute_rm"", ""est_cost"": 8000.0, ""est_stockout_days"": 0, ""risk"": ""medium"", ""feasible"": true}, {""option"": ""switch_supplier"", ""est_cost"": 7200.0, ""est_stockout_days"": 1, ""risk"": ""medium"", ""feasible"": true}, {""option"": ""accept_delay"", ""est_cost"": 12000.0, ""est_stockout_days"": 5, ""risk"": ""high"", ""feasible"": true}]",qualify Shrink Film 60um (RM0003) to replace RM0009 in IP02007 from 2024-10-08,"Chose substitute rm (est. cost 8,000, 0 stockout days, medium risk) over switch supplier (7,200 / 1d) and accept delay (12,000 / 5d).",8000.0,0,8000.0,0,success,2025-04-08,Substitute rm worked: actual 0 stockout days vs 0 planned.,"[""BOM008019"", ""BOM008020"", ""BOM008021"", ""BOM008022"", ""BOM008023"", ""BOM008024""]",8000.0,0,
DEC00405,EVT00273,2024-09-19,buyer,expedite,"[{""option"": ""accept_delay"", ""est_cost"": 5356.25, ""est_stockout_days"": 14, ""risk"": ""high"", ""feasible"": true}, {""option"": ""expedite"", ""est_cost"": 4246.2, ""est_stockout_days"": 10, ""risk"": ""high"", ""feasible"": true}, {""option"": ""switch_supplier"", ""est_cost"": 4337.94, ""est_stockout_days"": 8, ""risk"": ""medium"", ""feasible"": true}]",expedite RMPO022564 with Supplier 228 (SUP0228),"Chose expedite (est. cost 4,246, 10 stockout days, high risk) over switch supplier (4,338 / 8d) and accept delay (5,356 / 14d); plan assumed supplier ETA 2024-10-16.",4246.2,10,4705.31,12,success,2024-10-27,Expedite worked: actual 12 stockout days vs 10 planned.,"[""RMPO022564"", ""RMREV006023"", ""RMREV006024""]",114.23,0,
DEC00406,EVT00274,2024-09-23,buyer,expedite,"[{""option"": ""accept_delay"", ""est_cost"": 2168.41, ""est_stockout_days"": 19, ""risk"": ""high"", ""feasible"": true}, {""option"": ""expedite"", ""est_cost"": 1742.34, ""est_stockout_days"": 12, ""risk"": ""low"", ""feasible"": true}, {""option"": ""substitute_rm"", ""est_cost"": 8000.0, ""est_stockout_days"": 0, ""risk"": ""medium"", ""feasible"": false}]",expedite RMPO023937 with Supplier 185 (SUP0185),"Chose expedite (est. cost 1,742, 12 stockout days, low risk) over accept delay (2,168 / 19d); substitute rm could not land in time; plan assumed supplier ETA 2024-10-24.",1742.34,12,1696.69,13,success,2024-11-03,Expedite worked: actual 13 stockout days vs 12 planned.,"[""RMPO023937"", ""RMREV006053"", ""RMREV006054""]",213.04,1,expedite into P05 (premium lane)
DEC00407,EVT00276,2024-09-27,supply_planner,expedite,"[{""option"": ""accept_delay"", ""est_cost"": 2055.34, ""est_stockout_days"": 17, ""risk"": ""high"", ""feasible"": true}, {""option"": ""expedite"", ""est_cost"": 1684.43, ""est_stockout_days"": 12, ""risk"": ""low"", ""feasible"": true}]",expedite RMPO022320 with Supplier 138 (SUP0138),"Chose expedite (est. cost 1,684, 12 stockout days, low risk) over accept delay (2,055 / 17d); plan assumed supplier ETA 2024-10-25.",1684.43,12,1684.44,13,success,2024-11-03,Expedite worked: actual 13 stockout days vs 12 planned.,"[""RMPO022320"", ""RMREV006084"", ""RMREV006085""]",112.71,1,
DEC00408,EVT00275,2024-09-27,supply_chain_director,expedite,"[{""option"": ""accept_delay"", ""est_cost"": 96.68, ""est_stockout_days"": 4, ""risk"": ""high"", ""feasible"": true}, {""option"": ""expedite"", ""est_cost"": 33.56, ""est_stockout_days"": 0, ""risk"": ""low"", ""feasible"": true}, {""option"": ""switch_supplier"", ""est_cost"": 1303.96, ""est_stockout_days"": 4, ""risk"": ""medium"", ""feasible"": false}]",expedite RMPO023696 with Supplier 241 (SUP0241),"Chose expedite (est. cost 34, 0 stockout days, low risk) over accept delay (97 / 4d); switch supplier could not land in time; plan assumed supplier ETA 2024-10-08.",33.56,0,231.74,9,failed,2024-11-03,Expedite failed: supply arrived later than notified (9 vs 0 stockout days). Next time pad the supplier ETA and check alternates earlier.,"[""RMPO023696"", ""RMREV006091"", ""RMREV006092""]",14.22,1,lowest-cost estimate at decision time; realised supply worse than notified
DEC00409,EVT00277,2024-09-28,category_manager,switch_supplier,"[{""option"": ""accept_delay"", ""est_cost"": 6860.85, ""est_stockout_days"": 17, ""risk"": ""high"", ""feasible"": true}, {""option"": ""expedite"", ""est_cost"": 4656.34, ""est_stockout_days"": 10, ""risk"": ""low"", ""feasible"": true}, {""option"": ""switch_supplier"", ""est_cost"": 2410.74, ""est_stockout_days"": 3, ""risk"": ""medium"", ""feasible"": true}]",place RMPO024200 with the alternate source and cancel RMPO022482,"Chose switch supplier (est. cost 2,411, 3 stockout days, medium risk) over expedite (4,656 / 10d) and accept delay (6,861 / 17d); plan assumed supplier ETA 2024-10-22.",2410.74,3,5932.88,11,failed,2024-11-06,Switch supplier failed: the alternate source also shipped late. Next time pad the supplier ETA and check alternates earlier.,"[""RMPO022482"", ""RMREV006101"", ""RMPO024200"", ""RMPOL0024494""]",1200.0,1,lowest-cost estimate at decision time; realised supply worse than notified
DEC00410,EVT00282,2024-10-05,supply_planner,expedite,"[{""option"": ""accept_delay"", ""est_cost"": 215.89, ""est_stockout_days"": 4, ""risk"": ""medium"", ""feasible"": true}, {""option"": ""expedite"", ""est_cost"": 99.96, ""est_stockout_days"": 0, ""risk"": ""high"", ""feasible"": true}, {""option"": ""switch_supplier"", ""est_cost"": 1418.96, ""est_stockout_days"": 4, ""risk"": ""medium"", ""feasible"": false}]",expedite RMPO022589 with Supplier 033 (SUP0033),"Chose expedite (est. cost 100, 0 stockout days, high risk) over accept delay (216 / 4d); switch supplier could not land in time; plan assumed supplier ETA 2024-10-15.",99.96,0,542.53,9,failed,2024-11-12,Expedite failed: Nov-Dec ETA notices from Supplier 033 (SUP0033) understated the slip; the first revised date was optimistic; premium freight into P05 costs about twice the network average. Next time pad the supplier ETA and check alternates earlier.,"[""RMPO022589"", ""RMREV006174"", ""RMREV006175""]",56.78,1,Q4 peak season; expedite into P05 (premium lane); lowest-cost estimate at decision time; realised supply worse than notified
DEC00411,EVT00284,2024-10-11,category_manager,expedite,"[{""option"": ""accept_delay"", ""est_cost"": 1380.45, ""est_stockout_days"": 5, ""risk"": ""high"", ""feasible"": true}, {""option"": ""expedite"", ""est_cost"": 830.67, ""est_stockout_days"": 1, ""risk"": ""high"", ""feasible"": true}, {""option"": ""switch_supplier"", ""est_cost"": 2580.45, ""est_stockout_days"": 5, ""risk"": ""medium"", ""feasible"": false}, {""option"": ""substitute_rm"", ""est_cost"": 8000.0, ""est_stockout_days"": 0, ""risk"": ""medium"", ""feasible"": false}]",expedite RMPO022861 with Supplier 011 (SUP0011),"Chose expedite (est. cost 831, 1 stockout days, high risk) over accept delay (1,380 / 5d); switch supplier, substitute rm could not land in time; plan assumed supplier ETA 2024-10-23.",830.67,1,3094.61,10,failed,2024-11-18,Expedite failed: Nov-Dec ETA notices from Supplier 011 (SUP0011) understated the slip; the first revised date was optimistic. Next time pad the supplier ETA and check alternates earlier.,"[""RMPO022861"", ""RMREV006236"", ""RMREV006237""]",333.71,1,Q4 peak season; lowest-cost estimate at decision time; realised supply worse than notified
DEC00412,EVT00285,2024-10-12,category_manager,expedite,"[{""option"": ""accept_delay"", ""est_cost"": 3473.25, ""est_stockout_days"": 13, ""risk"": ""high"", ""feasible"": true}, {""option"": ""expedite"", ""est_cost"": 2448.72, ""est_stockout_days"": 7, ""risk"": ""high"", ""feasible"": true}, {""option"": ""substitute_rm"", ""est_cost"": 8000.0, ""est_stockout_days"": 0, ""risk"": ""medium"", ""feasible"": false}]",expedite RMPO023928 with Supplier 202 (SUP0202),"Chose expedite (est. cost 2,449, 7 stockout days, high risk) over accept delay (3,473 / 13d); substitute rm could not land in time; plan assumed supplier ETA 2024-11-01.",2448.72,7,2662.46,9,success,2024-11-19,Expedite worked: actual 9 stockout days vs 7 planned. Worked even in Q4 because the supplier's first revised ETA held.,"[""RMPO023928"", ""RMREV006251"", ""RMREV006252""]",257.9,1,Q4 peak season
DEC00413,EVT00275,2024-10-16,supply_planner,expedite,"[{""option"": ""accept_delay"", ""est_cost"": 184.22, ""est_stockout_days"": 6, ""risk"": ""high"", ""feasible"": true}, {""option"": ""expedite"", ""est_cost"": 90.32, ""est_stockout_days"": 1, ""risk"": ""high"", ""feasible"": true}, {""option"": ""switch_supplier"", ""est_cost"": 1392.31, ""est_stockout_days"": 6, ""risk"": ""medium"", ""feasible"": false}]",expedite RMPO024487 with Supplier 241 (SUP0241),"Chose expedite (est. cost 90, 1 stockout days, high risk) over accept delay (184 / 6d); switch supplier could not land in time; plan assumed supplier ETA 2024-10-31.",90.32,1,366.65,11,failed,2024-11-26,Expedite failed: Nov-Dec ETA notices from Supplier 241 (SUP0241) understated the slip; the first revised date was optimistic. Next time pad the supplier ETA and check alternates earlier.,"[""RMPO024487"", ""RMREV006288"", ""RMREV006289""]",28.92,1,Q4 peak season; lowest-cost estimate at decision time; realised supply worse than notified
DEC00414,EVT00274,2024-10-16,plant_scheduler,accept_delay,"[{""option"": ""accept_delay"", ""est_cost"": 0.0, ""est_stockout_days"": 0, ""risk"": ""medium"", ""feasible"": true}, {""option"": ""expedite"", ""est_cost"": 115.88, ""est_stockout_days"": 0, ""risk"": ""high"", ""feasible"": true}, {""option"": ""substitute_rm"", ""est_cost"": 8000.0, ""est_stockout_days"": 0, ""risk"": ""medium"", ""feasible"": false}]",accept the revised ETA on RMPO024792 and cover gaps with spot buys,"Chose accept delay (est. cost 0, 0 stockout days, medium risk) over expedite (116 / 0d); substitute rm could not land in time; plan assumed supplier ETA 2024-10-26.",0.0,0,232.66,2,success,2024-11-25,Accept delay worked: actual 2 stockout days vs 0 planned. Worked even in Q4 because the supplier's first revised ETA held.,"[""RMPO024792"", ""RMREV006291""]",0.0,0,Q4 peak season
DEC00415,EVT00283,2024-10-22,category_manager,substitute_rm,"[{""option"": ""substitute_rm"", ""est_cost"": 8000.0, ""est_stockout_days"": 0, ""risk"": ""medium"", ""feasible"": true}, {""option"": ""switch_supplier"", ""est_cost"": 7200.0, ""est_stockout_days"": 1, ""risk"": ""medium"", ""feasible"": true}, {""option"": ""accept_delay"", ""est_cost"": 12000.0, ""est_stockout_days"": 5, ""risk"": ""high"", ""feasible"": true}]",qualify EPDM Compound (RM0100) to replace RM0101 in IP02071 from 2024-11-22,"Chose substitute rm (est. cost 8,000, 0 stockout days, medium risk) over switch supplier (7,200 / 1d) and accept delay (12,000 / 5d).",8000.0,0,17000.0,6,failed,2025-05-23,Substitute rm failed: supply arrived later than notified (6 vs 0 stockout days). Next time pad the supplier ETA and check alternates earlier.,"[""BOM008298"", ""BOM008299"", ""BOM008300"", ""BOM008301"", ""BOM008302"", ""BOM008303"", ""BOM008304""]",8000.0,1,Q4 peak season; lowest-cost estimate at decision time; realised supply worse than notified
DEC00416,EVT00286,2024-10-23,buyer,expedite,"[{""option"": ""accept_delay"", ""est_cost"": 82.03, ""est_stockout_days"": 1, ""risk"": ""medium"", ""feasible"": true}, {""option"": ""expedite"", ""est_cost"": 72.79, ""est_stockout_days"": 0, ""risk"": ""high"", ""feasible"": true}, {""option"": ""substitute_rm"", ""est_cost"": 8000.0, ""est_stockout_days"": 0, ""risk"": ""medium"", ""feasible"": false}]",expedite RMPO025064 with Supplier 185 (SUP0185),"Chose expedite (est. cost 73, 0 stockout days, high risk) over accept delay (82 / 1d); substitute rm could not land in time; plan assumed supplier ETA 2024-11-02.",72.79,0,384.49,4,partial,2024-12-01,Expedite only partly worked: Nov-Dec ETA notices from Supplier 185 (SUP0185) understated the slip; the first revised date was optimistic. Next time pad the supplier ETA and check alternates earlier.,"[""RMPO025064"", ""RMREV006366"", ""RMREV006367""]",56.38,1,Q4 peak season
DEC00417,EVT00281,2024-10-25,buyer,cancel_po,"[{""option"": ""accept_delay"", ""est_cost"": 3894.49, ""est_stockout_days"": 2, ""risk"": ""medium"", ""feasible"": true}, {""option"": ""expedite"", ""est_cost"": 15577.95, ""est_stockout_days"": 0, ""risk"": ""low"", ""feasible"": true}, {""option"": ""cancel_po"", ""est_cost"": 250.0, ""est_stockout_days"": 0, ""risk"": ""low"", ""feasible"": true}, {""option"": ""reallocate_stock"", ""est_cost"": 6241.73, ""est_stockout_days"": 0, ""risk"": ""low"", ""feasible"": true}]",cancel PO004524 and re-plan from stock,"Chose cancel po (est. cost 250, 0 stockout days, low risk) over accept delay (3,894 / 2d) and reallocate stock (6,242 / 0d).",250.0,0,250.0,0,success,2024-12-06,Cancel po worked: actual 0 stockout days vs 0 planned. Worked even in Q4 because the supplier's first revised ETA held.,"[""PO004524"", ""POL0013493"", ""POL0013494"", ""POL0013495""]",250.0,0,Q4 peak season
DEC00418,EVT00287,2024-10-25,supply_planner,expedite,"[{""option"": ""accept_delay"", ""est_cost"": 150.4, ""est_stockout_days"": 9, ""risk"": ""high"", ""feasible"": true}, {""option"": ""expedite"", ""est_cost"": 130.35, ""est_stockout_days"": 5, ""risk"": ""high"", ""feasible"": true}, {""option"": ""switch_supplier"", ""est_cost"": 1272.89, ""est_stockout_days"": 4, ""risk"": ""high"", ""feasible"": true}]",expedite RMPO023102 with Supplier 118 (SUP0118),"Chose expedite (est. cost 130, 5 stockout days, high risk) over accept delay (150 / 9d) and switch supplier (1,273 / 4d); plan assumed supplier ETA 2024-11-10.",130.35,5,83.56,3,success,2024-12-04,Expedite worked: actual 3 stockout days vs 5 planned. Worked even in Q4 because the supplier's first revised ETA held.,"[""RMPO023102"", ""RMREV006377"", ""RMREV006378""]",33.42,1,Q4 peak season; supplier with year-end capacity history
DEC00419,EVT00287,2024-10-25,category_manager,expedite,"[{""option"": ""accept_delay"", ""est_cost"": 146.21, ""est_stockout_days"": 3, ""risk"": ""high"", ""feasible"": true}, {""option"": ""expedite"", ""est_cost"": 63.81, ""est_stockout_days"": 0, ""risk"": ""high"", ""feasible"": true}, {""option"": ""switch_supplier"", ""est_cost"": 1210.02, ""est_stockout_days"": 0, ""risk"": ""high"", ""feasible"": true}]",expedite RMPO023214 with Supplier 118 (SUP0118),"Chose expedite (est. cost 64, 0 stockout days, high risk) over accept delay (146 / 3d) and switch supplier (1,210 / 0d); plan assumed supplier ETA 2024-11-08.",63.81,0,424.47,8,failed,2024-12-02,Expedite failed: Nov-Dec ETA notices from Supplier 118 (SUP0118) understated the slip; the first revised date was optimistic. Next time pad the supplier ETA and check alternates earlier.,"[""RMPO023214"", ""RMREV006380"", ""RMREV006381""]",34.57,1,Q4 peak season; root cause peak_season_capacity; supplier with year-end capacity history; lowest-cost estimate at decision time; realised supply worse than notified
DEC00420,EVT00289,2024-10-26,supply_planner,expedite,"[{""option"": ""accept_delay"", ""est_cost"": 92.11, ""est_stockout_days"": 4, ""risk"": ""medium"", ""feasible"": true}, {""option"": ""expedite"", ""est_cost"": 38.83, ""est_stockout_days"": 0, ""risk"": ""high"", ""feasible"": true}, {""option"": ""switch_supplier"", ""est_cost"": 1302.53, ""est_stockout_days"": 4, ""risk"": ""medium"", ""feasible"": false}]",expedite RMPO023539 with Supplier 136 (SUP0136),"Chose expedite (est. cost 39, 0 stockout days, high risk) over accept delay (92 / 4d); switch supplier could not land in time; plan assumed supplier ETA 2024-11-05.",38.83,0,273.71,11,failed,2024-12-03,Expedite failed: Nov-Dec ETA notices from Supplier 136 (SUP0136) understated the slip; the first revised date was optimistic. Next time pad the supplier ETA and check alternates earlier.,"[""RMPO023539"", ""RMREV006395"", ""RMREV006396""]",20.41,1,Q4 peak season; lowest-cost estimate at decision time; realised supply worse than notified
DEC00421,EVT00286,2024-10-27,supply_planner,accept_delay,"[{""option"": ""accept_delay"", ""est_cost"": 58.02, ""est_stockout_days"": 1, ""risk"": ""medium"", ""feasible"": true}, {""option"": ""expedite"", ""est_cost"": 136.07, ""est_stockout_days"": 0, ""risk"": ""high"", ""feasible"": true}, {""option"": ""substitute_rm"", ""est_cost"": 8000.0, ""est_stockout_days"": 0, ""risk"": ""medium"", ""feasible"": false}]",accept the revised ETA on RMPO025068 and cover gaps with spot buys,"Chose accept delay (est. cost 58, 1 stockout days, medium risk) over expedite (136 / 0d); substitute rm could not land in time; plan assumed supplier ETA 2024-11-03.",58.02,1,174.06,3,success,2024-12-05,Accept delay worked: actual 3 stockout days vs 1 planned. Worked even in Q4 because the supplier's first revised ETA held.,"[""RMPO025068"", ""RMREV006413""]",0.0,0,Q4 peak season
DEC00422,EVT00284,2024-10-27,category_manager,substitute_rm,"[{""option"": ""substitute_rm"", ""est_cost"": 8000.0, ""est_stockout_days"": 0, ""risk"": ""medium"", ""feasible"": true}, {""option"": ""switch_supplier"", ""est_cost"": 7200.0, ""est_stockout_days"": 1, ""risk"": ""medium"", ""feasible"": true}, {""option"": ""accept_delay"", ""est_cost"": 12000.0, ""est_stockout_days"": 5, ""risk"": ""high"", ""feasible"": true}]",qualify Shrink Film 60um (RM0003) to replace RM0009 in IP02187 from 2024-11-27,"Chose substitute rm (est. cost 8,000, 0 stockout days, medium risk) over switch supplier (7,200 / 1d) and accept delay (12,000 / 5d).",8000.0,0,9500.0,1,success,2025-05-30,Substitute rm worked: actual 1 stockout days vs 0 planned. Worked even in Q4 because the supplier's first revised ETA held.,"[""BOM008790"", ""BOM008791"", ""BOM008792"", ""BOM008793""]",8000.0,0,Q4 peak season
DEC00423,EVT00287,2024-10-29,plant_scheduler,expedite,"[{""option"": ""accept_delay"", ""est_cost"": 113.16, ""est_stockout_days"": 6, ""risk"": ""high"", ""feasible"": true}, {""option"": ""expedite"", ""est_cost"": 70.43, ""est_stockout_days"": 2, ""risk"": ""high"", ""feasible"": true}, {""option"": ""switch_supplier"", ""est_cost"": 1204.84, ""est_stockout_days"": 0, ""risk"": ""high"", ""feasible"": true}]",expedite RMPO023400 with Supplier 118 (SUP0118),"Chose expedite (est. cost 70, 2 stockout days, high risk) over accept delay (113 / 6d) and switch supplier (1,205 / 0d); plan assumed supplier ETA 2024-11-16.",70.43,2,243.94,12,failed,2024-12-06,Expedite failed: Nov-Dec ETA notices from Supplier 118 (SUP0118) understated the slip; the first revised date was optimistic. Next time pad the supplier ETA and check alternates earlier.,"[""RMPO023400"", ""RMREV006426"", ""RMREV006427""]",17.62,1,Q4 peak season; root cause peak_season_capacity; supplier with year-end capacity history; lowest-cost estimate at decision time; realised supply worse than notified
DEC00424,EVT00286,2024-11-01,plant_scheduler,expedite,"[{""option"": ""accept_delay"", ""est_cost"": 542.06, ""est_stockout_days"": 3, ""risk"": ""medium"", ""feasible"": true}, {""option"": ""expedite"", ""est_cost"": 452.58, ""est_stockout_days"": 0, ""risk"": ""high"", ""feasible"": true}, {""option"": ""substitute_rm"", ""est_cost"": 8000.0, ""est_stockout_days"": 0, ""risk"": ""medium"", ""feasible"": false}]",expedite RMPO025351 with Supplier 185 (SUP0185),"Chose expedite (est. cost 453, 0 stockout days, high risk) over accept delay (542 / 3d); substitute rm could not land in time; plan assumed supplier ETA 2024-11-11.",452.58,0,1789.65,8,failed,2024-12-09,Expedite failed: Nov-Dec ETA notices from Supplier 185 (SUP0185) understated the slip; the first revised date was optimistic. Next time pad the supplier ETA and check alternates earlier.,"[""RMPO025351"", ""RMREV006491"", ""RMREV006492"", ""RMREV006500""]",344.17,1,Q4 peak season; lowest-cost estimate at decision time; realised supply worse than notified
DEC00425,EVT00290,2024-11-04,supply_planner,expedite,"[{""option"": ""accept_delay"", ""est_cost"": 8091.1, ""est_stockout_days"": 5, ""risk"": ""high"", ""feasible"": true}, {""option"": ""expedite"", ""est_cost"": 2710.02, ""est_stockout_days"": 0, ""risk"": ""high"", ""feasible"": true}, {""option"": ""switch_supplier"", ""est_cost"": 9468.7, ""est_stockout_days"": 5, ""risk"": ""medium"", ""feasible"": false}, {""option"": ""substitute_rm"", ""est_cost"": 8000.0, ""est_stockout_days"": 0, ""risk"": ""medium"", ""feasible"": false}]",expedite RMPO024850 with Supplier 055 (SUP0055),"Chose expedite (est. cost 2,710, 0 stockout days, high risk) over accept delay (8,091 / 5d); switch supplier, substitute rm could not land in time; plan assumed supplier ETA 2024-11-16.",2710.02,0,22187.3,13,failed,2024-12-13,Expedite failed: Nov-Dec ETA notices from Supplier 055 (SUP0055) understated the slip; the first revised date was optimistic. Next time pad the supplier ETA and check alternates earlier.,"[""RMPO024850"", ""RMREV006521"", ""RMREV006522""]",1091.8,1,Q4 peak season; lowest-cost estimate at decision time; realised supply worse than notified
DEC00426,EVT00291,2024-11-05,category_manager,expedite,"[{""option"": ""accept_delay"", ""est_cost"": 1104.77, ""est_stockout_days"": 16, ""risk"": ""high"", ""feasible"": true}, {""option"": ""expedite"", ""est_cost"": 767.12, ""est_stockout_days"": 8, ""risk"": ""high"", ""feasible"": true}, {""option"": ""switch_supplier"", ""est_cost"": 1231.66, ""est_stockout_days"": 0, ""risk"": ""high"", ""feasible"": true}]",expedite RMPO023402 with Supplier 118 (SUP0118),"Chose expedite (est. cost 767, 8 stockout days, high risk) over accept delay (1,105 / 16d) and switch supplier (1,232 / 0d); plan assumed supplier ETA 2024-11-29.",767.12,8,725.69,9,success,2024-12-16,Expedite worked: actual 9 stockout days vs 8 planned. Worked even in Q4 because the supplier's first revised ETA held.,"[""RMPO023402"", ""RMREV006528"", ""RMREV006529""]",104.26,1,Q4 peak season; root cause peak_season_capacity; supplier with year-end capacity history; expedite into P05 (premium lane)
DEC00427,EVT00287,2024-11-08,category_manager,accept_delay,"[{""option"": ""accept_delay"", ""est_cost"": 0.0, ""est_stockout_days"": 0, ""risk"": ""medium"", ""feasible"": true}, {""option"": ""switch_supplier"", ""est_cost"": 1206.77, ""est_stockout_days"": 0, ""risk"": ""high"", ""feasible"": false}]",accept the revised ETA on RMPO022428 and cover gaps with spot buys,"Chose accept delay (est. cost 0, 0 stockout days, medium risk); switch supplier could not land in time; plan assumed supplier ETA 2024-11-05.",0.0,0,59.23,4,partial,2024-12-17,Accept delay only partly worked: Nov-Dec ETA notices from Supplier 118 (SUP0118) understated the slip; the first revised date was optimistic. Next time pad the supplier ETA and check alternates earlier.,"[""RMPO022428"", ""RMREV006570""]",0.0,1,Q4 peak season; supplier with year-end capacity history
DEC00428,EVT00291,2024-11-09,category_manager,accept_delay,"[{""option"": ""accept_delay"", ""est_cost"": 0.0, ""est_stockout_days"": 0, ""risk"": ""medium"", ""feasible"": true}, {""option"": ""switch_supplier"", ""est_cost"": 1245.63, ""est_stockout_days"": 0, ""risk"": ""high"", ""feasible"": false}]",accept the revised ETA on RMPO022429 and cover gaps with spot buys,"Chose accept delay (est. cost 0, 0 stockout days, medium risk); switch supplier could not land in time; plan assumed supplier ETA 2024-11-07.",0.0,0,379.83,5,partial,2024-12-18,Accept delay only partly worked: Nov-Dec ETA notices from Supplier 118 (SUP0118) understated the slip; the first revised date was optimistic. Next time pad the supplier ETA and check alternates earlier.,"[""RMPO022429"", ""RMREV006585""]",0.0,1,Q4 peak season; supplier with year-end capacity history
DEC00429,EVT00292,2024-11-10,buyer,expedite,"[{""option"": ""accept_delay"", ""est_cost"": 8213.1, ""est_stockout_days"": 6, ""risk"": ""high"", ""feasible"": true}, {""option"": ""expedite"", ""est_cost"": 2638.93, ""est_stockout_days"": 0, ""risk"": ""high"", ""feasible"": true}, {""option"": ""switch_supplier"", ""est_cost"": 10066.83, ""est_stockout_days"": 6, ""risk"": ""medium"", ""feasible"": false}, {""option"": ""substitute_rm"", ""est_cost"": 8000.0, ""est_stockout_days"": 0, ""risk"": ""medium"", ""feasible"": false}]",expedite RMPO023920 with Supplier 010 (SUP0010),"Chose expedite (est. cost 2,639, 0 stockout days, high risk) over accept delay (8,213 / 6d); switch supplier, substitute rm could not land in time; plan assumed supplier ETA 2024-11-21.",2638.93,0,20160.2,14,failed,2024-12-21,Expedite failed: Nov-Dec ETA notices from Supplier 010 (SUP0010) understated the slip; the first revised date was optimistic. Next time pad the supplier ETA and check alternates earlier.,"[""RMPO023920"", ""RMREV006605"", ""RMREV006606""]",996.31,1,Q4 peak season; lowest-cost estimate at decision time; realised supply worse than notified
DEC00430,EVT00286,2024-11-10,buyer,expedite,"[{""option"": ""accept_delay"", ""est_cost"": 456.51, ""est_stockout_days"": 4, ""risk"": ""high"", ""feasible"": true}, {""option"": ""expedite"", ""est_cost"": 286.7, ""est_stockout_days"": 0, ""risk"": ""high"", ""feasible"": true}, {""option"": ""substitute_rm"", ""est_cost"": 8000.0, ""est_stockout_days"": 0, ""risk"": ""medium"", ""feasible"": false}]",expedite RMPO025892 with Supplier 185 (SUP0185),"Chose expedite (est. cost 287, 0 stockout days, high risk) over accept delay (457 / 4d); substitute rm could not land in time; plan assumed supplier ETA 2024-11-21.",286.7,0,1336.67,10,failed,2024-12-21,Expedite failed: Nov-Dec ETA notices from Supplier 185 (SUP0185) understated the slip; the first revised date was optimistic; premium freight into P05 costs about twice the network average. Next time pad the supplier ETA and check alternates earlier.,"[""RMPO025892"", ""RMREV006616"", ""RMREV006617""]",195.4,1,Q4 peak season; expedite into P05 (premium lane); lowest-cost estimate at decision time; realised supply worse than notified
DEC00431,EVT00293,2024-11-11,category_manager,accept_delay,"[{""option"": ""accept_delay"", ""est_cost"": 35.58, ""est_stockout_days"": 2, ""risk"": ""medium"", ""feasible"": true}, {""option"": ""expedite"", ""est_cost"": 54.64, ""est_stockout_days"": 0, ""risk"": ""high"", ""feasible"": true}, {""option"": ""switch_supplier"", ""est_cost"": 1235.58, ""est_stockout_days"": 2, ""risk"": ""high"", ""feasible"": false}, {""option"": ""substitute_rm"", ""est_cost"": 8000.0, ""est_stockout_days"": 0, ""risk"": ""medium"", ""feasible"": false}]",accept the revised ETA on RMPO023922 and cover gaps with spot buys,"Chose accept delay (est. cost 36, 2 stockout days, medium risk) over expedite (55 / 0d); switch supplier, substitute rm could not land in time; plan assumed supplier ETA 2024-11-18.",35.58,2,106.74,6,partial,2024-12-19,Accept delay only partly worked: Nov-Dec ETA notices from Supplier 118 (SUP0118) understated the slip; the first revised date was optimistic. Next time pad the supplier ETA and check alternates earlier.,"[""RMPO023922"", ""RMREV006620""]",0.0,1,Q4 peak season; root cause peak_season_capacity; supplier with year-end capacity history
DEC00432,EVT00293,2024-11-13,supply_chain_director,accept_delay,"[{""option"": ""accept_delay"", ""est_cost"": 92.76, ""est_stockout_days"": 2, ""risk"": ""high"", ""feasible"": true}, {""option"": ""expedite"", ""est_cost"": 113.67, ""est_stockout_days"": 0, ""risk"": ""high"", ""feasible"": true}, {""option"": ""switch_supplier"", ""est_cost"": 1292.76, ""est_stockout_days"": 2, ""risk"": ""high"", ""feasible"": false}, {""option"": ""substitute_rm"", ""est_cost"": 8000.0, ""est_stockout_days"": 0, ""risk"": ""medium"", ""feasible"": false}]",accept the revised ETA on RMPO023932 and cover gaps with spot buys,"Chose accept delay (est. cost 93, 2 stockout days, high risk) over expedite (114 / 0d); switch supplier, substitute rm could not land in time; plan assumed supplier ETA 2024-11-25.",92.76,2,231.9,5,partial,2024-12-25,Accept delay only partly worked: Nov-Dec ETA notices from Supplier 118 (SUP0118) understated the slip; the first revised date was optimistic. Next time pad the supplier ETA and check alternates earlier.,"[""RMPO023932"", ""RMREV006638""]",0.0,1,Q4 peak season; root cause peak_season_capacity; supplier with year-end capacity history
DEC00433,EVT00293,2024-11-14,supply_planner,accept_delay,"[{""option"": ""accept_delay"", ""est_cost"": 155.19, ""est_stockout_days"": 2, ""risk"": ""medium"", ""feasible"": true}, {""option"": ""expedite"", ""est_cost"": 236.24, ""est_stockout_days"": 0, ""risk"": ""high"", ""feasible"": true}, {""option"": ""switch_supplier"", ""est_cost"": 1355.19, ""est_stockout_days"": 2, ""risk"": ""high"", ""feasible"": false}, {""option"": ""substitute_rm"", ""est_cost"": 8155.19, ""est_stockout_days"": 2, ""risk"": ""medium"", ""feasible"": false}]",accept the revised ETA on RMPO023935 and cover gaps with spot buys,"Chose accept delay (est. cost 155, 2 stockout days, medium risk) over expedite (236 / 0d); switch supplier, substitute rm could not land in time; plan assumed supplier ETA 2024-11-24.",155.19,2,387.98,5,partial,2024-12-23,Accept delay only partly worked: Nov-Dec ETA notices from Supplier 118 (SUP0118) understated the slip; the first revised date was optimistic. Next time pad the supplier ETA and check alternates earlier.,"[""RMPO023935"", ""RMREV006648""]",0.0,1,Q4 peak season; root cause peak_season_capacity; supplier with year-end capacity history
DEC00434,EVT00293,2024-11-15,buyer,accept_delay,"[{""option"": ""accept_delay"", ""est_cost"": 46.37, ""est_stockout_days"": 2, ""risk"": ""high"", ""feasible"": true}, {""option"": ""expedite"", ""est_cost"": 131.86, ""est_stockout_days"": 0, ""risk"": ""high"", ""feasible"": true}, {""option"": ""switch_supplier"", ""est_cost"": 1246.37, ""est_stockout_days"": 2, ""risk"": ""high"", ""feasible"": false}, {""option"": ""substitute_rm"", ""est_cost"": 8000.0, ""est_stockout_days"": 0, ""risk"": ""medium"", ""feasible"": false}]",accept the revised ETA on RMPO024195 and cover gaps with spot buys,"Chose accept delay (est. cost 46, 2 stockout days, high risk) over expedite (132 / 0d); switch supplier, substitute rm could not land in time; plan assumed supplier ETA 2024-11-27.",46.37,2,162.3,7,partial,2024-12-27,Accept delay only partly worked: Nov-Dec ETA notices from Supplier 118 (SUP0118) understated the slip; the first revised date was optimistic. Next time pad the supplier ETA and check alternates earlier.,"[""RMPO024195"", ""RMREV006661""]",0.0,1,Q4 peak season; root cause peak_season_capacity; supplier with year-end capacity history
DEC00435,EVT00291,2024-11-16,supply_chain_director,accept_delay,"[{""option"": ""accept_delay"", ""est_cost"": 0.0, ""est_stockout_days"": 0, ""risk"": ""medium"", ""feasible"": true}, {""option"": ""expedite"", ""est_cost"": 77.89, ""est_stockout_days"": 0, ""risk"": ""high"", ""feasible"": true}, {""option"": ""switch_supplier"", ""est_cost"": 1245.63, ""est_stockout_days"": 0, ""risk"": ""high"", ""feasible"": true}]",accept the revised ETA on RMPO023789 and cover gaps with spot buys,"Chose accept delay (est. cost 0, 0 stockout days, medium risk) over expedite (78 / 0d) and switch supplier (1,246 / 0d); plan assumed supplier ETA 2024-11-26.",0.0,0,528.88,5,partial,2024-12-26,Accept delay only partly worked: Nov-Dec ETA notices from Supplier 118 (SUP0118) understated the slip; the first revised date was optimistic. Next time pad the supplier ETA and check alternates earlier.,"[""RMPO023789"", ""RMREV006673"", ""RMREV006683""]",0.0,0,Q4 peak season; root cause peak_season_capacity; supplier with year-end capacity history
DEC00436,EVT00294,2024-11-19,plant_scheduler,expedite,"[{""option"": ""accept_delay"", ""est_cost"": 690.69, ""est_stockout_days"": 1, ""risk"": ""high"", ""feasible"": true}, {""option"": ""expedite"", ""est_cost"": 458.44, ""est_stockout_days"": 0, ""risk"": ""high"", ""feasible"": true}, {""option"": ""switch_supplier"", ""est_cost"": 1959.36, ""est_stockout_days"": 1, ""risk"": ""high"", ""feasible"": false}]",expedite RMPO025043 with Supplier 229 (SUP0229),"Chose expedite (est. cost 458, 0 stockout days, high risk) over accept delay (691 / 1d); switch supplier could not land in time; plan assumed supplier ETA 2024-12-03.",458.44,0,4464.45,6,failed,2024-12-26,Expedite failed: Nov-Dec ETA notices from Supplier 229 (SUP0229) understated the slip; the first revised date was optimistic. Next time pad the supplier ETA and check alternates earlier.,"[""RMPO025043"", ""RMREV006713"", ""RMREV006714""]",320.3,1,Q4 peak season; lowest-cost estimate at decision time; realised supply worse than notified
DEC00437,EVT00190,2024-11-21,category_manager,substitute_rm,"[{""option"": ""substitute_rm"", ""est_cost"": 8000.0, ""est_stockout_days"": 0, ""risk"": ""medium"", ""feasible"": true}, {""option"": ""switch_supplier"", ""est_cost"": 7200.0, ""est_stockout_days"": 1, ""risk"": ""medium"", ""feasible"": true}, {""option"": ""accept_delay"", ""est_cost"": 12000.0, ""est_stockout_days"": 5, ""risk"": ""high"", ""feasible"": true}]",qualify CR Steel Coil 1.2mm G2 (RM0113) to replace RM0110 in IP02366 from 2024-12-15,"Chose substitute rm (est. cost 8,000, 0 stockout days, medium risk) over switch supplier (7,200 / 1d) and accept delay (12,000 / 5d).",8000.0,0,8000.0,0,success,2025-06-16,Substitute rm worked: actual 0 stockout days vs 0 planned. Worked even in Q4 because the supplier's first revised ETA held.,"[""BOM009609"", ""BOM009610"", ""BOM009611"", ""BOM009612""]",8000.0,0,Q4 peak season
DEC00438,EVT00293,2024-11-23,category_manager,expedite,"[{""option"": ""accept_delay"", ""est_cost"": 116.84, ""est_stockout_days"": 2, ""risk"": ""medium"", ""feasible"": true}, {""option"": ""expedite"", ""est_cost"": 40.14, ""est_stockout_days"": 0, ""risk"": ""high"", ""feasible"": true}, {""option"": ""switch_supplier"", ""est_cost"": 1316.84, ""est_stockout_days"": 2, ""risk"": ""high"", ""feasible"": false}, {""option"": ""substitute_rm"", ""est_cost"": 8000.0, ""est_stockout_days"": 0, ""risk"": ""medium"", ""feasible"": false}]",expedite RMPO024059 with Supplier 118 (SUP0118),"Chose expedite (est. cost 40, 0 stockout days, high risk) over accept delay (117 / 2d); switch supplier, substitute rm could not land in time; plan assumed supplier ETA 2024-12-02.",40.14,0,659.38,11,failed,2024-12-31,Expedite failed: Nov-Dec ETA notices from Supplier 118 (SUP0118) understated the slip; the first revised date was optimistic. Next time pad the supplier ETA and check alternates earlier.,"[""RMPO024059"", ""RMREV006767"", ""RMREV006768""]",16.77,1,Q4 peak season; root cause peak_season_capacity; supplier with year-end capacity history; lowest-cost estimate at decision time; realised supply worse than notified
DEC00439,EVT00295,2024-11-25,buyer,expedite,"[{""option"": ""accept_delay"", ""est_cost"": 867.39, ""est_stockout_days"": 6, ""risk"": ""high"", ""feasible"": true}, {""option"": ""expedite"", ""est_cost"": 642.33, ""est_stockout_days"": 3, ""risk"": ""high"", ""feasible"": true}]",expedite RMPO024650 with Supplier 138 (SUP0138),"Chose expedite (est. cost 642, 3 stockout days, high risk) over accept delay (867 / 6d); plan assumed supplier ETA 2024-12-12.",642.33,3,2001.24,13,failed,2025-01-02,Expedite failed: Nov-Dec ETA notices from Supplier 138 (SUP0138) understated the slip; the first revised date was optimistic. Next time pad the supplier ETA and check alternates earlier.,"[""RMPO024650"", ""RMREV006810"", ""RMREV006811""]",121.9,1,Q4 peak season; lowest-cost estimate at decision time; realised supply worse than notified
DEC00440,EVT00296,2024-11-25,supply_chain_director,expedite,"[{""option"": ""accept_delay"", ""est_cost"": 1163.29, ""est_stockout_days"": 10, ""risk"": ""high"", ""feasible"": true}, {""option"": ""expedite"", ""est_cost"": 542.25, ""est_stockout_days"": 2, ""risk"": ""high"", ""feasible"": true}, {""option"": ""substitute_rm"", ""est_cost"": 8000.0, ""est_stockout_days"": 0, ""risk"": ""medium"", ""feasible"": false}]",expedite RMPO026426 with Supplier 185 (SUP0185),"Chose expedite (est. cost 542, 2 stockout days, high risk) over accept delay (1,163 / 10d); substitute rm could not land in time; plan assumed supplier ETA 2024-12-13.",542.25,2,705.11,5,partial,2025-01-06,Expedite only partly worked: Nov-Dec ETA notices from Supplier 185 (SUP0185) understated the slip; the first revised date was optimistic. Next time pad the supplier ETA and check alternates earlier.,"[""RMPO026426"", ""RMREV006825"", ""RMREV006826""]",123.46,1,Q4 peak season
DEC00441,EVT00297,2024-11-28,buyer,accept_delay,"[{""option"": ""accept_delay"", ""est_cost"": 0.0, ""est_stockout_days"": 0, ""risk"": ""medium"", ""feasible"": true}, {""option"": ""expedite"", ""est_cost"": 40.09, ""est_stockout_days"": 0, ""risk"": ""high"", ""feasible"": true}, {""option"": ""switch_supplier"", ""est_cost"": 1222.82, ""est_stockout_days"": 0, ""risk"": ""high"", ""feasible"": false}]",accept the revised ETA on RMPO024060 and cover gaps with spot buys,"Chose accept delay (est. cost 0, 0 stockout days, medium risk) over expedite (40 / 0d); switch supplier could not land in time; plan assumed supplier ETA 2024-12-04.",0.0,0,114.17,3,partial,2025-01-07,Accept delay only partly worked: Nov-Dec ETA notices from Supplier 118 (SUP0118) understated the slip; the first revised date was optimistic. Next time pad the supplier ETA and check alternates earlier.,"[""RMPO024060"", ""RMREV006863""]",0.0,0,Q4 peak season; root cause peak_season_capacity; supplier with year-end capacity history
DEC00442,EVT00297,2024-11-28,supply_planner,expedite,"[{""option"": ""accept_delay"", ""est_cost"": 406.9, ""est_stockout_days"": 5, ""risk"": ""high"", ""feasible"": true}, {""option"": ""expedite"", ""est_cost"": 141.98, ""est_stockout_days"": 0, ""risk"": ""high"", ""feasible"": true}, {""option"": ""switch_supplier"", ""est_cost"": 1226.6, ""est_stockout_days"": 0, ""risk"": ""high"", ""feasible"": true}]",expedite RMPO024322 with Supplier 118 (SUP0118),"Chose expedite (est. cost 142, 0 stockout days, high risk) over accept delay (407 / 5d) and switch supplier (1,227 / 0d); plan assumed supplier ETA 2024-12-10.",141.98,0,1118.55,13,failed,2025-01-08,Expedite failed: Nov-Dec ETA notices from Supplier 118 (SUP0118) understated the slip; the first revised date was optimistic. Next time pad the supplier ETA and check alternates earlier.,"[""RMPO024322"", ""RMREV006864"", ""RMREV006865""]",60.6,1,Q4 peak season; root cause peak_season_capacity; supplier with year-end capacity history; lowest-cost estimate at decision time; realised supply worse than notified
DEC00443,EVT00288,2024-12-06,supply_planner,accept_delay,"[{""option"": ""accept_delay"", ""est_cost"": 1081.99, ""est_stockout_days"": 15, ""risk"": ""high"", ""feasible"": true}, {""option"": ""expedite"", ""est_cost"": 1151.52, ""est_stockout_days"": 15, ""risk"": ""high"", ""feasible"": true}, {""option"": ""switch_supplier"", ""est_cost"": 2369.53, ""est_stockout_days"": 15, ""risk"": ""high"", ""feasible"": true}, {""option"": ""reallocate_stock"", ""est_cost"": 1372.93, ""est_stockout_days"": 14, ""risk"": ""high"", ""feasible"": true}]",accept the revised ETA on RMPO024603 and cover gaps with spot buys,"Chose accept delay (est. cost 1,082, 15 stockout days, high risk) over expedite (1,152 / 15d) and reallocate stock (1,373 / 14d); plan assumed supplier ETA 2024-12-18.",1081.99,15,0.0,0,success,2025-01-12,Accept delay worked: actual 0 stockout days vs 15 planned. Worked even in Q4 because the supplier's first revised ETA held.,"[""RMPO024603"", ""RMREV006974""]",0.0,0,Q4 peak season; root cause peak_season_capacity; supplier with year-end capacity history
DEC00444,EVT00296,2024-12-08,category_manager,accept_delay,"[{""option"": ""accept_delay"", ""est_cost"": 0.0, ""est_stockout_days"": 0, ""risk"": ""medium"", ""feasible"": true}, {""option"": ""expedite"", ""est_cost"": 222.89, ""est_stockout_days"": 0, ""risk"": ""high"", ""feasible"": true}, {""option"": ""substitute_rm"", ""est_cost"": 8000.0, ""est_stockout_days"": 0, ""risk"": ""medium"", ""feasible"": false}]",accept the revised ETA on RMPO026969 and cover gaps with spot buys,"Chose accept delay (est. cost 0, 0 stockout days, medium risk) over expedite (223 / 0d); substitute rm could not land in time; plan assumed supplier ETA 2024-12-16.",0.0,0,542.06,3,partial,2025-01-19,Accept delay only partly worked: Nov-Dec ETA notices from Supplier 185 (SUP0185) understated the slip; the first revised date was optimistic. Next time pad the supplier ETA and check alternates earlier.,"[""RMPO026969"", ""RMREV007011""]",0.0,1,Q4 peak season
DEC00445,EVT00300,2024-12-09,supply_planner,accept_delay,"[{""option"": ""accept_delay"", ""est_cost"": 0.0, ""est_stockout_days"": 0, ""risk"": ""high"", ""feasible"": true}, {""option"": ""expedite"", ""est_cost"": 8.28, ""est_stockout_days"": 0, ""risk"": ""high"", ""feasible"": true}, {""option"": ""switch_supplier"", ""est_cost"": 1202.26, ""est_stockout_days"": 0, ""risk"": ""high"", ""feasible"": false}]",accept the revised ETA on RMPO024601 and cover gaps with spot buys,"Chose accept delay (est. cost 0, 0 stockout days, high risk) over expedite (8 / 0d); switch supplier could not land in time; plan assumed supplier ETA 2024-12-20.",0.0,0,169.74,9,failed,2025-01-15,Accept delay failed: Nov-Dec ETA notices from Supplier 118 (SUP0118) understated the slip; the first revised date was optimistic. Next time pad the supplier ETA and check alternates earlier.,"[""RMPO024601"", ""RMREV007013"", ""RMREV007029""]",0.0,1,Q4 peak season; root cause peak_season_capacity; supplier with year-end capacity history; lowest-cost estimate at decision time; realised supply worse than notified
DEC00446,EVT00296,2024-12-11,buyer,expedite,"[{""option"": ""accept_delay"", ""est_cost"": 820.28, ""est_stockout_days"": 10, ""risk"": ""high"", ""feasible"": true}, {""option"": ""expedite"", ""est_cost"": 493.0, ""est_stockout_days"": 4, ""risk"": ""high"", ""feasible"": true}, {""option"": ""substitute_rm"", ""est_cost"": 8000.0, ""est_stockout_days"": 0, ""risk"": ""medium"", ""feasible"": false}]",expedite RMPO026975 with Supplier 185 (SUP0185),"Chose expedite (est. cost 493, 4 stockout days, high risk) over accept delay (820 / 10d); substitute rm could not land in time; plan assumed supplier ETA 2024-12-31.",493.0,4,558.63,6,success,2025-01-22,Expedite worked: actual 6 stockout days vs 4 planned. Worked even in Q4 because the supplier's first revised ETA held.,"[""RMPO026975"", ""RMREV007052"", ""RMREV007053""]",66.46,1,Q4 peak season
DEC00447,EVT00300,2024-12-12,supply_planner,expedite,"[{""option"": ""accept_delay"", ""est_cost"": 66.84, ""est_stockout_days"": 4, ""risk"": ""high"", ""feasible"": true}, {""option"": ""expedite"", ""est_cost"": 37.66, ""est_stockout_days"": 1, ""risk"": ""high"", ""feasible"": true}, {""option"": ""switch_supplier"", ""est_cost"": 1235.68, ""est_stockout_days"": 2, ""risk"": ""high"", ""feasible"": true}]",expedite RMPO025062 with Supplier 118 (SUP0118),"Chose expedite (est. cost 38, 1 stockout days, high risk) over accept delay (67 / 4d) and switch supplier (1,236 / 2d); plan assumed supplier ETA 2024-12-25.",37.66,1,256.77,13,failed,2025-01-23,Expedite failed: Nov-Dec ETA notices from Supplier 118 (SUP0118) understated the slip; the first revised date was optimistic. Next time pad the supplier ETA and check alternates earlier.,"[""RMPO025062"", ""RMREV007055"", ""RMREV007056"", ""RMREV007072""]",10.92,1,Q4 peak season; root cause peak_season_capacity; supplier with year-end capacity history; lowest-cost estimate at decision time; realised supply worse than notified
DEC00448,EVT00300,2024-12-13,plant_scheduler,expedite,"[{""option"": ""accept_delay"", ""est_cost"": 584.85, ""est_stockout_days"": 12, ""risk"": ""high"", ""feasible"": true}, {""option"": ""expedite"", ""est_cost"": 372.02, ""est_stockout_days"": 6, ""risk"": ""high"", ""feasible"": true}, {""option"": ""switch_supplier"", ""est_cost"": 1205.01, ""est_stockout_days"": 0, ""risk"": ""high"", ""feasible"": true}]",expedite RMPO024895 with Supplier 118 (SUP0118),"Chose expedite (est. cost 372, 6 stockout days, high risk) over accept delay (585 / 12d) and switch supplier (1,205 / 0d); plan assumed supplier ETA 2025-01-05.",372.02,6,740.32,14,failed,2025-01-20,Expedite failed: Nov-Dec ETA notices from Supplier 118 (SUP0118) understated the slip; the first revised date was optimistic. Next time pad the supplier ETA and check alternates earlier.,"[""RMPO024895"", ""RMREV007070"", ""RMREV007071""]",21.11,1,Q4 peak season; root cause peak_season_capacity; supplier with year-end capacity history; lowest-cost estimate at decision time; realised supply worse than notified
DEC00449,EVT00301,2024-12-14,buyer,expedite,"[{""option"": ""accept_delay"", ""est_cost"": 199.81, ""est_stockout_days"": 3, ""risk"": ""medium"", ""feasible"": true}, {""option"": ""expedite"", ""est_cost"": 133.18, ""est_stockout_days"": 0, ""risk"": ""high"", ""feasible"": true}, {""option"": ""switch_supplier"", ""est_cost"": 1436.99, ""est_stockout_days"": 3, ""risk"": ""medium"", ""feasible"": false}]",expedite RMPO027026 with Supplier 054 (SUP0054),"Chose expedite (est. cost 133, 0 stockout days, high risk) over accept delay (200 / 3d); switch supplier could not land in time; plan assumed supplier ETA 2024-12-24.",133.18,0,578.79,7,failed,2025-01-22,Expedite failed: Nov-Dec ETA notices from Supplier 054 (SUP0054) understated the slip; the first revised date was optimistic; premium freight into P05 costs about twice the network average. Next time pad the supplier ETA and check alternates earlier.,"[""RMPO027026"", ""RMREV007092"", ""RMREV007093""]",93.22,1,Q4 peak season; expedite into P05 (premium lane); lowest-cost estimate at decision time; realised supply worse than notified
DEC00450,EVT00302,2024-12-17,supply_planner,expedite,"[{""option"": ""accept_delay"", ""est_cost"": 2874.52, ""est_stockout_days"": 7, ""risk"": ""high"", ""feasible"": true}, {""option"": ""expedite"", ""est_cost"": 1361.29, ""est_stockout_days"": 0, ""risk"": ""high"", ""feasible"": true}, {""option"": ""switch_supplier"", ""est_cost"": 4132.88, ""est_stockout_days"": 7, ""risk"": ""medium"", ""feasible"": false}]",expedite RMPO026421 with Supplier 179 (SUP0179),"Chose expedite (est. cost 1,361, 0 stockout days, high risk) over accept delay (2,875 / 7d); switch supplier could not land in time; plan assumed supplier ETA 2024-12-29.",1361.29,0,2428.97,4,partial,2025-01-25,Expedite only partly worked: Nov-Dec ETA notices from Supplier 179 (SUP0179) understated the slip; the first revised date was optimistic. Next time pad the supplier ETA and check alternates earlier.,"[""RMPO026421"", ""RMREV007120"", ""RMREV007121"", ""RMREV007140""]",786.39,0,Q4 peak season
DEC00451,EVT00300,2024-12-19,supply_planner,expedite,"[{""option"": ""accept_delay"", ""est_cost"": 195.65, ""est_stockout_days"": 5, ""risk"": ""high"", ""feasible"": true}, {""option"": ""expedite"", ""est_cost"": 95.42, ""est_stockout_days"": 1, ""risk"": ""high"", ""feasible"": true}, {""option"": ""switch_supplier"", ""est_cost"": 1242.81, ""est_stockout_days"": 1, ""risk"": ""high"", ""feasible"": true}]",expedite RMPO025349 with Supplier 118 (SUP0118),"Chose expedite (est. cost 95, 1 stockout days, high risk) over accept delay (196 / 5d) and switch supplier (1,243 / 1d); plan assumed supplier ETA 2025-01-03.",95.42,1,220.64,5,partial,2025-01-29,Expedite only partly worked: Nov-Dec ETA notices from Supplier 118 (SUP0118) understated the slip; the first revised date was optimistic; premium freight into P05 costs about twice the network average. Next time pad the supplier ETA and check alternates earlier.,"[""RMPO025349"", ""RMREV007148"", ""RMREV007149""]",24.99,1,Q4 peak season; root cause peak_season_capacity; supplier with year-end capacity history; expedite into P05 (premium lane)
DEC00452,EVT00303,2024-12-21,supply_planner,expedite,"[{""option"": ""accept_delay"", ""est_cost"": 310.38, ""est_stockout_days"": 4, ""risk"": ""high"", ""feasible"": true}, {""option"": ""expedite"", ""est_cost"": 104.18, ""est_stockout_days"": 0, ""risk"": ""high"", ""feasible"": true}, {""option"": ""switch_supplier"", ""est_cost"": 1510.38, ""est_stockout_days"": 4, ""risk"": ""high"", ""feasible"": false}, {""option"": ""substitute_rm"", ""est_cost"": 8000.0, ""est_stockout_days"": 0, ""risk"": ""medium"", ""feasible"": false}]",expedite RMPO025353 with Supplier 118 (SUP0118),"Chose expedite (est. cost 104, 0 stockout days, high risk) over accept delay (310 / 4d); switch supplier, substitute rm could not land in time; plan assumed supplier ETA 2025-01-01.",104.18,0,436.83,5,partial,2025-01-29,Expedite only partly worked: Nov-Dec ETA notices from Supplier 118 (SUP0118) understated the slip; the first revised date was optimistic. Next time pad the supplier ETA and check alternates earlier.,"[""RMPO025353"", ""RMREV007174"", ""RMREV007175""]",42.1,1,Q4 peak season; root cause peak_season_capacity; supplier with year-end capacity history
DEC00453,EVT00305,2024-12-22,supply_planner,accept_delay,"[{""option"": ""accept_delay"", ""est_cost"": 1034.22, ""est_stockout_days"": 22, ""risk"": ""high"", ""feasible"": true}, {""option"": ""expedite"", ""est_cost"": 1039.89, ""est_stockout_days"": 22, ""risk"": ""high"", ""feasible"": true}, {""option"": ""switch_supplier"", ""est_cost"": 2099.2, ""est_stockout_days"": 19, ""risk"": ""high"", ""feasible"": true}]",accept the revised ETA on RMPO026030 and cover gaps with spot buys,"Chose accept delay (est. cost 1,034, 22 stockout days, high risk) over expedite (1,040 / 22d) and switch supplier (2,099 / 19d); plan assumed supplier ETA 2025-01-16.",1034.22,22,104.46,2,success,2025-01-30,Accept delay worked: actual 2 stockout days vs 22 planned. Worked even in Q4 because the supplier's first revised ETA held.,"[""RMPO026030"", ""RMREV007191""]",0.0,0,Q4 peak season
DEC00454,EVT00278,2024-12-24,supply_planner,reallocate_stock,"[{""option"": ""accept_delay"", ""est_cost"": 400.0, ""est_stockout_days"": 2, ""risk"": ""medium"", ""feasible"": true}, {""option"": ""expedite"", ""est_cost"": 293.39, ""est_stockout_days"": 0, ""risk"": ""low"", ""feasible"": true}, {""option"": ""cancel_po"", ""est_cost"": 450.0, ""est_stockout_days"": 1, ""risk"": ""medium"", ""feasible"": true}, {""option"": ""reallocate_stock"", ""est_cost"": 510.02, ""est_stockout_days"": 0, ""risk"": ""low"", ""feasible"": true}]",transfer 5 units of IP02082 into W012 (transfer T0002756),"Chose reallocate stock (est. cost 510, 0 stockout days, low risk) over expedite (293 / 0d) and accept delay (400 / 2d).",510.02,0,510.02,0,success,2025-01-30,Reallocate stock worked: actual 0 stockout days vs 0 planned. Worked even in Q4 because the supplier's first revised ETA held.,"[""T0002756""]",510.02,0,Q4 peak season
DEC00455,EVT00280,2024-12-24,supply_planner,reallocate_stock,"[{""option"": ""accept_delay"", ""est_cost"": 400.0, ""est_stockout_days"": 2, ""risk"": ""medium"", ""feasible"": true}, {""option"": ""expedite"", ""est_cost"": 406.7, ""est_stockout_days"": 0, ""risk"": ""low"", ""feasible"": true}, {""option"": ""cancel_po"", ""est_cost"": 450.0, ""est_stockout_days"": 1, ""risk"": ""medium"", ""feasible"": true}, {""option"": ""reallocate_stock"", ""est_cost"": 552.51, ""est_stockout_days"": 0, ""risk"": ""low"", ""feasible"": true}]",transfer 22 units of IP02369 into W004 (transfer T0006670),"Chose reallocate stock (est. cost 553, 0 stockout days, low risk) over accept delay (400 / 2d) and expedite (407 / 0d).",552.51,0,552.51,0,success,2025-01-30,Reallocate stock worked: actual 0 stockout days vs 0 planned. Worked even in Q4 because the supplier's first revised ETA held.,"[""T0006670""]",552.51,0,Q4 peak season
DEC00456,EVT00307,2024-12-25,supply_planner,accept_delay,"[{""option"": ""accept_delay"", ""est_cost"": 2259.11, ""est_stockout_days"": 2, ""risk"": ""medium"", ""feasible"": true}, {""option"": ""expedite"", ""est_cost"": 4518.21, ""est_stockout_days"": 0, ""risk"": ""low"", ""feasible"": true}, {""option"": ""cancel_po"", ""est_cost"": 1379.55, ""est_stockout_days"": 1, ""risk"": ""medium"", ""feasible"": true}, {""option"": ""reallocate_stock"", ""est_cost"": 2094.33, ""est_stockout_days"": 0, ""risk"": ""low"", ""feasible"": true}]",ship available stock and backorder the balance,"Chose accept delay (est. cost 2,259, 2 stockout days, medium risk) over cancel po (1,380 / 1d) and reallocate stock (2,094 / 0d).",2259.11,2,5647.77,1,failed,2025-01-20,Accept delay failed: Nov-Dec ETA notices from the supplier understated the slip; the first revised date was optimistic. Next time pad the supplier ETA and check alternates earlier.,"[""M00052902"", ""M00065182"", ""M00129653""]",0.0,0,Q4 peak season
DEC00457,EVT00308,2024-12-25,supply_planner,accept_delay,"[{""option"": ""accept_delay"", ""est_cost"": 438.99, ""est_stockout_days"": 2, ""risk"": ""medium"", ""feasible"": true}, {""option"": ""expedite"", ""est_cost"": 877.98, ""est_stockout_days"": 0, ""risk"": ""low"", ""feasible"": true}, {""option"": ""cancel_po"", ""est_cost"": 469.49, ""est_stockout_days"": 1, ""risk"": ""medium"", ""feasible"": true}, {""option"": ""reallocate_stock"", ""est_cost"": 729.24, ""est_stockout_days"": 0, ""risk"": ""low"", ""feasible"": true}]",ship available stock and backorder the balance,"Chose accept delay (est. cost 439, 2 stockout days, medium risk) over cancel po (469 / 1d) and reallocate stock (729 / 0d).",438.99,2,1097.47,1,partial,2025-01-20,Accept delay only partly worked: Nov-Dec ETA notices from the supplier understated the slip; the first revised date was optimistic. Next time pad the supplier ETA and check alternates earlier.,"[""M00083299"", ""M00100925"", ""M00105119""]",0.0,0,Q4 peak season
DEC00458,EVT00306,2024-12-25,supply_chain_director,expedite,"[{""option"": ""accept_delay"", ""est_cost"": 684.76, ""est_stockout_days"": 6, ""risk"": ""high"", ""feasible"": true}, {""option"": ""expedite"", ""est_cost"": 521.09, ""est_stockout_days"": 2, ""risk"": ""high"", ""feasible"": true}, {""option"": ""substitute_rm"", ""est_cost"": 8000.0, ""est_stockout_days"": 0, ""risk"": ""medium"", ""feasible"": false}]",expedite RMPO027531 with Supplier 185 (SUP0185),"Chose expedite (est. cost 521, 2 stockout days, high risk) over accept delay (685 / 6d); substitute rm could not land in time; plan assumed supplier ETA 2025-01-07.",521.09,2,1228.68,9,failed,2025-02-02,Expedite failed: Nov-Dec ETA notices from Supplier 185 (SUP0185) understated the slip; the first revised date was optimistic; premium freight into P05 costs about twice the network average. Next time pad the supplier ETA and check alternates earlier.,"[""RMPO027531"", ""RMREV007230"", ""RMREV007231""]",201.54,1,Q4 peak season; expedite into P05 (premium lane); lowest-cost estimate at decision time; realised supply worse than notified
DEC00459,EVT00309,2024-12-30,supply_chain_director,switch_supplier,"[{""option"": ""accept_delay"", ""est_cost"": 9268.15, ""est_stockout_days"": 7, ""risk"": ""high"", ""feasible"": true}, {""option"": ""expedite"", ""est_cost"": 4703.53, ""est_stockout_days"": 2, ""risk"": ""high"", ""feasible"": true}, {""option"": ""switch_supplier"", ""est_cost"": 1832.0, ""est_stockout_days"": 0, ""risk"": ""medium"", ""feasible"": true}]",place RMPO027887 with the alternate source and cancel RMPO025425,"Chose switch supplier (est. cost 1,832, 0 stockout days, medium risk) over expedite (4,704 / 2d) and accept delay (9,268 / 7d); plan assumed supplier ETA 2025-01-14.",1832.0,0,11100.15,7,failed,2025-02-10,Switch supplier failed: the alternate source also shipped late. Next time pad the supplier ETA and check alternates earlier.,"[""RMPO025425"", ""RMREV007280"", ""RMPO027887"", ""RMPOL0028219""]",1832.0,1,Q4 peak season; lowest-cost estimate at decision time; realised supply worse than notified
DEC00460,EVT00304,2024-12-30,category_manager,substitute_rm,"[{""option"": ""substitute_rm"", ""est_cost"": 8000.0, ""est_stockout_days"": 0, ""risk"": ""medium"", ""feasible"": true}, {""option"": ""switch_supplier"", ""est_cost"": 7200.0, ""est_stockout_days"": 1, ""risk"": ""medium"", ""feasible"": true}, {""option"": ""accept_delay"", ""est_cost"": 12000.0, ""est_stockout_days"": 5, ""risk"": ""high"", ""feasible"": true}]",qualify SBS Board 18pt G2 (RM0079) to replace RM0078 in IP00887 from 2025-01-31,"Chose substitute rm (est. cost 8,000, 0 stockout days, medium risk) over switch supplier (7,200 / 1d) and accept delay (12,000 / 5d).",8000.0,0,9500.0,1,success,2025-08-02,Substitute rm worked: actual 1 stockout days vs 0 planned. Worked even in Q4 because the supplier's first revised ETA held.,"[""BOM003458"", ""BOM003459"", ""BOM003460"", ""BOM003461"", ""BOM003462"", ""BOM003463"", ""BOM003464"", ""BOM003465"", ""BOM003466"", ""BOM003467""]",8000.0,0,Q4 peak season
DEC00461,EVT00310,2025-01-02,category_manager,expedite,"[{""option"": ""accept_delay"", ""est_cost"": 2855.99, ""est_stockout_days"": 12, ""risk"": ""high"", ""feasible"": true}, {""option"": ""expedite"", ""est_cost"": 1761.4, ""est_stockout_days"": 5, ""risk"": ""medium"", ""feasible"": true}]",expedite RMPO026612 with Supplier 182 (SUP0182),"Chose expedite (est. cost 1,761, 5 stockout days, medium risk) over accept delay (2,856 / 12d); plan assumed supplier ETA 2025-01-21.",1761.4,5,1904.2,7,success,2025-02-08,Expedite worked: actual 7 stockout days vs 5 planned.,"[""RMPO026612"", ""RMREV007309"", ""RMREV007310""]",238.2,1,
DEC00462,EVT00203,2025-01-06,category_manager,substitute_rm,"[{""option"": ""substitute_rm"", ""est_cost"": 8000.0, ""est_stockout_days"": 0, ""risk"": ""medium"", ""feasible"": true}, {""option"": ""switch_supplier"", ""est_cost"": 7200.0, ""est_stockout_days"": 1, ""risk"": ""medium"", ""feasible"": true}, {""option"": ""accept_delay"", ""est_cost"": 12000.0, ""est_stockout_days"": 5, ""risk"": ""high"", ""feasible"": true}]",qualify SAP Grade A G2 (RM0120) to replace RM0118 in IP01964 from 2025-02-07,"Chose substitute rm (est. cost 8,000, 0 stockout days, medium risk) over switch supplier (7,200 / 1d) and accept delay (12,000 / 5d).",8000.0,0,8000.0,0,success,2025-08-11,Substitute rm worked: actual 0 stockout days vs 0 planned.,"[""BOM007862"", ""BOM007863"", ""BOM007864"", ""BOM007865"", ""BOM007866"", ""BOM007867"", ""BOM007868""]",8000.0,0,
DEC00463,EVT00306,2025-01-10,supply_planner,expedite,"[{""option"": ""accept_delay"", ""est_cost"": 1046.96, ""est_stockout_days"": 9, ""risk"": ""high"", ""feasible"": true}, {""option"": ""expedite"", ""est_cost"": 788.18, ""est_stockout_days"": 5, ""risk"": ""low"", ""feasible"": true}, {""option"": ""substitute_rm"", ""est_cost"": 8000.0, ""est_stockout_days"": 0, ""risk"": ""medium"", ""feasible"": false}]",expedite RMPO028274 with Supplier 185 (SUP0185),"Chose expedite (est. cost 788, 5 stockout days, low risk) over accept delay (1,047 / 9d); substitute rm could not land in time; plan assumed supplier ETA 2025-01-29.",788.18,5,346.14,2,success,2025-02-19,Expedite worked: actual 2 stockout days vs 5 planned.,"[""RMPO028274"", ""RMREV007388"", ""RMREV007389""]",113.48,1,
DEC00464,EVT00317,2025-01-11,buyer,expedite,"[{""option"": ""accept_delay"", ""est_cost"": 10734.67, ""est_stockout_days"": 14, ""risk"": ""high"", ""feasible"": true}, {""option"": ""expedite"", ""est_cost"": 7275.98, ""est_stockout_days"": 8, ""risk"": ""high"", ""feasible"": true}, {""option"": ""switch_supplier"", ""est_cost"": 11934.67, ""est_stockout_days"": 14, ""risk"": ""medium"", ""feasible"": false}, {""option"": ""substitute_rm"", ""est_cost"": 8000.0, ""est_stockout_days"": 0, ""risk"": ""medium"", ""feasible"": false}]",expedite RMPO026473 with Supplier 047 (SUP0047),"Chose expedite (est. cost 7,276, 8 stockout days, high risk) over accept delay (10,735 / 14d); switch supplier, substitute rm could not land in time; plan assumed supplier ETA 2025-02-03.",7275.98,8,6355.86,8,success,2025-02-19,Expedite worked: actual 8 stockout days vs 8 planned.,"[""RMPO026473"", ""RMREV007390"", ""RMREV007391""]",221.77,1,
DEC00465,EVT00318,2025-01-14,category_manager,expedite,"[{""option"": ""accept_delay"", ""est_cost"": 2620.4, ""est_stockout_days"": 11, ""risk"": ""high"", ""feasible"": true}, {""option"": ""expedite"", ""est_cost"": 1452.15, ""est_stockout_days"": 4, ""risk"": ""low"", ""feasible"": true}, {""option"": ""switch_supplier"", ""est_cost"": 3957.49, ""est_stockout_days"": 11, ""risk"": ""medium"", ""feasible"": false}]",expedite RMPO028277 with Supplier 054 (SUP0054),"Chose expedite (est. cost 1,452, 4 stockout days, low risk) over accept delay (2,620 / 11d); switch supplier could not land in time; plan assumed supplier ETA 2025-02-07.",1452.15,4,2786.17,11,failed,2025-02-23,Expedite failed: supply arrived later than notified (11 vs 4 stockout days). Next time pad the supplier ETA and check alternates earlier.,"[""RMPO028277"", ""RMREV007415"", ""RMREV007416""]",165.77,1,lowest-cost estimate at decision time; realised supply worse than notified
DEC00466,EVT00279,2025-01-14,supply_planner,expedite,"[{""option"": ""accept_delay"", ""est_cost"": 16599.57, ""est_stockout_days"": 2, ""risk"": ""medium"", ""feasible"": true}, {""option"": ""expedite"", ""est_cost"": 66398.27, ""est_stockout_days"": 0, ""risk"": ""low"", ""feasible"": true}, {""option"": ""cancel_po"", ""est_cost"": 8549.78, ""est_stockout_days"": 1, ""risk"": ""medium"", ""feasible"": true}, {""option"": ""reallocate_stock"", ""est_cost"": 25299.35, ""est_stockout_days"": 0, ""risk"": ""low"", ""feasible"": true}]",expedite PO013478 with premium freight,"Chose expedite (est. cost 66,398, 0 stockout days, low risk) over cancel po (8,550 / 1d) and accept delay (16,600 / 2d).",66398.27,0,66398.27,0,success,2025-02-23,Expedite worked: actual 0 stockout days vs 0 planned.,"[""PO013478"", ""POL0040377"", ""POL0040378"", ""POL0040379"", ""POL0040380"", ""POL0040381""]",66398.27,0,
DEC00467,EVT00319,2025-01-16,supply_planner,expedite,"[{""option"": ""accept_delay"", ""est_cost"": 8441.49, ""est_stockout_days"": 13, ""risk"": ""high"", ""feasible"": true}, {""option"": ""expedite"", ""est_cost"": 7573.08, ""est_stockout_days"": 10, ""risk"": ""high"", ""feasible"": true}, {""option"": ""switch_supplier"", ""est_cost"": 9641.49, ""est_stockout_days"": 13, ""risk"": ""high"", ""feasible"": false}]",expedite RMPO027291 with Supplier 028 (SUP0028),"Chose expedite (est. cost 7,573, 10 stockout days, high risk) over accept delay (8,441 / 13d); switch supplier could not land in time; plan assumed supplier ETA 2025-02-05.",7573.08,10,7832.82,11,success,2025-02-22,Expedite worked: actual 11 stockout days vs 10 planned.,"[""RMPO027291"", ""RMREV007431"", ""RMREV007432""]",690.01,0,
DEC00468,EVT00321,2025-01-18,category_manager,expedite,"[{""option"": ""accept_delay"", ""est_cost"": 460.03, ""est_stockout_days"": 9, ""risk"": ""high"", ""feasible"": true}, {""option"": ""expedite"", ""est_cost"": 152.49, ""est_stockout_days"": 1, ""risk"": ""medium"", ""feasible"": true}, {""option"": ""switch_supplier"", ""est_cost"": 1393.93, ""est_stockout_days"": 3, ""risk"": ""medium"", ""feasible"": true}, {""option"": ""substitute_rm"", ""est_cost"": 8511.14, ""est_stockout_days"": 10, ""risk"": ""medium"", ""feasible"": false}]",expedite RMPO027151 with Supplier 164 (SUP0164),"Chose expedite (est. cost 152, 1 stockout days, medium risk) over accept delay (460 / 9d) and switch supplier (1,394 / 3d); substitute rm could not land in time; plan assumed supplier ETA 2025-02-09.",152.49,1,377.39,7,failed,2025-02-24,Expedite failed: supply arrived later than notified (7 vs 1 stockout days). Next time pad the supplier ETA and check alternates earlier.,"[""RMPO027151"", ""RMREV007446"", ""RMREV007447""]",19.59,1,lowest-cost estimate at decision time; realised supply worse than notified
DEC00469,EVT00320,2025-01-19,buyer,expedite,"[{""option"": ""accept_delay"", ""est_cost"": 1503.85, ""est_stockout_days"": 13, ""risk"": ""high"", ""feasible"": true}, {""option"": ""expedite"", ""est_cost"": 1066.25, ""est_stockout_days"": 8, ""risk"": ""high"", ""feasible"": true}, {""option"": ""substitute_rm"", ""est_cost"": 8000.0, ""est_stockout_days"": 0, ""risk"": ""medium"", ""feasible"": false}]",expedite RMPO027757 with Supplier 214 (SUP0214),"Chose expedite (est. cost 1,066, 8 stockout days, high risk) over accept delay (1,504 / 13d); substitute rm could not land in time; plan assumed supplier ETA 2025-02-14.",1066.25,8,950.57,8,success,2025-02-25,Expedite worked: actual 8 stockout days vs 8 planned.,"[""RMPO027757"", ""RMREV007455"", ""RMREV007456""]",25.12,1,
DEC00470,EVT00323,2025-01-20,buyer,expedite,"[{""option"": ""accept_delay"", ""est_cost"": 802.43, ""est_stockout_days"": 4, ""risk"": ""high"", ""feasible"": true}, {""option"": ""expedite"", ""est_cost"": 346.6, ""est_stockout_days"": 0, ""risk"": ""low"", ""feasible"": true}, {""option"": ""substitute_rm"", ""est_cost"": 8000.0, ""est_stockout_days"": 0, ""risk"": ""medium"", ""feasible"": false}]",expedite RMPO027795 with Supplier 202 (SUP0202),"Chose expedite (est. cost 347, 0 stockout days, low risk) over accept delay (802 / 4d); substitute rm could not land in time; plan assumed supplier ETA 2025-02-03.",346.6,0,2593.41,12,failed,2025-02-27,Expedite failed: supply arrived later than notified (12 vs 0 stockout days). Next time pad the supplier ETA and check alternates earlier.,"[""RMPO027795"", ""RMREV007463"", ""RMREV007464""]",186.11,1,lowest-cost estimate at decision time; realised supply worse than notified
DEC00471,EVT00324,2025-01-21,supply_planner,expedite,"[{""option"": ""accept_delay"", ""est_cost"": 895.26, ""est_stockout_days"": 8, ""risk"": ""high"", ""feasible"": true}, {""option"": ""expedite"", ""est_cost"": 288.81, ""est_stockout_days"": 0, ""risk"": ""low"", ""feasible"": true}, {""option"": ""switch_supplier"", ""est_cost"": 2146.49, ""est_stockout_days"": 8, ""risk"": ""medium"", ""feasible"": false}]",expedite RMPO028563 with Supplier 054 (SUP0054),"Chose expedite (est. cost 289, 0 stockout days, low risk) over accept delay (895 / 8d); switch supplier could not land in time; plan assumed supplier ETA 2025-02-11.",288.81,0,1564.56,13,failed,2025-02-27,Expedite failed: supply arrived later than notified (13 vs 0 stockout days). Next time pad the supplier ETA and check alternates earlier.,"[""RMPO028563"", ""RMREV007484"", ""RMREV007485""]",109.76,1,root cause port_congestion; lowest-cost estimate at decision time; realised supply worse than notified
DEC00472,EVT00318,2025-01-21,plant_scheduler,switch_supplier,"[{""option"": ""accept_delay"", ""est_cost"": 6412.23, ""est_stockout_days"": 16, ""risk"": ""high"", ""feasible"": true}, {""option"": ""expedite"", ""est_cost"": 3927.22, ""est_stockout_days"": 8, ""risk"": ""low"", ""feasible"": true}, {""option"": ""switch_supplier"", ""est_cost"": 1200.0, ""est_stockout_days"": 0, ""risk"": ""medium"", ""feasible"": true}]",place RMPO028774 with the alternate source and cancel RMPO027150,"Chose switch supplier (est. cost 1,200, 0 stockout days, medium risk) over expedite (3,927 / 8d) and accept delay (6,412 / 16d); plan assumed supplier ETA 2025-02-16.",1200.0,0,6810.7,14,failed,2025-03-03,Switch supplier failed: the alternate source also shipped late. Next time pad the supplier ETA and check alternates earlier.,"[""RMPO027150"", ""RMREV007470"", ""RMPO028774"", ""RMPOL0029119""]",1200.0,1,lowest-cost estimate at decision time; realised supply worse than notified
DEC00473,EVT00325,2025-01-22,buyer,expedite,"[{""option"": ""accept_delay"", ""est_cost"": 4806.39, ""est_stockout_days"": 18, ""risk"": ""high"", ""feasible"": true}, {""option"": ""expedite"", ""est_cost"": 4494.2, ""est_stockout_days"": 15, ""risk"": ""low"", ""feasible"": true}, {""option"": ""switch_supplier"", ""est_cost"": 6174.92, ""est_stockout_days"": 18, ""risk"": ""medium"", ""feasible"": false}]",expedite RMPO028566 with Supplier 054 (SUP0054),"Chose expedite (est. cost 4,494, 15 stockout days, low risk) over accept delay (4,806 / 18d); switch supplier could not land in time; plan assumed supplier ETA 2025-02-20.",4494.2,15,2998.88,10,success,2025-03-02,Expedite worked: actual 10 stockout days vs 15 planned.,"[""RMPO028566"", ""RMREV007506"", ""RMREV007507""]",328.66,1,root cause port_congestion
DEC00474,EVT00318,2025-01-23,buyer,expedite,"[{""option"": ""accept_delay"", ""est_cost"": 6457.27, ""est_stockout_days"": 16, ""risk"": ""high"", ""feasible"": true}, {""option"": ""expedite"", ""est_cost"": 4795.72, ""est_stockout_days"": 10, ""risk"": ""low"", ""feasible"": true}, {""option"": ""switch_supplier"", ""est_cost"": 7889.04, ""est_stockout_days"": 16, ""risk"": ""medium"", ""feasible"": false}]",expedite RMPO028509 with Supplier 054 (SUP0054),"Chose expedite (est. cost 4,796, 10 stockout days, low risk) over accept delay (6,457 / 16d); switch supplier could not land in time; plan assumed supplier ETA 2025-02-15.",4795.72,10,4715.0,11,success,2025-03-06,Expedite worked: actual 11 stockout days vs 10 planned.,"[""RMPO028509"", ""RMREV007520"", ""RMREV007521""]",275.63,0,
DEC00475,EVT00324,2025-01-24,plant_scheduler,expedite,"[{""option"": ""accept_delay"", ""est_cost"": 1497.24, ""est_stockout_days"": 15, ""risk"": ""high"", ""feasible"": true}, {""option"": ""expedite"", ""est_cost"": 901.64, ""est_stockout_days"": 7, ""risk"": ""medium"", ""feasible"": true}, {""option"": ""switch_supplier"", ""est_cost"": 1299.82, ""est_stockout_days"": 1, ""risk"": ""medium"", ""feasible"": true}]",expedite RMPO027077 with Supplier 118 (SUP0118),"Chose expedite (est. cost 902, 7 stockout days, medium risk) over switch supplier (1,300 / 1d) and accept delay (1,497 / 15d); plan assumed supplier ETA 2025-02-16.",901.64,7,1363.15,13,failed,2025-03-07,Expedite failed: supply arrived later than notified (13 vs 7 stockout days). Next time pad the supplier ETA and check alternates earlier.,"[""RMPO027077"", ""RMREV007524"", ""RMREV007525""]",43.22,1,supplier with year-end capacity history; lowest-cost estimate at decision time; realised supply worse than notified
DEC00476,EVT00327,2025-01-24,category_manager,expedite,"[{""option"": ""accept_delay"", ""est_cost"": 256.49, ""est_stockout_days"": 17, ""risk"": ""high"", ""feasible"": true}, {""option"": ""expedite"", ""est_cost"": 222.39, ""est_stockout_days"": 13, ""risk"": ""low"", ""feasible"": true}, {""option"": ""switch_supplier"", ""est_cost"": 1462.03, ""est_stockout_days"": 17, ""risk"": ""medium"", ""feasible"": false}]",expedite RMPO028772 with Supplier 039 (SUP0039),"Chose expedite (est. cost 222, 13 stockout days, low risk) over accept delay (256 / 17d); switch supplier could not land in time; plan assumed supplier ETA 2025-02-18.",222.39,13,210.32,13,success,2025-03-06,Expedite worked: actual 13 stockout days vs 13 planned.,"[""RMPO028772"", ""RMREV007529"", ""RMREV007530""]",14.18,1,root cause lead_time_extension
DEC00477,EVT00329,2025-01-25,plant_scheduler,expedite,"[{""option"": ""accept_delay"", ""est_cost"": 539.08, ""est_stockout_days"": 6, ""risk"": ""high"", ""feasible"": true}, {""option"": ""expedite"", ""est_cost"": 369.27, ""est_stockout_days"": 3, ""risk"": ""medium"", ""feasible"": true}, {""option"": ""switch_supplier"", ""est_cost"": 1780.47, ""est_stockout_days"": 6, ""risk"": ""high"", ""feasible"": false}]",expedite RMPO028522 with Supplier 201 (SUP0201),"Chose expedite (est. cost 369, 3 stockout days, medium risk) over accept delay (539 / 6d); switch supplier could not land in time; plan assumed supplier ETA 2025-02-12.",369.27,3,405.21,4,success,2025-03-05,Expedite worked: actual 4 stockout days vs 3 planned.,"[""RMPO028522"", ""RMREV007543"", ""RMREV007544""]",45.83,1,root cause port_congestion
DEC00478,EVT00328,2025-01-25,supply_planner,expedite,"[{""option"": ""accept_delay"", ""est_cost"": 5224.15, ""est_stockout_days"": 9, ""risk"": ""high"", ""feasible"": true}, {""option"": ""expedite"", ""est_cost"": 4583.09, ""est_stockout_days"": 6, ""risk"": ""low"", ""feasible"": true}, {""option"": ""switch_supplier"", ""est_cost"": 5263.22, ""est_stockout_days"": 7, ""risk"": ""medium"", ""feasible"": true}]",expedite RMPO028785 with Supplier 039 (SUP0039),"Chose expedite (est. cost 4,583, 6 stockout days, low risk) over accept delay (5,224 / 9d) and switch supplier (5,263 / 7d); plan assumed supplier ETA 2025-02-12.",4583.09,6,5976.19,9,partial,2025-03-03,Expedite only partly worked: supply arrived later than notified (9 vs 6 stockout days). Next time pad the supplier ETA and check alternates earlier.,"[""RMPO028785"", ""RMREV007547"", ""RMREV007548""]",752.05,1,root cause lead_time_extension
DEC00479,EVT00330,2025-01-25,supply_planner,accept_delay,"[{""option"": ""accept_delay"", ""est_cost"": 716.55, ""est_stockout_days"": 21, ""risk"": ""medium"", ""feasible"": true}, {""option"": ""expedite"", ""est_cost"": 738.42, ""est_stockout_days"": 21, ""risk"": ""low"", ""feasible"": true}, {""option"": ""switch_supplier"", ""est_cost"": 1510.41, ""est_stockout_days"": 7, ""risk"": ""high"", ""feasible"": false}]",accept the revised ETA on RMPO028411 and cover gaps with spot buys,"Chose accept delay (est. cost 717, 21 stockout days, medium risk) over expedite (738 / 21d); switch supplier could not land in time; plan assumed supplier ETA 2025-02-04.",716.55,21,0.0,0,success,2025-03-04,Accept delay worked: actual 0 stockout days vs 21 planned.,"[""RMPO028411"", ""RMREV007542""]",0.0,0,root cause rail_disruption
DEC00480,EVT00335,2025-01-27,buyer,reallocate_stock,"[{""option"": ""accept_delay"", ""est_cost"": 952.51, ""est_stockout_days"": 16, ""risk"": ""high"", ""feasible"": true}, {""option"": ""expedite"", ""est_cost"": 919.81, ""est_stockout_days"": 11, ""risk"": ""low"", ""feasible"": true}, {""option"": ""switch_supplier"", ""est_cost"": 2181.65, ""est_stockout_days"": 16, ""risk"": ""medium"", ""feasible"": false}, {""option"": ""reallocate_stock"", ""est_cost"": 400.82, ""est_stockout_days"": 0, ""risk"": ""high"", ""feasible"": true}, {""option"": ""substitute_rm"", ""est_cost"": 8535.79, ""est_stockout_days"": 9, ""risk"": ""medium"", ""feasible"": false}]",transfer RM0052 stock to P05 (transfer RMT0000006),"Chose reallocate stock (est. cost 401, 0 stockout days, high risk) over expedite (920 / 11d) and accept delay (953 / 16d); switch supplier, substitute rm could not land in time; plan assumed supplier ETA 2025-02-26.",400.82,0,996.3,10,failed,2025-03-07,Reallocate stock failed: supply arrived later than notified (10 vs 0 stockout days). Next time pad the supplier ETA and check alternates earlier.,"[""RMPO028775"", ""RMREV007579"", ""RMREV007590"", ""RMT0000006""]",400.82,1,root cause port_congestion; lowest-cost estimate at decision time; realised supply worse than notified
DEC00481,EVT00333,2025-01-27,buyer,expedite,"[{""option"": ""accept_delay"", ""est_cost"": 72.93, ""est_stockout_days"": 5, ""risk"": ""high"", ""feasible"": true}, {""option"": ""expedite"", ""est_cost"": 20.38, ""est_stockout_days"": 0, ""risk"": ""low"", ""feasible"": true}, {""option"": ""substitute_rm"", ""est_cost"": 8000.0, ""est_stockout_days"": 0, ""risk"": ""medium"", ""feasible"": false}]",expedite RMPO028271 with Supplier 013 (SUP0013),"Chose expedite (est. cost 20, 0 stockout days, low risk) over accept delay (73 / 5d); substitute rm could not land in time; plan assumed supplier ETA 2025-02-11.",20.38,0,78.72,5,partial,2025-03-07,Expedite only partly worked: supply arrived later than notified (5 vs 0 stockout days). Next time pad the supplier ETA and check alternates earlier.,"[""RMPO028271"", ""RMREV007575"", ""RMREV007576""]",5.79,1,root cause port_congestion
DEC00482,EVT00328,2025-01-27,supply_planner,expedite,"[{""option"": ""accept_delay"", ""est_cost"": 1646.63, ""est_stockout_days"": 6, ""risk"": ""high"", ""feasible"": true}, {""option"": ""expedite"", ""est_cost"": 552.13, ""est_stockout_days"": 0, ""risk"": ""low"", ""feasible"": true}, {""option"": ""switch_supplier"", ""est_cost"": 2846.63, ""est_stockout_days"": 6, ""risk"": ""medium"", ""feasible"": false}]",expedite RMPO028791 with Supplier 039 (SUP0039),"Chose expedite (est. cost 552, 0 stockout days, low risk) over accept delay (1,647 / 6d); switch supplier could not land in time; plan assumed supplier ETA 2025-02-10.",552.13,0,1046.11,3,partial,2025-03-09,Expedite only partly worked: supply arrived later than notified (3 vs 0 stockout days). Next time pad the supplier ETA and check alternates earlier.,"[""RMPO028791"", ""RMREV007580"", ""RMREV007581"", ""RMREV007593""]",222.8,1,root cause lead_time_extension
DEC00483,EVT00332,2025-01-27,supply_planner,expedite,"[{""option"": ""accept_delay"", ""est_cost"": 831.06, ""est_stockout_days"": 4, ""risk"": ""medium"", ""feasible"": true}, {""option"": ""expedite"", ""est_cost"": 390.46, ""est_stockout_days"": 0, ""risk"": ""medium"", ""feasible"": true}, {""option"": ""switch_supplier"", ""est_cost"": 2049.13, ""est_stockout_days"": 4, ""risk"": ""high"", ""feasible"": false}, {""option"": ""substitute_rm"", ""est_cost"": 8000.0, ""est_stockout_days"": 0, ""risk"": ""medium"", ""feasible"": false}]",expedite RMPO027494 with Supplier 217 (SUP0217),"Chose expedite (est. cost 390, 0 stockout days, medium risk) over accept delay (831 / 4d); switch supplier, substitute rm could not land in time; plan assumed supplier ETA 2025-02-05.",390.46,0,2330.1,7,failed,2025-03-05,Expedite failed: supply arrived later than notified (7 vs 0 stockout days). Next time pad the supplier ETA and check alternates earlier.,"[""RMPO027494"", ""RMREV007570"", ""RMREV007571""]",224.25,1,lowest-cost estimate at decision time; realised supply worse than notified
DEC00484,EVT00334,2025-01-28,category_manager,expedite,"[{""option"": ""accept_delay"", ""est_cost"": 681.28, ""est_stockout_days"": 5, ""risk"": ""high"", ""feasible"": true}, {""option"": ""expedite"", ""est_cost"": 202.53, ""est_stockout_days"": 0, ""risk"": ""low"", ""feasible"": true}, {""option"": ""substitute_rm"", ""est_cost"": 8000.0, ""est_stockout_days"": 0, ""risk"": ""medium"", ""feasible"": false}]",expedite RMPO028784 with Supplier 039 (SUP0039),"Chose expedite (est. cost 203, 0 stockout days, low risk) over accept delay (681 / 5d); substitute rm could not land in time; plan assumed supplier ETA 2025-02-11.",202.53,0,747.55,5,partial,2025-03-11,Expedite only partly worked: supply arrived later than notified (5 vs 0 stockout days). Next time pad the supplier ETA and check alternates earlier.,"[""RMPO028784"", ""RMREV007591"", ""RMREV007592""]",66.27,1,root cause port_congestion
DEC00485,EVT00324,2025-01-29,plant_scheduler,expedite,"[{""option"": ""accept_delay"", ""est_cost"": 602.71, ""est_stockout_days"": 9, ""risk"": ""high"", ""feasible"": true}, {""option"": ""expedite"", ""est_cost"": 373.93, ""est_stockout_days"": 4, ""risk"": ""medium"", ""feasible"": true}, {""option"": ""switch_supplier"", ""est_cost"": 1467.87, ""est_stockout_days"": 4, ""risk"": ""medium"", ""feasible"": true}]",expedite RMPO027079 with Supplier 118 (SUP0118),"Chose expedite (est. cost 374, 4 stockout days, medium risk) over accept delay (603 / 9d) and switch supplier (1,468 / 4d); plan assumed supplier ETA 2025-02-12.",373.93,4,785.51,11,failed,2025-03-10,Expedite failed: supply arrived later than notified (11 vs 4 stockout days). Next time pad the supplier ETA and check alternates earlier.,"[""RMPO027079"", ""RMREV007598"", ""RMREV007599""]",39.09,1,supplier with year-end capacity history; lowest-cost estimate at decision time; realised supply worse than notified
DEC00486,EVT00331,2025-01-29,buyer,expedite,"[{""option"": ""accept_delay"", ""est_cost"": 222.87, ""est_stockout_days"": 5, ""risk"": ""high"", ""feasible"": true}, {""option"": ""expedite"", ""est_cost"": 74.42, ""est_stockout_days"": 0, ""risk"": ""low"", ""feasible"": true}, {""option"": ""switch_supplier"", ""est_cost"": 1446.77, ""est_stockout_days"": 5, ""risk"": ""medium"", ""feasible"": false}, {""option"": ""substitute_rm"", ""est_cost"": 8000.0, ""est_stockout_days"": 0, ""risk"": ""medium"", ""feasible"": false}]",expedite RMPO027881 with Supplier 103 (SUP0103),"Chose expedite (est. cost 74, 0 stockout days, low risk) over accept delay (223 / 5d); switch supplier, substitute rm could not land in time; plan assumed supplier ETA 2025-02-11.",74.42,0,252.72,5,partial,2025-03-08,Expedite only partly worked: supply arrived later than notified (5 vs 0 stockout days). Next time pad the supplier ETA and check alternates earlier.,"[""RMPO027881"", ""RMREV007608"", ""RMREV007609""]",29.85,1,root cause port_congestion
DEC00487,EVT00338,2025-01-29,buyer,expedite,"[{""option"": ""accept_delay"", ""est_cost"": 555.63, ""est_stockout_days"": 7, ""risk"": ""high"", ""feasible"": true}, {""option"": ""expedite"", ""est_cost"": 350.88, ""est_stockout_days"": 3, ""risk"": ""low"", ""feasible"": true}, {""option"": ""switch_supplier"", ""est_cost"": 1771.63, ""est_stockout_days"": 7, ""risk"": ""high"", ""feasible"": false}]",expedite RMPO028023 with Supplier 051 (SUP0051),"Chose expedite (est. cost 351, 3 stockout days, low risk) over accept delay (556 / 7d); switch supplier could not land in time; plan assumed supplier ETA 2025-02-19.",350.88,3,604.88,7,partial,2025-03-08,Expedite only partly worked: supply arrived later than notified (7 vs 3 stockout days). Next time pad the supplier ETA and check alternates earlier.,"[""RMPO028023"", ""RMREV007610"", ""RMREV007611""]",49.25,1,root cause port_congestion
DEC00488,EVT00336,2025-01-29,category_manager,expedite,"[{""option"": ""accept_delay"", ""est_cost"": 1054.76, ""est_stockout_days"": 4, ""risk"": ""medium"", ""feasible"": true}, {""option"": ""expedite"", ""est_cost"": 484.84, ""est_stockout_days"": 0, ""risk"": ""low"", ""feasible"": true}, {""option"": ""switch_supplier"", ""est_cost"": 1316.1, ""est_stockout_days"": 0, ""risk"": ""medium"", ""feasible"": true}]",expedite RMPO028790 with Supplier 039 (SUP0039),"Chose expedite (est. cost 485, 0 stockout days, low risk) over accept delay (1,055 / 4d) and switch supplier (1,316 / 0d); plan assumed supplier ETA 2025-02-08.",484.84,0,1328.65,4,partial,2025-03-12,Expedite only partly worked: supply arrived later than notified (4 vs 0 stockout days). Next time pad the supplier ETA and check alternates earlier.,"[""RMPO028790"", ""RMREV007620"", ""RMREV007621""]",273.89,1,root cause port_congestion
DEC00489,EVT00339,2025-01-30,supply_chain_director,accept_delay,"[{""option"": ""accept_delay"", ""est_cost"": 0.0, ""est_stockout_days"": 0, ""risk"": ""medium"", ""feasible"": true}, {""option"": ""expedite"", ""est_cost"": 290.49, ""est_stockout_days"": 0, ""risk"": ""low"", ""feasible"": true}]",accept the revised ETA on RMPO028838 and cover gaps with spot buys,"Chose accept delay (est. cost 0, 0 stockout days, medium risk) over expedite (290 / 0d); plan assumed supplier ETA 2025-02-07.",0.0,0,2890.52,6,failed,2025-03-11,Accept delay failed: supply arrived later than notified (6 vs 0 stockout days). Next time pad the supplier ETA and check alternates earlier.,"[""RMPO028838"", ""RMREV007641""]",0.0,1,root cause port_congestion; lowest-cost estimate at decision time; realised supply worse than notified
DEC00490,EVT00338,2025-01-30,plant_scheduler,expedite,"[{""option"": ""accept_delay"", ""est_cost"": 815.21, ""est_stockout_days"": 7, ""risk"": ""high"", ""feasible"": true}, {""option"": ""expedite"", ""est_cost"": 285.6, ""est_stockout_days"": 0, ""risk"": ""low"", ""feasible"": true}, {""option"": ""switch_supplier"", ""est_cost"": 2035.44, ""est_stockout_days"": 7, ""risk"": ""high"", ""feasible"": false}]",expedite RMPO027783 with Supplier 051 (SUP0051),"Chose expedite (est. cost 286, 0 stockout days, low risk) over accept delay (815 / 7d); switch supplier could not land in time; plan assumed supplier ETA 2025-02-14.",285.6,0,937.77,7,failed,2025-03-11,Expedite failed: supply arrived later than notified (7 vs 0 stockout days). Next time pad the supplier ETA and check alternates earlier.,"[""RMPO027783"", ""RMREV007627"", ""RMREV007628""]",122.56,1,lowest-cost estimate at decision time; realised supply worse than notified
DEC00491,EVT00336,2025-01-30,category_manager,accept_delay,"[{""option"": ""accept_delay"", ""est_cost"": 769.86, ""est_stockout_days"": 4, ""risk"": ""high"", ""feasible"": true}, {""option"": ""expedite"", ""est_cost"": 2013.46, ""est_stockout_days"": 1, ""risk"": ""low"", ""feasible"": true}, {""option"": ""switch_supplier"", ""est_cost"": 1498.35, ""est_stockout_days"": 0, ""risk"": ""medium"", ""feasible"": true}]",accept the revised ETA on RMPO029029 and cover gaps with spot buys,"Chose accept delay (est. cost 770, 4 stockout days, high risk) over switch supplier (1,498 / 0d) and expedite (2,013 / 1d); plan assumed supplier ETA 2025-02-11.",769.86,4,1424.03,7,partial,2025-03-13,Accept delay only partly worked: supply arrived later than notified (7 vs 4 stockout days). Next time pad the supplier ETA and check alternates earlier.,"[""RMPO029029"", ""RMREV007643""]",0.0,1,root cause lead_time_extension
DEC00492,EVT00340,2025-01-31,plant_scheduler,switch_supplier,"[{""option"": ""accept_delay"", ""est_cost"": 5550.63, ""est_stockout_days"": 18, ""risk"": ""high"", ""feasible"": true}, {""option"": ""expedite"", ""est_cost"": 4215.46, ""est_stockout_days"": 11, ""risk"": ""low"", ""feasible"": true}, {""option"": ""switch_supplier"", ""est_cost"": 2433.47, ""est_stockout_days"": 4, ""risk"": ""medium"", ""feasible"": true}, {""option"": ""substitute_rm"", ""est_cost"": 8000.0, ""est_stockout_days"": 0, ""risk"": ""medium"", ""feasible"": false}]",place RMPO029035 with the alternate source and cancel RMPO027264,"Chose switch supplier (est. cost 2,433, 4 stockout days, medium risk) over expedite (4,215 / 11d) and accept delay (5,551 / 18d); substitute rm could not land in time; plan assumed supplier ETA 2025-02-27.",2433.47,4,4283.69,10,failed,2025-03-12,Switch supplier failed: the alternate source also shipped late. Next time pad the supplier ETA and check alternates earlier.,"[""RMPO027264"", ""RMREV007648"", ""RMPO029035"", ""RMPOL0029382""]",1200.0,1,lowest-cost estimate at decision time; realised supply worse than notified
DEC00493,EVT00324,2025-01-31,category_manager,expedite,"[{""option"": ""accept_delay"", ""est_cost"": 932.46, ""est_stockout_days"": 14, ""risk"": ""high"", ""feasible"": true}, {""option"": ""expedite"", ""est_cost"": 743.97, ""est_stockout_days"": 8, ""risk"": ""low"", ""feasible"": true}, {""option"": ""switch_supplier"", ""est_cost"": 2171.12, ""est_stockout_days"": 14, ""risk"": ""medium"", ""feasible"": false}]",expedite RMPO028783 with Supplier 054 (SUP0054),"Chose expedite (est. cost 744, 8 stockout days, low risk) over accept delay (932 / 14d); switch supplier could not land in time; plan assumed supplier ETA 2025-02-18.",743.97,8,730.65,9,success,2025-03-10,Expedite worked: actual 9 stockout days vs 8 planned.,"[""RMPO028783"", ""RMREV007658"", ""RMREV007659""]",131.21,1,expedite into P05 (premium lane)
DEC00494,EVT00337,2025-01-31,buyer,expedite,"[{""option"": ""accept_delay"", ""est_cost"": 984.34, ""est_stockout_days"": 12, ""risk"": ""high"", ""feasible"": true}, {""option"": ""expedite"", ""est_cost"": 850.03, ""est_stockout_days"": 9, ""risk"": ""low"", ""feasible"": true}, {""option"": ""substitute_rm"", ""est_cost"": 8000.0, ""est_stockout_days"": 0, ""risk"": ""medium"", ""feasible"": false}]",expedite RMPO028708 with Supplier 185 (SUP0185),"Chose expedite (est. cost 850, 9 stockout days, low risk) over accept delay (984 / 12d); substitute rm could not land in time; plan assumed supplier ETA 2025-02-24.",850.03,9,1046.89,12,partial,2025-03-10,Expedite only partly worked: the alternate lane was hit by the same country disruption. Next time pad the supplier ETA and check alternates earlier.,"[""RMPO028708"", ""RMREV007656"", ""RMREV007657""]",62.56,1,active country shock; root cause rail_disruption
DEC00495,EVT00333,2025-01-31,buyer,expedite,"[{""option"": ""accept_delay"", ""est_cost"": 46.49, ""est_stockout_days"": 3, ""risk"": ""high"", ""feasible"": true}, {""option"": ""expedite"", ""est_cost"": 19.04, ""est_stockout_days"": 0, ""risk"": ""low"", ""feasible"": true}, {""option"": ""substitute_rm"", ""est_cost"": 8000.0, ""est_stockout_days"": 0, ""risk"": ""medium"", ""feasible"": false}]",expedite RMPO028291 with Supplier 013 (SUP0013),"Chose expedite (est. cost 19, 0 stockout days, low risk) over accept delay (46 / 3d); substitute rm could not land in time; plan assumed supplier ETA 2025-02-11.",19.04,0,56.24,3,partial,2025-03-12,Expedite only partly worked: supply arrived later than notified (3 vs 0 stockout days). Next time pad the supplier ETA and check alternates earlier.,"[""RMPO028291"", ""RMREV007653"", ""RMREV007654""]",9.74,1,root cause port_congestion
DEC00496,EVT00343,2025-01-31,buyer,expedite,"[{""option"": ""accept_delay"", ""est_cost"": 450.94, ""est_stockout_days"": 2, ""risk"": ""high"", ""feasible"": true}, {""option"": ""expedite"", ""est_cost"": 228.11, ""est_stockout_days"": 0, ""risk"": ""low"", ""feasible"": true}, {""option"": ""switch_supplier"", ""est_cost"": 1669.24, ""est_stockout_days"": 2, ""risk"": ""high"", ""feasible"": false}, {""option"": ""substitute_rm"", ""est_cost"": 8000.0, ""est_stockout_days"": 0, ""risk"": ""medium"", ""feasible"": false}]",expedite RMPO029031 with Supplier 039 (SUP0039),"Chose expedite (est. cost 228, 0 stockout days, low risk) over accept delay (451 / 2d); switch supplier, substitute rm could not land in time; plan assumed supplier ETA 2025-02-13.",228.11,0,1039.8,4,partial,2025-03-10,Expedite only partly worked: supply arrived later than notified (4 vs 0 stockout days). Next time pad the supplier ETA and check alternates earlier.,"[""RMPO029031"", ""RMREV007661"", ""RMREV007662""]",137.92,1,root cause port_congestion
DEC00497,EVT00331,2025-02-01,plant_scheduler,expedite,"[{""option"": ""accept_delay"", ""est_cost"": 110.69, ""est_stockout_days"": 3, ""risk"": ""medium"", ""feasible"": true}, {""option"": ""expedite"", ""est_cost"": 49.41, ""est_stockout_days"": 0, ""risk"": ""low"", ""feasible"": true}, {""option"": ""switch_supplier"", ""est_cost"": 1325.02, ""est_stockout_days"": 3, ""risk"": ""medium"", ""feasible"": false}, {""option"": ""substitute_rm"", ""est_cost"": 8000.0, ""est_stockout_days"": 0, ""risk"": ""medium"", ""feasible"": false}]",expedite RMPO027884 with Supplier 103 (SUP0103),"Chose expedite (est. cost 49, 0 stockout days, low risk) over accept delay (111 / 3d); switch supplier, substitute rm could not land in time; plan assumed supplier ETA 2025-02-11.",49.41,0,137.96,3,partial,2025-03-12,Expedite only partly worked: the alternate lane was hit by the same country disruption. Next time pad the supplier ETA and check alternates earlier.,"[""RMPO027884"", ""RMREV007668"", ""RMREV007669""]",27.27,1,active country shock; root cause port_congestion
DEC00498,EVT00338,2025-02-01,supply_planner,expedite,"[{""option"": ""accept_delay"", ""est_cost"": 1395.18, ""est_stockout_days"": 13, ""risk"": ""high"", ""feasible"": true}, {""option"": ""expedite"", ""est_cost"": 782.35, ""est_stockout_days"": 5, ""risk"": ""low"", ""feasible"": true}, {""option"": ""switch_supplier"", ""est_cost"": 2611.31, ""est_stockout_days"": 13, ""risk"": ""high"", ""feasible"": false}]",expedite RMPO027836 with Supplier 051 (SUP0051),"Chose expedite (est. cost 782, 5 stockout days, low risk) over accept delay (1,395 / 13d); switch supplier could not land in time; plan assumed supplier ETA 2025-02-25.",782.35,5,932.6,8,partial,2025-03-13,Expedite only partly worked: the alternate lane was hit by the same country disruption. Next time pad the supplier ETA and check alternates earlier.,"[""RMPO027836"", ""RMREV007666"", ""RMREV007667""]",74.03,1,active country shock; root cause port_congestion
DEC00499,EVT00341,2025-02-01,buyer,expedite,"[{""option"": ""accept_delay"", ""est_cost"": 274.48, ""est_stockout_days"": 3, ""risk"": ""high"", ""feasible"": true}, {""option"": ""expedite"", ""est_cost"": 247.22, ""est_stockout_days"": 0, ""risk"": ""medium"", ""feasible"": true}]",expedite RMPO027974 with Supplier 182 (SUP0182),"Chose expedite (est. cost 247, 0 stockout days, medium risk) over accept delay (274 / 3d); plan assumed supplier ETA 2025-02-13.",247.22,0,466.8,3,partial,2025-03-15,Expedite only partly worked: the alternate lane was hit by the same country disruption; premium freight into P05 costs about twice the network average. Next time pad the supplier ETA and check alternates earlier.,"[""RMPO027974"", ""RMREV007670"", ""RMREV007671""]",192.32,1,active country shock; root cause port_congestion; expedite into P05 (premium lane)
DEC00500,EVT00344,2025-02-02,supply_chain_director,accept_delay,"[{""option"": ""accept_delay"", ""est_cost"": 11410.86, ""est_stockout_days"": 13, ""risk"": ""high"", ""feasible"": true}, {""option"": ""expedite"", ""est_cost"": 12723.58, ""est_stockout_days"": 10, ""risk"": ""high"", ""feasible"": true}]",accept the revised ETA on RMPO027793 and cover gaps with spot buys,"Chose accept delay (est. cost 11,411, 13 stockout days, high risk) over expedite (12,724 / 10d); plan assumed supplier ETA 2025-02-28.",11410.86,13,4388.79,5,success,2025-03-12,Accept delay worked: actual 5 stockout days vs 13 planned.,"[""RMPO027793"", ""RMREV007686""]",0.0,0,
DEC00501,EVT00341,2025-02-02,supply_planner,expedite,"[{""option"": ""accept_delay"", ""est_cost"": 1211.06, ""est_stockout_days"": 7, ""risk"": ""high"", ""feasible"": true}, {""option"": ""expedite"", ""est_cost"": 698.46, ""est_stockout_days"": 3, ""risk"": ""medium"", ""feasible"": true}]",expedite RMPO027726 with Supplier 182 (SUP0182),"Chose expedite (est. cost 698, 3 stockout days, medium risk) over accept delay (1,211 / 7d); plan assumed supplier ETA 2025-02-16.",698.46,3,1252.09,7,partial,2025-03-12,Expedite only partly worked: the alternate lane was hit by the same country disruption. Next time pad the supplier ETA and check alternates earlier.,"[""RMPO027726"", ""RMREV007681"", ""RMREV007682"", ""RMREV007701""]",41.03,1,active country shock; root cause port_congestion
DEC00502,EVT00342,2025-02-02,supply_planner,expedite,"[{""option"": ""accept_delay"", ""est_cost"": 1178.99, ""est_stockout_days"": 10, ""risk"": ""high"", ""feasible"": true}, {""option"": ""expedite"", ""est_cost"": 688.48, ""est_stockout_days"": 4, ""risk"": ""medium"", ""feasible"": true}, {""option"": ""switch_supplier"", ""est_cost"": 2378.99, ""est_stockout_days"": 10, ""risk"": ""high"", ""feasible"": false}]",expedite RMPO027790 with Supplier 191 (SUP0191),"Chose expedite (est. cost 688, 4 stockout days, medium risk) over accept delay (1,179 / 10d); switch supplier could not land in time; plan assumed supplier ETA 2025-02-19.",688.48,4,1018.6,8,partial,2025-03-11,Expedite only partly worked: the alternate lane was hit by the same country disruption. Next time pad the supplier ETA and check alternates earlier.,"[""RMPO027790"", ""RMREV007684"", ""RMREV007685""]",75.4,1,active country shock; root cause port_congestion
DEC00503,EVT00325,2025-02-04,category_manager,switch_supplier,"[{""option"": ""accept_delay"", ""est_cost"": 2742.56, ""est_stockout_days"": 11, ""risk"": ""high"", ""feasible"": true}, {""option"": ""expedite"", ""est_cost"": 1510.65, ""est_stockout_days"": 4, ""risk"": ""low"", ""feasible"": true}, {""option"": ""switch_supplier"", ""est_cost"": 1449.32, ""est_stockout_days"": 1, ""risk"": ""medium"", ""feasible"": true}]",place RMPO029239 with the alternate source and cancel RMPO027949,"Chose switch supplier (est. cost 1,449, 1 stockout days, medium risk) over expedite (1,511 / 4d) and accept delay (2,743 / 11d); plan assumed supplier ETA 2025-02-24.",1449.32,1,3230.38,8,failed,2025-03-17,Switch supplier failed: the alternate source also shipped late. Next time pad the supplier ETA and check alternates earlier.,"[""RMPO027949"", ""RMREV007714"", ""RMPO029239"", ""RMPOL0029591""]",1200.0,1,lowest-cost estimate at decision time; realised supply worse than notified
DEC00504,EVT00328,2025-02-04,supply_planner,expedite,"[{""option"": ""accept_delay"", ""est_cost"": 6050.76, ""est_stockout_days"": 14, ""risk"": ""high"", ""feasible"": true}, {""option"": ""expedite"", ""est_cost"": 3591.06, ""est_stockout_days"": 6, ""risk"": ""low"", ""feasible"": true}, {""option"": ""switch_supplier"", ""est_cost"": 5089.78, ""est_stockout_days"": 9, ""risk"": ""medium"", ""feasible"": true}]",expedite RMPO028824 with Supplier 039 (SUP0039),"Chose expedite (est. cost 3,591, 6 stockout days, low risk) over switch supplier (5,090 / 9d) and accept delay (6,051 / 14d); plan assumed supplier ETA 2025-02-25.",3591.06,6,3763.94,8,success,2025-03-16,Expedite worked: actual 8 stockout days vs 6 planned.,"[""RMPO028824"", ""RMREV007726"", ""RMREV007727""]",306.36,0,active country shock; root cause port_congestion
DEC00505,EVT00342,2025-02-04,buyer,expedite,"[{""option"": ""accept_delay"", ""est_cost"": 529.59, ""est_stockout_days"": 4, ""risk"": ""high"", ""feasible"": true}, {""option"": ""expedite"", ""est_cost"": 463.12, ""est_stockout_days"": 0, ""risk"": ""medium"", ""feasible"": true}, {""option"": ""switch_supplier"", ""est_cost"": 1729.59, ""est_stockout_days"": 4, ""risk"": ""high"", ""feasible"": false}]",expedite RMPO027794 with Supplier 191 (SUP0191),"Chose expedite (est. cost 463, 0 stockout days, medium risk) over accept delay (530 / 4d); switch supplier could not land in time; plan assumed supplier ETA 2025-02-18.",463.12,0,1151.58,6,failed,2025-03-17,Expedite failed: the alternate lane was hit by the same country disruption. Next time pad the supplier ETA and check alternates earlier.,"[""RMPO027794"", ""RMREV007711"", ""RMREV007712""]",357.2,1,active country shock; root cause port_congestion; lowest-cost estimate at decision time; realised supply worse than notified
DEC00506,EVT00345,2025-02-04,category_manager,renegotiate,"[{""option"": ""renegotiate"", ""est_cost"": 1807.06, ""est_stockout_days"": 0, ""risk"": ""medium"", ""feasible"": true}, {""option"": ""accept_delay"", ""est_cost"": 4517.64, ""est_stockout_days"": 0, ""risk"": ""low"", ""feasible"": true}, {""option"": ""substitute_rm"", ""est_cost"": 23000.0, ""est_stockout_days"": 0, ""risk"": ""high"", ""feasible"": false}]",open price negotiation with Supplier 185 (SUP0185) on RM0043,"Chose renegotiate (est. cost 1,807, 0 stockout days, medium risk) over accept delay (4,518 / 0d); substitute rm could not land in time.",1807.06,0,2074.63,0,success,2025-06-06,Renegotiate worked: actual 0 stockout days vs 0 planned.,"[""NEG0026"", ""CAT00259"", ""CAT00261""]",2500.0,1,
DEC00507,EVT00337,2025-02-05,buyer,expedite,"[{""option"": ""accept_delay"", ""est_cost"": 1264.8, ""est_stockout_days"": 7, ""risk"": ""high"", ""feasible"": true}, {""option"": ""expedite"", ""est_cost"": 287.0, ""est_stockout_days"": 0, ""risk"": ""low"", ""feasible"": true}, {""option"": ""substitute_rm"", ""est_cost"": 8000.0, ""est_stockout_days"": 0, ""risk"": ""medium"", ""feasible"": false}]",expedite RMPO028709 with Supplier 185 (SUP0185),"Chose expedite (est. cost 287, 0 stockout days, low risk) over accept delay (1,265 / 7d); substitute rm could not land in time; plan assumed supplier ETA 2025-02-18.",287.0,0,1298.84,7,failed,2025-03-17,Expedite failed: the alternate lane was hit by the same country disruption. Next time pad the supplier ETA and check alternates earlier.,"[""RMPO028709"", ""RMREV007754"", ""RMREV007755""]",34.04,1,active country shock; root cause rail_disruption; lowest-cost estimate at decision time; realised supply worse than notified
DEC00508,EVT00347,2025-02-05,supply_planner,expedite,"[{""option"": ""accept_delay"", ""est_cost"": 4054.92, ""est_stockout_days"": 10, ""risk"": ""high"", ""feasible"": true}, {""option"": ""expedite"", ""est_cost"": 3604.54, ""est_stockout_days"": 7, ""risk"": ""high"", ""feasible"": true}, {""option"": ""switch_supplier"", ""est_cost"": 5430.36, ""est_stockout_days"": 10, ""risk"": ""medium"", ""feasible"": false}]",expedite RMPO027796 with Supplier 228 (SUP0228),"Chose expedite (est. cost 3,605, 7 stockout days, high risk) over accept delay (4,055 / 10d); switch supplier could not land in time; plan assumed supplier ETA 2025-02-26.",3604.54,7,4577.72,10,partial,2025-03-17,Expedite only partly worked: supply arrived later than notified (10 vs 7 stockout days). Next time pad the supplier ETA and check alternates earlier.,"[""RMPO027796"", ""RMREV007740"", ""RMREV007741""]",522.8,0,
DEC00509,EVT00339,2025-02-06,buyer,expedite,"[{""option"": ""accept_delay"", ""est_cost"": 4755.44, ""est_stockout_days"": 10, ""risk"": ""high"", ""feasible"": true}, {""option"": ""expedite"", ""est_cost"": 4143.91, ""est_stockout_days"": 7, ""risk"": ""low"", ""feasible"": true}]",expedite RMPO029238 with Supplier 054 (SUP0054),"Chose expedite (est. cost 4,144, 7 stockout days, low risk) over accept delay (4,755 / 10d); plan assumed supplier ETA 2025-02-23.",4143.91,7,5285.21,10,partial,2025-03-15,Expedite only partly worked: the alternate lane was hit by the same country disruption. Next time pad the supplier ETA and check alternates earlier.,"[""RMPO029238"", ""RMREV007777"", ""RMREV007778""]",529.77,1,active country shock; root cause port_congestion
DEC00510,EVT00320,2025-02-06,buyer,accept_delay,"[{""option"": ""accept_delay"", ""est_cost"": 99.49, ""est_stockout_days"": 1, ""risk"": ""medium"", ""feasible"": true}, {""option"": ""expedite"", ""est_cost"": 166.9, ""est_stockout_days"": 0, ""risk"": ""high"", ""feasible"": true}, {""option"": ""substitute_rm"", ""est_cost"": 8000.0, ""est_stockout_days"": 0, ""risk"": ""medium"", ""feasible"": false}]",accept the revised ETA on RMPO028034 and cover gaps with spot buys,"Chose accept delay (est. cost 99, 1 stockout days, medium risk) over expedite (167 / 0d); substitute rm could not land in time; plan assumed supplier ETA 2025-02-14.",99.49,1,99.49,1,success,2025-03-20,Accept delay worked: actual 1 stockout days vs 1 planned.,"[""RMPO028034"", ""RMREV007765""]",0.0,0,active country shock; root cause port_congestion
DEC00511,EVT00349,2025-02-07,supply_chain_director,expedite,"[{""option"": ""accept_delay"", ""est_cost"": 756.47, ""est_stockout_days"": 13, ""risk"": ""high"", ""feasible"": true}, {""option"": ""expedite"", ""est_cost"": 400.44, ""est_stockout_days"": 5, ""risk"": ""low"", ""feasible"": true}, {""option"": ""switch_supplier"", ""est_cost"": 1200.0, ""est_stockout_days"": 0, ""risk"": ""medium"", ""feasible"": true}]",expedite RMPO027308 with Supplier 044 (SUP0044),"Chose expedite (est. cost 400, 5 stockout days, low risk) over accept delay (756 / 13d) and switch supplier (1,200 / 0d); plan assumed supplier ETA 2025-02-27.",400.44,5,799.52,13,failed,2025-03-18,Expedite failed: supply arrived later than notified (13 vs 5 stockout days). Next time pad the supplier ETA and check alternates earlier.,"[""RMPO027308"", ""RMREV007779"", ""RMREV007780"", ""RMREV007796""]",16.39,1,lowest-cost estimate at decision time; realised supply worse than notified
DEC00512,EVT00336,2025-02-07,supply_planner,switch_supplier,"[{""option"": ""accept_delay"", ""est_cost"": 4033.89, ""est_stockout_days"": 14, ""risk"": ""high"", ""feasible"": true}, {""option"": ""expedite"", ""est_cost"": 3321.43, ""est_stockout_days"": 10, ""risk"": ""low"", ""feasible"": true}, {""option"": ""switch_supplier"", ""est_cost"": 1323.39, ""est_stockout_days"": 0, ""risk"": ""medium"", ""feasible"": true}]",place RMPO029247 with the alternate source and cancel RMPO029065,"Chose switch supplier (est. cost 1,323, 0 stockout days, medium risk) over expedite (3,321 / 10d) and accept delay (4,034 / 14d); plan assumed supplier ETA 2025-03-02.",1323.39,0,3340.33,7,failed,2025-03-16,Switch supplier failed: the alternate lane was hit by the same country disruption; the alternate source also shipped late. Next time pad the supplier ETA and check alternates earlier.,"[""RMPO029065"", ""RMREV007794"", ""RMPO029247"", ""RMPOL0029599""]",1323.39,1,active country shock; root cause lead_time_extension; lowest-cost estimate at decision time; realised supply worse than notified
DEC00513,EVT00324,2025-02-08,category_manager,expedite,"[{""option"": ""accept_delay"", ""est_cost"": 1145.09, ""est_stockout_days"": 15, ""risk"": ""high"", ""feasible"": true}, {""option"": ""expedite"", ""est_cost"": 766.28, ""est_stockout_days"": 8, ""risk"": ""medium"", ""feasible"": true}, {""option"": ""switch_supplier"", ""est_cost"": 1352.68, ""est_stockout_days"": 2, ""risk"": ""medium"", ""feasible"": true}]",expedite RMPO027640 with Supplier 118 (SUP0118),"Chose expedite (est. cost 766, 8 stockout days, medium risk) over accept delay (1,145 / 15d) and switch supplier (1,353 / 2d); plan assumed supplier ETA 2025-03-02.",766.28,8,747.49,9,success,2025-03-21,Expedite worked: actual 9 stockout days vs 8 planned.,"[""RMPO027640"", ""RMREV007798"", ""RMREV007799""]",48.69,1,supplier with year-end capacity history
DEC00514,EVT00348,2025-02-08,supply_planner,switch_supplier,"[{""option"": ""accept_delay"", ""est_cost"": 2469.84, ""est_stockout_days"": 10, ""risk"": ""high"", ""feasible"": true}, {""option"": ""expedite"", ""est_cost"": 1744.5, ""est_stockout_days"": 3, ""risk"": ""high"", ""feasible"": true}, {""option"": ""switch_supplier"", ""est_cost"": 1231.07, ""est_stockout_days"": 0, ""risk"": ""high"", ""feasible"": true}]",place RMPO029251 with the alternate source and cancel RMPO028276,"Chose switch supplier (est. cost 1,231, 0 stockout days, high risk) over expedite (1,744 / 3d) and accept delay (2,470 / 10d); plan assumed supplier ETA 2025-03-01.",1231.07,0,2712.98,6,failed,2025-03-19,Switch supplier failed: the alternate lane was hit by the same country disruption; the alternate source also shipped late. Next time pad the supplier ETA and check alternates earlier.,"[""RMPO028276"", ""RMREV007803"", ""RMPO029251"", ""RMPOL0029603""]",1231.07,1,active country shock; root cause port_congestion; lowest-cost estimate at decision time; realised supply worse than notified
DEC00515,EVT00326,2025-02-08,supply_chain_director,accept_delay,"[{""option"": ""accept_delay"", ""est_cost"": 305.7, ""est_stockout_days"": 5, ""risk"": ""high"", ""feasible"": true}, {""option"": ""expedite"", ""est_cost"": 363.78, ""est_stockout_days"": 5, ""risk"": ""low"", ""feasible"": true}, {""option"": ""switch_supplier"", ""est_cost"": 1527.48, ""est_stockout_days"": 5, ""risk"": ""medium"", ""feasible"": false}, {""option"": ""reallocate_stock"", ""est_cost"": 705.7, ""est_stockout_days"": 5, ""risk"": ""high"", ""feasible"": true}, {""option"": ""substitute_rm"", ""est_cost"": 8305.7, ""est_stockout_days"": 5, ""risk"": ""medium"", ""feasible"": false}]",accept the revised ETA on RMPO028858 and cover gaps with spot buys,"Chose accept delay (est. cost 306, 5 stockout days, high risk) over expedite (364 / 5d) and reallocate stock (706 / 5d); switch supplier, substitute rm could not land in time; plan assumed supplier ETA 2025-02-22.",305.7,5,76.58,1,success,2025-03-20,Accept delay worked: actual 1 stockout days vs 5 planned.,"[""RMPO028858"", ""RMREV007808""]",0.0,0,active country shock; root cause port_congestion
DEC00516,EVT00312,2025-02-09,buyer,reallocate_stock,"[{""option"": ""accept_delay"", ""est_cost"": 400.0, ""est_stockout_days"": 2, ""risk"": ""medium"", ""feasible"": true}, {""option"": ""expedite"", ""est_cost"": 488.05, ""est_stockout_days"": 0, ""risk"": ""low"", ""feasible"": true}, {""option"": ""cancel_po"", ""est_cost"": 450.0, ""est_stockout_days"": 1, ""risk"": ""medium"", ""feasible"": true}, {""option"": ""reallocate_stock"", ""est_cost"": 583.02, ""est_stockout_days"": 0, ""risk"": ""low"", ""feasible"": true}]",transfer 11 units of IP00789 into W012 (transfer T0002253),"Chose reallocate stock (est. cost 583, 0 stockout days, low risk) over accept delay (400 / 2d) and cancel po (450 / 1d).",583.02,0,583.02,0,success,2025-03-18,Reallocate stock worked: actual 0 stockout days vs 0 planned.,"[""T0002253""]",583.02,0,
DEC00517,EVT00339,2025-02-09,buyer,expedite,"[{""option"": ""accept_delay"", ""est_cost"": 4759.61, ""est_stockout_days"": 6, ""risk"": ""high"", ""feasible"": true}, {""option"": ""expedite"", ""est_cost"": 1292.21, ""est_stockout_days"": 0, ""risk"": ""low"", ""feasible"": true}]",expedite RMPO029081 with Supplier 054 (SUP0054),"Chose expedite (est. cost 1,292, 0 stockout days, low risk) over accept delay (4,760 / 6d); plan assumed supplier ETA 2025-02-20.",1292.21,0,10652.78,13,failed,2025-03-21,Expedite failed: the alternate lane was hit by the same country disruption. Next time pad the supplier ETA and check alternates earlier.,"[""RMPO029081"", ""RMREV007835"", ""RMREV007836""]",340.29,1,active country shock; root cause port_congestion; lowest-cost estimate at decision time; realised supply worse than notified
DEC00518,EVT00343,2025-02-09,supply_chain_director,expedite,"[{""option"": ""accept_delay"", ""est_cost"": 2687.8, ""est_stockout_days"": 16, ""risk"": ""high"", ""feasible"": true}, {""option"": ""expedite"", ""est_cost"": 1897.19, ""est_stockout_days"": 9, ""risk"": ""low"", ""feasible"": true}, {""option"": ""switch_supplier"", ""est_cost"": 3906.1, ""est_stockout_days"": 16, ""risk"": ""high"", ""feasible"": false}, {""option"": ""substitute_rm"", ""est_cost"": 9343.9, ""est_stockout_days"": 8, ""risk"": ""medium"", ""feasible"": false}]",expedite RMPO029245 with Supplier 039 (SUP0039),"Chose expedite (est. cost 1,897, 9 stockout days, low risk) over accept delay (2,688 / 16d); switch supplier, substitute rm could not land in time; plan assumed supplier ETA 2025-03-08.",1897.19,9,2165.97,12,partial,2025-03-20,Expedite only partly worked: the alternate lane was hit by the same country disruption. Next time pad the supplier ETA and check alternates earlier.,"[""RMPO029245"", ""RMREV007837"", ""RMREV007838""]",150.12,1,active country shock; root cause port_congestion
DEC00519,EVT00346,2025-02-09,category_manager,switch_supplier,"[{""option"": ""switch_supplier"", ""est_cost"": 3500.0, ""est_stockout_days"": 0, ""risk"": ""medium"", ""feasible"": true}, {""option"": ""accept_delay"", ""est_cost"": 9000.0, ""est_stockout_days"": 4, ""risk"": ""high"", ""feasible"": true}, {""option"": ""renegotiate"", ""est_cost"": 5000.0, ""est_stockout_days"": 2, ""risk"": ""medium"", ""feasible"": true}]",make Supplier 005 (SUP0005) primary for RM0091 from 2025-02-24,"Chose switch supplier (est. cost 3,500, 0 stockout days, medium risk) over renegotiate (5,000 / 2d) and accept delay (9,000 / 4d).",3500.0,0,8000.0,3,failed,2025-08-29,Switch supplier failed: the alternate source also shipped late. Next time pad the supplier ETA and check alternates earlier.,"[""CAT00583"", ""CAT00584""]",3500.0,1,lowest-cost estimate at decision time; realised supply worse than notified
DEC00520,EVT00350,2025-02-10,supply_planner,expedite,"[{""option"": ""accept_delay"", ""est_cost"": 1452.62, ""est_stockout_days"": 11, ""risk"": ""high"", ""feasible"": true}, {""option"": ""expedite"", ""est_cost"": 759.48, ""est_stockout_days"": 4, ""risk"": ""high"", ""feasible"": true}]",expedite RMPO027914 with Supplier 134 (SUP0134),"Chose expedite (est. cost 759, 4 stockout days, high risk) over accept delay (1,453 / 11d); plan assumed supplier ETA 2025-02-24.",759.48,4,1234.89,9,partial,2025-03-21,Expedite only partly worked: the alternate lane was hit by the same country disruption. Next time pad the supplier ETA and check alternates earlier.,"[""RMPO027914"", ""RMREV007843"", ""RMREV007844""]",46.38,1,active country shock; root cause port_congestion
DEC00521,EVT00343,2025-02-10,plant_scheduler,expedite,"[{""option"": ""accept_delay"", ""est_cost"": 2507.4, ""est_stockout_days"": 15, ""risk"": ""high"", ""feasible"": true}, {""option"": ""expedite"", ""est_cost"": 2251.91, ""est_stockout_days"": 12, ""risk"": ""low"", ""feasible"": true}, {""option"": ""switch_supplier"", ""est_cost"": 3725.7, ""est_stockout_days"": 15, ""risk"": ""high"", ""feasible"": false}, {""option"": ""substitute_rm"", ""est_cost"": 8668.64, ""est_stockout_days"": 4, ""risk"": ""medium"", ""feasible"": false}]",expedite RMPO029246 with Supplier 039 (SUP0039),"Chose expedite (est. cost 2,252, 12 stockout days, low risk) over accept delay (2,507 / 15d); switch supplier, substitute rm could not land in time; plan assumed supplier ETA 2025-03-07.",2251.91,12,1650.13,9,success,2025-03-23,Expedite worked: actual 9 stockout days vs 12 planned.,"[""RMPO029246"", ""RMREV007854"", ""RMREV007855""]",145.69,0,active country shock; root cause port_congestion
DEC00522,EVT00327,2025-02-10,buyer,expedite,"[{""option"": ""accept_delay"", ""est_cost"": 43.67, ""est_stockout_days"": 2, ""risk"": ""medium"", ""feasible"": true}, {""option"": ""expedite"", ""est_cost"": 18.06, ""est_stockout_days"": 0, ""risk"": ""low"", ""feasible"": true}, {""option"": ""switch_supplier"", ""est_cost"": 1249.99, ""est_stockout_days"": 2, ""risk"": ""medium"", ""feasible"": false}]",expedite RMPO028822 with Supplier 039 (SUP0039),"Chose expedite (est. cost 18, 0 stockout days, low risk) over accept delay (44 / 2d); switch supplier could not land in time; plan assumed supplier ETA 2025-02-17.",18.06,0,53.0,2,success,2025-03-20,Expedite worked: actual 2 stockout days vs 0 planned.,"[""RMPO028822"", ""RMREV007852"", ""RMREV007853""]",9.33,0,active country shock; root cause port_congestion
DEC00523,EVT00339,2025-02-11,supply_planner,expedite,"[{""option"": ""accept_delay"", ""est_cost"": 10550.93, ""est_stockout_days"": 14, ""risk"": ""high"", ""feasible"": true}, {""option"": ""expedite"", ""est_cost"": 6119.22, ""est_stockout_days"": 6, ""risk"": ""low"", ""feasible"": true}]",expedite RMPO028837 with Supplier 054 (SUP0054),"Chose expedite (est. cost 6,119, 6 stockout days, low risk) over accept delay (10,551 / 14d); plan assumed supplier ETA 2025-03-02.",6119.22,6,6420.67,8,success,2025-03-22,Expedite worked: actual 8 stockout days vs 6 planned.,"[""RMPO028837"", ""RMREV007866"", ""RMREV007867""]",391.57,1,active country shock; root cause port_congestion
DEC00524,EVT00351,2025-02-11,supply_planner,expedite,"[{""option"": ""accept_delay"", ""est_cost"": 1084.91, ""est_stockout_days"": 16, ""risk"": ""high"", ""feasible"": true}, {""option"": ""expedite"", ""est_cost"": 728.05, ""est_stockout_days"": 9, ""risk"": ""medium"", ""feasible"": true}, {""option"": ""switch_supplier"", ""est_cost"": 1200.0, ""est_stockout_days"": 0, ""risk"": ""medium"", ""feasible"": true}]",expedite RMPO028596 with Supplier 089 (SUP0089),"Chose expedite (est. cost 728, 9 stockout days, medium risk) over accept delay (1,085 / 16d) and switch supplier (1,200 / 0d); plan assumed supplier ETA 2025-03-06.",728.05,9,731.19,9,success,2025-03-21,Expedite worked: actual 9 stockout days vs 9 planned.,"[""RMPO028596"", ""RMREV007860"", ""RMREV007861""]",22.86,0,active country shock; root cause rail_disruption
DEC00525,EVT00329,2025-02-12,category_manager,expedite,"[{""option"": ""accept_delay"", ""est_cost"": 531.78, ""est_stockout_days"": 4, ""risk"": ""high"", ""feasible"": true}, {""option"": ""expedite"", ""est_cost"": 193.95, ""est_stockout_days"": 0, ""risk"": ""medium"", ""feasible"": true}, {""option"": ""switch_supplier"", ""est_cost"": 1784.46, ""est_stockout_days"": 4, ""risk"": ""high"", ""feasible"": false}]",expedite RMPO029197 with Supplier 201 (SUP0201),"Chose expedite (est. cost 194, 0 stockout days, medium risk) over accept delay (532 / 4d); switch supplier could not land in time; plan assumed supplier ETA 2025-03-02.",193.95,0,619.37,4,partial,2025-03-22,Expedite only partly worked: the alternate lane was hit by the same country disruption. Next time pad the supplier ETA and check alternates earlier.,"[""RMPO029197"", ""RMREV007892"", ""RMREV007893""]",87.59,1,active country shock; root cause port_congestion
DEC00526,EVT00352,2025-02-12,buyer,accept_delay,"[{""option"": ""accept_delay"", ""est_cost"": 0.0, ""est_stockout_days"": 0, ""risk"": ""medium"", ""feasible"": true}, {""option"": ""expedite"", ""est_cost"": 492.79, ""est_stockout_days"": 0, ""risk"": ""low"", ""feasible"": true}, {""option"": ""switch_supplier"", ""est_cost"": 1222.62, ""est_stockout_days"": 0, ""risk"": ""high"", ""feasible"": true}]",accept the revised ETA on RMPO028370 and cover gaps with spot buys,"Chose accept delay (est. cost 0, 0 stockout days, medium risk) over expedite (493 / 0d) and switch supplier (1,223 / 0d); plan assumed supplier ETA 2025-02-18.",0.0,0,427.9,5,partial,2025-03-21,Accept delay only partly worked: the alternate lane was hit by the same country disruption. Next time pad the supplier ETA and check alternates earlier.,"[""RMPO028370"", ""RMREV007887""]",0.0,1,active country shock; root cause port_congestion
DEC00527,EVT00341,2025-02-12,buyer,expedite,"[{""option"": ""accept_delay"", ""est_cost"": 370.46, ""est_stockout_days"": 8, ""risk"": ""high"", ""feasible"": true}, {""option"": ""expedite"", ""est_cost"": 284.36, ""est_stockout_days"": 4, ""risk"": ""medium"", ""feasible"": true}]",expedite RMPO028210 with Supplier 182 (SUP0182),"Chose expedite (est. cost 284, 4 stockout days, medium risk) over accept delay (370 / 8d); plan assumed supplier ETA 2025-03-03.",284.36,4,432.54,8,partial,2025-03-24,Expedite only partly worked: the alternate lane was hit by the same country disruption. Next time pad the supplier ETA and check alternates earlier.,"[""RMPO028210"", ""RMREV007885"", ""RMREV007886""]",62.08,1,active country shock; root cause port_congestion
DEC00528,EVT00331,2025-02-13,plant_scheduler,accept_delay,"[{""option"": ""accept_delay"", ""est_cost"": 14.61, ""est_stockout_days"": 1, ""risk"": ""medium"", ""feasible"": true}, {""option"": ""expedite"", ""est_cost"": 17.55, ""est_stockout_days"": 0, ""risk"": ""low"", ""feasible"": true}, {""option"": ""switch_supplier"", ""est_cost"": 1220.97, ""est_stockout_days"": 1, ""risk"": ""medium"", ""feasible"": false}, {""option"": ""substitute_rm"", ""est_cost"": 8000.0, ""est_stockout_days"": 0, ""risk"": ""medium"", ""feasible"": false}]",accept the revised ETA on RMPO028503 and cover gaps with spot buys,"Chose accept delay (est. cost 15, 1 stockout days, medium risk) over expedite (18 / 0d); switch supplier, substitute rm could not land in time; plan assumed supplier ETA 2025-02-21.",14.61,1,74.03,5,partial,2025-03-27,Accept delay only partly worked: the alternate lane was hit by the same country disruption. Next time pad the supplier ETA and check alternates earlier.,"[""RMPO028503"", ""RMREV007904""]",0.0,1,active country shock; root cause port_congestion
DEC00529,EVT00333,2025-02-13,buyer,expedite,"[{""option"": ""accept_delay"", ""est_cost"": 123.18, ""est_stockout_days"": 6, ""risk"": ""high"", ""feasible"": true}, {""option"": ""expedite"", ""est_cost"": 84.08, ""est_stockout_days"": 3, ""risk"": ""low"", ""feasible"": true}, {""option"": ""substitute_rm"", ""est_cost"": 8000.0, ""est_stockout_days"": 0, ""risk"": ""medium"", ""feasible"": false}]",expedite RMPO028788 with Supplier 013 (SUP0013),"Chose expedite (est. cost 84, 3 stockout days, low risk) over accept delay (123 / 6d); substitute rm could not land in time; plan assumed supplier ETA 2025-02-27.",84.08,3,51.23,2,success,2025-03-27,Expedite worked: actual 2 stockout days vs 3 planned.,"[""RMPO028788"", ""RMREV007907"", ""RMREV007908""]",10.17,0,active country shock; root cause port_congestion
DEC00530,EVT00349,2025-02-13,supply_planner,expedite,"[{""option"": ""accept_delay"", ""est_cost"": 939.27, ""est_stockout_days"": 12, ""risk"": ""high"", ""feasible"": true}, {""option"": ""expedite"", ""est_cost"": 646.54, ""est_stockout_days"": 7, ""risk"": ""low"", ""feasible"": true}, {""option"": ""switch_supplier"", ""est_cost"": 2171.78, ""est_stockout_days"": 12, ""risk"": ""medium"", ""feasible"": false}]",expedite RMPO029249 with Supplier 175 (SUP0175),"Chose expedite (est. cost 647, 7 stockout days, low risk) over accept delay (939 / 12d); switch supplier could not land in time; plan assumed supplier ETA 2025-03-01.",646.54,7,693.94,8,success,2025-03-27,Expedite worked: actual 8 stockout days vs 7 planned.,"[""RMPO029249"", ""RMREV007913"", ""RMREV007914""]",20.37,0,active country shock; root cause port_congestion
DEC00531,EVT00338,2025-02-13,buyer,expedite,"[{""option"": ""accept_delay"", ""est_cost"": 272.86, ""est_stockout_days"": 4, ""risk"": ""high"", ""feasible"": true}, {""option"": ""expedite"", ""est_cost"": 215.34, ""est_stockout_days"": 1, ""risk"": ""low"", ""feasible"": true}, {""option"": ""switch_supplier"", ""est_cost"": 1488.86, ""est_stockout_days"": 4, ""risk"": ""high"", ""feasible"": false}]",expedite RMPO028273 with Supplier 051 (SUP0051),"Chose expedite (est. cost 215, 1 stockout days, low risk) over accept delay (273 / 4d); switch supplier could not land in time; plan assumed supplier ETA 2025-02-28.",215.34,1,720.12,9,failed,2025-03-26,Expedite failed: the alternate lane was hit by the same country disruption; premium freight into P05 costs about twice the network average. Next time pad the supplier ETA and check alternates earlier.,"[""RMPO028273"", ""RMREV007899"", ""RMREV007900""]",106.2,1,active country shock; root cause port_congestion; expedite into P05 (premium lane); lowest-cost estimate at decision time; realised supply worse than notified
DEC00532,EVT00313,2025-02-13,supply_planner,reallocate_stock,"[{""option"": ""accept_delay"", ""est_cost"": 400.0, ""est_stockout_days"": 2, ""risk"": ""medium"", ""feasible"": true}, {""option"": ""expedite"", ""est_cost"": 58.81, ""est_stockout_days"": 0, ""risk"": ""low"", ""feasible"": true}, {""option"": ""cancel_po"", ""est_cost"": 450.0, ""est_stockout_days"": 1, ""risk"": ""medium"", ""feasible"": true}, {""option"": ""reallocate_stock"", ""est_cost"": 422.05, ""est_stockout_days"": 0, ""risk"": ""low"", ""feasible"": true}]",transfer 5 units of IP02322 into W009 (transfer T0006965),"Chose reallocate stock (est. cost 422, 0 stockout days, low risk) over expedite (59 / 0d) and accept delay (400 / 2d).",422.05,0,422.05,0,success,2025-03-25,Reallocate stock worked: actual 0 stockout days vs 0 planned.,"[""T0006965""]",422.05,0,
DEC00533,EVT00331,2025-02-14,buyer,expedite,"[{""option"": ""accept_delay"", ""est_cost"": 481.54, ""est_stockout_days"": 12, ""risk"": ""high"", ""feasible"": true}, {""option"": ""expedite"", ""est_cost"": 308.89, ""est_stockout_days"": 6, ""risk"": ""low"", ""feasible"": true}, {""option"": ""switch_supplier"", ""est_cost"": 1450.84, ""est_stockout_days"": 6, ""risk"": ""medium"", ""feasible"": true}, {""option"": ""substitute_rm"", ""est_cost"": 8000.0, ""est_stockout_days"": 0, ""risk"": ""medium"", ""feasible"": false}]",expedite RMPO028611 with Supplier 103 (SUP0103),"Chose expedite (est. cost 309, 6 stockout days, low risk) over accept delay (482 / 12d) and switch supplier (1,451 / 6d); substitute rm could not land in time; plan assumed supplier ETA 2025-03-08.",308.89,6,260.74,6,success,2025-03-28,Expedite worked: actual 6 stockout days vs 6 planned.,"[""RMPO028611"", ""RMREV007920"", ""RMREV007921""]",19.97,0,active country shock; root cause port_congestion
DEC00534,EVT00333,2025-02-14,supply_chain_director,accept_delay,"[{""option"": ""accept_delay"", ""est_cost"": 68.8, ""est_stockout_days"": 5, ""risk"": ""medium"", ""feasible"": true}, {""option"": ""expedite"", ""est_cost"": 71.88, ""est_stockout_days"": 0, ""risk"": ""low"", ""feasible"": true}, {""option"": ""reallocate_stock"", ""est_cost"": 414.84, ""est_stockout_days"": 1, ""risk"": ""high"", ""feasible"": true}, {""option"": ""substitute_rm"", ""est_cost"": 8068.8, ""est_stockout_days"": 5, ""risk"": ""medium"", ""feasible"": false}]",accept the revised ETA on RMPO028533 and cover gaps with spot buys,"Chose accept delay (est. cost 69, 5 stockout days, medium risk) over expedite (72 / 0d) and reallocate stock (415 / 1d); substitute rm could not land in time; plan assumed supplier ETA 2025-02-24.",68.8,5,70.08,5,success,2025-03-26,Accept delay worked: actual 5 stockout days vs 5 planned.,"[""RMPO028533"", ""RMREV007919""]",0.0,0,active country shock; root cause port_congestion
DEC00535,EVT00334,2025-02-15,buyer,expedite,"[{""option"": ""accept_delay"", ""est_cost"": 229.86, ""est_stockout_days"": 10, ""risk"": ""high"", ""feasible"": true}, {""option"": ""expedite"", ""est_cost"": 260.24, ""est_stockout_days"": 5, ""risk"": ""low"", ""feasible"": true}, {""option"": ""substitute_rm"", ""est_cost"": 8620.63, ""est_stockout_days"": 27, ""risk"": ""medium"", ""feasible"": false}]",expedite RMPO029063 with Supplier 039 (SUP0039),"Chose expedite (est. cost 260, 5 stockout days, low risk) over accept delay (230 / 10d); substitute rm could not land in time; plan assumed supplier ETA 2025-03-07.",260.24,5,339.8,5,success,2025-03-26,Expedite worked: actual 5 stockout days vs 5 planned.,"[""RMPO029063"", ""RMREV007937"", ""RMREV007938""]",122.32,0,active country shock; root cause port_congestion
DEC00536,EVT00338,2025-02-15,plant_scheduler,expedite,"[{""option"": ""accept_delay"", ""est_cost"": 933.14, ""est_stockout_days"": 11, ""risk"": ""high"", ""feasible"": true}, {""option"": ""expedite"", ""est_cost"": 458.72, ""est_stockout_days"": 3, ""risk"": ""low"", ""feasible"": true}, {""option"": ""switch_supplier"", ""est_cost"": 2149.14, ""est_stockout_days"": 11, ""risk"": ""high"", ""feasible"": false}]",expedite RMPO028033 with Supplier 051 (SUP0051),"Chose expedite (est. cost 459, 3 stockout days, low risk) over accept delay (933 / 11d); switch supplier could not land in time; plan assumed supplier ETA 2025-03-02.",458.72,3,1001.63,11,failed,2025-03-26,Expedite failed: the alternate lane was hit by the same country disruption. Next time pad the supplier ETA and check alternates earlier.,"[""RMPO028033"", ""RMREV007929"", ""RMREV007930""]",68.5,1,active country shock; root cause port_congestion; lowest-cost estimate at decision time; realised supply worse than notified
DEC00537,EVT00314,2025-02-15,buyer,reallocate_stock,"[{""option"": ""accept_delay"", ""est_cost"": 400.0, ""est_stockout_days"": 2, ""risk"": ""medium"", ""feasible"": true}, {""option"": ""expedite"", ""est_cost"": 685.49, ""est_stockout_days"": 0, ""risk"": ""low"", ""feasible"": true}, {""option"": ""cancel_po"", ""est_cost"": 450.0, ""est_stockout_days"": 1, ""risk"": ""medium"", ""feasible"": true}, {""option"": ""reallocate_stock"", ""est_cost"": 657.06, ""est_stockout_days"": 0, ""risk"": ""low"", ""feasible"": true}]",transfer 20 units of IP00074 into W011 (transfer T0004104),"Chose reallocate stock (est. cost 657, 0 stockout days, low risk) over accept delay (400 / 2d) and cancel po (450 / 1d).",657.06,0,657.06,0,success,2025-03-28,Reallocate stock worked: actual 0 stockout days vs 0 planned.,"[""T0004104""]",657.06,0,
DEC00538,EVT00351,2025-02-16,category_manager,accept_delay,"[{""option"": ""accept_delay"", ""est_cost"": 49.72, ""est_stockout_days"": 1, ""risk"": ""medium"", ""feasible"": true}, {""option"": ""expedite"", ""est_cost"": 82.58, ""est_stockout_days"": 0, ""risk"": ""low"", ""feasible"": true}, {""option"": ""switch_supplier"", ""est_cost"": 1294.12, ""est_stockout_days"": 1, ""risk"": ""medium"", ""feasible"": false}]",accept the revised ETA on RMPO029427 and cover gaps with spot buys,"Chose accept delay (est. cost 50, 1 stockout days, medium risk) over expedite (83 / 0d); switch supplier could not land in time; plan assumed supplier ETA 2025-02-25.",49.72,1,139.23,2,success,2025-03-29,Accept delay worked: actual 2 stockout days vs 1 planned.,"[""RMPO029427"", ""RMREV007950""]",0.0,0,active country shock; root cause port_congestion
DEC00539,EVT00353,2025-02-17,buyer,expedite,"[{""option"": ""accept_delay"", ""est_cost"": 774.11, ""est_stockout_days"": 13, ""risk"": ""high"", ""feasible"": true}, {""option"": ""expedite"", ""est_cost"": 471.66, ""est_stockout_days"": 6, ""risk"": ""high"", ""feasible"": true}, {""option"": ""substitute_rm"", ""est_cost"": 8000.0, ""est_stockout_days"": 0, ""risk"": ""medium"", ""feasible"": false}]",expedite RMPO028744 with Supplier 214 (SUP0214),"Chose expedite (est. cost 472, 6 stockout days, high risk) over accept delay (774 / 13d); substitute rm could not land in time; plan assumed supplier ETA 2025-03-13.",471.66,6,626.48,10,partial,2025-03-29,Expedite only partly worked: the alternate lane was hit by the same country disruption. Next time pad the supplier ETA and check alternates earlier.,"[""RMPO028744"", ""RMREV007958"", ""RMREV007959""]",31.01,1,active country shock; root cause port_congestion
DEC00540,EVT00354,2025-02-17,plant_scheduler,expedite,"[{""option"": ""accept_delay"", ""est_cost"": 1932.57, ""est_stockout_days"": 11, ""risk"": ""high"", ""feasible"": true}, {""option"": ""expedite"", ""est_cost"": 1693.97, ""est_stockout_days"": 7, ""risk"": ""medium"", ""feasible"": true}, {""option"": ""switch_supplier"", ""est_cost"": 3148.08, ""est_stockout_days"": 11, ""risk"": ""high"", ""feasible"": false}, {""option"": ""substitute_rm"", ""est_cost"": 8527.06, ""est_stockout_days"": 3, ""risk"": ""medium"", ""feasible"": false}]",expedite RMPO028751 with Supplier 217 (SUP0217),"Chose expedite (est. cost 1,694, 7 stockout days, medium risk) over accept delay (1,933 / 11d); switch supplier, substitute rm could not land in time; plan assumed supplier ETA 2025-03-09.",1693.97,7,2256.17,11,partial,2025-03-30,Expedite only partly worked: the alternate lane was hit by the same country disruption; premium freight into P05 costs about twice the network average. Next time pad the supplier ETA and check alternates earlier.,"[""RMPO028751"", ""RMREV007960"", ""RMREV007961""]",323.61,1,active country shock; root cause port_congestion; expedite into P05 (premium lane)
DEC00541,EVT00351,2025-02-18,buyer,expedite,"[{""option"": ""accept_delay"", ""est_cost"": 133.17, ""est_stockout_days"": 2, ""risk"": ""medium"", ""feasible"": true}, {""option"": ""expedite"", ""est_cost"": 92.99, ""est_stockout_days"": 0, ""risk"": ""low"", ""feasible"": true}, {""option"": ""switch_supplier"", ""est_cost"": 1362.77, ""est_stockout_days"": 2, ""risk"": ""medium"", ""feasible"": false}]",expedite RMPO029686 with Supplier 175 (SUP0175),"Chose expedite (est. cost 93, 0 stockout days, low risk) over accept delay (133 / 2d); switch supplier could not land in time; plan assumed supplier ETA 2025-02-27.",92.99,0,199.52,2,success,2025-03-31,Expedite worked: actual 2 stockout days vs 0 planned.,"[""RMPO029686"", ""RMREV007988"", ""RMREV007989""]",66.36,0,active country shock; root cause port_congestion; expedite into P05 (premium lane)
DEC00542,EVT00355,2025-02-18,supply_planner,expedite,"[{""option"": ""accept_delay"", ""est_cost"": 3636.74, ""est_stockout_days"": 14, ""risk"": ""high"", ""feasible"": true}, {""option"": ""expedite"", ""est_cost"": 2524.54, ""est_stockout_days"": 7, ""risk"": ""low"", ""feasible"": true}, {""option"": ""switch_supplier"", ""est_cost"": 3018.37, ""est_stockout_days"": 7, ""risk"": ""medium"", ""feasible"": true}]",expedite RMPO029292 with Supplier 039 (SUP0039),"Chose expedite (est. cost 2,525, 7 stockout days, low risk) over switch supplier (3,018 / 7d) and accept delay (3,637 / 14d); plan assumed supplier ETA 2025-03-13.",2524.54,7,2160.87,7,success,2025-03-27,Expedite worked: actual 7 stockout days vs 7 planned.,"[""RMPO029292"", ""RMREV007972"", ""RMREV007973""]",342.5,0,active country shock; root cause port_congestion; expedite into P05 (premium lane)
DEC00543,EVT00326,2025-02-18,supply_planner,accept_delay,"[{""option"": ""accept_delay"", ""est_cost"": 474.61, ""est_stockout_days"": 15, ""risk"": ""medium"", ""feasible"": true}, {""option"": ""expedite"", ""est_cost"": 511.18, ""est_stockout_days"": 15, ""risk"": ""low"", ""feasible"": true}, {""option"": ""switch_supplier"", ""est_cost"": 1689.67, ""est_stockout_days"": 15, ""risk"": ""medium"", ""feasible"": false}]",accept the revised ETA on RMPO029429 and cover gaps with spot buys,"Chose accept delay (est. cost 475, 15 stockout days, medium risk) over expedite (511 / 15d); switch supplier could not land in time; plan assumed supplier ETA 2025-02-24.",474.61,15,0.0,0,success,2025-04-01,Accept delay worked: actual 0 stockout days vs 15 planned.,"[""RMPO029429"", ""RMREV007881"", ""RMREV007975""]",0.0,0,active country shock; root cause port_congestion
DEC00544,EVT00341,2025-02-19,supply_planner,expedite,"[{""option"": ""accept_delay"", ""est_cost"": 1666.0, ""est_stockout_days"": 7, ""risk"": ""high"", ""feasible"": true}, {""option"": ""expedite"", ""est_cost"": 998.12, ""est_stockout_days"": 2, ""risk"": ""medium"", ""feasible"": true}]",expedite RMPO028211 with Supplier 182 (SUP0182),"Chose expedite (est. cost 998, 2 stockout days, medium risk) over accept delay (1,666 / 7d); plan assumed supplier ETA 2025-03-07.",998.12,2,1950.12,7,partial,2025-03-29,Expedite only partly worked: the alternate lane was hit by the same country disruption. Next time pad the supplier ETA and check alternates earlier.,"[""RMPO028211"", ""RMREV007994"", ""RMREV007995""]",284.13,1,active country shock; root cause port_congestion
DEC00545,EVT00348,2025-02-19,supply_planner,expedite,"[{""option"": ""accept_delay"", ""est_cost"": 1509.22, ""est_stockout_days"": 6, ""risk"": ""high"", ""feasible"": true}, {""option"": ""expedite"", ""est_cost"": 622.68, ""est_stockout_days"": 0, ""risk"": ""high"", ""feasible"": true}, {""option"": ""switch_supplier"", ""est_cost"": 1231.77, ""est_stockout_days"": 0, ""risk"": ""high"", ""feasible"": true}]",expedite RMPO028512 with Supplier 134 (SUP0134),"Chose expedite (est. cost 623, 0 stockout days, high risk) over switch supplier (1,232 / 0d) and accept delay (1,509 / 6d); plan assumed supplier ETA 2025-03-06.",622.68,0,1830.06,6,failed,2025-03-30,Expedite failed: the alternate lane was hit by the same country disruption. Next time pad the supplier ETA and check alternates earlier.,"[""RMPO028512"", ""RMREV008000"", ""RMREV008001""]",320.84,1,active country shock; root cause port_congestion; lowest-cost estimate at decision time; realised supply worse than notified
DEC00546,EVT00357,2025-02-20,supply_chain_director,expedite,"[{""option"": ""accept_delay"", ""est_cost"": 290.1, ""est_stockout_days"": 5, ""risk"": ""high"", ""feasible"": true}, {""option"": ""expedite"", ""est_cost"": 112.73, ""est_stockout_days"": 0, ""risk"": ""low"", ""feasible"": true}, {""option"": ""substitute_rm"", ""est_cost"": 8000.0, ""est_stockout_days"": 0, ""risk"": ""medium"", ""feasible"": false}]",expedite RMPO029767 with Supplier 185 (SUP0185),"Chose expedite (est. cost 113, 0 stockout days, low risk) over accept delay (290 / 5d); substitute rm could not land in time; plan assumed supplier ETA 2025-03-06.",112.73,0,344.81,5,partial,2025-03-31,Expedite only partly worked: supply arrived later than notified (5 vs 0 stockout days). Next time pad the supplier ETA and check alternates earlier.,"[""RMPO029767"", ""RMREV008020"", ""RMREV008021""]",54.71,1,
DEC00547,EVT00335,2025-02-20,buyer,accept_delay,"[{""option"": ""accept_delay"", ""est_cost"": 0.0, ""est_stockout_days"": 0, ""risk"": ""medium"", ""feasible"": true}, {""option"": ""switch_supplier"", ""est_cost"": 1238.39, ""est_stockout_days"": 0, ""risk"": ""medium"", ""feasible"": false}, {""option"": ""substitute_rm"", ""est_cost"": 8250.93, ""est_stockout_days"": 4, ""risk"": ""medium"", ""feasible"": false}]",accept the revised ETA on RMPO029241 and cover gaps with spot buys,"Chose accept delay (est. cost 0, 0 stockout days, medium risk); switch supplier, substitute rm could not land in time; plan assumed supplier ETA 2025-02-23.",0.0,0,125.46,2,success,2025-03-29,Accept delay worked: actual 2 stockout days vs 0 planned.,"[""RMPO029241"", ""RMREV008017""]",0.0,0,active country shock; root cause port_congestion
DEC00548,EVT00358,2025-02-21,supply_planner,expedite,"[{""option"": ""accept_delay"", ""est_cost"": 390.8, ""est_stockout_days"": 9, ""risk"": ""high"", ""feasible"": true}, {""option"": ""expedite"", ""est_cost"": 188.16, ""est_stockout_days"": 2, ""risk"": ""medium"", ""feasible"": true}, {""option"": ""switch_supplier"", ""est_cost"": 1601.74, ""est_stockout_days"": 9, ""risk"": ""medium"", ""feasible"": false}]",expedite RMPO029240 with Supplier 062 (SUP0062),"Chose expedite (est. cost 188, 2 stockout days, medium risk) over accept delay (391 / 9d); switch supplier could not land in time; plan assumed supplier ETA 2025-03-09.",188.16,2,344.48,7,partial,2025-03-30,Expedite only partly worked: supply arrived later than notified (7 vs 2 stockout days). Next time pad the supplier ETA and check alternates earlier.,"[""RMPO029240"", ""RMREV008024"", ""RMREV008025""]",40.53,0,
DEC00549,EVT00339,2025-02-22,supply_planner,expedite,"[{""option"": ""accept_delay"", ""est_cost"": 3915.65, ""est_stockout_days"": 12, ""risk"": ""high"", ""feasible"": true}, {""option"": ""expedite"", ""est_cost"": 3148.59, ""est_stockout_days"": 6, ""risk"": ""low"", ""feasible"": true}]",expedite RMPO029314 with Supplier 054 (SUP0054),"Chose expedite (est. cost 3,149, 6 stockout days, low risk) over accept delay (3,916 / 12d); plan assumed supplier ETA 2025-03-12.",3148.59,6,3735.93,9,partial,2025-04-03,Expedite only partly worked: the alternate lane was hit by the same country disruption; premium freight into P05 costs about twice the network average. Next time pad the supplier ETA and check alternates earlier.,"[""RMPO029314"", ""RMREV008034"", ""RMREV008035""]",799.2,1,active country shock; root cause port_congestion; expedite into P05 (premium lane)
DEC00550,EVT00348,2025-02-23,buyer,expedite,"[{""option"": ""accept_delay"", ""est_cost"": 2017.8, ""est_stockout_days"": 5, ""risk"": ""medium"", ""feasible"": true}, {""option"": ""expedite"", ""est_cost"": 1091.38, ""est_stockout_days"": 1, ""risk"": ""high"", ""feasible"": true}, {""option"": ""switch_supplier"", ""est_cost"": 1249.54, ""est_stockout_days"": 0, ""risk"": ""high"", ""feasible"": true}]",expedite RMPO028515 with Supplier 134 (SUP0134),"Chose expedite (est. cost 1,091, 1 stockout days, high risk) over switch supplier (1,250 / 0d) and accept delay (2,018 / 5d); plan assumed supplier ETA 2025-03-05.",1091.38,1,2382.78,5,partial,2025-04-03,Expedite only partly worked: the alternate lane was hit by the same country disruption. Next time pad the supplier ETA and check alternates earlier.,"[""RMPO028515"", ""RMREV008045"", ""RMREV008046""]",364.97,1,active country shock; root cause port_congestion
DEC00551,EVT00357,2025-02-25,category_manager,expedite,"[{""option"": ""accept_delay"", ""est_cost"": 798.89, ""est_stockout_days"": 7, ""risk"": ""high"", ""feasible"": true}, {""option"": ""expedite"", ""est_cost"": 500.31, ""est_stockout_days"": 2, ""risk"": ""low"", ""feasible"": true}, {""option"": ""substitute_rm"", ""est_cost"": 8000.0, ""est_stockout_days"": 0, ""risk"": ""medium"", ""feasible"": false}]",expedite RMPO029772 with Supplier 185 (SUP0185),"Chose expedite (est. cost 500, 2 stockout days, low risk) over accept delay (799 / 7d); substitute rm could not land in time; plan assumed supplier ETA 2025-03-11.",500.31,2,956.81,7,partial,2025-04-06,Expedite only partly worked: premium freight into P05 costs about twice the network average. Next time pad the supplier ETA and check alternates earlier.,"[""RMPO029772"", ""RMREV008073"", ""RMREV008074""]",157.92,1,expedite into P05 (premium lane)
DEC00552,EVT00359,2025-02-27,buyer,expedite,"[{""option"": ""accept_delay"", ""est_cost"": 924.13, ""est_stockout_days"": 7, ""risk"": ""high"", ""feasible"": true}, {""option"": ""expedite"", ""est_cost"": 419.74, ""est_stockout_days"": 0, ""risk"": ""high"", ""feasible"": true}, {""option"": ""switch_supplier"", ""est_cost"": 2218.28, ""est_stockout_days"": 7, ""risk"": ""medium"", ""feasible"": false}, {""option"": ""substitute_rm"", ""est_cost"": 8000.0, ""est_stockout_days"": 0, ""risk"": ""medium"", ""feasible"": false}]",expedite RMPO029036 with Supplier 151 (SUP0151),"Chose expedite (est. cost 420, 0 stockout days, high risk) over accept delay (924 / 7d); switch supplier, substitute rm could not land in time; plan assumed supplier ETA 2025-03-11.",419.74,0,1159.04,7,failed,2025-04-06,Expedite failed: supply arrived later than notified (7 vs 0 stockout days). Next time pad the supplier ETA and check alternates earlier.,"[""RMPO029036"", ""RMREV008099"", ""RMREV008100""]",234.91,1,lowest-cost estimate at decision time; realised supply worse than notified
DEC00553,EVT00361,2025-02-28,supply_planner,accept_delay,"[{""option"": ""accept_delay"", ""est_cost"": 23396.31, ""est_stockout_days"": 17, ""risk"": ""high"", ""feasible"": true}, {""option"": ""expedite"", ""est_cost"": 20887.12, ""est_stockout_days"": 14, ""risk"": ""high"", ""feasible"": true}, {""option"": ""switch_supplier"", ""est_cost"": 25266.71, ""est_stockout_days"": 17, ""risk"": ""high"", ""feasible"": false}]",accept the revised ETA on RMPO029248 and cover gaps with spot buys,"Chose accept delay (est. cost 23,396, 17 stockout days, high risk) over expedite (20,887 / 14d); switch supplier could not land in time; plan assumed supplier ETA 2025-03-24.",23396.31,17,16515.04,12,success,2025-04-08,Accept delay worked: actual 12 stockout days vs 17 planned.,"[""RMPO029248"", ""RMREV008116""]",0.0,0,
DEC00554,EVT00360,2025-02-28,buyer,expedite,"[{""option"": ""accept_delay"", ""est_cost"": 771.5, ""est_stockout_days"": 17, ""risk"": ""high"", ""feasible"": true}, {""option"": ""expedite"", ""est_cost"": 560.27, ""est_stockout_days"": 10, ""risk"": ""medium"", ""feasible"": true}, {""option"": ""switch_supplier"", ""est_cost"": 1339.22, ""est_stockout_days"": 3, ""risk"": ""medium"", ""feasible"": true}]",expedite RMPO028505 with Supplier 033 (SUP0033),"Chose expedite (est. cost 560, 10 stockout days, medium risk) over accept delay (772 / 17d) and switch supplier (1,339 / 3d); plan assumed supplier ETA 2025-03-27.",560.27,10,632.88,13,partial,2025-04-07,Expedite only partly worked: supply arrived later than notified (13 vs 10 stockout days). Next time pad the supplier ETA and check alternates earlier.,"[""RMPO028505"", ""RMREV008111"", ""RMREV008112""]",42.91,1,
DEC00555,EVT00361,2025-03-06,supply_planner,expedite,"[{""option"": ""accept_delay"", ""est_cost"": 14973.78, ""est_stockout_days"": 12, ""risk"": ""high"", ""feasible"": true}, {""option"": ""expedite"", ""est_cost"": 9463.99, ""est_stockout_days"": 6, ""risk"": ""high"", ""feasible"": true}, {""option"": ""switch_supplier"", ""est_cost"": 16173.78, ""est_stockout_days"": 12, ""risk"": ""high"", ""feasible"": false}]",expedite RMPO028815 with Supplier 028 (SUP0028),"Chose expedite (est. cost 9,464, 6 stockout days, high risk) over accept delay (14,974 / 12d); switch supplier could not land in time; plan assumed supplier ETA 2025-03-26.",9463.99,6,12957.87,10,partial,2025-04-16,Expedite only partly worked: supply arrived later than notified (10 vs 6 stockout days). Next time pad the supplier ETA and check alternates earlier.,"[""RMPO028815"", ""RMREV008155"", ""RMREV008156""]",479.72,0,
DEC00556,EVT00356,2025-03-07,supply_planner,accept_delay,"[{""option"": ""accept_delay"", ""est_cost"": 769.57, ""est_stockout_days"": 3, ""risk"": ""medium"", ""feasible"": true}, {""option"": ""switch_supplier"", ""est_cost"": 1991.53, ""est_stockout_days"": 3, ""risk"": ""high"", ""feasible"": false}, {""option"": ""substitute_rm"", ""est_cost"": 8769.57, ""est_stockout_days"": 3, ""risk"": ""medium"", ""feasible"": false}]",accept the revised ETA on RMPO029548 and cover gaps with spot buys,"Chose accept delay (est. cost 770, 3 stockout days, medium risk); switch supplier, substitute rm could not land in time; plan assumed supplier ETA 2025-03-10.",769.57,3,0.0,0,success,2025-04-17,Accept delay worked: actual 0 stockout days vs 3 planned.,"[""RMPO029548"", ""RMREV007976"", ""RMREV008164""]",0.0,0,root cause port_congestion
DEC00557,EVT00363,2025-03-12,plant_scheduler,expedite,"[{""option"": ""accept_delay"", ""est_cost"": 2935.71, ""est_stockout_days"": 13, ""risk"": ""high"", ""feasible"": true}, {""option"": ""expedite"", ""est_cost"": 1962.6, ""est_stockout_days"": 7, ""risk"": ""medium"", ""feasible"": true}, {""option"": ""switch_supplier"", ""est_cost"": 3006.59, ""est_stockout_days"": 8, ""risk"": ""medium"", ""feasible"": true}]",expedite RMPO030033 with Supplier 042 (SUP0042),"Chose expedite (est. cost 1,963, 7 stockout days, medium risk) over accept delay (2,936 / 13d) and switch supplier (3,007 / 8d); plan assumed supplier ETA 2025-03-28.",1962.6,7,3046.55,13,failed,2025-04-22,Expedite failed: supply arrived later than notified (13 vs 7 stockout days). Next time pad the supplier ETA and check alternates earlier.,"[""RMPO030033"", ""RMREV008201"", ""RMREV008202""]",110.84,1,lowest-cost estimate at decision time; realised supply worse than notified
DEC00558,EVT00364,2025-03-13,plant_scheduler,expedite,"[{""option"": ""accept_delay"", ""est_cost"": 4658.86, ""est_stockout_days"": 7, ""risk"": ""high"", ""feasible"": true}, {""option"": ""expedite"", ""est_cost"": 3436.6, ""est_stockout_days"": 1, ""risk"": ""low"", ""feasible"": true}, {""option"": ""switch_supplier"", ""est_cost"": 6007.26, ""est_stockout_days"": 7, ""risk"": ""high"", ""feasible"": false}, {""option"": ""substitute_rm"", ""est_cost"": 8000.0, ""est_stockout_days"": 0, ""risk"": ""medium"", ""feasible"": false}]",expedite RMPO029516 with Supplier 179 (SUP0179),"Chose expedite (est. cost 3,437, 1 stockout days, low risk) over accept delay (4,659 / 7d); switch supplier, substitute rm could not land in time; plan assumed supplier ETA 2025-03-27.",3436.6,1,6631.25,7,failed,2025-04-21,Expedite failed: premium freight into P05 costs about twice the network average. Next time pad the supplier ETA and check alternates earlier.,"[""RMPO029516"", ""RMREV008206"", ""RMREV008207""]",1972.39,1,root cause large_po; expedite into P05 (premium lane); lowest-cost estimate at decision time; realised supply worse than notified
DEC00559,EVT00357,2025-03-14,category_manager,expedite,"[{""option"": ""accept_delay"", ""est_cost"": 1628.6, ""est_stockout_days"": 14, ""risk"": ""high"", ""feasible"": true}, {""option"": ""expedite"", ""est_cost"": 958.62, ""est_stockout_days"": 6, ""risk"": ""low"", ""feasible"": true}, {""option"": ""substitute_rm"", ""est_cost"": 8232.66, ""est_stockout_days"": 2, ""risk"": ""medium"", ""feasible"": false}]",expedite RMPO030230 with Supplier 185 (SUP0185),"Chose expedite (est. cost 959, 6 stockout days, low risk) over accept delay (1,629 / 14d); substitute rm could not land in time; plan assumed supplier ETA 2025-04-04.",958.62,6,1237.8,10,partial,2025-04-20,Expedite only partly worked: supply arrived later than notified (10 vs 6 stockout days). Next time pad the supplier ETA and check alternates earlier.,"[""RMPO030230"", ""RMREV008214"", ""RMREV008215"", ""RMREV008225""]",74.52,1,
DEC00560,EVT00366,2025-03-20,buyer,expedite,"[{""option"": ""accept_delay"", ""est_cost"": 1940.21, ""est_stockout_days"": 11, ""risk"": ""high"", ""feasible"": true}, {""option"": ""expedite"", ""est_cost"": 1580.62, ""est_stockout_days"": 8, ""risk"": ""low"", ""feasible"": true}]",expedite RMPO028930 with Supplier 138 (SUP0138),"Chose expedite (est. cost 1,581, 8 stockout days, low risk) over accept delay (1,940 / 11d); plan assumed supplier ETA 2025-04-09.",1580.62,8,1651.17,9,success,2025-04-28,Expedite worked: actual 9 stockout days vs 8 planned.,"[""RMPO028930"", ""RMREV008264"", ""RMREV008265""]",63.73,1,
DEC00561,EVT00364,2025-03-23,buyer,expedite,"[{""option"": ""accept_delay"", ""est_cost"": 14151.46, ""est_stockout_days"": 19, ""risk"": ""high"", ""feasible"": true}, {""option"": ""expedite"", ""est_cost"": 12568.54, ""est_stockout_days"": 16, ""risk"": ""high"", ""feasible"": true}, {""option"": ""switch_supplier"", ""est_cost"": 13117.02, ""est_stockout_days"": 16, ""risk"": ""medium"", ""feasible"": true}, {""option"": ""substitute_rm"", ""est_cost"": 8000.0, ""est_stockout_days"": 0, ""risk"": ""medium"", ""feasible"": false}]",expedite RMPO029299 with Supplier 047 (SUP0047),"Chose expedite (est. cost 12,569, 16 stockout days, high risk) over switch supplier (13,117 / 16d) and accept delay (14,151 / 19d); substitute rm could not land in time; plan assumed supplier ETA 2025-04-24.",12568.54,16,9887.21,13,success,2025-05-01,Expedite worked: actual 13 stockout days vs 16 planned.,"[""RMPO029299"", ""RMREV008288"", ""RMREV008289""]",204.63,0,
DEC00562,EVT00369,2025-03-24,category_manager,expedite,"[{""option"": ""accept_delay"", ""est_cost"": 3252.34, ""est_stockout_days"": 18, ""risk"": ""high"", ""feasible"": true}, {""option"": ""expedite"", ""est_cost"": 2366.7, ""est_stockout_days"": 11, ""risk"": ""low"", ""feasible"": true}, {""option"": ""substitute_rm"", ""est_cost"": 8000.0, ""est_stockout_days"": 0, ""risk"": ""medium"", ""feasible"": false}]",expedite RMPO030782 with Supplier 185 (SUP0185),"Chose expedite (est. cost 2,367, 11 stockout days, low risk) over accept delay (3,252 / 18d); substitute rm could not land in time; plan assumed supplier ETA 2025-04-19.",2366.7,11,2113.74,11,success,2025-05-01,Expedite worked: actual 11 stockout days vs 11 planned.,"[""RMPO030782"", ""RMREV008310"", ""RMREV008311""]",126.19,1,
DEC00563,EVT00367,2025-03-24,category_manager,expedite,"[{""option"": ""accept_delay"", ""est_cost"": 602.07, ""est_stockout_days"": 11, ""risk"": ""high"", ""feasible"": true}, {""option"": ""expedite"", ""est_cost"": 308.06, ""est_stockout_days"": 3, ""risk"": ""medium"", ""feasible"": true}, {""option"": ""switch_supplier"", ""est_cost"": 1476.74, ""est_stockout_days"": 5, ""risk"": ""medium"", ""feasible"": true}]",expedite RMPO029059 with Supplier 033 (SUP0033),"Chose expedite (est. cost 308, 3 stockout days, medium risk) over accept delay (602 / 11d) and switch supplier (1,477 / 5d); plan assumed supplier ETA 2025-04-12.",308.06,3,494.16,8,partial,2025-04-30,Expedite only partly worked: supply arrived later than notified (8 vs 3 stockout days). Next time pad the supplier ETA and check alternates earlier.,"[""RMPO029059"", ""RMREV008301"", ""RMREV008302""]",56.29,1,
DEC00564,EVT00369,2025-03-27,supply_chain_director,expedite,"[{""option"": ""accept_delay"", ""est_cost"": 246.08, ""est_stockout_days"": 3, ""risk"": ""high"", ""feasible"": true}, {""option"": ""expedite"", ""est_cost"": 174.48, ""est_stockout_days"": 0, ""risk"": ""low"", ""feasible"": true}, {""option"": ""substitute_rm"", ""est_cost"": 8000.0, ""est_stockout_days"": 0, ""risk"": ""medium"", ""feasible"": false}]",expedite RMPO030786 with Supplier 185 (SUP0185),"Chose expedite (est. cost 174, 0 stockout days, low risk) over accept delay (246 / 3d); substitute rm could not land in time; plan assumed supplier ETA 2025-04-07.",174.48,0,1027.57,11,failed,2025-05-07,Expedite failed: supply arrived later than notified (11 vs 0 stockout days). Next time pad the supplier ETA and check alternates earlier.,"[""RMPO030786"", ""RMREV008340"", ""RMREV008341""]",125.26,1,lowest-cost estimate at decision time; realised supply worse than notified
DEC00565,EVT00369,2025-03-30,category_manager,expedite,"[{""option"": ""accept_delay"", ""est_cost"": 174.06, ""est_stockout_days"": 3, ""risk"": ""high"", ""feasible"": true}, {""option"": ""expedite"", ""est_cost"": 68.83, ""est_stockout_days"": 0, ""risk"": ""low"", ""feasible"": true}, {""option"": ""substitute_rm"", ""est_cost"": 8000.0, ""est_stockout_days"": 0, ""risk"": ""medium"", ""feasible"": false}]",expedite RMPO031043 with Supplier 185 (SUP0185),"Chose expedite (est. cost 69, 0 stockout days, low risk) over accept delay (174 / 3d); substitute rm could not land in time; plan assumed supplier ETA 2025-04-12.",68.83,0,92.04,1,success,2025-05-07,Expedite worked: actual 1 stockout days vs 0 planned.,"[""RMPO031043"", ""RMREV008375"", ""RMREV008376""]",34.02,0,root cause allocation_cut
DEC00566,EVT00371,2025-04-01,category_manager,switch_supplier,"[{""option"": ""switch_supplier"", ""est_cost"": 3500.0, ""est_stockout_days"": 0, ""risk"": ""medium"", ""feasible"": true}, {""option"": ""accept_delay"", ""est_cost"": 9000.0, ""est_stockout_days"": 4, ""risk"": ""high"", ""feasible"": true}, {""option"": ""renegotiate"", ""est_cost"": 5000.0, ""est_stockout_days"": 2, ""risk"": ""medium"", ""feasible"": true}]",make Supplier 212 (SUP0212) primary for RM0084 from 2025-04-18,"Chose switch supplier (est. cost 3,500, 0 stockout days, medium risk) over renegotiate (5,000 / 2d) and accept delay (9,000 / 4d).",3500.0,0,3500.0,0,success,2025-10-22,Switch supplier worked: actual 0 stockout days vs 0 planned.,"[""CAT00507"", ""CAT00508""]",3500.0,0,
DEC00567,EVT00373,2025-04-04,category_manager,expedite,"[{""option"": ""accept_delay"", ""est_cost"": 1824.47, ""est_stockout_days"": 17, ""risk"": ""high"", ""feasible"": true}, {""option"": ""expedite"", ""est_cost"": 1507.01, ""est_stockout_days"": 12, ""risk"": ""low"", ""feasible"": true}, {""option"": ""switch_supplier"", ""est_cost"": 3041.89, ""est_stockout_days"": 17, ""risk"": ""high"", ""feasible"": false}]",expedite RMPO029822 with Supplier 051 (SUP0051),"Chose expedite (est. cost 1,507, 12 stockout days, low risk) over accept delay (1,824 / 17d); switch supplier could not land in time; plan assumed supplier ETA 2025-04-26.",1507.01,12,1185.05,10,success,2025-05-16,Expedite worked: actual 10 stockout days vs 12 planned.,"[""RMPO029822"", ""RMREV008418"", ""RMREV008419""]",111.83,1,
DEC00568,EVT00377,2025-04-05,category_manager,expedite,"[{""option"": ""accept_delay"", ""est_cost"": 1004.52, ""est_stockout_days"": 15, ""risk"": ""high"", ""feasible"": true}, {""option"": ""expedite"", ""est_cost"": 641.08, ""est_stockout_days"": 7, ""risk"": ""low"", ""feasible"": true}, {""option"": ""switch_supplier"", ""est_cost"": 2241.7, ""est_stockout_days"": 15, ""risk"": ""medium"", ""feasible"": false}]",expedite RMPO031053 with Supplier 054 (SUP0054),"Chose expedite (est. cost 641, 7 stockout days, low risk) over accept delay (1,005 / 15d); switch supplier could not land in time; plan assumed supplier ETA 2025-04-27.",641.08,7,685.9,9,success,2025-05-12,Expedite worked: actual 9 stockout days vs 7 planned.,"[""RMPO031053"", ""RMREV008433"", ""RMREV008434""]",65.16,1,
DEC00569,EVT00376,2025-04-05,category_manager,reduce_allocation,"[{""option"": ""reduce_allocation"", ""est_cost"": 3500.0, ""est_stockout_days"": 0, ""risk"": ""medium"", ""feasible"": true}, {""option"": ""accept_delay"", ""est_cost"": 9000.0, ""est_stockout_days"": 4, ""risk"": ""high"", ""feasible"": true}, {""option"": ""renegotiate"", ""est_cost"": 5000.0, ""est_stockout_days"": 2, ""risk"": ""medium"", ""feasible"": true}]",cut Supplier 118 (SUP0118) allocation on RM0034 and shift volume to Supplier 058 (SUP0058),"Chose reduce allocation (est. cost 3,500, 0 stockout days, medium risk) over renegotiate (5,000 / 2d) and accept delay (9,000 / 4d).",3500.0,0,3500.0,0,success,2025-10-23,Reduce allocation worked: actual 0 stockout days vs 0 planned.,"[""CAT00205"", ""CAT00206""]",3500.0,0,supplier with year-end capacity history
DEC00570,EVT00214,2025-04-10,category_manager,substitute_rm,"[{""option"": ""substitute_rm"", ""est_cost"": 8000.0, ""est_stockout_days"": 0, ""risk"": ""medium"", ""feasible"": true}, {""option"": ""switch_supplier"", ""est_cost"": 7200.0, ""est_stockout_days"": 1, ""risk"": ""medium"", ""feasible"": true}, {""option"": ""accept_delay"", ""est_cost"": 12000.0, ""est_stockout_days"": 5, ""risk"": ""high"", ""feasible"": true}]",qualify Shrink Film 60um G2 (RM0067) to replace RM0003 in IP01468 from 2025-05-04,"Chose substitute rm (est. cost 8,000, 0 stockout days, medium risk) over switch supplier (7,200 / 1d) and accept delay (12,000 / 5d).",8000.0,0,9500.0,1,success,2025-11-03,Substitute rm worked: actual 1 stockout days vs 0 planned.,"[""BOM005820"", ""BOM005821"", ""BOM005822"", ""BOM005823"", ""BOM005824"", ""BOM005825"", ""BOM005826"", ""BOM005827"", ""BOM005828"", ""BOM005829"", ""BOM005830"", ""BOM005831""]",8000.0,0,
DEC00571,EVT00378,2025-04-11,supply_planner,expedite,"[{""option"": ""accept_delay"", ""est_cost"": 4546.79, ""est_stockout_days"": 17, ""risk"": ""high"", ""feasible"": true}, {""option"": ""expedite"", ""est_cost"": 3420.96, ""est_stockout_days"": 11, ""risk"": ""low"", ""feasible"": true}, {""option"": ""substitute_rm"", ""est_cost"": 8000.0, ""est_stockout_days"": 0, ""risk"": ""medium"", ""feasible"": false}]",expedite RMPO030741 with Supplier 202 (SUP0202),"Chose expedite (est. cost 3,421, 11 stockout days, low risk) over accept delay (4,547 / 17d); substitute rm could not land in time; plan assumed supplier ETA 2025-05-07.",3420.96,11,3634.92,13,success,2025-05-23,Expedite worked: actual 13 stockout days vs 11 planned.,"[""RMPO030741"", ""RMREV008489"", ""RMREV008490""]",157.96,0,active country shock; root cause rail_disruption
DEC00572,EVT00292,2025-04-12,category_manager,substitute_rm,"[{""option"": ""substitute_rm"", ""est_cost"": 8000.0, ""est_stockout_days"": 0, ""risk"": ""medium"", ""feasible"": true}, {""option"": ""switch_supplier"", ""est_cost"": 7200.0, ""est_stockout_days"": 1, ""risk"": ""medium"", ""feasible"": true}, {""option"": ""accept_delay"", ""est_cost"": 12000.0, ""est_stockout_days"": 5, ""risk"": ""high"", ""feasible"": true}]",qualify PET Bottle Grade G3 (RM0092) to replace RM0012 in IP00368 from 2025-05-08,"Chose substitute rm (est. cost 8,000, 0 stockout days, medium risk) over switch supplier (7,200 / 1d) and accept delay (12,000 / 5d).",8000.0,0,11000.0,2,partial,2025-11-09,Substitute rm only partly worked: supply arrived later than notified (2 vs 0 stockout days). Next time pad the supplier ETA and check alternates earlier.,"[""BOM001399"", ""BOM001400"", ""BOM001401"", ""BOM001402""]",8000.0,0,
DEC00573,EVT00379,2025-04-16,supply_planner,expedite,"[{""option"": ""accept_delay"", ""est_cost"": 1450.83, ""est_stockout_days"": 12, ""risk"": ""high"", ""feasible"": true}, {""option"": ""expedite"", ""est_cost"": 770.73, ""est_stockout_days"": 4, ""risk"": ""low"", ""feasible"": true}]",expedite RMPO029921 with Supplier 138 (SUP0138),"Chose expedite (est. cost 771, 4 stockout days, low risk) over accept delay (1,451 / 12d); plan assumed supplier ETA 2025-05-09.",770.73,4,1544.51,12,failed,2025-05-25,Expedite failed: supply arrived later than notified (12 vs 4 stockout days). Next time pad the supplier ETA and check alternates earlier.,"[""RMPO029921"", ""RMREV008534"", ""RMREV008535""]",93.68,1,lowest-cost estimate at decision time; realised supply worse than notified
DEC00574,EVT00380,2025-04-18,supply_chain_director,expedite,"[{""option"": ""accept_delay"", ""est_cost"": 17500.36, ""est_stockout_days"": 12, ""risk"": ""high"", ""feasible"": true}, {""option"": ""expedite"", ""est_cost"": 15017.12, ""est_stockout_days"": 8, ""risk"": ""low"", ""feasible"": true}, {""option"": ""switch_supplier"", ""est_cost"": 19123.96, ""est_stockout_days"": 12, ""risk"": ""medium"", ""feasible"": false}, {""option"": ""substitute_rm"", ""est_cost"": 8000.0, ""est_stockout_days"": 0, ""risk"": ""medium"", ""feasible"": false}]",expedite RMPO029783 with Supplier 010 (SUP0010),"Chose expedite (est. cost 15,017, 8 stockout days, low risk) over accept delay (17,500 / 12d); switch supplier, substitute rm could not land in time; plan assumed supplier ETA 2025-05-05.",15017.12,8,12392.06,7,success,2025-05-29,Expedite worked: actual 7 stockout days vs 8 planned.,"[""RMPO029783"", ""RMREV008554"", ""RMREV008555""]",2183.52,0,expedite into P05 (premium lane)
DEC00575,EVT00381,2025-04-18,buyer,accept_delay,"[{""option"": ""accept_delay"", ""est_cost"": 144.34, ""est_stockout_days"": 1, ""risk"": ""high"", ""feasible"": true}, {""option"": ""expedite"", ""est_cost"": 248.55, ""est_stockout_days"": 1, ""risk"": ""low"", ""feasible"": true}, {""option"": ""switch_supplier"", ""est_cost"": 1382.52, ""est_stockout_days"": 1, ""risk"": ""medium"", ""feasible"": false}, {""option"": ""substitute_rm"", ""est_cost"": 8144.34, ""est_stockout_days"": 1, ""risk"": ""medium"", ""feasible"": false}]",accept the revised ETA on RMPO030976 and cover gaps with spot buys,"Chose accept delay (est. cost 144, 1 stockout days, high risk) over expedite (249 / 1d); switch supplier, substitute rm could not land in time; plan assumed supplier ETA 2025-04-30.",144.34,1,0.0,0,success,2025-05-29,Accept delay worked: actual 0 stockout days vs 1 planned.,"[""RMPO030976"", ""RMREV008557""]",0.0,0,root cause large_po
DEC00576,EVT00382,2025-04-23,supply_planner,reallocate_stock,"[{""option"": ""accept_delay"", ""est_cost"": 585.18, ""est_stockout_days"": 7, ""risk"": ""high"", ""feasible"": true}, {""option"": ""expedite"", ""est_cost"": 400.69, ""est_stockout_days"": 3, ""risk"": ""low"", ""feasible"": true}, {""option"": ""switch_supplier"", ""est_cost"": 1222.2, ""est_stockout_days"": 0, ""risk"": ""medium"", ""feasible"": true}, {""option"": ""reallocate_stock"", ""est_cost"": 400.38, ""est_stockout_days"": 0, ""risk"": ""medium"", ""feasible"": true}]",transfer RM0053 stock to P05 (transfer RMT0000008),"Chose reallocate stock (est. cost 400, 0 stockout days, medium risk) over expedite (401 / 3d) and accept delay (585 / 7d); plan assumed supplier ETA 2025-05-20.",400.38,0,400.38,0,success,2025-06-04,Reallocate stock worked: actual 0 stockout days vs 0 planned.,"[""RMPO031521"", ""RMREV008600"", ""RMT0000008""]",400.38,0,root cause large_po
DEC00577,EVT00384,2025-04-28,plant_scheduler,expedite,"[{""option"": ""accept_delay"", ""est_cost"": 457.55, ""est_stockout_days"": 14, ""risk"": ""high"", ""feasible"": true}, {""option"": ""expedite"", ""est_cost"": 268.55, ""est_stockout_days"": 6, ""risk"": ""medium"", ""feasible"": true}, {""option"": ""switch_supplier"", ""est_cost"": 1536.75, ""est_stockout_days"": 10, ""risk"": ""medium"", ""feasible"": true}]",expedite RMPO030420 with Supplier 136 (SUP0136),"Chose expedite (est. cost 269, 6 stockout days, medium risk) over accept delay (458 / 14d) and switch supplier (1,537 / 10d); plan assumed supplier ETA 2025-05-17.",268.55,6,379.66,11,partial,2025-06-09,Expedite only partly worked: supply arrived later than notified (11 vs 6 stockout days). Next time pad the supplier ETA and check alternates earlier.,"[""RMPO030420"", ""RMREV008638"", ""RMREV008639"", ""RMREV008654""]",20.16,0,
DEC00578,EVT00385,2025-04-29,buyer,expedite,"[{""option"": ""accept_delay"", ""est_cost"": 1324.09, ""est_stockout_days"": 9, ""risk"": ""high"", ""feasible"": true}, {""option"": ""expedite"", ""est_cost"": 638.44, ""est_stockout_days"": 1, ""risk"": ""medium"", ""feasible"": true}, {""option"": ""switch_supplier"", ""est_cost"": 1935.6, ""est_stockout_days"": 5, ""risk"": ""medium"", ""feasible"": true}]",expedite RMPO031644 with Supplier 042 (SUP0042),"Chose expedite (est. cost 638, 1 stockout days, medium risk) over accept delay (1,324 / 9d) and switch supplier (1,936 / 5d); plan assumed supplier ETA 2025-05-14.",638.44,1,844.41,4,partial,2025-06-10,Expedite only partly worked: premium freight into P05 costs about twice the network average. Next time pad the supplier ETA and check alternates earlier.,"[""RMPO031644"", ""RMREV008662"", ""RMREV008663""]",255.93,0,expedite into P05 (premium lane)
DEC00579,EVT00386,2025-04-29,category_manager,accept_delay,"[{""option"": ""accept_delay"", ""est_cost"": 95.17, ""est_stockout_days"": 1, ""risk"": ""high"", ""feasible"": true}, {""option"": ""expedite"", ""est_cost"": 135.53, ""est_stockout_days"": 1, ""risk"": ""high"", ""feasible"": true}, {""option"": ""switch_supplier"", ""est_cost"": 1299.06, ""est_stockout_days"": 1, ""risk"": ""medium"", ""feasible"": false}, {""option"": ""reallocate_stock"", ""est_cost"": 401.77, ""est_stockout_days"": 0, ""risk"": ""high"", ""feasible"": true}, {""option"": ""substitute_rm"", ""est_cost"": 8095.17, ""est_stockout_days"": 1, ""risk"": ""medium"", ""feasible"": false}]",accept the revised ETA on RMPO031176 and cover gaps with spot buys,"Chose accept delay (est. cost 95, 1 stockout days, high risk) over expedite (136 / 1d) and reallocate stock (402 / 0d); switch supplier, substitute rm could not land in time; plan assumed supplier ETA 2025-05-14.",95.17,1,0.0,0,success,2025-06-09,Accept delay worked: actual 0 stockout days vs 1 planned.,"[""RMPO031176"", ""RMREV008659""]",0.0,0,root cause port_congestion
DEC00580,EVT00380,2025-05-02,buyer,expedite,"[{""option"": ""accept_delay"", ""est_cost"": 13557.82, ""est_stockout_days"": 8, ""risk"": ""high"", ""feasible"": true}, {""option"": ""expedite"", ""est_cost"": 6236.05, ""est_stockout_days"": 1, ""risk"": ""low"", ""feasible"": true}, {""option"": ""switch_supplier"", ""est_cost"": 15570.58, ""est_stockout_days"": 8, ""risk"": ""medium"", ""feasible"": false}, {""option"": ""substitute_rm"", ""est_cost"": 8000.0, ""est_stockout_days"": 0, ""risk"": ""medium"", ""feasible"": false}]",expedite RMPO030541 with Supplier 010 (SUP0010),"Chose expedite (est. cost 6,236, 1 stockout days, low risk) over accept delay (13,558 / 8d); switch supplier, substitute rm could not land in time; plan assumed supplier ETA 2025-05-17.",6236.05,1,15726.52,8,failed,2025-06-11,Expedite failed: supply arrived later than notified (8 vs 1 stockout days). Next time pad the supplier ETA and check alternates earlier.,"[""RMPO030541"", ""RMREV008696"", ""RMREV008697""]",2168.7,1,lowest-cost estimate at decision time; realised supply worse than notified
DEC00581,EVT00384,2025-05-02,buyer,expedite,"[{""option"": ""accept_delay"", ""est_cost"": 116.66, ""est_stockout_days"": 5, ""risk"": ""medium"", ""feasible"": true}, {""option"": ""expedite"", ""est_cost"": 45.3, ""est_stockout_days"": 0, ""risk"": ""medium"", ""feasible"": true}, {""option"": ""switch_supplier"", ""est_cost"": 1326.81, ""est_stockout_days"": 5, ""risk"": ""medium"", ""feasible"": false}]",expedite RMPO030549 with Supplier 136 (SUP0136),"Chose expedite (est. cost 45, 0 stockout days, medium risk) over accept delay (117 / 5d); switch supplier could not land in time; plan assumed supplier ETA 2025-05-12.",45.3,0,185.3,7,failed,2025-06-08,Expedite failed: supply arrived later than notified (7 vs 0 stockout days). Next time pad the supplier ETA and check alternates earlier.,"[""RMPO030549"", ""RMREV008698"", ""RMREV008699""]",21.97,1,lowest-cost estimate at decision time; realised supply worse than notified
DEC00582,EVT00384,2025-05-03,category_manager,expedite,"[{""option"": ""accept_delay"", ""est_cost"": 218.34, ""est_stockout_days"": 8, ""risk"": ""high"", ""feasible"": true}, {""option"": ""expedite"", ""est_cost"": 138.21, ""est_stockout_days"": 3, ""risk"": ""medium"", ""feasible"": true}, {""option"": ""switch_supplier"", ""est_cost"": 1404.44, ""est_stockout_days"": 7, ""risk"": ""medium"", ""feasible"": true}]",expedite RMPO030781 with Supplier 136 (SUP0136),"Chose expedite (est. cost 138, 3 stockout days, medium risk) over accept delay (218 / 8d) and switch supplier (1,404 / 7d); plan assumed supplier ETA 2025-05-19.",138.21,3,247.38,8,partial,2025-06-10,Expedite only partly worked: supply arrived later than notified (8 vs 3 stockout days). Next time pad the supplier ETA and check alternates earlier.,"[""RMPO030781"", ""RMREV008709"", ""RMREV008710""]",29.05,0,
DEC00583,EVT00387,2025-05-05,buyer,expedite,"[{""option"": ""accept_delay"", ""est_cost"": 928.32, ""est_stockout_days"": 16, ""risk"": ""high"", ""feasible"": true}, {""option"": ""expedite"", ""est_cost"": 772.21, ""est_stockout_days"": 12, ""risk"": ""low"", ""feasible"": true}, {""option"": ""substitute_rm"", ""est_cost"": 8000.0, ""est_stockout_days"": 0, ""risk"": ""medium"", ""feasible"": false}]",expedite RMPO032055 with Supplier 185 (SUP0185),"Chose expedite (est. cost 772, 12 stockout days, low risk) over accept delay (928 / 16d); substitute rm could not land in time; plan assumed supplier ETA 2025-05-30.",772.21,12,493.71,8,success,2025-06-16,Expedite worked: actual 8 stockout days vs 12 planned.,"[""RMPO032055"", ""RMREV008744"", ""RMREV008745""]",29.55,1,root cause allocation_cut
DEC00584,EVT00387,2025-05-07,supply_planner,expedite,"[{""option"": ""accept_delay"", ""est_cost"": 1027.14, ""est_stockout_days"": 9, ""risk"": ""high"", ""feasible"": true}, {""option"": ""expedite"", ""est_cost"": 389.13, ""est_stockout_days"": 1, ""risk"": ""low"", ""feasible"": true}, {""option"": ""substitute_rm"", ""est_cost"": 8000.0, ""est_stockout_days"": 0, ""risk"": ""medium"", ""feasible"": false}]",expedite RMPO032056 with Supplier 185 (SUP0185),"Chose expedite (est. cost 389, 1 stockout days, low risk) over accept delay (1,027 / 9d); substitute rm could not land in time; plan assumed supplier ETA 2025-05-20.",389.13,1,891.29,7,failed,2025-06-17,Expedite failed: premium freight into P05 costs about twice the network average. Next time pad the supplier ETA and check alternates earlier.,"[""RMPO032056"", ""RMREV008765"", ""RMREV008766""]",92.4,1,root cause allocation_cut; expedite into P05 (premium lane); lowest-cost estimate at decision time; realised supply worse than notified
DEC00585,EVT00383,2025-05-08,buyer,accept_delay,"[{""option"": ""accept_delay"", ""est_cost"": 52.39, ""est_stockout_days"": 1, ""risk"": ""medium"", ""feasible"": true}, {""option"": ""expedite"", ""est_cost"": 67.25, ""est_stockout_days"": 1, ""risk"": ""high"", ""feasible"": true}, {""option"": ""switch_supplier"", ""est_cost"": 1253.23, ""est_stockout_days"": 1, ""risk"": ""medium"", ""feasible"": false}, {""option"": ""substitute_rm"", ""est_cost"": 8052.39, ""est_stockout_days"": 1, ""risk"": ""medium"", ""feasible"": false}]",accept the revised ETA on RMPO030661 and cover gaps with spot buys,"Chose accept delay (est. cost 52, 1 stockout days, medium risk) over expedite (67 / 1d); switch supplier, substitute rm could not land in time; plan assumed supplier ETA 2025-05-16.",52.39,1,0.0,0,success,2025-06-16,Accept delay worked: actual 0 stockout days vs 1 planned.,"[""RMPO030661"", ""RMREV008708"", ""RMREV008770""]",0.0,0,active country shock; root cause port_congestion
DEC00586,EVT00383,2025-05-09,supply_planner,accept_delay,"[{""option"": ""accept_delay"", ""est_cost"": 337.28, ""est_stockout_days"": 6, ""risk"": ""high"", ""feasible"": true}, {""option"": ""expedite"", ""est_cost"": 343.56, ""est_stockout_days"": 6, ""risk"": ""high"", ""feasible"": true}, {""option"": ""switch_supplier"", ""est_cost"": 1428.8, ""est_stockout_days"": 4, ""risk"": ""high"", ""feasible"": false}]",accept the revised ETA on RMPO030919 and cover gaps with spot buys,"Chose accept delay (est. cost 337, 6 stockout days, high risk) over expedite (344 / 6d); switch supplier could not land in time; plan assumed supplier ETA 2025-05-23.",337.28,6,0.0,0,success,2025-06-20,Accept delay worked: actual 0 stockout days vs 6 planned.,"[""RMPO030919"", ""RMREV008778""]",0.0,0,active country shock; root cause port_congestion
DEC00587,EVT00375,2025-05-10,supply_planner,reallocate_stock,"[{""option"": ""accept_delay"", ""est_cost"": 400.0, ""est_stockout_days"": 2, ""risk"": ""medium"", ""feasible"": true}, {""option"": ""expedite"", ""est_cost"": 709.89, ""est_stockout_days"": 0, ""risk"": ""low"", ""feasible"": true}, {""option"": ""cancel_po"", ""est_cost"": 450.0, ""est_stockout_days"": 1, ""risk"": ""medium"", ""feasible"": true}, {""option"": ""reallocate_stock"", ""est_cost"": 666.21, ""est_stockout_days"": 0, ""risk"": ""low"", ""feasible"": true}]",transfer 23 units of IP02263 into W009 (transfer T0003281),"Chose reallocate stock (est. cost 666, 0 stockout days, low risk) over accept delay (400 / 2d) and cancel po (450 / 1d).",666.21,0,666.21,0,success,2025-06-17,Reallocate stock worked: actual 0 stockout days vs 0 planned.,"[""T0003281""]",666.21,0,
DEC00588,EVT00389,2025-05-10,plant_scheduler,expedite,"[{""option"": ""accept_delay"", ""est_cost"": 2887.47, ""est_stockout_days"": 13, ""risk"": ""high"", ""feasible"": true}, {""option"": ""expedite"", ""est_cost"": 1753.36, ""est_stockout_days"": 6, ""risk"": ""high"", ""feasible"": true}, {""option"": ""switch_supplier"", ""est_cost"": 4087.47, ""est_stockout_days"": 13, ""risk"": ""medium"", ""feasible"": false}, {""option"": ""substitute_rm"", ""est_cost"": 8000.0, ""est_stockout_days"": 0, ""risk"": ""medium"", ""feasible"": false}]",expedite RMPO031047 with Supplier 129 (SUP0129),"Chose expedite (est. cost 1,753, 6 stockout days, high risk) over accept delay (2,887 / 13d); switch supplier, substitute rm could not land in time; plan assumed supplier ETA 2025-06-04.",1753.36,6,2108.74,9,partial,2025-06-19,Expedite only partly worked: the alternate lane was hit by the same country disruption. Next time pad the supplier ETA and check alternates earlier.,"[""RMPO031047"", ""RMREV008788"", ""RMREV008789""]",109.72,1,active country shock
DEC00589,EVT00391,2025-05-12,supply_planner,accept_delay,"[{""option"": ""accept_delay"", ""est_cost"": 631.89, ""est_stockout_days"": 2, ""risk"": ""medium"", ""feasible"": true}, {""option"": ""expedite"", ""est_cost"": 1263.79, ""est_stockout_days"": 0, ""risk"": ""low"", ""feasible"": true}, {""option"": ""cancel_po"", ""est_cost"": 565.95, ""est_stockout_days"": 1, ""risk"": ""medium"", ""feasible"": true}, {""option"": ""reallocate_stock"", ""est_cost"": 873.92, ""est_stockout_days"": 0, ""risk"": ""low"", ""feasible"": true}]",ship available stock and backorder the balance,"Chose accept delay (est. cost 632, 2 stockout days, medium risk) over cancel po (566 / 1d) and reallocate stock (874 / 0d).",631.89,2,1579.73,1,partial,2025-06-06,Accept delay only partly worked: supply arrived later than notified (1 vs 2 stockout days). Next time pad the supplier ETA and check alternates earlier.,"[""M00082492"", ""M00108945"", ""M00118312""]",0.0,0,
DEC00590,EVT00392,2025-05-12,plant_scheduler,accept_delay,"[{""option"": ""accept_delay"", ""est_cost"": 18.26, ""est_stockout_days"": 1, ""risk"": ""high"", ""feasible"": true}, {""option"": ""expedite"", ""est_cost"": 28.94, ""est_stockout_days"": 1, ""risk"": ""high"", ""feasible"": true}, {""option"": ""switch_supplier"", ""est_cost"": 1222.78, ""est_stockout_days"": 1, ""risk"": ""medium"", ""feasible"": false}]",accept the revised ETA on RMPO031188 and cover gaps with spot buys,"Chose accept delay (est. cost 18, 1 stockout days, high risk) over expedite (29 / 1d); switch supplier could not land in time; plan assumed supplier ETA 2025-06-02.",18.26,1,15.75,1,success,2025-06-23,Accept delay worked: actual 1 stockout days vs 1 planned.,"[""RMPO031188"", ""RMREV008810""]",0.0,0,active country shock
DEC00591,EVT00393,2025-05-15,supply_chain_director,expedite,"[{""option"": ""accept_delay"", ""est_cost"": 655.02, ""est_stockout_days"": 11, ""risk"": ""high"", ""feasible"": true}, {""option"": ""expedite"", ""est_cost"": 472.58, ""est_stockout_days"": 6, ""risk"": ""high"", ""feasible"": true}, {""option"": ""substitute_rm"", ""est_cost"": 8000.0, ""est_stockout_days"": 0, ""risk"": ""medium"", ""feasible"": false}]",expedite RMPO031844 with Supplier 214 (SUP0214),"Chose expedite (est. cost 473, 6 stockout days, high risk) over accept delay (655 / 11d); substitute rm could not land in time; plan assumed supplier ETA 2025-06-04.",472.58,6,710.77,11,partial,2025-06-26,Expedite only partly worked: supply arrived later than notified (11 vs 6 stockout days). Next time pad the supplier ETA and check alternates earlier.,"[""RMPO031844"", ""RMREV008841"", ""RMREV008842""]",55.75,1,
DEC00592,EVT00390,2025-05-15,category_manager,accept_delay,"[{""option"": ""accept_delay"", ""est_cost"": 0.0, ""est_stockout_days"": 0, ""risk"": ""high"", ""feasible"": true}, {""option"": ""expedite"", ""est_cost"": 153.39, ""est_stockout_days"": 0, ""risk"": ""low"", ""feasible"": true}, {""option"": ""substitute_rm"", ""est_cost"": 8000.0, ""est_stockout_days"": 0, ""risk"": ""medium"", ""feasible"": false}]",accept the revised ETA on RMPO032864 and cover gaps with spot buys,"Chose accept delay (est. cost 0, 0 stockout days, high risk) over expedite (153 / 0d); substitute rm could not land in time; plan assumed supplier ETA 2025-05-26.",0.0,0,681.28,5,partial,2025-06-23,Accept delay only partly worked: supply arrived later than notified (5 vs 0 stockout days). Next time pad the supplier ETA and check alternates earlier.,"[""RMPO032864"", ""RMREV008848""]",0.0,1,root cause lead_time_extension
DEC00593,EVT00388,2025-05-16,category_manager,substitute_rm,"[{""option"": ""substitute_rm"", ""est_cost"": 8000.0, ""est_stockout_days"": 0, ""risk"": ""medium"", ""feasible"": true}, {""option"": ""switch_supplier"", ""est_cost"": 7200.0, ""est_stockout_days"": 1, ""risk"": ""medium"", ""feasible"": true}, {""option"": ""accept_delay"", ""est_cost"": 12000.0, ""est_stockout_days"": 5, ""risk"": ""high"", ""feasible"": true}]",qualify BOPP Laminate (RM0009) to replace RM0067 in IP00402 from 2025-06-12,"Chose substitute rm (est. cost 8,000, 0 stockout days, medium risk) over switch supplier (7,200 / 1d) and accept delay (12,000 / 5d).",8000.0,0,8000.0,0,success,2025-12-13,Substitute rm worked: actual 0 stockout days vs 0 planned.,"[""BOM001554"", ""BOM001555"", ""BOM001556"", ""BOM001557"", ""BOM001558"", ""BOM001559"", ""BOM001560""]",8000.0,0,
DEC00594,EVT00394,2025-05-21,supply_planner,expedite,"[{""option"": ""accept_delay"", ""est_cost"": 2591.94, ""est_stockout_days"": 13, ""risk"": ""high"", ""feasible"": true}, {""option"": ""expedite"", ""est_cost"": 1646.8, ""est_stockout_days"": 6, ""risk"": ""low"", ""feasible"": true}, {""option"": ""switch_supplier"", ""est_cost"": 2994.42, ""est_stockout_days"": 9, ""risk"": ""medium"", ""feasible"": true}, {""option"": ""substitute_rm"", ""est_cost"": 8000.0, ""est_stockout_days"": 0, ""risk"": ""medium"", ""feasible"": false}]",expedite RMPO031052 with Supplier 011 (SUP0011),"Chose expedite (est. cost 1,647, 6 stockout days, low risk) over accept delay (2,592 / 13d) and switch supplier (2,994 / 9d); substitute rm could not land in time; plan assumed supplier ETA 2025-06-07.",1646.8,6,1567.05,7,success,2025-07-01,Expedite worked: actual 7 stockout days vs 6 planned.,"[""RMPO031052"", ""RMREV008877"", ""RMREV008878""]",171.39,1,
DEC00595,EVT00387,2025-05-22,supply_chain_director,expedite,"[{""option"": ""accept_delay"", ""est_cost"": 1163.29, ""est_stockout_days"": 10, ""risk"": ""high"", ""feasible"": true}, {""option"": ""expedite"", ""est_cost"": 760.49, ""est_stockout_days"": 4, ""risk"": ""low"", ""feasible"": true}, {""option"": ""substitute_rm"", ""est_cost"": 8000.0, ""est_stockout_days"": 0, ""risk"": ""medium"", ""feasible"": false}]",expedite RMPO033085 with Supplier 185 (SUP0185),"Chose expedite (est. cost 760, 4 stockout days, low risk) over accept delay (1,163 / 10d); substitute rm could not land in time; plan assumed supplier ETA 2025-06-09.",760.49,4,1086.2,8,partial,2025-06-29,Expedite only partly worked: supply arrived later than notified (8 vs 4 stockout days). Next time pad the supplier ETA and check alternates earlier.,"[""RMPO033085"", ""RMREV008885"", ""RMREV008886""]",155.58,1,
DEC00596,EVT00397,2025-05-25,supply_planner,accept_delay,"[{""option"": ""accept_delay"", ""est_cost"": 26000.0, ""est_stockout_days"": 130, ""risk"": ""medium"", ""feasible"": true}, {""option"": ""expedite"", ""est_cost"": 988.86, ""est_stockout_days"": 0, ""risk"": ""low"", ""feasible"": true}, {""option"": ""cancel_po"", ""est_cost"": 450.0, ""est_stockout_days"": 1, ""risk"": ""medium"", ""feasible"": true}, {""option"": ""reallocate_stock"", ""est_cost"": 770.82, ""est_stockout_days"": 0, ""risk"": ""low"", ""feasible"": true}]",wait for the next receipt on POL0027523,"Chose accept delay (est. cost 26,000, 130 stockout days, medium risk) over cancel po (450 / 1d) and reallocate stock (771 / 0d).",26000.0,130,26000.0,130,success,2025-06-28,Accept delay worked: actual 130 stockout days vs 130 planned.,"[""M00026172"", ""POL0027523""]",0.0,0,
DEC00597,EVT00399,2025-06-02,category_manager,expedite,"[{""option"": ""accept_delay"", ""est_cost"": 1445.49, ""est_stockout_days"": 8, ""risk"": ""high"", ""feasible"": true}, {""option"": ""expedite"", ""est_cost"": 1312.76, ""est_stockout_days"": 3, ""risk"": ""low"", ""feasible"": true}, {""option"": ""substitute_rm"", ""est_cost"": 8000.0, ""est_stockout_days"": 0, ""risk"": ""medium"", ""feasible"": false}]",expedite RMPO033415 with Supplier 185 (SUP0185),"Chose expedite (est. cost 1,313, 3 stockout days, low risk) over accept delay (1,445 / 8d); substitute rm could not land in time; plan assumed supplier ETA 2025-06-18.",1312.76,3,2035.5,8,partial,2025-07-10,Expedite only partly worked: supply arrived later than notified (8 vs 3 stockout days). Next time pad the supplier ETA and check alternates earlier.,"[""RMPO033415"", ""RMREV008971"", ""RMREV008972""]",590.01,1,
DEC00598,EVT00404,2025-06-09,plant_scheduler,reallocate_stock,"[{""option"": ""accept_delay"", ""est_cost"": 5459.76, ""est_stockout_days"": 9, ""risk"": ""high"", ""feasible"": true}, {""option"": ""expedite"", ""est_cost"": 2298.22, ""est_stockout_days"": 1, ""risk"": ""high"", ""feasible"": true}, {""option"": ""switch_supplier"", ""est_cost"": 6659.76, ""est_stockout_days"": 9, ""risk"": ""high"", ""feasible"": false}, {""option"": ""reallocate_stock"", ""est_cost"": 405.74, ""est_stockout_days"": 0, ""risk"": ""medium"", ""feasible"": true}]",transfer RM0122 stock to P01 (transfer RMT0000018),"Chose reallocate stock (est. cost 406, 0 stockout days, medium risk) over expedite (2,298 / 1d) and accept delay (5,460 / 9d); switch supplier could not land in time; plan assumed supplier ETA 2025-06-26.",405.74,0,5865.51,9,failed,2025-07-19,Reallocate stock failed: supply arrived later than notified (9 vs 0 stockout days). Next time pad the supplier ETA and check alternates earlier.,"[""RMPO032382"", ""RMREV009028"", ""RMREV009037"", ""RMT0000018""]",405.74,1,lowest-cost estimate at decision time; realised supply worse than notified
DEC00599,EVT00405,2025-06-13,supply_planner,switch_supplier,"[{""option"": ""accept_delay"", ""est_cost"": 1909.52, ""est_stockout_days"": 11, ""risk"": ""high"", ""feasible"": true}, {""option"": ""expedite"", ""est_cost"": 1482.44, ""est_stockout_days"": 7, ""risk"": ""medium"", ""feasible"": true}, {""option"": ""switch_supplier"", ""est_cost"": 1200.0, ""est_stockout_days"": 0, ""risk"": ""medium"", ""feasible"": true}]",place RMPO033895 with the alternate source and cancel RMPO033637,"Chose switch supplier (est. cost 1,200, 0 stockout days, medium risk) over expedite (1,482 / 7d) and accept delay (1,910 / 11d); plan assumed supplier ETA 2025-07-08.",1200.0,0,3109.52,11,failed,2025-07-21,Switch supplier failed: the alternate source also shipped late. Next time pad the supplier ETA and check alternates earlier.,"[""RMPO033637"", ""RMREV009071"", ""RMPO033895"", ""RMPOL0034298""]",1200.0,1,lowest-cost estimate at decision time; realised supply worse than notified
DEC00600,EVT00408,2025-06-14,buyer,reallocate_stock,"[{""option"": ""accept_delay"", ""est_cost"": 1124.96, ""est_stockout_days"": 19, ""risk"": ""high"", ""feasible"": true}, {""option"": ""expedite"", ""est_cost"": 1071.41, ""est_stockout_days"": 18, ""risk"": ""high"", ""feasible"": true}, {""option"": ""switch_supplier"", ""est_cost"": 2299.55, ""est_stockout_days"": 19, ""risk"": ""medium"", ""feasible"": true}, {""option"": ""reallocate_stock"", ""est_cost"": 486.89, ""est_stockout_days"": 1, ""risk"": ""high"", ""feasible"": true}]",transfer RM0108 stock to P01 (transfer RMT0000013),"Chose reallocate stock (est. cost 487, 1 stockout days, high risk) over expedite (1,071 / 18d) and accept delay (1,125 / 19d); plan assumed supplier ETA 2025-06-30.",486.89,1,401.67,0,success,2025-07-26,Reallocate stock worked: actual 0 stockout days vs 1 planned.,"[""RMPO032584"", ""RMREV009076"", ""RMT0000013""]",401.67,0,root cause labor_strike
DEC00601,EVT00409,2025-06-14,plant_scheduler,reallocate_stock,"[{""option"": ""accept_delay"", ""est_cost"": 1268.24, ""est_stockout_days"": 5, ""risk"": ""high"", ""feasible"": true}, {""option"": ""expedite"", ""est_cost"": 1327.47, ""est_stockout_days"": 0, ""risk"": ""high"", ""feasible"": true}, {""option"": ""switch_supplier"", ""est_cost"": 2468.24, ""est_stockout_days"": 5, ""risk"": ""high"", ""feasible"": false}, {""option"": ""reallocate_stock"", ""est_cost"": 401.63, ""est_stockout_days"": 0, ""risk"": ""medium"", ""feasible"": true}]",transfer RM0134 stock to P05 (transfer RMT0000022),"Chose reallocate stock (est. cost 402, 0 stockout days, medium risk) over accept delay (1,268 / 5d) and expedite (1,327 / 0d); switch supplier could not land in time; plan assumed supplier ETA 2025-06-30.",401.63,0,401.63,0,success,2025-07-21,Reallocate stock worked: actual 0 stockout days vs 0 planned.,"[""RMPO033218"", ""RMREV009082"", ""RMT0000022""]",401.63,0,root cause labor_strike
DEC00602,EVT00399,2025-06-16,supply_planner,expedite,"[{""option"": ""accept_delay"", ""est_cost"": 1066.36, ""est_stockout_days"": 13, ""risk"": ""high"", ""feasible"": true}, {""option"": ""expedite"", ""est_cost"": 584.22, ""est_stockout_days"": 5, ""risk"": ""low"", ""feasible"": true}, {""option"": ""substitute_rm"", ""est_cost"": 8000.0, ""est_stockout_days"": 0, ""risk"": ""medium"", ""feasible"": false}]",expedite RMPO033640 with Supplier 185 (SUP0185),"Chose expedite (est. cost 584, 5 stockout days, low risk) over accept delay (1,066 / 13d); substitute rm could not land in time; plan assumed supplier ETA 2025-07-03.",584.22,5,699.06,8,partial,2025-07-25,Expedite only partly worked: supply arrived later than notified (8 vs 5 stockout days). Next time pad the supplier ETA and check alternates earlier.,"[""RMPO033640"", ""RMREV009101"", ""RMREV009102""]",42.84,1,
DEC00603,EVT00406,2025-06-16,category_manager,expedite,"[{""option"": ""accept_delay"", ""est_cost"": 20284.05, ""est_stockout_days"": 9, ""risk"": ""high"", ""feasible"": true}, {""option"": ""expedite"", ""est_cost"": 6797.12, ""est_stockout_days"": 1, ""risk"": ""low"", ""feasible"": true}, {""option"": ""switch_supplier"", ""est_cost"": 21520.25, ""est_stockout_days"": 9, ""risk"": ""medium"", ""feasible"": false}]",expedite RMPO033073 with Supplier 179 (SUP0179),"Chose expedite (est. cost 6,797, 1 stockout days, low risk) over accept delay (20,284 / 9d); switch supplier could not land in time; plan assumed supplier ETA 2025-06-30.",6797.12,1,14459.99,6,partial,2025-07-23,Expedite only partly worked: supply arrived later than notified (6 vs 1 stockout days). Next time pad the supplier ETA and check alternates earlier.,"[""RMPO033073"", ""RMREV009098"", ""RMREV009099""]",937.29,0,root cause labor_strike
DEC00604,EVT00410,2025-06-18,category_manager,expedite,"[{""option"": ""accept_delay"", ""est_cost"": 349.99, ""est_stockout_days"": 15, ""risk"": ""high"", ""feasible"": true}, {""option"": ""expedite"", ""est_cost"": 292.35, ""est_stockout_days"": 11, ""risk"": ""medium"", ""feasible"": true}, {""option"": ""switch_supplier"", ""est_cost"": 1421.5, ""est_stockout_days"": 9, ""risk"": ""medium"", ""feasible"": true}]",expedite RMPO032355 with Supplier 136 (SUP0136),"Chose expedite (est. cost 292, 11 stockout days, medium risk) over accept delay (350 / 15d) and switch supplier (1,422 / 9d); plan assumed supplier ETA 2025-07-09.",292.35,11,180.35,7,success,2025-07-28,Expedite worked: actual 7 stockout days vs 11 planned.,"[""RMPO032355"", ""RMREV009121"", ""RMREV009122""]",17.02,0,
DEC00605,EVT00411,2025-06-22,buyer,expedite,"[{""option"": ""accept_delay"", ""est_cost"": 3377.83, ""est_stockout_days"": 3, ""risk"": ""medium"", ""feasible"": true}, {""option"": ""expedite"", ""est_cost"": 2328.92, ""est_stockout_days"": 0, ""risk"": ""high"", ""feasible"": true}]",expedite RMPO032383 with Supplier 028 (SUP0028),"Chose expedite (est. cost 2,329, 0 stockout days, high risk) over accept delay (3,378 / 3d); plan assumed supplier ETA 2025-07-02.",2328.92,0,8409.02,6,failed,2025-08-02,Expedite failed: supply arrived later than notified (6 vs 0 stockout days). Next time pad the supplier ETA and check alternates earlier.,"[""RMPO032383"", ""RMREV009156"", ""RMREV009157""]",1653.35,1,lowest-cost estimate at decision time; realised supply worse than notified
DEC00606,EVT00399,2025-06-22,category_manager,accept_delay,"[{""option"": ""accept_delay"", ""est_cost"": 1483.65, ""est_stockout_days"": 13, ""risk"": ""high"", ""feasible"": true}, {""option"": ""expedite"", ""est_cost"": 1482.93, ""est_stockout_days"": 8, ""risk"": ""low"", ""feasible"": true}, {""option"": ""substitute_rm"", ""est_cost"": 8000.0, ""est_stockout_days"": 0, ""risk"": ""medium"", ""feasible"": false}]",accept the revised ETA on RMPO034111 and cover gaps with spot buys,"Chose accept delay (est. cost 1,484, 13 stockout days, high risk) over expedite (1,483 / 8d); substitute rm could not land in time; plan assumed supplier ETA 2025-07-14.",1483.65,13,913.02,8,success,2025-08-01,Accept delay worked: actual 8 stockout days vs 13 planned.,"[""RMPO034111"", ""RMREV009166""]",0.0,0,
DEC00607,EVT00412,2025-06-25,supply_planner,expedite,"[{""option"": ""accept_delay"", ""est_cost"": 1065.67, ""est_stockout_days"": 16, ""risk"": ""high"", ""feasible"": true}, {""option"": ""expedite"", ""est_cost"": 808.09, ""est_stockout_days"": 10, ""risk"": ""medium"", ""feasible"": true}, {""option"": ""switch_supplier"", ""est_cost"": 1333.21, ""est_stockout_days"": 2, ""risk"": ""medium"", ""feasible"": true}]",expedite RMPO032209 with Supplier 118 (SUP0118),"Chose expedite (est. cost 808, 10 stockout days, medium risk) over accept delay (1,066 / 16d) and switch supplier (1,333 / 2d); plan assumed supplier ETA 2025-07-18.",808.09,10,1136.84,15,partial,2025-08-04,Expedite only partly worked: premium freight into P05 costs about twice the network average. Next time pad the supplier ETA and check alternates earlier.,"[""RMPO032209"", ""RMREV009179"", ""RMREV009180""]",62.12,1,supplier with year-end capacity history; expedite into P05 (premium lane)
DEC00608,EVT00413,2025-06-29,buyer,expedite,"[{""option"": ""accept_delay"", ""est_cost"": 11666.91, ""est_stockout_days"": 8, ""risk"": ""high"", ""feasible"": true}, {""option"": ""expedite"", ""est_cost"": 7794.29, ""est_stockout_days"": 2, ""risk"": ""low"", ""feasible"": true}, {""option"": ""switch_supplier"", ""est_cost"": 13675.22, ""est_stockout_days"": 8, ""risk"": ""medium"", ""feasible"": false}, {""option"": ""substitute_rm"", ""est_cost"": 8000.0, ""est_stockout_days"": 0, ""risk"": ""medium"", ""feasible"": false}]",expedite RMPO032862 with Supplier 010 (SUP0010),"Chose expedite (est. cost 7,794, 2 stockout days, low risk) over accept delay (11,667 / 8d); switch supplier, substitute rm could not land in time; plan assumed supplier ETA 2025-07-18.",7794.29,2,14794.43,8,failed,2025-08-08,Expedite failed: premium freight into P05 costs about twice the network average. Next time pad the supplier ETA and check alternates earlier.,"[""RMPO032862"", ""RMREV009216"", ""RMREV009217""]",3127.52,1,expedite into P05 (premium lane); lowest-cost estimate at decision time; realised supply worse than notified
DEC00609,EVT00414,2025-06-30,buyer,expedite,"[{""option"": ""accept_delay"", ""est_cost"": 1656.54, ""est_stockout_days"": 6, ""risk"": ""high"", ""feasible"": true}, {""option"": ""expedite"", ""est_cost"": 693.55, ""est_stockout_days"": 0, ""risk"": ""low"", ""feasible"": true}, {""option"": ""switch_supplier"", ""est_cost"": 2580.45, ""est_stockout_days"": 5, ""risk"": ""medium"", ""feasible"": true}, {""option"": ""substitute_rm"", ""est_cost"": 8000.0, ""est_stockout_days"": 0, ""risk"": ""medium"", ""feasible"": false}]",expedite RMPO032619 with Supplier 011 (SUP0011),"Chose expedite (est. cost 694, 0 stockout days, low risk) over accept delay (1,657 / 6d) and switch supplier (2,580 / 5d); substitute rm could not land in time; plan assumed supplier ETA 2025-07-14.",693.55,0,3399.23,11,failed,2025-08-11,Expedite failed: supply arrived later than notified (11 vs 0 stockout days). Next time pad the supplier ETA and check alternates earlier.,"[""RMPO032619"", ""RMREV009227"", ""RMREV009228"", ""RMREV009236""]",362.24,1,lowest-cost estimate at decision time; realised supply worse than notified
DEC00610,EVT00415,2025-07-01,supply_planner,expedite,"[{""option"": ""accept_delay"", ""est_cost"": 6657.62, ""est_stockout_days"": 14, ""risk"": ""high"", ""feasible"": true}, {""option"": ""expedite"", ""est_cost"": 5739.71, ""est_stockout_days"": 11, ""risk"": ""low"", ""feasible"": true}]",expedite RMPO034356 with Supplier 054 (SUP0054),"Chose expedite (est. cost 5,740, 11 stockout days, low risk) over accept delay (6,658 / 14d); plan assumed supplier ETA 2025-07-19.",5739.71,11,4978.83,10,success,2025-08-12,Expedite worked: actual 10 stockout days vs 11 planned.,"[""RMPO034356"", ""RMREV009245"", ""RMREV009246""]",223.39,0,
DEC00611,EVT00403,2025-07-06,category_manager,accept_delay,"[{""option"": ""accept_delay"", ""est_cost"": 21.0, ""est_stockout_days"": 1, ""risk"": ""medium"", ""feasible"": true}, {""option"": ""expedite"", ""est_cost"": 26.3, ""est_stockout_days"": 1, ""risk"": ""medium"", ""feasible"": true}, {""option"": ""switch_supplier"", ""est_cost"": 1221.0, ""est_stockout_days"": 1, ""risk"": ""high"", ""feasible"": false}]",accept the revised ETA on RMPO033401 and cover gaps with spot buys,"Chose accept delay (est. cost 21, 1 stockout days, medium risk) over expedite (26 / 1d); switch supplier could not land in time; plan assumed supplier ETA 2025-07-15.",21.0,1,0.0,0,success,2025-08-17,Accept delay worked: actual 0 stockout days vs 1 planned.,"[""RMPO033401"", ""RMREV009302""]",0.0,0,active country shock; root cause labor_strike
DEC00612,EVT00418,2025-07-08,plant_scheduler,expedite,"[{""option"": ""accept_delay"", ""est_cost"": 824.34, ""est_stockout_days"": 1, ""risk"": ""high"", ""feasible"": true}, {""option"": ""expedite"", ""est_cost"": 838.24, ""est_stockout_days"": 0, ""risk"": ""high"", ""feasible"": true}, {""option"": ""switch_supplier"", ""est_cost"": 2029.74, ""est_stockout_days"": 1, ""risk"": ""medium"", ""feasible"": false}, {""option"": ""substitute_rm"", ""est_cost"": 8000.0, ""est_stockout_days"": 0, ""risk"": ""medium"", ""feasible"": false}]",expedite RMPO034116 with Supplier 055 (SUP0055),"Chose expedite (est. cost 838, 0 stockout days, high risk) over accept delay (824 / 1d); switch supplier, substitute rm could not land in time; plan assumed supplier ETA 2025-07-20.",838.24,0,4795.06,5,failed,2025-08-19,Expedite failed: the alternate lane was hit by the same country disruption. Next time pad the supplier ETA and check alternates earlier.,"[""RMPO034116"", ""RMREV009320"", ""RMREV009321""]",673.37,0,active country shock
DEC00613,EVT00403,2025-07-11,category_manager,accept_delay,"[{""option"": ""accept_delay"", ""est_cost"": 1164.63, ""est_stockout_days"": 16, ""risk"": ""medium"", ""feasible"": true}, {""option"": ""expedite"", ""est_cost"": 1177.44, ""est_stockout_days"": 16, ""risk"": ""high"", ""feasible"": true}, {""option"": ""switch_supplier"", ""est_cost"": 2364.63, ""est_stockout_days"": 16, ""risk"": ""medium"", ""feasible"": false}]",accept the revised ETA on RMPO034485 and cover gaps with spot buys,"Chose accept delay (est. cost 1,165, 16 stockout days, medium risk) over expedite (1,177 / 16d); switch supplier could not land in time; plan assumed supplier ETA 2025-07-20.",1164.63,16,0.0,0,success,2025-08-18,Accept delay worked: actual 0 stockout days vs 16 planned.,"[""RMPO034485"", ""RMREV009265"", ""RMREV009349""]",0.0,0,active country shock; root cause labor_strike
DEC00614,EVT00420,2025-07-12,supply_chain_director,expedite,"[{""option"": ""accept_delay"", ""est_cost"": 930.63, ""est_stockout_days"": 8, ""risk"": ""high"", ""feasible"": true}, {""option"": ""expedite"", ""est_cost"": 908.15, ""est_stockout_days"": 4, ""risk"": ""low"", ""feasible"": true}, {""option"": ""substitute_rm"", ""est_cost"": 8000.0, ""est_stockout_days"": 0, ""risk"": ""medium"", ""feasible"": false}]",expedite RMPO034911 with Supplier 185 (SUP0185),"Chose expedite (est. cost 908, 4 stockout days, low risk) over accept delay (931 / 8d); substitute rm could not land in time; plan assumed supplier ETA 2025-08-01.",908.15,4,1280.41,8,partial,2025-08-23,Expedite only partly worked: supply arrived later than notified (8 vs 4 stockout days). Next time pad the supplier ETA and check alternates earlier.,"[""RMPO034911"", ""RMREV009358"", ""RMREV009359""]",349.78,1,
DEC00615,EVT00414,2025-07-14,buyer,switch_supplier,"[{""option"": ""accept_delay"", ""est_cost"": 3588.84, ""est_stockout_days"": 18, ""risk"": ""high"", ""feasible"": true}, {""option"": ""expedite"", ""est_cost"": 2692.11, ""est_stockout_days"": 11, ""risk"": ""low"", ""feasible"": true}, {""option"": ""switch_supplier"", ""est_cost"": 1798.14, ""est_stockout_days"": 3, ""risk"": ""medium"", ""feasible"": true}, {""option"": ""substitute_rm"", ""est_cost"": 8000.0, ""est_stockout_days"": 0, ""risk"": ""medium"", ""feasible"": false}]",place RMPO035106 with the alternate source and cancel RMPO033166,"Chose switch supplier (est. cost 1,798, 3 stockout days, medium risk) over expedite (2,692 / 11d) and accept delay (3,589 / 18d); substitute rm could not land in time; plan assumed supplier ETA 2025-08-11.",1798.14,3,3791.94,13,failed,2025-08-21,Switch supplier failed: the alternate source also shipped late. Next time pad the supplier ETA and check alternates earlier.,"[""RMPO033166"", ""RMREV009364"", ""RMPO035106"", ""RMPOL0035521""]",1200.0,1,lowest-cost estimate at decision time; realised supply worse than notified
DEC00616,EVT00419,2025-07-15,supply_planner,accept_delay,"[{""option"": ""accept_delay"", ""est_cost"": 12645.48, ""est_stockout_days"": 19, ""risk"": ""high"", ""feasible"": true}, {""option"": ""expedite"", ""est_cost"": 13189.23, ""est_stockout_days"": 16, ""risk"": ""low"", ""feasible"": true}, {""option"": ""switch_supplier"", ""est_cost"": 14003.52, ""est_stockout_days"": 19, ""risk"": ""high"", ""feasible"": false}, {""option"": ""substitute_rm"", ""est_cost"": 8000.0, ""est_stockout_days"": 0, ""risk"": ""medium"", ""feasible"": false}]",accept the revised ETA on RMPO034112 and cover gaps with spot buys,"Chose accept delay (est. cost 12,645, 19 stockout days, high risk) over expedite (13,189 / 16d); switch supplier, substitute rm could not land in time; plan assumed supplier ETA 2025-08-11.",12645.48,19,8652.17,13,success,2025-08-21,Accept delay worked: actual 13 stockout days vs 19 planned.,"[""RMPO034112"", ""RMREV009370""]",0.0,0,root cause large_po
DEC00617,EVT00378,2025-07-15,category_manager,substitute_rm,"[{""option"": ""substitute_rm"", ""est_cost"": 8000.0, ""est_stockout_days"": 0, ""risk"": ""medium"", ""feasible"": true}, {""option"": ""switch_supplier"", ""est_cost"": 7200.0, ""est_stockout_days"": 1, ""risk"": ""medium"", ""feasible"": true}, {""option"": ""accept_delay"", ""est_cost"": 12000.0, ""est_stockout_days"": 5, ""risk"": ""high"", ""feasible"": true}]",qualify Hot Melt HM-40 G3 (RM0024) to replace RM0005 in IP01237 from 2025-08-10,"Chose substitute rm (est. cost 8,000, 0 stockout days, medium risk) over switch supplier (7,200 / 1d) and accept delay (12,000 / 5d).",8000.0,0,8000.0,0,success,2025-12-31,Substitute rm worked: actual 0 stockout days vs 0 planned.,"[""BOM004876"", ""BOM004877"", ""BOM004878"", ""BOM004879"", ""BOM004880"", ""BOM004881"", ""BOM004882"", ""BOM004883""]",8000.0,0,
DEC00618,EVT00421,2025-07-19,buyer,expedite,"[{""option"": ""accept_delay"", ""est_cost"": 818.57, ""est_stockout_days"": 12, ""risk"": ""high"", ""feasible"": true}, {""option"": ""expedite"", ""est_cost"": 652.12, ""est_stockout_days"": 7, ""risk"": ""low"", ""feasible"": true}, {""option"": ""switch_supplier"", ""est_cost"": 2034.81, ""est_stockout_days"": 12, ""risk"": ""high"", ""feasible"": false}]",expedite RMPO033641 with Supplier 051 (SUP0051),"Chose expedite (est. cost 652, 7 stockout days, low risk) over accept delay (819 / 12d); switch supplier could not land in time; plan assumed supplier ETA 2025-08-05.",652.12,7,924.98,12,partial,2025-08-30,Expedite only partly worked: premium freight into P05 costs about twice the network average. Next time pad the supplier ETA and check alternates earlier.,"[""RMPO033641"", ""RMREV009406"", ""RMREV009407"", ""RMREV009416""]",106.41,1,expedite into P05 (premium lane)
DEC00619,EVT00420,2025-07-22,buyer,expedite,"[{""option"": ""accept_delay"", ""est_cost"": 638.22, ""est_stockout_days"": 11, ""risk"": ""high"", ""feasible"": true}, {""option"": ""expedite"", ""est_cost"": 360.71, ""est_stockout_days"": 3, ""risk"": ""low"", ""feasible"": true}, {""option"": ""substitute_rm"", ""est_cost"": 8000.0, ""est_stockout_days"": 0, ""risk"": ""medium"", ""feasible"": false}]",expedite RMPO035210 with Supplier 185 (SUP0185),"Chose expedite (est. cost 361, 3 stockout days, low risk) over accept delay (638 / 11d); substitute rm could not land in time; plan assumed supplier ETA 2025-08-13.",360.71,3,441.94,6,partial,2025-09-01,Expedite only partly worked: supply arrived later than notified (6 vs 3 stockout days). Next time pad the supplier ETA and check alternates earlier.,"[""RMPO035210"", ""RMREV009445"", ""RMREV009446""]",93.82,1,
DEC00620,EVT00423,2025-07-31,category_manager,expedite,"[{""option"": ""accept_delay"", ""est_cost"": 5073.41, ""est_stockout_days"": 19, ""risk"": ""high"", ""feasible"": true}, {""option"": ""expedite"", ""est_cost"": 4545.58, ""est_stockout_days"": 15, ""risk"": ""low"", ""feasible"": true}, {""option"": ""switch_supplier"", ""est_cost"": 6444.53, ""est_stockout_days"": 19, ""risk"": ""medium"", ""feasible"": false}]",expedite RMPO035563 with Supplier 054 (SUP0054),"Chose expedite (est. cost 4,546, 15 stockout days, low risk) over accept delay (5,073 / 19d); switch supplier could not land in time; plan assumed supplier ETA 2025-08-29.",4545.58,15,3530.89,12,success,2025-09-11,Expedite worked: actual 12 stockout days vs 15 planned.,"[""RMPO035563"", ""RMREV009506"", ""RMREV009507""]",326.63,1,
DEC00621,EVT00424,2025-08-04,supply_planner,expedite,"[{""option"": ""accept_delay"", ""est_cost"": 241.69, ""est_stockout_days"": 10, ""risk"": ""high"", ""feasible"": true}, {""option"": ""expedite"", ""est_cost"": 189.57, ""est_stockout_days"": 6, ""risk"": ""low"", ""feasible"": true}, {""option"": ""switch_supplier"", ""est_cost"": 1429.89, ""est_stockout_days"": 9, ""risk"": ""medium"", ""feasible"": true}]",expedite RMPO035494 with Supplier 241 (SUP0241),"Chose expedite (est. cost 190, 6 stockout days, low risk) over accept delay (242 / 10d) and switch supplier (1,430 / 9d); plan assumed supplier ETA 2025-08-23.",189.57,6,194.4,7,success,2025-09-12,Expedite worked: actual 7 stockout days vs 6 planned.,"[""RMPO035494"", ""RMREV009524"", ""RMREV009525""]",25.22,0,
DEC00622,EVT00424,2025-08-06,supply_planner,expedite,"[{""option"": ""accept_delay"", ""est_cost"": 534.99, ""est_stockout_days"": 18, ""risk"": ""high"", ""feasible"": true}, {""option"": ""expedite"", ""est_cost"": 475.35, ""est_stockout_days"": 14, ""risk"": ""low"", ""feasible"": true}, {""option"": ""switch_supplier"", ""est_cost"": 1481.12, ""est_stockout_days"": 9, ""risk"": ""medium"", ""feasible"": true}]",expedite RMPO035500 with Supplier 241 (SUP0241),"Chose expedite (est. cost 475, 14 stockout days, low risk) over accept delay (535 / 18d) and switch supplier (1,481 / 9d); plan assumed supplier ETA 2025-09-02.",475.35,14,421.85,13,success,2025-09-16,Expedite worked: actual 13 stockout days vs 14 planned.,"[""RMPO035500"", ""RMREV009548"", ""RMREV009549""]",35.47,1,
DEC00623,EVT00425,2025-08-08,buyer,expedite,"[{""option"": ""accept_delay"", ""est_cost"": 771.5, ""est_stockout_days"": 17, ""risk"": ""high"", ""feasible"": true}, {""option"": ""expedite"", ""est_cost"": 646.4, ""est_stockout_days"": 12, ""risk"": ""medium"", ""feasible"": true}, {""option"": ""switch_supplier"", ""est_cost"": 1426.91, ""est_stockout_days"": 5, ""risk"": ""medium"", ""feasible"": true}]",expedite RMPO034120 with Supplier 033 (SUP0033),"Chose expedite (est. cost 646, 12 stockout days, medium risk) over accept delay (772 / 17d) and switch supplier (1,427 / 5d); plan assumed supplier ETA 2025-09-02.",646.4,12,464.87,9,success,2025-09-17,Expedite worked: actual 9 stockout days vs 12 planned.,"[""RMPO034120"", ""RMREV009559"", ""RMREV009560""]",56.43,1,
DEC00624,EVT00426,2025-08-10,category_manager,expedite,"[{""option"": ""accept_delay"", ""est_cost"": 1141.27, ""est_stockout_days"": 10, ""risk"": ""high"", ""feasible"": true}, {""option"": ""expedite"", ""est_cost"": 851.07, ""est_stockout_days"": 3, ""risk"": ""low"", ""feasible"": true}, {""option"": ""substitute_rm"", ""est_cost"": 8000.0, ""est_stockout_days"": 0, ""risk"": ""medium"", ""feasible"": false}]",expedite RMPO036016 with Supplier 185 (SUP0185),"Chose expedite (est. cost 851, 3 stockout days, low risk) over accept delay (1,141 / 10d); substitute rm could not land in time; plan assumed supplier ETA 2025-08-30.",851.07,3,919.54,5,success,2025-09-17,Expedite worked: actual 5 stockout days vs 3 planned.,"[""RMPO036016"", ""RMREV009585"", ""RMREV009586""]",348.91,0,expedite into P05 (premium lane)
DEC00625,EVT00427,2025-08-18,supply_planner,accept_delay,"[{""option"": ""accept_delay"", ""est_cost"": 457.79, ""est_stockout_days"": 2, ""risk"": ""medium"", ""feasible"": true}, {""option"": ""expedite"", ""est_cost"": 915.58, ""est_stockout_days"": 0, ""risk"": ""low"", ""feasible"": true}, {""option"": ""cancel_po"", ""est_cost"": 478.89, ""est_stockout_days"": 1, ""risk"": ""medium"", ""feasible"": true}, {""option"": ""reallocate_stock"", ""est_cost"": 743.34, ""est_stockout_days"": 0, ""risk"": ""low"", ""feasible"": true}]",ship available stock and backorder the balance,"Chose accept delay (est. cost 458, 2 stockout days, medium risk) over cancel po (479 / 1d) and reallocate stock (743 / 0d).",457.79,2,1144.47,1,partial,2025-09-10,Accept delay only partly worked: supply arrived later than notified (1 vs 2 stockout days). Next time pad the supplier ETA and check alternates earlier.,"[""M00053507"", ""M00073837"", ""M00113866""]",0.0,0,
DEC00626,EVT00426,2025-08-19,buyer,expedite,"[{""option"": ""accept_delay"", ""est_cost"": 542.06, ""est_stockout_days"": 3, ""risk"": ""medium"", ""feasible"": true}, {""option"": ""expedite"", ""est_cost"": 268.68, ""est_stockout_days"": 0, ""risk"": ""low"", ""feasible"": true}, {""option"": ""substitute_rm"", ""est_cost"": 8000.0, ""est_stockout_days"": 0, ""risk"": ""medium"", ""feasible"": false}]",expedite RMPO036204 with Supplier 185 (SUP0185),"Chose expedite (est. cost 269, 0 stockout days, low risk) over accept delay (542 / 3d); substitute rm could not land in time; plan assumed supplier ETA 2025-08-27.",268.68,0,1425.07,7,failed,2025-09-26,Expedite failed: supply arrived later than notified (7 vs 0 stockout days). Next time pad the supplier ETA and check alternates earlier.,"[""RMPO036204"", ""RMREV009648"", ""RMREV009649""]",160.27,1,lowest-cost estimate at decision time; realised supply worse than notified
DEC00627,EVT00426,2025-08-20,supply_planner,accept_delay,"[{""option"": ""accept_delay"", ""est_cost"": 410.14, ""est_stockout_days"": 5, ""risk"": ""high"", ""feasible"": true}, {""option"": ""expedite"", ""est_cost"": 363.66, ""est_stockout_days"": 2, ""risk"": ""low"", ""feasible"": true}, {""option"": ""substitute_rm"", ""est_cost"": 8000.0, ""est_stockout_days"": 0, ""risk"": ""medium"", ""feasible"": false}]",accept the revised ETA on RMPO036262 and cover gaps with spot buys,"Chose accept delay (est. cost 410, 5 stockout days, high risk) over expedite (364 / 2d); substitute rm could not land in time; plan assumed supplier ETA 2025-09-04.",410.14,5,164.06,2,success,2025-09-29,Accept delay worked: actual 2 stockout days vs 5 planned.,"[""RMPO036262"", ""RMREV009657""]",0.0,0,
DEC00628,EVT00428,2025-08-21,supply_planner,accept_delay,"[{""option"": ""accept_delay"", ""est_cost"": 159.11, ""est_stockout_days"": 18, ""risk"": ""high"", ""feasible"": true}, {""option"": ""expedite"", ""est_cost"": 159.98, ""est_stockout_days"": 15, ""risk"": ""low"", ""feasible"": true}, {""option"": ""reallocate_stock"", ""est_cost"": 437.47, ""est_stockout_days"": 4, ""risk"": ""high"", ""feasible"": true}]",accept the revised ETA on RMPO034377 and cover gaps with spot buys,"Chose accept delay (est. cost 159, 18 stockout days, high risk) over expedite (160 / 15d) and reallocate stock (437 / 4d); plan assumed supplier ETA 2025-09-08.",159.11,18,11.36,1,success,2025-10-01,Accept delay worked: actual 1 stockout days vs 18 planned.,"[""RMPO034377"", ""RMREV009658""]",0.0,0,
DEC00629,EVT00423,2025-08-22,plant_scheduler,expedite,"[{""option"": ""accept_delay"", ""est_cost"": 1905.75, ""est_stockout_days"": 8, ""risk"": ""high"", ""feasible"": true}, {""option"": ""expedite"", ""est_cost"": 820.65, ""est_stockout_days"": 1, ""risk"": ""low"", ""feasible"": true}, {""option"": ""switch_supplier"", ""est_cost"": 3285.16, ""est_stockout_days"": 8, ""risk"": ""medium"", ""feasible"": false}]",expedite RMPO036255 with Supplier 054 (SUP0054),"Chose expedite (est. cost 821, 1 stockout days, low risk) over accept delay (1,906 / 8d); switch supplier could not land in time; plan assumed supplier ETA 2025-09-03.",820.65,1,2154.67,8,failed,2025-09-29,Expedite failed: supply arrived later than notified (8 vs 1 stockout days). Next time pad the supplier ETA and check alternates earlier.,"[""RMPO036255"", ""RMREV009676"", ""RMREV009677""]",248.92,1,lowest-cost estimate at decision time; realised supply worse than notified
DEC00630,EVT00429,2025-08-23,supply_chain_director,expedite,"[{""option"": ""accept_delay"", ""est_cost"": 16426.19, ""est_stockout_days"": 12, ""risk"": ""high"", ""feasible"": true}, {""option"": ""expedite"", ""est_cost"": 10823.27, ""est_stockout_days"": 5, ""risk"": ""low"", ""feasible"": true}, {""option"": ""switch_supplier"", ""est_cost"": 18318.53, ""est_stockout_days"": 12, ""risk"": ""medium"", ""feasible"": false}, {""option"": ""substitute_rm"", ""est_cost"": 8000.0, ""est_stockout_days"": 0, ""risk"": ""medium"", ""feasible"": false}]",expedite RMPO034627 with Supplier 010 (SUP0010),"Chose expedite (est. cost 10,823, 5 stockout days, low risk) over accept delay (16,426 / 12d); switch supplier, substitute rm could not land in time; plan assumed supplier ETA 2025-09-11.",10823.27,5,18488.82,12,failed,2025-10-03,Expedite failed: supply arrived later than notified (12 vs 5 stockout days). Next time pad the supplier ETA and check alternates earlier.,"[""RMPO034627"", ""RMREV009679"", ""RMREV009680"", ""RMREV009686""]",2062.63,1,lowest-cost estimate at decision time; realised supply worse than notified
DEC00631,EVT00430,2025-08-25,supply_planner,accept_delay,"[{""option"": ""accept_delay"", ""est_cost"": 1148.13, ""est_stockout_days"": 4, ""risk"": ""high"", ""feasible"": true}, {""option"": ""expedite"", ""est_cost"": 1511.53, ""est_stockout_days"": 1, ""risk"": ""low"", ""feasible"": true}, {""option"": ""switch_supplier"", ""est_cost"": 2412.88, ""est_stockout_days"": 4, ""risk"": ""high"", ""feasible"": false}, {""option"": ""substitute_rm"", ""est_cost"": 8000.0, ""est_stockout_days"": 0, ""risk"": ""medium"", ""feasible"": false}]",accept the revised ETA on RMPO034634 and cover gaps with spot buys,"Chose accept delay (est. cost 1,148, 4 stockout days, high risk) over expedite (1,512 / 1d); switch supplier, substitute rm could not land in time; plan assumed supplier ETA 2025-09-05.",1148.13,4,2009.23,7,partial,2025-10-04,Accept delay only partly worked: supply arrived later than notified (7 vs 4 stockout days). Next time pad the supplier ETA and check alternates earlier.,"[""RMPO034634"", ""RMREV009697""]",0.0,0,
DEC00632,EVT00417,2025-08-28,buyer,accept_delay,"[{""option"": ""accept_delay"", ""est_cost"": 11926.46, ""est_stockout_days"": 2, ""risk"": ""medium"", ""feasible"": true}, {""option"": ""expedite"", ""est_cost"": 47705.83, ""est_stockout_days"": 0, ""risk"": ""low"", ""feasible"": true}, {""option"": ""cancel_po"", ""est_cost"": 6213.23, ""est_stockout_days"": 1, ""risk"": ""medium"", ""feasible"": true}, {""option"": ""reallocate_stock"", ""est_cost"": 18289.69, ""est_stockout_days"": 0, ""risk"": ""low"", ""feasible"": true}]",accept the short/late delivery on PO011306,"Chose accept delay (est. cost 11,926, 2 stockout days, medium risk) over cancel po (6,213 / 1d) and reallocate stock (18,290 / 0d).",11926.46,2,0.0,0,success,2025-10-04,Accept delay worked: actual 0 stockout days vs 2 planned.,"[""PO011306"", ""POL0033835"", ""POL0033836"", ""POL0033837"", ""POL0033838"", ""POL0033839""]",0.0,0,
DEC00633,EVT00426,2025-08-31,buyer,expedite,"[{""option"": ""accept_delay"", ""est_cost"": 464.16, ""est_stockout_days"": 8, ""risk"": ""high"", ""feasible"": true}, {""option"": ""expedite"", ""est_cost"": 269.52, ""est_stockout_days"": 2, ""risk"": ""low"", ""feasible"": true}, {""option"": ""substitute_rm"", ""est_cost"": 8000.0, ""est_stockout_days"": 0, ""risk"": ""medium"", ""feasible"": false}]",expedite RMPO036782 with Supplier 185 (SUP0185),"Chose expedite (est. cost 270, 2 stockout days, low risk) over accept delay (464 / 8d); substitute rm could not land in time; plan assumed supplier ETA 2025-09-17.",269.52,2,141.88,1,success,2025-10-10,Expedite worked: actual 1 stockout days vs 2 planned.,"[""RMPO036782"", ""RMREV009752"", ""RMREV009753""]",83.86,1,
DEC00634,EVT00435,2025-09-15,supply_planner,switch_supplier,"[{""option"": ""accept_delay"", ""est_cost"": 10848.98, ""est_stockout_days"": 15, ""risk"": ""high"", ""feasible"": true}, {""option"": ""expedite"", ""est_cost"": 8069.48, ""est_stockout_days"": 10, ""risk"": ""medium"", ""feasible"": true}, {""option"": ""switch_supplier"", ""est_cost"": 1923.27, ""est_stockout_days"": 1, ""risk"": ""medium"", ""feasible"": true}]",place RMPO037456 with the alternate source and cancel RMPO037278,"Chose switch supplier (est. cost 1,923, 1 stockout days, medium risk) over expedite (8,069 / 10d) and accept delay (10,849 / 15d); plan assumed supplier ETA 2025-10-10.",1923.27,1,6262.86,7,failed,2025-10-25,Switch supplier failed: the alternate source also shipped late. Next time pad the supplier ETA and check alternates earlier.,"[""RMPO037278"", ""RMREV009854"", ""RMPO037456"", ""RMPOL0037906""]",1200.0,1,lowest-cost estimate at decision time; realised supply worse than notified
DEC00635,EVT00416,2025-09-17,category_manager,reallocate_stock,"[{""option"": ""accept_delay"", ""est_cost"": 400.0, ""est_stockout_days"": 2, ""risk"": ""medium"", ""feasible"": true}, {""option"": ""expedite"", ""est_cost"": 272.24, ""est_stockout_days"": 0, ""risk"": ""low"", ""feasible"": true}, {""option"": ""cancel_po"", ""est_cost"": 450.0, ""est_stockout_days"": 1, ""risk"": ""medium"", ""feasible"": true}, {""option"": ""reallocate_stock"", ""est_cost"": 502.09, ""est_stockout_days"": 0, ""risk"": ""low"", ""feasible"": true}]",transfer 24 units of IP00899 into W001 (transfer T0008853),"Chose reallocate stock (est. cost 502, 0 stockout days, low risk) over expedite (272 / 0d) and accept delay (400 / 2d).",502.09,0,502.09,0,success,2025-10-27,Reallocate stock worked: actual 0 stockout days vs 0 planned.,"[""T0008853""]",502.09,0,
DEC00636,EVT00436,2025-09-17,buyer,expedite,"[{""option"": ""accept_delay"", ""est_cost"": 1301.08, ""est_stockout_days"": 9, ""risk"": ""high"", ""feasible"": true}, {""option"": ""expedite"", ""est_cost"": 741.4, ""est_stockout_days"": 3, ""risk"": ""low"", ""feasible"": true}]",expedite RMPO035497 with Supplier 138 (SUP0138),"Chose expedite (est. cost 741, 3 stockout days, low risk) over accept delay (1,301 / 9d); plan assumed supplier ETA 2025-10-03.",741.4,3,1146.18,7,partial,2025-10-25,Expedite only partly worked: supply arrived later than notified (7 vs 3 stockout days). Next time pad the supplier ETA and check alternates earlier.,"[""RMPO035497"", ""RMREV009868"", ""RMREV009869""]",134.23,0,
DEC00637,EVT00437,2025-09-17,supply_planner,accept_delay,"[{""option"": ""accept_delay"", ""est_cost"": 401.3, ""est_stockout_days"": 2, ""risk"": ""medium"", ""feasible"": true}, {""option"": ""expedite"", ""est_cost"": 802.61, ""est_stockout_days"": 0, ""risk"": ""low"", ""feasible"": true}, {""option"": ""cancel_po"", ""est_cost"": 450.65, ""est_stockout_days"": 1, ""risk"": ""medium"", ""feasible"": true}, {""option"": ""reallocate_stock"", ""est_cost"": 700.98, ""est_stockout_days"": 0, ""risk"": ""low"", ""feasible"": true}]",ship available stock and backorder the balance,"Chose accept delay (est. cost 401, 2 stockout days, medium risk) over cancel po (451 / 1d) and reallocate stock (701 / 0d).",401.3,2,1003.26,1,partial,2025-10-10,Accept delay only partly worked: supply arrived later than notified (1 vs 2 stockout days). Next time pad the supplier ETA and check alternates earlier.,"[""M00058530"", ""M00093917"", ""M00111658""]",0.0,0,
DEC00638,EVT00434,2025-09-17,supply_planner,expedite,"[{""option"": ""accept_delay"", ""est_cost"": 3639.12, ""est_stockout_days"": 16, ""risk"": ""high"", ""feasible"": true}, {""option"": ""expedite"", ""est_cost"": 3157.48, ""est_stockout_days"": 12, ""risk"": ""high"", ""feasible"": true}, {""option"": ""switch_supplier"", ""est_cost"": 4839.12, ""est_stockout_days"": 16, ""risk"": ""medium"", ""feasible"": false}, {""option"": ""substitute_rm"", ""est_cost"": 8000.0, ""est_stockout_days"": 0, ""risk"": ""medium"", ""feasible"": false}]",expedite RMPO035769 with Supplier 129 (SUP0129),"Chose expedite (est. cost 3,157, 12 stockout days, high risk) over accept delay (3,639 / 16d); switch supplier, substitute rm could not land in time; plan assumed supplier ETA 2025-10-10.",3157.48,12,2520.63,10,success,2025-10-26,Expedite worked: actual 10 stockout days vs 12 planned.,"[""RMPO035769"", ""RMREV009872"", ""RMREV009873""]",246.18,0,
DEC00639,EVT00439,2025-09-22,buyer,switch_supplier,"[{""option"": ""accept_delay"", ""est_cost"": 20447.56, ""est_stockout_days"": 15, ""risk"": ""high"", ""feasible"": true}, {""option"": ""expedite"", ""est_cost"": 19167.37, ""est_stockout_days"": 11, ""risk"": ""high"", ""feasible"": true}, {""option"": ""switch_supplier"", ""est_cost"": 1982.25, ""est_stockout_days"": 0, ""risk"": ""medium"", ""feasible"": true}]",place RMPO037729 with the alternate source and cancel RMPO035766,"Chose switch supplier (est. cost 1,982, 0 stockout days, medium risk) over expedite (19,167 / 11d) and accept delay (20,448 / 15d); plan assumed supplier ETA 2025-10-15.",1982.25,0,12887.61,8,failed,2025-10-30,Switch supplier failed: the alternate source also shipped late. Next time pad the supplier ETA and check alternates earlier.,"[""RMPO035766"", ""RMREV009903"", ""RMPO037729"", ""RMPOL0038184""]",1982.25,1,lowest-cost estimate at decision time; realised supply worse than notified
DEC00640,EVT00434,2025-09-28,buyer,expedite,"[{""option"": ""accept_delay"", ""est_cost"": 4220.15, ""est_stockout_days"": 19, ""risk"": ""high"", ""feasible"": true}, {""option"": ""expedite"", ""est_cost"": 3770.15, ""est_stockout_days"": 16, ""risk"": ""high"", ""feasible"": true}, {""option"": ""switch_supplier"", ""est_cost"": 5420.15, ""est_stockout_days"": 19, ""risk"": ""medium"", ""feasible"": false}, {""option"": ""substitute_rm"", ""est_cost"": 8000.0, ""est_stockout_days"": 0, ""risk"": ""medium"", ""feasible"": false}]",expedite RMPO035880 with Supplier 129 (SUP0129),"Chose expedite (est. cost 3,770, 16 stockout days, high risk) over accept delay (4,220 / 19d); switch supplier, substitute rm could not land in time; plan assumed supplier ETA 2025-10-25.",3770.15,16,2748.43,12,success,2025-11-07,Expedite worked: actual 12 stockout days vs 16 planned.,"[""RMPO035880"", ""RMREV009952"", ""RMREV009953""]",83.07,0,
DEC00641,EVT00441,2025-10-04,buyer,accept_delay,"[{""option"": ""accept_delay"", ""est_cost"": 0.0, ""est_stockout_days"": 0, ""risk"": ""high"", ""feasible"": true}, {""option"": ""expedite"", ""est_cost"": 20.9, ""est_stockout_days"": 0, ""risk"": ""high"", ""feasible"": true}, {""option"": ""switch_supplier"", ""est_cost"": 1215.07, ""est_stockout_days"": 0, ""risk"": ""medium"", ""feasible"": false}]",accept the revised ETA on RMPO036508 and cover gaps with spot buys,"Chose accept delay (est. cost 0, 0 stockout days, high risk) over expedite (21 / 0d); switch supplier could not land in time; plan assumed supplier ETA 2025-10-16.",0.0,0,81.88,3,partial,2025-11-15,Accept delay only partly worked: Nov-Dec ETA notices from Supplier 136 (SUP0136) understated the slip; the first revised date was optimistic. Next time pad the supplier ETA and check alternates earlier.,"[""RMPO036508"", ""RMREV009995""]",0.0,0,Q4 peak season
DEC00642,EVT00440,2025-10-05,buyer,expedite,"[{""option"": ""accept_delay"", ""est_cost"": 6412.23, ""est_stockout_days"": 16, ""risk"": ""high"", ""feasible"": true}, {""option"": ""expedite"", ""est_cost"": 4479.41, ""est_stockout_days"": 9, ""risk"": ""high"", ""feasible"": true}, {""option"": ""switch_supplier"", ""est_cost"": 7912.25, ""est_stockout_days"": 16, ""risk"": ""medium"", ""feasible"": false}]",expedite RMPO038130 with Supplier 054 (SUP0054),"Chose expedite (est. cost 4,479, 9 stockout days, high risk) over accept delay (6,412 / 16d); switch supplier could not land in time; plan assumed supplier ETA 2025-11-01.",4479.41,9,3517.58,8,success,2025-11-12,Expedite worked: actual 8 stockout days vs 9 planned. Worked even in Q4 because the supplier's first revised ETA held.,"[""RMPO038130"", ""RMREV010009"", ""RMREV010010""]",311.46,0,Q4 peak season
DEC00643,EVT00436,2025-10-06,category_manager,expedite,"[{""option"": ""accept_delay"", ""est_cost"": 483.61, ""est_stockout_days"": 4, ""risk"": ""high"", ""feasible"": true}, {""option"": ""expedite"", ""est_cost"": 131.32, ""est_stockout_days"": 0, ""risk"": ""high"", ""feasible"": true}]",expedite RMPO036154 with Supplier 138 (SUP0138),"Chose expedite (est. cost 131, 0 stockout days, high risk) over accept delay (484 / 4d); plan assumed supplier ETA 2025-10-17.",131.32,0,1364.52,11,failed,2025-11-14,Expedite failed: Nov-Dec ETA notices from Supplier 138 (SUP0138) understated the slip; the first revised date was optimistic. Next time pad the supplier ETA and check alternates earlier.,"[""RMPO036154"", ""RMREV010012"", ""RMREV010013""]",34.6,1,Q4 peak season; lowest-cost estimate at decision time; realised supply worse than notified
DEC00644,EVT00442,2025-10-07,buyer,expedite,"[{""option"": ""accept_delay"", ""est_cost"": 164.06, ""est_stockout_days"": 2, ""risk"": ""high"", ""feasible"": true}, {""option"": ""expedite"", ""est_cost"": 72.44, ""est_stockout_days"": 0, ""risk"": ""high"", ""feasible"": true}, {""option"": ""substitute_rm"", ""est_cost"": 8000.0, ""est_stockout_days"": 0, ""risk"": ""medium"", ""feasible"": false}]",expedite RMPO038127 with Supplier 185 (SUP0185),"Chose expedite (est. cost 72, 0 stockout days, high risk) over accept delay (164 / 2d); substitute rm could not land in time; plan assumed supplier ETA 2025-10-19.",72.44,0,613.83,7,failed,2025-11-14,Expedite failed: Nov-Dec ETA notices from Supplier 185 (SUP0185) understated the slip; the first revised date was optimistic. Next time pad the supplier ETA and check alternates earlier.,"[""RMPO038127"", ""RMREV010023"", ""RMREV010024""]",39.63,1,Q4 peak season; lowest-cost estimate at decision time; realised supply worse than notified
DEC00645,EVT00443,2025-10-08,supply_planner,expedite,"[{""option"": ""accept_delay"", ""est_cost"": 424.15, ""est_stockout_days"": 5, ""risk"": ""high"", ""feasible"": true}, {""option"": ""expedite"", ""est_cost"": 273.1, ""est_stockout_days"": 2, ""risk"": ""high"", ""feasible"": true}, {""option"": ""switch_supplier"", ""est_cost"": 1655.59, ""est_stockout_days"": 5, ""risk"": ""high"", ""feasible"": false}]",expedite RMPO037060 with Supplier 051 (SUP0051),"Chose expedite (est. cost 273, 2 stockout days, high risk) over accept delay (424 / 5d); switch supplier could not land in time; plan assumed supplier ETA 2025-10-21.",273.1,2,816.02,9,failed,2025-11-19,Expedite failed: Nov-Dec ETA notices from Supplier 051 (SUP0051) understated the slip; the first revised date was optimistic. Next time pad the supplier ETA and check alternates earlier.,"[""RMPO037060"", ""RMREV010031"", ""RMREV010032""]",52.54,1,Q4 peak season; lowest-cost estimate at decision time; realised supply worse than notified
DEC00646,EVT00444,2025-10-17,buyer,switch_supplier,"[{""option"": ""accept_delay"", ""est_cost"": 5296.09, ""est_stockout_days"": 4, ""risk"": ""medium"", ""feasible"": true}, {""option"": ""expedite"", ""est_cost"": 2982.95, ""est_stockout_days"": 0, ""risk"": ""high"", ""feasible"": true}, {""option"": ""switch_supplier"", ""est_cost"": 1982.25, ""est_stockout_days"": 0, ""risk"": ""medium"", ""feasible"": true}]",place RMPO038683 with the alternate source and cancel RMPO036780,"Chose switch supplier (est. cost 1,982, 0 stockout days, medium risk) over expedite (2,983 / 0d) and accept delay (5,296 / 4d); plan assumed supplier ETA 2025-10-27.",1982.25,0,15222.47,10,failed,2025-11-26,Switch supplier failed: the alternate source also shipped late. Next time pad the supplier ETA and check alternates earlier.,"[""RMPO036780"", ""RMREV010112"", ""RMPO038683"", ""RMPOL0039147""]",1982.25,1,Q4 peak season; lowest-cost estimate at decision time; realised supply worse than notified
DEC00647,EVT00445,2025-10-17,category_manager,renegotiate,"[{""option"": ""renegotiate"", ""est_cost"": 1791.55, ""est_stockout_days"": 0, ""risk"": ""medium"", ""feasible"": true}, {""option"": ""accept_delay"", ""est_cost"": 4478.86, ""est_stockout_days"": 0, ""risk"": ""low"", ""feasible"": true}, {""option"": ""substitute_rm"", ""est_cost"": 23000.0, ""est_stockout_days"": 0, ""risk"": ""high"", ""feasible"": false}]",open price negotiation with Supplier 185 (SUP0185) on RM0043,"Chose renegotiate (est. cost 1,792, 0 stockout days, medium risk) over accept delay (4,479 / 0d); substitute rm could not land in time.",1791.55,0,4478.86,0,partial,2025-12-31,Renegotiate only partly worked: supply arrived later than notified (0 vs 0 stockout days). Next time pad the supplier ETA and check alternates earlier.,"[""NEG0032"", ""CAT00262""]",2500.0,1,Q4 peak season
DEC00648,EVT00442,2025-10-18,plant_scheduler,expedite,"[{""option"": ""accept_delay"", ""est_cost"": 1744.93, ""est_stockout_days"": 15, ""risk"": ""high"", ""feasible"": true}, {""option"": ""expedite"", ""est_cost"": 1243.99, ""est_stockout_days"": 9, ""risk"": ""high"", ""feasible"": true}, {""option"": ""substitute_rm"", ""est_cost"": 8000.0, ""est_stockout_days"": 0, ""risk"": ""medium"", ""feasible"": false}]",expedite RMPO038618 with Supplier 185 (SUP0185),"Chose expedite (est. cost 1,244, 9 stockout days, high risk) over accept delay (1,745 / 15d); substitute rm could not land in time; plan assumed supplier ETA 2025-11-10.",1243.99,9,1569.72,13,partial,2025-11-26,Expedite only partly worked: Nov-Dec ETA notices from Supplier 185 (SUP0185) understated the slip; the first revised date was optimistic. Next time pad the supplier ETA and check alternates earlier.,"[""RMPO038618"", ""RMREV010124"", ""RMREV010125""]",57.44,1,Q4 peak season
DEC00649,EVT00442,2025-10-21,buyer,expedite,"[{""option"": ""accept_delay"", ""est_cost"": 570.64, ""est_stockout_days"": 5, ""risk"": ""medium"", ""feasible"": true}, {""option"": ""expedite"", ""est_cost"": 349.81, ""est_stockout_days"": 0, ""risk"": ""high"", ""feasible"": true}, {""option"": ""substitute_rm"", ""est_cost"": 8000.0, ""est_stockout_days"": 0, ""risk"": ""medium"", ""feasible"": false}]",expedite RMPO038621 with Supplier 185 (SUP0185),"Chose expedite (est. cost 350, 0 stockout days, high risk) over accept delay (571 / 5d); substitute rm could not land in time; plan assumed supplier ETA 2025-10-31.",349.81,0,1376.95,10,failed,2025-11-28,Expedite failed: Nov-Dec ETA notices from Supplier 185 (SUP0185) understated the slip; the first revised date was optimistic; premium freight into P05 costs about twice the network average. Next time pad the supplier ETA and check alternates earlier.,"[""RMPO038621"", ""RMREV010163"", ""RMREV010164""]",235.68,1,Q4 peak season; expedite into P05 (premium lane); lowest-cost estimate at decision time; realised supply worse than notified
DEC00650,EVT00446,2025-10-22,category_manager,expedite,"[{""option"": ""accept_delay"", ""est_cost"": 310.38, ""est_stockout_days"": 4, ""risk"": ""high"", ""feasible"": true}, {""option"": ""expedite"", ""est_cost"": 208.43, ""est_stockout_days"": 0, ""risk"": ""high"", ""feasible"": true}, {""option"": ""switch_supplier"", ""est_cost"": 1510.38, ""est_stockout_days"": 4, ""risk"": ""high"", ""feasible"": false}, {""option"": ""substitute_rm"", ""est_cost"": 8000.0, ""est_stockout_days"": 0, ""risk"": ""medium"", ""feasible"": false}]",expedite RMPO036898 with Supplier 118 (SUP0118),"Chose expedite (est. cost 208, 0 stockout days, high risk) over accept delay (310 / 4d); switch supplier, substitute rm could not land in time; plan assumed supplier ETA 2025-11-04.",208.43,0,767.12,8,failed,2025-11-30,Expedite failed: Nov-Dec ETA notices from Supplier 118 (SUP0118) understated the slip; the first revised date was optimistic. Next time pad the supplier ETA and check alternates earlier.,"[""RMPO036898"", ""RMREV010173"", ""RMREV010174""]",146.35,1,Q4 peak season; supplier with year-end capacity history; lowest-cost estimate at decision time; realised supply worse than notified
DEC00651,EVT00450,2025-10-28,buyer,reallocate_stock,"[{""option"": ""accept_delay"", ""est_cost"": 1072.26, ""est_stockout_days"": 19, ""risk"": ""high"", ""feasible"": true}, {""option"": ""expedite"", ""est_cost"": 922.56, ""est_stockout_days"": 15, ""risk"": ""high"", ""feasible"": true}, {""option"": ""switch_supplier"", ""est_cost"": 2281.61, ""est_stockout_days"": 19, ""risk"": ""medium"", ""feasible"": false}, {""option"": ""reallocate_stock"", ""est_cost"": 642.34, ""est_stockout_days"": 4, ""risk"": ""high"", ""feasible"": true}]",transfer RM0021 stock to P05 (transfer RMT0000003),"Chose reallocate stock (est. cost 642, 4 stockout days, high risk) over expedite (923 / 15d) and accept delay (1,072 / 19d); switch supplier could not land in time; plan assumed supplier ETA 2025-11-14.",642.34,4,401.94,0,success,2025-12-05,Reallocate stock worked: actual 0 stockout days vs 4 planned. Worked even in Q4 because the supplier's first revised ETA held.,"[""RMPO039206"", ""RMREV010253"", ""RMREV010262"", ""RMT0000003""]",401.94,0,Q4 peak season; root cause severe_weather
DEC00652,EVT00451,2025-11-01,supply_planner,expedite,"[{""option"": ""accept_delay"", ""est_cost"": 79.32, ""est_stockout_days"": 4, ""risk"": ""high"", ""feasible"": true}, {""option"": ""expedite"", ""est_cost"": 49.64, ""est_stockout_days"": 1, ""risk"": ""high"", ""feasible"": true}, {""option"": ""switch_supplier"", ""est_cost"": 1286.32, ""est_stockout_days"": 4, ""risk"": ""medium"", ""feasible"": false}]",expedite RMPO038960 with Supplier 241 (SUP0241),"Chose expedite (est. cost 50, 1 stockout days, high risk) over accept delay (79 / 4d); switch supplier could not land in time; plan assumed supplier ETA 2025-11-13.",49.64,1,216.22,10,failed,2025-12-08,Expedite failed: Nov-Dec ETA notices from Supplier 241 (SUP0241) understated the slip; the first revised date was optimistic. Next time pad the supplier ETA and check alternates earlier.,"[""RMPO038960"", ""RMREV010284"", ""RMREV010285""]",17.91,1,Q4 peak season; lowest-cost estimate at decision time; realised supply worse than notified
DEC00653,EVT00442,2025-11-02,supply_planner,expedite,"[{""option"": ""accept_delay"", ""est_cost"": 290.1, ""est_stockout_days"": 5, ""risk"": ""medium"", ""feasible"": true}, {""option"": ""expedite"", ""est_cost"": 187.0, ""est_stockout_days"": 1, ""risk"": ""high"", ""feasible"": true}, {""option"": ""substitute_rm"", ""est_cost"": 9044.35, ""est_stockout_days"": 18, ""risk"": ""medium"", ""feasible"": false}]",expedite RMPO038903 with Supplier 185 (SUP0185),"Chose expedite (est. cost 187, 1 stockout days, high risk) over accept delay (290 / 5d); substitute rm could not land in time; plan assumed supplier ETA 2025-11-12.",187.0,1,778.79,12,failed,2025-12-11,Expedite failed: Nov-Dec ETA notices from Supplier 185 (SUP0185) understated the slip; the first revised date was optimistic. Next time pad the supplier ETA and check alternates earlier.,"[""RMPO038903"", ""RMREV010290"", ""RMREV010291""]",82.56,1,Q4 peak season; lowest-cost estimate at decision time; realised supply worse than notified
DEC00654,EVT00444,2025-11-03,plant_scheduler,switch_supplier,"[{""option"": ""accept_delay"", ""est_cost"": 8810.64, ""est_stockout_days"": 4, ""risk"": ""high"", ""feasible"": true}, {""option"": ""expedite"", ""est_cost"": 3377.39, ""est_stockout_days"": 0, ""risk"": ""high"", ""feasible"": true}, {""option"": ""switch_supplier"", ""est_cost"": 1982.25, ""est_stockout_days"": 0, ""risk"": ""medium"", ""feasible"": true}]",place RMPO039341 with the alternate source and cancel RMPO037345,"Chose switch supplier (est. cost 1,982, 0 stockout days, medium risk) over expedite (3,377 / 0d) and accept delay (8,811 / 4d); plan assumed supplier ETA 2025-11-16.",1982.25,0,24008.84,10,failed,2025-12-11,Switch supplier failed: the alternate source also shipped late. Next time pad the supplier ETA and check alternates earlier.,"[""RMPO037345"", ""RMREV010295"", ""RMPO039341"", ""RMPOL0039811""]",1982.25,1,Q4 peak season; lowest-cost estimate at decision time; realised supply worse than notified
DEC00655,EVT00452,2025-11-03,plant_scheduler,accept_delay,"[{""option"": ""accept_delay"", ""est_cost"": 38.06, ""est_stockout_days"": 1, ""risk"": ""medium"", ""feasible"": true}, {""option"": ""expedite"", ""est_cost"": 103.71, ""est_stockout_days"": 0, ""risk"": ""high"", ""feasible"": true}, {""option"": ""switch_supplier"", ""est_cost"": 1284.6, ""est_stockout_days"": 0, ""risk"": ""high"", ""feasible"": true}]",accept the revised ETA on RMPO037070 and cover gaps with spot buys,"Chose accept delay (est. cost 38, 1 stockout days, medium risk) over expedite (104 / 0d) and switch supplier (1,285 / 0d); plan assumed supplier ETA 2025-11-12.",38.06,1,114.17,3,success,2025-12-10,Accept delay worked: actual 3 stockout days vs 1 planned. Worked even in Q4 because the supplier's first revised ETA held.,"[""RMPO037070"", ""RMREV010294""]",0.0,0,Q4 peak season; root cause peak_season_capacity; supplier with year-end capacity history
DEC00656,EVT00453,2025-11-04,supply_planner,accept_delay,"[{""option"": ""accept_delay"", ""est_cost"": 1252.78, ""est_stockout_days"": 2, ""risk"": ""medium"", ""feasible"": true}, {""option"": ""expedite"", ""est_cost"": 2505.55, ""est_stockout_days"": 0, ""risk"": ""low"", ""feasible"": true}, {""option"": ""cancel_po"", ""est_cost"": 876.39, ""est_stockout_days"": 1, ""risk"": ""medium"", ""feasible"": true}, {""option"": ""reallocate_stock"", ""est_cost"": 1339.58, ""est_stockout_days"": 0, ""risk"": ""low"", ""feasible"": true}]",ship available stock and backorder the balance,"Chose accept delay (est. cost 1,253, 2 stockout days, medium risk) over cancel po (876 / 1d) and reallocate stock (1,340 / 0d).",1252.78,2,3131.94,1,partial,2025-11-27,Accept delay only partly worked: Nov-Dec ETA notices from the supplier understated the slip; the first revised date was optimistic. Next time pad the supplier ETA and check alternates earlier.,"[""M00078637"", ""M00118324""]",0.0,0,Q4 peak season
DEC00657,EVT00454,2025-11-04,supply_planner,accept_delay,"[{""option"": ""accept_delay"", ""est_cost"": 657.59, ""est_stockout_days"": 23, ""risk"": ""medium"", ""feasible"": true}, {""option"": ""expedite"", ""est_cost"": 660.35, ""est_stockout_days"": 23, ""risk"": ""high"", ""feasible"": true}, {""option"": ""switch_supplier"", ""est_cost"": 1881.46, ""est_stockout_days"": 23, ""risk"": ""medium"", ""feasible"": false}]",accept the revised ETA on RMPO039455 and cover gaps with spot buys,"Chose accept delay (est. cost 658, 23 stockout days, medium risk) over expedite (660 / 23d); switch supplier could not land in time; plan assumed supplier ETA 2025-11-13.",657.59,23,76.0,2,success,2025-12-12,Accept delay worked: actual 2 stockout days vs 23 planned. Worked even in Q4 because the supplier's first revised ETA held.,"[""RMPO039455"", ""RMREV010334""]",0.0,0,Q4 peak season; root cause severe_weather
DEC00658,EVT00456,2025-11-05,supply_planner,expedite,"[{""option"": ""accept_delay"", ""est_cost"": 660.09, ""est_stockout_days"": 5, ""risk"": ""high"", ""feasible"": true}, {""option"": ""expedite"", ""est_cost"": 323.97, ""est_stockout_days"": 1, ""risk"": ""high"", ""feasible"": true}, {""option"": ""switch_supplier"", ""est_cost"": 1984.85, ""est_stockout_days"": 5, ""risk"": ""medium"", ""feasible"": false}, {""option"": ""substitute_rm"", ""est_cost"": 8000.0, ""est_stockout_days"": 0, ""risk"": ""medium"", ""feasible"": false}]",expedite RMPO038685 with Supplier 151 (SUP0151),"Chose expedite (est. cost 324, 1 stockout days, high risk) over accept delay (660 / 5d); switch supplier, substitute rm could not land in time; plan assumed supplier ETA 2025-11-21.",323.97,1,1670.56,12,failed,2025-12-14,Expedite failed: Nov-Dec ETA notices from Supplier 151 (SUP0151) understated the slip; the first revised date was optimistic. Next time pad the supplier ETA and check alternates earlier.,"[""RMPO038685"", ""RMREV010343"", ""RMREV010344""]",86.34,1,Q4 peak season; lowest-cost estimate at decision time; realised supply worse than notified
DEC00659,EVT00455,2025-11-07,supply_chain_director,expedite,"[{""option"": ""accept_delay"", ""est_cost"": 392.18, ""est_stockout_days"": 12, ""risk"": ""high"", ""feasible"": true}, {""option"": ""expedite"", ""est_cost"": 318.29, ""est_stockout_days"": 8, ""risk"": ""high"", ""feasible"": true}, {""option"": ""switch_supplier"", ""est_cost"": 1474.61, ""est_stockout_days"": 8, ""risk"": ""medium"", ""feasible"": true}]",expedite RMPO037624 with Supplier 136 (SUP0136),"Chose expedite (est. cost 318, 8 stockout days, high risk) over accept delay (392 / 12d) and switch supplier (1,475 / 8d); plan assumed supplier ETA 2025-11-26.",318.29,8,324.83,9,success,2025-12-14,Expedite worked: actual 9 stockout days vs 8 planned. Worked even in Q4 because the supplier's first revised ETA held.,"[""RMPO037624"", ""RMREV010372"", ""RMREV010373""]",30.69,0,Q4 peak season
DEC00660,EVT00457,2025-11-08,plant_scheduler,expedite,"[{""option"": ""accept_delay"", ""est_cost"": 705.53, ""est_stockout_days"": 4, ""risk"": ""high"", ""feasible"": true}, {""option"": ""expedite"", ""est_cost"": 283.56, ""est_stockout_days"": 0, ""risk"": ""high"", ""feasible"": true}]",expedite RMPO037621 with Supplier 138 (SUP0138),"Chose expedite (est. cost 284, 0 stockout days, high risk) over accept delay (706 / 4d); plan assumed supplier ETA 2025-11-22.",283.56,0,2082.65,11,failed,2025-12-20,Expedite failed: Nov-Dec ETA notices from Supplier 138 (SUP0138) understated the slip; the first revised date was optimistic. Next time pad the supplier ETA and check alternates earlier.,"[""RMPO037621"", ""RMREV010389"", ""RMREV010390""]",142.45,1,Q4 peak season; lowest-cost estimate at decision time; realised supply worse than notified
DEC00661,EVT00452,2025-11-10,supply_planner,accept_delay,"[{""option"": ""accept_delay"", ""est_cost"": 0.0, ""est_stockout_days"": 0, ""risk"": ""medium"", ""feasible"": true}, {""option"": ""expedite"", ""est_cost"": 41.87, ""est_stockout_days"": 0, ""risk"": ""high"", ""feasible"": true}, {""option"": ""switch_supplier"", ""est_cost"": 1227.64, ""est_stockout_days"": 0, ""risk"": ""high"", ""feasible"": false}]",accept the revised ETA on RMPO036900 and cover gaps with spot buys,"Chose accept delay (est. cost 0, 0 stockout days, medium risk) over expedite (42 / 0d); switch supplier could not land in time; plan assumed supplier ETA 2025-11-17.",0.0,0,732.43,9,failed,2025-12-19,Accept delay failed: Nov-Dec ETA notices from Supplier 118 (SUP0118) understated the slip; the first revised date was optimistic. Next time pad the supplier ETA and check alternates earlier.,"[""RMPO036900"", ""RMREV010428""]",0.0,1,Q4 peak season; root cause peak_season_capacity; supplier with year-end capacity history; lowest-cost estimate at decision time; realised supply worse than notified
DEC00662,EVT00461,2025-11-10,category_manager,expedite,"[{""option"": ""accept_delay"", ""est_cost"": 164.2, ""est_stockout_days"": 3, ""risk"": ""high"", ""feasible"": true}, {""option"": ""expedite"", ""est_cost"": 64.37, ""est_stockout_days"": 0, ""risk"": ""high"", ""feasible"": true}, {""option"": ""switch_supplier"", ""est_cost"": 1200.0, ""est_stockout_days"": 0, ""risk"": ""medium"", ""feasible"": true}]",expedite RMPO037879 with Supplier 033 (SUP0033),"Chose expedite (est. cost 64, 0 stockout days, high risk) over accept delay (164 / 3d) and switch supplier (1,200 / 0d); plan assumed supplier ETA 2025-11-27.",64.37,0,359.93,6,failed,2025-12-17,Expedite failed: Nov-Dec ETA notices from Supplier 033 (SUP0033) understated the slip; the first revised date was optimistic. Next time pad the supplier ETA and check alternates earlier.,"[""RMPO037879"", ""RMREV010429"", ""RMREV010430""]",31.53,1,Q4 peak season; lowest-cost estimate at decision time; realised supply worse than notified
DEC00663,EVT00462,2025-11-16,category_manager,expedite,"[{""option"": ""accept_delay"", ""est_cost"": 2039.11, ""est_stockout_days"": 19, ""risk"": ""high"", ""feasible"": true}, {""option"": ""expedite"", ""est_cost"": 1764.12, ""est_stockout_days"": 15, ""risk"": ""high"", ""feasible"": true}, {""option"": ""switch_supplier"", ""est_cost"": 3270.55, ""est_stockout_days"": 19, ""risk"": ""high"", ""feasible"": false}]",expedite RMPO038404 with Supplier 051 (SUP0051),"Chose expedite (est. cost 1,764, 15 stockout days, high risk) over accept delay (2,039 / 19d); switch supplier could not land in time; plan assumed supplier ETA 2025-12-14.",1764.12,15,1248.97,11,success,2025-12-27,Expedite worked: actual 11 stockout days vs 15 planned. Worked even in Q4 because the supplier's first revised ETA held.,"[""RMPO038404"", ""RMREV010548"", ""RMREV010549""]",68.43,0,Q4 peak season
DEC00664,EVT00452,2025-11-16,buyer,accept_delay,"[{""option"": ""accept_delay"", ""est_cost"": 0.0, ""est_stockout_days"": 0, ""risk"": ""medium"", ""feasible"": true}, {""option"": ""expedite"", ""est_cost"": 46.27, ""est_stockout_days"": 0, ""risk"": ""high"", ""feasible"": true}, {""option"": ""switch_supplier"", ""est_cost"": 1227.64, ""est_stockout_days"": 0, ""risk"": ""high"", ""feasible"": false}]",accept the revised ETA on RMPO037181 and cover gaps with spot buys,"Chose accept delay (est. cost 0, 0 stockout days, medium risk) over expedite (46 / 0d); switch supplier could not land in time; plan assumed supplier ETA 2025-11-22.",0.0,0,740.44,7,failed,2025-12-27,Accept delay failed: Nov-Dec ETA notices from Supplier 118 (SUP0118) understated the slip; the first revised date was optimistic. Next time pad the supplier ETA and check alternates earlier.,"[""RMPO037181"", ""RMREV010539""]",0.0,1,Q4 peak season; root cause peak_season_capacity; supplier with year-end capacity history; lowest-cost estimate at decision time; realised supply worse than notified
DEC00665,EVT00468,2025-11-27,category_manager,expedite,"[{""option"": ""accept_delay"", ""est_cost"": 92.76, ""est_stockout_days"": 2, ""risk"": ""medium"", ""feasible"": true}, {""option"": ""expedite"", ""est_cost"": 64.08, ""est_stockout_days"": 0, ""risk"": ""high"", ""feasible"": true}, {""option"": ""switch_supplier"", ""est_cost"": 1292.76, ""est_stockout_days"": 2, ""risk"": ""high"", ""feasible"": false}, {""option"": ""substitute_rm"", ""est_cost"": 8000.0, ""est_stockout_days"": 0, ""risk"": ""medium"", ""feasible"": false}]",expedite RMPO037978 with Supplier 118 (SUP0118),"Chose expedite (est. cost 64, 0 stockout days, high risk) over accept delay (93 / 2d); switch supplier, substitute rm could not land in time; plan assumed supplier ETA 2025-12-06.",64.08,0,555.72,11,failed,2025-12-31,Expedite failed: Nov-Dec ETA notices from Supplier 118 (SUP0118) understated the slip; the first revised date was optimistic. Next time pad the supplier ETA and check alternates earlier.,"[""RMPO037978"", ""RMREV010686"", ""RMREV010687""]",45.53,1,Q4 peak season; root cause peak_season_capacity; supplier with year-end capacity history; lowest-cost estimate at decision time; realised supply worse than notified
DEC00666,EVT00466,2025-11-27,buyer,switch_supplier,"[{""option"": ""accept_delay"", ""est_cost"": 13110.22, ""est_stockout_days"": 12, ""risk"": ""high"", ""feasible"": true}, {""option"": ""expedite"", ""est_cost"": 7252.22, ""est_stockout_days"": 5, ""risk"": ""high"", ""feasible"": true}, {""option"": ""switch_supplier"", ""est_cost"": 2292.52, ""est_stockout_days"": 1, ""risk"": ""medium"", ""feasible"": true}]",place RMPO040051 with the alternate source and cancel RMPO039080,"Chose switch supplier (est. cost 2,293, 1 stockout days, medium risk) over expedite (7,252 / 5d) and accept delay (13,110 / 12d); plan assumed supplier ETA 2025-12-20.",2292.52,1,7755.11,6,failed,2025-12-31,Switch supplier failed: the alternate source also shipped late. Next time pad the supplier ETA and check alternates earlier.,"[""RMPO039080"", ""RMREV010690"", ""RMPO040051"", ""RMPOL0040528""]",1200.0,1,Q4 peak season; lowest-cost estimate at decision time; realised supply worse than notified
DEC00667,EVT00449,2025-11-27,supply_chain_director,accept_delay,"[{""option"": ""accept_delay"", ""est_cost"": 1300.33, ""est_stockout_days"": 15, ""risk"": ""medium"", ""feasible"": true}, {""option"": ""expedite"", ""est_cost"": 1330.45, ""est_stockout_days"": 15, ""risk"": ""high"", ""feasible"": true}, {""option"": ""switch_supplier"", ""est_cost"": 2500.33, ""est_stockout_days"": 15, ""risk"": ""medium"", ""feasible"": false}]",accept the revised ETA on RMPO039791 and cover gaps with spot buys,"Chose accept delay (est. cost 1,300, 15 stockout days, medium risk) over expedite (1,330 / 15d); switch supplier could not land in time; plan assumed supplier ETA 2025-12-01.",1300.33,15,0.0,0,success,2025-12-31,Accept delay worked: actual 0 stockout days vs 15 planned. Worked even in Q4 because the supplier's first revised ETA held.,"[""RMPO039791"", ""RMREV010580"", ""RMREV010694""]",0.0,0,Q4 peak season; active country shock; root cause severe_weather
DEC00668,EVT00465,2025-11-28,buyer,expedite,"[{""option"": ""accept_delay"", ""est_cost"": 738.25, ""est_stockout_days"": 9, ""risk"": ""high"", ""feasible"": true}, {""option"": ""expedite"", ""est_cost"": 554.59, ""est_stockout_days"": 5, ""risk"": ""high"", ""feasible"": true}, {""option"": ""substitute_rm"", ""est_cost"": 8000.0, ""est_stockout_days"": 0, ""risk"": ""medium"", ""feasible"": false}]",expedite RMPO039907 with Supplier 185 (SUP0185),"Chose expedite (est. cost 555, 5 stockout days, high risk) over accept delay (738 / 9d); substitute rm could not land in time; plan assumed supplier ETA 2025-12-15.",554.59,5,653.03,7,success,2025-12-31,Expedite worked: actual 7 stockout days vs 5 planned. Worked even in Q4 because the supplier's first revised ETA held.,"[""RMPO039907"", ""RMREV010711"", ""RMREV010712""]",78.83,0,Q4 peak season
DEC00669,EVT00469,2025-11-28,supply_planner,expedite,"[{""option"": ""accept_delay"", ""est_cost"": 607.72, ""est_stockout_days"": 8, ""risk"": ""high"", ""feasible"": true}, {""option"": ""expedite"", ""est_cost"": 473.06, ""est_stockout_days"": 4, ""risk"": ""high"", ""feasible"": true}, {""option"": ""switch_supplier"", ""est_cost"": 1285.11, ""est_stockout_days"": 0, ""risk"": ""high"", ""feasible"": true}]",expedite RMPO038401 with Supplier 118 (SUP0118),"Chose expedite (est. cost 473, 4 stockout days, high risk) over accept delay (608 / 8d) and switch supplier (1,285 / 0d); plan assumed supplier ETA 2025-12-19.",473.06,4,336.33,3,success,2025-12-31,Expedite worked: actual 3 stockout days vs 4 planned. Worked even in Q4 because the supplier's first revised ETA held.,"[""RMPO038401"", ""RMREV010699"", ""RMREV010700""]",108.43,0,Q4 peak season; root cause peak_season_capacity; supplier with year-end capacity history
DEC00670,EVT00465,2025-11-30,category_manager,expedite,"[{""option"": ""accept_delay"", ""est_cost"": 814.3, ""est_stockout_days"": 7, ""risk"": ""high"", ""feasible"": true}, {""option"": ""expedite"", ""est_cost"": 366.47, ""est_stockout_days"": 1, ""risk"": ""high"", ""feasible"": true}, {""option"": ""substitute_rm"", ""est_cost"": 8000.0, ""est_stockout_days"": 0, ""risk"": ""medium"", ""feasible"": false}]",expedite RMPO040053 with Supplier 185 (SUP0185),"Chose expedite (est. cost 366, 1 stockout days, high risk) over accept delay (814 / 7d); substitute rm could not land in time; plan assumed supplier ETA 2025-12-17.",366.47,1,1739.16,14,failed,2025-12-31,Expedite failed: Nov-Dec ETA notices from Supplier 185 (SUP0185) understated the slip; the first revised date was optimistic. Next time pad the supplier ETA and check alternates earlier.,"[""RMPO040053"", ""RMREV010752"", ""RMREV010753""]",110.55,1,Q4 peak season; lowest-cost estimate at decision time; realised supply worse than notified
DEC00671,EVT00468,2025-11-30,buyer,expedite,"[{""option"": ""accept_delay"", ""est_cost"": 1396.72, ""est_stockout_days"": 18, ""risk"": ""high"", ""feasible"": true}, {""option"": ""expedite"", ""est_cost"": 942.26, ""est_stockout_days"": 10, ""risk"": ""high"", ""feasible"": true}, {""option"": ""switch_supplier"", ""est_cost"": 2596.72, ""est_stockout_days"": 18, ""risk"": ""high"", ""feasible"": false}, {""option"": ""substitute_rm"", ""est_cost"": 9008.74, ""est_stockout_days"": 13, ""risk"": ""medium"", ""feasible"": false}]",expedite RMPO038403 with Supplier 118 (SUP0118),"Chose expedite (est. cost 942, 10 stockout days, high risk) over accept delay (1,397 / 18d); switch supplier, substitute rm could not land in time; plan assumed supplier ETA 2025-12-26.",942.26,10,818.11,10,success,2025-12-31,Expedite worked: actual 10 stockout days vs 10 planned. Worked even in Q4 because the supplier's first revised ETA held.,"[""RMPO038403"", ""RMREV010738"", ""RMREV010739""]",42.15,0,Q4 peak season; root cause peak_season_capacity; supplier with year-end capacity history
DEC00672,EVT00465,2025-12-01,plant_scheduler,expedite,"[{""option"": ""accept_delay"", ""est_cost"": 180.69, ""est_stockout_days"": 1, ""risk"": ""medium"", ""feasible"": true}, {""option"": ""expedite"", ""est_cost"": 199.88, ""est_stockout_days"": 0, ""risk"": ""high"", ""feasible"": true}, {""option"": ""substitute_rm"", ""est_cost"": 8000.0, ""est_stockout_days"": 0, ""risk"": ""medium"", ""feasible"": false}]",expedite RMPO040052 with Supplier 185 (SUP0185),"Chose expedite (est. cost 200, 0 stockout days, high risk) over accept delay (181 / 1d); substitute rm could not land in time; plan assumed supplier ETA 2025-12-10.",199.88,0,344.43,1,success,2025-12-31,Expedite worked: actual 1 stockout days vs 0 planned. Worked even in Q4 because the supplier's first revised ETA held.,"[""RMPO040052"", ""RMREV010766"", ""RMREV010767""]",163.74,0,Q4 peak season
DEC00673,EVT00470,2025-12-03,category_manager,expedite,"[{""option"": ""accept_delay"", ""est_cost"": 1104.36, ""est_stockout_days"": 4, ""risk"": ""high"", ""feasible"": true}, {""option"": ""expedite"", ""est_cost"": 390.9, ""est_stockout_days"": 0, ""risk"": ""high"", ""feasible"": true}, {""option"": ""switch_supplier"", ""est_cost"": 2028.27, ""est_stockout_days"": 3, ""risk"": ""medium"", ""feasible"": true}, {""option"": ""substitute_rm"", ""est_cost"": 8000.0, ""est_stockout_days"": 0, ""risk"": ""medium"", ""feasible"": false}]",expedite RMPO038687 with Supplier 011 (SUP0011),"Chose expedite (est. cost 391, 0 stockout days, high risk) over accept delay (1,104 / 4d) and switch supplier (2,028 / 3d); substitute rm could not land in time; plan assumed supplier ETA 2025-12-17.",390.9,0,2378.74,8,failed,2025-12-31,Expedite failed: Nov-Dec ETA notices from Supplier 011 (SUP0011) understated the slip; the first revised date was optimistic. Next time pad the supplier ETA and check alternates earlier.,"[""RMPO038687"", ""RMREV010800"", ""RMREV010801""]",170.03,1,Q4 peak season; lowest-cost estimate at decision time; realised supply worse than notified
DEC00674,EVT00469,2025-12-09,supply_planner,accept_delay,"[{""option"": ""accept_delay"", ""est_cost"": 69.05, ""est_stockout_days"": 1, ""risk"": ""high"", ""feasible"": true}, {""option"": ""expedite"", ""est_cost"": 110.3, ""est_stockout_days"": 0, ""risk"": ""high"", ""feasible"": true}, {""option"": ""switch_supplier"", ""est_cost"": 1227.64, ""est_stockout_days"": 0, ""risk"": ""high"", ""feasible"": true}]",accept the revised ETA on RMPO038677 and cover gaps with spot buys,"Chose accept delay (est. cost 69, 1 stockout days, high risk) over expedite (110 / 0d) and switch supplier (1,228 / 0d); plan assumed supplier ETA 2025-12-20.",69.05,1,276.19,4,partial,2025-12-31,Accept delay only partly worked: Nov-Dec ETA notices from Supplier 118 (SUP0118) understated the slip; the first revised date was optimistic. Next time pad the supplier ETA and check alternates earlier.,"[""RMPO038677"", ""RMREV010881""]",0.0,0,Q4 peak season; root cause peak_season_capacity; supplier with year-end capacity history
DEC00675,EVT00473,2025-12-11,category_manager,expedite,"[{""option"": ""accept_delay"", ""est_cost"": 133.21, ""est_stockout_days"": 2, ""risk"": ""medium"", ""feasible"": true}, {""option"": ""expedite"", ""est_cost"": 113.11, ""est_stockout_days"": 0, ""risk"": ""high"", ""feasible"": true}, {""option"": ""switch_supplier"", ""est_cost"": 1370.39, ""est_stockout_days"": 2, ""risk"": ""medium"", ""feasible"": false}]",expedite RMPO040204 with Supplier 054 (SUP0054),"Chose expedite (est. cost 113, 0 stockout days, high risk) over accept delay (133 / 2d); switch supplier could not land in time; plan assumed supplier ETA 2025-12-19.",113.11,0,486.09,6,failed,2025-12-31,Expedite failed: Nov-Dec ETA notices from Supplier 054 (SUP0054) understated the slip; the first revised date was optimistic; premium freight into P05 costs about twice the network average. Next time pad the supplier ETA and check alternates earlier.,"[""RMPO040204"", ""RMREV010919"", ""RMREV010920""]",86.47,1,Q4 peak season; expedite into P05 (premium lane); lowest-cost estimate at decision time; realised supply worse than notified
DEC00676,EVT00447,2025-12-20,supply_planner,accept_delay,"[{""option"": ""accept_delay"", ""est_cost"": 280.05, ""est_stockout_days"": 2, ""risk"": ""high"", ""feasible"": true}, {""option"": ""expedite"", ""est_cost"": 328.05, ""est_stockout_days"": 2, ""risk"": ""high"", ""feasible"": true}, {""option"": ""switch_supplier"", ""est_cost"": 1480.05, ""est_stockout_days"": 2, ""risk"": ""medium"", ""feasible"": true}, {""option"": ""reallocate_stock"", ""est_cost"": 679.82, ""est_stockout_days"": 2, ""risk"": ""high"", ""feasible"": true}]",accept the revised ETA on RMPO038523 and cover gaps with spot buys,"Chose accept delay (est. cost 280, 2 stockout days, high risk) over expedite (328 / 2d) and reallocate stock (680 / 2d); plan assumed supplier ETA 2026-01-13.",280.05,2,0.0,0,success,2025-12-31,Accept delay worked: actual 0 stockout days vs 2 planned. Worked even in Q4 because the supplier's first revised ETA held.,"[""RMPO038523"", ""RMREV010863"", ""RMREV011016""]",0.0,0,Q4 peak season; root cause peak_season_capacity; supplier with year-end capacity history
DEC00677,EVT00474,2025-12-24,supply_planner,accept_delay,"[{""option"": ""accept_delay"", ""est_cost"": 484.38, ""est_stockout_days"": 34, ""risk"": ""high"", ""feasible"": true}, {""option"": ""expedite"", ""est_cost"": 476.94, ""est_stockout_days"": 34, ""risk"": ""high"", ""feasible"": true}, {""option"": ""switch_supplier"", ""est_cost"": 1256.45, ""est_stockout_days"": 3, ""risk"": ""high"", ""feasible"": true}]",accept the revised ETA on RMPO039607 and cover gaps with spot buys,"Chose accept delay (est. cost 484, 34 stockout days, high risk) over expedite (477 / 34d) and switch supplier (1,256 / 3d); plan assumed supplier ETA 2026-01-05.",484.38,34,0.0,0,success,2025-12-31,Accept delay worked: actual 0 stockout days vs 34 planned. Worked even in Q4 because the supplier's first revised ETA held.,"[""RMPO039607"", ""RMREV011034""]",0.0,0,Q4 peak season
