event_id,entity_type,entity_id,impact_metric,impact_value,unit
EVT00001,raw_material,RM0006,price_change_pct,11.7,pct
EVT00001,raw_material,RM0012,price_change_pct,10.8,pct
EVT00001,raw_material,RM0082,price_change_pct,10.4,pct
EVT00001,raw_material,RM0083,price_change_pct,8.1,pct
EVT00001,raw_material,RM0084,price_change_pct,8.5,pct
EVT00001,raw_material,RM0085,price_change_pct,8.7,pct
EVT00001,raw_material,RM0086,price_change_pct,7.4,pct
EVT00001,raw_material,RM0087,price_change_pct,10.7,pct
EVT00002,plant,P02,blocked_production_runs,2.0,runs
EVT00002,raw_material,RM0002,stockout_days,3.0,days
EVT00002,purchase_order_line,POL0034907,receipt_delay_days,4.0,days
EVT00002,purchase_order_line,POL0034908,receipt_delay_days,4.0,days
EVT00002,warehouse,W008,late_fg_receipts,2.0,lines
EVT00003,plant,P03,blocked_production_runs,1.0,runs
EVT00003,raw_material,RM0123,stockout_days,1.0,days
EVT00003,purchase_order_line,POL0033121,receipt_delay_days,2.0,days
EVT00003,warehouse,W008,late_fg_receipts,1.0,lines
EVT00004,plant,P03,blocked_production_runs,7.0,runs
EVT00004,raw_material,RM0007,stockout_days,9.0,days
EVT00004,purchase_order_line,POL0026776,receipt_delay_days,10.0,days
EVT00004,purchase_order_line,POL0037215,receipt_delay_days,13.0,days
EVT00004,purchase_order_line,POL0026774,receipt_delay_days,10.0,days
EVT00004,purchase_order_line,POL0020914,receipt_delay_days,12.0,days
EVT00004,purchase_order_line,POL0038096,receipt_delay_days,11.0,days
EVT00004,purchase_order_line,POL0002087,receipt_delay_days,11.0,days
EVT00004,warehouse,W008,late_fg_receipts,2.0,lines
EVT00004,warehouse,W007,late_fg_receipts,2.0,lines
EVT00004,warehouse,W006,late_fg_receipts,1.0,lines
EVT00004,warehouse,W002,late_fg_receipts,1.0,lines
EVT00004,warehouse,W012,late_fg_receipts,1.0,lines
EVT00005,plant,P01,blocked_production_runs,1.0,runs
EVT00005,raw_material,RM0043,stockout_days,13.0,days
EVT00005,purchase_order_line,POL0020892,receipt_delay_days,14.0,days
EVT00005,plant,P02,blocked_production_runs,2.0,runs
EVT00005,raw_material,RM0043,stockout_days,5.0,days
EVT00005,purchase_order_line,POL0005014,receipt_delay_days,6.0,days
EVT00005,purchase_order_line,POL0036622,receipt_delay_days,5.0,days
EVT00005,warehouse,W001,late_fg_receipts,1.0,lines
EVT00005,warehouse,W007,late_fg_receipts,1.0,lines
EVT00005,warehouse,W012,late_fg_receipts,1.0,lines
EVT00006,country,VN,affected_rm_pos,70.0,POs
EVT00006,supplier,SUP0047,avg_slip_days,11.5,days
EVT00006,supplier,SUP0063,avg_slip_days,5.7,days
EVT00006,supplier,SUP0088,avg_slip_days,9.0,days
EVT00006,supplier,SUP0101,avg_slip_days,7.5,days
EVT00006,supplier,SUP0115,avg_slip_days,10.0,days
EVT00006,supplier,SUP0138,avg_slip_days,8.2,days
EVT00006,supplier,SUP0146,avg_slip_days,11.1,days
EVT00006,supplier,SUP0170,avg_slip_days,10.0,days
EVT00006,supplier,SUP0192,avg_slip_days,12.0,days
EVT00006,supplier,SUP0200,avg_slip_days,11.0,days
EVT00006,supplier,SUP0212,avg_slip_days,7.2,days
EVT00006,supplier,SUP0228,avg_slip_days,7.3,days
EVT00006,supplier,SUP0232,avg_slip_days,7.0,days
EVT00006,supplier,SUP0240,avg_slip_days,10.8,days
EVT00007,supplier,SUP0089,rejected_qty,2023.68,m2
EVT00007,supplier,SUP0089,rejected_lots,3.0,lots
EVT00008,plant,P05,blocked_production_runs,6.0,runs
EVT00008,raw_material,RM0013,stockout_days,13.0,days
EVT00008,purchase_order_line,POL0050731,receipt_delay_days,13.0,days
EVT00008,purchase_order_line,POL0002089,receipt_delay_days,11.0,days
EVT00008,purchase_order_line,POL0013356,receipt_delay_days,14.0,days
EVT00008,purchase_order_line,POL0028768,receipt_delay_days,7.0,days
EVT00008,purchase_order_line,POL0019243,receipt_delay_days,12.0,days
EVT00008,purchase_order_line,POL0051345,receipt_delay_days,2.0,days
EVT00008,warehouse,W005,late_fg_receipts,2.0,lines
EVT00008,warehouse,W007,late_fg_receipts,1.0,lines
EVT00008,warehouse,W004,late_fg_receipts,1.0,lines
EVT00008,warehouse,W009,late_fg_receipts,1.0,lines
EVT00008,warehouse,W006,late_fg_receipts,1.0,lines
EVT00009,plant,P01,blocked_production_runs,7.0,runs
EVT00009,raw_material,RM0006,stockout_days,4.0,days
EVT00009,purchase_order_line,POL0010327,receipt_delay_days,11.0,days
EVT00009,purchase_order_line,POL0052721,receipt_delay_days,8.0,days
EVT00009,purchase_order_line,POL0012267,receipt_delay_days,3.0,days
EVT00009,purchase_order_line,POL0028825,receipt_delay_days,4.0,days
EVT00009,purchase_order_line,POL0028826,receipt_delay_days,4.0,days
EVT00009,purchase_order_line,POL0032142,receipt_delay_days,6.0,days
EVT00009,warehouse,W002,late_fg_receipts,3.0,lines
EVT00009,warehouse,W001,late_fg_receipts,2.0,lines
EVT00009,warehouse,W003,late_fg_receipts,1.0,lines
EVT00009,warehouse,W011,late_fg_receipts,1.0,lines
EVT00010,plant,P01,blocked_production_runs,1.0,runs
EVT00010,raw_material,RM0132,stockout_days,9.0,days
EVT00010,purchase_order_line,POL0018371,receipt_delay_days,9.0,days
EVT00010,warehouse,W005,late_fg_receipts,1.0,lines
EVT00011,plant,P03,blocked_production_runs,8.0,runs
EVT00011,raw_material,RM0001,stockout_days,9.0,days
EVT00011,purchase_order_line,POL0019241,receipt_delay_days,12.0,days
EVT00011,purchase_order_line,POL0030866,receipt_delay_days,11.0,days
EVT00011,purchase_order_line,POL0051156,receipt_delay_days,9.0,days
EVT00011,purchase_order_line,POL0018645,receipt_delay_days,8.0,days
EVT00011,purchase_order_line,POL0041591,receipt_delay_days,7.0,days
EVT00011,purchase_order_line,POL0014305,receipt_delay_days,11.0,days
EVT00011,plant,P05,blocked_production_runs,6.0,runs
EVT00011,raw_material,RM0001,stockout_days,6.0,days
EVT00011,purchase_order_line,POL0030330,receipt_delay_days,10.0,days
EVT00011,purchase_order_line,POL0001718,receipt_delay_days,4.0,days
EVT00011,purchase_order_line,POL0037809,receipt_delay_days,8.0,days
EVT00011,purchase_order_line,POL0052473,receipt_delay_days,12.0,days
EVT00011,purchase_order_line,POL0024376,receipt_delay_days,3.0,days
EVT00011,purchase_order_line,POL0048075,receipt_delay_days,12.0,days
EVT00011,plant,P04,blocked_production_runs,10.0,runs
EVT00011,raw_material,RM0001,stockout_days,12.0,days
EVT00011,purchase_order_line,POL0021824,receipt_delay_days,13.0,days
EVT00011,purchase_order_line,POL0016819,receipt_delay_days,10.0,days
EVT00011,purchase_order_line,POL0015050,receipt_delay_days,8.0,days
EVT00011,purchase_order_line,POL0038901,receipt_delay_days,9.0,days
EVT00011,purchase_order_line,POL0020491,receipt_delay_days,14.0,days
EVT00011,purchase_order_line,POL0022998,receipt_delay_days,5.0,days
EVT00011,plant,P02,blocked_production_runs,14.0,runs
EVT00011,raw_material,RM0001,stockout_days,7.0,days
EVT00011,purchase_order_line,POL0020776,receipt_delay_days,14.0,days
EVT00011,purchase_order_line,POL0020777,receipt_delay_days,14.0,days
EVT00011,purchase_order_line,POL0021058,receipt_delay_days,7.0,days
EVT00011,purchase_order_line,POL0016924,receipt_delay_days,10.0,days
EVT00011,purchase_order_line,POL0051610,receipt_delay_days,6.0,days
EVT00011,purchase_order_line,POL0008831,receipt_delay_days,14.0,days
EVT00011,plant,P01,blocked_production_runs,1.0,runs
EVT00011,raw_material,RM0001,stockout_days,3.0,days
EVT00011,purchase_order_line,POL0006369,receipt_delay_days,4.0,days
EVT00011,warehouse,W001,late_fg_receipts,6.0,lines
EVT00011,warehouse,W003,late_fg_receipts,5.0,lines
EVT00011,warehouse,W006,late_fg_receipts,4.0,lines
EVT00011,warehouse,W009,late_fg_receipts,4.0,lines
EVT00011,warehouse,W012,late_fg_receipts,4.0,lines
EVT00011,warehouse,W011,late_fg_receipts,3.0,lines
EVT00011,warehouse,W010,late_fg_receipts,3.0,lines
EVT00011,warehouse,W008,late_fg_receipts,3.0,lines
EVT00011,warehouse,W007,late_fg_receipts,2.0,lines
EVT00011,warehouse,W004,late_fg_receipts,2.0,lines
EVT00011,warehouse,W002,late_fg_receipts,2.0,lines
EVT00011,warehouse,W005,late_fg_receipts,1.0,lines
EVT00012,purchase_order,RMPO000572,slip_days,12.0,days
EVT00012,plant,P04,projected_shortage_days,1.0,days
EVT00013,plant,P04,blocked_production_runs,4.0,runs
EVT00013,raw_material,RM0010,stockout_days,10.0,days
EVT00013,purchase_order_line,POL0030865,receipt_delay_days,11.0,days
EVT00013,purchase_order_line,POL0030863,receipt_delay_days,11.0,days
EVT00013,purchase_order_line,POL0053296,receipt_delay_days,7.0,days
EVT00013,purchase_order_line,POL0022150,receipt_delay_days,11.0,days
EVT00013,plant,P05,blocked_production_runs,1.0,runs
EVT00013,raw_material,RM0010,stockout_days,3.0,days
EVT00013,purchase_order_line,POL0051118,receipt_delay_days,3.0,days
EVT00013,plant,P02,blocked_production_runs,9.0,runs
EVT00013,raw_material,RM0010,stockout_days,13.0,days
EVT00013,purchase_order_line,POL0031344,receipt_delay_days,13.0,days
EVT00013,purchase_order_line,POL0013620,receipt_delay_days,13.0,days
EVT00013,purchase_order_line,POL0014303,receipt_delay_days,11.0,days
EVT00013,purchase_order_line,POL0010047,receipt_delay_days,14.0,days
EVT00013,purchase_order_line,POL0029238,receipt_delay_days,12.0,days
EVT00013,purchase_order_line,POL0020904,receipt_delay_days,14.0,days
EVT00013,plant,P03,blocked_production_runs,11.0,runs
EVT00013,raw_material,RM0010,stockout_days,12.0,days
EVT00013,purchase_order_line,POL0053465,receipt_delay_days,13.0,days
EVT00013,purchase_order_line,POL0020902,receipt_delay_days,14.0,days
EVT00013,purchase_order_line,POL0032186,receipt_delay_days,12.0,days
EVT00013,purchase_order_line,POL0018765,receipt_delay_days,10.0,days
EVT00013,purchase_order_line,POL0020775,receipt_delay_days,14.0,days
EVT00013,purchase_order_line,POL0031039,receipt_delay_days,7.0,days
EVT00013,plant,P01,blocked_production_runs,11.0,runs
EVT00013,raw_material,RM0010,stockout_days,9.0,days
EVT00013,purchase_order_line,POL0000599,receipt_delay_days,11.0,days
EVT00013,purchase_order_line,POL0000601,receipt_delay_days,11.0,days
EVT00013,purchase_order_line,POL0003830,receipt_delay_days,13.0,days
EVT00013,purchase_order_line,POL0053696,receipt_delay_days,11.0,days
EVT00013,purchase_order_line,POL0053697,receipt_delay_days,11.0,days
EVT00013,purchase_order_line,POL0044061,receipt_delay_days,13.0,days
EVT00013,warehouse,W008,late_fg_receipts,7.0,lines
EVT00013,warehouse,W004,late_fg_receipts,6.0,lines
EVT00013,warehouse,W001,late_fg_receipts,5.0,lines
EVT00013,warehouse,W012,late_fg_receipts,3.0,lines
EVT00013,warehouse,W011,late_fg_receipts,3.0,lines
EVT00013,warehouse,W006,late_fg_receipts,3.0,lines
EVT00013,warehouse,W010,late_fg_receipts,2.0,lines
EVT00013,warehouse,W007,late_fg_receipts,2.0,lines
EVT00013,warehouse,W009,late_fg_receipts,2.0,lines
EVT00013,warehouse,W003,late_fg_receipts,1.0,lines
EVT00013,warehouse,W002,late_fg_receipts,1.0,lines
EVT00013,warehouse,W005,late_fg_receipts,1.0,lines
EVT00014,plant,P03,blocked_production_runs,1.0,runs
EVT00014,raw_material,RM0117,stockout_days,13.0,days
EVT00014,purchase_order_line,POL0031343,receipt_delay_days,13.0,days
EVT00014,warehouse,W008,late_fg_receipts,1.0,lines
EVT00015,country,DE,affected_rm_pos,142.0,POs
EVT00015,supplier,SUP0005,avg_slip_days,10.3,days
EVT00015,supplier,SUP0013,avg_slip_days,7.5,days
EVT00015,supplier,SUP0039,avg_slip_days,9.9,days
EVT00015,supplier,SUP0051,avg_slip_days,10.6,days
EVT00015,supplier,SUP0054,avg_slip_days,9.8,days
EVT00015,supplier,SUP0065,avg_slip_days,6.6,days
EVT00015,supplier,SUP0103,avg_slip_days,8.4,days
EVT00015,supplier,SUP0134,avg_slip_days,13.9,days
EVT00015,supplier,SUP0175,avg_slip_days,9.0,days
EVT00015,supplier,SUP0182,avg_slip_days,14.2,days
EVT00015,supplier,SUP0191,avg_slip_days,11.1,days
EVT00015,supplier,SUP0201,avg_slip_days,10.2,days
EVT00015,supplier,SUP0208,avg_slip_days,8.7,days
EVT00015,supplier,SUP0214,avg_slip_days,8.1,days
EVT00015,supplier,SUP0217,avg_slip_days,7.4,days
EVT00016,plant,P02,blocked_production_runs,1.0,runs
EVT00016,raw_material,RM0020,stockout_days,6.0,days
EVT00016,purchase_order_line,POL0023950,receipt_delay_days,7.0,days
EVT00016,plant,P04,blocked_production_runs,1.0,runs
EVT00016,raw_material,RM0020,stockout_days,2.0,days
EVT00016,purchase_order_line,POL0037398,receipt_delay_days,2.0,days
EVT00016,plant,P01,blocked_production_runs,2.0,runs
EVT00016,raw_material,RM0020,stockout_days,8.0,days
EVT00016,purchase_order_line,POL0002641,receipt_delay_days,8.0,days
EVT00016,purchase_order_line,POL0022152,receipt_delay_days,11.0,days
EVT00016,plant,P03,blocked_production_runs,2.0,runs
EVT00016,raw_material,RM0020,stockout_days,4.0,days
EVT00016,purchase_order_line,POL0011266,receipt_delay_days,14.0,days
EVT00016,purchase_order_line,POL0024375,receipt_delay_days,3.0,days
EVT00016,warehouse,W004,late_fg_receipts,2.0,lines
EVT00016,warehouse,W001,late_fg_receipts,1.0,lines
EVT00016,warehouse,W003,late_fg_receipts,1.0,lines
EVT00016,warehouse,W010,late_fg_receipts,1.0,lines
EVT00016,warehouse,W012,late_fg_receipts,1.0,lines
EVT00017,plant,P04,blocked_production_runs,2.0,runs
EVT00017,raw_material,RM0027,stockout_days,12.0,days
EVT00017,purchase_order_line,POL0009809,receipt_delay_days,13.0,days
EVT00017,purchase_order_line,POL0049571,receipt_delay_days,9.0,days
EVT00017,warehouse,W001,late_fg_receipts,1.0,lines
EVT00017,warehouse,W003,late_fg_receipts,1.0,lines
EVT00018,plant,P04,blocked_production_runs,2.0,runs
EVT00018,raw_material,RM0112,stockout_days,8.0,days
EVT00018,purchase_order_line,POL0018644,receipt_delay_days,8.0,days
EVT00018,purchase_order_line,POL0052719,receipt_delay_days,8.0,days
EVT00018,warehouse,W009,late_fg_receipts,1.0,lines
EVT00018,warehouse,W002,late_fg_receipts,1.0,lines
EVT00019,plant,P04,blocked_production_runs,2.0,runs
EVT00019,raw_material,RM0075,stockout_days,10.0,days
EVT00019,purchase_order_line,POL0019354,receipt_delay_days,10.0,days
EVT00019,purchase_order_line,POL0035018,receipt_delay_days,8.0,days
EVT00019,warehouse,W003,late_fg_receipts,1.0,lines
EVT00019,warehouse,W012,late_fg_receipts,1.0,lines
EVT00020,plant,P02,blocked_production_runs,12.0,runs
EVT00020,raw_material,RM0011,stockout_days,13.0,days
EVT00020,purchase_order_line,POL0034714,receipt_delay_days,13.0,days
EVT00020,purchase_order_line,POL0015172,receipt_delay_days,12.0,days
EVT00020,purchase_order_line,POL0018206,receipt_delay_days,10.0,days
EVT00020,purchase_order_line,POL0020684,receipt_delay_days,10.0,days
EVT00020,purchase_order_line,POL0030864,receipt_delay_days,11.0,days
EVT00020,purchase_order_line,POL0053467,receipt_delay_days,13.0,days
EVT00020,plant,P04,blocked_production_runs,5.0,runs
EVT00020,raw_material,RM0011,stockout_days,8.0,days
EVT00020,purchase_order_line,POL0047402,receipt_delay_days,13.0,days
EVT00020,purchase_order_line,POL0021457,receipt_delay_days,10.0,days
EVT00020,purchase_order_line,POL0043491,receipt_delay_days,5.0,days
EVT00020,purchase_order_line,POL0019155,receipt_delay_days,4.0,days
EVT00020,purchase_order_line,POL0048893,receipt_delay_days,6.0,days
EVT00020,plant,P01,blocked_production_runs,5.0,runs
EVT00020,raw_material,RM0011,stockout_days,9.0,days
EVT00020,purchase_order_line,POL0029237,receipt_delay_days,12.0,days
EVT00020,purchase_order_line,POL0045609,receipt_delay_days,6.0,days
EVT00020,purchase_order_line,POL0032884,receipt_delay_days,3.0,days
EVT00020,purchase_order_line,POL0039159,receipt_delay_days,3.0,days
EVT00020,purchase_order_line,POL0024377,receipt_delay_days,3.0,days
EVT00020,plant,P03,blocked_production_runs,9.0,runs
EVT00020,raw_material,RM0011,stockout_days,13.0,days
EVT00020,purchase_order_line,POL0010150,receipt_delay_days,13.0,days
EVT00020,purchase_order_line,POL0044062,receipt_delay_days,13.0,days
EVT00020,purchase_order_line,POL0001261,receipt_delay_days,9.0,days
EVT00020,purchase_order_line,POL0040206,receipt_delay_days,12.0,days
EVT00020,purchase_order_line,POL0051612,receipt_delay_days,6.0,days
EVT00020,purchase_order_line,POL0039253,receipt_delay_days,5.0,days
EVT00020,plant,P05,blocked_production_runs,9.0,runs
EVT00020,raw_material,RM0011,stockout_days,11.0,days
EVT00020,purchase_order_line,POL0014362,receipt_delay_days,14.0,days
EVT00020,purchase_order_line,POL0034772,receipt_delay_days,11.0,days
EVT00020,purchase_order_line,POL0018176,receipt_delay_days,14.0,days
EVT00020,purchase_order_line,POL0008391,receipt_delay_days,10.0,days
EVT00020,purchase_order_line,POL0035887,receipt_delay_days,6.0,days
EVT00020,purchase_order_line,POL0042038,receipt_delay_days,5.0,days
EVT00020,warehouse,W007,late_fg_receipts,6.0,lines
EVT00020,warehouse,W001,late_fg_receipts,6.0,lines
EVT00020,warehouse,W009,late_fg_receipts,4.0,lines
EVT00020,warehouse,W012,late_fg_receipts,4.0,lines
EVT00020,warehouse,W004,late_fg_receipts,4.0,lines
EVT00020,warehouse,W002,late_fg_receipts,4.0,lines
EVT00020,warehouse,W003,late_fg_receipts,3.0,lines
EVT00020,warehouse,W008,late_fg_receipts,2.0,lines
EVT00020,warehouse,W005,late_fg_receipts,2.0,lines
EVT00020,warehouse,W006,late_fg_receipts,2.0,lines
EVT00020,warehouse,W010,late_fg_receipts,2.0,lines
EVT00020,warehouse,W011,late_fg_receipts,1.0,lines
EVT00021,plant,P02,blocked_production_runs,3.0,runs
EVT00021,raw_material,RM0014,stockout_days,4.0,days
EVT00021,purchase_order_line,POL0000499,receipt_delay_days,5.0,days
EVT00021,purchase_order_line,POL0012269,receipt_delay_days,3.0,days
EVT00021,purchase_order_line,POL0012829,receipt_delay_days,2.0,days
EVT00021,plant,P03,blocked_production_runs,2.0,runs
EVT00021,raw_material,RM0014,stockout_days,5.0,days
EVT00021,purchase_order_line,POL0047160,receipt_delay_days,5.0,days
EVT00021,purchase_order_line,POL0047161,receipt_delay_days,5.0,days
EVT00021,warehouse,W012,late_fg_receipts,3.0,lines
EVT00021,warehouse,W004,late_fg_receipts,1.0,lines
EVT00021,warehouse,W001,late_fg_receipts,1.0,lines
EVT00022,plant,P02,blocked_production_runs,1.0,runs
EVT00022,raw_material,RM0127,stockout_days,4.0,days
EVT00022,purchase_order_line,POL0000500,receipt_delay_days,5.0,days
EVT00022,plant,P01,blocked_production_runs,1.0,runs
EVT00022,raw_material,RM0127,stockout_days,12.0,days
EVT00022,purchase_order_line,POL0053466,receipt_delay_days,13.0,days
EVT00022,warehouse,W004,late_fg_receipts,1.0,lines
EVT00022,warehouse,W003,late_fg_receipts,1.0,lines
EVT00023,plant,P05,blocked_production_runs,1.0,runs
EVT00023,raw_material,RM0107,stockout_days,9.0,days
EVT00023,purchase_order_line,POL0021461,receipt_delay_days,10.0,days
EVT00023,warehouse,W007,late_fg_receipts,1.0,lines
EVT00024,plant,P02,blocked_production_runs,1.0,runs
EVT00024,raw_material,RM0039,stockout_days,2.0,days
EVT00024,purchase_order_line,POL0012828,receipt_delay_days,2.0,days
EVT00024,plant,P05,blocked_production_runs,4.0,runs
EVT00024,raw_material,RM0039,stockout_days,7.0,days
EVT00024,purchase_order_line,POL0030326,receipt_delay_days,10.0,days
EVT00024,purchase_order_line,POL0030329,receipt_delay_days,10.0,days
EVT00024,purchase_order_line,POL0044047,receipt_delay_days,4.0,days
EVT00024,purchase_order_line,POL0043725,receipt_delay_days,11.0,days
EVT00024,plant,P04,blocked_production_runs,1.0,runs
EVT00024,raw_material,RM0039,stockout_days,3.0,days
EVT00024,purchase_order_line,POL0039160,receipt_delay_days,3.0,days
EVT00024,plant,P03,blocked_production_runs,2.0,runs
EVT00024,raw_material,RM0039,stockout_days,13.0,days
EVT00024,purchase_order_line,POL0020901,receipt_delay_days,14.0,days
EVT00024,purchase_order_line,POL0021675,receipt_delay_days,13.0,days
EVT00024,warehouse,W004,late_fg_receipts,3.0,lines
EVT00024,warehouse,W012,late_fg_receipts,1.0,lines
EVT00024,warehouse,W007,late_fg_receipts,1.0,lines
EVT00024,warehouse,W001,late_fg_receipts,1.0,lines
EVT00024,warehouse,W011,late_fg_receipts,1.0,lines
EVT00024,warehouse,W009,late_fg_receipts,1.0,lines
EVT00025,plant,P05,blocked_production_runs,1.0,runs
EVT00025,raw_material,RM0109,stockout_days,3.0,days
EVT00025,purchase_order_line,POL0042014,receipt_delay_days,4.0,days
EVT00025,plant,P03,blocked_production_runs,1.0,runs
EVT00025,raw_material,RM0109,stockout_days,14.0,days
EVT00025,purchase_order_line,POL0021867,receipt_delay_days,14.0,days
EVT00025,plant,P02,blocked_production_runs,1.0,runs
EVT00025,raw_material,RM0109,stockout_days,6.0,days
EVT00025,purchase_order_line,POL0006348,receipt_delay_days,6.0,days
EVT00025,warehouse,W006,late_fg_receipts,1.0,lines
EVT00025,warehouse,W009,late_fg_receipts,1.0,lines
EVT00025,warehouse,W008,late_fg_receipts,1.0,lines
EVT00026,plant,P01,blocked_production_runs,1.0,runs
EVT00026,raw_material,RM0052,stockout_days,5.0,days
EVT00026,purchase_order_line,POL0014571,receipt_delay_days,5.0,days
EVT00026,plant,P04,blocked_production_runs,1.0,runs
EVT00026,raw_material,RM0052,stockout_days,4.0,days
EVT00026,purchase_order_line,POL0038717,receipt_delay_days,5.0,days
EVT00026,warehouse,W010,late_fg_receipts,1.0,lines
EVT00026,warehouse,W012,late_fg_receipts,1.0,lines
EVT00027,plant,P03,blocked_production_runs,1.0,runs
EVT00027,raw_material,RM0049,stockout_days,6.0,days
EVT00027,purchase_order_line,POL0039812,receipt_delay_days,7.0,days
EVT00027,plant,P04,blocked_production_runs,2.0,runs
EVT00027,raw_material,RM0049,stockout_days,11.0,days
EVT00027,purchase_order_line,POL0014916,receipt_delay_days,12.0,days
EVT00027,purchase_order_line,POL0044868,receipt_delay_days,7.0,days
EVT00027,plant,P05,blocked_production_runs,3.0,runs
EVT00027,raw_material,RM0049,stockout_days,5.0,days
EVT00027,purchase_order_line,POL0034773,receipt_delay_days,11.0,days
EVT00027,purchase_order_line,POL0006372,receipt_delay_days,4.0,days
EVT00027,purchase_order_line,POL0038719,receipt_delay_days,5.0,days
EVT00027,warehouse,W012,late_fg_receipts,2.0,lines
EVT00027,warehouse,W004,late_fg_receipts,1.0,lines
EVT00027,warehouse,W006,late_fg_receipts,1.0,lines
EVT00027,warehouse,W007,late_fg_receipts,1.0,lines
EVT00027,warehouse,W010,late_fg_receipts,1.0,lines
EVT00028,plant,P05,blocked_production_runs,1.0,runs
EVT00028,raw_material,RM0080,stockout_days,1.0,days
EVT00028,purchase_order_line,POL0051343,receipt_delay_days,2.0,days
EVT00028,plant,P04,blocked_production_runs,2.0,runs
EVT00028,raw_material,RM0080,stockout_days,8.0,days
EVT00028,purchase_order_line,POL0016570,receipt_delay_days,8.0,days
EVT00028,purchase_order_line,POL0024181,receipt_delay_days,7.0,days
EVT00028,warehouse,W005,late_fg_receipts,1.0,lines
EVT00028,warehouse,W007,late_fg_receipts,1.0,lines
EVT00028,warehouse,W006,late_fg_receipts,1.0,lines
EVT00029,plant,P01,blocked_production_runs,1.0,runs
EVT00029,raw_material,RM0121,stockout_days,11.0,days
EVT00029,purchase_order_line,POL0032833,receipt_delay_days,12.0,days
EVT00029,warehouse,W002,late_fg_receipts,1.0,lines
EVT00030,plant,P02,blocked_production_runs,1.0,runs
EVT00030,raw_material,RM0062,stockout_days,2.0,days
EVT00030,purchase_order_line,POL0023414,receipt_delay_days,2.0,days
EVT00030,plant,P03,blocked_production_runs,1.0,runs
EVT00030,raw_material,RM0062,stockout_days,10.0,days
EVT00030,purchase_order_line,POL0016818,receipt_delay_days,10.0,days
EVT00030,plant,P04,blocked_production_runs,1.0,runs
EVT00030,raw_material,RM0062,stockout_days,2.0,days
EVT00030,purchase_order_line,POL0042510,receipt_delay_days,2.0,days
EVT00030,warehouse,W006,late_fg_receipts,2.0,lines
EVT00030,warehouse,W004,late_fg_receipts,1.0,lines
EVT00031,plant,P04,blocked_production_runs,1.0,runs
EVT00031,raw_material,RM0085,stockout_days,9.0,days
EVT00031,purchase_order_line,POL0047152,receipt_delay_days,9.0,days
EVT00031,plant,P03,blocked_production_runs,1.0,runs
EVT00031,raw_material,RM0085,stockout_days,9.0,days
EVT00031,purchase_order_line,POL0018766,receipt_delay_days,10.0,days
EVT00031,plant,P02,blocked_production_runs,3.0,runs
EVT00031,raw_material,RM0085,stockout_days,12.0,days
EVT00031,purchase_order_line,POL0011371,receipt_delay_days,12.0,days
EVT00031,purchase_order_line,POL0000283,receipt_delay_days,11.0,days
EVT00031,purchase_order_line,POL0000315,receipt_delay_days,4.0,days
EVT00031,warehouse,W009,late_fg_receipts,1.0,lines
EVT00031,warehouse,W011,late_fg_receipts,1.0,lines
EVT00031,warehouse,W003,late_fg_receipts,1.0,lines
EVT00031,warehouse,W004,late_fg_receipts,1.0,lines
EVT00031,warehouse,W005,late_fg_receipts,1.0,lines
EVT00032,plant,P05,blocked_production_runs,1.0,runs
EVT00032,raw_material,RM0043,stockout_days,10.0,days
EVT00032,purchase_order_line,POL0033423,receipt_delay_days,10.0,days
EVT00032,plant,P03,blocked_production_runs,1.0,runs
EVT00032,raw_material,RM0043,stockout_days,10.0,days
EVT00032,purchase_order_line,POL0029191,receipt_delay_days,11.0,days
EVT00032,plant,P01,blocked_production_runs,2.0,runs
EVT00032,raw_material,RM0043,stockout_days,9.0,days
EVT00032,purchase_order_line,POL0005421,receipt_delay_days,9.0,days
EVT00032,purchase_order_line,POL0022454,receipt_delay_days,7.0,days
EVT00032,warehouse,W010,late_fg_receipts,2.0,lines
EVT00032,warehouse,W003,late_fg_receipts,1.0,lines
EVT00032,warehouse,W001,late_fg_receipts,1.0,lines
EVT00033,country,CA,avg_delay_days,7.1,days
EVT00033,country,CA,late_pos_7d,26.0,POs
EVT00034,warehouse,W003,adjustment_units,-68.0,units
EVT00035,plant,P05,blocked_production_runs,1.0,runs
EVT00035,raw_material,RM0081,stockout_days,12.0,days
EVT00035,purchase_order_line,POL0025307,receipt_delay_days,13.0,days
EVT00035,plant,P03,blocked_production_runs,1.0,runs
EVT00035,raw_material,RM0081,stockout_days,9.0,days
EVT00035,purchase_order_line,POL0018764,receipt_delay_days,10.0,days
EVT00035,plant,P04,blocked_production_runs,2.0,runs
EVT00035,raw_material,RM0081,stockout_days,7.0,days
EVT00035,purchase_order_line,POL0016572,receipt_delay_days,8.0,days
EVT00035,purchase_order_line,POL0013694,receipt_delay_days,12.0,days
EVT00035,plant,P01,blocked_production_runs,1.0,runs
EVT00035,raw_material,RM0081,stockout_days,10.0,days
EVT00035,purchase_order_line,POL0053344,receipt_delay_days,11.0,days
EVT00035,warehouse,W004,late_fg_receipts,2.0,lines
EVT00035,warehouse,W011,late_fg_receipts,1.0,lines
EVT00035,warehouse,W007,late_fg_receipts,1.0,lines
EVT00035,warehouse,W009,late_fg_receipts,1.0,lines
EVT00036,warehouse,W011,adjustment_units,-66.0,units
EVT00037,plant,P02,blocked_production_runs,5.0,runs
EVT00037,raw_material,RM0009,stockout_days,12.0,days
EVT00037,purchase_order_line,POL0021826,receipt_delay_days,13.0,days
EVT00037,purchase_order_line,POL0010045,receipt_delay_days,14.0,days
EVT00037,purchase_order_line,POL0033944,receipt_delay_days,11.0,days
EVT00037,purchase_order_line,POL0032185,receipt_delay_days,12.0,days
EVT00037,purchase_order_line,POL0048074,receipt_delay_days,12.0,days
EVT00037,warehouse,W009,late_fg_receipts,2.0,lines
EVT00037,warehouse,W007,late_fg_receipts,1.0,lines
EVT00037,warehouse,W008,late_fg_receipts,1.0,lines
EVT00037,warehouse,W012,late_fg_receipts,1.0,lines
EVT00038,plant,P05,blocked_production_runs,1.0,runs
EVT00038,raw_material,RM0129,stockout_days,4.0,days
EVT00038,purchase_order_line,POL0012116,receipt_delay_days,5.0,days
EVT00038,warehouse,W007,late_fg_receipts,1.0,lines
EVT00039,plant,P04,blocked_production_runs,1.0,runs
EVT00039,raw_material,RM0056,stockout_days,5.0,days
EVT00039,purchase_order_line,POL0042490,receipt_delay_days,6.0,days
EVT00039,warehouse,W012,late_fg_receipts,1.0,lines
EVT00040,plant,P05,blocked_production_runs,1.0,runs
EVT00040,raw_material,RM0055,stockout_days,8.0,days
EVT00040,purchase_order_line,POL0000422,receipt_delay_days,9.0,days
EVT00040,plant,P02,blocked_production_runs,1.0,runs
EVT00040,raw_material,RM0055,stockout_days,4.0,days
EVT00040,purchase_order_line,POL0004249,receipt_delay_days,5.0,days
EVT00040,warehouse,W007,late_fg_receipts,1.0,lines
EVT00040,warehouse,W001,late_fg_receipts,1.0,lines
EVT00041,plant,P02,blocked_production_runs,2.0,runs
EVT00041,raw_material,RM0110,stockout_days,7.0,days
EVT00041,purchase_order_line,POL0010059,receipt_delay_days,14.0,days
EVT00041,purchase_order_line,POL0031693,receipt_delay_days,5.0,days
EVT00041,warehouse,W004,late_fg_receipts,1.0,lines
EVT00041,warehouse,W001,late_fg_receipts,1.0,lines
EVT00042,plant,P04,blocked_production_runs,2.0,runs
EVT00042,raw_material,RM0013,stockout_days,2.0,days
EVT00042,purchase_order_line,POL0040210,receipt_delay_days,12.0,days
EVT00042,purchase_order_line,POL0048487,receipt_delay_days,2.0,days
EVT00042,warehouse,W009,late_fg_receipts,1.0,lines
EVT00042,warehouse,W005,late_fg_receipts,1.0,lines
EVT00043,plant,P02,blocked_production_runs,1.0,runs
EVT00043,raw_material,RM0112,stockout_days,1.0,days
EVT00043,purchase_order_line,POL0049229,receipt_delay_days,2.0,days
EVT00043,plant,P03,blocked_production_runs,1.0,runs
EVT00043,raw_material,RM0112,stockout_days,4.0,days
EVT00043,purchase_order_line,POL0003083,receipt_delay_days,4.0,days
EVT00043,plant,P05,blocked_production_runs,1.0,runs
EVT00043,raw_material,RM0112,stockout_days,6.0,days
EVT00043,purchase_order_line,POL0049979,receipt_delay_days,6.0,days
EVT00043,warehouse,W004,late_fg_receipts,2.0,lines
EVT00043,warehouse,W011,late_fg_receipts,1.0,lines
EVT00044,plant,P04,blocked_production_runs,4.0,runs
EVT00044,raw_material,RM0014,stockout_days,6.0,days
EVT00044,purchase_order_line,POL0010626,receipt_delay_days,13.0,days
EVT00044,purchase_order_line,POL0004252,receipt_delay_days,5.0,days
EVT00044,purchase_order_line,POL0021619,receipt_delay_days,5.0,days
EVT00044,purchase_order_line,POL0019080,receipt_delay_days,6.0,days
EVT00044,plant,P01,blocked_production_runs,2.0,runs
EVT00044,raw_material,RM0014,stockout_days,3.0,days
EVT00044,purchase_order_line,POL0006634,receipt_delay_days,5.0,days
EVT00044,purchase_order_line,POL0015572,receipt_delay_days,3.0,days
EVT00044,warehouse,W007,late_fg_receipts,2.0,lines
EVT00044,warehouse,W004,late_fg_receipts,2.0,lines
EVT00044,warehouse,W001,late_fg_receipts,1.0,lines
EVT00044,warehouse,W008,late_fg_receipts,1.0,lines
EVT00045,purchase_order,RMPO001307,slip_days,15.0,days
EVT00045,plant,P04,projected_shortage_days,5.0,days
EVT00046,plant,P04,blocked_production_runs,1.0,runs
EVT00046,raw_material,RM0114,stockout_days,10.0,days
EVT00046,purchase_order_line,POL0027986,receipt_delay_days,10.0,days
EVT00046,warehouse,W010,late_fg_receipts,1.0,lines
EVT00047,plant,P02,blocked_production_runs,1.0,runs
EVT00047,raw_material,RM0049,stockout_days,2.0,days
EVT00047,purchase_order_line,POL0034748,receipt_delay_days,2.0,days
EVT00047,warehouse,W007,late_fg_receipts,1.0,lines
EVT00048,plant,P02,blocked_production_runs,1.0,runs
EVT00048,raw_material,RM0080,stockout_days,13.0,days
EVT00048,purchase_order_line,POL0025519,receipt_delay_days,14.0,days
EVT00048,warehouse,W008,late_fg_receipts,1.0,lines
EVT00049,plant,P03,blocked_production_runs,11.0,runs
EVT00049,raw_material,RM0006,stockout_days,9.0,days
EVT00049,purchase_order_line,POL0000285,receipt_delay_days,11.0,days
EVT00049,purchase_order_line,POL0007561,receipt_delay_days,9.0,days
EVT00049,purchase_order_line,POL0025985,receipt_delay_days,13.0,days
EVT00049,purchase_order_line,POL0005484,receipt_delay_days,9.0,days
EVT00049,purchase_order_line,POL0011291,receipt_delay_days,10.0,days
EVT00049,purchase_order_line,POL0011293,receipt_delay_days,10.0,days
EVT00049,warehouse,W004,late_fg_receipts,4.0,lines
EVT00049,warehouse,W010,late_fg_receipts,2.0,lines
EVT00049,warehouse,W006,late_fg_receipts,1.0,lines
EVT00049,warehouse,W005,late_fg_receipts,1.0,lines
EVT00049,warehouse,W001,late_fg_receipts,1.0,lines
EVT00049,warehouse,W008,late_fg_receipts,1.0,lines
EVT00049,warehouse,W002,late_fg_receipts,1.0,lines
EVT00050,plant,P04,blocked_production_runs,10.0,runs
EVT00050,raw_material,RM0003,stockout_days,9.0,days
EVT00050,purchase_order_line,POL0035858,receipt_delay_days,14.0,days
EVT00050,purchase_order_line,POL0004509,receipt_delay_days,11.0,days
EVT00050,purchase_order_line,POL0007562,receipt_delay_days,9.0,days
EVT00050,purchase_order_line,POL0040867,receipt_delay_days,9.0,days
EVT00050,purchase_order_line,POL0041988,receipt_delay_days,9.0,days
EVT00050,purchase_order_line,POL0044362,receipt_delay_days,4.0,days
EVT00050,warehouse,W008,late_fg_receipts,3.0,lines
EVT00050,warehouse,W009,late_fg_receipts,2.0,lines
EVT00050,warehouse,W006,late_fg_receipts,2.0,lines
EVT00050,warehouse,W012,late_fg_receipts,1.0,lines
EVT00050,warehouse,W002,late_fg_receipts,1.0,lines
EVT00050,warehouse,W005,late_fg_receipts,1.0,lines
EVT00051,warehouse,W004,adjustment_units,-75.0,units
EVT00052,plant,P05,blocked_production_runs,2.0,runs
EVT00052,raw_material,RM0043,stockout_days,8.0,days
EVT00052,purchase_order_line,POL0019358,receipt_delay_days,8.0,days
EVT00052,purchase_order_line,POL0018039,receipt_delay_days,12.0,days
EVT00052,plant,P02,blocked_production_runs,2.0,runs
EVT00052,raw_material,RM0043,stockout_days,8.0,days
EVT00052,purchase_order_line,POL0020834,receipt_delay_days,10.0,days
EVT00052,purchase_order_line,POL0028411,receipt_delay_days,2.0,days
EVT00052,plant,P03,blocked_production_runs,4.0,runs
EVT00052,raw_material,RM0043,stockout_days,13.0,days
EVT00052,purchase_order_line,POL0001209,receipt_delay_days,13.0,days
EVT00052,purchase_order_line,POL0001380,receipt_delay_days,14.0,days
EVT00052,purchase_order_line,POL0017414,receipt_delay_days,8.0,days
EVT00052,purchase_order_line,POL0028606,receipt_delay_days,11.0,days
EVT00052,warehouse,W002,late_fg_receipts,2.0,lines
EVT00052,warehouse,W003,late_fg_receipts,2.0,lines
EVT00052,warehouse,W005,late_fg_receipts,2.0,lines
EVT00052,warehouse,W011,late_fg_receipts,1.0,lines
EVT00052,warehouse,W001,late_fg_receipts,1.0,lines
EVT00053,country,US,affected_rm_pos,34.0,POs
EVT00053,supplier,SUP0012,avg_slip_days,4.0,days
EVT00053,supplier,SUP0052,avg_slip_days,11.0,days
EVT00053,supplier,SUP0058,avg_slip_days,6.8,days
EVT00053,supplier,SUP0076,avg_slip_days,10.0,days
EVT00053,supplier,SUP0084,avg_slip_days,10.3,days
EVT00053,supplier,SUP0118,avg_slip_days,7.8,days
EVT00053,supplier,SUP0133,avg_slip_days,7.4,days
EVT00053,supplier,SUP0139,avg_slip_days,8.5,days
EVT00053,supplier,SUP0202,avg_slip_days,7.3,days
EVT00054,plant,P04,blocked_production_runs,1.0,runs
EVT00054,raw_material,RM0030,stockout_days,12.0,days
EVT00054,purchase_order_line,POL0034666,receipt_delay_days,13.0,days
EVT00054,warehouse,W008,late_fg_receipts,1.0,lines
EVT00055,plant,P01,blocked_production_runs,2.0,runs
EVT00055,raw_material,RM0082,stockout_days,6.0,days
EVT00055,purchase_order_line,POL0020374,receipt_delay_days,6.0,days
EVT00055,purchase_order_line,POL0047961,receipt_delay_days,3.0,days
EVT00055,warehouse,W004,late_fg_receipts,1.0,lines
EVT00055,warehouse,W006,late_fg_receipts,1.0,lines
EVT00056,plant,P05,blocked_production_runs,4.0,runs
EVT00056,raw_material,RM0009,stockout_days,11.0,days
EVT00056,purchase_order_line,POL0039893,receipt_delay_days,11.0,days
EVT00056,purchase_order_line,POL0002488,receipt_delay_days,11.0,days
EVT00056,purchase_order_line,POL0005320,receipt_delay_days,14.0,days
EVT00056,purchase_order_line,POL0052820,receipt_delay_days,11.0,days
EVT00056,warehouse,W011,late_fg_receipts,1.0,lines
EVT00056,warehouse,W002,late_fg_receipts,1.0,lines
EVT00056,warehouse,W009,late_fg_receipts,1.0,lines
EVT00056,warehouse,W003,late_fg_receipts,1.0,lines
EVT00057,plant,P02,blocked_production_runs,14.0,runs
EVT00057,raw_material,RM0008,stockout_days,14.0,days
EVT00057,purchase_order_line,POL0034488,receipt_delay_days,14.0,days
EVT00057,purchase_order_line,POL0046161,receipt_delay_days,12.0,days
EVT00057,purchase_order_line,POL0046162,receipt_delay_days,12.0,days
EVT00057,purchase_order_line,POL0000117,receipt_delay_days,13.0,days
EVT00057,purchase_order_line,POL0002604,receipt_delay_days,10.0,days
EVT00057,purchase_order_line,POL0024679,receipt_delay_days,10.0,days
EVT00057,warehouse,W010,late_fg_receipts,3.0,lines
EVT00057,warehouse,W004,late_fg_receipts,2.0,lines
EVT00057,warehouse,W002,late_fg_receipts,2.0,lines
EVT00057,warehouse,W001,late_fg_receipts,2.0,lines
EVT00057,warehouse,W007,late_fg_receipts,2.0,lines
EVT00057,warehouse,W009,late_fg_receipts,1.0,lines
EVT00057,warehouse,W003,late_fg_receipts,1.0,lines
EVT00057,warehouse,W008,late_fg_receipts,1.0,lines
EVT00058,supplier,SUP0089,rejected_qty,6396.81,m2
EVT00058,supplier,SUP0089,rejected_lots,5.0,lots
EVT00059,plant,P01,blocked_production_runs,2.0,runs
EVT00059,raw_material,RM0043,stockout_days,3.0,days
EVT00059,purchase_order_line,POL0011693,receipt_delay_days,4.0,days
EVT00059,purchase_order_line,POL0017413,receipt_delay_days,8.0,days
EVT00059,plant,P05,blocked_production_runs,1.0,runs
EVT00059,raw_material,RM0043,stockout_days,13.0,days
EVT00059,purchase_order_line,POL0006918,receipt_delay_days,14.0,days
EVT00059,warehouse,W006,late_fg_receipts,1.0,lines
EVT00059,warehouse,W005,late_fg_receipts,1.0,lines
EVT00059,warehouse,W010,late_fg_receipts,1.0,lines
EVT00060,purchase_order,RMPO001814,slip_days,37.0,days
EVT00060,plant,P01,projected_shortage_days,21.0,days
EVT00061,plant,P04,blocked_production_runs,15.0,runs
EVT00061,raw_material,RM0005,stockout_days,10.0,days
EVT00061,purchase_order_line,POL0015933,receipt_delay_days,11.0,days
EVT00061,purchase_order_line,POL0021898,receipt_delay_days,12.0,days
EVT00061,purchase_order_line,POL0046516,receipt_delay_days,9.0,days
EVT00061,purchase_order_line,POL0046518,receipt_delay_days,9.0,days
EVT00061,purchase_order_line,POL0021899,receipt_delay_days,12.0,days
EVT00061,purchase_order_line,POL0015468,receipt_delay_days,9.0,days
EVT00061,warehouse,W008,late_fg_receipts,3.0,lines
EVT00061,warehouse,W006,late_fg_receipts,3.0,lines
EVT00061,warehouse,W009,late_fg_receipts,2.0,lines
EVT00061,warehouse,W007,late_fg_receipts,2.0,lines
EVT00061,warehouse,W012,late_fg_receipts,1.0,lines
EVT00061,warehouse,W002,late_fg_receipts,1.0,lines
EVT00061,warehouse,W005,late_fg_receipts,1.0,lines
EVT00061,warehouse,W001,late_fg_receipts,1.0,lines
EVT00061,warehouse,W004,late_fg_receipts,1.0,lines
EVT00062,plant,P02,blocked_production_runs,4.0,runs
EVT00062,raw_material,RM0082,stockout_days,13.0,days
EVT00062,purchase_order_line,POL0040300,receipt_delay_days,13.0,days
EVT00062,purchase_order_line,POL0047977,receipt_delay_days,12.0,days
EVT00062,purchase_order_line,POL0034657,receipt_delay_days,13.0,days
EVT00062,purchase_order_line,POL0049995,receipt_delay_days,4.0,days
EVT00062,warehouse,W002,late_fg_receipts,1.0,lines
EVT00062,warehouse,W012,late_fg_receipts,1.0,lines
EVT00062,warehouse,W007,late_fg_receipts,1.0,lines
EVT00062,warehouse,W011,late_fg_receipts,1.0,lines
EVT00063,plant,P02,blocked_production_runs,1.0,runs
EVT00063,raw_material,RM0028,stockout_days,8.0,days
EVT00063,purchase_order_line,POL0025800,receipt_delay_days,9.0,days
EVT00063,warehouse,W002,late_fg_receipts,1.0,lines
EVT00064,plant,P05,blocked_production_runs,5.0,runs
EVT00064,raw_material,RM0004,stockout_days,9.0,days
EVT00064,purchase_order_line,POL0001451,receipt_delay_days,12.0,days
EVT00064,purchase_order_line,POL0028182,receipt_delay_days,10.0,days
EVT00064,purchase_order_line,POL0051865,receipt_delay_days,7.0,days
EVT00064,purchase_order_line,POL0053827,receipt_delay_days,8.0,days
EVT00064,purchase_order_line,POL0027436,receipt_delay_days,8.0,days
EVT00064,warehouse,W003,late_fg_receipts,2.0,lines
EVT00064,warehouse,W008,late_fg_receipts,1.0,lines
EVT00064,warehouse,W005,late_fg_receipts,1.0,lines
EVT00064,warehouse,W010,late_fg_receipts,1.0,lines
EVT00065,plant,P02,blocked_production_runs,3.0,runs
EVT00065,raw_material,RM0043,stockout_days,6.0,days
EVT00065,purchase_order_line,POL0050818,receipt_delay_days,7.0,days
EVT00065,purchase_order_line,POL0045127,receipt_delay_days,11.0,days
EVT00065,purchase_order_line,POL0035358,receipt_delay_days,12.0,days
EVT00065,plant,P04,blocked_production_runs,1.0,runs
EVT00065,raw_material,RM0043,stockout_days,11.0,days
EVT00065,purchase_order_line,POL0012383,receipt_delay_days,11.0,days
EVT00065,warehouse,W001,late_fg_receipts,2.0,lines
EVT00065,warehouse,W005,late_fg_receipts,1.0,lines
EVT00065,warehouse,W011,late_fg_receipts,1.0,lines
EVT00066,warehouse,W009,adjustment_units,-66.0,units
EVT00067,plant,P03,blocked_production_runs,14.0,runs
EVT00067,raw_material,RM0001,stockout_days,12.0,days
EVT00067,purchase_order_line,POL0003500,receipt_delay_days,13.0,days
EVT00067,purchase_order_line,POL0019046,receipt_delay_days,12.0,days
EVT00067,purchase_order_line,POL0019049,receipt_delay_days,12.0,days
EVT00067,purchase_order_line,POL0025433,receipt_delay_days,11.0,days
EVT00067,purchase_order_line,POL0029267,receipt_delay_days,9.0,days
EVT00067,purchase_order_line,POL0029268,receipt_delay_days,9.0,days
EVT00067,plant,P01,blocked_production_runs,13.0,runs
EVT00067,raw_material,RM0001,stockout_days,11.0,days
EVT00067,purchase_order_line,POL0018889,receipt_delay_days,12.0,days
EVT00067,purchase_order_line,POL0048212,receipt_delay_days,14.0,days
EVT00067,purchase_order_line,POL0018174,receipt_delay_days,14.0,days
EVT00067,purchase_order_line,POL0024098,receipt_delay_days,7.0,days
EVT00067,purchase_order_line,POL0034260,receipt_delay_days,14.0,days
EVT00067,purchase_order_line,POL0036626,receipt_delay_days,13.0,days
EVT00067,warehouse,W003,late_fg_receipts,7.0,lines
EVT00067,warehouse,W004,late_fg_receipts,4.0,lines
EVT00067,warehouse,W005,late_fg_receipts,3.0,lines
EVT00067,warehouse,W008,late_fg_receipts,3.0,lines
EVT00067,warehouse,W010,late_fg_receipts,3.0,lines
EVT00067,warehouse,W011,late_fg_receipts,2.0,lines
EVT00067,warehouse,W009,late_fg_receipts,2.0,lines
EVT00067,warehouse,W002,late_fg_receipts,2.0,lines
EVT00067,warehouse,W007,late_fg_receipts,1.0,lines
EVT00068,plant,P05,blocked_production_runs,7.0,runs
EVT00068,raw_material,RM0010,stockout_days,12.0,days
EVT00068,purchase_order_line,POL0043463,receipt_delay_days,12.0,days
EVT00068,purchase_order_line,POL0009182,receipt_delay_days,13.0,days
EVT00068,purchase_order_line,POL0009178,receipt_delay_days,13.0,days
EVT00068,purchase_order_line,POL0053720,receipt_delay_days,5.0,days
EVT00068,purchase_order_line,POL0018416,receipt_delay_days,8.0,days
EVT00068,purchase_order_line,POL0019158,receipt_delay_days,6.0,days
EVT00068,warehouse,W007,late_fg_receipts,2.0,lines
EVT00068,warehouse,W002,late_fg_receipts,1.0,lines
EVT00068,warehouse,W001,late_fg_receipts,1.0,lines
EVT00068,warehouse,W004,late_fg_receipts,1.0,lines
EVT00068,warehouse,W003,late_fg_receipts,1.0,lines
EVT00068,warehouse,W006,late_fg_receipts,1.0,lines
EVT00069,plant,P04,blocked_production_runs,8.0,runs
EVT00069,raw_material,RM0007,stockout_days,9.0,days
EVT00069,purchase_order_line,POL0026474,receipt_delay_days,14.0,days
EVT00069,purchase_order_line,POL0031522,receipt_delay_days,10.0,days
EVT00069,purchase_order_line,POL0034259,receipt_delay_days,14.0,days
EVT00069,purchase_order_line,POL0033062,receipt_delay_days,7.0,days
EVT00069,purchase_order_line,POL0000035,receipt_delay_days,12.0,days
EVT00069,purchase_order_line,POL0002867,receipt_delay_days,7.0,days
EVT00069,warehouse,W006,late_fg_receipts,2.0,lines
EVT00069,warehouse,W009,late_fg_receipts,1.0,lines
EVT00069,warehouse,W004,late_fg_receipts,1.0,lines
EVT00069,warehouse,W010,late_fg_receipts,1.0,lines
EVT00069,warehouse,W003,late_fg_receipts,1.0,lines
EVT00069,warehouse,W008,late_fg_receipts,1.0,lines
EVT00069,warehouse,W005,late_fg_receipts,1.0,lines
EVT00070,plant,P05,blocked_production_runs,14.0,runs
EVT00070,raw_material,RM0012,stockout_days,9.0,days
EVT00070,purchase_order_line,POL0005530,receipt_delay_days,11.0,days
EVT00070,purchase_order_line,POL0026408,receipt_delay_days,14.0,days
EVT00070,purchase_order_line,POL0007971,receipt_delay_days,8.0,days
EVT00070,purchase_order_line,POL0029120,receipt_delay_days,8.0,days
EVT00070,purchase_order_line,POL0035652,receipt_delay_days,6.0,days
EVT00070,purchase_order_line,POL0035883,receipt_delay_days,5.0,days
EVT00070,warehouse,W011,late_fg_receipts,7.0,lines
EVT00070,warehouse,W006,late_fg_receipts,3.0,lines
EVT00070,warehouse,W005,late_fg_receipts,3.0,lines
EVT00070,warehouse,W009,late_fg_receipts,1.0,lines
EVT00071,purchase_order,RMPO004630,slip_days,11.0,days
EVT00071,plant,P01,projected_shortage_days,30.0,days
EVT00072,plant,P03,blocked_production_runs,2.0,runs
EVT00072,raw_material,RM0043,stockout_days,10.0,days
EVT00072,purchase_order_line,POL0015315,receipt_delay_days,11.0,days
EVT00072,purchase_order_line,POL0052504,receipt_delay_days,5.0,days
EVT00072,plant,P01,blocked_production_runs,1.0,runs
EVT00072,raw_material,RM0043,stockout_days,2.0,days
EVT00072,purchase_order_line,POL0028612,receipt_delay_days,3.0,days
EVT00072,warehouse,W004,late_fg_receipts,1.0,lines
EVT00072,warehouse,W011,late_fg_receipts,1.0,lines
EVT00072,warehouse,W006,late_fg_receipts,1.0,lines
EVT00073,country,CN,affected_rm_pos,120.0,POs
EVT00073,supplier,SUP0026,avg_slip_days,9.2,days
EVT00073,supplier,SUP0042,avg_slip_days,10.5,days
EVT00073,supplier,SUP0079,avg_slip_days,8.0,days
EVT00073,supplier,SUP0086,avg_slip_days,14.5,days
EVT00073,supplier,SUP0089,avg_slip_days,9.2,days
EVT00073,supplier,SUP0090,avg_slip_days,8.0,days
EVT00073,supplier,SUP0095,avg_slip_days,7.5,days
EVT00073,supplier,SUP0135,avg_slip_days,7.4,days
EVT00073,supplier,SUP0136,avg_slip_days,9.0,days
EVT00073,supplier,SUP0137,avg_slip_days,8.7,days
EVT00073,supplier,SUP0141,avg_slip_days,2.5,days
EVT00073,supplier,SUP0145,avg_slip_days,7.6,days
EVT00073,supplier,SUP0152,avg_slip_days,13.0,days
EVT00073,supplier,SUP0153,avg_slip_days,6.2,days
EVT00073,supplier,SUP0164,avg_slip_days,8.0,days
EVT00073,supplier,SUP0185,avg_slip_days,10.1,days
EVT00073,supplier,SUP0223,avg_slip_days,5.7,days
EVT00074,plant,P02,blocked_production_runs,18.0,runs
EVT00074,raw_material,RM0004,stockout_days,12.0,days
EVT00074,purchase_order_line,POL0052139,receipt_delay_days,13.0,days
EVT00074,purchase_order_line,POL0022039,receipt_delay_days,12.0,days
EVT00074,purchase_order_line,POL0022040,receipt_delay_days,12.0,days
EVT00074,purchase_order_line,POL0006650,receipt_delay_days,13.0,days
EVT00074,purchase_order_line,POL0008063,receipt_delay_days,13.0,days
EVT00074,purchase_order_line,POL0016342,receipt_delay_days,13.0,days
EVT00074,warehouse,W001,late_fg_receipts,5.0,lines
EVT00074,warehouse,W010,late_fg_receipts,3.0,lines
EVT00074,warehouse,W004,late_fg_receipts,2.0,lines
EVT00074,warehouse,W003,late_fg_receipts,2.0,lines
EVT00074,warehouse,W012,late_fg_receipts,2.0,lines
EVT00074,warehouse,W007,late_fg_receipts,1.0,lines
EVT00074,warehouse,W006,late_fg_receipts,1.0,lines
EVT00074,warehouse,W009,late_fg_receipts,1.0,lines
EVT00074,warehouse,W002,late_fg_receipts,1.0,lines
EVT00075,plant,P02,blocked_production_runs,7.0,runs
EVT00075,raw_material,RM0122,stockout_days,10.0,days
EVT00075,purchase_order_line,POL0017168,receipt_delay_days,13.0,days
EVT00075,purchase_order_line,POL0038614,receipt_delay_days,10.0,days
EVT00075,purchase_order_line,POL0028571,receipt_delay_days,9.0,days
EVT00075,purchase_order_line,POL0039413,receipt_delay_days,5.0,days
EVT00075,purchase_order_line,POL0046717,receipt_delay_days,5.0,days
EVT00075,purchase_order_line,POL0001337,receipt_delay_days,6.0,days
EVT00075,warehouse,W006,late_fg_receipts,2.0,lines
EVT00075,warehouse,W009,late_fg_receipts,1.0,lines
EVT00075,warehouse,W010,late_fg_receipts,1.0,lines
EVT00075,warehouse,W002,late_fg_receipts,1.0,lines
EVT00075,warehouse,W012,late_fg_receipts,1.0,lines
EVT00075,warehouse,W004,late_fg_receipts,1.0,lines
EVT00076,plant,P03,blocked_production_runs,7.0,runs
EVT00076,raw_material,RM0007,stockout_days,11.0,days
EVT00076,purchase_order_line,POL0026107,receipt_delay_days,11.0,days
EVT00076,purchase_order_line,POL0051583,receipt_delay_days,12.0,days
EVT00076,purchase_order_line,POL0051581,receipt_delay_days,12.0,days
EVT00076,purchase_order_line,POL0020669,receipt_delay_days,11.0,days
EVT00076,purchase_order_line,POL0049884,receipt_delay_days,13.0,days
EVT00076,purchase_order_line,POL0016621,receipt_delay_days,6.0,days
EVT00076,warehouse,W003,late_fg_receipts,4.0,lines
EVT00076,warehouse,W011,late_fg_receipts,2.0,lines
EVT00076,warehouse,W004,late_fg_receipts,1.0,lines
EVT00077,plant,P04,blocked_production_runs,2.0,runs
EVT00077,raw_material,RM0017,stockout_days,4.0,days
EVT00077,purchase_order_line,POL0028955,receipt_delay_days,4.0,days
EVT00077,purchase_order_line,POL0028954,receipt_delay_days,4.0,days
EVT00077,warehouse,W006,late_fg_receipts,2.0,lines
EVT00078,plant,P05,blocked_production_runs,1.0,runs
EVT00078,raw_material,RM0043,stockout_days,2.0,days
EVT00078,purchase_order_line,POL0042437,receipt_delay_days,3.0,days
EVT00078,plant,P01,blocked_production_runs,2.0,runs
EVT00078,raw_material,RM0043,stockout_days,4.0,days
EVT00078,purchase_order_line,POL0043980,receipt_delay_days,5.0,days
EVT00078,purchase_order_line,POL0035350,receipt_delay_days,9.0,days
EVT00078,warehouse,W004,late_fg_receipts,1.0,lines
EVT00078,warehouse,W012,late_fg_receipts,1.0,lines
EVT00078,warehouse,W010,late_fg_receipts,1.0,lines
EVT00079,supplier,SUP0039,rejected_qty,153.68,kg
EVT00079,supplier,SUP0039,rejected_lots,1.0,lots
EVT00080,supplier,SUP0130,late_rate_7d,75.0,pct
EVT00080,supplier,SUP0130,avg_delay_days,9.7,days
EVT00080,supplier,SUP0130,short_or_cancelled_pos,3.0,POs
EVT00081,plant,P03,blocked_production_runs,2.0,runs
EVT00081,raw_material,RM0043,stockout_days,13.0,days
EVT00081,purchase_order_line,POL0016377,receipt_delay_days,13.0,days
EVT00081,purchase_order_line,POL0004174,receipt_delay_days,14.0,days
EVT00081,plant,P02,blocked_production_runs,1.0,runs
EVT00081,raw_material,RM0043,stockout_days,11.0,days
EVT00081,purchase_order_line,POL0002811,receipt_delay_days,12.0,days
EVT00081,warehouse,W009,late_fg_receipts,1.0,lines
EVT00081,warehouse,W005,late_fg_receipts,1.0,lines
EVT00081,warehouse,W003,late_fg_receipts,1.0,lines
EVT00082,plant,P01,blocked_production_runs,11.0,runs
EVT00082,raw_material,RM0006,stockout_days,12.0,days
EVT00082,purchase_order_line,POL0037297,receipt_delay_days,12.0,days
EVT00082,purchase_order_line,POL0009723,receipt_delay_days,8.0,days
EVT00082,purchase_order_line,POL0019713,receipt_delay_days,10.0,days
EVT00082,purchase_order_line,POL0044766,receipt_delay_days,8.0,days
EVT00082,purchase_order_line,POL0022469,receipt_delay_days,13.0,days
EVT00082,purchase_order_line,POL0025699,receipt_delay_days,6.0,days
EVT00082,warehouse,W012,late_fg_receipts,3.0,lines
EVT00082,warehouse,W006,late_fg_receipts,3.0,lines
EVT00082,warehouse,W011,late_fg_receipts,2.0,lines
EVT00082,warehouse,W008,late_fg_receipts,1.0,lines
EVT00082,warehouse,W002,late_fg_receipts,1.0,lines
EVT00082,warehouse,W003,late_fg_receipts,1.0,lines
EVT00083,supplier,SUP0089,rejected_qty,5388.58,m2
EVT00083,supplier,SUP0089,rejected_lots,8.0,lots
EVT00084,plant,P01,blocked_production_runs,9.0,runs
EVT00084,raw_material,RM0005,stockout_days,12.0,days
EVT00084,purchase_order_line,POL0022468,receipt_delay_days,13.0,days
EVT00084,purchase_order_line,POL0024449,receipt_delay_days,9.0,days
EVT00084,purchase_order_line,POL0033018,receipt_delay_days,7.0,days
EVT00084,purchase_order_line,POL0020791,receipt_delay_days,6.0,days
EVT00084,purchase_order_line,POL0026182,receipt_delay_days,13.0,days
EVT00084,purchase_order_line,POL0037422,receipt_delay_days,13.0,days
EVT00084,warehouse,W006,late_fg_receipts,2.0,lines
EVT00084,warehouse,W003,late_fg_receipts,2.0,lines
EVT00084,warehouse,W011,late_fg_receipts,2.0,lines
EVT00084,warehouse,W010,late_fg_receipts,1.0,lines
EVT00084,warehouse,W002,late_fg_receipts,1.0,lines
EVT00084,warehouse,W008,late_fg_receipts,1.0,lines
EVT00085,plant,P02,blocked_production_runs,16.0,runs
EVT00085,raw_material,RM0002,stockout_days,11.0,days
EVT00085,purchase_order_line,POL0009731,receipt_delay_days,13.0,days
EVT00085,purchase_order_line,POL0004714,receipt_delay_days,8.0,days
EVT00085,purchase_order_line,POL0004717,receipt_delay_days,8.0,days
EVT00085,purchase_order_line,POL0006315,receipt_delay_days,13.0,days
EVT00085,purchase_order_line,POL0025117,receipt_delay_days,6.0,days
EVT00085,purchase_order_line,POL0036192,receipt_delay_days,11.0,days
EVT00085,warehouse,W011,late_fg_receipts,3.0,lines
EVT00085,warehouse,W002,late_fg_receipts,3.0,lines
EVT00085,warehouse,W009,late_fg_receipts,2.0,lines
EVT00085,warehouse,W001,late_fg_receipts,2.0,lines
EVT00085,warehouse,W012,late_fg_receipts,2.0,lines
EVT00085,warehouse,W004,late_fg_receipts,1.0,lines
EVT00085,warehouse,W008,late_fg_receipts,1.0,lines
EVT00085,warehouse,W005,late_fg_receipts,1.0,lines
EVT00085,warehouse,W006,late_fg_receipts,1.0,lines
EVT00086,product,IP01891,unfulfilled_units,59.0,units
EVT00086,product,IP01891,demand_z,3.68,sigma
EVT00087,plant,P03,blocked_production_runs,10.0,runs
EVT00087,raw_material,RM0012,stockout_days,11.0,days
EVT00087,purchase_order_line,POL0049734,receipt_delay_days,11.0,days
EVT00087,purchase_order_line,POL0038581,receipt_delay_days,14.0,days
EVT00087,purchase_order_line,POL0039617,receipt_delay_days,9.0,days
EVT00087,purchase_order_line,POL0035573,receipt_delay_days,10.0,days
EVT00087,purchase_order_line,POL0039041,receipt_delay_days,14.0,days
EVT00087,purchase_order_line,POL0033019,receipt_delay_days,7.0,days
EVT00087,warehouse,W007,late_fg_receipts,3.0,lines
EVT00087,warehouse,W011,late_fg_receipts,2.0,lines
EVT00087,warehouse,W008,late_fg_receipts,1.0,lines
EVT00087,warehouse,W009,late_fg_receipts,1.0,lines
EVT00087,warehouse,W003,late_fg_receipts,1.0,lines
EVT00087,warehouse,W002,late_fg_receipts,1.0,lines
EVT00087,warehouse,W004,late_fg_receipts,1.0,lines
EVT00088,plant,P02,blocked_production_runs,7.0,runs
EVT00088,raw_material,RM0001,stockout_days,9.0,days
EVT00088,purchase_order_line,POL0011646,receipt_delay_days,11.0,days
EVT00088,purchase_order_line,POL0026962,receipt_delay_days,10.0,days
EVT00088,purchase_order_line,POL0035802,receipt_delay_days,11.0,days
EVT00088,purchase_order_line,POL0042463,receipt_delay_days,12.0,days
EVT00088,purchase_order_line,POL0045628,receipt_delay_days,6.0,days
EVT00088,purchase_order_line,POL0046709,receipt_delay_days,12.0,days
EVT00088,plant,P04,blocked_production_runs,10.0,runs
EVT00088,raw_material,RM0001,stockout_days,12.0,days
EVT00088,purchase_order_line,POL0049429,receipt_delay_days,13.0,days
EVT00088,purchase_order_line,POL0022375,receipt_delay_days,13.0,days
EVT00088,purchase_order_line,POL0042466,receipt_delay_days,12.0,days
EVT00088,purchase_order_line,POL0052901,receipt_delay_days,13.0,days
EVT00088,purchase_order_line,POL0045235,receipt_delay_days,10.0,days
EVT00088,purchase_order_line,POL0039670,receipt_delay_days,12.0,days
EVT00088,warehouse,W005,late_fg_receipts,3.0,lines
EVT00088,warehouse,W007,late_fg_receipts,3.0,lines
EVT00088,warehouse,W008,late_fg_receipts,2.0,lines
EVT00088,warehouse,W004,late_fg_receipts,2.0,lines
EVT00088,warehouse,W012,late_fg_receipts,2.0,lines
EVT00088,warehouse,W001,late_fg_receipts,2.0,lines
EVT00088,warehouse,W010,late_fg_receipts,1.0,lines
EVT00088,warehouse,W002,late_fg_receipts,1.0,lines
EVT00088,warehouse,W009,late_fg_receipts,1.0,lines
EVT00089,plant,P02,blocked_production_runs,3.0,runs
EVT00089,raw_material,RM0123,stockout_days,5.0,days
EVT00089,purchase_order_line,POL0036387,receipt_delay_days,5.0,days
EVT00089,purchase_order_line,POL0018265,receipt_delay_days,6.0,days
EVT00089,purchase_order_line,POL0049425,receipt_delay_days,13.0,days
EVT00089,warehouse,W006,late_fg_receipts,1.0,lines
EVT00089,warehouse,W011,late_fg_receipts,1.0,lines
EVT00089,warehouse,W008,late_fg_receipts,1.0,lines
EVT00090,plant,P03,blocked_production_runs,7.0,runs
EVT00090,raw_material,RM0010,stockout_days,13.0,days
EVT00090,purchase_order_line,POL0027734,receipt_delay_days,14.0,days
EVT00090,purchase_order_line,POL0047306,receipt_delay_days,12.0,days
EVT00090,purchase_order_line,POL0022376,receipt_delay_days,13.0,days
EVT00090,purchase_order_line,POL0046072,receipt_delay_days,6.0,days
EVT00090,purchase_order_line,POL0015347,receipt_delay_days,5.0,days
EVT00090,purchase_order_line,POL0025153,receipt_delay_days,13.0,days
EVT00090,warehouse,W009,late_fg_receipts,2.0,lines
EVT00090,warehouse,W004,late_fg_receipts,1.0,lines
EVT00090,warehouse,W012,late_fg_receipts,1.0,lines
EVT00090,warehouse,W002,late_fg_receipts,1.0,lines
EVT00090,warehouse,W007,late_fg_receipts,1.0,lines
EVT00090,warehouse,W001,late_fg_receipts,1.0,lines
EVT00091,plant,P04,blocked_production_runs,1.0,runs
EVT00091,raw_material,RM0043,stockout_days,6.0,days
EVT00091,purchase_order_line,POL0000011,receipt_delay_days,7.0,days
EVT00091,plant,P03,blocked_production_runs,2.0,runs
EVT00091,raw_material,RM0043,stockout_days,11.0,days
EVT00091,purchase_order_line,POL0039995,receipt_delay_days,11.0,days
EVT00091,purchase_order_line,POL0043707,receipt_delay_days,10.0,days
EVT00091,plant,P01,blocked_production_runs,2.0,runs
EVT00091,raw_material,RM0043,stockout_days,10.0,days
EVT00091,purchase_order_line,POL0030784,receipt_delay_days,14.0,days
EVT00091,purchase_order_line,POL0024691,receipt_delay_days,5.0,days
EVT00091,warehouse,W006,late_fg_receipts,1.0,lines
EVT00091,warehouse,W007,late_fg_receipts,1.0,lines
EVT00091,warehouse,W005,late_fg_receipts,1.0,lines
EVT00091,warehouse,W002,late_fg_receipts,1.0,lines
EVT00091,warehouse,W012,late_fg_receipts,1.0,lines
EVT00092,plant,P04,blocked_production_runs,9.0,runs
EVT00092,raw_material,RM0011,stockout_days,11.0,days
EVT00092,purchase_order_line,POL0001498,receipt_delay_days,14.0,days
EVT00092,purchase_order_line,POL0006249,receipt_delay_days,11.0,days
EVT00092,purchase_order_line,POL0038067,receipt_delay_days,13.0,days
EVT00092,purchase_order_line,POL0002729,receipt_delay_days,9.0,days
EVT00092,purchase_order_line,POL0019340,receipt_delay_days,8.0,days
EVT00092,purchase_order_line,POL0052997,receipt_delay_days,4.0,days
EVT00092,plant,P01,blocked_production_runs,9.0,runs
EVT00092,raw_material,RM0011,stockout_days,8.0,days
EVT00092,purchase_order_line,POL0018022,receipt_delay_days,8.0,days
EVT00092,purchase_order_line,POL0036685,receipt_delay_days,8.0,days
EVT00092,purchase_order_line,POL0036686,receipt_delay_days,8.0,days
EVT00092,purchase_order_line,POL0036684,receipt_delay_days,8.0,days
EVT00092,purchase_order_line,POL0039430,receipt_delay_days,10.0,days
EVT00092,purchase_order_line,POL0039432,receipt_delay_days,10.0,days
EVT00092,warehouse,W004,late_fg_receipts,6.0,lines
EVT00092,warehouse,W003,late_fg_receipts,4.0,lines
EVT00092,warehouse,W006,late_fg_receipts,2.0,lines
EVT00092,warehouse,W011,late_fg_receipts,2.0,lines
EVT00092,warehouse,W012,late_fg_receipts,2.0,lines
EVT00092,warehouse,W001,late_fg_receipts,1.0,lines
EVT00092,warehouse,W008,late_fg_receipts,1.0,lines
EVT00093,plant,P03,blocked_production_runs,10.0,runs
EVT00093,raw_material,RM0009,stockout_days,8.0,days
EVT00093,purchase_order_line,POL0028246,receipt_delay_days,9.0,days
EVT00093,purchase_order_line,POL0050877,receipt_delay_days,8.0,days
EVT00093,purchase_order_line,POL0010685,receipt_delay_days,11.0,days
EVT00093,purchase_order_line,POL0019609,receipt_delay_days,11.0,days
EVT00093,purchase_order_line,POL0048684,receipt_delay_days,10.0,days
EVT00093,purchase_order_line,POL0043704,receipt_delay_days,10.0,days
EVT00093,warehouse,W005,late_fg_receipts,2.0,lines
EVT00093,warehouse,W001,late_fg_receipts,2.0,lines
EVT00093,warehouse,W006,late_fg_receipts,1.0,lines
EVT00093,warehouse,W003,late_fg_receipts,1.0,lines
EVT00093,warehouse,W010,late_fg_receipts,1.0,lines
EVT00093,warehouse,W002,late_fg_receipts,1.0,lines
EVT00093,warehouse,W012,late_fg_receipts,1.0,lines
EVT00093,warehouse,W004,late_fg_receipts,1.0,lines
EVT00094,plant,P04,blocked_production_runs,11.0,runs
EVT00094,raw_material,RM0003,stockout_days,11.0,days
EVT00094,purchase_order_line,POL0008382,receipt_delay_days,11.0,days
EVT00094,purchase_order_line,POL0049674,receipt_delay_days,12.0,days
EVT00094,purchase_order_line,POL0040195,receipt_delay_days,14.0,days
EVT00094,purchase_order_line,POL0006689,receipt_delay_days,5.0,days
EVT00094,purchase_order_line,POL0039429,receipt_delay_days,10.0,days
EVT00094,purchase_order_line,POL0040194,receipt_delay_days,14.0,days
EVT00094,warehouse,W006,late_fg_receipts,5.0,lines
EVT00094,warehouse,W004,late_fg_receipts,4.0,lines
EVT00094,warehouse,W008,late_fg_receipts,1.0,lines
EVT00094,warehouse,W011,late_fg_receipts,1.0,lines
EVT00095,plant,P05,blocked_production_runs,8.0,runs
EVT00095,raw_material,RM0012,stockout_days,9.0,days
EVT00095,purchase_order_line,POL0045862,receipt_delay_days,12.0,days
EVT00095,purchase_order_line,POL0053434,receipt_delay_days,10.0,days
EVT00095,purchase_order_line,POL0030476,receipt_delay_days,14.0,days
EVT00095,purchase_order_line,POL0001420,receipt_delay_days,5.0,days
EVT00095,purchase_order_line,POL0031746,receipt_delay_days,12.0,days
EVT00095,purchase_order_line,POL0042145,receipt_delay_days,9.0,days
EVT00095,warehouse,W006,late_fg_receipts,2.0,lines
EVT00095,warehouse,W001,late_fg_receipts,1.0,lines
EVT00095,warehouse,W003,late_fg_receipts,1.0,lines
EVT00095,warehouse,W005,late_fg_receipts,1.0,lines
EVT00095,warehouse,W004,late_fg_receipts,1.0,lines
EVT00095,warehouse,W002,late_fg_receipts,1.0,lines
EVT00095,warehouse,W007,late_fg_receipts,1.0,lines
EVT00096,plant,P03,blocked_production_runs,5.0,runs
EVT00096,raw_material,RM0007,stockout_days,7.0,days
EVT00096,purchase_order_line,POL0043136,receipt_delay_days,9.0,days
EVT00096,purchase_order_line,POL0050044,receipt_delay_days,9.0,days
EVT00096,purchase_order_line,POL0030449,receipt_delay_days,5.0,days
EVT00096,purchase_order_line,POL0039546,receipt_delay_days,7.0,days
EVT00096,purchase_order_line,POL0040189,receipt_delay_days,5.0,days
EVT00096,warehouse,W009,late_fg_receipts,2.0,lines
EVT00096,warehouse,W002,late_fg_receipts,1.0,lines
EVT00096,warehouse,W012,late_fg_receipts,1.0,lines
EVT00096,warehouse,W007,late_fg_receipts,1.0,lines
EVT00097,plant,P03,blocked_production_runs,4.0,runs
EVT00097,raw_material,RM0005,stockout_days,10.0,days
EVT00097,purchase_order_line,POL0019108,receipt_delay_days,10.0,days
EVT00097,purchase_order_line,POL0012254,receipt_delay_days,10.0,days
EVT00097,purchase_order_line,POL0043148,receipt_delay_days,7.0,days
EVT00097,purchase_order_line,POL0005377,receipt_delay_days,7.0,days
EVT00097,warehouse,W002,late_fg_receipts,1.0,lines
EVT00097,warehouse,W011,late_fg_receipts,1.0,lines
EVT00097,warehouse,W010,late_fg_receipts,1.0,lines
EVT00097,warehouse,W004,late_fg_receipts,1.0,lines
EVT00098,plant,P04,blocked_production_runs,8.0,runs
EVT00098,raw_material,RM0004,stockout_days,12.0,days
EVT00098,purchase_order_line,POL0048995,receipt_delay_days,13.0,days
EVT00098,purchase_order_line,POL0023654,receipt_delay_days,14.0,days
EVT00098,purchase_order_line,POL0049820,receipt_delay_days,10.0,days
EVT00098,purchase_order_line,POL0038868,receipt_delay_days,13.0,days
EVT00098,purchase_order_line,POL0002565,receipt_delay_days,12.0,days
EVT00098,purchase_order_line,POL0040454,receipt_delay_days,8.0,days
EVT00098,warehouse,W005,late_fg_receipts,3.0,lines
EVT00098,warehouse,W010,late_fg_receipts,2.0,lines
EVT00098,warehouse,W007,late_fg_receipts,1.0,lines
EVT00098,warehouse,W006,late_fg_receipts,1.0,lines
EVT00098,warehouse,W012,late_fg_receipts,1.0,lines
EVT00099,plant,P01,blocked_production_runs,7.0,runs
EVT00099,raw_material,RM0010,stockout_days,9.0,days
EVT00099,purchase_order_line,POL0007553,receipt_delay_days,9.0,days
EVT00099,purchase_order_line,POL0027071,receipt_delay_days,12.0,days
EVT00099,purchase_order_line,POL0050981,receipt_delay_days,7.0,days
EVT00099,purchase_order_line,POL0018339,receipt_delay_days,7.0,days
EVT00099,purchase_order_line,POL0020288,receipt_delay_days,5.0,days
EVT00099,purchase_order_line,POL0009950,receipt_delay_days,4.0,days
EVT00099,warehouse,W010,late_fg_receipts,2.0,lines
EVT00099,warehouse,W003,late_fg_receipts,2.0,lines
EVT00099,warehouse,W002,late_fg_receipts,1.0,lines
EVT00099,warehouse,W004,late_fg_receipts,1.0,lines
EVT00099,warehouse,W009,late_fg_receipts,1.0,lines
EVT00100,warehouse,W004,adjustment_units,-66.0,units
EVT00101,country,CN,affected_rm_pos,129.0,POs
EVT00101,supplier,SUP0026,avg_slip_days,10.0,days
EVT00101,supplier,SUP0042,avg_slip_days,10.5,days
EVT00101,supplier,SUP0079,avg_slip_days,9.1,days
EVT00101,supplier,SUP0086,avg_slip_days,14.4,days
EVT00101,supplier,SUP0089,avg_slip_days,7.6,days
EVT00101,supplier,SUP0095,avg_slip_days,9.0,days
EVT00101,supplier,SUP0135,avg_slip_days,7.2,days
EVT00101,supplier,SUP0136,avg_slip_days,8.9,days
EVT00101,supplier,SUP0137,avg_slip_days,9.4,days
EVT00101,supplier,SUP0141,avg_slip_days,6.5,days
EVT00101,supplier,SUP0145,avg_slip_days,7.7,days
EVT00101,supplier,SUP0152,avg_slip_days,9.0,days
EVT00101,supplier,SUP0153,avg_slip_days,7.4,days
EVT00101,supplier,SUP0164,avg_slip_days,6.8,days
EVT00101,supplier,SUP0185,avg_slip_days,9.6,days
EVT00101,supplier,SUP0223,avg_slip_days,7.0,days
EVT00102,country,MX,affected_rm_pos,110.0,POs
EVT00102,supplier,SUP0055,avg_slip_days,8.7,days
EVT00102,supplier,SUP0111,avg_slip_days,6.5,days
EVT00102,supplier,SUP0125,avg_slip_days,7.8,days
EVT00102,supplier,SUP0157,avg_slip_days,11.1,days
EVT00102,supplier,SUP0179,avg_slip_days,10.4,days
EVT00102,supplier,SUP0216,avg_slip_days,9.0,days
EVT00102,supplier,SUP0221,avg_slip_days,7.9,days
EVT00102,supplier,SUP0226,avg_slip_days,10.4,days
EVT00102,supplier,SUP0236,avg_slip_days,6.0,days
EVT00102,supplier,SUP0238,avg_slip_days,7.7,days
EVT00103,plant,P05,blocked_production_runs,1.0,runs
EVT00103,raw_material,RM0043,stockout_days,7.0,days
EVT00103,purchase_order_line,POL0022116,receipt_delay_days,8.0,days
EVT00103,warehouse,W002,late_fg_receipts,1.0,lines
EVT00104,plant,P04,blocked_production_runs,7.0,runs
EVT00104,raw_material,RM0007,stockout_days,11.0,days
EVT00104,purchase_order_line,POL0020507,receipt_delay_days,12.0,days
EVT00104,purchase_order_line,POL0052665,receipt_delay_days,14.0,days
EVT00104,purchase_order_line,POL0040803,receipt_delay_days,7.0,days
EVT00104,purchase_order_line,POL0007470,receipt_delay_days,14.0,days
EVT00104,purchase_order_line,POL0021439,receipt_delay_days,8.0,days
EVT00104,purchase_order_line,POL0028273,receipt_delay_days,11.0,days
EVT00104,plant,P02,blocked_production_runs,12.0,runs
EVT00104,raw_material,RM0007,stockout_days,8.0,days
EVT00104,purchase_order_line,POL0036749,receipt_delay_days,8.0,days
EVT00104,purchase_order_line,POL0011147,receipt_delay_days,8.0,days
EVT00104,purchase_order_line,POL0011148,receipt_delay_days,8.0,days
EVT00104,purchase_order_line,POL0035215,receipt_delay_days,12.0,days
EVT00104,purchase_order_line,POL0026272,receipt_delay_days,8.0,days
EVT00104,purchase_order_line,POL0006812,receipt_delay_days,14.0,days
EVT00104,warehouse,W005,late_fg_receipts,3.0,lines
EVT00104,warehouse,W001,late_fg_receipts,2.0,lines
EVT00104,warehouse,W006,late_fg_receipts,2.0,lines
EVT00104,warehouse,W011,late_fg_receipts,2.0,lines
EVT00104,warehouse,W007,late_fg_receipts,2.0,lines
EVT00104,warehouse,W008,late_fg_receipts,2.0,lines
EVT00104,warehouse,W010,late_fg_receipts,2.0,lines
EVT00104,warehouse,W003,late_fg_receipts,1.0,lines
EVT00104,warehouse,W004,late_fg_receipts,1.0,lines
EVT00104,warehouse,W009,late_fg_receipts,1.0,lines
EVT00104,warehouse,W002,late_fg_receipts,1.0,lines
EVT00105,plant,P05,blocked_production_runs,8.0,runs
EVT00105,raw_material,RM0008,stockout_days,12.0,days
EVT00105,purchase_order_line,POL0020116,receipt_delay_days,12.0,days
EVT00105,purchase_order_line,POL0023670,receipt_delay_days,11.0,days
EVT00105,purchase_order_line,POL0020855,receipt_delay_days,10.0,days
EVT00105,purchase_order_line,POL0036343,receipt_delay_days,8.0,days
EVT00105,purchase_order_line,POL0026355,receipt_delay_days,12.0,days
EVT00105,purchase_order_line,POL0047004,receipt_delay_days,4.0,days
EVT00105,warehouse,W005,late_fg_receipts,3.0,lines
EVT00105,warehouse,W001,late_fg_receipts,1.0,lines
EVT00105,warehouse,W011,late_fg_receipts,1.0,lines
EVT00105,warehouse,W012,late_fg_receipts,1.0,lines
EVT00105,warehouse,W008,late_fg_receipts,1.0,lines
EVT00105,warehouse,W010,late_fg_receipts,1.0,lines
EVT00106,purchase_order,RMPO009358,slip_days,10.0,days
EVT00106,plant,P02,projected_shortage_days,1.0,days
EVT00107,purchase_order,RMPO008684,slip_days,8.0,days
EVT00107,plant,P03,projected_shortage_days,5.0,days
EVT00108,supplier,SUP0065,rejected_qty,27.84,kg
EVT00108,supplier,SUP0065,rejected_lots,1.0,lots
EVT00109,plant,P04,blocked_production_runs,1.0,runs
EVT00109,raw_material,RM0043,stockout_days,9.0,days
EVT00109,purchase_order_line,POL0050773,receipt_delay_days,9.0,days
EVT00109,plant,P02,blocked_production_runs,1.0,runs
EVT00109,raw_material,RM0043,stockout_days,4.0,days
EVT00109,purchase_order_line,POL0039956,receipt_delay_days,5.0,days
EVT00109,plant,P03,blocked_production_runs,1.0,runs
EVT00109,raw_material,RM0043,stockout_days,5.0,days
EVT00109,purchase_order_line,POL0019453,receipt_delay_days,5.0,days
EVT00109,warehouse,W006,late_fg_receipts,1.0,lines
EVT00109,warehouse,W008,late_fg_receipts,1.0,lines
EVT00109,warehouse,W011,late_fg_receipts,1.0,lines
EVT00110,plant,P01,blocked_production_runs,10.0,runs
EVT00110,raw_material,RM0013,stockout_days,9.0,days
EVT00110,purchase_order_line,POL0002724,receipt_delay_days,9.0,days
EVT00110,purchase_order_line,POL0012133,receipt_delay_days,14.0,days
EVT00110,purchase_order_line,POL0037321,receipt_delay_days,10.0,days
EVT00110,purchase_order_line,POL0040944,receipt_delay_days,10.0,days
EVT00110,purchase_order_line,POL0021543,receipt_delay_days,6.0,days
EVT00110,purchase_order_line,POL0018536,receipt_delay_days,14.0,days
EVT00110,plant,P04,blocked_production_runs,4.0,runs
EVT00110,raw_material,RM0013,stockout_days,12.0,days
EVT00110,purchase_order_line,POL0030320,receipt_delay_days,12.0,days
EVT00110,purchase_order_line,POL0011760,receipt_delay_days,14.0,days
EVT00110,purchase_order_line,POL0014607,receipt_delay_days,7.0,days
EVT00110,purchase_order_line,POL0042762,receipt_delay_days,3.0,days
EVT00110,warehouse,W012,late_fg_receipts,4.0,lines
EVT00110,warehouse,W006,late_fg_receipts,3.0,lines
EVT00110,warehouse,W007,late_fg_receipts,2.0,lines
EVT00110,warehouse,W010,late_fg_receipts,1.0,lines
EVT00110,warehouse,W002,late_fg_receipts,1.0,lines
EVT00110,warehouse,W011,late_fg_receipts,1.0,lines
EVT00110,warehouse,W004,late_fg_receipts,1.0,lines
EVT00110,warehouse,W005,late_fg_receipts,1.0,lines
EVT00111,supplier,SUP0089,rejected_qty,8852.4,m2
EVT00111,supplier,SUP0089,rejected_lots,9.0,lots
EVT00112,plant,P01,blocked_production_runs,12.0,runs
EVT00112,raw_material,RM0004,stockout_days,14.0,days
EVT00112,purchase_order_line,POL0029349,receipt_delay_days,14.0,days
EVT00112,purchase_order_line,POL0050962,receipt_delay_days,12.0,days
EVT00112,purchase_order_line,POL0004948,receipt_delay_days,10.0,days
EVT00112,purchase_order_line,POL0002040,receipt_delay_days,7.0,days
EVT00112,purchase_order_line,POL0006000,receipt_delay_days,10.0,days
EVT00112,purchase_order_line,POL0007871,receipt_delay_days,11.0,days
EVT00112,warehouse,W011,late_fg_receipts,5.0,lines
EVT00112,warehouse,W010,late_fg_receipts,2.0,lines
EVT00112,warehouse,W005,late_fg_receipts,1.0,lines
EVT00112,warehouse,W012,late_fg_receipts,1.0,lines
EVT00112,warehouse,W003,late_fg_receipts,1.0,lines
EVT00112,warehouse,W009,late_fg_receipts,1.0,lines
EVT00112,warehouse,W001,late_fg_receipts,1.0,lines
EVT00113,supplier,SUP0106,late_rate_7d,77.8,pct
EVT00113,supplier,SUP0106,avg_delay_days,9.2,days
EVT00113,supplier,SUP0106,short_or_cancelled_pos,3.0,POs
EVT00114,supplier,SUP0193,late_rate_7d,66.7,pct
EVT00114,supplier,SUP0193,avg_delay_days,10.6,days
EVT00114,supplier,SUP0193,short_or_cancelled_pos,2.0,POs
EVT00115,supplier,SUP0069,late_rate_7d,80.0,pct
EVT00115,supplier,SUP0069,avg_delay_days,9.0,days
EVT00115,supplier,SUP0069,short_or_cancelled_pos,2.0,POs
EVT00116,supplier,SUP0084,late_rate_7d,83.3,pct
EVT00116,supplier,SUP0084,avg_delay_days,8.5,days
EVT00116,supplier,SUP0084,short_or_cancelled_pos,2.0,POs
EVT00117,plant,P04,blocked_production_runs,7.0,runs
EVT00117,raw_material,RM0009,stockout_days,13.0,days
EVT00117,purchase_order_line,POL0045744,receipt_delay_days,14.0,days
EVT00117,purchase_order_line,POL0035214,receipt_delay_days,12.0,days
EVT00117,purchase_order_line,POL0036748,receipt_delay_days,8.0,days
EVT00117,purchase_order_line,POL0025679,receipt_delay_days,9.0,days
EVT00117,purchase_order_line,POL0029112,receipt_delay_days,6.0,days
EVT00117,purchase_order_line,POL0040182,receipt_delay_days,8.0,days
EVT00117,warehouse,W011,late_fg_receipts,2.0,lines
EVT00117,warehouse,W009,late_fg_receipts,2.0,lines
EVT00117,warehouse,W004,late_fg_receipts,1.0,lines
EVT00117,warehouse,W012,late_fg_receipts,1.0,lines
EVT00117,warehouse,W005,late_fg_receipts,1.0,lines
EVT00118,plant,P04,blocked_production_runs,6.0,runs
EVT00118,raw_material,RM0006,stockout_days,7.0,days
EVT00118,purchase_order_line,POL0013911,receipt_delay_days,11.0,days
EVT00118,purchase_order_line,POL0031772,receipt_delay_days,10.0,days
EVT00118,purchase_order_line,POL0014609,receipt_delay_days,7.0,days
EVT00118,purchase_order_line,POL0008070,receipt_delay_days,6.0,days
EVT00118,purchase_order_line,POL0019452,receipt_delay_days,5.0,days
EVT00118,purchase_order_line,POL0039358,receipt_delay_days,14.0,days
EVT00118,warehouse,W005,late_fg_receipts,1.0,lines
EVT00118,warehouse,W008,late_fg_receipts,1.0,lines
EVT00118,warehouse,W007,late_fg_receipts,1.0,lines
EVT00118,warehouse,W001,late_fg_receipts,1.0,lines
EVT00118,warehouse,W011,late_fg_receipts,1.0,lines
EVT00118,warehouse,W002,late_fg_receipts,1.0,lines
EVT00119,purchase_order,RMPO009876,slip_days,10.0,days
EVT00119,plant,P05,projected_shortage_days,2.0,days
EVT00120,plant,P01,blocked_production_runs,2.0,runs
EVT00120,raw_material,RM0049,stockout_days,6.0,days
EVT00120,purchase_order_line,POL0000519,receipt_delay_days,9.0,days
EVT00120,purchase_order_line,POL0010229,receipt_delay_days,6.0,days
EVT00120,warehouse,W006,late_fg_receipts,1.0,lines
EVT00120,warehouse,W004,late_fg_receipts,1.0,lines
EVT00121,plant,P02,blocked_production_runs,12.0,runs
EVT00121,raw_material,RM0013,stockout_days,11.0,days
EVT00121,purchase_order_line,POL0031198,receipt_delay_days,14.0,days
EVT00121,purchase_order_line,POL0006158,receipt_delay_days,8.0,days
EVT00121,purchase_order_line,POL0040000,receipt_delay_days,7.0,days
EVT00121,purchase_order_line,POL0047120,receipt_delay_days,7.0,days
EVT00121,purchase_order_line,POL0038157,receipt_delay_days,13.0,days
EVT00121,purchase_order_line,POL0046437,receipt_delay_days,10.0,days
EVT00121,warehouse,W002,late_fg_receipts,4.0,lines
EVT00121,warehouse,W001,late_fg_receipts,2.0,lines
EVT00121,warehouse,W008,late_fg_receipts,1.0,lines
EVT00121,warehouse,W007,late_fg_receipts,1.0,lines
EVT00121,warehouse,W011,late_fg_receipts,1.0,lines
EVT00121,warehouse,W003,late_fg_receipts,1.0,lines
EVT00121,warehouse,W006,late_fg_receipts,1.0,lines
EVT00121,warehouse,W009,late_fg_receipts,1.0,lines
EVT00122,plant,P01,blocked_production_runs,1.0,runs
EVT00122,raw_material,RM0043,stockout_days,2.0,days
EVT00122,purchase_order_line,POL0001993,receipt_delay_days,3.0,days
EVT00122,plant,P05,blocked_production_runs,2.0,runs
EVT00122,raw_material,RM0043,stockout_days,3.0,days
EVT00122,purchase_order_line,POL0041886,receipt_delay_days,4.0,days
EVT00122,purchase_order_line,POL0027723,receipt_delay_days,10.0,days
EVT00122,warehouse,W002,late_fg_receipts,1.0,lines
EVT00122,warehouse,W005,late_fg_receipts,1.0,lines
EVT00122,warehouse,W010,late_fg_receipts,1.0,lines
EVT00123,plant,P01,blocked_production_runs,1.0,runs
EVT00123,raw_material,RM0063,stockout_days,2.0,days
EVT00123,purchase_order_line,POL0037779,receipt_delay_days,3.0,days
EVT00123,plant,P02,blocked_production_runs,1.0,runs
EVT00123,raw_material,RM0063,stockout_days,6.0,days
EVT00123,purchase_order_line,POL0006552,receipt_delay_days,6.0,days
EVT00123,plant,P04,blocked_production_runs,2.0,runs
EVT00123,raw_material,RM0063,stockout_days,5.0,days
EVT00123,purchase_order_line,POL0006553,receipt_delay_days,6.0,days
EVT00123,purchase_order_line,POL0018635,receipt_delay_days,3.0,days
EVT00123,warehouse,W009,late_fg_receipts,2.0,lines
EVT00123,warehouse,W007,late_fg_receipts,1.0,lines
EVT00123,warehouse,W012,late_fg_receipts,1.0,lines
EVT00124,plant,P04,blocked_production_runs,3.0,runs
EVT00124,raw_material,RM0002,stockout_days,9.0,days
EVT00124,purchase_order_line,POL0003175,receipt_delay_days,11.0,days
EVT00124,purchase_order_line,POL0040335,receipt_delay_days,12.0,days
EVT00124,purchase_order_line,POL0035006,receipt_delay_days,3.0,days
EVT00124,warehouse,W002,late_fg_receipts,1.0,lines
EVT00124,warehouse,W011,late_fg_receipts,1.0,lines
EVT00124,warehouse,W008,late_fg_receipts,1.0,lines
EVT00125,supplier,SUP0118,late_pos,59.0,POs
EVT00125,supplier,SUP0118,avg_slip_days,11.2,days
EVT00126,plant,P02,blocked_production_runs,2.0,runs
EVT00126,raw_material,RM0109,stockout_days,7.0,days
EVT00126,purchase_order_line,POL0024936,receipt_delay_days,7.0,days
EVT00126,purchase_order_line,POL0008283,receipt_delay_days,2.0,days
EVT00126,warehouse,W012,late_fg_receipts,1.0,lines
EVT00126,warehouse,W007,late_fg_receipts,1.0,lines
EVT00127,plant,P04,blocked_production_runs,1.0,runs
EVT00127,raw_material,RM0077,stockout_days,1.0,days
EVT00127,purchase_order_line,POL0006430,receipt_delay_days,2.0,days
EVT00127,plant,P01,blocked_production_runs,3.0,runs
EVT00127,raw_material,RM0077,stockout_days,13.0,days
EVT00127,purchase_order_line,POL0041429,receipt_delay_days,13.0,days
EVT00127,purchase_order_line,POL0040041,receipt_delay_days,14.0,days
EVT00127,purchase_order_line,POL0013608,receipt_delay_days,14.0,days
EVT00127,plant,P03,blocked_production_runs,2.0,runs
EVT00127,raw_material,RM0077,stockout_days,5.0,days
EVT00127,purchase_order_line,POL0050771,receipt_delay_days,5.0,days
EVT00127,purchase_order_line,POL0011179,receipt_delay_days,14.0,days
EVT00127,warehouse,W010,late_fg_receipts,2.0,lines
EVT00127,warehouse,W006,late_fg_receipts,1.0,lines
EVT00127,warehouse,W001,late_fg_receipts,1.0,lines
EVT00127,warehouse,W008,late_fg_receipts,1.0,lines
EVT00127,warehouse,W003,late_fg_receipts,1.0,lines
EVT00128,plant,P01,blocked_production_runs,1.0,runs
EVT00128,raw_material,RM0026,stockout_days,2.0,days
EVT00128,purchase_order_line,POL0018636,receipt_delay_days,3.0,days
EVT00128,plant,P05,blocked_production_runs,2.0,runs
EVT00128,raw_material,RM0026,stockout_days,4.0,days
EVT00128,purchase_order_line,POL0037899,receipt_delay_days,5.0,days
EVT00128,purchase_order_line,POL0034607,receipt_delay_days,10.0,days
EVT00128,warehouse,W012,late_fg_receipts,1.0,lines
EVT00128,warehouse,W011,late_fg_receipts,1.0,lines
EVT00128,warehouse,W003,late_fg_receipts,1.0,lines
EVT00129,plant,P05,blocked_production_runs,7.0,runs
EVT00129,raw_material,RM0007,stockout_days,10.0,days
EVT00129,purchase_order_line,POL0036701,receipt_delay_days,10.0,days
EVT00129,purchase_order_line,POL0036492,receipt_delay_days,11.0,days
EVT00129,purchase_order_line,POL0001691,receipt_delay_days,14.0,days
EVT00129,purchase_order_line,POL0049860,receipt_delay_days,12.0,days
EVT00129,purchase_order_line,POL0007686,receipt_delay_days,4.0,days
EVT00129,purchase_order_line,POL0023453,receipt_delay_days,4.0,days
EVT00129,warehouse,W010,late_fg_receipts,3.0,lines
EVT00129,warehouse,W004,late_fg_receipts,2.0,lines
EVT00129,warehouse,W005,late_fg_receipts,1.0,lines
EVT00129,warehouse,W002,late_fg_receipts,1.0,lines
EVT00130,plant,P04,blocked_production_runs,2.0,runs
EVT00130,raw_material,RM0123,stockout_days,13.0,days
EVT00130,purchase_order_line,POL0045871,receipt_delay_days,14.0,days
EVT00130,purchase_order_line,POL0005237,receipt_delay_days,13.0,days
EVT00130,warehouse,W001,late_fg_receipts,1.0,lines
EVT00130,warehouse,W004,late_fg_receipts,1.0,lines
EVT00131,plant,P01,blocked_production_runs,1.0,runs
EVT00131,raw_material,RM0073,stockout_days,14.0,days
EVT00131,purchase_order_line,POL0033116,receipt_delay_days,14.0,days
EVT00131,plant,P05,blocked_production_runs,2.0,runs
EVT00131,raw_material,RM0073,stockout_days,11.0,days
EVT00131,purchase_order_line,POL0038887,receipt_delay_days,12.0,days
EVT00131,purchase_order_line,POL0053779,receipt_delay_days,3.0,days
EVT00131,plant,P04,blocked_production_runs,1.0,runs
EVT00131,raw_material,RM0073,stockout_days,3.0,days
EVT00131,purchase_order_line,POL0041746,receipt_delay_days,3.0,days
EVT00131,warehouse,W003,late_fg_receipts,1.0,lines
EVT00131,warehouse,W009,late_fg_receipts,1.0,lines
EVT00131,warehouse,W006,late_fg_receipts,1.0,lines
EVT00131,warehouse,W012,late_fg_receipts,1.0,lines
EVT00132,plant,P04,blocked_production_runs,7.0,runs
EVT00132,raw_material,RM0013,stockout_days,8.0,days
EVT00132,purchase_order_line,POL0024683,receipt_delay_days,8.0,days
EVT00132,purchase_order_line,POL0031319,receipt_delay_days,7.0,days
EVT00132,purchase_order_line,POL0007687,receipt_delay_days,4.0,days
EVT00132,purchase_order_line,POL0022726,receipt_delay_days,9.0,days
EVT00132,purchase_order_line,POL0018851,receipt_delay_days,5.0,days
EVT00132,purchase_order_line,POL0033628,receipt_delay_days,2.0,days
EVT00132,warehouse,W006,late_fg_receipts,2.0,lines
EVT00132,warehouse,W002,late_fg_receipts,2.0,lines
EVT00132,warehouse,W008,late_fg_receipts,1.0,lines
EVT00132,warehouse,W010,late_fg_receipts,1.0,lines
EVT00132,warehouse,W012,late_fg_receipts,1.0,lines
EVT00133,plant,P01,blocked_production_runs,1.0,runs
EVT00133,raw_material,RM0034,stockout_days,1.0,days
EVT00133,purchase_order_line,POL0027738,receipt_delay_days,2.0,days
EVT00133,plant,P04,blocked_production_runs,1.0,runs
EVT00133,raw_material,RM0034,stockout_days,10.0,days
EVT00133,purchase_order_line,POL0021148,receipt_delay_days,11.0,days
EVT00133,plant,P02,blocked_production_runs,3.0,runs
EVT00133,raw_material,RM0034,stockout_days,6.0,days
EVT00133,purchase_order_line,POL0021712,receipt_delay_days,12.0,days
EVT00133,purchase_order_line,POL0010867,receipt_delay_days,5.0,days
EVT00133,purchase_order_line,POL0017526,receipt_delay_days,6.0,days
EVT00133,plant,P05,blocked_production_runs,2.0,runs
EVT00133,raw_material,RM0034,stockout_days,12.0,days
EVT00133,purchase_order_line,POL0051937,receipt_delay_days,12.0,days
EVT00133,purchase_order_line,POL0000081,receipt_delay_days,11.0,days
EVT00133,plant,P03,blocked_production_runs,1.0,runs
EVT00133,raw_material,RM0034,stockout_days,7.0,days
EVT00133,purchase_order_line,POL0015071,receipt_delay_days,7.0,days
EVT00133,warehouse,W004,late_fg_receipts,2.0,lines
EVT00133,warehouse,W008,late_fg_receipts,2.0,lines
EVT00133,warehouse,W007,late_fg_receipts,1.0,lines
EVT00133,warehouse,W011,late_fg_receipts,1.0,lines
EVT00133,warehouse,W009,late_fg_receipts,1.0,lines
EVT00133,warehouse,W002,late_fg_receipts,1.0,lines
EVT00134,product,IP01650,unfulfilled_units,56.0,units
EVT00134,product,IP01650,demand_z,3.55,sigma
EVT00135,plant,P04,blocked_production_runs,2.0,runs
EVT00135,raw_material,RM0043,stockout_days,8.0,days
EVT00135,purchase_order_line,POL0022727,receipt_delay_days,9.0,days
EVT00135,purchase_order_line,POL0033989,receipt_delay_days,6.0,days
EVT00135,plant,P03,blocked_production_runs,2.0,runs
EVT00135,raw_material,RM0043,stockout_days,13.0,days
EVT00135,purchase_order_line,POL0023375,receipt_delay_days,14.0,days
EVT00135,purchase_order_line,POL0001582,receipt_delay_days,13.0,days
EVT00135,plant,P02,blocked_production_runs,1.0,runs
EVT00135,raw_material,RM0043,stockout_days,9.0,days
EVT00135,purchase_order_line,POL0030986,receipt_delay_days,9.0,days
EVT00135,warehouse,W006,late_fg_receipts,1.0,lines
EVT00135,warehouse,W004,late_fg_receipts,1.0,lines
EVT00135,warehouse,W003,late_fg_receipts,1.0,lines
EVT00135,warehouse,W009,late_fg_receipts,1.0,lines
EVT00135,warehouse,W007,late_fg_receipts,1.0,lines
EVT00136,country,MX,affected_rm_pos,69.0,POs
EVT00136,supplier,SUP0055,avg_slip_days,7.0,days
EVT00136,supplier,SUP0111,avg_slip_days,11.0,days
EVT00136,supplier,SUP0125,avg_slip_days,8.8,days
EVT00136,supplier,SUP0157,avg_slip_days,11.0,days
EVT00136,supplier,SUP0179,avg_slip_days,11.5,days
EVT00136,supplier,SUP0216,avg_slip_days,6.7,days
EVT00136,supplier,SUP0221,avg_slip_days,7.3,days
EVT00136,supplier,SUP0226,avg_slip_days,6.2,days
EVT00136,supplier,SUP0236,avg_slip_days,6.5,days
EVT00136,supplier,SUP0238,avg_slip_days,12.5,days
EVT00137,plant,P03,blocked_production_runs,13.0,runs
EVT00137,raw_material,RM0011,stockout_days,9.0,days
EVT00137,purchase_order_line,POL0011708,receipt_delay_days,10.0,days
EVT00137,purchase_order_line,POL0029306,receipt_delay_days,13.0,days
EVT00137,purchase_order_line,POL0019601,receipt_delay_days,14.0,days
EVT00137,purchase_order_line,POL0047227,receipt_delay_days,9.0,days
EVT00137,purchase_order_line,POL0052706,receipt_delay_days,13.0,days
EVT00137,purchase_order_line,POL0019605,receipt_delay_days,14.0,days
EVT00137,plant,P02,blocked_production_runs,7.0,runs
EVT00137,raw_material,RM0011,stockout_days,10.0,days
EVT00137,purchase_order_line,POL0033444,receipt_delay_days,14.0,days
EVT00137,purchase_order_line,POL0019439,receipt_delay_days,6.0,days
EVT00137,purchase_order_line,POL0035105,receipt_delay_days,7.0,days
EVT00137,purchase_order_line,POL0000289,receipt_delay_days,5.0,days
EVT00137,purchase_order_line,POL0038881,receipt_delay_days,9.0,days
EVT00137,purchase_order_line,POL0029577,receipt_delay_days,5.0,days
EVT00137,warehouse,W001,late_fg_receipts,4.0,lines
EVT00137,warehouse,W009,late_fg_receipts,4.0,lines
EVT00137,warehouse,W010,late_fg_receipts,3.0,lines
EVT00137,warehouse,W008,late_fg_receipts,3.0,lines
EVT00137,warehouse,W005,late_fg_receipts,2.0,lines
EVT00137,warehouse,W012,late_fg_receipts,1.0,lines
EVT00137,warehouse,W003,late_fg_receipts,1.0,lines
EVT00137,warehouse,W002,late_fg_receipts,1.0,lines
EVT00137,warehouse,W006,late_fg_receipts,1.0,lines
EVT00138,plant,P05,blocked_production_runs,11.0,runs
EVT00138,raw_material,RM0009,stockout_days,10.0,days
EVT00138,purchase_order_line,POL0012934,receipt_delay_days,11.0,days
EVT00138,purchase_order_line,POL0041053,receipt_delay_days,9.0,days
EVT00138,purchase_order_line,POL0050714,receipt_delay_days,11.0,days
EVT00138,purchase_order_line,POL0046689,receipt_delay_days,7.0,days
EVT00138,purchase_order_line,POL0047723,receipt_delay_days,9.0,days
EVT00138,purchase_order_line,POL0042037,receipt_delay_days,5.0,days
EVT00138,warehouse,W001,late_fg_receipts,4.0,lines
EVT00138,warehouse,W009,late_fg_receipts,2.0,lines
EVT00138,warehouse,W002,late_fg_receipts,1.0,lines
EVT00138,warehouse,W010,late_fg_receipts,1.0,lines
EVT00138,warehouse,W011,late_fg_receipts,1.0,lines
EVT00138,warehouse,W003,late_fg_receipts,1.0,lines
EVT00138,warehouse,W008,late_fg_receipts,1.0,lines
EVT00139,plant,P02,blocked_production_runs,1.0,runs
EVT00139,raw_material,RM0073,stockout_days,3.0,days
EVT00139,purchase_order_line,POL0034523,receipt_delay_days,4.0,days
EVT00139,plant,P03,blocked_production_runs,1.0,runs
EVT00139,raw_material,RM0073,stockout_days,5.0,days
EVT00139,purchase_order_line,POL0024832,receipt_delay_days,5.0,days
EVT00139,warehouse,W008,late_fg_receipts,1.0,lines
EVT00139,warehouse,W012,late_fg_receipts,1.0,lines
EVT00140,raw_material,RM0006,price_change_pct,6.6,pct
EVT00140,raw_material,RM0012,price_change_pct,9.9,pct
EVT00140,raw_material,RM0082,price_change_pct,10.6,pct
EVT00140,raw_material,RM0083,price_change_pct,6.1,pct
EVT00140,raw_material,RM0084,price_change_pct,10.6,pct
EVT00140,raw_material,RM0085,price_change_pct,6.5,pct
EVT00140,raw_material,RM0086,price_change_pct,6.1,pct
EVT00140,raw_material,RM0087,price_change_pct,10.2,pct
EVT00141,supplier,SUP0089,rejected_qty,8648.91,m2
EVT00141,supplier,SUP0089,rejected_lots,7.0,lots
EVT00142,plant,P04,blocked_production_runs,1.0,runs
EVT00142,raw_material,RM0026,stockout_days,2.0,days
EVT00142,purchase_order_line,POL0041117,receipt_delay_days,3.0,days
EVT00142,warehouse,W002,late_fg_receipts,1.0,lines
EVT00143,plant,P05,blocked_production_runs,2.0,runs
EVT00143,raw_material,RM0077,stockout_days,10.0,days
EVT00143,purchase_order_line,POL0021404,receipt_delay_days,11.0,days
EVT00143,purchase_order_line,POL0021405,receipt_delay_days,11.0,days
EVT00143,plant,P01,blocked_production_runs,2.0,runs
EVT00143,raw_material,RM0077,stockout_days,8.0,days
EVT00143,purchase_order_line,POL0047831,receipt_delay_days,11.0,days
EVT00143,purchase_order_line,POL0044614,receipt_delay_days,4.0,days
EVT00143,plant,P04,blocked_production_runs,1.0,runs
EVT00143,raw_material,RM0077,stockout_days,5.0,days
EVT00143,purchase_order_line,POL0005831,receipt_delay_days,5.0,days
EVT00143,warehouse,W009,late_fg_receipts,2.0,lines
EVT00143,warehouse,W010,late_fg_receipts,1.0,lines
EVT00143,warehouse,W007,late_fg_receipts,1.0,lines
EVT00143,warehouse,W006,late_fg_receipts,1.0,lines
EVT00144,plant,P03,blocked_production_runs,1.0,runs
EVT00144,raw_material,RM0063,stockout_days,9.0,days
EVT00144,purchase_order_line,POL0030147,receipt_delay_days,10.0,days
EVT00144,plant,P04,blocked_production_runs,2.0,runs
EVT00144,raw_material,RM0063,stockout_days,10.0,days
EVT00144,purchase_order_line,POL0035826,receipt_delay_days,10.0,days
EVT00144,purchase_order_line,POL0041933,receipt_delay_days,8.0,days
EVT00144,warehouse,W011,late_fg_receipts,1.0,lines
EVT00144,warehouse,W007,late_fg_receipts,1.0,lines
EVT00144,warehouse,W002,late_fg_receipts,1.0,lines
EVT00145,plant,P04,blocked_production_runs,2.0,runs
EVT00145,raw_material,RM0110,stockout_days,8.0,days
EVT00145,purchase_order_line,POL0013220,receipt_delay_days,14.0,days
EVT00145,purchase_order_line,POL0031571,receipt_delay_days,6.0,days
EVT00145,warehouse,W004,late_fg_receipts,1.0,lines
EVT00145,warehouse,W012,late_fg_receipts,1.0,lines
EVT00146,plant,P04,blocked_production_runs,6.0,runs
EVT00146,raw_material,RM0006,stockout_days,11.0,days
EVT00146,purchase_order_line,POL0032246,receipt_delay_days,11.0,days
EVT00146,purchase_order_line,POL0030314,receipt_delay_days,12.0,days
EVT00146,purchase_order_line,POL0051784,receipt_delay_days,11.0,days
EVT00146,purchase_order_line,POL0005833,receipt_delay_days,5.0,days
EVT00146,purchase_order_line,POL0009998,receipt_delay_days,6.0,days
EVT00146,purchase_order_line,POL0050037,receipt_delay_days,10.0,days
EVT00146,warehouse,W009,late_fg_receipts,2.0,lines
EVT00146,warehouse,W006,late_fg_receipts,2.0,lines
EVT00146,warehouse,W010,late_fg_receipts,1.0,lines
EVT00146,warehouse,W003,late_fg_receipts,1.0,lines
EVT00147,plant,P05,blocked_production_runs,1.0,runs
EVT00147,raw_material,RM0043,stockout_days,12.0,days
EVT00147,purchase_order_line,POL0031465,receipt_delay_days,12.0,days
EVT00147,plant,P02,blocked_production_runs,2.0,runs
EVT00147,raw_material,RM0043,stockout_days,7.0,days
EVT00147,purchase_order_line,POL0022952,receipt_delay_days,8.0,days
EVT00147,purchase_order_line,POL0046692,receipt_delay_days,7.0,days
EVT00147,warehouse,W007,late_fg_receipts,2.0,lines
EVT00147,warehouse,W011,late_fg_receipts,1.0,lines
EVT00148,plant,P02,blocked_production_runs,5.0,runs
EVT00148,raw_material,RM0083,stockout_days,12.0,days
EVT00148,purchase_order_line,POL0012592,receipt_delay_days,12.0,days
EVT00148,purchase_order_line,POL0037858,receipt_delay_days,13.0,days
EVT00148,purchase_order_line,POL0013952,receipt_delay_days,9.0,days
EVT00148,purchase_order_line,POL0015988,receipt_delay_days,5.0,days
EVT00148,purchase_order_line,POL0050977,receipt_delay_days,11.0,days
EVT00148,warehouse,W003,late_fg_receipts,1.0,lines
EVT00148,warehouse,W010,late_fg_receipts,1.0,lines
EVT00148,warehouse,W012,late_fg_receipts,1.0,lines
EVT00148,warehouse,W004,late_fg_receipts,1.0,lines
EVT00148,warehouse,W006,late_fg_receipts,1.0,lines
EVT00149,plant,P03,blocked_production_runs,6.0,runs
EVT00149,raw_material,RM0082,stockout_days,10.0,days
EVT00149,purchase_order_line,POL0004976,receipt_delay_days,13.0,days
EVT00149,purchase_order_line,POL0014284,receipt_delay_days,12.0,days
EVT00149,purchase_order_line,POL0037162,receipt_delay_days,10.0,days
EVT00149,purchase_order_line,POL0040502,receipt_delay_days,8.0,days
EVT00149,purchase_order_line,POL0015912,receipt_delay_days,9.0,days
EVT00149,purchase_order_line,POL0012796,receipt_delay_days,4.0,days
EVT00149,warehouse,W009,late_fg_receipts,1.0,lines
EVT00149,warehouse,W003,late_fg_receipts,1.0,lines
EVT00149,warehouse,W006,late_fg_receipts,1.0,lines
EVT00149,warehouse,W004,late_fg_receipts,1.0,lines
EVT00149,warehouse,W002,late_fg_receipts,1.0,lines
EVT00149,warehouse,W005,late_fg_receipts,1.0,lines
EVT00150,country,CA,affected_rm_pos,64.0,POs
EVT00150,supplier,SUP0011,avg_slip_days,5.8,days
EVT00150,supplier,SUP0025,avg_slip_days,8.8,days
EVT00150,supplier,SUP0028,avg_slip_days,9.7,days
EVT00150,supplier,SUP0062,avg_slip_days,9.0,days
EVT00150,supplier,SUP0081,avg_slip_days,7.3,days
EVT00150,supplier,SUP0109,avg_slip_days,8.3,days
EVT00150,supplier,SUP0122,avg_slip_days,5.2,days
EVT00150,supplier,SUP0123,avg_slip_days,7.8,days
EVT00150,supplier,SUP0129,avg_slip_days,16.6,days
EVT00150,supplier,SUP0151,avg_slip_days,6.9,days
EVT00150,supplier,SUP0181,avg_slip_days,8.4,days
EVT00150,supplier,SUP0206,avg_slip_days,9.0,days
EVT00150,supplier,SUP0215,avg_slip_days,7.0,days
EVT00150,supplier,SUP0220,avg_slip_days,8.0,days
EVT00150,supplier,SUP0229,avg_slip_days,6.0,days
EVT00150,supplier,SUP0248,avg_slip_days,8.0,days
EVT00151,plant,P01,blocked_production_runs,5.0,runs
EVT00151,raw_material,RM0007,stockout_days,8.0,days
EVT00151,purchase_order_line,POL0029090,receipt_delay_days,11.0,days
EVT00151,purchase_order_line,POL0010656,receipt_delay_days,8.0,days
EVT00151,purchase_order_line,POL0013011,receipt_delay_days,11.0,days
EVT00151,purchase_order_line,POL0014778,receipt_delay_days,9.0,days
EVT00151,purchase_order_line,POL0016744,receipt_delay_days,13.0,days
EVT00151,plant,P02,blocked_production_runs,7.0,runs
EVT00151,raw_material,RM0007,stockout_days,11.0,days
EVT00151,purchase_order_line,POL0019387,receipt_delay_days,13.0,days
EVT00151,purchase_order_line,POL0040683,receipt_delay_days,11.0,days
EVT00151,purchase_order_line,POL0021570,receipt_delay_days,8.0,days
EVT00151,purchase_order_line,POL0027146,receipt_delay_days,13.0,days
EVT00151,purchase_order_line,POL0045198,receipt_delay_days,7.0,days
EVT00151,purchase_order_line,POL0018606,receipt_delay_days,12.0,days
EVT00151,warehouse,W007,late_fg_receipts,3.0,lines
EVT00151,warehouse,W004,late_fg_receipts,3.0,lines
EVT00151,warehouse,W010,late_fg_receipts,3.0,lines
EVT00151,warehouse,W002,late_fg_receipts,2.0,lines
EVT00151,warehouse,W001,late_fg_receipts,1.0,lines
EVT00152,plant,P02,blocked_production_runs,15.0,runs
EVT00152,raw_material,RM0003,stockout_days,8.0,days
EVT00152,purchase_order_line,POL0037532,receipt_delay_days,8.0,days
EVT00152,purchase_order_line,POL0009715,receipt_delay_days,7.0,days
EVT00152,purchase_order_line,POL0022739,receipt_delay_days,12.0,days
EVT00152,purchase_order_line,POL0016804,receipt_delay_days,14.0,days
EVT00152,purchase_order_line,POL0020451,receipt_delay_days,6.0,days
EVT00152,purchase_order_line,POL0043930,receipt_delay_days,7.0,days
EVT00152,plant,P01,blocked_production_runs,4.0,runs
EVT00152,raw_material,RM0003,stockout_days,10.0,days
EVT00152,purchase_order_line,POL0033194,receipt_delay_days,11.0,days
EVT00152,purchase_order_line,POL0008717,receipt_delay_days,10.0,days
EVT00152,purchase_order_line,POL0008718,receipt_delay_days,10.0,days
EVT00152,purchase_order_line,POL0044891,receipt_delay_days,5.0,days
EVT00152,warehouse,W007,late_fg_receipts,5.0,lines
EVT00152,warehouse,W001,late_fg_receipts,3.0,lines
EVT00152,warehouse,W011,late_fg_receipts,3.0,lines
EVT00152,warehouse,W004,late_fg_receipts,3.0,lines
EVT00152,warehouse,W009,late_fg_receipts,1.0,lines
EVT00152,warehouse,W012,late_fg_receipts,1.0,lines
EVT00152,warehouse,W005,late_fg_receipts,1.0,lines
EVT00152,warehouse,W002,late_fg_receipts,1.0,lines
EVT00152,warehouse,W006,late_fg_receipts,1.0,lines
EVT00153,product,IP02223,bom_lines_changed,1.0,lines
EVT00154,plant,P04,blocked_production_runs,2.0,runs
EVT00154,raw_material,RM0043,stockout_days,3.0,days
EVT00154,purchase_order_line,POL0048841,receipt_delay_days,6.0,days
EVT00154,purchase_order_line,POL0001326,receipt_delay_days,3.0,days
EVT00154,plant,P01,blocked_production_runs,2.0,runs
EVT00154,raw_material,RM0043,stockout_days,5.0,days
EVT00154,purchase_order_line,POL0022123,receipt_delay_days,5.0,days
EVT00154,purchase_order_line,POL0005038,receipt_delay_days,5.0,days
EVT00154,plant,P03,blocked_production_runs,1.0,runs
EVT00154,raw_material,RM0043,stockout_days,4.0,days
EVT00154,purchase_order_line,POL0005039,receipt_delay_days,5.0,days
EVT00154,plant,P05,blocked_production_runs,1.0,runs
EVT00154,raw_material,RM0043,stockout_days,5.0,days
EVT00154,purchase_order_line,POL0014125,receipt_delay_days,6.0,days
EVT00154,warehouse,W003,late_fg_receipts,2.0,lines
EVT00154,warehouse,W005,late_fg_receipts,2.0,lines
EVT00154,warehouse,W002,late_fg_receipts,1.0,lines
EVT00154,warehouse,W010,late_fg_receipts,1.0,lines
EVT00155,plant,P01,blocked_production_runs,6.0,runs
EVT00155,raw_material,RM0013,stockout_days,9.0,days
EVT00155,purchase_order_line,POL0013478,receipt_delay_days,13.0,days
EVT00155,purchase_order_line,POL0053250,receipt_delay_days,7.0,days
EVT00155,purchase_order_line,POL0035367,receipt_delay_days,8.0,days
EVT00155,purchase_order_line,POL0012878,receipt_delay_days,12.0,days
EVT00155,purchase_order_line,POL0020930,receipt_delay_days,3.0,days
EVT00155,purchase_order_line,POL0050543,receipt_delay_days,12.0,days
EVT00155,warehouse,W001,late_fg_receipts,2.0,lines
EVT00155,warehouse,W009,late_fg_receipts,2.0,lines
EVT00155,warehouse,W002,late_fg_receipts,1.0,lines
EVT00155,warehouse,W010,late_fg_receipts,1.0,lines
EVT00156,plant,P05,blocked_production_runs,5.0,runs
EVT00156,raw_material,RM0001,stockout_days,11.0,days
EVT00156,purchase_order_line,POL0015247,receipt_delay_days,12.0,days
EVT00156,purchase_order_line,POL0022098,receipt_delay_days,14.0,days
EVT00156,purchase_order_line,POL0012006,receipt_delay_days,14.0,days
EVT00156,purchase_order_line,POL0053125,receipt_delay_days,8.0,days
EVT00156,purchase_order_line,POL0023919,receipt_delay_days,6.0,days
EVT00156,plant,P04,blocked_production_runs,8.0,runs
EVT00156,raw_material,RM0001,stockout_days,11.0,days
EVT00156,purchase_order_line,POL0012877,receipt_delay_days,12.0,days
EVT00156,purchase_order_line,POL0013812,receipt_delay_days,9.0,days
EVT00156,purchase_order_line,POL0013814,receipt_delay_days,9.0,days
EVT00156,purchase_order_line,POL0031605,receipt_delay_days,11.0,days
EVT00156,purchase_order_line,POL0031607,receipt_delay_days,11.0,days
EVT00156,purchase_order_line,POL0037671,receipt_delay_days,14.0,days
EVT00156,plant,P02,blocked_production_runs,11.0,runs
EVT00156,raw_material,RM0001,stockout_days,9.0,days
EVT00156,purchase_order_line,POL0005941,receipt_delay_days,9.0,days
EVT00156,purchase_order_line,POL0028045,receipt_delay_days,11.0,days
EVT00156,purchase_order_line,POL0014667,receipt_delay_days,7.0,days
EVT00156,purchase_order_line,POL0014668,receipt_delay_days,7.0,days
EVT00156,purchase_order_line,POL0000331,receipt_delay_days,9.0,days
EVT00156,purchase_order_line,POL0012005,receipt_delay_days,14.0,days
EVT00156,plant,P01,blocked_production_runs,10.0,runs
EVT00156,raw_material,RM0001,stockout_days,11.0,days
EVT00156,purchase_order_line,POL0038292,receipt_delay_days,13.0,days
EVT00156,purchase_order_line,POL0005313,receipt_delay_days,11.0,days
EVT00156,purchase_order_line,POL0041776,receipt_delay_days,11.0,days
EVT00156,purchase_order_line,POL0026915,receipt_delay_days,8.0,days
EVT00156,purchase_order_line,POL0027629,receipt_delay_days,11.0,days
EVT00156,purchase_order_line,POL0040964,receipt_delay_days,11.0,days
EVT00156,plant,P03,blocked_production_runs,13.0,runs
EVT00156,raw_material,RM0001,stockout_days,10.0,days
EVT00156,purchase_order_line,POL0012899,receipt_delay_days,14.0,days
EVT00156,purchase_order_line,POL0027336,receipt_delay_days,11.0,days
EVT00156,purchase_order_line,POL0015563,receipt_delay_days,9.0,days
EVT00156,purchase_order_line,POL0052953,receipt_delay_days,12.0,days
EVT00156,purchase_order_line,POL0013564,receipt_delay_days,9.0,days
EVT00156,purchase_order_line,POL0014276,receipt_delay_days,13.0,days
EVT00156,warehouse,W011,late_fg_receipts,6.0,lines
EVT00156,warehouse,W010,late_fg_receipts,6.0,lines
EVT00156,warehouse,W002,late_fg_receipts,6.0,lines
EVT00156,warehouse,W007,late_fg_receipts,5.0,lines
EVT00156,warehouse,W001,late_fg_receipts,5.0,lines
EVT00156,warehouse,W003,late_fg_receipts,5.0,lines
EVT00156,warehouse,W004,late_fg_receipts,4.0,lines
EVT00156,warehouse,W008,late_fg_receipts,4.0,lines
EVT00156,warehouse,W012,late_fg_receipts,2.0,lines
EVT00156,warehouse,W006,late_fg_receipts,2.0,lines
EVT00156,warehouse,W005,late_fg_receipts,1.0,lines
EVT00156,warehouse,W009,late_fg_receipts,1.0,lines
EVT00157,country,DE,affected_rm_pos,158.0,POs
EVT00157,supplier,SUP0005,avg_slip_days,9.7,days
EVT00157,supplier,SUP0013,avg_slip_days,10.3,days
EVT00157,supplier,SUP0039,avg_slip_days,9.6,days
EVT00157,supplier,SUP0051,avg_slip_days,11.8,days
EVT00157,supplier,SUP0054,avg_slip_days,10.3,days
EVT00157,supplier,SUP0065,avg_slip_days,11.2,days
EVT00157,supplier,SUP0103,avg_slip_days,8.5,days
EVT00157,supplier,SUP0134,avg_slip_days,10.2,days
EVT00157,supplier,SUP0175,avg_slip_days,10.2,days
EVT00157,supplier,SUP0182,avg_slip_days,6.5,days
EVT00157,supplier,SUP0191,avg_slip_days,8.6,days
EVT00157,supplier,SUP0201,avg_slip_days,7.2,days
EVT00157,supplier,SUP0208,avg_slip_days,18.0,days
EVT00157,supplier,SUP0214,avg_slip_days,9.6,days
EVT00157,supplier,SUP0217,avg_slip_days,9.4,days
EVT00158,plant,P04,blocked_production_runs,1.0,runs
EVT00158,raw_material,RM0081,stockout_days,12.0,days
EVT00158,purchase_order_line,POL0012876,receipt_delay_days,12.0,days
EVT00158,plant,P03,blocked_production_runs,2.0,runs
EVT00158,raw_material,RM0081,stockout_days,5.0,days
EVT00158,purchase_order_line,POL0008757,receipt_delay_days,6.0,days
EVT00158,purchase_order_line,POL0040550,receipt_delay_days,9.0,days
EVT00158,warehouse,W001,late_fg_receipts,1.0,lines
EVT00158,warehouse,W003,late_fg_receipts,1.0,lines
EVT00158,warehouse,W008,late_fg_receipts,1.0,lines
EVT00159,plant,P04,blocked_production_runs,1.0,runs
EVT00159,raw_material,RM0039,stockout_days,2.0,days
EVT00159,purchase_order_line,POL0048458,receipt_delay_days,3.0,days
EVT00159,plant,P01,blocked_production_runs,2.0,runs
EVT00159,raw_material,RM0039,stockout_days,13.0,days
EVT00159,purchase_order_line,POL0036669,receipt_delay_days,14.0,days
EVT00159,purchase_order_line,POL0000893,receipt_delay_days,9.0,days
EVT00159,plant,P02,blocked_production_runs,2.0,runs
EVT00159,raw_material,RM0039,stockout_days,3.0,days
EVT00159,purchase_order_line,POL0044890,receipt_delay_days,5.0,days
EVT00159,purchase_order_line,POL0035479,receipt_delay_days,2.0,days
EVT00159,plant,P03,blocked_production_runs,2.0,runs
EVT00159,raw_material,RM0039,stockout_days,12.0,days
EVT00159,purchase_order_line,POL0044583,receipt_delay_days,13.0,days
EVT00159,purchase_order_line,POL0025544,receipt_delay_days,12.0,days
EVT00159,plant,P05,blocked_production_runs,1.0,runs
EVT00159,raw_material,RM0039,stockout_days,4.0,days
EVT00159,purchase_order_line,POL0034554,receipt_delay_days,4.0,days
EVT00159,warehouse,W006,late_fg_receipts,2.0,lines
EVT00159,warehouse,W004,late_fg_receipts,2.0,lines
EVT00159,warehouse,W002,late_fg_receipts,1.0,lines
EVT00159,warehouse,W001,late_fg_receipts,1.0,lines
EVT00159,warehouse,W007,late_fg_receipts,1.0,lines
EVT00159,warehouse,W008,late_fg_receipts,1.0,lines
EVT00160,plant,P03,blocked_production_runs,3.0,runs
EVT00160,raw_material,RM0049,stockout_days,8.0,days
EVT00160,purchase_order_line,POL0005942,receipt_delay_days,9.0,days
EVT00160,purchase_order_line,POL0007313,receipt_delay_days,10.0,days
EVT00160,purchase_order_line,POL0048648,receipt_delay_days,4.0,days
EVT00160,plant,P01,blocked_production_runs,1.0,runs
EVT00160,raw_material,RM0049,stockout_days,9.0,days
EVT00160,purchase_order_line,POL0000894,receipt_delay_days,9.0,days
EVT00160,plant,P02,blocked_production_runs,1.0,runs
EVT00160,raw_material,RM0049,stockout_days,5.0,days
EVT00160,purchase_order_line,POL0047691,receipt_delay_days,6.0,days
EVT00160,plant,P05,blocked_production_runs,2.0,runs
EVT00160,raw_material,RM0049,stockout_days,9.0,days
EVT00160,purchase_order_line,POL0002377,receipt_delay_days,10.0,days
EVT00160,purchase_order_line,POL0024556,receipt_delay_days,13.0,days
EVT00160,warehouse,W008,late_fg_receipts,2.0,lines
EVT00160,warehouse,W005,late_fg_receipts,1.0,lines
EVT00160,warehouse,W002,late_fg_receipts,1.0,lines
EVT00160,warehouse,W004,late_fg_receipts,1.0,lines
EVT00160,warehouse,W006,late_fg_receipts,1.0,lines
EVT00160,warehouse,W003,late_fg_receipts,1.0,lines
EVT00161,purchase_order,RMPO012885,slip_days,23.0,days
EVT00161,plant,P03,projected_shortage_days,11.0,days
EVT00162,plant,P03,blocked_production_runs,16.0,runs
EVT00162,raw_material,RM0011,stockout_days,9.0,days
EVT00162,purchase_order_line,POL0025403,receipt_delay_days,12.0,days
EVT00162,purchase_order_line,POL0011987,receipt_delay_days,14.0,days
EVT00162,purchase_order_line,POL0014490,receipt_delay_days,7.0,days
EVT00162,purchase_order_line,POL0035364,receipt_delay_days,8.0,days
EVT00162,purchase_order_line,POL0043113,receipt_delay_days,10.0,days
EVT00162,purchase_order_line,POL0047951,receipt_delay_days,6.0,days
EVT00162,warehouse,W007,late_fg_receipts,3.0,lines
EVT00162,warehouse,W003,late_fg_receipts,3.0,lines
EVT00162,warehouse,W008,late_fg_receipts,2.0,lines
EVT00162,warehouse,W002,late_fg_receipts,2.0,lines
EVT00162,warehouse,W006,late_fg_receipts,2.0,lines
EVT00162,warehouse,W009,late_fg_receipts,2.0,lines
EVT00162,warehouse,W010,late_fg_receipts,2.0,lines
EVT00163,plant,P02,blocked_production_runs,2.0,runs
EVT00163,raw_material,RM0121,stockout_days,5.0,days
EVT00163,purchase_order_line,POL0036958,receipt_delay_days,10.0,days
EVT00163,purchase_order_line,POL0039000,receipt_delay_days,4.0,days
EVT00163,warehouse,W009,late_fg_receipts,1.0,lines
EVT00163,warehouse,W003,late_fg_receipts,1.0,lines
EVT00164,plant,P01,blocked_production_runs,2.0,runs
EVT00164,raw_material,RM0020,stockout_days,10.0,days
EVT00164,purchase_order_line,POL0030967,receipt_delay_days,14.0,days
EVT00164,purchase_order_line,POL0026926,receipt_delay_days,7.0,days
EVT00164,plant,P05,blocked_production_runs,1.0,runs
EVT00164,raw_material,RM0020,stockout_days,7.0,days
EVT00164,purchase_order_line,POL0045195,receipt_delay_days,7.0,days
EVT00164,plant,P02,blocked_production_runs,1.0,runs
EVT00164,raw_material,RM0020,stockout_days,11.0,days
EVT00164,purchase_order_line,POL0020332,receipt_delay_days,11.0,days
EVT00164,plant,P04,blocked_production_runs,1.0,runs
EVT00164,raw_material,RM0020,stockout_days,3.0,days
EVT00164,purchase_order_line,POL0032512,receipt_delay_days,3.0,days
EVT00164,warehouse,W007,late_fg_receipts,1.0,lines
EVT00164,warehouse,W003,late_fg_receipts,1.0,lines
EVT00164,warehouse,W010,late_fg_receipts,1.0,lines
EVT00164,warehouse,W008,late_fg_receipts,1.0,lines
EVT00164,warehouse,W009,late_fg_receipts,1.0,lines
EVT00165,plant,P01,blocked_production_runs,1.0,runs
EVT00165,raw_material,RM0121,stockout_days,8.0,days
EVT00165,purchase_order_line,POL0000467,receipt_delay_days,8.0,days
EVT00165,warehouse,W006,late_fg_receipts,1.0,lines
EVT00166,plant,P03,blocked_production_runs,1.0,runs
EVT00166,raw_material,RM0114,stockout_days,13.0,days
EVT00166,purchase_order_line,POL0017814,receipt_delay_days,14.0,days
EVT00166,plant,P01,blocked_production_runs,1.0,runs
EVT00166,raw_material,RM0114,stockout_days,9.0,days
EVT00166,purchase_order_line,POL0004351,receipt_delay_days,10.0,days
EVT00166,warehouse,W002,late_fg_receipts,1.0,lines
EVT00166,warehouse,W004,late_fg_receipts,1.0,lines
EVT00167,plant,P04,blocked_production_runs,5.0,runs
EVT00167,raw_material,RM0011,stockout_days,4.0,days
EVT00167,purchase_order_line,POL0052423,receipt_delay_days,4.0,days
EVT00167,purchase_order_line,POL0023119,receipt_delay_days,4.0,days
EVT00167,purchase_order_line,POL0023120,receipt_delay_days,4.0,days
EVT00167,purchase_order_line,POL0012008,receipt_delay_days,14.0,days
EVT00167,purchase_order_line,POL0043083,receipt_delay_days,6.0,days
EVT00167,plant,P05,blocked_production_runs,7.0,runs
EVT00167,raw_material,RM0011,stockout_days,11.0,days
EVT00167,purchase_order_line,POL0008759,receipt_delay_days,12.0,days
EVT00167,purchase_order_line,POL0031606,receipt_delay_days,11.0,days
EVT00167,purchase_order_line,POL0018972,receipt_delay_days,14.0,days
EVT00167,purchase_order_line,POL0035032,receipt_delay_days,7.0,days
EVT00167,purchase_order_line,POL0018968,receipt_delay_days,14.0,days
EVT00167,purchase_order_line,POL0012251,receipt_delay_days,8.0,days
EVT00167,plant,P02,blocked_production_runs,12.0,runs
EVT00167,raw_material,RM0011,stockout_days,8.0,days
EVT00167,purchase_order_line,POL0007309,receipt_delay_days,10.0,days
EVT00167,purchase_order_line,POL0012477,receipt_delay_days,8.0,days
EVT00167,purchase_order_line,POL0012488,receipt_delay_days,14.0,days
EVT00167,purchase_order_line,POL0028547,receipt_delay_days,12.0,days
EVT00167,purchase_order_line,POL0044019,receipt_delay_days,13.0,days
EVT00167,purchase_order_line,POL0008816,receipt_delay_days,9.0,days
EVT00167,warehouse,W005,late_fg_receipts,5.0,lines
EVT00167,warehouse,W002,late_fg_receipts,5.0,lines
EVT00167,warehouse,W012,late_fg_receipts,4.0,lines
EVT00167,warehouse,W007,late_fg_receipts,2.0,lines
EVT00167,warehouse,W004,late_fg_receipts,2.0,lines
EVT00167,warehouse,W001,late_fg_receipts,2.0,lines
EVT00167,warehouse,W011,late_fg_receipts,2.0,lines
EVT00167,warehouse,W006,late_fg_receipts,1.0,lines
EVT00167,warehouse,W010,late_fg_receipts,1.0,lines
EVT00168,plant,P03,blocked_production_runs,1.0,runs
EVT00168,raw_material,RM0127,stockout_days,13.0,days
EVT00168,purchase_order_line,POL0036667,receipt_delay_days,14.0,days
EVT00168,plant,P02,blocked_production_runs,1.0,runs
EVT00168,raw_material,RM0127,stockout_days,2.0,days
EVT00168,purchase_order_line,POL0044735,receipt_delay_days,2.0,days
EVT00168,plant,P05,blocked_production_runs,1.0,runs
EVT00168,raw_material,RM0127,stockout_days,12.0,days
EVT00168,purchase_order_line,POL0052317,receipt_delay_days,12.0,days
EVT00168,warehouse,W002,late_fg_receipts,1.0,lines
EVT00168,warehouse,W003,late_fg_receipts,1.0,lines
EVT00168,warehouse,W006,late_fg_receipts,1.0,lines
EVT00169,purchase_order,RMPO014068,slip_days,-1.0,days
EVT00169,plant,P05,projected_shortage_days,9.0,days
EVT00170,plant,P02,blocked_production_runs,1.0,runs
EVT00170,raw_material,RM0080,stockout_days,10.0,days
EVT00170,purchase_order_line,POL0028044,receipt_delay_days,11.0,days
EVT00170,warehouse,W008,late_fg_receipts,1.0,lines
EVT00171,plant,P03,blocked_production_runs,1.0,runs
EVT00171,raw_material,RM0062,stockout_days,6.0,days
EVT00171,purchase_order_line,POL0026928,receipt_delay_days,7.0,days
EVT00171,plant,P04,blocked_production_runs,1.0,runs
EVT00171,raw_material,RM0062,stockout_days,6.0,days
EVT00171,purchase_order_line,POL0030780,receipt_delay_days,6.0,days
EVT00171,plant,P05,blocked_production_runs,1.0,runs
EVT00171,raw_material,RM0062,stockout_days,7.0,days
EVT00171,purchase_order_line,POL0000593,receipt_delay_days,8.0,days
EVT00171,warehouse,W003,late_fg_receipts,1.0,lines
EVT00171,warehouse,W006,late_fg_receipts,1.0,lines
EVT00171,warehouse,W011,late_fg_receipts,1.0,lines
EVT00172,plant,P05,blocked_production_runs,1.0,runs
EVT00172,raw_material,RM0109,stockout_days,4.0,days
EVT00172,purchase_order_line,POL0049133,receipt_delay_days,5.0,days
EVT00172,warehouse,W010,late_fg_receipts,1.0,lines
EVT00173,purchase_order,RMPO013976,slip_days,-1.0,days
EVT00173,plant,P02,projected_shortage_days,10.0,days
EVT00174,plant,P02,blocked_production_runs,2.0,runs
EVT00174,raw_material,RM0014,stockout_days,12.0,days
EVT00174,purchase_order_line,POL0027144,receipt_delay_days,13.0,days
EVT00174,purchase_order_line,POL0023659,receipt_delay_days,8.0,days
EVT00174,plant,P04,blocked_production_runs,2.0,runs
EVT00174,raw_material,RM0014,stockout_days,4.0,days
EVT00174,purchase_order_line,POL0012007,receipt_delay_days,14.0,days
EVT00174,purchase_order_line,POL0026751,receipt_delay_days,4.0,days
EVT00174,plant,P05,blocked_production_runs,2.0,runs
EVT00174,raw_material,RM0014,stockout_days,8.0,days
EVT00174,purchase_order_line,POL0020078,receipt_delay_days,9.0,days
EVT00174,purchase_order_line,POL0040632,receipt_delay_days,6.0,days
EVT00174,plant,P03,blocked_production_runs,8.0,runs
EVT00174,raw_material,RM0014,stockout_days,13.0,days
EVT00174,purchase_order_line,POL0040199,receipt_delay_days,14.0,days
EVT00174,purchase_order_line,POL0024554,receipt_delay_days,13.0,days
EVT00174,purchase_order_line,POL0047184,receipt_delay_days,8.0,days
EVT00174,purchase_order_line,POL0050442,receipt_delay_days,11.0,days
EVT00174,purchase_order_line,POL0050443,receipt_delay_days,11.0,days
EVT00174,purchase_order_line,POL0012346,receipt_delay_days,6.0,days
EVT00174,warehouse,W002,late_fg_receipts,5.0,lines
EVT00174,warehouse,W005,late_fg_receipts,3.0,lines
EVT00174,warehouse,W012,late_fg_receipts,2.0,lines
EVT00174,warehouse,W007,late_fg_receipts,1.0,lines
EVT00174,warehouse,W008,late_fg_receipts,1.0,lines
EVT00174,warehouse,W003,late_fg_receipts,1.0,lines
EVT00174,warehouse,W010,late_fg_receipts,1.0,lines
EVT00175,plant,P01,blocked_production_runs,3.0,runs
EVT00175,raw_material,RM0112,stockout_days,5.0,days
EVT00175,purchase_order_line,POL0018582,receipt_delay_days,12.0,days
EVT00175,purchase_order_line,POL0029970,receipt_delay_days,6.0,days
EVT00175,purchase_order_line,POL0042852,receipt_delay_days,8.0,days
EVT00175,plant,P04,blocked_production_runs,4.0,runs
EVT00175,raw_material,RM0112,stockout_days,11.0,days
EVT00175,purchase_order_line,POL0041777,receipt_delay_days,11.0,days
EVT00175,purchase_order_line,POL0022240,receipt_delay_days,10.0,days
EVT00175,purchase_order_line,POL0000142,receipt_delay_days,12.0,days
EVT00175,purchase_order_line,POL0019126,receipt_delay_days,11.0,days
EVT00175,plant,P02,blocked_production_runs,4.0,runs
EVT00175,raw_material,RM0112,stockout_days,10.0,days
EVT00175,purchase_order_line,POL0040967,receipt_delay_days,14.0,days
EVT00175,purchase_order_line,POL0029742,receipt_delay_days,6.0,days
EVT00175,purchase_order_line,POL0029744,receipt_delay_days,6.0,days
EVT00175,purchase_order_line,POL0023023,receipt_delay_days,5.0,days
EVT00175,warehouse,W004,late_fg_receipts,4.0,lines
EVT00175,warehouse,W008,late_fg_receipts,2.0,lines
EVT00175,warehouse,W010,late_fg_receipts,1.0,lines
EVT00175,warehouse,W009,late_fg_receipts,1.0,lines
EVT00175,warehouse,W006,late_fg_receipts,1.0,lines
EVT00175,warehouse,W005,late_fg_receipts,1.0,lines
EVT00175,warehouse,W007,late_fg_receipts,1.0,lines
EVT00176,purchase_order,RMPO014420,slip_days,10.0,days
EVT00176,plant,P05,projected_shortage_days,8.0,days
EVT00177,plant,P03,blocked_production_runs,1.0,runs
EVT00177,raw_material,RM0107,stockout_days,11.0,days
EVT00177,purchase_order_line,POL0013277,receipt_delay_days,11.0,days
EVT00177,plant,P05,blocked_production_runs,1.0,runs
EVT00177,raw_material,RM0107,stockout_days,12.0,days
EVT00177,purchase_order_line,POL0008761,receipt_delay_days,12.0,days
EVT00177,plant,P02,blocked_production_runs,1.0,runs
EVT00177,raw_material,RM0107,stockout_days,5.0,days
EVT00177,purchase_order_line,POL0024761,receipt_delay_days,6.0,days
EVT00177,warehouse,W004,late_fg_receipts,1.0,lines
EVT00177,warehouse,W006,late_fg_receipts,1.0,lines
EVT00177,warehouse,W002,late_fg_receipts,1.0,lines
EVT00178,plant,P02,blocked_production_runs,1.0,runs
EVT00178,raw_material,RM0052,stockout_days,3.0,days
EVT00178,purchase_order_line,POL0048411,receipt_delay_days,3.0,days
EVT00178,plant,P01,blocked_production_runs,2.0,runs
EVT00178,raw_material,RM0052,stockout_days,4.0,days
EVT00178,purchase_order_line,POL0050002,receipt_delay_days,13.0,days
EVT00178,purchase_order_line,POL0048408,receipt_delay_days,3.0,days
EVT00178,plant,P03,blocked_production_runs,1.0,runs
EVT00178,raw_material,RM0052,stockout_days,8.0,days
EVT00178,purchase_order_line,POL0000741,receipt_delay_days,8.0,days
EVT00178,warehouse,W011,late_fg_receipts,2.0,lines
EVT00178,warehouse,W008,late_fg_receipts,1.0,lines
EVT00178,warehouse,W004,late_fg_receipts,1.0,lines
EVT00179,plant,P05,blocked_production_runs,1.0,runs
EVT00179,raw_material,RM0117,stockout_days,6.0,days
EVT00179,purchase_order_line,POL0014126,receipt_delay_days,6.0,days
EVT00179,warehouse,W003,late_fg_receipts,1.0,lines
EVT00180,plant,P01,blocked_production_runs,2.0,runs
EVT00180,raw_material,RM0129,stockout_days,11.0,days
EVT00180,purchase_order_line,POL0008760,receipt_delay_days,12.0,days
EVT00180,purchase_order_line,POL0041551,receipt_delay_days,7.0,days
EVT00180,plant,P02,blocked_production_runs,1.0,runs
EVT00180,raw_material,RM0129,stockout_days,10.0,days
EVT00180,purchase_order_line,POL0026358,receipt_delay_days,11.0,days
EVT00180,warehouse,W006,late_fg_receipts,1.0,lines
EVT00180,warehouse,W009,late_fg_receipts,1.0,lines
EVT00180,warehouse,W003,late_fg_receipts,1.0,lines
EVT00181,purchase_order,RMPO014607,slip_days,6.0,days
EVT00181,plant,P05,projected_shortage_days,2.0,days
EVT00182,plant,P02,blocked_production_runs,9.0,runs
EVT00182,raw_material,RM0010,stockout_days,9.0,days
EVT00182,purchase_order_line,POL0000801,receipt_delay_days,10.0,days
EVT00182,purchase_order_line,POL0020648,receipt_delay_days,13.0,days
EVT00182,purchase_order_line,POL0042570,receipt_delay_days,11.0,days
EVT00182,purchase_order_line,POL0020649,receipt_delay_days,13.0,days
EVT00182,purchase_order_line,POL0044021,receipt_delay_days,13.0,days
EVT00182,purchase_order_line,POL0012249,receipt_delay_days,8.0,days
EVT00182,plant,P05,blocked_production_runs,7.0,runs
EVT00182,raw_material,RM0010,stockout_days,11.0,days
EVT00182,purchase_order_line,POL0007966,receipt_delay_days,14.0,days
EVT00182,purchase_order_line,POL0033699,receipt_delay_days,8.0,days
EVT00182,purchase_order_line,POL0006191,receipt_delay_days,6.0,days
EVT00182,purchase_order_line,POL0020107,receipt_delay_days,6.0,days
EVT00182,purchase_order_line,POL0035033,receipt_delay_days,7.0,days
EVT00182,purchase_order_line,POL0008817,receipt_delay_days,9.0,days
EVT00182,plant,P01,blocked_production_runs,11.0,runs
EVT00182,raw_material,RM0010,stockout_days,11.0,days
EVT00182,purchase_order_line,POL0041778,receipt_delay_days,11.0,days
EVT00182,purchase_order_line,POL0042569,receipt_delay_days,11.0,days
EVT00182,purchase_order_line,POL0042571,receipt_delay_days,11.0,days
EVT00182,purchase_order_line,POL0027337,receipt_delay_days,11.0,days
EVT00182,purchase_order_line,POL0009313,receipt_delay_days,13.0,days
EVT00182,purchase_order_line,POL0052952,receipt_delay_days,12.0,days
EVT00182,plant,P04,blocked_production_runs,8.0,runs
EVT00182,raw_material,RM0010,stockout_days,7.0,days
EVT00182,purchase_order_line,POL0022243,receipt_delay_days,10.0,days
EVT00182,purchase_order_line,POL0015827,receipt_delay_days,6.0,days
EVT00182,purchase_order_line,POL0027335,receipt_delay_days,11.0,days
EVT00182,purchase_order_line,POL0013454,receipt_delay_days,6.0,days
EVT00182,purchase_order_line,POL0015565,receipt_delay_days,9.0,days
EVT00182,purchase_order_line,POL0026357,receipt_delay_days,11.0,days
EVT00182,plant,P03,blocked_production_runs,3.0,runs
EVT00182,raw_material,RM0010,stockout_days,8.0,days
EVT00182,purchase_order_line,POL0052089,receipt_delay_days,10.0,days
EVT00182,purchase_order_line,POL0048730,receipt_delay_days,5.0,days
EVT00182,purchase_order_line,POL0048328,receipt_delay_days,2.0,days
EVT00182,warehouse,W010,late_fg_receipts,7.0,lines
EVT00182,warehouse,W005,late_fg_receipts,4.0,lines
EVT00182,warehouse,W006,late_fg_receipts,4.0,lines
EVT00182,warehouse,W012,late_fg_receipts,4.0,lines
EVT00182,warehouse,W008,late_fg_receipts,3.0,lines
EVT00182,warehouse,W002,late_fg_receipts,3.0,lines
EVT00182,warehouse,W007,late_fg_receipts,3.0,lines
EVT00182,warehouse,W011,late_fg_receipts,3.0,lines
EVT00182,warehouse,W009,late_fg_receipts,3.0,lines
EVT00182,warehouse,W001,late_fg_receipts,2.0,lines
EVT00182,warehouse,W004,late_fg_receipts,1.0,lines
EVT00182,warehouse,W003,late_fg_receipts,1.0,lines
EVT00183,plant,P04,blocked_production_runs,6.0,runs
EVT00183,raw_material,RM0002,stockout_days,10.0,days
EVT00183,purchase_order_line,POL0005311,receipt_delay_days,11.0,days
EVT00183,purchase_order_line,POL0010667,receipt_delay_days,5.0,days
EVT00183,purchase_order_line,POL0050210,receipt_delay_days,5.0,days
EVT00183,purchase_order_line,POL0030782,receipt_delay_days,6.0,days
EVT00183,purchase_order_line,POL0034553,receipt_delay_days,4.0,days
EVT00183,purchase_order_line,POL0053046,receipt_delay_days,5.0,days
EVT00183,warehouse,W003,late_fg_receipts,3.0,lines
EVT00183,warehouse,W006,late_fg_receipts,1.0,lines
EVT00183,warehouse,W008,late_fg_receipts,1.0,lines
EVT00183,warehouse,W007,late_fg_receipts,1.0,lines
EVT00184,plant,P02,blocked_production_runs,1.0,runs
EVT00184,raw_material,RM0075,stockout_days,1.0,days
EVT00184,purchase_order_line,POL0009263,receipt_delay_days,2.0,days
EVT00184,plant,P04,blocked_production_runs,2.0,runs
EVT00184,raw_material,RM0075,stockout_days,9.0,days
EVT00184,purchase_order_line,POL0040305,receipt_delay_days,10.0,days
EVT00184,purchase_order_line,POL0020105,receipt_delay_days,6.0,days
EVT00184,warehouse,W010,late_fg_receipts,2.0,lines
EVT00184,warehouse,W004,late_fg_receipts,1.0,lines
EVT00185,plant,P01,blocked_production_runs,2.0,runs
EVT00185,raw_material,RM0085,stockout_days,7.0,days
EVT00185,purchase_order_line,POL0033701,receipt_delay_days,8.0,days
EVT00185,purchase_order_line,POL0036518,receipt_delay_days,6.0,days
EVT00185,plant,P03,blocked_production_runs,4.0,runs
EVT00185,raw_material,RM0085,stockout_days,9.0,days
EVT00185,purchase_order_line,POL0008805,receipt_delay_days,12.0,days
EVT00185,purchase_order_line,POL0035064,receipt_delay_days,10.0,days
EVT00185,purchase_order_line,POL0042067,receipt_delay_days,9.0,days
EVT00185,purchase_order_line,POL0033906,receipt_delay_days,10.0,days
EVT00185,warehouse,W006,late_fg_receipts,2.0,lines
EVT00185,warehouse,W003,late_fg_receipts,2.0,lines
EVT00185,warehouse,W011,late_fg_receipts,1.0,lines
EVT00185,warehouse,W012,late_fg_receipts,1.0,lines
EVT00186,country,MX,affected_rm_pos,57.0,POs
EVT00186,supplier,SUP0055,avg_slip_days,8.6,days
EVT00186,supplier,SUP0111,avg_slip_days,6.0,days
EVT00186,supplier,SUP0125,avg_slip_days,6.8,days
EVT00186,supplier,SUP0157,avg_slip_days,10.5,days
EVT00186,supplier,SUP0179,avg_slip_days,10.2,days
EVT00186,supplier,SUP0216,avg_slip_days,9.7,days
EVT00186,supplier,SUP0221,avg_slip_days,5.2,days
EVT00186,supplier,SUP0226,avg_slip_days,7.2,days
EVT00186,supplier,SUP0236,avg_slip_days,8.0,days
EVT00186,supplier,SUP0238,avg_slip_days,12.0,days
EVT00187,plant,P03,blocked_production_runs,8.0,runs
EVT00187,raw_material,RM0007,stockout_days,12.0,days
EVT00187,purchase_order_line,POL0038291,receipt_delay_days,13.0,days
EVT00187,purchase_order_line,POL0005312,receipt_delay_days,11.0,days
EVT00187,purchase_order_line,POL0016065,receipt_delay_days,14.0,days
EVT00187,purchase_order_line,POL0022244,receipt_delay_days,10.0,days
EVT00187,purchase_order_line,POL0024760,receipt_delay_days,6.0,days
EVT00187,purchase_order_line,POL0050211,receipt_delay_days,5.0,days
EVT00187,warehouse,W003,late_fg_receipts,2.0,lines
EVT00187,warehouse,W001,late_fg_receipts,1.0,lines
EVT00187,warehouse,W007,late_fg_receipts,1.0,lines
EVT00187,warehouse,W009,late_fg_receipts,1.0,lines
EVT00187,warehouse,W002,late_fg_receipts,1.0,lines
EVT00187,warehouse,W012,late_fg_receipts,1.0,lines
EVT00187,warehouse,W005,late_fg_receipts,1.0,lines
EVT00188,plant,P04,blocked_production_runs,1.0,runs
EVT00188,raw_material,RM0056,stockout_days,6.0,days
EVT00188,purchase_order_line,POL0030778,receipt_delay_days,6.0,days
EVT00188,warehouse,W006,late_fg_receipts,1.0,lines
EVT00189,purchase_order,RMPO014841,slip_days,30.0,days
EVT00189,plant,P01,projected_shortage_days,1.0,days
EVT00190,purchase_order,RMPO013850,slip_days,10.0,days
EVT00190,plant,P05,projected_shortage_days,12.0,days
EVT00191,plant,P05,blocked_production_runs,1.0,runs
EVT00191,raw_material,RM0114,stockout_days,9.0,days
EVT00191,purchase_order_line,POL0036568,receipt_delay_days,10.0,days
EVT00191,warehouse,W009,late_fg_receipts,1.0,lines
EVT00192,plant,P02,blocked_production_runs,1.0,runs
EVT00192,raw_material,RM0055,stockout_days,12.0,days
EVT00192,purchase_order_line,POL0009314,receipt_delay_days,13.0,days
EVT00192,plant,P05,blocked_production_runs,2.0,runs
EVT00192,raw_material,RM0055,stockout_days,12.0,days
EVT00192,purchase_order_line,POL0033904,receipt_delay_days,13.0,days
EVT00192,purchase_order_line,POL0009799,receipt_delay_days,5.0,days
EVT00192,warehouse,W001,late_fg_receipts,1.0,lines
EVT00192,warehouse,W012,late_fg_receipts,1.0,lines
EVT00192,warehouse,W007,late_fg_receipts,1.0,lines
EVT00193,plant,P01,blocked_production_runs,8.0,runs
EVT00193,raw_material,RM0011,stockout_days,10.0,days
EVT00193,purchase_order_line,POL0037769,receipt_delay_days,10.0,days
EVT00193,purchase_order_line,POL0034347,receipt_delay_days,11.0,days
EVT00193,purchase_order_line,POL0035506,receipt_delay_days,13.0,days
EVT00193,purchase_order_line,POL0047091,receipt_delay_days,14.0,days
EVT00193,purchase_order_line,POL0013369,receipt_delay_days,9.0,days
EVT00193,purchase_order_line,POL0016691,receipt_delay_days,5.0,days
EVT00193,warehouse,W005,late_fg_receipts,3.0,lines
EVT00193,warehouse,W002,late_fg_receipts,2.0,lines
EVT00193,warehouse,W007,late_fg_receipts,2.0,lines
EVT00193,warehouse,W011,late_fg_receipts,1.0,lines
EVT00194,supplier,SUP0191,allocation_pct_change,-22.4,pct
EVT00195,plant,P01,blocked_production_runs,2.0,runs
EVT00195,raw_material,RM0014,stockout_days,5.0,days
EVT00195,purchase_order_line,POL0025186,receipt_delay_days,7.0,days
EVT00195,purchase_order_line,POL0048329,receipt_delay_days,2.0,days
EVT00195,warehouse,W009,late_fg_receipts,1.0,lines
EVT00195,warehouse,W005,late_fg_receipts,1.0,lines
EVT00196,supplier,SUP0089,rejected_qty,1306.98,m2
EVT00196,supplier,SUP0089,rejected_lots,5.0,lots
EVT00197,plant,P01,blocked_production_runs,1.0,runs
EVT00197,raw_material,RM0117,stockout_days,9.0,days
EVT00197,purchase_order_line,POL0037768,receipt_delay_days,10.0,days
EVT00197,warehouse,W002,late_fg_receipts,1.0,lines
EVT00198,plant,P03,blocked_production_runs,1.0,runs
EVT00198,raw_material,RM0043,stockout_days,9.0,days
EVT00198,purchase_order_line,POL0002649,receipt_delay_days,9.0,days
EVT00198,plant,P04,blocked_production_runs,1.0,runs
EVT00198,raw_material,RM0043,stockout_days,12.0,days
EVT00198,purchase_order_line,POL0007073,receipt_delay_days,12.0,days
EVT00198,warehouse,W009,late_fg_receipts,2.0,lines
EVT00199,product,IP00271,unfulfilled_units,36.0,units
EVT00199,product,IP00271,demand_z,3.77,sigma
EVT00200,plant,P05,blocked_production_runs,15.0,runs
EVT00200,raw_material,RM0003,stockout_days,10.0,days
EVT00200,purchase_order_line,POL0001037,receipt_delay_days,12.0,days
EVT00200,purchase_order_line,POL0035264,receipt_delay_days,14.0,days
EVT00200,purchase_order_line,POL0040564,receipt_delay_days,8.0,days
EVT00200,purchase_order_line,POL0014044,receipt_delay_days,6.0,days
EVT00200,purchase_order_line,POL0041495,receipt_delay_days,10.0,days
EVT00200,purchase_order_line,POL0043248,receipt_delay_days,13.0,days
EVT00200,warehouse,W002,late_fg_receipts,2.0,lines
EVT00200,warehouse,W012,late_fg_receipts,2.0,lines
EVT00200,warehouse,W006,late_fg_receipts,2.0,lines
EVT00200,warehouse,W001,late_fg_receipts,2.0,lines
EVT00200,warehouse,W009,late_fg_receipts,1.0,lines
EVT00200,warehouse,W008,late_fg_receipts,1.0,lines
EVT00200,warehouse,W004,late_fg_receipts,1.0,lines
EVT00200,warehouse,W010,late_fg_receipts,1.0,lines
EVT00200,warehouse,W007,late_fg_receipts,1.0,lines
EVT00200,warehouse,W005,late_fg_receipts,1.0,lines
EVT00200,warehouse,W003,late_fg_receipts,1.0,lines
EVT00201,plant,P05,blocked_production_runs,8.0,runs
EVT00201,raw_material,RM0013,stockout_days,11.0,days
EVT00201,purchase_order_line,POL0007946,receipt_delay_days,12.0,days
EVT00201,purchase_order_line,POL0007948,receipt_delay_days,12.0,days
EVT00201,purchase_order_line,POL0038756,receipt_delay_days,10.0,days
EVT00201,purchase_order_line,POL0025697,receipt_delay_days,7.0,days
EVT00201,purchase_order_line,POL0028013,receipt_delay_days,12.0,days
EVT00201,purchase_order_line,POL0015328,receipt_delay_days,9.0,days
EVT00201,warehouse,W002,late_fg_receipts,2.0,lines
EVT00201,warehouse,W005,late_fg_receipts,2.0,lines
EVT00201,warehouse,W003,late_fg_receipts,1.0,lines
EVT00201,warehouse,W007,late_fg_receipts,1.0,lines
EVT00201,warehouse,W006,late_fg_receipts,1.0,lines
EVT00201,warehouse,W001,late_fg_receipts,1.0,lines
EVT00202,country,US,affected_rm_pos,26.0,POs
EVT00202,supplier,SUP0012,avg_slip_days,7.3,days
EVT00202,supplier,SUP0052,avg_slip_days,12.0,days
EVT00202,supplier,SUP0058,avg_slip_days,6.8,days
EVT00202,supplier,SUP0076,avg_slip_days,11.0,days
EVT00202,supplier,SUP0084,avg_slip_days,9.5,days
EVT00202,supplier,SUP0118,avg_slip_days,8.8,days
EVT00202,supplier,SUP0133,avg_slip_days,5.2,days
EVT00202,supplier,SUP0139,avg_slip_days,9.0,days
EVT00202,supplier,SUP0202,avg_slip_days,8.0,days
EVT00203,product,IP00709,bom_lines_changed,1.0,lines
EVT00204,plant,P04,blocked_production_runs,4.0,runs
EVT00204,raw_material,RM0011,stockout_days,9.0,days
EVT00204,purchase_order_line,POL0043940,receipt_delay_days,9.0,days
EVT00204,purchase_order_line,POL0036334,receipt_delay_days,4.0,days
EVT00204,purchase_order_line,POL0046837,receipt_delay_days,13.0,days
EVT00204,purchase_order_line,POL0035061,receipt_delay_days,13.0,days
EVT00204,warehouse,W008,late_fg_receipts,1.0,lines
EVT00204,warehouse,W001,late_fg_receipts,1.0,lines
EVT00204,warehouse,W004,late_fg_receipts,1.0,lines
EVT00204,warehouse,W005,late_fg_receipts,1.0,lines
EVT00205,plant,P04,blocked_production_runs,5.0,runs
EVT00205,raw_material,RM0006,stockout_days,6.0,days
EVT00205,purchase_order_line,POL0027323,receipt_delay_days,7.0,days
EVT00205,purchase_order_line,POL0029137,receipt_delay_days,10.0,days
EVT00205,purchase_order_line,POL0053552,receipt_delay_days,13.0,days
EVT00205,purchase_order_line,POL0047609,receipt_delay_days,5.0,days
EVT00205,purchase_order_line,POL0040646,receipt_delay_days,2.0,days
EVT00205,plant,P01,blocked_production_runs,12.0,runs
EVT00205,raw_material,RM0006,stockout_days,13.0,days
EVT00205,purchase_order_line,POL0052149,receipt_delay_days,13.0,days
EVT00205,purchase_order_line,POL0018403,receipt_delay_days,8.0,days
EVT00205,purchase_order_line,POL0032146,receipt_delay_days,14.0,days
EVT00205,purchase_order_line,POL0035062,receipt_delay_days,13.0,days
EVT00205,purchase_order_line,POL0014409,receipt_delay_days,6.0,days
EVT00205,purchase_order_line,POL0001822,receipt_delay_days,9.0,days
EVT00205,warehouse,W005,late_fg_receipts,3.0,lines
EVT00205,warehouse,W011,late_fg_receipts,3.0,lines
EVT00205,warehouse,W012,late_fg_receipts,2.0,lines
EVT00205,warehouse,W009,late_fg_receipts,2.0,lines
EVT00205,warehouse,W010,late_fg_receipts,1.0,lines
EVT00205,warehouse,W004,late_fg_receipts,1.0,lines
EVT00205,warehouse,W001,late_fg_receipts,1.0,lines
EVT00205,warehouse,W002,late_fg_receipts,1.0,lines
EVT00205,warehouse,W003,late_fg_receipts,1.0,lines
EVT00205,warehouse,W007,late_fg_receipts,1.0,lines
EVT00205,warehouse,W008,late_fg_receipts,1.0,lines
EVT00206,plant,P05,blocked_production_runs,1.0,runs
EVT00206,raw_material,RM0043,stockout_days,14.0,days
EVT00206,purchase_order_line,POL0007748,receipt_delay_days,14.0,days
EVT00206,plant,P02,blocked_production_runs,1.0,runs
EVT00206,raw_material,RM0043,stockout_days,11.0,days
EVT00206,purchase_order_line,POL0046340,receipt_delay_days,11.0,days
EVT00206,plant,P01,blocked_production_runs,2.0,runs
EVT00206,raw_material,RM0043,stockout_days,9.0,days
EVT00206,purchase_order_line,POL0014221,receipt_delay_days,9.0,days
EVT00206,purchase_order_line,POL0007403,receipt_delay_days,8.0,days
EVT00206,plant,P03,blocked_production_runs,3.0,runs
EVT00206,raw_material,RM0043,stockout_days,7.0,days
EVT00206,purchase_order_line,POL0007405,receipt_delay_days,8.0,days
EVT00206,purchase_order_line,POL0032456,receipt_delay_days,14.0,days
EVT00206,purchase_order_line,POL0011572,receipt_delay_days,14.0,days
EVT00206,warehouse,W005,late_fg_receipts,2.0,lines
EVT00206,warehouse,W004,late_fg_receipts,2.0,lines
EVT00206,warehouse,W001,late_fg_receipts,2.0,lines
EVT00206,warehouse,W007,late_fg_receipts,1.0,lines
EVT00207,plant,P05,blocked_production_runs,11.0,runs
EVT00207,raw_material,RM0009,stockout_days,9.0,days
EVT00207,purchase_order_line,POL0006453,receipt_delay_days,14.0,days
EVT00207,purchase_order_line,POL0006454,receipt_delay_days,14.0,days
EVT00207,purchase_order_line,POL0031448,receipt_delay_days,10.0,days
EVT00207,purchase_order_line,POL0017553,receipt_delay_days,14.0,days
EVT00207,purchase_order_line,POL0018359,receipt_delay_days,8.0,days
EVT00207,purchase_order_line,POL0017554,receipt_delay_days,14.0,days
EVT00207,plant,P01,blocked_production_runs,7.0,runs
EVT00207,raw_material,RM0009,stockout_days,9.0,days
EVT00207,purchase_order_line,POL0040394,receipt_delay_days,9.0,days
EVT00207,purchase_order_line,POL0015337,receipt_delay_days,8.0,days
EVT00207,purchase_order_line,POL0023116,receipt_delay_days,5.0,days
EVT00207,purchase_order_line,POL0020569,receipt_delay_days,8.0,days
EVT00207,purchase_order_line,POL0037197,receipt_delay_days,6.0,days
EVT00207,purchase_order_line,POL0015634,receipt_delay_days,2.0,days
EVT00207,warehouse,W005,late_fg_receipts,4.0,lines
EVT00207,warehouse,W003,late_fg_receipts,3.0,lines
EVT00207,warehouse,W001,late_fg_receipts,3.0,lines
EVT00207,warehouse,W004,late_fg_receipts,2.0,lines
EVT00207,warehouse,W010,late_fg_receipts,2.0,lines
EVT00207,warehouse,W011,late_fg_receipts,1.0,lines
EVT00207,warehouse,W009,late_fg_receipts,1.0,lines
EVT00207,warehouse,W007,late_fg_receipts,1.0,lines
EVT00207,warehouse,W008,late_fg_receipts,1.0,lines
EVT00208,plant,P04,blocked_production_runs,7.0,runs
EVT00208,raw_material,RM0008,stockout_days,8.0,days
EVT00208,purchase_order_line,POL0044902,receipt_delay_days,13.0,days
EVT00208,purchase_order_line,POL0053506,receipt_delay_days,8.0,days
EVT00208,purchase_order_line,POL0001998,receipt_delay_days,13.0,days
EVT00208,purchase_order_line,POL0014410,receipt_delay_days,6.0,days
EVT00208,purchase_order_line,POL0051638,receipt_delay_days,5.0,days
EVT00208,purchase_order_line,POL0004112,receipt_delay_days,8.0,days
EVT00208,warehouse,W006,late_fg_receipts,2.0,lines
EVT00208,warehouse,W002,late_fg_receipts,1.0,lines
EVT00208,warehouse,W005,late_fg_receipts,1.0,lines
EVT00208,warehouse,W012,late_fg_receipts,1.0,lines
EVT00208,warehouse,W003,late_fg_receipts,1.0,lines
EVT00208,warehouse,W011,late_fg_receipts,1.0,lines
EVT00209,product,IP01912,bom_lines_changed,1.0,lines
EVT00210,plant,P02,blocked_production_runs,11.0,runs
EVT00210,raw_material,RM0002,stockout_days,11.0,days
EVT00210,purchase_order_line,POL0000992,receipt_delay_days,12.0,days
EVT00210,purchase_order_line,POL0012199,receipt_delay_days,14.0,days
EVT00210,purchase_order_line,POL0019345,receipt_delay_days,10.0,days
EVT00210,purchase_order_line,POL0019529,receipt_delay_days,11.0,days
EVT00210,purchase_order_line,POL0008842,receipt_delay_days,9.0,days
EVT00210,purchase_order_line,POL0011500,receipt_delay_days,11.0,days
EVT00210,warehouse,W002,late_fg_receipts,4.0,lines
EVT00210,warehouse,W007,late_fg_receipts,2.0,lines
EVT00210,warehouse,W005,late_fg_receipts,1.0,lines
EVT00210,warehouse,W001,late_fg_receipts,1.0,lines
EVT00210,warehouse,W010,late_fg_receipts,1.0,lines
EVT00210,warehouse,W012,late_fg_receipts,1.0,lines
EVT00210,warehouse,W009,late_fg_receipts,1.0,lines
EVT00211,product,IP01301,stockout_days,126.0,days
EVT00211,warehouse,W003,min_on_hand,-12.0,units
EVT00212,product,IP01572,unfulfilled_units,39.0,units
EVT00212,product,IP01572,demand_z,3.88,sigma
EVT00213,raw_material,RM0043,price_change_pct,22.3,pct
EVT00214,supplier,SUP0089,allocation_pct_change,-34.2,pct
EVT00215,plant,P04,blocked_production_runs,1.0,runs
EVT00215,raw_material,RM0043,stockout_days,8.0,days
EVT00215,purchase_order_line,POL0010956,receipt_delay_days,8.0,days
EVT00215,plant,P05,blocked_production_runs,1.0,runs
EVT00215,raw_material,RM0043,stockout_days,9.0,days
EVT00215,purchase_order_line,POL0032234,receipt_delay_days,9.0,days
EVT00215,warehouse,W003,late_fg_receipts,1.0,lines
EVT00215,warehouse,W011,late_fg_receipts,1.0,lines
EVT00216,supplier,SUP0157,rejected_qty,17.36,kg
EVT00216,supplier,SUP0157,rejected_lots,1.0,lots
EVT00217,purchase_order,RMPO016493,slip_days,10.0,days
EVT00217,plant,P04,projected_shortage_days,1.0,days
EVT00218,plant,P02,blocked_production_runs,17.0,runs
EVT00218,raw_material,RM0003,stockout_days,11.0,days
EVT00218,purchase_order_line,POL0004284,receipt_delay_days,14.0,days
EVT00218,purchase_order_line,POL0006360,receipt_delay_days,12.0,days
EVT00218,purchase_order_line,POL0051404,receipt_delay_days,14.0,days
EVT00218,purchase_order_line,POL0000268,receipt_delay_days,9.0,days
EVT00218,purchase_order_line,POL0007632,receipt_delay_days,8.0,days
EVT00218,purchase_order_line,POL0010953,receipt_delay_days,8.0,days
EVT00218,warehouse,W002,late_fg_receipts,7.0,lines
EVT00218,warehouse,W007,late_fg_receipts,3.0,lines
EVT00218,warehouse,W008,late_fg_receipts,2.0,lines
EVT00218,warehouse,W005,late_fg_receipts,2.0,lines
EVT00218,warehouse,W006,late_fg_receipts,1.0,lines
EVT00218,warehouse,W003,late_fg_receipts,1.0,lines
EVT00218,warehouse,W010,late_fg_receipts,1.0,lines
EVT00219,supplier,SUP0240,rejected_qty,41.23,ea
EVT00219,supplier,SUP0240,rejected_lots,1.0,lots
EVT00220,product,IP02162,unfulfilled_units,50.0,units
EVT00220,product,IP02162,demand_z,3.9,sigma
EVT00221,supplier,SUP0118,allocation_pct_change,-24.8,pct
EVT00222,supplier,SUP0089,rejected_qty,4666.73,m2
EVT00222,supplier,SUP0089,rejected_lots,9.0,lots
EVT00223,plant,P02,blocked_production_runs,17.0,runs
EVT00223,raw_material,RM0009,stockout_days,9.0,days
EVT00223,purchase_order_line,POL0006223,receipt_delay_days,9.0,days
EVT00223,purchase_order_line,POL0014906,receipt_delay_days,9.0,days
EVT00223,purchase_order_line,POL0019801,receipt_delay_days,14.0,days
EVT00223,purchase_order_line,POL0050306,receipt_delay_days,13.0,days
EVT00223,purchase_order_line,POL0018728,receipt_delay_days,9.0,days
EVT00223,purchase_order_line,POL0033264,receipt_delay_days,5.0,days
EVT00223,warehouse,W007,late_fg_receipts,3.0,lines
EVT00223,warehouse,W005,late_fg_receipts,3.0,lines
EVT00223,warehouse,W009,late_fg_receipts,2.0,lines
EVT00223,warehouse,W003,late_fg_receipts,2.0,lines
EVT00223,warehouse,W001,late_fg_receipts,2.0,lines
EVT00223,warehouse,W010,late_fg_receipts,1.0,lines
EVT00223,warehouse,W002,late_fg_receipts,1.0,lines
EVT00223,warehouse,W011,late_fg_receipts,1.0,lines
EVT00223,warehouse,W006,late_fg_receipts,1.0,lines
EVT00223,warehouse,W008,late_fg_receipts,1.0,lines
EVT00224,raw_material,RM0043,late_pos,18.0,POs
EVT00224,raw_material,RM0043,avg_slip_days,16.7,days
EVT00225,plant,P04,blocked_production_runs,13.0,runs
EVT00225,raw_material,RM0006,stockout_days,12.0,days
EVT00225,purchase_order_line,POL0028526,receipt_delay_days,14.0,days
EVT00225,purchase_order_line,POL0010987,receipt_delay_days,12.0,days
EVT00225,purchase_order_line,POL0007231,receipt_delay_days,10.0,days
EVT00225,purchase_order_line,POL0034751,receipt_delay_days,13.0,days
EVT00225,purchase_order_line,POL0053771,receipt_delay_days,7.0,days
EVT00225,purchase_order_line,POL0023083,receipt_delay_days,7.0,days
EVT00225,warehouse,W009,late_fg_receipts,3.0,lines
EVT00225,warehouse,W001,late_fg_receipts,2.0,lines
EVT00225,warehouse,W004,late_fg_receipts,1.0,lines
EVT00225,warehouse,W007,late_fg_receipts,1.0,lines
EVT00225,warehouse,W003,late_fg_receipts,1.0,lines
EVT00225,warehouse,W005,late_fg_receipts,1.0,lines
EVT00225,warehouse,W008,late_fg_receipts,1.0,lines
EVT00225,warehouse,W012,late_fg_receipts,1.0,lines
EVT00225,warehouse,W002,late_fg_receipts,1.0,lines
EVT00225,warehouse,W006,late_fg_receipts,1.0,lines
EVT00226,plant,P01,blocked_production_runs,14.0,runs
EVT00226,raw_material,RM0004,stockout_days,8.0,days
EVT00226,purchase_order_line,POL0001946,receipt_delay_days,9.0,days
EVT00226,purchase_order_line,POL0011102,receipt_delay_days,8.0,days
EVT00226,purchase_order_line,POL0035433,receipt_delay_days,11.0,days
EVT00226,purchase_order_line,POL0002248,receipt_delay_days,11.0,days
EVT00226,purchase_order_line,POL0035912,receipt_delay_days,13.0,days
EVT00226,purchase_order_line,POL0030099,receipt_delay_days,14.0,days
EVT00226,warehouse,W003,late_fg_receipts,2.0,lines
EVT00226,warehouse,W005,late_fg_receipts,2.0,lines
EVT00226,warehouse,W004,late_fg_receipts,2.0,lines
EVT00226,warehouse,W008,late_fg_receipts,2.0,lines
EVT00226,warehouse,W006,late_fg_receipts,2.0,lines
EVT00226,warehouse,W009,late_fg_receipts,1.0,lines
EVT00226,warehouse,W012,late_fg_receipts,1.0,lines
EVT00226,warehouse,W010,late_fg_receipts,1.0,lines
EVT00226,warehouse,W007,late_fg_receipts,1.0,lines
EVT00227,supplier,SUP0118,allocation_pct_change,-20.1,pct
EVT00228,plant,P01,blocked_production_runs,9.0,runs
EVT00228,raw_material,RM0008,stockout_days,6.0,days
EVT00228,purchase_order_line,POL0001391,receipt_delay_days,8.0,days
EVT00228,purchase_order_line,POL0008704,receipt_delay_days,6.0,days
EVT00228,purchase_order_line,POL0039828,receipt_delay_days,7.0,days
EVT00228,purchase_order_line,POL0008789,receipt_delay_days,13.0,days
EVT00228,purchase_order_line,POL0024568,receipt_delay_days,9.0,days
EVT00228,purchase_order_line,POL0000715,receipt_delay_days,8.0,days
EVT00228,warehouse,W010,late_fg_receipts,3.0,lines
EVT00228,warehouse,W007,late_fg_receipts,1.0,lines
EVT00228,warehouse,W011,late_fg_receipts,1.0,lines
EVT00228,warehouse,W001,late_fg_receipts,1.0,lines
EVT00228,warehouse,W006,late_fg_receipts,1.0,lines
EVT00228,warehouse,W008,late_fg_receipts,1.0,lines
EVT00228,warehouse,W004,late_fg_receipts,1.0,lines
EVT00229,plant,P01,blocked_production_runs,3.0,runs
EVT00229,raw_material,RM0043,stockout_days,4.0,days
EVT00229,purchase_order_line,POL0028937,receipt_delay_days,11.0,days
EVT00229,purchase_order_line,POL0051123,receipt_delay_days,8.0,days
EVT00229,purchase_order_line,POL0011016,receipt_delay_days,2.0,days
EVT00229,plant,P02,blocked_production_runs,3.0,runs
EVT00229,raw_material,RM0043,stockout_days,11.0,days
EVT00229,purchase_order_line,POL0051495,receipt_delay_days,11.0,days
EVT00229,purchase_order_line,POL0052585,receipt_delay_days,9.0,days
EVT00229,purchase_order_line,POL0016799,receipt_delay_days,6.0,days
EVT00229,plant,P03,blocked_production_runs,1.0,runs
EVT00229,raw_material,RM0043,stockout_days,13.0,days
EVT00229,purchase_order_line,POL0003543,receipt_delay_days,13.0,days
EVT00229,plant,P04,blocked_production_runs,1.0,runs
EVT00229,raw_material,RM0043,stockout_days,4.0,days
EVT00229,purchase_order_line,POL0033547,receipt_delay_days,5.0,days
EVT00229,warehouse,W008,late_fg_receipts,2.0,lines
EVT00229,warehouse,W007,late_fg_receipts,2.0,lines
EVT00229,warehouse,W006,late_fg_receipts,1.0,lines
EVT00229,warehouse,W010,late_fg_receipts,1.0,lines
EVT00229,warehouse,W003,late_fg_receipts,1.0,lines
EVT00229,warehouse,W012,late_fg_receipts,1.0,lines
EVT00230,plant,P02,blocked_production_runs,14.0,runs
EVT00230,raw_material,RM0005,stockout_days,10.0,days
EVT00230,purchase_order_line,POL0018940,receipt_delay_days,11.0,days
EVT00230,purchase_order_line,POL0015818,receipt_delay_days,13.0,days
EVT00230,purchase_order_line,POL0017379,receipt_delay_days,9.0,days
EVT00230,purchase_order_line,POL0025483,receipt_delay_days,14.0,days
EVT00230,purchase_order_line,POL0025484,receipt_delay_days,14.0,days
EVT00230,purchase_order_line,POL0048106,receipt_delay_days,8.0,days
EVT00230,warehouse,W007,late_fg_receipts,3.0,lines
EVT00230,warehouse,W006,late_fg_receipts,2.0,lines
EVT00230,warehouse,W001,late_fg_receipts,2.0,lines
EVT00230,warehouse,W008,late_fg_receipts,2.0,lines
EVT00230,warehouse,W010,late_fg_receipts,1.0,lines
EVT00230,warehouse,W011,late_fg_receipts,1.0,lines
EVT00230,warehouse,W012,late_fg_receipts,1.0,lines
EVT00230,warehouse,W002,late_fg_receipts,1.0,lines
EVT00230,warehouse,W003,late_fg_receipts,1.0,lines
EVT00231,supplier,SUP0039,allocation_pct_change,-25.3,pct
EVT00232,country,US,avg_delay_days,7.5,days
EVT00232,country,US,late_pos_7d,44.0,POs
EVT00233,product,IP00733,stockout_days,577.0,days
EVT00233,warehouse,W002,min_on_hand,-55.0,units
EVT00234,plant,P01,blocked_production_runs,2.0,runs
EVT00234,raw_material,RM0014,stockout_days,10.0,days
EVT00234,purchase_order_line,POL0015493,receipt_delay_days,10.0,days
EVT00234,purchase_order_line,POL0000032,receipt_delay_days,5.0,days
EVT00234,warehouse,W004,late_fg_receipts,1.0,lines
EVT00234,warehouse,W010,late_fg_receipts,1.0,lines
EVT00235,plant,P03,blocked_production_runs,4.0,runs
EVT00235,raw_material,RM0111,stockout_days,10.0,days
EVT00235,purchase_order_line,POL0002116,receipt_delay_days,14.0,days
EVT00235,purchase_order_line,POL0044568,receipt_delay_days,9.0,days
EVT00235,purchase_order_line,POL0027101,receipt_delay_days,5.0,days
EVT00235,purchase_order_line,POL0020691,receipt_delay_days,5.0,days
EVT00235,warehouse,W002,late_fg_receipts,2.0,lines
EVT00235,warehouse,W004,late_fg_receipts,1.0,lines
EVT00235,warehouse,W008,late_fg_receipts,1.0,lines
EVT00236,supplier,SUP0138,rejected_qty,229.53,ea
EVT00236,supplier,SUP0138,rejected_lots,1.0,lots
EVT00237,plant,P01,blocked_production_runs,8.0,runs
EVT00237,raw_material,RM0001,stockout_days,13.0,days
EVT00237,purchase_order_line,POL0020618,receipt_delay_days,14.0,days
EVT00237,purchase_order_line,POL0049568,receipt_delay_days,14.0,days
EVT00237,purchase_order_line,POL0008395,receipt_delay_days,11.0,days
EVT00237,purchase_order_line,POL0001750,receipt_delay_days,9.0,days
EVT00237,purchase_order_line,POL0007847,receipt_delay_days,6.0,days
EVT00237,purchase_order_line,POL0021116,receipt_delay_days,12.0,days
EVT00237,warehouse,W004,late_fg_receipts,2.0,lines
EVT00237,warehouse,W002,late_fg_receipts,2.0,lines
EVT00237,warehouse,W008,late_fg_receipts,2.0,lines
EVT00237,warehouse,W012,late_fg_receipts,1.0,lines
EVT00237,warehouse,W005,late_fg_receipts,1.0,lines
EVT00238,purchase_order,RMPO018431,slip_days,21.0,days
EVT00238,plant,P04,projected_shortage_days,11.0,days
EVT00239,plant,P05,blocked_production_runs,6.0,runs
EVT00239,raw_material,RM0003,stockout_days,13.0,days
EVT00239,purchase_order_line,POL0038938,receipt_delay_days,14.0,days
EVT00239,purchase_order_line,POL0024218,receipt_delay_days,11.0,days
EVT00239,purchase_order_line,POL0053894,receipt_delay_days,11.0,days
EVT00239,purchase_order_line,POL0053112,receipt_delay_days,14.0,days
EVT00239,purchase_order_line,POL0045424,receipt_delay_days,12.0,days
EVT00239,purchase_order_line,POL0041193,receipt_delay_days,14.0,days
EVT00239,warehouse,W001,late_fg_receipts,2.0,lines
EVT00239,warehouse,W002,late_fg_receipts,1.0,lines
EVT00239,warehouse,W003,late_fg_receipts,1.0,lines
EVT00239,warehouse,W011,late_fg_receipts,1.0,lines
EVT00239,warehouse,W012,late_fg_receipts,1.0,lines
EVT00240,product,IP00850,stockout_days,308.0,days
EVT00240,warehouse,W006,min_on_hand,-2.0,units
EVT00241,plant,P05,blocked_production_runs,1.0,runs
EVT00241,raw_material,RM0043,stockout_days,3.0,days
EVT00241,purchase_order_line,POL0026484,receipt_delay_days,4.0,days
EVT00241,warehouse,W004,late_fg_receipts,1.0,lines
EVT00242,plant,P04,blocked_production_runs,7.0,runs
EVT00242,raw_material,RM0012,stockout_days,10.0,days
EVT00242,purchase_order_line,POL0053042,receipt_delay_days,13.0,days
EVT00242,purchase_order_line,POL0053045,receipt_delay_days,13.0,days
EVT00242,purchase_order_line,POL0002712,receipt_delay_days,13.0,days
EVT00242,purchase_order_line,POL0024250,receipt_delay_days,11.0,days
EVT00242,purchase_order_line,POL0024247,receipt_delay_days,11.0,days
EVT00242,purchase_order_line,POL0047375,receipt_delay_days,4.0,days
EVT00242,warehouse,W010,late_fg_receipts,4.0,lines
EVT00242,warehouse,W009,late_fg_receipts,1.0,lines
EVT00242,warehouse,W002,late_fg_receipts,1.0,lines
EVT00242,warehouse,W006,late_fg_receipts,1.0,lines
EVT00243,plant,P02,blocked_production_runs,3.0,runs
EVT00243,raw_material,RM0122,stockout_days,7.0,days
EVT00243,purchase_order_line,POL0018552,receipt_delay_days,11.0,days
EVT00243,purchase_order_line,POL0036907,receipt_delay_days,12.0,days
EVT00243,purchase_order_line,POL0045421,receipt_delay_days,3.0,days
EVT00243,warehouse,W009,late_fg_receipts,2.0,lines
EVT00243,warehouse,W003,late_fg_receipts,1.0,lines
EVT00244,plant,P02,blocked_production_runs,10.0,runs
EVT00244,raw_material,RM0013,stockout_days,10.0,days
EVT00244,purchase_order_line,POL0001889,receipt_delay_days,10.0,days
EVT00244,purchase_order_line,POL0034049,receipt_delay_days,10.0,days
EVT00244,purchase_order_line,POL0009768,receipt_delay_days,11.0,days
EVT00244,purchase_order_line,POL0024139,receipt_delay_days,12.0,days
EVT00244,purchase_order_line,POL0030762,receipt_delay_days,12.0,days
EVT00244,purchase_order_line,POL0035473,receipt_delay_days,8.0,days
EVT00244,warehouse,W001,late_fg_receipts,3.0,lines
EVT00244,warehouse,W011,late_fg_receipts,2.0,lines
EVT00244,warehouse,W007,late_fg_receipts,2.0,lines
EVT00244,warehouse,W010,late_fg_receipts,2.0,lines
EVT00244,warehouse,W009,late_fg_receipts,1.0,lines
EVT00245,plant,P03,blocked_production_runs,4.0,runs
EVT00245,raw_material,RM0082,stockout_days,12.0,days
EVT00245,purchase_order_line,POL0045427,receipt_delay_days,12.0,days
EVT00245,purchase_order_line,POL0045736,receipt_delay_days,8.0,days
EVT00245,purchase_order_line,POL0037048,receipt_delay_days,14.0,days
EVT00245,purchase_order_line,POL0031950,receipt_delay_days,6.0,days
EVT00245,plant,P04,blocked_production_runs,11.0,runs
EVT00245,raw_material,RM0082,stockout_days,10.0,days
EVT00245,purchase_order_line,POL0006987,receipt_delay_days,11.0,days
EVT00245,purchase_order_line,POL0028879,receipt_delay_days,10.0,days
EVT00245,purchase_order_line,POL0004809,receipt_delay_days,8.0,days
EVT00245,purchase_order_line,POL0012462,receipt_delay_days,10.0,days
EVT00245,purchase_order_line,POL0052239,receipt_delay_days,11.0,days
EVT00245,purchase_order_line,POL0052240,receipt_delay_days,11.0,days
EVT00245,warehouse,W006,late_fg_receipts,4.0,lines
EVT00245,warehouse,W011,late_fg_receipts,2.0,lines
EVT00245,warehouse,W005,late_fg_receipts,2.0,lines
EVT00245,warehouse,W004,late_fg_receipts,2.0,lines
EVT00245,warehouse,W007,late_fg_receipts,2.0,lines
EVT00245,warehouse,W001,late_fg_receipts,1.0,lines
EVT00245,warehouse,W002,late_fg_receipts,1.0,lines
EVT00245,warehouse,W012,late_fg_receipts,1.0,lines
EVT00246,purchase_order,RMPO019179,slip_days,5.0,days
EVT00246,plant,P04,projected_shortage_days,1.0,days
EVT00247,supplier,SUP0039,late_pos,391.0,POs
EVT00248,supplier,SUP0089,rejected_qty,719.44,kg
EVT00248,supplier,SUP0089,rejected_lots,3.0,lots
EVT00249,supplier,SUP0079,late_rate_7d,87.5,pct
EVT00249,supplier,SUP0079,avg_delay_days,8.6,days
EVT00249,supplier,SUP0079,short_or_cancelled_pos,2.0,POs
EVT00250,plant,P03,blocked_production_runs,16.0,runs
EVT00250,raw_material,RM0005,stockout_days,10.0,days
EVT00250,purchase_order_line,POL0005815,receipt_delay_days,14.0,days
EVT00250,purchase_order_line,POL0000903,receipt_delay_days,12.0,days
EVT00250,purchase_order_line,POL0031949,receipt_delay_days,6.0,days
EVT00250,purchase_order_line,POL0002679,receipt_delay_days,9.0,days
EVT00250,purchase_order_line,POL0021127,receipt_delay_days,14.0,days
EVT00250,purchase_order_line,POL0038878,receipt_delay_days,5.0,days
EVT00250,warehouse,W002,late_fg_receipts,5.0,lines
EVT00250,warehouse,W010,late_fg_receipts,2.0,lines
EVT00250,warehouse,W004,late_fg_receipts,2.0,lines
EVT00250,warehouse,W006,late_fg_receipts,2.0,lines
EVT00250,warehouse,W003,late_fg_receipts,1.0,lines
EVT00250,warehouse,W012,late_fg_receipts,1.0,lines
EVT00250,warehouse,W011,late_fg_receipts,1.0,lines
EVT00250,warehouse,W007,late_fg_receipts,1.0,lines
EVT00250,warehouse,W008,late_fg_receipts,1.0,lines
EVT00251,product,IP01578,stockout_days,544.0,days
EVT00251,warehouse,W003,min_on_hand,-31.0,units
EVT00252,plant,P01,blocked_production_runs,13.0,runs
EVT00252,raw_material,RM0008,stockout_days,11.0,days
EVT00252,purchase_order_line,POL0049986,receipt_delay_days,12.0,days
EVT00252,purchase_order_line,POL0035467,receipt_delay_days,9.0,days
EVT00252,purchase_order_line,POL0053008,receipt_delay_days,13.0,days
EVT00252,purchase_order_line,POL0036603,receipt_delay_days,7.0,days
EVT00252,purchase_order_line,POL0050491,receipt_delay_days,13.0,days
EVT00252,purchase_order_line,POL0004624,receipt_delay_days,5.0,days
EVT00252,warehouse,W004,late_fg_receipts,3.0,lines
EVT00252,warehouse,W007,late_fg_receipts,3.0,lines
EVT00252,warehouse,W011,late_fg_receipts,2.0,lines
EVT00252,warehouse,W008,late_fg_receipts,1.0,lines
EVT00252,warehouse,W006,late_fg_receipts,1.0,lines
EVT00252,warehouse,W003,late_fg_receipts,1.0,lines
EVT00252,warehouse,W005,late_fg_receipts,1.0,lines
EVT00252,warehouse,W001,late_fg_receipts,1.0,lines
EVT00253,plant,P02,blocked_production_runs,7.0,runs
EVT00253,raw_material,RM0002,stockout_days,6.0,days
EVT00253,purchase_order_line,POL0029573,receipt_delay_days,6.0,days
EVT00253,purchase_order_line,POL0035469,receipt_delay_days,9.0,days
EVT00253,purchase_order_line,POL0009173,receipt_delay_days,4.0,days
EVT00253,purchase_order_line,POL0007669,receipt_delay_days,9.0,days
EVT00253,purchase_order_line,POL0011374,receipt_delay_days,4.0,days
EVT00253,purchase_order_line,POL0030064,receipt_delay_days,2.0,days
EVT00253,warehouse,W003,late_fg_receipts,2.0,lines
EVT00253,warehouse,W005,late_fg_receipts,1.0,lines
EVT00253,warehouse,W004,late_fg_receipts,1.0,lines
EVT00253,warehouse,W009,late_fg_receipts,1.0,lines
EVT00253,warehouse,W010,late_fg_receipts,1.0,lines
EVT00253,warehouse,W008,late_fg_receipts,1.0,lines
EVT00254,plant,P02,blocked_production_runs,13.0,runs
EVT00254,raw_material,RM0011,stockout_days,14.0,days
EVT00254,purchase_order_line,POL0006770,receipt_delay_days,14.0,days
EVT00254,purchase_order_line,POL0037951,receipt_delay_days,14.0,days
EVT00254,purchase_order_line,POL0027365,receipt_delay_days,13.0,days
EVT00254,purchase_order_line,POL0003981,receipt_delay_days,13.0,days
EVT00254,purchase_order_line,POL0047649,receipt_delay_days,13.0,days
EVT00254,purchase_order_line,POL0000139,receipt_delay_days,13.0,days
EVT00254,plant,P05,blocked_production_runs,7.0,runs
EVT00254,raw_material,RM0011,stockout_days,8.0,days
EVT00254,purchase_order_line,POL0038566,receipt_delay_days,8.0,days
EVT00254,purchase_order_line,POL0000258,receipt_delay_days,5.0,days
EVT00254,purchase_order_line,POL0029244,receipt_delay_days,14.0,days
EVT00254,purchase_order_line,POL0044829,receipt_delay_days,5.0,days
EVT00254,purchase_order_line,POL0019639,receipt_delay_days,13.0,days
EVT00254,purchase_order_line,POL0024918,receipt_delay_days,3.0,days
EVT00254,warehouse,W001,late_fg_receipts,5.0,lines
EVT00254,warehouse,W005,late_fg_receipts,3.0,lines
EVT00254,warehouse,W008,late_fg_receipts,2.0,lines
EVT00254,warehouse,W004,late_fg_receipts,2.0,lines
EVT00254,warehouse,W011,late_fg_receipts,2.0,lines
EVT00254,warehouse,W009,late_fg_receipts,2.0,lines
EVT00254,warehouse,W012,late_fg_receipts,1.0,lines
EVT00254,warehouse,W007,late_fg_receipts,1.0,lines
EVT00254,warehouse,W002,late_fg_receipts,1.0,lines
EVT00254,warehouse,W010,late_fg_receipts,1.0,lines
EVT00255,plant,P02,blocked_production_runs,2.0,runs
EVT00255,raw_material,RM0043,stockout_days,4.0,days
EVT00255,purchase_order_line,POL0044550,receipt_delay_days,5.0,days
EVT00255,purchase_order_line,POL0019850,receipt_delay_days,5.0,days
EVT00255,plant,P04,blocked_production_runs,1.0,runs
EVT00255,raw_material,RM0043,stockout_days,2.0,days
EVT00255,purchase_order_line,POL0040523,receipt_delay_days,3.0,days
EVT00255,plant,P01,blocked_production_runs,1.0,runs
EVT00255,raw_material,RM0043,stockout_days,14.0,days
EVT00255,purchase_order_line,POL0019943,receipt_delay_days,14.0,days
EVT00255,warehouse,W007,late_fg_receipts,2.0,lines
EVT00255,warehouse,W011,late_fg_receipts,1.0,lines
EVT00255,warehouse,W006,late_fg_receipts,1.0,lines
EVT00256,plant,P03,blocked_production_runs,1.0,runs
EVT00256,raw_material,RM0032,stockout_days,11.0,days
EVT00256,purchase_order_line,POL0052537,receipt_delay_days,12.0,days
EVT00256,warehouse,W007,late_fg_receipts,1.0,lines
EVT00257,plant,P01,blocked_production_runs,6.0,runs
EVT00257,raw_material,RM0007,stockout_days,8.0,days
EVT00257,purchase_order_line,POL0010192,receipt_delay_days,9.0,days
EVT00257,purchase_order_line,POL0043138,receipt_delay_days,13.0,days
EVT00257,purchase_order_line,POL0015102,receipt_delay_days,5.0,days
EVT00257,purchase_order_line,POL0050388,receipt_delay_days,13.0,days
EVT00257,purchase_order_line,POL0040525,receipt_delay_days,3.0,days
EVT00257,purchase_order_line,POL0045200,receipt_delay_days,6.0,days
EVT00257,warehouse,W006,late_fg_receipts,2.0,lines
EVT00257,warehouse,W009,late_fg_receipts,1.0,lines
EVT00257,warehouse,W001,late_fg_receipts,1.0,lines
EVT00257,warehouse,W002,late_fg_receipts,1.0,lines
EVT00257,warehouse,W003,late_fg_receipts,1.0,lines
EVT00258,plant,P02,blocked_production_runs,15.0,runs
EVT00258,raw_material,RM0010,stockout_days,13.0,days
EVT00258,purchase_order_line,POL0042002,receipt_delay_days,13.0,days
EVT00258,purchase_order_line,POL0042489,receipt_delay_days,13.0,days
EVT00258,purchase_order_line,POL0017085,receipt_delay_days,12.0,days
EVT00258,purchase_order_line,POL0011327,receipt_delay_days,11.0,days
EVT00258,purchase_order_line,POL0029248,receipt_delay_days,14.0,days
EVT00258,purchase_order_line,POL0040137,receipt_delay_days,11.0,days
EVT00258,warehouse,W001,late_fg_receipts,3.0,lines
EVT00258,warehouse,W011,late_fg_receipts,3.0,lines
EVT00258,warehouse,W009,late_fg_receipts,2.0,lines
EVT00258,warehouse,W007,late_fg_receipts,2.0,lines
EVT00258,warehouse,W002,late_fg_receipts,2.0,lines
EVT00258,warehouse,W008,late_fg_receipts,1.0,lines
EVT00258,warehouse,W004,late_fg_receipts,1.0,lines
EVT00258,warehouse,W003,late_fg_receipts,1.0,lines
EVT00259,plant,P04,blocked_production_runs,9.0,runs
EVT00259,raw_material,RM0004,stockout_days,10.0,days
EVT00259,purchase_order_line,POL0044444,receipt_delay_days,10.0,days
EVT00259,purchase_order_line,POL0053201,receipt_delay_days,13.0,days
EVT00259,purchase_order_line,POL0019593,receipt_delay_days,9.0,days
EVT00259,purchase_order_line,POL0019595,receipt_delay_days,9.0,days
EVT00259,purchase_order_line,POL0046149,receipt_delay_days,8.0,days
EVT00259,purchase_order_line,POL0034486,receipt_delay_days,13.0,days
EVT00259,warehouse,W012,late_fg_receipts,2.0,lines
EVT00259,warehouse,W007,late_fg_receipts,2.0,lines
EVT00259,warehouse,W010,late_fg_receipts,2.0,lines
EVT00259,warehouse,W004,late_fg_receipts,1.0,lines
EVT00259,warehouse,W003,late_fg_receipts,1.0,lines
EVT00259,warehouse,W001,late_fg_receipts,1.0,lines
EVT00260,plant,P01,blocked_production_runs,9.0,runs
EVT00260,raw_material,RM0003,stockout_days,6.0,days
EVT00260,purchase_order_line,POL0032086,receipt_delay_days,10.0,days
EVT00260,purchase_order_line,POL0053899,receipt_delay_days,7.0,days
EVT00260,purchase_order_line,POL0047954,receipt_delay_days,5.0,days
EVT00260,purchase_order_line,POL0019758,receipt_delay_days,8.0,days
EVT00260,purchase_order_line,POL0038964,receipt_delay_days,11.0,days
EVT00260,purchase_order_line,POL0049154,receipt_delay_days,6.0,days
EVT00260,warehouse,W010,late_fg_receipts,3.0,lines
EVT00260,warehouse,W004,late_fg_receipts,2.0,lines
EVT00260,warehouse,W007,late_fg_receipts,1.0,lines
EVT00260,warehouse,W001,late_fg_receipts,1.0,lines
EVT00260,warehouse,W006,late_fg_receipts,1.0,lines
EVT00260,warehouse,W009,late_fg_receipts,1.0,lines
EVT00261,plant,P04,blocked_production_runs,9.0,runs
EVT00261,raw_material,RM0002,stockout_days,13.0,days
EVT00261,purchase_order_line,POL0010854,receipt_delay_days,13.0,days
EVT00261,purchase_order_line,POL0022893,receipt_delay_days,14.0,days
EVT00261,purchase_order_line,POL0033507,receipt_delay_days,12.0,days
EVT00261,purchase_order_line,POL0007894,receipt_delay_days,9.0,days
EVT00261,purchase_order_line,POL0034802,receipt_delay_days,8.0,days
EVT00261,purchase_order_line,POL0029270,receipt_delay_days,4.0,days
EVT00261,warehouse,W006,late_fg_receipts,3.0,lines
EVT00261,warehouse,W008,late_fg_receipts,2.0,lines
EVT00261,warehouse,W003,late_fg_receipts,2.0,lines
EVT00261,warehouse,W010,late_fg_receipts,1.0,lines
EVT00261,warehouse,W005,late_fg_receipts,1.0,lines
EVT00262,plant,P05,blocked_production_runs,2.0,runs
EVT00262,raw_material,RM0043,stockout_days,13.0,days
EVT00262,purchase_order_line,POL0013906,receipt_delay_days,13.0,days
EVT00262,purchase_order_line,POL0012919,receipt_delay_days,10.0,days
EVT00262,plant,P03,blocked_production_runs,1.0,runs
EVT00262,raw_material,RM0043,stockout_days,8.0,days
EVT00262,purchase_order_line,POL0005302,receipt_delay_days,9.0,days
EVT00262,warehouse,W006,late_fg_receipts,1.0,lines
EVT00262,warehouse,W008,late_fg_receipts,1.0,lines
EVT00262,warehouse,W005,late_fg_receipts,1.0,lines
EVT00263,plant,P04,blocked_production_runs,6.0,runs
EVT00263,raw_material,RM0005,stockout_days,9.0,days
EVT00263,purchase_order_line,POL0007897,receipt_delay_days,9.0,days
EVT00263,purchase_order_line,POL0019328,receipt_delay_days,8.0,days
EVT00263,purchase_order_line,POL0010640,receipt_delay_days,7.0,days
EVT00263,purchase_order_line,POL0008477,receipt_delay_days,3.0,days
EVT00263,purchase_order_line,POL0045518,receipt_delay_days,7.0,days
EVT00263,purchase_order_line,POL0008479,receipt_delay_days,3.0,days
EVT00263,warehouse,W012,late_fg_receipts,4.0,lines
EVT00263,warehouse,W006,late_fg_receipts,1.0,lines
EVT00263,warehouse,W007,late_fg_receipts,1.0,lines
EVT00264,plant,P02,blocked_production_runs,12.0,runs
EVT00264,raw_material,RM0008,stockout_days,12.0,days
EVT00264,purchase_order_line,POL0009565,receipt_delay_days,13.0,days
EVT00264,purchase_order_line,POL0017896,receipt_delay_days,14.0,days
EVT00264,purchase_order_line,POL0012916,receipt_delay_days,10.0,days
EVT00264,purchase_order_line,POL0053512,receipt_delay_days,14.0,days
EVT00264,purchase_order_line,POL0012918,receipt_delay_days,10.0,days
EVT00264,purchase_order_line,POL0042613,receipt_delay_days,8.0,days
EVT00264,plant,P05,blocked_production_runs,11.0,runs
EVT00264,raw_material,RM0008,stockout_days,10.0,days
EVT00264,purchase_order_line,POL0037013,receipt_delay_days,13.0,days
EVT00264,purchase_order_line,POL0045278,receipt_delay_days,13.0,days
EVT00264,purchase_order_line,POL0005304,receipt_delay_days,9.0,days
EVT00264,purchase_order_line,POL0037014,receipt_delay_days,13.0,days
EVT00264,purchase_order_line,POL0042599,receipt_delay_days,14.0,days
EVT00264,purchase_order_line,POL0050937,receipt_delay_days,5.0,days
EVT00264,warehouse,W005,late_fg_receipts,5.0,lines
EVT00264,warehouse,W011,late_fg_receipts,5.0,lines
EVT00264,warehouse,W002,late_fg_receipts,4.0,lines
EVT00264,warehouse,W008,late_fg_receipts,3.0,lines
EVT00264,warehouse,W006,late_fg_receipts,2.0,lines
EVT00264,warehouse,W001,late_fg_receipts,1.0,lines
EVT00264,warehouse,W010,late_fg_receipts,1.0,lines
EVT00264,warehouse,W012,late_fg_receipts,1.0,lines
EVT00264,warehouse,W009,late_fg_receipts,1.0,lines
EVT00265,plant,P02,blocked_production_runs,1.0,runs
EVT00265,raw_material,RM0028,stockout_days,7.0,days
EVT00265,purchase_order_line,POL0045519,receipt_delay_days,7.0,days
EVT00265,warehouse,W012,late_fg_receipts,1.0,lines
EVT00266,plant,P03,blocked_production_runs,11.0,runs
EVT00266,raw_material,RM0011,stockout_days,10.0,days
EVT00266,purchase_order_line,POL0042655,receipt_delay_days,10.0,days
EVT00266,purchase_order_line,POL0000480,receipt_delay_days,8.0,days
EVT00266,purchase_order_line,POL0052037,receipt_delay_days,14.0,days
EVT00266,purchase_order_line,POL0052367,receipt_delay_days,8.0,days
EVT00266,purchase_order_line,POL0046865,receipt_delay_days,4.0,days
EVT00266,purchase_order_line,POL0001413,receipt_delay_days,11.0,days
EVT00266,warehouse,W003,late_fg_receipts,4.0,lines
EVT00266,warehouse,W008,late_fg_receipts,3.0,lines
EVT00266,warehouse,W001,late_fg_receipts,1.0,lines
EVT00266,warehouse,W007,late_fg_receipts,1.0,lines
EVT00266,warehouse,W009,late_fg_receipts,1.0,lines
EVT00266,warehouse,W006,late_fg_receipts,1.0,lines
EVT00267,country,VN,avg_delay_days,7.2,days
EVT00267,country,VN,late_pos_7d,37.0,POs
EVT00268,plant,P02,blocked_production_runs,2.0,runs
EVT00268,raw_material,RM0043,stockout_days,13.0,days
EVT00268,purchase_order_line,POL0028755,receipt_delay_days,14.0,days
EVT00268,purchase_order_line,POL0040872,receipt_delay_days,10.0,days
EVT00268,warehouse,W009,late_fg_receipts,1.0,lines
EVT00268,warehouse,W012,late_fg_receipts,1.0,lines
EVT00269,plant,P05,blocked_production_runs,2.0,runs
EVT00269,raw_material,RM0014,stockout_days,14.0,days
EVT00269,purchase_order_line,POL0033637,receipt_delay_days,14.0,days
EVT00269,purchase_order_line,POL0004061,receipt_delay_days,9.0,days
EVT00269,warehouse,W005,late_fg_receipts,2.0,lines
EVT00270,product,IP00349,stockout_days,199.0,days
EVT00270,warehouse,W008,min_on_hand,-7.0,units
EVT00271,product,IP00600,unfulfilled_units,37.0,units
EVT00271,product,IP00600,demand_z,3.81,sigma
EVT00272,supplier,SUP0089,rejected_qty,2206.86,kg
EVT00272,supplier,SUP0089,rejected_lots,8.0,lots
EVT00273,plant,P01,blocked_production_runs,4.0,runs
EVT00273,raw_material,RM0048,stockout_days,12.0,days
EVT00273,purchase_order_line,POL0017600,receipt_delay_days,14.0,days
EVT00273,purchase_order_line,POL0000821,receipt_delay_days,13.0,days
EVT00273,purchase_order_line,POL0000822,receipt_delay_days,13.0,days
EVT00273,purchase_order_line,POL0012857,receipt_delay_days,11.0,days
EVT00273,warehouse,W002,late_fg_receipts,2.0,lines
EVT00273,warehouse,W010,late_fg_receipts,2.0,lines
EVT00274,plant,P05,blocked_production_runs,1.0,runs
EVT00274,raw_material,RM0043,stockout_days,13.0,days
EVT00274,purchase_order_line,POL0006819,receipt_delay_days,13.0,days
EVT00274,plant,P03,blocked_production_runs,1.0,runs
EVT00274,raw_material,RM0043,stockout_days,2.0,days
EVT00274,purchase_order_line,POL0013447,receipt_delay_days,3.0,days
EVT00274,warehouse,W009,late_fg_receipts,1.0,lines
EVT00274,warehouse,W002,late_fg_receipts,1.0,lines
EVT00275,plant,P04,blocked_production_runs,11.0,runs
EVT00275,raw_material,RM0008,stockout_days,9.0,days
EVT00275,purchase_order_line,POL0000779,receipt_delay_days,14.0,days
EVT00275,purchase_order_line,POL0020130,receipt_delay_days,8.0,days
EVT00275,purchase_order_line,POL0015353,receipt_delay_days,10.0,days
EVT00275,purchase_order_line,POL0035217,receipt_delay_days,14.0,days
EVT00275,purchase_order_line,POL0030589,receipt_delay_days,14.0,days
EVT00275,purchase_order_line,POL0039865,receipt_delay_days,13.0,days
EVT00275,plant,P02,blocked_production_runs,16.0,runs
EVT00275,raw_material,RM0008,stockout_days,11.0,days
EVT00275,purchase_order_line,POL0033305,receipt_delay_days,13.0,days
EVT00275,purchase_order_line,POL0049713,receipt_delay_days,12.0,days
EVT00275,purchase_order_line,POL0053611,receipt_delay_days,12.0,days
EVT00275,purchase_order_line,POL0018089,receipt_delay_days,13.0,days
EVT00275,purchase_order_line,POL0023486,receipt_delay_days,7.0,days
EVT00275,purchase_order_line,POL0029666,receipt_delay_days,6.0,days
EVT00275,warehouse,W001,late_fg_receipts,5.0,lines
EVT00275,warehouse,W007,late_fg_receipts,4.0,lines
EVT00275,warehouse,W002,late_fg_receipts,4.0,lines
EVT00275,warehouse,W004,late_fg_receipts,3.0,lines
EVT00275,warehouse,W005,late_fg_receipts,3.0,lines
EVT00275,warehouse,W012,late_fg_receipts,2.0,lines
EVT00275,warehouse,W003,late_fg_receipts,2.0,lines
EVT00275,warehouse,W011,late_fg_receipts,2.0,lines
EVT00275,warehouse,W006,late_fg_receipts,1.0,lines
EVT00275,warehouse,W009,late_fg_receipts,1.0,lines
EVT00276,plant,P01,blocked_production_runs,11.0,runs
EVT00276,raw_material,RM0007,stockout_days,13.0,days
EVT00276,purchase_order_line,POL0012599,receipt_delay_days,13.0,days
EVT00276,purchase_order_line,POL0044594,receipt_delay_days,13.0,days
EVT00276,purchase_order_line,POL0052128,receipt_delay_days,12.0,days
EVT00276,purchase_order_line,POL0026170,receipt_delay_days,14.0,days
EVT00276,purchase_order_line,POL0003389,receipt_delay_days,12.0,days
EVT00276,purchase_order_line,POL0003347,receipt_delay_days,14.0,days
EVT00276,warehouse,W001,late_fg_receipts,2.0,lines
EVT00276,warehouse,W006,late_fg_receipts,2.0,lines
EVT00276,warehouse,W010,late_fg_receipts,2.0,lines
EVT00276,warehouse,W007,late_fg_receipts,1.0,lines
EVT00276,warehouse,W009,late_fg_receipts,1.0,lines
EVT00276,warehouse,W002,late_fg_receipts,1.0,lines
EVT00276,warehouse,W004,late_fg_receipts,1.0,lines
EVT00276,warehouse,W005,late_fg_receipts,1.0,lines
EVT00277,plant,P02,blocked_production_runs,13.0,runs
EVT00277,raw_material,RM0011,stockout_days,11.0,days
EVT00277,purchase_order_line,POL0034109,receipt_delay_days,12.0,days
EVT00277,purchase_order_line,POL0036659,receipt_delay_days,10.0,days
EVT00277,purchase_order_line,POL0006534,receipt_delay_days,10.0,days
EVT00277,purchase_order_line,POL0015355,receipt_delay_days,10.0,days
EVT00277,purchase_order_line,POL0020134,receipt_delay_days,8.0,days
EVT00277,purchase_order_line,POL0015354,receipt_delay_days,10.0,days
EVT00277,warehouse,W001,late_fg_receipts,5.0,lines
EVT00277,warehouse,W002,late_fg_receipts,3.0,lines
EVT00277,warehouse,W012,late_fg_receipts,1.0,lines
EVT00277,warehouse,W004,late_fg_receipts,1.0,lines
EVT00277,warehouse,W007,late_fg_receipts,1.0,lines
EVT00277,warehouse,W010,late_fg_receipts,1.0,lines
EVT00277,warehouse,W009,late_fg_receipts,1.0,lines
EVT00278,supplier,SUP0082,late_rate_7d,75.0,pct
EVT00278,supplier,SUP0082,avg_delay_days,7.9,days
EVT00278,supplier,SUP0082,short_or_cancelled_pos,3.0,POs
EVT00279,supplier,SUP0135,late_rate_7d,50.0,pct
EVT00279,supplier,SUP0135,avg_delay_days,10.5,days
EVT00279,supplier,SUP0135,short_or_cancelled_pos,3.0,POs
EVT00280,supplier,SUP0119,late_rate_7d,50.0,pct
EVT00280,supplier,SUP0119,avg_delay_days,5.4,days
EVT00280,supplier,SUP0119,short_or_cancelled_pos,5.0,POs
EVT00281,supplier,SUP0051,late_rate_7d,85.7,pct
EVT00281,supplier,SUP0051,avg_delay_days,10.7,days
EVT00281,supplier,SUP0051,short_or_cancelled_pos,1.0,POs
EVT00282,plant,P05,blocked_production_runs,6.0,runs
EVT00282,raw_material,RM0004,stockout_days,9.0,days
EVT00282,purchase_order_line,POL0020700,receipt_delay_days,9.0,days
EVT00282,purchase_order_line,POL0016131,receipt_delay_days,8.0,days
EVT00282,purchase_order_line,POL0003779,receipt_delay_days,8.0,days
EVT00282,purchase_order_line,POL0026821,receipt_delay_days,9.0,days
EVT00282,purchase_order_line,POL0002190,receipt_delay_days,14.0,days
EVT00282,purchase_order_line,POL0002191,receipt_delay_days,14.0,days
EVT00282,warehouse,W010,late_fg_receipts,3.0,lines
EVT00282,warehouse,W012,late_fg_receipts,2.0,lines
EVT00282,warehouse,W008,late_fg_receipts,1.0,lines
EVT00283,product,IP02071,bom_lines_changed,1.0,lines
EVT00284,plant,P03,blocked_production_runs,15.0,runs
EVT00284,raw_material,RM0009,stockout_days,10.0,days
EVT00284,purchase_order_line,POL0022463,receipt_delay_days,12.0,days
EVT00284,purchase_order_line,POL0022466,receipt_delay_days,12.0,days
EVT00284,purchase_order_line,POL0018789,receipt_delay_days,8.0,days
EVT00284,purchase_order_line,POL0005417,receipt_delay_days,8.0,days
EVT00284,purchase_order_line,POL0029693,receipt_delay_days,14.0,days
EVT00284,purchase_order_line,POL0033585,receipt_delay_days,14.0,days
EVT00284,warehouse,W008,late_fg_receipts,5.0,lines
EVT00284,warehouse,W001,late_fg_receipts,4.0,lines
EVT00284,warehouse,W002,late_fg_receipts,2.0,lines
EVT00284,warehouse,W003,late_fg_receipts,1.0,lines
EVT00284,warehouse,W011,late_fg_receipts,1.0,lines
EVT00284,warehouse,W004,late_fg_receipts,1.0,lines
EVT00284,warehouse,W010,late_fg_receipts,1.0,lines
EVT00285,plant,P02,blocked_production_runs,12.0,runs
EVT00285,raw_material,RM0005,stockout_days,9.0,days
EVT00285,purchase_order_line,POL0042223,receipt_delay_days,9.0,days
EVT00285,purchase_order_line,POL0006588,receipt_delay_days,11.0,days
EVT00285,purchase_order_line,POL0047769,receipt_delay_days,7.0,days
EVT00285,purchase_order_line,POL0003111,receipt_delay_days,8.0,days
EVT00285,purchase_order_line,POL0009991,receipt_delay_days,13.0,days
EVT00285,purchase_order_line,POL0045246,receipt_delay_days,14.0,days
EVT00285,warehouse,W001,late_fg_receipts,2.0,lines
EVT00285,warehouse,W004,late_fg_receipts,2.0,lines
EVT00285,warehouse,W012,late_fg_receipts,2.0,lines
EVT00285,warehouse,W006,late_fg_receipts,2.0,lines
EVT00285,warehouse,W008,late_fg_receipts,1.0,lines
EVT00285,warehouse,W003,late_fg_receipts,1.0,lines
EVT00285,warehouse,W002,late_fg_receipts,1.0,lines
EVT00285,warehouse,W010,late_fg_receipts,1.0,lines
EVT00286,plant,P01,blocked_production_runs,1.0,runs
EVT00286,raw_material,RM0043,stockout_days,4.0,days
EVT00286,purchase_order_line,POL0008023,receipt_delay_days,4.0,days
EVT00286,plant,P04,blocked_production_runs,1.0,runs
EVT00286,raw_material,RM0043,stockout_days,3.0,days
EVT00286,purchase_order_line,POL0014759,receipt_delay_days,4.0,days
EVT00286,plant,P02,blocked_production_runs,3.0,runs
EVT00286,raw_material,RM0043,stockout_days,8.0,days
EVT00286,purchase_order_line,POL0000923,receipt_delay_days,9.0,days
EVT00286,purchase_order_line,POL0033170,receipt_delay_days,6.0,days
EVT00286,purchase_order_line,POL0026793,receipt_delay_days,12.0,days
EVT00286,plant,P05,blocked_production_runs,3.0,runs
EVT00286,raw_material,RM0043,stockout_days,10.0,days
EVT00286,purchase_order_line,POL0033258,receipt_delay_days,14.0,days
EVT00286,purchase_order_line,POL0031217,receipt_delay_days,9.0,days
EVT00286,purchase_order_line,POL0024380,receipt_delay_days,7.0,days
EVT00286,warehouse,W005,late_fg_receipts,3.0,lines
EVT00286,warehouse,W006,late_fg_receipts,2.0,lines
EVT00286,warehouse,W010,late_fg_receipts,1.0,lines
EVT00286,warehouse,W008,late_fg_receipts,1.0,lines
EVT00286,warehouse,W011,late_fg_receipts,1.0,lines
EVT00287,plant,P01,blocked_production_runs,1.0,runs
EVT00287,raw_material,RM0034,stockout_days,3.0,days
EVT00287,purchase_order_line,POL0045064,receipt_delay_days,3.0,days
EVT00287,plant,P02,blocked_production_runs,2.0,runs
EVT00287,raw_material,RM0034,stockout_days,8.0,days
EVT00287,purchase_order_line,POL0001736,receipt_delay_days,8.0,days
EVT00287,purchase_order_line,POL0047865,receipt_delay_days,5.0,days
EVT00287,plant,P03,blocked_production_runs,1.0,runs
EVT00287,raw_material,RM0034,stockout_days,12.0,days
EVT00287,purchase_order_line,POL0023745,receipt_delay_days,13.0,days
EVT00287,plant,P04,blocked_production_runs,1.0,runs
EVT00287,raw_material,RM0034,stockout_days,4.0,days
EVT00287,purchase_order_line,POL0024550,receipt_delay_days,4.0,days
EVT00287,warehouse,W004,late_fg_receipts,1.0,lines
EVT00287,warehouse,W010,late_fg_receipts,1.0,lines
EVT00287,warehouse,W003,late_fg_receipts,1.0,lines
EVT00287,warehouse,W005,late_fg_receipts,1.0,lines
EVT00287,warehouse,W002,late_fg_receipts,1.0,lines
EVT00288,supplier,SUP0118,late_pos,43.0,POs
EVT00288,supplier,SUP0118,avg_slip_days,13.3,days
EVT00289,plant,P01,blocked_production_runs,9.0,runs
EVT00289,raw_material,RM0002,stockout_days,11.0,days
EVT00289,purchase_order_line,POL0010525,receipt_delay_days,14.0,days
EVT00289,purchase_order_line,POL0016596,receipt_delay_days,13.0,days
EVT00289,purchase_order_line,POL0044089,receipt_delay_days,9.0,days
EVT00289,purchase_order_line,POL0034501,receipt_delay_days,6.0,days
EVT00289,purchase_order_line,POL0047668,receipt_delay_days,9.0,days
EVT00289,purchase_order_line,POL0047667,receipt_delay_days,9.0,days
EVT00289,warehouse,W008,late_fg_receipts,2.0,lines
EVT00289,warehouse,W004,late_fg_receipts,2.0,lines
EVT00289,warehouse,W001,late_fg_receipts,2.0,lines
EVT00289,warehouse,W003,late_fg_receipts,1.0,lines
EVT00289,warehouse,W005,late_fg_receipts,1.0,lines
EVT00289,warehouse,W009,late_fg_receipts,1.0,lines
EVT00290,plant,P02,blocked_production_runs,5.0,runs
EVT00290,raw_material,RM0110,stockout_days,13.0,days
EVT00290,purchase_order_line,POL0015065,receipt_delay_days,13.0,days
EVT00290,purchase_order_line,POL0037965,receipt_delay_days,10.0,days
EVT00290,purchase_order_line,POL0011063,receipt_delay_days,6.0,days
EVT00290,purchase_order_line,POL0030947,receipt_delay_days,3.0,days
EVT00290,purchase_order_line,POL0031915,receipt_delay_days,13.0,days
EVT00290,warehouse,W009,late_fg_receipts,1.0,lines
EVT00290,warehouse,W004,late_fg_receipts,1.0,lines
EVT00290,warehouse,W008,late_fg_receipts,1.0,lines
EVT00290,warehouse,W007,late_fg_receipts,1.0,lines
EVT00290,warehouse,W002,late_fg_receipts,1.0,lines
EVT00291,plant,P05,blocked_production_runs,2.0,runs
EVT00291,raw_material,RM0077,stockout_days,9.0,days
EVT00291,purchase_order_line,POL0039441,receipt_delay_days,11.0,days
EVT00291,purchase_order_line,POL0051290,receipt_delay_days,2.0,days
EVT00291,plant,P04,blocked_production_runs,2.0,runs
EVT00291,raw_material,RM0077,stockout_days,5.0,days
EVT00291,purchase_order_line,POL0021396,receipt_delay_days,7.0,days
EVT00291,purchase_order_line,POL0023100,receipt_delay_days,5.0,days
EVT00291,plant,P01,blocked_production_runs,3.0,runs
EVT00291,raw_material,RM0077,stockout_days,5.0,days
EVT00291,purchase_order_line,POL0001626,receipt_delay_days,7.0,days
EVT00291,purchase_order_line,POL0016594,receipt_delay_days,4.0,days
EVT00291,purchase_order_line,POL0029872,receipt_delay_days,7.0,days
EVT00291,warehouse,W011,late_fg_receipts,3.0,lines
EVT00291,warehouse,W004,late_fg_receipts,2.0,lines
EVT00291,warehouse,W010,late_fg_receipts,1.0,lines
EVT00291,warehouse,W008,late_fg_receipts,1.0,lines
EVT00292,plant,P01,blocked_production_runs,7.0,runs
EVT00292,raw_material,RM0012,stockout_days,14.0,days
EVT00292,purchase_order_line,POL0013923,receipt_delay_days,14.0,days
EVT00292,purchase_order_line,POL0045388,receipt_delay_days,11.0,days
EVT00292,purchase_order_line,POL0001054,receipt_delay_days,12.0,days
EVT00292,purchase_order_line,POL0038361,receipt_delay_days,6.0,days
EVT00292,purchase_order_line,POL0038426,receipt_delay_days,11.0,days
EVT00292,purchase_order_line,POL0044884,receipt_delay_days,10.0,days
EVT00292,warehouse,W004,late_fg_receipts,3.0,lines
EVT00292,warehouse,W010,late_fg_receipts,2.0,lines
EVT00292,warehouse,W005,late_fg_receipts,1.0,lines
EVT00292,warehouse,W012,late_fg_receipts,1.0,lines
EVT00293,plant,P04,blocked_production_runs,1.0,runs
EVT00293,raw_material,RM0073,stockout_days,6.0,days
EVT00293,purchase_order_line,POL0013431,receipt_delay_days,6.0,days
EVT00293,plant,P02,blocked_production_runs,1.0,runs
EVT00293,raw_material,RM0073,stockout_days,5.0,days
EVT00293,purchase_order_line,POL0041502,receipt_delay_days,5.0,days
EVT00293,plant,P03,blocked_production_runs,1.0,runs
EVT00293,raw_material,RM0073,stockout_days,5.0,days
EVT00293,purchase_order_line,POL0050173,receipt_delay_days,5.0,days
EVT00293,plant,P05,blocked_production_runs,1.0,runs
EVT00293,raw_material,RM0073,stockout_days,7.0,days
EVT00293,purchase_order_line,POL0035621,receipt_delay_days,8.0,days
EVT00293,plant,P01,blocked_production_runs,3.0,runs
EVT00293,raw_material,RM0073,stockout_days,11.0,days
EVT00293,purchase_order_line,POL0022073,receipt_delay_days,11.0,days
EVT00293,purchase_order_line,POL0024617,receipt_delay_days,11.0,days
EVT00293,purchase_order_line,POL0000431,receipt_delay_days,6.0,days
EVT00293,warehouse,W001,late_fg_receipts,2.0,lines
EVT00293,warehouse,W002,late_fg_receipts,2.0,lines
EVT00293,warehouse,W006,late_fg_receipts,1.0,lines
EVT00293,warehouse,W011,late_fg_receipts,1.0,lines
EVT00293,warehouse,W005,late_fg_receipts,1.0,lines
EVT00294,plant,P02,blocked_production_runs,2.0,runs
EVT00294,raw_material,RM0134,stockout_days,6.0,days
EVT00294,purchase_order_line,POL0043897,receipt_delay_days,6.0,days
EVT00294,purchase_order_line,POL0010961,receipt_delay_days,5.0,days
EVT00294,warehouse,W002,late_fg_receipts,1.0,lines
EVT00294,warehouse,W011,late_fg_receipts,1.0,lines
EVT00295,plant,P03,blocked_production_runs,16.0,runs
EVT00295,raw_material,RM0007,stockout_days,13.0,days
EVT00295,purchase_order_line,POL0019731,receipt_delay_days,13.0,days
EVT00295,purchase_order_line,POL0053464,receipt_delay_days,13.0,days
EVT00295,purchase_order_line,POL0002645,receipt_delay_days,14.0,days
EVT00295,purchase_order_line,POL0010460,receipt_delay_days,8.0,days
EVT00295,purchase_order_line,POL0015958,receipt_delay_days,9.0,days
EVT00295,purchase_order_line,POL0032951,receipt_delay_days,9.0,days
EVT00295,warehouse,W008,late_fg_receipts,4.0,lines
EVT00295,warehouse,W002,late_fg_receipts,3.0,lines
EVT00295,warehouse,W006,late_fg_receipts,2.0,lines
EVT00295,warehouse,W004,late_fg_receipts,2.0,lines
EVT00295,warehouse,W003,late_fg_receipts,1.0,lines
EVT00295,warehouse,W010,late_fg_receipts,1.0,lines
EVT00295,warehouse,W009,late_fg_receipts,1.0,lines
EVT00295,warehouse,W001,late_fg_receipts,1.0,lines
EVT00295,warehouse,W005,late_fg_receipts,1.0,lines
EVT00296,plant,P03,blocked_production_runs,1.0,runs
EVT00296,raw_material,RM0043,stockout_days,5.0,days
EVT00296,purchase_order_line,POL0034041,receipt_delay_days,6.0,days
EVT00296,plant,P02,blocked_production_runs,1.0,runs
EVT00296,raw_material,RM0043,stockout_days,3.0,days
EVT00296,purchase_order_line,POL0033981,receipt_delay_days,3.0,days
EVT00296,plant,P01,blocked_production_runs,1.0,runs
EVT00296,raw_material,RM0043,stockout_days,6.0,days
EVT00296,purchase_order_line,POL0035208,receipt_delay_days,6.0,days
EVT00296,warehouse,W001,late_fg_receipts,1.0,lines
EVT00296,warehouse,W003,late_fg_receipts,1.0,lines
EVT00296,warehouse,W004,late_fg_receipts,1.0,lines
EVT00297,plant,P03,blocked_production_runs,2.0,runs
EVT00297,raw_material,RM0077,stockout_days,13.0,days
EVT00297,purchase_order_line,POL0013338,receipt_delay_days,14.0,days
EVT00297,purchase_order_line,POL0003464,receipt_delay_days,11.0,days
EVT00297,plant,P02,blocked_production_runs,1.0,runs
EVT00297,raw_material,RM0077,stockout_days,3.0,days
EVT00297,purchase_order_line,POL0051134,receipt_delay_days,4.0,days
EVT00297,warehouse,W001,late_fg_receipts,2.0,lines
EVT00297,warehouse,W011,late_fg_receipts,1.0,lines
EVT00298,raw_material,RM0006,price_change_pct,10.5,pct
EVT00298,raw_material,RM0012,price_change_pct,10.8,pct
EVT00298,raw_material,RM0082,price_change_pct,7.5,pct
EVT00298,raw_material,RM0083,price_change_pct,8.6,pct
EVT00298,raw_material,RM0084,price_change_pct,10.0,pct
EVT00298,raw_material,RM0085,price_change_pct,7.6,pct
EVT00298,raw_material,RM0086,price_change_pct,6.6,pct
EVT00298,raw_material,RM0087,price_change_pct,11.7,pct
EVT00299,supplier,SUP0089,rejected_qty,911.41,kg
EVT00299,supplier,SUP0089,rejected_lots,4.0,lots
EVT00300,plant,P01,blocked_production_runs,1.0,runs
EVT00300,raw_material,RM0034,stockout_days,10.0,days
EVT00300,purchase_order_line,POL0038449,receipt_delay_days,11.0,days
EVT00300,plant,P03,blocked_production_runs,1.0,runs
EVT00300,raw_material,RM0034,stockout_days,9.0,days
EVT00300,purchase_order_line,POL0053402,receipt_delay_days,9.0,days
EVT00300,plant,P02,blocked_production_runs,4.0,runs
EVT00300,raw_material,RM0034,stockout_days,12.0,days
EVT00300,purchase_order_line,POL0005841,receipt_delay_days,12.0,days
EVT00300,purchase_order_line,POL0041828,receipt_delay_days,14.0,days
EVT00300,purchase_order_line,POL0000370,receipt_delay_days,6.0,days
EVT00300,purchase_order_line,POL0000448,receipt_delay_days,14.0,days
EVT00300,plant,P05,blocked_production_runs,1.0,runs
EVT00300,raw_material,RM0034,stockout_days,5.0,days
EVT00300,purchase_order_line,POL0029997,receipt_delay_days,5.0,days
EVT00300,warehouse,W010,late_fg_receipts,2.0,lines
EVT00300,warehouse,W001,late_fg_receipts,1.0,lines
EVT00300,warehouse,W003,late_fg_receipts,1.0,lines
EVT00300,warehouse,W006,late_fg_receipts,1.0,lines
EVT00300,warehouse,W011,late_fg_receipts,1.0,lines
EVT00300,warehouse,W012,late_fg_receipts,1.0,lines
EVT00301,plant,P05,blocked_production_runs,4.0,runs
EVT00301,raw_material,RM0010,stockout_days,7.0,days
EVT00301,purchase_order_line,POL0028951,receipt_delay_days,11.0,days
EVT00301,purchase_order_line,POL0013944,receipt_delay_days,5.0,days
EVT00301,purchase_order_line,POL0044046,receipt_delay_days,9.0,days
EVT00301,purchase_order_line,POL0044044,receipt_delay_days,9.0,days
EVT00301,warehouse,W005,late_fg_receipts,3.0,lines
EVT00301,warehouse,W004,late_fg_receipts,1.0,lines
EVT00302,plant,P04,blocked_production_runs,1.0,runs
EVT00302,raw_material,RM0133,stockout_days,4.0,days
EVT00302,purchase_order_line,POL0003462,receipt_delay_days,5.0,days
EVT00302,warehouse,W007,late_fg_receipts,1.0,lines
EVT00303,plant,P02,blocked_production_runs,1.0,runs
EVT00303,raw_material,RM0073,stockout_days,4.0,days
EVT00303,purchase_order_line,POL0050607,receipt_delay_days,4.0,days
EVT00303,warehouse,W001,late_fg_receipts,1.0,lines
EVT00304,product,IP00887,bom_lines_changed,1.0,lines
EVT00305,purchase_order,RMPO026030,slip_days,14.0,days
EVT00305,plant,P03,projected_shortage_days,22.0,days
EVT00306,plant,P05,blocked_production_runs,1.0,runs
EVT00306,raw_material,RM0043,stockout_days,9.0,days
EVT00306,purchase_order_line,POL0007283,receipt_delay_days,10.0,days
EVT00306,plant,P03,blocked_production_runs,1.0,runs
EVT00306,raw_material,RM0043,stockout_days,2.0,days
EVT00306,purchase_order_line,POL0004576,receipt_delay_days,3.0,days
EVT00306,warehouse,W012,late_fg_receipts,1.0,lines
EVT00306,warehouse,W009,late_fg_receipts,1.0,lines
EVT00307,product,IP00333,unfulfilled_units,71.0,units
EVT00307,product,IP00333,demand_z,3.67,sigma
EVT00308,product,IP01778,unfulfilled_units,64.0,units
EVT00308,product,IP01778,demand_z,3.64,sigma
EVT00309,plant,P04,blocked_production_runs,6.0,runs
EVT00309,raw_material,RM0006,stockout_days,7.0,days
EVT00309,purchase_order_line,POL0024580,receipt_delay_days,9.0,days
EVT00309,purchase_order_line,POL0020978,receipt_delay_days,11.0,days
EVT00309,purchase_order_line,POL0045148,receipt_delay_days,4.0,days
EVT00309,purchase_order_line,POL0008680,receipt_delay_days,3.0,days
EVT00309,purchase_order_line,POL0038998,receipt_delay_days,13.0,days
EVT00309,purchase_order_line,POL0007771,receipt_delay_days,14.0,days
EVT00309,warehouse,W003,late_fg_receipts,2.0,lines
EVT00309,warehouse,W005,late_fg_receipts,2.0,lines
EVT00309,warehouse,W007,late_fg_receipts,1.0,lines
EVT00309,warehouse,W006,late_fg_receipts,1.0,lines
EVT00310,plant,P03,blocked_production_runs,1.0,runs
EVT00310,raw_material,RM0109,stockout_days,7.0,days
EVT00310,purchase_order_line,POL0043233,receipt_delay_days,7.0,days
EVT00310,warehouse,W003,late_fg_receipts,1.0,lines
EVT00311,supplier,SUP0170,late_rate_7d,100.0,pct
EVT00311,supplier,SUP0170,avg_delay_days,11.2,days
EVT00311,supplier,SUP0170,short_or_cancelled_pos,1.0,POs
EVT00312,supplier,SUP0039,late_rate_7d,85.7,pct
EVT00312,supplier,SUP0039,avg_delay_days,9.7,days
EVT00312,supplier,SUP0039,short_or_cancelled_pos,2.0,POs
EVT00313,supplier,SUP0072,late_rate_7d,100.0,pct
EVT00313,supplier,SUP0072,avg_delay_days,12.2,days
EVT00313,supplier,SUP0072,short_or_cancelled_pos,0.0,POs
EVT00314,supplier,SUP0074,late_rate_7d,66.7,pct
EVT00314,supplier,SUP0074,avg_delay_days,8.4,days
EVT00314,supplier,SUP0074,short_or_cancelled_pos,3.0,POs
EVT00315,warehouse,W005,adjustment_units,-88.0,units
EVT00316,supplier,SUP0125,rejected_qty,4.14,kg
EVT00316,supplier,SUP0125,rejected_lots,1.0,lots
EVT00317,plant,P04,blocked_production_runs,2.0,runs
EVT00317,raw_material,RM0082,stockout_days,8.0,days
EVT00317,purchase_order_line,POL0040748,receipt_delay_days,9.0,days
EVT00317,purchase_order_line,POL0044280,receipt_delay_days,14.0,days
EVT00317,warehouse,W002,late_fg_receipts,1.0,lines
EVT00317,warehouse,W007,late_fg_receipts,1.0,lines
EVT00318,plant,P01,blocked_production_runs,11.0,runs
EVT00318,raw_material,RM0011,stockout_days,11.0,days
EVT00318,purchase_order_line,POL0025562,receipt_delay_days,14.0,days
EVT00318,purchase_order_line,POL0051932,receipt_delay_days,8.0,days
EVT00318,purchase_order_line,POL0051934,receipt_delay_days,8.0,days
EVT00318,purchase_order_line,POL0011509,receipt_delay_days,9.0,days
EVT00318,purchase_order_line,POL0032239,receipt_delay_days,10.0,days
EVT00318,purchase_order_line,POL0026413,receipt_delay_days,6.0,days
EVT00318,plant,P02,blocked_production_runs,12.0,runs
EVT00318,raw_material,RM0011,stockout_days,11.0,days
EVT00318,purchase_order_line,POL0004354,receipt_delay_days,14.0,days
EVT00318,purchase_order_line,POL0017759,receipt_delay_days,10.0,days
EVT00318,purchase_order_line,POL0025383,receipt_delay_days,10.0,days
EVT00318,purchase_order_line,POL0046242,receipt_delay_days,10.0,days
EVT00318,purchase_order_line,POL0046243,receipt_delay_days,10.0,days
EVT00318,purchase_order_line,POL0023149,receipt_delay_days,13.0,days
EVT00318,plant,P03,blocked_production_runs,12.0,runs
EVT00318,raw_material,RM0011,stockout_days,14.0,days
EVT00318,purchase_order_line,POL0004358,receipt_delay_days,14.0,days
EVT00318,purchase_order_line,POL0048717,receipt_delay_days,14.0,days
EVT00318,purchase_order_line,POL0023147,receipt_delay_days,13.0,days
EVT00318,purchase_order_line,POL0014922,receipt_delay_days,13.0,days
EVT00318,purchase_order_line,POL0032967,receipt_delay_days,12.0,days
EVT00318,purchase_order_line,POL0013252,receipt_delay_days,8.0,days
EVT00318,warehouse,W006,late_fg_receipts,5.0,lines
EVT00318,warehouse,W011,late_fg_receipts,5.0,lines
EVT00318,warehouse,W008,late_fg_receipts,5.0,lines
EVT00318,warehouse,W010,late_fg_receipts,5.0,lines
EVT00318,warehouse,W004,late_fg_receipts,3.0,lines
EVT00318,warehouse,W009,late_fg_receipts,3.0,lines
EVT00318,warehouse,W012,late_fg_receipts,3.0,lines
EVT00318,warehouse,W002,late_fg_receipts,2.0,lines
EVT00318,warehouse,W007,late_fg_receipts,2.0,lines
EVT00318,warehouse,W005,late_fg_receipts,1.0,lines
EVT00318,warehouse,W003,late_fg_receipts,1.0,lines
EVT00319,plant,P04,blocked_production_runs,4.0,runs
EVT00319,raw_material,RM0122,stockout_days,11.0,days
EVT00319,purchase_order_line,POL0038463,receipt_delay_days,13.0,days
EVT00319,purchase_order_line,POL0051931,receipt_delay_days,8.0,days
EVT00319,purchase_order_line,POL0006202,receipt_delay_days,6.0,days
EVT00319,purchase_order_line,POL0006204,receipt_delay_days,6.0,days
EVT00319,warehouse,W007,late_fg_receipts,2.0,lines
EVT00319,warehouse,W006,late_fg_receipts,1.0,lines
EVT00319,warehouse,W011,late_fg_receipts,1.0,lines
EVT00320,plant,P03,blocked_production_runs,1.0,runs
EVT00320,raw_material,RM0049,stockout_days,8.0,days
EVT00320,purchase_order_line,POL0051935,receipt_delay_days,8.0,days
EVT00320,plant,P05,blocked_production_runs,1.0,runs
EVT00320,raw_material,RM0049,stockout_days,1.0,days
EVT00320,purchase_order_line,POL0027958,receipt_delay_days,2.0,days
EVT00320,warehouse,W011,late_fg_receipts,1.0,lines
EVT00320,warehouse,W007,late_fg_receipts,1.0,lines
EVT00321,plant,P02,blocked_production_runs,5.0,runs
EVT00321,raw_material,RM0020,stockout_days,7.0,days
EVT00321,purchase_order_line,POL0025384,receipt_delay_days,10.0,days
EVT00321,purchase_order_line,POL0023655,receipt_delay_days,5.0,days
EVT00321,purchase_order_line,POL0038604,receipt_delay_days,6.0,days
EVT00321,purchase_order_line,POL0043949,receipt_delay_days,11.0,days
EVT00321,purchase_order_line,POL0039742,receipt_delay_days,2.0,days
EVT00321,warehouse,W002,late_fg_receipts,2.0,lines
EVT00321,warehouse,W012,late_fg_receipts,1.0,lines
EVT00321,warehouse,W003,late_fg_receipts,1.0,lines
EVT00321,warehouse,W004,late_fg_receipts,1.0,lines
EVT00322,country,CN,affected_rm_pos,81.0,POs
EVT00322,supplier,SUP0026,avg_slip_days,6.9,days
EVT00322,supplier,SUP0042,avg_slip_days,8.0,days
EVT00322,supplier,SUP0079,avg_slip_days,6.3,days
EVT00322,supplier,SUP0086,avg_slip_days,3.0,days
EVT00322,supplier,SUP0089,avg_slip_days,7.2,days
EVT00322,supplier,SUP0095,avg_slip_days,10.4,days
EVT00322,supplier,SUP0135,avg_slip_days,7.5,days
EVT00322,supplier,SUP0136,avg_slip_days,10.2,days
EVT00322,supplier,SUP0137,avg_slip_days,9.4,days
EVT00322,supplier,SUP0141,avg_slip_days,4.7,days
EVT00322,supplier,SUP0145,avg_slip_days,5.0,days
EVT00322,supplier,SUP0152,avg_slip_days,4.0,days
EVT00322,supplier,SUP0153,avg_slip_days,5.8,days
EVT00322,supplier,SUP0164,avg_slip_days,5.6,days
EVT00322,supplier,SUP0185,avg_slip_days,13.4,days
EVT00323,plant,P01,blocked_production_runs,9.0,runs
EVT00323,raw_material,RM0005,stockout_days,12.0,days
EVT00323,purchase_order_line,POL0011665,receipt_delay_days,13.0,days
EVT00323,purchase_order_line,POL0027938,receipt_delay_days,11.0,days
EVT00323,purchase_order_line,POL0000581,receipt_delay_days,14.0,days
EVT00323,purchase_order_line,POL0046246,receipt_delay_days,10.0,days
EVT00323,purchase_order_line,POL0005899,receipt_delay_days,5.0,days
EVT00323,purchase_order_line,POL0036445,receipt_delay_days,9.0,days
EVT00323,warehouse,W005,late_fg_receipts,2.0,lines
EVT00323,warehouse,W002,late_fg_receipts,2.0,lines
EVT00323,warehouse,W008,late_fg_receipts,1.0,lines
EVT00323,warehouse,W012,late_fg_receipts,1.0,lines
EVT00323,warehouse,W011,late_fg_receipts,1.0,lines
EVT00323,warehouse,W006,late_fg_receipts,1.0,lines
EVT00323,warehouse,W010,late_fg_receipts,1.0,lines
EVT00324,plant,P03,blocked_production_runs,8.0,runs
EVT00324,raw_material,RM0010,stockout_days,13.0,days
EVT00324,purchase_order_line,POL0011663,receipt_delay_days,13.0,days
EVT00324,purchase_order_line,POL0000582,receipt_delay_days,14.0,days
EVT00324,purchase_order_line,POL0043603,receipt_delay_days,13.0,days
EVT00324,purchase_order_line,POL0014924,receipt_delay_days,13.0,days
EVT00324,purchase_order_line,POL0025364,receipt_delay_days,12.0,days
EVT00324,purchase_order_line,POL0048025,receipt_delay_days,14.0,days
EVT00324,plant,P02,blocked_production_runs,11.0,runs
EVT00324,raw_material,RM0010,stockout_days,13.0,days
EVT00324,purchase_order_line,POL0014921,receipt_delay_days,13.0,days
EVT00324,purchase_order_line,POL0044536,receipt_delay_days,14.0,days
EVT00324,purchase_order_line,POL0005089,receipt_delay_days,12.0,days
EVT00324,purchase_order_line,POL0005090,receipt_delay_days,12.0,days
EVT00324,purchase_order_line,POL0009093,receipt_delay_days,10.0,days
EVT00324,purchase_order_line,POL0025365,receipt_delay_days,12.0,days
EVT00324,plant,P04,blocked_production_runs,5.0,runs
EVT00324,raw_material,RM0010,stockout_days,9.0,days
EVT00324,purchase_order_line,POL0050293,receipt_delay_days,10.0,days
EVT00324,purchase_order_line,POL0044726,receipt_delay_days,8.0,days
EVT00324,purchase_order_line,POL0043951,receipt_delay_days,11.0,days
EVT00324,purchase_order_line,POL0022025,receipt_delay_days,3.0,days
EVT00324,purchase_order_line,POL0022027,receipt_delay_days,3.0,days
EVT00324,plant,P05,blocked_production_runs,11.0,runs
EVT00324,raw_material,RM0010,stockout_days,9.0,days
EVT00324,purchase_order_line,POL0001298,receipt_delay_days,9.0,days
EVT00324,purchase_order_line,POL0013251,receipt_delay_days,8.0,days
EVT00324,purchase_order_line,POL0032964,receipt_delay_days,12.0,days
EVT00324,purchase_order_line,POL0036446,receipt_delay_days,9.0,days
EVT00324,purchase_order_line,POL0005900,receipt_delay_days,5.0,days
EVT00324,purchase_order_line,POL0037389,receipt_delay_days,7.0,days
EVT00324,plant,P01,blocked_production_runs,9.0,runs
EVT00324,raw_material,RM0010,stockout_days,9.0,days
EVT00324,purchase_order_line,POL0038808,receipt_delay_days,9.0,days
EVT00324,purchase_order_line,POL0004697,receipt_delay_days,14.0,days
EVT00324,purchase_order_line,POL0004701,receipt_delay_days,14.0,days
EVT00324,purchase_order_line,POL0012698,receipt_delay_days,14.0,days
EVT00324,purchase_order_line,POL0002803,receipt_delay_days,5.0,days
EVT00324,purchase_order_line,POL0012215,receipt_delay_days,13.0,days
EVT00324,warehouse,W003,late_fg_receipts,7.0,lines
EVT00324,warehouse,W011,late_fg_receipts,5.0,lines
EVT00324,warehouse,W012,late_fg_receipts,5.0,lines
EVT00324,warehouse,W010,late_fg_receipts,5.0,lines
EVT00324,warehouse,W009,late_fg_receipts,4.0,lines
EVT00324,warehouse,W005,late_fg_receipts,4.0,lines
EVT00324,warehouse,W008,late_fg_receipts,3.0,lines
EVT00324,warehouse,W007,late_fg_receipts,3.0,lines
EVT00324,warehouse,W004,late_fg_receipts,3.0,lines
EVT00324,warehouse,W001,late_fg_receipts,2.0,lines
EVT00324,warehouse,W006,late_fg_receipts,2.0,lines
EVT00324,warehouse,W002,late_fg_receipts,1.0,lines
EVT00325,plant,P04,blocked_production_runs,13.0,runs
EVT00325,raw_material,RM0011,stockout_days,10.0,days
EVT00325,purchase_order_line,POL0030026,receipt_delay_days,13.0,days
EVT00325,purchase_order_line,POL0035663,receipt_delay_days,8.0,days
EVT00325,purchase_order_line,POL0050294,receipt_delay_days,10.0,days
EVT00325,purchase_order_line,POL0001557,receipt_delay_days,9.0,days
EVT00325,purchase_order_line,POL0011610,receipt_delay_days,10.0,days
EVT00325,purchase_order_line,POL0049587,receipt_delay_days,8.0,days
EVT00325,plant,P05,blocked_production_runs,11.0,runs
EVT00325,raw_material,RM0011,stockout_days,8.0,days
EVT00325,purchase_order_line,POL0006294,receipt_delay_days,13.0,days
EVT00325,purchase_order_line,POL0010103,receipt_delay_days,11.0,days
EVT00325,purchase_order_line,POL0006293,receipt_delay_days,12.0,days
EVT00325,purchase_order_line,POL0018243,receipt_delay_days,9.0,days
EVT00325,purchase_order_line,POL0000254,receipt_delay_days,8.0,days
EVT00325,purchase_order_line,POL0026574,receipt_delay_days,8.0,days
EVT00325,warehouse,W006,late_fg_receipts,5.0,lines
EVT00325,warehouse,W010,late_fg_receipts,4.0,lines
EVT00325,warehouse,W005,late_fg_receipts,3.0,lines
EVT00325,warehouse,W011,late_fg_receipts,3.0,lines
EVT00325,warehouse,W004,late_fg_receipts,2.0,lines
EVT00325,warehouse,W002,late_fg_receipts,1.0,lines
EVT00325,warehouse,W007,late_fg_receipts,1.0,lines
EVT00325,warehouse,W003,late_fg_receipts,1.0,lines
EVT00325,warehouse,W008,late_fg_receipts,1.0,lines
EVT00325,warehouse,W009,late_fg_receipts,1.0,lines
EVT00325,warehouse,W001,late_fg_receipts,1.0,lines
EVT00325,warehouse,W012,late_fg_receipts,1.0,lines
EVT00326,country,DE,affected_rm_pos,163.0,POs
EVT00326,supplier,SUP0005,avg_slip_days,8.8,days
EVT00326,supplier,SUP0013,avg_slip_days,7.5,days
EVT00326,supplier,SUP0039,avg_slip_days,11.5,days
EVT00326,supplier,SUP0051,avg_slip_days,11.6,days
EVT00326,supplier,SUP0054,avg_slip_days,10.2,days
EVT00326,supplier,SUP0065,avg_slip_days,8.9,days
EVT00326,supplier,SUP0103,avg_slip_days,9.5,days
EVT00326,supplier,SUP0134,avg_slip_days,9.0,days
EVT00326,supplier,SUP0175,avg_slip_days,8.0,days
EVT00326,supplier,SUP0182,avg_slip_days,14.8,days
EVT00326,supplier,SUP0191,avg_slip_days,7.9,days
EVT00326,supplier,SUP0201,avg_slip_days,9.5,days
EVT00326,supplier,SUP0208,avg_slip_days,3.5,days
EVT00326,supplier,SUP0214,avg_slip_days,10.1,days
EVT00326,supplier,SUP0217,avg_slip_days,8.6,days
EVT00327,plant,P02,blocked_production_runs,1.0,runs
EVT00327,raw_material,RM0121,stockout_days,13.0,days
EVT00327,purchase_order_line,POL0030023,receipt_delay_days,13.0,days
EVT00327,plant,P01,blocked_production_runs,1.0,runs
EVT00327,raw_material,RM0121,stockout_days,2.0,days
EVT00327,purchase_order_line,POL0022445,receipt_delay_days,2.0,days
EVT00327,warehouse,W010,late_fg_receipts,1.0,lines
EVT00327,warehouse,W011,late_fg_receipts,1.0,lines
EVT00328,plant,P02,blocked_production_runs,1.0,runs
EVT00328,raw_material,RM0112,stockout_days,9.0,days
EVT00328,purchase_order_line,POL0050290,receipt_delay_days,10.0,days
EVT00328,plant,P03,blocked_production_runs,1.0,runs
EVT00328,raw_material,RM0112,stockout_days,3.0,days
EVT00328,purchase_order_line,POL0038100,receipt_delay_days,4.0,days
EVT00328,plant,P04,blocked_production_runs,5.0,runs
EVT00328,raw_material,RM0112,stockout_days,8.0,days
EVT00328,purchase_order_line,POL0005093,receipt_delay_days,12.0,days
EVT00328,purchase_order_line,POL0013816,receipt_delay_days,14.0,days
EVT00328,purchase_order_line,POL0020555,receipt_delay_days,3.0,days
EVT00328,purchase_order_line,POL0028391,receipt_delay_days,11.0,days
EVT00328,purchase_order_line,POL0010997,receipt_delay_days,9.0,days
EVT00328,warehouse,W012,late_fg_receipts,2.0,lines
EVT00328,warehouse,W001,late_fg_receipts,2.0,lines
EVT00328,warehouse,W010,late_fg_receipts,1.0,lines
EVT00328,warehouse,W009,late_fg_receipts,1.0,lines
EVT00328,warehouse,W005,late_fg_receipts,1.0,lines
EVT00329,plant,P03,blocked_production_runs,1.0,runs
EVT00329,raw_material,RM0039,stockout_days,4.0,days
EVT00329,purchase_order_line,POL0048843,receipt_delay_days,4.0,days
EVT00329,plant,P02,blocked_production_runs,3.0,runs
EVT00329,raw_material,RM0039,stockout_days,4.0,days
EVT00329,purchase_order_line,POL0041590,receipt_delay_days,14.0,days
EVT00329,purchase_order_line,POL0000236,receipt_delay_days,4.0,days
EVT00329,purchase_order_line,POL0035666,receipt_delay_days,9.0,days
EVT00329,warehouse,W009,late_fg_receipts,1.0,lines
EVT00329,warehouse,W007,late_fg_receipts,1.0,lines
EVT00329,warehouse,W005,late_fg_receipts,1.0,lines
EVT00329,warehouse,W011,late_fg_receipts,1.0,lines
EVT00330,purchase_order,RMPO028411,slip_days,4.0,days
EVT00330,plant,P03,projected_shortage_days,21.0,days
EVT00331,plant,P01,blocked_production_runs,2.0,runs
EVT00331,raw_material,RM0020,stockout_days,5.0,days
EVT00331,purchase_order_line,POL0000210,receipt_delay_days,6.0,days
EVT00331,purchase_order_line,POL0041441,receipt_delay_days,4.0,days
EVT00331,plant,P04,blocked_production_runs,1.0,runs
EVT00331,raw_material,RM0020,stockout_days,3.0,days
EVT00331,purchase_order_line,POL0041440,receipt_delay_days,4.0,days
EVT00331,plant,P05,blocked_production_runs,2.0,runs
EVT00331,raw_material,RM0020,stockout_days,4.0,days
EVT00331,purchase_order_line,POL0044971,receipt_delay_days,13.0,days
EVT00331,purchase_order_line,POL0016967,receipt_delay_days,2.0,days
EVT00331,plant,P03,blocked_production_runs,1.0,runs
EVT00331,raw_material,RM0020,stockout_days,6.0,days
EVT00331,purchase_order_line,POL0022287,receipt_delay_days,7.0,days
EVT00331,warehouse,W007,late_fg_receipts,2.0,lines
EVT00331,warehouse,W010,late_fg_receipts,2.0,lines
EVT00331,warehouse,W008,late_fg_receipts,1.0,lines
EVT00331,warehouse,W003,late_fg_receipts,1.0,lines
EVT00332,plant,P02,blocked_production_runs,1.0,runs
EVT00332,raw_material,RM0129,stockout_days,4.0,days
EVT00332,purchase_order_line,POL0048844,receipt_delay_days,4.0,days
EVT00332,warehouse,W009,late_fg_receipts,1.0,lines
EVT00333,plant,P03,blocked_production_runs,1.0,runs
EVT00333,raw_material,RM0062,stockout_days,5.0,days
EVT00333,purchase_order_line,POL0008561,receipt_delay_days,6.0,days
EVT00333,plant,P04,blocked_production_runs,1.0,runs
EVT00333,raw_material,RM0062,stockout_days,3.0,days
EVT00333,purchase_order_line,POL0041444,receipt_delay_days,4.0,days
EVT00333,plant,P05,blocked_production_runs,1.0,runs
EVT00333,raw_material,RM0062,stockout_days,5.0,days
EVT00333,purchase_order_line,POL0002804,receipt_delay_days,5.0,days
EVT00333,plant,P02,blocked_production_runs,1.0,runs
EVT00333,raw_material,RM0062,stockout_days,2.0,days
EVT00333,purchase_order_line,POL0016965,receipt_delay_days,2.0,days
EVT00333,warehouse,W003,late_fg_receipts,2.0,lines
EVT00333,warehouse,W007,late_fg_receipts,1.0,lines
EVT00333,warehouse,W010,late_fg_receipts,1.0,lines
EVT00334,plant,P02,blocked_production_runs,1.0,runs
EVT00334,raw_material,RM0055,stockout_days,5.0,days
EVT00334,purchase_order_line,POL0043516,receipt_delay_days,5.0,days
EVT00334,plant,P01,blocked_production_runs,1.0,runs
EVT00334,raw_material,RM0055,stockout_days,5.0,days
EVT00334,purchase_order_line,POL0026519,receipt_delay_days,6.0,days
EVT00334,warehouse,W010,late_fg_receipts,1.0,lines
EVT00334,warehouse,W008,late_fg_receipts,1.0,lines
EVT00335,plant,P05,blocked_production_runs,1.0,runs
EVT00335,raw_material,RM0052,stockout_days,9.0,days
EVT00335,purchase_order_line,POL0009092,receipt_delay_days,10.0,days
EVT00335,plant,P02,blocked_production_runs,1.0,runs
EVT00335,raw_material,RM0052,stockout_days,2.0,days
EVT00335,purchase_order_line,POL0001518,receipt_delay_days,2.0,days
EVT00335,warehouse,W003,late_fg_receipts,2.0,lines
EVT00336,plant,P01,blocked_production_runs,1.0,runs
EVT00336,raw_material,RM0114,stockout_days,4.0,days
EVT00336,purchase_order_line,POL0027979,receipt_delay_days,4.0,days
EVT00336,plant,P05,blocked_production_runs,3.0,runs
EVT00336,raw_material,RM0114,stockout_days,6.0,days
EVT00336,purchase_order_line,POL0014935,receipt_delay_days,6.0,days
EVT00336,purchase_order_line,POL0019823,receipt_delay_days,3.0,days
EVT00336,purchase_order_line,POL0036873,receipt_delay_days,13.0,days
EVT00336,plant,P03,blocked_production_runs,2.0,runs
EVT00336,raw_material,RM0114,stockout_days,7.0,days
EVT00336,purchase_order_line,POL0039023,receipt_delay_days,9.0,days
EVT00336,purchase_order_line,POL0032288,receipt_delay_days,3.0,days
EVT00336,warehouse,W011,late_fg_receipts,3.0,lines
EVT00336,warehouse,W009,late_fg_receipts,2.0,lines
EVT00336,warehouse,W012,late_fg_receipts,1.0,lines
EVT00337,plant,P02,blocked_production_runs,1.0,runs
EVT00337,raw_material,RM0043,stockout_days,7.0,days
EVT00337,purchase_order_line,POL0040440,receipt_delay_days,8.0,days
EVT00337,plant,P01,blocked_production_runs,2.0,runs
EVT00337,raw_material,RM0043,stockout_days,12.0,days
EVT00337,purchase_order_line,POL0037626,receipt_delay_days,12.0,days
EVT00337,purchase_order_line,POL0033496,receipt_delay_days,8.0,days
EVT00337,warehouse,W002,late_fg_receipts,1.0,lines
EVT00337,warehouse,W012,late_fg_receipts,1.0,lines
EVT00337,warehouse,W001,late_fg_receipts,1.0,lines
EVT00338,plant,P03,blocked_production_runs,5.0,runs
EVT00338,raw_material,RM0001,stockout_days,7.0,days
EVT00338,purchase_order_line,POL0000938,receipt_delay_days,9.0,days
EVT00338,purchase_order_line,POL0032965,receipt_delay_days,12.0,days
EVT00338,purchase_order_line,POL0002468,receipt_delay_days,6.0,days
EVT00338,purchase_order_line,POL0005099,receipt_delay_days,11.0,days
EVT00338,purchase_order_line,POL0037918,receipt_delay_days,11.0,days
EVT00338,plant,P02,blocked_production_runs,9.0,runs
EVT00338,raw_material,RM0001,stockout_days,8.0,days
EVT00338,purchase_order_line,POL0037653,receipt_delay_days,13.0,days
EVT00338,purchase_order_line,POL0046291,receipt_delay_days,9.0,days
EVT00338,purchase_order_line,POL0039021,receipt_delay_days,9.0,days
EVT00338,purchase_order_line,POL0043935,receipt_delay_days,13.0,days
EVT00338,purchase_order_line,POL0022629,receipt_delay_days,4.0,days
EVT00338,purchase_order_line,POL0028177,receipt_delay_days,14.0,days
EVT00338,plant,P01,blocked_production_runs,9.0,runs
EVT00338,raw_material,RM0001,stockout_days,7.0,days
EVT00338,purchase_order_line,POL0019297,receipt_delay_days,7.0,days
EVT00338,purchase_order_line,POL0015192,receipt_delay_days,11.0,days
EVT00338,purchase_order_line,POL0020694,receipt_delay_days,14.0,days
EVT00338,purchase_order_line,POL0040141,receipt_delay_days,9.0,days
EVT00338,purchase_order_line,POL0016787,receipt_delay_days,13.0,days
EVT00338,purchase_order_line,POL0004700,receipt_delay_days,14.0,days
EVT00338,plant,P04,blocked_production_runs,7.0,runs
EVT00338,raw_material,RM0001,stockout_days,11.0,days
EVT00338,purchase_order_line,POL0001358,receipt_delay_days,12.0,days
EVT00338,purchase_order_line,POL0028174,receipt_delay_days,14.0,days
EVT00338,purchase_order_line,POL0018615,receipt_delay_days,13.0,days
EVT00338,purchase_order_line,POL0033119,receipt_delay_days,12.0,days
EVT00338,purchase_order_line,POL0041073,receipt_delay_days,11.0,days
EVT00338,purchase_order_line,POL0000237,receipt_delay_days,4.0,days
EVT00338,plant,P05,blocked_production_runs,5.0,runs
EVT00338,raw_material,RM0001,stockout_days,9.0,days
EVT00338,purchase_order_line,POL0027718,receipt_delay_days,10.0,days
EVT00338,purchase_order_line,POL0041467,receipt_delay_days,8.0,days
EVT00338,purchase_order_line,POL0047847,receipt_delay_days,7.0,days
EVT00338,purchase_order_line,POL0023018,receipt_delay_days,5.0,days
EVT00338,purchase_order_line,POL0052394,receipt_delay_days,14.0,days
EVT00338,warehouse,W002,late_fg_receipts,5.0,lines
EVT00338,warehouse,W007,late_fg_receipts,5.0,lines
EVT00338,warehouse,W010,late_fg_receipts,4.0,lines
EVT00338,warehouse,W012,late_fg_receipts,4.0,lines
EVT00338,warehouse,W009,late_fg_receipts,3.0,lines
EVT00338,warehouse,W003,late_fg_receipts,3.0,lines
EVT00338,warehouse,W006,late_fg_receipts,3.0,lines
EVT00338,warehouse,W004,late_fg_receipts,3.0,lines
EVT00338,warehouse,W005,late_fg_receipts,2.0,lines
EVT00338,warehouse,W001,late_fg_receipts,1.0,lines
EVT00338,warehouse,W008,late_fg_receipts,1.0,lines
EVT00338,warehouse,W011,late_fg_receipts,1.0,lines
EVT00339,plant,P04,blocked_production_runs,2.0,runs
EVT00339,raw_material,RM0014,stockout_days,6.0,days
EVT00339,purchase_order_line,POL0030509,receipt_delay_days,6.0,days
EVT00339,purchase_order_line,POL0049875,receipt_delay_days,6.0,days
EVT00339,plant,P01,blocked_production_runs,2.0,runs
EVT00339,raw_material,RM0014,stockout_days,10.0,days
EVT00339,purchase_order_line,POL0002790,receipt_delay_days,11.0,days
EVT00339,purchase_order_line,POL0044887,receipt_delay_days,12.0,days
EVT00339,plant,P03,blocked_production_runs,4.0,runs
EVT00339,raw_material,RM0014,stockout_days,13.0,days
EVT00339,purchase_order_line,POL0016786,receipt_delay_days,13.0,days
EVT00339,purchase_order_line,POL0026953,receipt_delay_days,10.0,days
EVT00339,purchase_order_line,POL0012722,receipt_delay_days,13.0,days
EVT00339,purchase_order_line,POL0016137,receipt_delay_days,4.0,days
EVT00339,plant,P02,blocked_production_runs,1.0,runs
EVT00339,raw_material,RM0014,stockout_days,8.0,days
EVT00339,purchase_order_line,POL0007476,receipt_delay_days,9.0,days
EVT00339,plant,P05,blocked_production_runs,3.0,runs
EVT00339,raw_material,RM0014,stockout_days,9.0,days
EVT00339,purchase_order_line,POL0003398,receipt_delay_days,9.0,days
EVT00339,purchase_order_line,POL0003285,receipt_delay_days,13.0,days
EVT00339,purchase_order_line,POL0031090,receipt_delay_days,4.0,days
EVT00339,warehouse,W006,late_fg_receipts,3.0,lines
EVT00339,warehouse,W007,late_fg_receipts,3.0,lines
EVT00339,warehouse,W011,late_fg_receipts,2.0,lines
EVT00339,warehouse,W001,late_fg_receipts,1.0,lines
EVT00339,warehouse,W008,late_fg_receipts,1.0,lines
EVT00339,warehouse,W012,late_fg_receipts,1.0,lines
EVT00339,warehouse,W005,late_fg_receipts,1.0,lines
EVT00340,plant,P02,blocked_production_runs,13.0,runs
EVT00340,raw_material,RM0009,stockout_days,10.0,days
EVT00340,purchase_order_line,POL0019981,receipt_delay_days,12.0,days
EVT00340,purchase_order_line,POL0037627,receipt_delay_days,12.0,days
EVT00340,purchase_order_line,POL0013760,receipt_delay_days,14.0,days
EVT00340,purchase_order_line,POL0019295,receipt_delay_days,7.0,days
EVT00340,purchase_order_line,POL0027445,receipt_delay_days,14.0,days
EVT00340,purchase_order_line,POL0037074,receipt_delay_days,13.0,days
EVT00340,warehouse,W008,late_fg_receipts,2.0,lines
EVT00340,warehouse,W012,late_fg_receipts,2.0,lines
EVT00340,warehouse,W007,late_fg_receipts,2.0,lines
EVT00340,warehouse,W004,late_fg_receipts,2.0,lines
EVT00340,warehouse,W010,late_fg_receipts,1.0,lines
EVT00340,warehouse,W002,late_fg_receipts,1.0,lines
EVT00340,warehouse,W001,late_fg_receipts,1.0,lines
EVT00340,warehouse,W009,late_fg_receipts,1.0,lines
EVT00340,warehouse,W011,late_fg_receipts,1.0,lines
EVT00341,plant,P02,blocked_production_runs,1.0,runs
EVT00341,raw_material,RM0109,stockout_days,7.0,days
EVT00341,purchase_order_line,POL0033466,receipt_delay_days,8.0,days
EVT00341,plant,P05,blocked_production_runs,1.0,runs
EVT00341,raw_material,RM0109,stockout_days,3.0,days
EVT00341,purchase_order_line,POL0047636,receipt_delay_days,3.0,days
EVT00341,plant,P01,blocked_production_runs,1.0,runs
EVT00341,raw_material,RM0109,stockout_days,8.0,days
EVT00341,purchase_order_line,POL0023328,receipt_delay_days,8.0,days
EVT00341,plant,P03,blocked_production_runs,1.0,runs
EVT00341,raw_material,RM0109,stockout_days,7.0,days
EVT00341,purchase_order_line,POL0049381,receipt_delay_days,7.0,days
EVT00341,warehouse,W002,late_fg_receipts,1.0,lines
EVT00341,warehouse,W007,late_fg_receipts,1.0,lines
EVT00341,warehouse,W003,late_fg_receipts,1.0,lines
EVT00341,warehouse,W008,late_fg_receipts,1.0,lines
EVT00342,plant,P01,blocked_production_runs,1.0,runs
EVT00342,raw_material,RM0117,stockout_days,8.0,days
EVT00342,purchase_order_line,POL0040441,receipt_delay_days,8.0,days
EVT00342,plant,P02,blocked_production_runs,1.0,runs
EVT00342,raw_material,RM0117,stockout_days,6.0,days
EVT00342,purchase_order_line,POL0022866,receipt_delay_days,7.0,days
EVT00342,warehouse,W002,late_fg_receipts,1.0,lines
EVT00342,warehouse,W001,late_fg_receipts,1.0,lines
EVT00343,plant,P01,blocked_production_runs,1.0,runs
EVT00343,raw_material,RM0085,stockout_days,4.0,days
EVT00343,purchase_order_line,POL0043513,receipt_delay_days,5.0,days
EVT00343,plant,P02,blocked_production_runs,2.0,runs
EVT00343,raw_material,RM0085,stockout_days,12.0,days
EVT00343,purchase_order_line,POL0047119,receipt_delay_days,12.0,days
EVT00343,purchase_order_line,POL0031287,receipt_delay_days,7.0,days
EVT00343,plant,P03,blocked_production_runs,2.0,runs
EVT00343,raw_material,RM0085,stockout_days,9.0,days
EVT00343,purchase_order_line,POL0006671,receipt_delay_days,10.0,days
EVT00343,purchase_order_line,POL0053142,receipt_delay_days,12.0,days
EVT00343,warehouse,W010,late_fg_receipts,1.0,lines
EVT00343,warehouse,W012,late_fg_receipts,1.0,lines
EVT00343,warehouse,W009,late_fg_receipts,1.0,lines
EVT00343,warehouse,W001,late_fg_receipts,1.0,lines
EVT00343,warehouse,W008,late_fg_receipts,1.0,lines
EVT00344,plant,P05,blocked_production_runs,1.0,runs
EVT00344,raw_material,RM0032,stockout_days,5.0,days
EVT00344,purchase_order_line,POL0012347,receipt_delay_days,5.0,days
EVT00344,warehouse,W002,late_fg_receipts,1.0,lines
EVT00345,raw_material,RM0043,price_change_pct,19.2,pct
EVT00346,supplier,SUP0062,allocation_pct_change,-26.7,pct
EVT00347,plant,P03,blocked_production_runs,4.0,runs
EVT00347,raw_material,RM0048,stockout_days,10.0,days
EVT00347,purchase_order_line,POL0010104,receipt_delay_days,11.0,days
EVT00347,purchase_order_line,POL0026955,receipt_delay_days,10.0,days
EVT00347,purchase_order_line,POL0035633,receipt_delay_days,3.0,days
EVT00347,purchase_order_line,POL0016140,receipt_delay_days,4.0,days
EVT00347,warehouse,W012,late_fg_receipts,2.0,lines
EVT00347,warehouse,W008,late_fg_receipts,1.0,lines
EVT00347,warehouse,W007,late_fg_receipts,1.0,lines
EVT00348,plant,P05,blocked_production_runs,1.0,runs
EVT00348,raw_material,RM0127,stockout_days,6.0,days
EVT00348,purchase_order_line,POL0039628,receipt_delay_days,6.0,days
EVT00348,plant,P03,blocked_production_runs,1.0,runs
EVT00348,raw_material,RM0127,stockout_days,6.0,days
EVT00348,purchase_order_line,POL0048853,receipt_delay_days,7.0,days
EVT00348,plant,P02,blocked_production_runs,2.0,runs
EVT00348,raw_material,RM0127,stockout_days,5.0,days
EVT00348,purchase_order_line,POL0009091,receipt_delay_days,6.0,days
EVT00348,purchase_order_line,POL0032954,receipt_delay_days,10.0,days
EVT00348,warehouse,W009,late_fg_receipts,2.0,lines
EVT00348,warehouse,W001,late_fg_receipts,1.0,lines
EVT00348,warehouse,W002,late_fg_receipts,1.0,lines
EVT00349,plant,P02,blocked_production_runs,1.0,runs
EVT00349,raw_material,RM0075,stockout_days,13.0,days
EVT00349,purchase_order_line,POL0013758,receipt_delay_days,14.0,days
EVT00349,plant,P04,blocked_production_runs,1.0,runs
EVT00349,raw_material,RM0075,stockout_days,7.0,days
EVT00349,purchase_order_line,POL0052269,receipt_delay_days,7.0,days
EVT00349,warehouse,W010,late_fg_receipts,1.0,lines
EVT00349,warehouse,W002,late_fg_receipts,1.0,lines
EVT00350,plant,P03,blocked_production_runs,1.0,runs
EVT00350,raw_material,RM0081,stockout_days,9.0,days
EVT00350,purchase_order_line,POL0050429,receipt_delay_days,10.0,days
EVT00350,warehouse,W012,late_fg_receipts,1.0,lines
EVT00351,plant,P03,blocked_production_runs,1.0,runs
EVT00351,raw_material,RM0045,stockout_days,8.0,days
EVT00351,purchase_order_line,POL0033058,receipt_delay_days,8.0,days
EVT00351,plant,P01,blocked_production_runs,1.0,runs
EVT00351,raw_material,RM0045,stockout_days,1.0,days
EVT00351,purchase_order_line,POL0047506,receipt_delay_days,2.0,days
EVT00351,plant,P05,blocked_production_runs,1.0,runs
EVT00351,raw_material,RM0045,stockout_days,2.0,days
EVT00351,purchase_order_line,POL0036736,receipt_delay_days,2.0,days
EVT00351,warehouse,W005,late_fg_receipts,1.0,lines
EVT00351,warehouse,W011,late_fg_receipts,1.0,lines
EVT00351,warehouse,W010,late_fg_receipts,1.0,lines
EVT00352,plant,P05,blocked_production_runs,4.0,runs
EVT00352,raw_material,RM0107,stockout_days,5.0,days
EVT00352,purchase_order_line,POL0017610,receipt_delay_days,5.0,days
EVT00352,purchase_order_line,POL0011190,receipt_delay_days,10.0,days
EVT00352,purchase_order_line,POL0016136,receipt_delay_days,4.0,days
EVT00352,purchase_order_line,POL0041074,receipt_delay_days,11.0,days
EVT00352,warehouse,W004,late_fg_receipts,1.0,lines
EVT00352,warehouse,W006,late_fg_receipts,1.0,lines
EVT00352,warehouse,W012,late_fg_receipts,1.0,lines
EVT00352,warehouse,W002,late_fg_receipts,1.0,lines
EVT00353,plant,P04,blocked_production_runs,1.0,runs
EVT00353,raw_material,RM0049,stockout_days,10.0,days
EVT00353,purchase_order_line,POL0032953,receipt_delay_days,10.0,days
EVT00353,warehouse,W002,late_fg_receipts,1.0,lines
EVT00354,plant,P05,blocked_production_runs,1.0,runs
EVT00354,raw_material,RM0129,stockout_days,11.0,days
EVT00354,purchase_order_line,POL0041075,receipt_delay_days,11.0,days
EVT00354,warehouse,W002,late_fg_receipts,1.0,lines
EVT00355,plant,P05,blocked_production_runs,1.0,runs
EVT00355,raw_material,RM0112,stockout_days,7.0,days
EVT00355,purchase_order_line,POL0008111,receipt_delay_days,7.0,days
EVT00355,warehouse,W004,late_fg_receipts,1.0,lines
EVT00356,purchase_order,RMPO029548,slip_days,13.0,days
EVT00356,plant,P01,projected_shortage_days,3.0,days
EVT00357,plant,P04,blocked_production_runs,1.0,runs
EVT00357,raw_material,RM0043,stockout_days,5.0,days
EVT00357,purchase_order_line,POL0034573,receipt_delay_days,6.0,days
EVT00357,plant,P05,blocked_production_runs,2.0,runs
EVT00357,raw_material,RM0043,stockout_days,7.0,days
EVT00357,purchase_order_line,POL0035142,receipt_delay_days,8.0,days
EVT00357,purchase_order_line,POL0014438,receipt_delay_days,9.0,days
EVT00357,plant,P03,blocked_production_runs,1.0,runs
EVT00357,raw_material,RM0043,stockout_days,10.0,days
EVT00357,purchase_order_line,POL0050188,receipt_delay_days,11.0,days
EVT00357,warehouse,W010,late_fg_receipts,2.0,lines
EVT00357,warehouse,W002,late_fg_receipts,1.0,lines
EVT00357,warehouse,W011,late_fg_receipts,1.0,lines
EVT00358,plant,P03,blocked_production_runs,1.0,runs
EVT00358,raw_material,RM0091,stockout_days,7.0,days
EVT00358,purchase_order_line,POL0030510,receipt_delay_days,7.0,days
EVT00358,warehouse,W003,late_fg_receipts,1.0,lines
EVT00359,plant,P01,blocked_production_runs,2.0,runs
EVT00359,raw_material,RM0015,stockout_days,7.0,days
EVT00359,purchase_order_line,POL0028115,receipt_delay_days,10.0,days
EVT00359,purchase_order_line,POL0044819,receipt_delay_days,5.0,days
EVT00359,warehouse,W010,late_fg_receipts,2.0,lines
EVT00360,plant,P04,blocked_production_runs,8.0,runs
EVT00360,raw_material,RM0004,stockout_days,13.0,days
EVT00360,purchase_order_line,POL0037708,receipt_delay_days,13.0,days
EVT00360,purchase_order_line,POL0038434,receipt_delay_days,14.0,days
EVT00360,purchase_order_line,POL0047810,receipt_delay_days,13.0,days
EVT00360,purchase_order_line,POL0039053,receipt_delay_days,12.0,days
EVT00360,purchase_order_line,POL0027416,receipt_delay_days,11.0,days
EVT00360,purchase_order_line,POL0014715,receipt_delay_days,7.0,days
EVT00360,warehouse,W006,late_fg_receipts,2.0,lines
EVT00360,warehouse,W007,late_fg_receipts,1.0,lines
EVT00360,warehouse,W010,late_fg_receipts,1.0,lines
EVT00360,warehouse,W012,late_fg_receipts,1.0,lines
EVT00360,warehouse,W008,late_fg_receipts,1.0,lines
EVT00360,warehouse,W004,late_fg_receipts,1.0,lines
EVT00360,warehouse,W005,late_fg_receipts,1.0,lines
EVT00361,plant,P02,blocked_production_runs,4.0,runs
EVT00361,raw_material,RM0122,stockout_days,12.0,days
EVT00361,purchase_order_line,POL0025309,receipt_delay_days,12.0,days
EVT00361,purchase_order_line,POL0025312,receipt_delay_days,12.0,days
EVT00361,purchase_order_line,POL0018067,receipt_delay_days,11.0,days
EVT00361,purchase_order_line,POL0043241,receipt_delay_days,2.0,days
EVT00361,plant,P03,blocked_production_runs,5.0,runs
EVT00361,raw_material,RM0122,stockout_days,10.0,days
EVT00361,purchase_order_line,POL0009029,receipt_delay_days,11.0,days
EVT00361,purchase_order_line,POL0053067,receipt_delay_days,11.0,days
EVT00361,purchase_order_line,POL0027417,receipt_delay_days,11.0,days
EVT00361,purchase_order_line,POL0029650,receipt_delay_days,11.0,days
EVT00361,purchase_order_line,POL0033925,receipt_delay_days,9.0,days
EVT00361,warehouse,W010,late_fg_receipts,2.0,lines
EVT00361,warehouse,W001,late_fg_receipts,2.0,lines
EVT00361,warehouse,W008,late_fg_receipts,2.0,lines
EVT00361,warehouse,W004,late_fg_receipts,2.0,lines
EVT00361,warehouse,W006,late_fg_receipts,1.0,lines
EVT00362,country,MX,avg_delay_days,6.9,days
EVT00362,country,MX,late_pos_7d,30.0,POs
EVT00363,plant,P02,blocked_production_runs,10.0,runs
EVT00363,raw_material,RM0013,stockout_days,13.0,days
EVT00363,purchase_order_line,POL0005823,receipt_delay_days,13.0,days
EVT00363,purchase_order_line,POL0001363,receipt_delay_days,14.0,days
EVT00363,purchase_order_line,POL0005851,receipt_delay_days,10.0,days
EVT00363,purchase_order_line,POL0029651,receipt_delay_days,11.0,days
EVT00363,purchase_order_line,POL0019732,receipt_delay_days,12.0,days
EVT00363,purchase_order_line,POL0024712,receipt_delay_days,6.0,days
EVT00363,warehouse,W008,late_fg_receipts,3.0,lines
EVT00363,warehouse,W006,late_fg_receipts,2.0,lines
EVT00363,warehouse,W011,late_fg_receipts,2.0,lines
EVT00363,warehouse,W003,late_fg_receipts,1.0,lines
EVT00363,warehouse,W010,late_fg_receipts,1.0,lines
EVT00363,warehouse,W002,late_fg_receipts,1.0,lines
EVT00364,plant,P05,blocked_production_runs,6.0,runs
EVT00364,raw_material,RM0082,stockout_days,7.0,days
EVT00364,purchase_order_line,POL0048402,receipt_delay_days,14.0,days
EVT00364,purchase_order_line,POL0014716,receipt_delay_days,7.0,days
EVT00364,purchase_order_line,POL0008143,receipt_delay_days,12.0,days
EVT00364,purchase_order_line,POL0010426,receipt_delay_days,7.0,days
EVT00364,purchase_order_line,POL0011630,receipt_delay_days,11.0,days
EVT00364,purchase_order_line,POL0044522,receipt_delay_days,10.0,days
EVT00364,plant,P03,blocked_production_runs,3.0,runs
EVT00364,raw_material,RM0082,stockout_days,13.0,days
EVT00364,purchase_order_line,POL0006661,receipt_delay_days,13.0,days
EVT00364,purchase_order_line,POL0015179,receipt_delay_days,11.0,days
EVT00364,purchase_order_line,POL0000866,receipt_delay_days,12.0,days
EVT00364,warehouse,W003,late_fg_receipts,3.0,lines
EVT00364,warehouse,W005,late_fg_receipts,2.0,lines
EVT00364,warehouse,W002,late_fg_receipts,2.0,lines
EVT00364,warehouse,W009,late_fg_receipts,1.0,lines
EVT00364,warehouse,W010,late_fg_receipts,1.0,lines
EVT00365,supplier,SUP0089,rejected_qty,3336.83,ea
EVT00365,supplier,SUP0089,rejected_lots,5.0,lots
EVT00366,plant,P02,blocked_production_runs,13.0,runs
EVT00366,raw_material,RM0007,stockout_days,9.0,days
EVT00366,purchase_order_line,POL0051860,receipt_delay_days,14.0,days
EVT00366,purchase_order_line,POL0006723,receipt_delay_days,13.0,days
EVT00366,purchase_order_line,POL0014382,receipt_delay_days,6.0,days
EVT00366,purchase_order_line,POL0037063,receipt_delay_days,10.0,days
EVT00366,purchase_order_line,POL0049501,receipt_delay_days,6.0,days
EVT00366,purchase_order_line,POL0006660,receipt_delay_days,13.0,days
EVT00366,warehouse,W010,late_fg_receipts,3.0,lines
EVT00366,warehouse,W012,late_fg_receipts,2.0,lines
EVT00366,warehouse,W008,late_fg_receipts,2.0,lines
EVT00366,warehouse,W002,late_fg_receipts,2.0,lines
EVT00366,warehouse,W005,late_fg_receipts,2.0,lines
EVT00366,warehouse,W004,late_fg_receipts,1.0,lines
EVT00366,warehouse,W011,late_fg_receipts,1.0,lines
EVT00367,plant,P01,blocked_production_runs,7.0,runs
EVT00367,raw_material,RM0004,stockout_days,8.0,days
EVT00367,purchase_order_line,POL0016157,receipt_delay_days,13.0,days
EVT00367,purchase_order_line,POL0037717,receipt_delay_days,14.0,days
EVT00367,purchase_order_line,POL0031812,receipt_delay_days,10.0,days
EVT00367,purchase_order_line,POL0012165,receipt_delay_days,4.0,days
EVT00367,purchase_order_line,POL0022284,receipt_delay_days,4.0,days
EVT00367,purchase_order_line,POL0036574,receipt_delay_days,2.0,days
EVT00367,warehouse,W007,late_fg_receipts,2.0,lines
EVT00367,warehouse,W010,late_fg_receipts,2.0,lines
EVT00367,warehouse,W004,late_fg_receipts,1.0,lines
EVT00367,warehouse,W002,late_fg_receipts,1.0,lines
EVT00367,warehouse,W006,late_fg_receipts,1.0,lines
EVT00368,country,US,affected_rm_pos,47.0,POs
EVT00368,supplier,SUP0012,avg_slip_days,9.4,days
EVT00368,supplier,SUP0052,avg_slip_days,8.0,days
EVT00368,supplier,SUP0058,avg_slip_days,8.6,days
EVT00368,supplier,SUP0076,avg_slip_days,8.0,days
EVT00368,supplier,SUP0084,avg_slip_days,8.0,days
EVT00368,supplier,SUP0118,avg_slip_days,8.3,days
EVT00368,supplier,SUP0133,avg_slip_days,9.2,days
EVT00368,supplier,SUP0139,avg_slip_days,5.3,days
EVT00368,supplier,SUP0202,avg_slip_days,10.4,days
EVT00369,plant,P02,blocked_production_runs,1.0,runs
EVT00369,raw_material,RM0043,stockout_days,11.0,days
EVT00369,purchase_order_line,POL0003872,receipt_delay_days,12.0,days
EVT00369,plant,P01,blocked_production_runs,1.0,runs
EVT00369,raw_material,RM0043,stockout_days,11.0,days
EVT00369,purchase_order_line,POL0004695,receipt_delay_days,11.0,days
EVT00369,plant,P04,blocked_production_runs,1.0,runs
EVT00369,raw_material,RM0043,stockout_days,1.0,days
EVT00369,purchase_order_line,POL0034647,receipt_delay_days,2.0,days
EVT00369,warehouse,W006,late_fg_receipts,1.0,lines
EVT00369,warehouse,W010,late_fg_receipts,1.0,lines
EVT00369,warehouse,W004,late_fg_receipts,1.0,lines
EVT00370,supplier,SUP0226,rejected_qty,102.68,kg
EVT00370,supplier,SUP0226,rejected_lots,1.0,lots
EVT00371,supplier,SUP0226,allocation_pct_change,-21.6,pct
EVT00372,raw_material,RM0043,late_pos,14.0,POs
EVT00372,raw_material,RM0043,avg_slip_days,14.6,days
EVT00373,plant,P02,blocked_production_runs,9.0,runs
EVT00373,raw_material,RM0001,stockout_days,10.0,days
EVT00373,purchase_order_line,POL0031813,receipt_delay_days,10.0,days
EVT00373,purchase_order_line,POL0044128,receipt_delay_days,12.0,days
EVT00373,purchase_order_line,POL0039290,receipt_delay_days,13.0,days
EVT00373,purchase_order_line,POL0023198,receipt_delay_days,10.0,days
EVT00373,purchase_order_line,POL0032336,receipt_delay_days,7.0,days
EVT00373,purchase_order_line,POL0032658,receipt_delay_days,5.0,days
EVT00373,warehouse,W007,late_fg_receipts,4.0,lines
EVT00373,warehouse,W006,late_fg_receipts,1.0,lines
EVT00373,warehouse,W003,late_fg_receipts,1.0,lines
EVT00373,warehouse,W008,late_fg_receipts,1.0,lines
EVT00373,warehouse,W010,late_fg_receipts,1.0,lines
EVT00373,warehouse,W005,late_fg_receipts,1.0,lines
EVT00374,supplier,SUP0005,late_rate_7d,85.7,pct
EVT00374,supplier,SUP0005,avg_delay_days,11.9,days
EVT00374,supplier,SUP0005,short_or_cancelled_pos,1.0,POs
EVT00375,supplier,SUP0013,late_rate_7d,87.5,pct
EVT00375,supplier,SUP0013,avg_delay_days,11.1,days
EVT00375,supplier,SUP0013,short_or_cancelled_pos,1.0,POs
EVT00376,supplier,SUP0118,allocation_pct_change,-23.8,pct
EVT00377,plant,P04,blocked_production_runs,7.0,runs
EVT00377,raw_material,RM0010,stockout_days,9.0,days
EVT00377,purchase_order_line,POL0018187,receipt_delay_days,14.0,days
EVT00377,purchase_order_line,POL0034417,receipt_delay_days,6.0,days
EVT00377,purchase_order_line,POL0022860,receipt_delay_days,13.0,days
EVT00377,purchase_order_line,POL0013957,receipt_delay_days,14.0,days
EVT00377,purchase_order_line,POL0016038,receipt_delay_days,11.0,days
EVT00377,purchase_order_line,POL0028395,receipt_delay_days,5.0,days
EVT00377,warehouse,W006,late_fg_receipts,3.0,lines
EVT00377,warehouse,W012,late_fg_receipts,2.0,lines
EVT00377,warehouse,W002,late_fg_receipts,1.0,lines
EVT00377,warehouse,W008,late_fg_receipts,1.0,lines
EVT00378,plant,P03,blocked_production_runs,18.0,runs
EVT00378,raw_material,RM0005,stockout_days,13.0,days
EVT00378,purchase_order_line,POL0004631,receipt_delay_days,13.0,days
EVT00378,purchase_order_line,POL0016039,receipt_delay_days,11.0,days
EVT00378,purchase_order_line,POL0042914,receipt_delay_days,11.0,days
EVT00378,purchase_order_line,POL0024854,receipt_delay_days,11.0,days
EVT00378,purchase_order_line,POL0024855,receipt_delay_days,11.0,days
EVT00378,purchase_order_line,POL0042913,receipt_delay_days,11.0,days
EVT00378,warehouse,W003,late_fg_receipts,5.0,lines
EVT00378,warehouse,W008,late_fg_receipts,4.0,lines
EVT00378,warehouse,W012,late_fg_receipts,2.0,lines
EVT00378,warehouse,W001,late_fg_receipts,2.0,lines
EVT00378,warehouse,W006,late_fg_receipts,2.0,lines
EVT00378,warehouse,W002,late_fg_receipts,1.0,lines
EVT00378,warehouse,W011,late_fg_receipts,1.0,lines
EVT00378,warehouse,W004,late_fg_receipts,1.0,lines
EVT00379,plant,P01,blocked_production_runs,9.0,runs
EVT00379,raw_material,RM0007,stockout_days,12.0,days
EVT00379,purchase_order_line,POL0045985,receipt_delay_days,12.0,days
EVT00379,purchase_order_line,POL0008355,receipt_delay_days,9.0,days
EVT00379,purchase_order_line,POL0019259,receipt_delay_days,9.0,days
EVT00379,purchase_order_line,POL0020843,receipt_delay_days,12.0,days
EVT00379,purchase_order_line,POL0027534,receipt_delay_days,12.0,days
EVT00379,purchase_order_line,POL0002676,receipt_delay_days,7.0,days
EVT00379,warehouse,W004,late_fg_receipts,3.0,lines
EVT00379,warehouse,W001,late_fg_receipts,1.0,lines
EVT00379,warehouse,W009,late_fg_receipts,1.0,lines
EVT00379,warehouse,W012,late_fg_receipts,1.0,lines
EVT00379,warehouse,W005,late_fg_receipts,1.0,lines
EVT00379,warehouse,W011,late_fg_receipts,1.0,lines
EVT00379,warehouse,W006,late_fg_receipts,1.0,lines
EVT00380,plant,P05,blocked_production_runs,9.0,runs
EVT00380,raw_material,RM0012,stockout_days,7.0,days
EVT00380,purchase_order_line,POL0024175,receipt_delay_days,8.0,days
EVT00380,purchase_order_line,POL0030428,receipt_delay_days,13.0,days
EVT00380,purchase_order_line,POL0030429,receipt_delay_days,13.0,days
EVT00380,purchase_order_line,POL0007193,receipt_delay_days,7.0,days
EVT00380,purchase_order_line,POL0020379,receipt_delay_days,6.0,days
EVT00380,purchase_order_line,POL0036344,receipt_delay_days,7.0,days
EVT00380,plant,P04,blocked_production_runs,11.0,runs
EVT00380,raw_material,RM0012,stockout_days,8.0,days
EVT00380,purchase_order_line,POL0053953,receipt_delay_days,11.0,days
EVT00380,purchase_order_line,POL0048005,receipt_delay_days,12.0,days
EVT00380,purchase_order_line,POL0036461,receipt_delay_days,13.0,days
EVT00380,purchase_order_line,POL0048003,receipt_delay_days,12.0,days
EVT00380,purchase_order_line,POL0037774,receipt_delay_days,6.0,days
EVT00380,purchase_order_line,POL0014063,receipt_delay_days,9.0,days
EVT00380,warehouse,W006,late_fg_receipts,5.0,lines
EVT00380,warehouse,W010,late_fg_receipts,3.0,lines
EVT00380,warehouse,W001,late_fg_receipts,3.0,lines
EVT00380,warehouse,W011,late_fg_receipts,3.0,lines
EVT00380,warehouse,W002,late_fg_receipts,2.0,lines
EVT00380,warehouse,W004,late_fg_receipts,1.0,lines
EVT00380,warehouse,W012,late_fg_receipts,1.0,lines
EVT00380,warehouse,W009,late_fg_receipts,1.0,lines
EVT00380,warehouse,W005,late_fg_receipts,1.0,lines
EVT00381,purchase_order,RMPO030976,slip_days,7.0,days
EVT00381,plant,P05,projected_shortage_days,1.0,days
EVT00382,purchase_order,RMPO031521,slip_days,17.0,days
EVT00382,plant,P05,projected_shortage_days,7.0,days
EVT00383,country,CA,affected_rm_pos,62.0,POs
EVT00383,supplier,SUP0011,avg_slip_days,9.7,days
EVT00383,supplier,SUP0025,avg_slip_days,12.0,days
EVT00383,supplier,SUP0028,avg_slip_days,9.7,days
EVT00383,supplier,SUP0062,avg_slip_days,8.5,days
EVT00383,supplier,SUP0081,avg_slip_days,9.8,days
EVT00383,supplier,SUP0109,avg_slip_days,8.5,days
EVT00383,supplier,SUP0123,avg_slip_days,9.0,days
EVT00383,supplier,SUP0129,avg_slip_days,7.6,days
EVT00383,supplier,SUP0151,avg_slip_days,8.0,days
EVT00383,supplier,SUP0181,avg_slip_days,9.0,days
EVT00383,supplier,SUP0206,avg_slip_days,8.5,days
EVT00383,supplier,SUP0215,avg_slip_days,5.5,days
EVT00383,supplier,SUP0220,avg_slip_days,6.0,days
EVT00383,supplier,SUP0229,avg_slip_days,12.5,days
EVT00383,supplier,SUP0248,avg_slip_days,8.0,days
EVT00384,plant,P02,blocked_production_runs,16.0,runs
EVT00384,raw_material,RM0002,stockout_days,11.0,days
EVT00384,purchase_order_line,POL0045984,receipt_delay_days,12.0,days
EVT00384,purchase_order_line,POL0005258,receipt_delay_days,10.0,days
EVT00384,purchase_order_line,POL0034206,receipt_delay_days,9.0,days
EVT00384,purchase_order_line,POL0037553,receipt_delay_days,12.0,days
EVT00384,purchase_order_line,POL0015552,receipt_delay_days,13.0,days
EVT00384,purchase_order_line,POL0011628,receipt_delay_days,11.0,days
EVT00384,plant,P04,blocked_production_runs,5.0,runs
EVT00384,raw_material,RM0002,stockout_days,7.0,days
EVT00384,purchase_order_line,POL0049599,receipt_delay_days,10.0,days
EVT00384,purchase_order_line,POL0050456,receipt_delay_days,8.0,days
EVT00384,purchase_order_line,POL0025072,receipt_delay_days,4.0,days
EVT00384,purchase_order_line,POL0038355,receipt_delay_days,11.0,days
EVT00384,purchase_order_line,POL0043094,receipt_delay_days,3.0,days
EVT00384,plant,P03,blocked_production_runs,6.0,runs
EVT00384,raw_material,RM0002,stockout_days,8.0,days
EVT00384,purchase_order_line,POL0048864,receipt_delay_days,13.0,days
EVT00384,purchase_order_line,POL0008440,receipt_delay_days,8.0,days
EVT00384,purchase_order_line,POL0004620,receipt_delay_days,10.0,days
EVT00384,purchase_order_line,POL0026113,receipt_delay_days,7.0,days
EVT00384,purchase_order_line,POL0030969,receipt_delay_days,5.0,days
EVT00384,purchase_order_line,POL0047259,receipt_delay_days,5.0,days
EVT00384,warehouse,W007,late_fg_receipts,7.0,lines
EVT00384,warehouse,W012,late_fg_receipts,4.0,lines
EVT00384,warehouse,W009,late_fg_receipts,3.0,lines
EVT00384,warehouse,W004,late_fg_receipts,3.0,lines
EVT00384,warehouse,W003,late_fg_receipts,3.0,lines
EVT00384,warehouse,W001,late_fg_receipts,2.0,lines
EVT00384,warehouse,W010,late_fg_receipts,2.0,lines
EVT00384,warehouse,W011,late_fg_receipts,1.0,lines
EVT00384,warehouse,W002,late_fg_receipts,1.0,lines
EVT00384,warehouse,W005,late_fg_receipts,1.0,lines
EVT00385,plant,P05,blocked_production_runs,5.0,runs
EVT00385,raw_material,RM0013,stockout_days,4.0,days
EVT00385,purchase_order_line,POL0011491,receipt_delay_days,6.0,days
EVT00385,purchase_order_line,POL0028979,receipt_delay_days,4.0,days
EVT00385,purchase_order_line,POL0037317,receipt_delay_days,7.0,days
EVT00385,purchase_order_line,POL0016581,receipt_delay_days,8.0,days
EVT00385,purchase_order_line,POL0021003,receipt_delay_days,13.0,days
EVT00385,warehouse,W009,late_fg_receipts,2.0,lines
EVT00385,warehouse,W005,late_fg_receipts,1.0,lines
EVT00385,warehouse,W008,late_fg_receipts,1.0,lines
EVT00385,warehouse,W011,late_fg_receipts,1.0,lines
EVT00386,purchase_order,RMPO031176,slip_days,11.0,days
EVT00386,plant,P02,projected_shortage_days,1.0,days
EVT00387,plant,P05,blocked_production_runs,2.0,runs
EVT00387,raw_material,RM0043,stockout_days,7.0,days
EVT00387,purchase_order_line,POL0014062,receipt_delay_days,9.0,days
EVT00387,purchase_order_line,POL0037775,receipt_delay_days,6.0,days
EVT00387,plant,P04,blocked_production_runs,2.0,runs
EVT00387,raw_material,RM0043,stockout_days,8.0,days
EVT00387,purchase_order_line,POL0031574,receipt_delay_days,14.0,days
EVT00387,purchase_order_line,POL0044517,receipt_delay_days,7.0,days
EVT00387,plant,P03,blocked_production_runs,1.0,runs
EVT00387,raw_material,RM0043,stockout_days,8.0,days
EVT00387,purchase_order_line,POL0000188,receipt_delay_days,9.0,days
EVT00387,warehouse,W001,late_fg_receipts,1.0,lines
EVT00387,warehouse,W010,late_fg_receipts,1.0,lines
EVT00387,warehouse,W005,late_fg_receipts,1.0,lines
EVT00387,warehouse,W008,late_fg_receipts,1.0,lines
EVT00387,warehouse,W003,late_fg_receipts,1.0,lines
EVT00388,product,IP00402,bom_lines_changed,1.0,lines
EVT00389,plant,P03,blocked_production_runs,12.0,runs
EVT00389,raw_material,RM0003,stockout_days,9.0,days
EVT00389,purchase_order_line,POL0008365,receipt_delay_days,9.0,days
EVT00389,purchase_order_line,POL0048989,receipt_delay_days,12.0,days
EVT00389,purchase_order_line,POL0048991,receipt_delay_days,12.0,days
EVT00389,purchase_order_line,POL0042768,receipt_delay_days,10.0,days
EVT00389,purchase_order_line,POL0050625,receipt_delay_days,12.0,days
EVT00389,purchase_order_line,POL0052792,receipt_delay_days,6.0,days
EVT00389,warehouse,W003,late_fg_receipts,5.0,lines
EVT00389,warehouse,W006,late_fg_receipts,3.0,lines
EVT00389,warehouse,W011,late_fg_receipts,1.0,lines
EVT00389,warehouse,W009,late_fg_receipts,1.0,lines
EVT00389,warehouse,W004,late_fg_receipts,1.0,lines
EVT00389,warehouse,W008,late_fg_receipts,1.0,lines
EVT00390,plant,P02,blocked_production_runs,2.0,runs
EVT00390,raw_material,RM0055,stockout_days,5.0,days
EVT00390,purchase_order_line,POL0033846,receipt_delay_days,12.0,days
EVT00390,purchase_order_line,POL0053428,receipt_delay_days,4.0,days
EVT00390,warehouse,W006,late_fg_receipts,1.0,lines
EVT00390,warehouse,W012,late_fg_receipts,1.0,lines
EVT00391,product,IP00009,unfulfilled_units,39.0,units
EVT00391,product,IP00009,demand_z,3.76,sigma
EVT00392,purchase_order,RMPO031188,slip_days,11.0,days
EVT00392,plant,P03,projected_shortage_days,1.0,days
EVT00393,plant,P04,blocked_production_runs,2.0,runs
EVT00393,raw_material,RM0049,stockout_days,11.0,days
EVT00393,purchase_order_line,POL0013266,receipt_delay_days,11.0,days
EVT00393,purchase_order_line,POL0014129,receipt_delay_days,12.0,days
EVT00393,warehouse,W006,late_fg_receipts,1.0,lines
EVT00393,warehouse,W007,late_fg_receipts,1.0,lines
EVT00394,plant,P04,blocked_production_runs,10.0,runs
EVT00394,raw_material,RM0009,stockout_days,7.0,days
EVT00394,purchase_order_line,POL0003385,receipt_delay_days,7.0,days
EVT00394,purchase_order_line,POL0003386,receipt_delay_days,7.0,days
EVT00394,purchase_order_line,POL0016230,receipt_delay_days,8.0,days
EVT00394,purchase_order_line,POL0020389,receipt_delay_days,12.0,days
EVT00394,purchase_order_line,POL0028534,receipt_delay_days,11.0,days
EVT00394,purchase_order_line,POL0000186,receipt_delay_days,9.0,days
EVT00394,warehouse,W010,late_fg_receipts,2.0,lines
EVT00394,warehouse,W005,late_fg_receipts,2.0,lines
EVT00394,warehouse,W002,late_fg_receipts,1.0,lines
EVT00394,warehouse,W006,late_fg_receipts,1.0,lines
EVT00394,warehouse,W012,late_fg_receipts,1.0,lines
EVT00394,warehouse,W003,late_fg_receipts,1.0,lines
EVT00394,warehouse,W008,late_fg_receipts,1.0,lines
EVT00394,warehouse,W001,late_fg_receipts,1.0,lines
EVT00395,supplier,SUP0089,rejected_qty,137.71,ea
EVT00395,supplier,SUP0089,rejected_lots,1.0,lots
EVT00396,product,IP01041,stockout_days,222.0,days
EVT00396,warehouse,W011,min_on_hand,-1.0,units
EVT00397,product,IP01617,stockout_days,130.0,days
EVT00397,warehouse,W005,min_on_hand,-20.0,units
EVT00398,supplier,SUP0010,rejected_qty,829.53,kg
EVT00398,supplier,SUP0010,rejected_lots,1.0,lots
EVT00399,plant,P02,blocked_production_runs,3.0,runs
EVT00399,raw_material,RM0043,stockout_days,8.0,days
EVT00399,purchase_order_line,POL0033127,receipt_delay_days,8.0,days
EVT00399,purchase_order_line,POL0015222,receipt_delay_days,10.0,days
EVT00399,purchase_order_line,POL0041534,receipt_delay_days,5.0,days
EVT00399,plant,P01,blocked_production_runs,1.0,runs
EVT00399,raw_material,RM0043,stockout_days,8.0,days
EVT00399,purchase_order_line,POL0011093,receipt_delay_days,9.0,days
EVT00399,plant,P05,blocked_production_runs,2.0,runs
EVT00399,raw_material,RM0043,stockout_days,8.0,days
EVT00399,purchase_order_line,POL0019673,receipt_delay_days,12.0,days
EVT00399,purchase_order_line,POL0020037,receipt_delay_days,6.0,days
EVT00399,warehouse,W012,late_fg_receipts,2.0,lines
EVT00399,warehouse,W005,late_fg_receipts,2.0,lines
EVT00399,warehouse,W008,late_fg_receipts,1.0,lines
EVT00399,warehouse,W006,late_fg_receipts,1.0,lines
EVT00400,product,IP02144,stockout_days,211.0,days
EVT00400,warehouse,W009,min_on_hand,-15.0,units
EVT00401,warehouse,W002,adjustment_units,-68.0,units
EVT00402,warehouse,W007,adjustment_units,-65.0,units
EVT00403,country,MX,affected_rm_pos,74.0,POs
EVT00403,supplier,SUP0055,avg_slip_days,8.0,days
EVT00403,supplier,SUP0111,avg_slip_days,6.0,days
EVT00403,supplier,SUP0125,avg_slip_days,8.9,days
EVT00403,supplier,SUP0157,avg_slip_days,9.2,days
EVT00403,supplier,SUP0179,avg_slip_days,10.4,days
EVT00403,supplier,SUP0216,avg_slip_days,8.5,days
EVT00403,supplier,SUP0221,avg_slip_days,6.6,days
EVT00403,supplier,SUP0226,avg_slip_days,8.3,days
EVT00403,supplier,SUP0236,avg_slip_days,5.7,days
EVT00403,supplier,SUP0238,avg_slip_days,4.0,days
EVT00404,plant,P01,blocked_production_runs,5.0,runs
EVT00404,raw_material,RM0122,stockout_days,9.0,days
EVT00404,purchase_order_line,POL0052419,receipt_delay_days,9.0,days
EVT00404,purchase_order_line,POL0033782,receipt_delay_days,9.0,days
EVT00404,purchase_order_line,POL0012193,receipt_delay_days,14.0,days
EVT00404,purchase_order_line,POL0042498,receipt_delay_days,8.0,days
EVT00404,purchase_order_line,POL0004548,receipt_delay_days,5.0,days
EVT00404,warehouse,W002,late_fg_receipts,2.0,lines
EVT00404,warehouse,W006,late_fg_receipts,2.0,lines
EVT00404,warehouse,W010,late_fg_receipts,1.0,lines
EVT00405,plant,P04,blocked_production_runs,8.0,runs
EVT00405,raw_material,RM0013,stockout_days,11.0,days
EVT00405,purchase_order_line,POL0032784,receipt_delay_days,12.0,days
EVT00405,purchase_order_line,POL0045729,receipt_delay_days,12.0,days
EVT00405,purchase_order_line,POL0051197,receipt_delay_days,11.0,days
EVT00405,purchase_order_line,POL0018619,receipt_delay_days,7.0,days
EVT00405,purchase_order_line,POL0045514,receipt_delay_days,13.0,days
EVT00405,purchase_order_line,POL0018628,receipt_delay_days,10.0,days
EVT00405,warehouse,W006,late_fg_receipts,1.0,lines
EVT00405,warehouse,W007,late_fg_receipts,1.0,lines
EVT00405,warehouse,W009,late_fg_receipts,1.0,lines
EVT00405,warehouse,W005,late_fg_receipts,1.0,lines
EVT00405,warehouse,W004,late_fg_receipts,1.0,lines
EVT00405,warehouse,W002,late_fg_receipts,1.0,lines
EVT00405,warehouse,W001,late_fg_receipts,1.0,lines
EVT00405,warehouse,W012,late_fg_receipts,1.0,lines
EVT00406,plant,P02,blocked_production_runs,1.0,runs
EVT00406,raw_material,RM0133,stockout_days,6.0,days
EVT00406,purchase_order_line,POL0010662,receipt_delay_days,7.0,days
EVT00406,warehouse,W001,late_fg_receipts,1.0,lines
EVT00407,product,IP02040,stockout_days,201.0,days
EVT00407,warehouse,W006,min_on_hand,-2.0,units
EVT00408,purchase_order,RMPO032584,slip_days,6.0,days
EVT00408,plant,P01,projected_shortage_days,19.0,days
EVT00409,purchase_order,RMPO033218,slip_days,9.0,days
EVT00409,plant,P05,projected_shortage_days,5.0,days
EVT00410,plant,P04,blocked_production_runs,6.0,runs
EVT00410,raw_material,RM0002,stockout_days,7.0,days
EVT00410,purchase_order_line,POL0042499,receipt_delay_days,8.0,days
EVT00410,purchase_order_line,POL0049543,receipt_delay_days,12.0,days
EVT00410,purchase_order_line,POL0030443,receipt_delay_days,12.0,days
EVT00410,purchase_order_line,POL0049010,receipt_delay_days,14.0,days
EVT00410,purchase_order_line,POL0038080,receipt_delay_days,8.0,days
EVT00410,purchase_order_line,POL0051201,receipt_delay_days,11.0,days
EVT00410,warehouse,W006,late_fg_receipts,2.0,lines
EVT00410,warehouse,W002,late_fg_receipts,1.0,lines
EVT00410,warehouse,W011,late_fg_receipts,1.0,lines
EVT00410,warehouse,W008,late_fg_receipts,1.0,lines
EVT00410,warehouse,W009,late_fg_receipts,1.0,lines
EVT00411,plant,P04,blocked_production_runs,2.0,runs
EVT00411,raw_material,RM0032,stockout_days,6.0,days
EVT00411,purchase_order_line,POL0050250,receipt_delay_days,7.0,days
EVT00411,purchase_order_line,POL0000365,receipt_delay_days,3.0,days
EVT00411,warehouse,W002,late_fg_receipts,1.0,lines
EVT00411,warehouse,W010,late_fg_receipts,1.0,lines
EVT00412,plant,P05,blocked_production_runs,5.0,runs
EVT00412,raw_material,RM0010,stockout_days,10.0,days
EVT00412,purchase_order_line,POL0045515,receipt_delay_days,13.0,days
EVT00412,purchase_order_line,POL0008015,receipt_delay_days,11.0,days
EVT00412,purchase_order_line,POL0032613,receipt_delay_days,7.0,days
EVT00412,purchase_order_line,POL0032612,receipt_delay_days,7.0,days
EVT00412,purchase_order_line,POL0050087,receipt_delay_days,6.0,days
EVT00412,warehouse,W010,late_fg_receipts,2.0,lines
EVT00412,warehouse,W004,late_fg_receipts,1.0,lines
EVT00412,warehouse,W012,late_fg_receipts,1.0,lines
EVT00412,warehouse,W011,late_fg_receipts,1.0,lines
EVT00413,plant,P05,blocked_production_runs,9.0,runs
EVT00413,raw_material,RM0012,stockout_days,8.0,days
EVT00413,purchase_order_line,POL0040785,receipt_delay_days,9.0,days
EVT00413,purchase_order_line,POL0040786,receipt_delay_days,9.0,days
EVT00413,purchase_order_line,POL0009836,receipt_delay_days,12.0,days
EVT00413,purchase_order_line,POL0006804,receipt_delay_days,6.0,days
EVT00413,purchase_order_line,POL0002793,receipt_delay_days,4.0,days
EVT00413,purchase_order_line,POL0006305,receipt_delay_days,13.0,days
EVT00413,warehouse,W007,late_fg_receipts,2.0,lines
EVT00413,warehouse,W009,late_fg_receipts,2.0,lines
EVT00413,warehouse,W008,late_fg_receipts,2.0,lines
EVT00413,warehouse,W003,late_fg_receipts,1.0,lines
EVT00413,warehouse,W005,late_fg_receipts,1.0,lines
EVT00413,warehouse,W001,late_fg_receipts,1.0,lines
EVT00414,plant,P03,blocked_production_runs,8.0,runs
EVT00414,raw_material,RM0009,stockout_days,11.0,days
EVT00414,purchase_order_line,POL0029792,receipt_delay_days,12.0,days
EVT00414,purchase_order_line,POL0038236,receipt_delay_days,12.0,days
EVT00414,purchase_order_line,POL0010978,receipt_delay_days,5.0,days
EVT00414,purchase_order_line,POL0009837,receipt_delay_days,12.0,days
EVT00414,purchase_order_line,POL0013947,receipt_delay_days,8.0,days
EVT00414,purchase_order_line,POL0032051,receipt_delay_days,6.0,days
EVT00414,plant,P04,blocked_production_runs,10.0,runs
EVT00414,raw_material,RM0009,stockout_days,13.0,days
EVT00414,purchase_order_line,POL0045125,receipt_delay_days,14.0,days
EVT00414,purchase_order_line,POL0027477,receipt_delay_days,12.0,days
EVT00414,purchase_order_line,POL0024905,receipt_delay_days,7.0,days
EVT00414,purchase_order_line,POL0045326,receipt_delay_days,13.0,days
EVT00414,purchase_order_line,POL0001783,receipt_delay_days,7.0,days
EVT00414,purchase_order_line,POL0022211,receipt_delay_days,10.0,days
EVT00414,warehouse,W003,late_fg_receipts,6.0,lines
EVT00414,warehouse,W009,late_fg_receipts,3.0,lines
EVT00414,warehouse,W008,late_fg_receipts,2.0,lines
EVT00414,warehouse,W001,late_fg_receipts,2.0,lines
EVT00414,warehouse,W011,late_fg_receipts,1.0,lines
EVT00414,warehouse,W005,late_fg_receipts,1.0,lines
EVT00414,warehouse,W012,late_fg_receipts,1.0,lines
EVT00414,warehouse,W006,late_fg_receipts,1.0,lines
EVT00414,warehouse,W002,late_fg_receipts,1.0,lines
EVT00415,plant,P01,blocked_production_runs,1.0,runs
EVT00415,raw_material,RM0014,stockout_days,10.0,days
EVT00415,purchase_order_line,POL0044507,receipt_delay_days,11.0,days
EVT00415,warehouse,W002,late_fg_receipts,1.0,lines
EVT00416,supplier,SUP0149,late_rate_7d,63.6,pct
EVT00416,supplier,SUP0149,avg_delay_days,8.5,days
EVT00416,supplier,SUP0149,short_or_cancelled_pos,3.0,POs
EVT00417,supplier,SUP0028,late_rate_7d,83.3,pct
EVT00417,supplier,SUP0028,avg_delay_days,8.7,days
EVT00417,supplier,SUP0028,short_or_cancelled_pos,2.0,POs
EVT00418,plant,P03,blocked_production_runs,1.0,runs
EVT00418,raw_material,RM0110,stockout_days,5.0,days
EVT00418,purchase_order_line,POL0014611,receipt_delay_days,5.0,days
EVT00418,warehouse,W007,late_fg_receipts,1.0,lines
EVT00419,plant,P05,blocked_production_runs,4.0,runs
EVT00419,raw_material,RM0082,stockout_days,13.0,days
EVT00419,purchase_order_line,POL0050842,receipt_delay_days,13.0,days
EVT00419,purchase_order_line,POL0009934,receipt_delay_days,11.0,days
EVT00419,purchase_order_line,POL0008337,receipt_delay_days,6.0,days
EVT00419,purchase_order_line,POL0013802,receipt_delay_days,14.0,days
EVT00419,warehouse,W005,late_fg_receipts,1.0,lines
EVT00419,warehouse,W011,late_fg_receipts,1.0,lines
EVT00419,warehouse,W008,late_fg_receipts,1.0,lines
EVT00419,warehouse,W004,late_fg_receipts,1.0,lines
EVT00420,plant,P03,blocked_production_runs,4.0,runs
EVT00420,raw_material,RM0043,stockout_days,8.0,days
EVT00420,purchase_order_line,POL0013794,receipt_delay_days,13.0,days
EVT00420,purchase_order_line,POL0001608,receipt_delay_days,7.0,days
EVT00420,purchase_order_line,POL0027263,receipt_delay_days,11.0,days
EVT00420,purchase_order_line,POL0008524,receipt_delay_days,14.0,days
EVT00420,plant,P04,blocked_production_runs,1.0,runs
EVT00420,raw_material,RM0043,stockout_days,6.0,days
EVT00420,purchase_order_line,POL0045762,receipt_delay_days,6.0,days
EVT00420,warehouse,W010,late_fg_receipts,1.0,lines
EVT00420,warehouse,W004,late_fg_receipts,1.0,lines
EVT00420,warehouse,W009,late_fg_receipts,1.0,lines
EVT00420,warehouse,W008,late_fg_receipts,1.0,lines
EVT00420,warehouse,W003,late_fg_receipts,1.0,lines
EVT00421,plant,P05,blocked_production_runs,6.0,runs
EVT00421,raw_material,RM0001,stockout_days,12.0,days
EVT00421,purchase_order_line,POL0045123,receipt_delay_days,14.0,days
EVT00421,purchase_order_line,POL0019443,receipt_delay_days,12.0,days
EVT00421,purchase_order_line,POL0030271,receipt_delay_days,10.0,days
EVT00421,purchase_order_line,POL0039420,receipt_delay_days,14.0,days
EVT00421,purchase_order_line,POL0017556,receipt_delay_days,9.0,days
EVT00421,purchase_order_line,POL0051025,receipt_delay_days,11.0,days
EVT00421,warehouse,W005,late_fg_receipts,2.0,lines
EVT00421,warehouse,W009,late_fg_receipts,1.0,lines
EVT00421,warehouse,W010,late_fg_receipts,1.0,lines
EVT00421,warehouse,W004,late_fg_receipts,1.0,lines
EVT00421,warehouse,W003,late_fg_receipts,1.0,lines
EVT00422,supplier,SUP0089,rejected_qty,4820.69,ea
EVT00422,supplier,SUP0089,rejected_lots,4.0,lots
EVT00423,plant,P04,blocked_production_runs,9.0,runs
EVT00423,raw_material,RM0011,stockout_days,12.0,days
EVT00423,purchase_order_line,POL0007410,receipt_delay_days,14.0,days
EVT00423,purchase_order_line,POL0049234,receipt_delay_days,12.0,days
EVT00423,purchase_order_line,POL0049233,receipt_delay_days,12.0,days
EVT00423,purchase_order_line,POL0009472,receipt_delay_days,7.0,days
EVT00423,purchase_order_line,POL0041796,receipt_delay_days,8.0,days
EVT00423,purchase_order_line,POL0041797,receipt_delay_days,8.0,days
EVT00423,plant,P01,blocked_production_runs,10.0,runs
EVT00423,raw_material,RM0011,stockout_days,8.0,days
EVT00423,purchase_order_line,POL0021475,receipt_delay_days,10.0,days
EVT00423,purchase_order_line,POL0030212,receipt_delay_days,14.0,days
EVT00423,purchase_order_line,POL0028652,receipt_delay_days,5.0,days
EVT00423,purchase_order_line,POL0028971,receipt_delay_days,7.0,days
EVT00423,purchase_order_line,POL0004660,receipt_delay_days,7.0,days
EVT00423,purchase_order_line,POL0003690,receipt_delay_days,7.0,days
EVT00423,warehouse,W001,late_fg_receipts,4.0,lines
EVT00423,warehouse,W002,late_fg_receipts,3.0,lines
EVT00423,warehouse,W003,late_fg_receipts,3.0,lines
EVT00423,warehouse,W008,late_fg_receipts,2.0,lines
EVT00423,warehouse,W006,late_fg_receipts,1.0,lines
EVT00423,warehouse,W011,late_fg_receipts,1.0,lines
EVT00423,warehouse,W007,late_fg_receipts,1.0,lines
EVT00423,warehouse,W010,late_fg_receipts,1.0,lines
EVT00423,warehouse,W009,late_fg_receipts,1.0,lines
EVT00423,warehouse,W005,late_fg_receipts,1.0,lines
EVT00423,warehouse,W012,late_fg_receipts,1.0,lines
EVT00424,plant,P04,blocked_production_runs,4.0,runs
EVT00424,raw_material,RM0008,stockout_days,7.0,days
EVT00424,purchase_order_line,POL0003772,receipt_delay_days,11.0,days
EVT00424,purchase_order_line,POL0034973,receipt_delay_days,6.0,days
EVT00424,purchase_order_line,POL0043489,receipt_delay_days,7.0,days
EVT00424,purchase_order_line,POL0004495,receipt_delay_days,8.0,days
EVT00424,plant,P03,blocked_production_runs,15.0,runs
EVT00424,raw_material,RM0008,stockout_days,13.0,days
EVT00424,purchase_order_line,POL0037159,receipt_delay_days,14.0,days
EVT00424,purchase_order_line,POL0050803,receipt_delay_days,11.0,days
EVT00424,purchase_order_line,POL0052413,receipt_delay_days,13.0,days
EVT00424,purchase_order_line,POL0019976,receipt_delay_days,12.0,days
EVT00424,purchase_order_line,POL0041301,receipt_delay_days,11.0,days
EVT00424,purchase_order_line,POL0032743,receipt_delay_days,12.0,days
EVT00424,warehouse,W003,late_fg_receipts,4.0,lines
EVT00424,warehouse,W008,late_fg_receipts,2.0,lines
EVT00424,warehouse,W010,late_fg_receipts,2.0,lines
EVT00424,warehouse,W009,late_fg_receipts,2.0,lines
EVT00424,warehouse,W006,late_fg_receipts,2.0,lines
EVT00424,warehouse,W007,late_fg_receipts,2.0,lines
EVT00424,warehouse,W002,late_fg_receipts,1.0,lines
EVT00424,warehouse,W004,late_fg_receipts,1.0,lines
EVT00424,warehouse,W005,late_fg_receipts,1.0,lines
EVT00424,warehouse,W012,late_fg_receipts,1.0,lines
EVT00424,warehouse,W001,late_fg_receipts,1.0,lines
EVT00425,plant,P04,blocked_production_runs,13.0,runs
EVT00425,raw_material,RM0004,stockout_days,9.0,days
EVT00425,purchase_order_line,POL0032993,receipt_delay_days,12.0,days
EVT00425,purchase_order_line,POL0006406,receipt_delay_days,12.0,days
EVT00425,purchase_order_line,POL0025636,receipt_delay_days,13.0,days
EVT00425,purchase_order_line,POL0041298,receipt_delay_days,11.0,days
EVT00425,purchase_order_line,POL0028765,receipt_delay_days,5.0,days
EVT00425,purchase_order_line,POL0021689,receipt_delay_days,5.0,days
EVT00425,warehouse,W006,late_fg_receipts,4.0,lines
EVT00425,warehouse,W001,late_fg_receipts,3.0,lines
EVT00425,warehouse,W007,late_fg_receipts,2.0,lines
EVT00425,warehouse,W012,late_fg_receipts,2.0,lines
EVT00425,warehouse,W003,late_fg_receipts,1.0,lines
EVT00425,warehouse,W005,late_fg_receipts,1.0,lines
EVT00426,plant,P05,blocked_production_runs,1.0,runs
EVT00426,raw_material,RM0043,stockout_days,5.0,days
EVT00426,purchase_order_line,POL0021699,receipt_delay_days,6.0,days
EVT00426,plant,P02,blocked_production_runs,1.0,runs
EVT00426,raw_material,RM0043,stockout_days,7.0,days
EVT00426,purchase_order_line,POL0028969,receipt_delay_days,7.0,days
EVT00426,plant,P01,blocked_production_runs,1.0,runs
EVT00426,raw_material,RM0043,stockout_days,2.0,days
EVT00426,purchase_order_line,POL0030668,receipt_delay_days,3.0,days
EVT00426,plant,P04,blocked_production_runs,1.0,runs
EVT00426,raw_material,RM0043,stockout_days,1.0,days
EVT00426,purchase_order_line,POL0031561,receipt_delay_days,2.0,days
EVT00426,warehouse,W006,late_fg_receipts,1.0,lines
EVT00426,warehouse,W010,late_fg_receipts,1.0,lines
EVT00426,warehouse,W011,late_fg_receipts,1.0,lines
EVT00426,warehouse,W007,late_fg_receipts,1.0,lines
EVT00427,product,IP02153,unfulfilled_units,56.0,units
EVT00427,product,IP02153,demand_z,3.68,sigma
EVT00428,purchase_order,RMPO034377,slip_days,11.0,days
EVT00428,plant,P04,projected_shortage_days,18.0,days
EVT00429,plant,P01,blocked_production_runs,16.0,runs
EVT00429,raw_material,RM0012,stockout_days,12.0,days
EVT00429,purchase_order_line,POL0030596,receipt_delay_days,13.0,days
EVT00429,purchase_order_line,POL0007487,receipt_delay_days,10.0,days
EVT00429,purchase_order_line,POL0034400,receipt_delay_days,11.0,days
EVT00429,purchase_order_line,POL0003317,receipt_delay_days,9.0,days
EVT00429,purchase_order_line,POL0009356,receipt_delay_days,9.0,days
EVT00429,purchase_order_line,POL0009359,receipt_delay_days,9.0,days
EVT00429,warehouse,W001,late_fg_receipts,3.0,lines
EVT00429,warehouse,W007,late_fg_receipts,3.0,lines
EVT00429,warehouse,W010,late_fg_receipts,2.0,lines
EVT00429,warehouse,W003,late_fg_receipts,2.0,lines
EVT00429,warehouse,W005,late_fg_receipts,1.0,lines
EVT00429,warehouse,W009,late_fg_receipts,1.0,lines
EVT00429,warehouse,W008,late_fg_receipts,1.0,lines
EVT00429,warehouse,W002,late_fg_receipts,1.0,lines
EVT00429,warehouse,W004,late_fg_receipts,1.0,lines
EVT00429,warehouse,W011,late_fg_receipts,1.0,lines
EVT00430,plant,P05,blocked_production_runs,2.0,runs
EVT00430,raw_material,RM0123,stockout_days,7.0,days
EVT00430,purchase_order_line,POL0037186,receipt_delay_days,13.0,days
EVT00430,purchase_order_line,POL0031356,receipt_delay_days,6.0,days
EVT00430,warehouse,W009,late_fg_receipts,1.0,lines
EVT00430,warehouse,W006,late_fg_receipts,1.0,lines
EVT00431,supplier,SUP0153,rejected_qty,73.75,m2
EVT00431,supplier,SUP0153,rejected_lots,1.0,lots
EVT00432,product,IP02104,stockout_days,121.0,days
EVT00432,warehouse,W009,min_on_hand,-17.0,units
EVT00433,product,IP00074,stockout_days,116.0,days
EVT00433,warehouse,W002,min_on_hand,-4.0,units
EVT00434,plant,P02,blocked_production_runs,17.0,runs
EVT00434,raw_material,RM0003,stockout_days,10.0,days
EVT00434,purchase_order_line,POL0020199,receipt_delay_days,12.0,days
EVT00434,purchase_order_line,POL0025567,receipt_delay_days,10.0,days
EVT00434,purchase_order_line,POL0025568,receipt_delay_days,10.0,days
EVT00434,purchase_order_line,POL0030214,receipt_delay_days,14.0,days
EVT00434,purchase_order_line,POL0005729,receipt_delay_days,12.0,days
EVT00434,purchase_order_line,POL0037412,receipt_delay_days,7.0,days
EVT00434,plant,P03,blocked_production_runs,13.0,runs
EVT00434,raw_material,RM0003,stockout_days,12.0,days
EVT00434,purchase_order_line,POL0033251,receipt_delay_days,14.0,days
EVT00434,purchase_order_line,POL0038850,receipt_delay_days,14.0,days
EVT00434,purchase_order_line,POL0038854,receipt_delay_days,14.0,days
EVT00434,purchase_order_line,POL0042427,receipt_delay_days,13.0,days
EVT00434,purchase_order_line,POL0052237,receipt_delay_days,13.0,days
EVT00434,purchase_order_line,POL0022439,receipt_delay_days,11.0,days
EVT00434,warehouse,W001,late_fg_receipts,5.0,lines
EVT00434,warehouse,W005,late_fg_receipts,4.0,lines
EVT00434,warehouse,W012,late_fg_receipts,4.0,lines
EVT00434,warehouse,W008,late_fg_receipts,4.0,lines
EVT00434,warehouse,W007,late_fg_receipts,3.0,lines
EVT00434,warehouse,W009,late_fg_receipts,3.0,lines
EVT00434,warehouse,W006,late_fg_receipts,3.0,lines
EVT00434,warehouse,W003,late_fg_receipts,2.0,lines
EVT00434,warehouse,W002,late_fg_receipts,1.0,lines
EVT00434,warehouse,W011,late_fg_receipts,1.0,lines
EVT00435,plant,P03,blocked_production_runs,2.0,runs
EVT00435,raw_material,RM0083,stockout_days,7.0,days
EVT00435,purchase_order_line,POL0026949,receipt_delay_days,13.0,days
EVT00435,purchase_order_line,POL0020249,receipt_delay_days,6.0,days
EVT00435,warehouse,W007,late_fg_receipts,1.0,lines
EVT00435,warehouse,W006,late_fg_receipts,1.0,lines
EVT00436,plant,P03,blocked_production_runs,7.0,runs
EVT00436,raw_material,RM0007,stockout_days,7.0,days
EVT00436,purchase_order_line,POL0037411,receipt_delay_days,7.0,days
EVT00436,purchase_order_line,POL0007164,receipt_delay_days,7.0,days
EVT00436,purchase_order_line,POL0021427,receipt_delay_days,9.0,days
EVT00436,purchase_order_line,POL0008613,receipt_delay_days,7.0,days
EVT00436,purchase_order_line,POL0002391,receipt_delay_days,2.0,days
EVT00436,purchase_order_line,POL0042404,receipt_delay_days,6.0,days
EVT00436,plant,P01,blocked_production_runs,13.0,runs
EVT00436,raw_material,RM0007,stockout_days,11.0,days
EVT00436,purchase_order_line,POL0000485,receipt_delay_days,12.0,days
EVT00436,purchase_order_line,POL0007851,receipt_delay_days,13.0,days
EVT00436,purchase_order_line,POL0022134,receipt_delay_days,12.0,days
EVT00436,purchase_order_line,POL0030043,receipt_delay_days,7.0,days
EVT00436,purchase_order_line,POL0050801,receipt_delay_days,11.0,days
EVT00436,purchase_order_line,POL0016706,receipt_delay_days,9.0,days
EVT00436,warehouse,W010,late_fg_receipts,3.0,lines
EVT00436,warehouse,W008,late_fg_receipts,3.0,lines
EVT00436,warehouse,W001,late_fg_receipts,2.0,lines
EVT00436,warehouse,W009,late_fg_receipts,2.0,lines
EVT00436,warehouse,W002,late_fg_receipts,2.0,lines
EVT00436,warehouse,W006,late_fg_receipts,2.0,lines
EVT00436,warehouse,W004,late_fg_receipts,2.0,lines
EVT00436,warehouse,W011,late_fg_receipts,1.0,lines
EVT00436,warehouse,W007,late_fg_receipts,1.0,lines
EVT00436,warehouse,W003,late_fg_receipts,1.0,lines
EVT00436,warehouse,W012,late_fg_receipts,1.0,lines
EVT00437,product,IP00473,unfulfilled_units,30.0,units
EVT00437,product,IP00473,demand_z,3.86,sigma
EVT00438,product,IP00313,stockout_days,102.0,days
EVT00438,warehouse,W003,min_on_hand,-1.0,units
EVT00439,plant,P05,blocked_production_runs,7.0,runs
EVT00439,raw_material,RM0006,stockout_days,8.0,days
EVT00439,purchase_order_line,POL0053517,receipt_delay_days,8.0,days
EVT00439,purchase_order_line,POL0031487,receipt_delay_days,14.0,days
EVT00439,purchase_order_line,POL0041392,receipt_delay_days,13.0,days
EVT00439,purchase_order_line,POL0007214,receipt_delay_days,4.0,days
EVT00439,purchase_order_line,POL0042786,receipt_delay_days,9.0,days
EVT00439,purchase_order_line,POL0002750,receipt_delay_days,4.0,days
EVT00439,warehouse,W012,late_fg_receipts,3.0,lines
EVT00439,warehouse,W001,late_fg_receipts,1.0,lines
EVT00439,warehouse,W003,late_fg_receipts,1.0,lines
EVT00439,warehouse,W005,late_fg_receipts,1.0,lines
EVT00439,warehouse,W009,late_fg_receipts,1.0,lines
EVT00440,plant,P03,blocked_production_runs,13.0,runs
EVT00440,raw_material,RM0011,stockout_days,8.0,days
EVT00440,purchase_order_line,POL0005876,receipt_delay_days,8.0,days
EVT00440,purchase_order_line,POL0014417,receipt_delay_days,9.0,days
EVT00440,purchase_order_line,POL0012841,receipt_delay_days,6.0,days
EVT00440,purchase_order_line,POL0004818,receipt_delay_days,5.0,days
EVT00440,purchase_order_line,POL0044943,receipt_delay_days,12.0,days
EVT00440,purchase_order_line,POL0007143,receipt_delay_days,5.0,days
EVT00440,warehouse,W003,late_fg_receipts,3.0,lines
EVT00440,warehouse,W008,late_fg_receipts,3.0,lines
EVT00440,warehouse,W002,late_fg_receipts,2.0,lines
EVT00440,warehouse,W006,late_fg_receipts,2.0,lines
EVT00440,warehouse,W009,late_fg_receipts,1.0,lines
EVT00440,warehouse,W005,late_fg_receipts,1.0,lines
EVT00440,warehouse,W012,late_fg_receipts,1.0,lines
EVT00441,plant,P03,blocked_production_runs,3.0,runs
EVT00441,raw_material,RM0002,stockout_days,3.0,days
EVT00441,purchase_order_line,POL0041152,receipt_delay_days,4.0,days
EVT00441,purchase_order_line,POL0041151,receipt_delay_days,4.0,days
EVT00441,purchase_order_line,POL0007145,receipt_delay_days,5.0,days
EVT00441,warehouse,W008,late_fg_receipts,3.0,lines
EVT00442,plant,P01,blocked_production_runs,2.0,runs
EVT00442,raw_material,RM0043,stockout_days,7.0,days
EVT00442,purchase_order_line,POL0018599,receipt_delay_days,8.0,days
EVT00442,purchase_order_line,POL0022133,receipt_delay_days,12.0,days
EVT00442,plant,P05,blocked_production_runs,3.0,runs
EVT00442,raw_material,RM0043,stockout_days,10.0,days
EVT00442,purchase_order_line,POL0042371,receipt_delay_days,10.0,days
EVT00442,purchase_order_line,POL0042149,receipt_delay_days,12.0,days
EVT00442,purchase_order_line,POL0045875,receipt_delay_days,3.0,days
EVT00442,plant,P03,blocked_production_runs,3.0,runs
EVT00442,raw_material,RM0043,stockout_days,13.0,days
EVT00442,purchase_order_line,POL0039668,receipt_delay_days,14.0,days
EVT00442,purchase_order_line,POL0004422,receipt_delay_days,9.0,days
EVT00442,purchase_order_line,POL0021246,receipt_delay_days,12.0,days
EVT00442,plant,P04,blocked_production_runs,3.0,runs
EVT00442,raw_material,RM0043,stockout_days,12.0,days
EVT00442,purchase_order_line,POL0011920,receipt_delay_days,12.0,days
EVT00442,purchase_order_line,POL0021482,receipt_delay_days,6.0,days
EVT00442,purchase_order_line,POL0025394,receipt_delay_days,8.0,days
EVT00442,warehouse,W011,late_fg_receipts,2.0,lines
EVT00442,warehouse,W010,late_fg_receipts,2.0,lines
EVT00442,warehouse,W005,late_fg_receipts,2.0,lines
EVT00442,warehouse,W003,late_fg_receipts,1.0,lines
EVT00442,warehouse,W004,late_fg_receipts,1.0,lines
EVT00442,warehouse,W006,late_fg_receipts,1.0,lines
EVT00442,warehouse,W008,late_fg_receipts,1.0,lines
EVT00442,warehouse,W007,late_fg_receipts,1.0,lines
EVT00443,plant,P04,blocked_production_runs,6.0,runs
EVT00443,raw_material,RM0001,stockout_days,9.0,days
EVT00443,purchase_order_line,POL0008232,receipt_delay_days,13.0,days
EVT00443,purchase_order_line,POL0029920,receipt_delay_days,10.0,days
EVT00443,purchase_order_line,POL0037851,receipt_delay_days,12.0,days
EVT00443,purchase_order_line,POL0019273,receipt_delay_days,12.0,days
EVT00443,purchase_order_line,POL0052402,receipt_delay_days,3.0,days
EVT00443,purchase_order_line,POL0052406,receipt_delay_days,3.0,days
EVT00443,warehouse,W006,late_fg_receipts,2.0,lines
EVT00443,warehouse,W008,late_fg_receipts,1.0,lines
EVT00443,warehouse,W001,late_fg_receipts,1.0,lines
EVT00443,warehouse,W003,late_fg_receipts,1.0,lines
EVT00443,warehouse,W010,late_fg_receipts,1.0,lines
EVT00444,plant,P04,blocked_production_runs,12.0,runs
EVT00444,raw_material,RM0006,stockout_days,10.0,days
EVT00444,purchase_order_line,POL0047330,receipt_delay_days,10.0,days
EVT00444,purchase_order_line,POL0042227,receipt_delay_days,9.0,days
EVT00444,purchase_order_line,POL0042230,receipt_delay_days,9.0,days
EVT00444,purchase_order_line,POL0047331,receipt_delay_days,10.0,days
EVT00444,purchase_order_line,POL0001032,receipt_delay_days,13.0,days
EVT00444,purchase_order_line,POL0022733,receipt_delay_days,8.0,days
EVT00444,plant,P02,blocked_production_runs,3.0,runs
EVT00444,raw_material,RM0006,stockout_days,10.0,days
EVT00444,purchase_order_line,POL0027987,receipt_delay_days,11.0,days
EVT00444,purchase_order_line,POL0020172,receipt_delay_days,14.0,days
EVT00444,purchase_order_line,POL0046763,receipt_delay_days,6.0,days
EVT00444,warehouse,W006,late_fg_receipts,4.0,lines
EVT00444,warehouse,W011,late_fg_receipts,3.0,lines
EVT00444,warehouse,W012,late_fg_receipts,3.0,lines
EVT00444,warehouse,W010,late_fg_receipts,1.0,lines
EVT00444,warehouse,W003,late_fg_receipts,1.0,lines
EVT00444,warehouse,W007,late_fg_receipts,1.0,lines
EVT00444,warehouse,W004,late_fg_receipts,1.0,lines
EVT00444,warehouse,W005,late_fg_receipts,1.0,lines
EVT00445,raw_material,RM0043,price_change_pct,17.5,pct
EVT00446,plant,P02,blocked_production_runs,2.0,runs
EVT00446,raw_material,RM0073,stockout_days,8.0,days
EVT00446,purchase_order_line,POL0044852,receipt_delay_days,12.0,days
EVT00446,purchase_order_line,POL0012972,receipt_delay_days,6.0,days
EVT00446,warehouse,W001,late_fg_receipts,2.0,lines
EVT00447,supplier,SUP0118,late_pos,32.0,POs
EVT00447,supplier,SUP0118,avg_slip_days,17.6,days
EVT00448,supplier,SUP0089,rejected_qty,2703.98,m2
EVT00448,supplier,SUP0089,rejected_lots,3.0,lots
EVT00449,country,MX,affected_rm_pos,63.0,POs
EVT00449,supplier,SUP0055,avg_slip_days,7.2,days
EVT00449,supplier,SUP0111,avg_slip_days,9.0,days
EVT00449,supplier,SUP0125,avg_slip_days,9.2,days
EVT00449,supplier,SUP0157,avg_slip_days,9.2,days
EVT00449,supplier,SUP0179,avg_slip_days,10.8,days
EVT00449,supplier,SUP0216,avg_slip_days,7.8,days
EVT00449,supplier,SUP0221,avg_slip_days,8.6,days
EVT00449,supplier,SUP0226,avg_slip_days,7.0,days
EVT00449,supplier,SUP0236,avg_slip_days,6.2,days
EVT00449,supplier,SUP0238,avg_slip_days,7.0,days
EVT00450,purchase_order,RMPO039206,slip_days,10.0,days
EVT00450,plant,P05,projected_shortage_days,19.0,days
EVT00451,plant,P01,blocked_production_runs,10.0,runs
EVT00451,raw_material,RM0008,stockout_days,10.0,days
EVT00451,purchase_order_line,POL0023480,receipt_delay_days,14.0,days
EVT00451,purchase_order_line,POL0043443,receipt_delay_days,8.0,days
EVT00451,purchase_order_line,POL0008451,receipt_delay_days,9.0,days
EVT00451,purchase_order_line,POL0018011,receipt_delay_days,5.0,days
EVT00451,purchase_order_line,POL0049033,receipt_delay_days,5.0,days
EVT00451,purchase_order_line,POL0050321,receipt_delay_days,11.0,days
EVT00451,warehouse,W004,late_fg_receipts,3.0,lines
EVT00451,warehouse,W005,late_fg_receipts,3.0,lines
EVT00451,warehouse,W010,late_fg_receipts,1.0,lines
EVT00451,warehouse,W011,late_fg_receipts,1.0,lines
EVT00451,warehouse,W007,late_fg_receipts,1.0,lines
EVT00451,warehouse,W009,late_fg_receipts,1.0,lines
EVT00452,plant,P02,blocked_production_runs,2.0,runs
EVT00452,raw_material,RM0077,stockout_days,3.0,days
EVT00452,purchase_order_line,POL0013096,receipt_delay_days,5.0,days
EVT00452,purchase_order_line,POL0027458,receipt_delay_days,3.0,days
EVT00452,plant,P03,blocked_production_runs,2.0,runs
EVT00452,raw_material,RM0077,stockout_days,9.0,days
EVT00452,purchase_order_line,POL0018374,receipt_delay_days,10.0,days
EVT00452,purchase_order_line,POL0009570,receipt_delay_days,2.0,days
EVT00452,plant,P01,blocked_production_runs,2.0,runs
EVT00452,raw_material,RM0077,stockout_days,7.0,days
EVT00452,purchase_order_line,POL0003820,receipt_delay_days,8.0,days
EVT00452,purchase_order_line,POL0026851,receipt_delay_days,14.0,days
EVT00452,warehouse,W001,late_fg_receipts,2.0,lines
EVT00452,warehouse,W005,late_fg_receipts,2.0,lines
EVT00452,warehouse,W008,late_fg_receipts,2.0,lines
EVT00453,product,IP01008,unfulfilled_units,37.0,units
EVT00453,product,IP01008,demand_z,3.65,sigma
EVT00454,purchase_order,RMPO039455,slip_days,8.0,days
EVT00454,plant,P01,projected_shortage_days,23.0,days
EVT00455,plant,P02,blocked_production_runs,8.0,runs
EVT00455,raw_material,RM0002,stockout_days,9.0,days
EVT00455,purchase_order_line,POL0018171,receipt_delay_days,10.0,days
EVT00455,purchase_order_line,POL0019521,receipt_delay_days,10.0,days
EVT00455,purchase_order_line,POL0042581,receipt_delay_days,10.0,days
EVT00455,purchase_order_line,POL0026160,receipt_delay_days,7.0,days
EVT00455,purchase_order_line,POL0036416,receipt_delay_days,10.0,days
EVT00455,purchase_order_line,POL0033072,receipt_delay_days,3.0,days
EVT00455,warehouse,W011,late_fg_receipts,2.0,lines
EVT00455,warehouse,W007,late_fg_receipts,1.0,lines
EVT00455,warehouse,W009,late_fg_receipts,1.0,lines
EVT00455,warehouse,W008,late_fg_receipts,1.0,lines
EVT00455,warehouse,W005,late_fg_receipts,1.0,lines
EVT00455,warehouse,W004,late_fg_receipts,1.0,lines
EVT00455,warehouse,W006,late_fg_receipts,1.0,lines
EVT00456,plant,P01,blocked_production_runs,1.0,runs
EVT00456,raw_material,RM0015,stockout_days,12.0,days
EVT00456,purchase_order_line,POL0051472,receipt_delay_days,12.0,days
EVT00456,warehouse,W003,late_fg_receipts,1.0,lines
EVT00457,plant,P02,blocked_production_runs,5.0,runs
EVT00457,raw_material,RM0007,stockout_days,11.0,days
EVT00457,purchase_order_line,POL0043968,receipt_delay_days,13.0,days
EVT00457,purchase_order_line,POL0020126,receipt_delay_days,13.0,days
EVT00457,purchase_order_line,POL0001277,receipt_delay_days,5.0,days
EVT00457,purchase_order_line,POL0024007,receipt_delay_days,5.0,days
EVT00457,purchase_order_line,POL0008661,receipt_delay_days,11.0,days
EVT00457,warehouse,W005,late_fg_receipts,1.0,lines
EVT00457,warehouse,W008,late_fg_receipts,1.0,lines
EVT00457,warehouse,W004,late_fg_receipts,1.0,lines
EVT00457,warehouse,W001,late_fg_receipts,1.0,lines
EVT00457,warehouse,W002,late_fg_receipts,1.0,lines
EVT00458,product,IP01502,stockout_days,56.0,days
EVT00458,warehouse,W009,min_on_hand,-17.0,units
EVT00459,warehouse,W009,adjustment_units,-67.0,units
EVT00460,warehouse,W001,adjustment_units,-71.0,units
EVT00461,plant,P01,blocked_production_runs,4.0,runs
EVT00461,raw_material,RM0004,stockout_days,6.0,days
EVT00461,purchase_order_line,POL0003008,receipt_delay_days,12.0,days
EVT00461,purchase_order_line,POL0027676,receipt_delay_days,7.0,days
EVT00461,purchase_order_line,POL0008663,receipt_delay_days,11.0,days
EVT00461,purchase_order_line,POL0040508,receipt_delay_days,4.0,days
EVT00461,warehouse,W011,late_fg_receipts,1.0,lines
EVT00461,warehouse,W012,late_fg_receipts,1.0,lines
EVT00461,warehouse,W002,late_fg_receipts,1.0,lines
EVT00461,warehouse,W007,late_fg_receipts,1.0,lines
EVT00462,plant,P02,blocked_production_runs,7.0,runs
EVT00462,raw_material,RM0001,stockout_days,11.0,days
EVT00462,purchase_order_line,POL0025102,receipt_delay_days,11.0,days
EVT00462,purchase_order_line,POL0009560,receipt_delay_days,13.0,days
EVT00462,purchase_order_line,POL0014803,receipt_delay_days,10.0,days
EVT00462,purchase_order_line,POL0024726,receipt_delay_days,10.0,days
EVT00462,purchase_order_line,POL0024728,receipt_delay_days,10.0,days
EVT00462,purchase_order_line,POL0025119,receipt_delay_days,10.0,days
EVT00462,warehouse,W001,late_fg_receipts,3.0,lines
EVT00462,warehouse,W003,late_fg_receipts,1.0,lines
EVT00462,warehouse,W002,late_fg_receipts,1.0,lines
EVT00462,warehouse,W004,late_fg_receipts,1.0,lines
EVT00462,warehouse,W009,late_fg_receipts,1.0,lines
EVT00463,supplier,SUP0241,rejected_qty,24.41,m2
EVT00463,supplier,SUP0241,rejected_lots,1.0,lots
EVT00464,supplier,SUP0164,rejected_qty,64.64,kg
EVT00464,supplier,SUP0164,rejected_lots,1.0,lots
EVT00465,plant,P01,blocked_production_runs,1.0,runs
EVT00465,raw_material,RM0043,stockout_days,7.0,days
EVT00465,purchase_order_line,POL0020655,receipt_delay_days,7.0,days
EVT00465,plant,P02,blocked_production_runs,1.0,runs
EVT00465,raw_material,RM0043,stockout_days,1.0,days
EVT00465,purchase_order_line,POL0013071,receipt_delay_days,2.0,days
EVT00465,plant,P03,blocked_production_runs,1.0,runs
EVT00465,raw_material,RM0043,stockout_days,14.0,days
EVT00465,purchase_order_line,POL0033956,receipt_delay_days,14.0,days
EVT00465,warehouse,W011,late_fg_receipts,1.0,lines
EVT00465,warehouse,W003,late_fg_receipts,1.0,lines
EVT00465,warehouse,W004,late_fg_receipts,1.0,lines
EVT00466,plant,P02,blocked_production_runs,1.0,runs
EVT00466,raw_material,RM0125,stockout_days,6.0,days
EVT00466,purchase_order_line,POL0050523,receipt_delay_days,7.0,days
EVT00466,warehouse,W012,late_fg_receipts,1.0,lines
EVT00467,supplier,SUP0095,rejected_qty,520.74,kg
EVT00467,supplier,SUP0095,rejected_lots,1.0,lots
EVT00468,plant,P03,blocked_production_runs,1.0,runs
EVT00468,raw_material,RM0073,stockout_days,11.0,days
EVT00468,purchase_order_line,POL0005564,receipt_delay_days,11.0,days
EVT00468,plant,P02,blocked_production_runs,1.0,runs
EVT00468,raw_material,RM0073,stockout_days,10.0,days
EVT00468,purchase_order_line,POL0022931,receipt_delay_days,11.0,days
EVT00468,warehouse,W011,late_fg_receipts,1.0,lines
EVT00468,warehouse,W001,late_fg_receipts,1.0,lines
EVT00469,plant,P04,blocked_production_runs,1.0,runs
EVT00469,raw_material,RM0077,stockout_days,3.0,days
EVT00469,purchase_order_line,POL0016639,receipt_delay_days,3.0,days
EVT00469,plant,P05,blocked_production_runs,1.0,runs
EVT00469,raw_material,RM0077,stockout_days,4.0,days
EVT00469,purchase_order_line,POL0024514,receipt_delay_days,5.0,days
EVT00469,warehouse,W007,late_fg_receipts,1.0,lines
EVT00469,warehouse,W011,late_fg_receipts,1.0,lines
EVT00470,plant,P03,blocked_production_runs,7.0,runs
EVT00470,raw_material,RM0009,stockout_days,8.0,days
EVT00470,purchase_order_line,POL0034591,receipt_delay_days,10.0,days
EVT00470,purchase_order_line,POL0026215,receipt_delay_days,12.0,days
EVT00470,purchase_order_line,POL0002869,receipt_delay_days,7.0,days
EVT00470,purchase_order_line,POL0002870,receipt_delay_days,7.0,days
EVT00470,purchase_order_line,POL0006503,receipt_delay_days,12.0,days
EVT00470,purchase_order_line,POL0025529,receipt_delay_days,8.0,days
EVT00470,warehouse,W001,late_fg_receipts,3.0,lines
EVT00470,warehouse,W009,late_fg_receipts,2.0,lines
EVT00470,warehouse,W007,late_fg_receipts,1.0,lines
EVT00470,warehouse,W011,late_fg_receipts,1.0,lines
EVT00471,product,IP02142,stockout_days,25.0,days
EVT00471,warehouse,W009,min_on_hand,-10.0,units
EVT00472,raw_material,RM0043,late_pos,6.0,POs
EVT00472,raw_material,RM0043,avg_slip_days,12.5,days
EVT00473,plant,P05,blocked_production_runs,2.0,runs
EVT00473,raw_material,RM0010,stockout_days,6.0,days
EVT00473,purchase_order_line,POL0030913,receipt_delay_days,7.0,days
EVT00473,purchase_order_line,POL0030366,receipt_delay_days,2.0,days
EVT00473,warehouse,W010,late_fg_receipts,1.0,lines
EVT00473,warehouse,W003,late_fg_receipts,1.0,lines
EVT00474,purchase_order,RMPO039607,slip_days,-1.0,days
EVT00474,plant,P01,projected_shortage_days,34.0,days
