rm_po_revision_id,rm_po_id,revised_at,old_expected_at,new_expected_at,reason_code
RMREV000001,RMPO000171,2022-12-19,2022-12-27,2022-12-31,raw_material_shortage
RMREV000002,RMPO000216,2022-12-20,2022-12-27,2023-01-01,raw_material_shortage
RMREV000003,RMPO000156,2022-12-21,2022-12-24,2022-12-27,carrier_delay
RMREV000004,RMPO000177,2022-12-22,2022-12-29,2022-12-30,supplier_capacity
RMREV000005,RMPO000299,2022-12-22,2022-12-25,2022-12-27,production_issue
RMREV000006,RMPO000433,2022-12-24,2023-01-02,2023-01-03,carrier_delay
RMREV000007,RMPO000156,2022-12-25,2022-12-27,2022-12-30,carrier_delay
RMREV000008,RMPO000002,2022-12-26,2023-01-01,2023-01-06,production_issue
RMREV000009,RMPO000171,2022-12-27,2022-12-31,2023-01-04,raw_material_shortage
RMREV000010,RMPO000259,2022-12-27,2023-01-08,2023-01-09,carrier_delay
RMREV000011,RMPO000045,2022-12-28,2023-01-04,2023-01-08,quality_hold_at_supplier
RMREV000012,RMPO000522,2022-12-28,2023-01-08,2023-01-11,raw_material_shortage
RMREV000013,RMPO000021,2022-12-29,2023-01-01,2023-01-07,production_issue
RMREV000014,RMPO000120,2022-12-29,2023-01-07,2023-01-13,raw_material_shortage
RMREV000015,RMPO000074,2022-12-30,2023-01-11,2023-01-15,supplier_capacity
RMREV000016,RMPO000368,2022-12-30,2023-01-11,2023-01-12,carrier_delay
RMREV000017,RMPO000481,2022-12-30,2023-01-03,2023-01-07,raw_material_shortage
RMREV000018,RMPO000074,2022-12-31,2023-01-15,2023-01-16,supplier_capacity
RMREV000019,RMPO000377,2022-12-31,2023-01-01,2023-01-06,production_issue
RMREV000020,RMPO000395,2022-12-31,2023-01-08,2023-01-15,supplier_capacity
RMREV000021,RMPO000092,2023-01-01,2023-01-09,2023-01-19,supplier_capacity
RMREV000022,RMPO000037,2023-01-02,2023-01-06,2023-01-13,raw_material_shortage
RMREV000023,RMPO000455,2023-01-02,2023-01-07,2023-01-10,raw_material_shortage
RMREV000024,RMPO000045,2023-01-03,2023-01-08,2023-01-11,quality_hold_at_supplier
RMREV000025,RMPO000259,2023-01-03,2023-01-09,2023-01-10,carrier_delay
RMREV000026,RMPO000692,2023-01-03,2023-01-07,2023-01-08,production_issue
RMREV000027,RMPO000046,2023-01-04,2023-01-12,2023-01-15,raw_material_shortage
RMREV000028,RMPO000306,2023-01-04,2023-01-07,2023-01-13,raw_material_shortage
RMREV000029,RMPO000046,2023-01-05,2023-01-15,2023-01-17,raw_material_shortage
RMREV000030,RMPO000148,2023-01-05,2023-01-11,2023-01-20,production_issue
RMREV000031,RMPO000314,2023-01-05,2023-01-13,2023-01-15,supplier_capacity
RMREV000032,RMPO000002,2023-01-06,2023-01-06,2023-01-08,production_issue
RMREV000033,RMPO000071,2023-01-06,2023-01-16,2023-02-05,production_issue
RMREV000034,RMPO000412,2023-01-06,2023-01-07,2023-01-11,raw_material_shortage
RMREV000035,RMPO000523,2023-01-06,2023-01-11,2023-01-13,supplier_capacity
RMREV000036,RMPO000040,2023-01-07,2023-01-12,2023-01-26,production_issue
RMREV000037,RMPO000054,2023-01-07,2023-01-08,2023-01-20,production_issue
RMREV000038,RMPO000523,2023-01-07,2023-01-13,2023-01-14,supplier_capacity
RMREV000039,RMPO000732,2023-01-07,2023-01-17,2023-01-20,supplier_capacity
RMREV000040,RMPO000750,2023-01-07,2023-01-17,2023-01-18,carrier_delay
RMREV000041,RMPO000094,2023-01-08,2023-01-18,2023-01-30,raw_material_shortage
RMREV000042,RMPO000417,2023-01-08,2023-01-19,2023-01-21,supplier_capacity
RMREV000043,RMPO000472,2023-01-09,2023-01-18,2023-01-23,carrier_delay
RMREV000044,RMPO000044,2023-01-10,2023-01-13,2023-01-31,raw_material_shortage
RMREV000045,RMPO000044,2023-01-10,2023-01-31,2023-01-26,expedite
RMREV000046,RMPO000068,2023-01-10,2023-01-16,2023-01-28,supplier_capacity
RMREV000047,RMPO000094,2023-01-10,2023-01-30,2023-02-07,raw_material_shortage
RMREV000048,RMPO000120,2023-01-10,2023-01-13,2023-01-16,raw_material_shortage
RMREV000049,RMPO000603,2023-01-10,2023-01-14,2023-01-25,production_issue
RMREV000050,RMPO000423,2023-01-11,2023-01-16,2023-01-17,supplier_capacity
RMREV000051,RMPO000472,2023-01-11,2023-01-23,2023-01-27,carrier_delay
RMREV000052,RMPO000544,2023-01-11,2023-01-15,2023-01-18,production_issue
RMREV000053,RMPO000795,2023-01-11,2023-01-20,2023-01-21,production_issue
RMREV000054,RMPO000800,2023-01-11,2023-01-15,2023-01-27,supplier_capacity
RMREV000055,RMPO000800,2023-01-11,2023-01-27,2023-01-19,expedite
RMREV000056,RMPO000801,2023-01-11,2023-01-15,2023-02-02,quality_hold_at_supplier
RMREV000057,RMPO000801,2023-01-11,2023-02-02,2023-01-26,expedite
RMREV000058,RMPO000854,2023-01-11,2023-01-22,2023-02-03,labor_strike
RMREV000059,RMPO000368,2023-01-12,2023-01-12,2023-01-13,carrier_delay
RMREV000060,RMPO000575,2023-01-12,2023-01-23,2023-01-27,supplier_capacity
RMREV000061,RMPO000328,2023-01-13,2023-01-16,2023-01-25,supplier_capacity
RMREV000062,RMPO000509,2023-01-13,2023-01-21,2023-01-25,supplier_capacity
RMREV000063,RMPO000146,2023-01-14,2023-01-19,2023-02-04,raw_material_shortage
RMREV000064,RMPO000634,2023-01-14,2023-01-16,2023-01-18,raw_material_shortage
RMREV000065,RMPO000750,2023-01-14,2023-01-18,2023-01-19,carrier_delay
RMREV000066,RMPO000407,2023-01-15,2023-01-17,2023-01-20,raw_material_shortage
RMREV000067,RMPO000474,2023-01-15,2023-01-18,2023-01-21,carrier_delay
RMREV000068,RMPO000614,2023-01-15,2023-01-18,2023-02-12,raw_material_shortage
RMREV000069,RMPO000800,2023-01-15,2023-01-19,2023-01-23,expedite_missed
RMREV000070,RMPO000127,2023-01-16,2023-01-23,2023-02-05,labor_strike
RMREV000071,RMPO000148,2023-01-16,2023-01-20,2023-01-26,production_issue
RMREV000072,RMPO000508,2023-01-16,2023-01-17,2023-01-20,raw_material_shortage
RMREV000073,RMPO000634,2023-01-16,2023-01-18,2023-01-19,raw_material_shortage
RMREV000074,RMPO000967,2023-01-16,2023-01-28,2023-02-08,labor_strike
RMREV000075,RMPO000967,2023-01-16,2023-02-08,2023-02-05,expedite
RMREV000076,RMPO000978,2023-01-16,2023-01-26,2023-02-02,carrier_delay
RMREV000077,RMPO000115,2023-01-17,2023-01-19,2023-01-27,production_issue
RMREV000078,RMPO000150,2023-01-17,2023-01-26,2023-02-07,raw_material_shortage
RMREV000079,RMPO000276,2023-01-17,2023-01-18,2023-01-22,carrier_delay
RMREV000080,RMPO000460,2023-01-17,2023-01-17,2023-01-30,labor_strike
RMREV000081,RMPO000460,2023-01-17,2023-01-30,2023-01-24,expedite
RMREV000082,RMPO000572,2023-01-17,2023-01-21,2023-02-02,labor_strike
RMREV000083,RMPO000574,2023-01-17,2023-01-23,2023-01-27,supplier_capacity
RMREV000084,RMPO000761,2023-01-17,2023-01-24,2023-01-26,supplier_capacity
RMREV000085,RMPO000920,2023-01-17,2023-01-22,2023-01-26,raw_material_shortage
RMREV000086,RMPO001034,2023-01-17,2023-01-27,2023-01-29,labor_strike
RMREV000087,RMPO001115,2023-01-17,2023-01-25,2023-01-30,quality_hold_at_supplier
RMREV000088,RMPO000291,2023-01-18,2023-01-26,2023-02-03,labor_strike
RMREV000089,RMPO000795,2023-01-18,2023-01-21,2023-01-23,production_issue
RMREV000090,RMPO000855,2023-01-18,2023-01-22,2023-01-26,labor_strike
RMREV000091,RMPO001161,2023-01-18,2023-01-23,2023-02-03,carrier_delay
RMREV000092,RMPO000072,2023-01-19,2023-01-24,2023-02-15,carrier_delay
RMREV000093,RMPO000100,2023-01-19,2023-01-23,2023-02-07,raw_material_shortage
RMREV000094,RMPO000100,2023-01-19,2023-02-07,2023-02-03,expedite
RMREV000095,RMPO000867,2023-01-19,2023-01-22,2023-01-27,labor_strike
RMREV000096,RMPO001142,2023-01-19,2023-01-25,2023-01-26,supplier_capacity
RMREV000097,RMPO000125,2023-01-20,2023-01-25,2023-01-31,labor_strike
RMREV000098,RMPO000332,2023-01-20,2023-01-24,2023-02-07,production_issue
RMREV000099,RMPO000457,2023-01-20,2023-02-01,2023-02-16,port_congestion
RMREV000100,RMPO000457,2023-01-20,2023-02-16,2023-02-11,expedite
RMREV000101,RMPO000530,2023-01-20,2023-01-24,2023-01-28,carrier_delay
RMREV000102,RMPO000571,2023-01-20,2023-01-21,2023-02-01,labor_strike
RMREV000103,RMPO000855,2023-01-20,2023-01-26,2023-01-31,labor_strike
RMREV000104,RMPO001027,2023-01-20,2023-01-26,2023-01-30,labor_strike
RMREV000105,RMPO000152,2023-01-21,2023-01-30,2023-02-03,production_issue
RMREV000106,RMPO000406,2023-01-21,2023-02-02,2023-02-05,labor_strike
RMREV000107,RMPO000460,2023-01-21,2023-01-24,2023-01-30,expedite_missed
RMREV000108,RMPO000944,2023-01-21,2023-02-02,2023-02-08,labor_strike
RMREV000109,RMPO000126,2023-01-22,2023-01-23,2023-01-31,labor_strike
RMREV000110,RMPO000458,2023-01-22,2023-02-02,2023-02-25,port_congestion
RMREV000111,RMPO000458,2023-01-22,2023-02-25,2023-02-18,expedite
RMREV000112,RMPO001035,2023-01-22,2023-01-25,2023-01-28,labor_strike
RMREV000113,RMPO000968,2023-01-23,2023-01-27,2023-02-08,labor_strike
RMREV000114,RMPO001164,2023-01-23,2023-01-27,2023-02-05,supplier_capacity
RMREV000115,RMPO001164,2023-01-23,2023-02-05,2023-01-28,expedite
RMREV000116,RMPO001166,2023-01-23,2023-02-03,2023-02-12,port_congestion
RMREV000117,RMPO001166,2023-01-23,2023-02-12,2023-02-07,expedite
RMREV000118,RMPO000205,2023-01-24,2023-01-27,2023-02-16,supplier_capacity
RMREV000119,RMPO000290,2023-01-24,2023-01-29,2023-02-18,labor_strike
RMREV000120,RMPO000492,2023-01-24,2023-02-05,2023-02-11,port_congestion
RMREV000121,RMPO000612,2023-01-24,2023-02-02,2023-02-16,port_congestion
RMREV000122,RMPO000612,2023-01-24,2023-02-16,2023-02-10,expedite
RMREV000123,RMPO000919,2023-01-24,2023-01-27,2023-02-01,raw_material_shortage
RMREV000124,RMPO000973,2023-01-24,2023-01-27,2023-02-12,raw_material_shortage
RMREV000125,RMPO000973,2023-01-24,2023-02-12,2023-02-04,expedite
RMREV000126,RMPO001162,2023-01-24,2023-01-29,2023-02-22,port_congestion
RMREV000127,RMPO001162,2023-01-24,2023-02-22,2023-02-17,expedite
RMREV000128,RMPO001210,2023-01-24,2023-02-02,2023-02-21,port_congestion
RMREV000129,RMPO001210,2023-01-24,2023-02-21,2023-02-15,expedite
RMREV000130,RMPO001236,2023-01-24,2023-02-01,2023-02-03,raw_material_shortage
RMREV000131,RMPO001237,2023-01-24,2023-01-29,2023-01-31,raw_material_shortage
RMREV000132,RMPO001322,2023-01-24,2023-02-01,2023-02-13,port_congestion
RMREV000133,RMPO000040,2023-01-25,2023-01-26,2023-02-04,production_issue
RMREV000134,RMPO000198,2023-01-25,2023-02-01,2023-02-06,labor_strike
RMREV000135,RMPO000219,2023-01-25,2023-01-27,2023-02-12,raw_material_shortage
RMREV000136,RMPO000351,2023-01-25,2023-02-02,2023-02-09,raw_material_shortage
RMREV000137,RMPO000817,2023-01-25,2023-02-02,2023-02-07,port_congestion
RMREV000138,RMPO001214,2023-01-25,2023-02-03,2023-02-07,labor_strike
RMREV000139,RMPO001239,2023-01-25,2023-02-03,2023-02-05,production_issue
RMREV000140,RMPO000285,2023-01-26,2023-02-04,2023-02-14,labor_strike
RMREV000141,RMPO000320,2023-01-26,2023-01-30,2023-02-24,labor_strike
RMREV000142,RMPO000461,2023-01-26,2023-02-06,2023-02-10,port_congestion
RMREV000143,RMPO000461,2023-01-26,2023-02-10,2023-02-03,expedite
RMREV000144,RMPO000494,2023-01-26,2023-02-06,2023-02-22,port_congestion
RMREV000145,RMPO000494,2023-01-26,2023-02-22,2023-02-15,expedite
RMREV000146,RMPO000586,2023-01-26,2023-02-06,2023-02-17,port_congestion
RMREV000147,RMPO000848,2023-01-26,2023-02-02,2023-02-09,port_congestion
RMREV000148,RMPO001035,2023-01-26,2023-01-28,2023-01-29,labor_strike
RMREV000149,RMPO001125,2023-01-26,2023-02-07,2023-02-18,raw_material_shortage
RMREV000150,RMPO001361,2023-01-26,2023-02-03,2023-02-15,port_congestion
RMREV000151,RMPO001361,2023-01-26,2023-02-15,2023-02-11,expedite
RMREV000152,RMPO001364,2023-01-26,2023-02-01,2023-02-07,port_congestion
RMREV000153,RMPO001364,2023-01-26,2023-02-07,2023-02-04,expedite
RMREV000154,RMPO000146,2023-01-27,2023-02-04,2023-02-15,raw_material_shortage
RMREV000155,RMPO000195,2023-01-27,2023-02-01,2023-02-06,labor_strike
RMREV000156,RMPO000197,2023-01-27,2023-01-30,2023-02-04,labor_strike
RMREV000157,RMPO000575,2023-01-27,2023-01-27,2023-02-02,supplier_capacity
RMREV000158,RMPO000585,2023-01-27,2023-02-06,2023-02-10,port_congestion
RMREV000159,RMPO000615,2023-01-27,2023-02-04,2023-02-14,port_congestion
RMREV000160,RMPO000768,2023-01-27,2023-02-06,2023-02-11,port_congestion
RMREV000161,RMPO001361,2023-01-27,2023-02-11,2023-02-13,expedite_missed
RMREV000162,RMPO000125,2023-01-28,2023-01-31,2023-02-02,labor_strike
RMREV000163,RMPO000539,2023-01-28,2023-02-01,2023-02-25,port_congestion
RMREV000164,RMPO000539,2023-01-28,2023-02-25,2023-02-17,expedite
RMREV000165,RMPO000801,2023-01-28,2023-01-26,2023-01-30,expedite_missed
RMREV000166,RMPO001124,2023-01-28,2023-02-07,2023-02-08,port_congestion
RMREV000167,RMPO001124,2023-01-28,2023-02-08,2023-02-05,expedite
RMREV000168,RMPO001140,2023-01-28,2023-02-08,2023-02-13,production_issue
RMREV000169,RMPO001163,2023-01-28,2023-02-07,2023-02-13,port_congestion
RMREV000170,RMPO001163,2023-01-28,2023-02-13,2023-02-09,expedite
RMREV000171,RMPO001167,2023-01-28,2023-02-08,2023-02-22,port_congestion
RMREV000172,RMPO001167,2023-01-28,2023-02-22,2023-02-19,expedite
RMREV000173,RMPO001215,2023-01-28,2023-02-08,2023-02-13,port_congestion
RMREV000174,RMPO001349,2023-01-28,2023-02-05,2023-02-09,labor_strike
RMREV000175,RMPO001363,2023-01-28,2023-02-01,2023-02-10,port_congestion
RMREV000176,RMPO001363,2023-01-28,2023-02-10,2023-02-07,expedite
RMREV000177,RMPO000284,2023-01-29,2023-02-08,2023-02-18,labor_strike
RMREV000178,RMPO000459,2023-01-29,2023-02-02,2023-02-05,port_congestion
RMREV000179,RMPO000610,2023-01-29,2023-01-31,2023-02-09,port_congestion
RMREV000180,RMPO000610,2023-01-29,2023-02-09,2023-02-05,expedite
RMREV000181,RMPO001124,2023-01-29,2023-02-05,2023-02-08,expedite_missed
RMREV000182,RMPO001165,2023-01-29,2023-02-03,2023-02-26,port_congestion
RMREV000183,RMPO001165,2023-01-29,2023-02-26,2023-02-20,expedite
RMREV000184,RMPO001362,2023-01-29,2023-01-31,2023-02-11,port_congestion
RMREV000185,RMPO001362,2023-01-29,2023-02-11,2023-02-04,expedite
RMREV000186,RMPO000336,2023-01-30,2023-02-11,2023-02-19,production_issue
RMREV000187,RMPO000451,2023-01-30,2023-02-01,2023-02-05,labor_strike
RMREV000188,RMPO000490,2023-01-30,2023-02-10,2023-02-14,labor_strike
RMREV000189,RMPO000609,2023-01-30,2023-01-31,2023-02-14,port_congestion
RMREV000190,RMPO000949,2023-01-30,2023-02-08,2023-02-18,port_congestion
RMREV000191,RMPO000970,2023-01-30,2023-02-03,2023-02-11,port_congestion
RMREV000192,RMPO000970,2023-01-30,2023-02-11,2023-02-04,expedite
RMREV000193,RMPO001034,2023-01-30,2023-01-29,2023-01-31,labor_strike
RMREV000194,RMPO001036,2023-01-30,2023-02-01,2023-02-13,labor_strike
RMREV000195,RMPO001163,2023-01-30,2023-02-09,2023-02-13,expedite_missed
RMREV000196,RMPO001164,2023-01-30,2023-01-28,2023-02-08,expedite_missed
RMREV000197,RMPO001211,2023-01-30,2023-02-04,2023-02-11,port_congestion
RMREV000198,RMPO000152,2023-01-31,2023-02-03,2023-02-04,production_issue
RMREV000199,RMPO000196,2023-01-31,2023-02-01,2023-02-07,labor_strike
RMREV000200,RMPO000278,2023-01-31,2023-02-01,2023-02-03,carrier_delay
RMREV000201,RMPO000577,2023-01-31,2023-02-04,2023-03-02,port_congestion
RMREV000202,RMPO000577,2023-01-31,2023-03-02,2023-02-24,expedite
RMREV000203,RMPO000610,2023-01-31,2023-02-05,2023-02-09,expedite_missed
RMREV000204,RMPO000934,2023-01-31,2023-02-08,2023-02-20,labor_strike
RMREV000205,RMPO000978,2023-01-31,2023-02-02,2023-02-04,carrier_delay
RMREV000206,RMPO001086,2023-01-31,2023-02-12,2023-02-19,raw_material_shortage
RMREV000207,RMPO001226,2023-01-31,2023-02-02,2023-02-10,labor_strike
RMREV000208,RMPO001342,2023-01-31,2023-02-01,2023-02-05,supplier_capacity
RMREV000209,RMPO001350,2023-01-31,2023-02-10,2023-02-22,labor_strike
RMREV000210,RMPO001400,2023-01-31,2023-02-05,2023-02-17,port_congestion
RMREV000211,RMPO001401,2023-01-31,2023-02-02,2023-02-10,port_congestion
RMREV000212,RMPO001403,2023-01-31,2023-02-10,2023-02-20,port_congestion
RMREV000213,RMPO001411,2023-01-31,2023-02-10,2023-02-14,labor_strike
RMREV000214,RMPO001457,2023-01-31,2023-02-04,2023-02-06,carrier_delay
RMREV000215,RMPO001505,2023-01-31,2023-02-03,2023-02-13,port_congestion
RMREV000216,RMPO001506,2023-01-31,2023-02-04,2023-02-12,port_congestion
RMREV000217,RMPO000282,2023-02-01,2023-02-08,2023-02-10,labor_strike
RMREV000218,RMPO000613,2023-02-01,2023-02-05,2023-02-17,port_congestion
RMREV000219,RMPO000613,2023-02-01,2023-02-17,2023-02-13,expedite
RMREV000220,RMPO000676,2023-02-01,2023-02-04,2023-02-20,port_congestion
RMREV000221,RMPO000676,2023-02-01,2023-02-20,2023-02-17,expedite
RMREV000222,RMPO000689,2023-02-01,2023-02-04,2023-02-08,raw_material_shortage
RMREV000223,RMPO001362,2023-02-01,2023-02-04,2023-02-15,expedite_missed
RMREV000224,RMPO001366,2023-02-01,2023-02-06,2023-02-20,port_congestion
RMREV000225,RMPO001366,2023-02-01,2023-02-20,2023-02-13,expedite
RMREV000226,RMPO001457,2023-02-01,2023-02-06,2023-02-08,carrier_delay
RMREV000227,RMPO000278,2023-02-02,2023-02-03,2023-02-04,carrier_delay
RMREV000228,RMPO000414,2023-02-02,2023-02-10,2023-02-14,carrier_delay
RMREV000229,RMPO000589,2023-02-02,2023-02-14,2023-02-18,labor_strike
RMREV000230,RMPO000611,2023-02-02,2023-02-07,2023-02-23,port_congestion
RMREV000231,RMPO000767,2023-02-02,2023-02-06,2023-02-16,port_congestion
RMREV000232,RMPO001131,2023-02-02,2023-02-09,2023-02-13,labor_strike
RMREV000233,RMPO001399,2023-02-02,2023-02-09,2023-02-21,port_congestion
RMREV000234,RMPO001536,2023-02-02,2023-02-14,2023-02-25,port_congestion
RMREV000235,RMPO001577,2023-02-02,2023-02-10,2023-02-20,port_congestion
RMREV000236,RMPO001577,2023-02-02,2023-02-20,2023-02-16,expedite
RMREV000237,RMPO000197,2023-02-03,2023-02-04,2023-02-05,labor_strike
RMREV000238,RMPO000281,2023-02-03,2023-02-06,2023-02-17,labor_strike
RMREV000239,RMPO000461,2023-02-03,2023-02-03,2023-02-10,expedite_missed
RMREV000240,RMPO000973,2023-02-03,2023-02-04,2023-02-10,expedite_missed
RMREV000241,RMPO001219,2023-02-03,2023-02-13,2023-02-14,production_issue
RMREV000242,RMPO001319,2023-02-03,2023-02-04,2023-02-06,production_issue
RMREV000243,RMPO001321,2023-02-03,2023-02-06,2023-03-04,port_congestion
RMREV000244,RMPO001321,2023-02-03,2023-03-04,2023-03-01,expedite
RMREV000245,RMPO001405,2023-02-03,2023-02-08,2023-02-14,port_congestion
RMREV000246,RMPO001522,2023-02-03,2023-02-11,2023-02-14,raw_material_shortage
RMREV000247,RMPO001575,2023-02-03,2023-02-09,2023-02-25,supplier_capacity
RMREV000248,RMPO001575,2023-02-03,2023-02-25,2023-02-19,expedite
RMREV000249,RMPO000675,2023-02-04,2023-02-06,2023-02-17,port_congestion
RMREV000250,RMPO000675,2023-02-04,2023-02-17,2023-02-11,expedite
RMREV000251,RMPO000749,2023-02-04,2023-02-11,2023-02-22,port_congestion
RMREV000252,RMPO000947,2023-02-04,2023-02-13,2023-02-17,port_congestion
RMREV000253,RMPO001160,2023-02-04,2023-02-12,2023-02-15,port_congestion
RMREV000254,RMPO001160,2023-02-04,2023-02-15,2023-02-07,expedite
RMREV000255,RMPO001216,2023-02-04,2023-02-11,2023-02-20,port_congestion
RMREV000256,RMPO001269,2023-02-04,2023-02-09,2023-02-10,raw_material_shortage
RMREV000257,RMPO001437,2023-02-04,2023-02-10,2023-02-21,labor_strike
RMREV000258,RMPO000338,2023-02-05,2023-02-10,2023-02-20,supplier_capacity
RMREV000259,RMPO000338,2023-02-05,2023-02-20,2023-02-17,expedite
RMREV000260,RMPO000493,2023-02-05,2023-02-05,2023-02-24,port_congestion
RMREV000261,RMPO000493,2023-02-05,2023-02-24,2023-02-16,expedite
RMREV000262,RMPO000510,2023-02-05,2023-02-06,2023-02-12,supplier_capacity
RMREV000263,RMPO000585,2023-02-05,2023-02-10,2023-02-12,port_congestion
RMREV000264,RMPO000664,2023-02-05,2023-02-05,2023-02-24,port_congestion
RMREV000265,RMPO001021,2023-02-05,2023-02-07,2023-02-18,raw_material_shortage
RMREV000266,RMPO001102,2023-02-05,2023-02-09,2023-02-21,labor_strike
RMREV000267,RMPO001109,2023-02-05,2023-02-13,2023-02-15,supplier_capacity
RMREV000268,RMPO001160,2023-02-05,2023-02-07,2023-02-15,expedite_missed
RMREV000269,RMPO001364,2023-02-05,2023-02-04,2023-02-12,expedite_missed
RMREV000270,RMPO001404,2023-02-05,2023-02-07,2023-02-17,port_congestion
RMREV000271,RMPO001411,2023-02-05,2023-02-14,2023-02-17,labor_strike
RMREV000272,RMPO000437,2023-02-06,2023-02-10,2023-02-15,port_congestion
RMREV000273,RMPO000489,2023-02-06,2023-02-13,2023-02-21,labor_strike
RMREV000274,RMPO000549,2023-02-06,2023-02-18,2023-03-02,labor_strike
RMREV000275,RMPO000702,2023-02-06,2023-02-08,2023-02-19,port_congestion
RMREV000276,RMPO000790,2023-02-06,2023-02-16,2023-02-22,labor_strike
RMREV000277,RMPO000979,2023-02-06,2023-02-08,2023-02-15,port_congestion
RMREV000278,RMPO001101,2023-02-06,2023-02-11,2023-02-22,labor_strike
RMREV000279,RMPO001238,2023-02-06,2023-02-14,2023-02-16,carrier_delay
RMREV000280,RMPO001537,2023-02-06,2023-02-13,2023-02-19,port_congestion
RMREV000281,RMPO000283,2023-02-07,2023-02-08,2023-02-13,labor_strike
RMREV000282,RMPO000399,2023-02-07,2023-02-11,2023-02-17,labor_strike
RMREV000283,RMPO000400,2023-02-07,2023-02-15,2023-03-18,supplier_capacity
RMREV000284,RMPO000406,2023-02-07,2023-02-05,2023-02-08,labor_strike
RMREV000285,RMPO000479,2023-02-07,2023-02-19,2023-02-24,raw_material_shortage
RMREV000286,RMPO000540,2023-02-07,2023-02-09,2023-02-26,port_congestion
RMREV000287,RMPO000540,2023-02-07,2023-02-26,2023-02-19,expedite
RMREV000288,RMPO000560,2023-02-07,2023-02-09,2023-02-19,labor_strike
RMREV000289,RMPO000888,2023-02-07,2023-02-18,2023-02-26,port_congestion
RMREV000290,RMPO000935,2023-02-07,2023-02-12,2023-02-17,supplier_capacity
RMREV000291,RMPO000970,2023-02-07,2023-02-04,2023-02-08,expedite_missed
RMREV000292,RMPO000972,2023-02-07,2023-02-18,2023-02-25,port_congestion
RMREV000293,RMPO000972,2023-02-07,2023-02-25,2023-02-17,expedite
RMREV000294,RMPO001168,2023-02-07,2023-02-18,2023-02-20,raw_material_shortage
RMREV000295,RMPO001226,2023-02-07,2023-02-10,2023-02-13,labor_strike
RMREV000296,RMPO001269,2023-02-07,2023-02-10,2023-02-11,raw_material_shortage
RMREV000297,RMPO001320,2023-02-07,2023-02-14,2023-02-23,port_congestion
RMREV000298,RMPO001320,2023-02-07,2023-02-23,2023-02-17,expedite
RMREV000299,RMPO001402,2023-02-07,2023-02-08,2023-02-18,port_congestion
RMREV000300,RMPO001573,2023-02-07,2023-02-09,2023-02-18,port_congestion
RMREV000301,RMPO001573,2023-02-07,2023-02-18,2023-02-13,expedite
RMREV000302,RMPO001579,2023-02-07,2023-02-12,2023-02-28,port_congestion
RMREV000303,RMPO001579,2023-02-07,2023-02-28,2023-02-25,expedite
RMREV000304,RMPO001623,2023-02-07,2023-02-16,2023-02-27,port_congestion
RMREV000305,RMPO001625,2023-02-07,2023-02-12,2023-02-23,port_congestion
RMREV000306,RMPO001628,2023-02-07,2023-02-14,2023-02-18,port_congestion
RMREV000307,RMPO001630,2023-02-07,2023-02-14,2023-02-20,port_congestion
RMREV000308,RMPO001666,2023-02-07,2023-02-19,2023-03-04,labor_strike
RMREV000309,RMPO001682,2023-02-07,2023-02-16,2023-02-17,raw_material_shortage
RMREV000310,RMPO001683,2023-02-07,2023-02-13,2023-02-15,raw_material_shortage
RMREV000311,RMPO001716,2023-02-07,2023-02-19,2023-02-23,supplier_capacity
RMREV000312,RMPO001725,2023-02-07,2023-02-11,2023-02-17,port_congestion
RMREV000313,RMPO000307,2023-02-08,2023-02-09,2023-02-13,carrier_delay
RMREV000314,RMPO000335,2023-02-08,2023-02-12,2023-02-20,supplier_capacity
RMREV000315,RMPO000539,2023-02-08,2023-02-17,2023-02-21,expedite_missed
RMREV000316,RMPO000976,2023-02-08,2023-02-08,2023-02-27,port_congestion
RMREV000317,RMPO000976,2023-02-08,2023-02-27,2023-02-20,expedite
RMREV000318,RMPO001298,2023-02-08,2023-02-18,2023-02-28,production_issue
RMREV000319,RMPO001320,2023-02-08,2023-02-17,2023-02-19,expedite_missed
RMREV000320,RMPO001327,2023-02-08,2023-02-16,2023-02-27,labor_strike
RMREV000321,RMPO001401,2023-02-08,2023-02-10,2023-02-12,port_congestion
RMREV000322,RMPO001574,2023-02-08,2023-02-10,2023-02-26,port_congestion
RMREV000323,RMPO001574,2023-02-08,2023-02-26,2023-02-21,expedite
RMREV000324,RMPO001725,2023-02-08,2023-02-17,2023-02-20,port_congestion
RMREV000325,RMPO000282,2023-02-09,2023-02-10,2023-02-13,labor_strike
RMREV000326,RMPO000592,2023-02-09,2023-02-17,2023-02-27,port_congestion
RMREV000327,RMPO000642,2023-02-09,2023-02-17,2023-02-26,labor_strike
RMREV000328,RMPO000975,2023-02-09,2023-02-17,2023-03-03,port_congestion
RMREV000329,RMPO000975,2023-02-09,2023-03-03,2023-02-23,expedite
RMREV000330,RMPO001217,2023-02-09,2023-02-11,2023-02-16,port_congestion
RMREV000331,RMPO001445,2023-02-09,2023-02-12,2023-02-20,labor_strike
RMREV000332,RMPO001581,2023-02-09,2023-02-15,2023-02-25,port_congestion
RMREV000333,RMPO001622,2023-02-09,2023-02-19,2023-02-26,production_issue
RMREV000334,RMPO001629,2023-02-09,2023-02-16,2023-02-22,port_congestion
RMREV000335,RMPO001655,2023-02-09,2023-02-17,2023-02-25,labor_strike
RMREV000336,RMPO001768,2023-02-09,2023-02-20,2023-03-01,port_congestion
RMREV000337,RMPO001804,2023-02-09,2023-02-16,2023-03-02,port_congestion
RMREV000338,RMPO001804,2023-02-09,2023-03-02,2023-02-26,expedite
RMREV000339,RMPO001805,2023-02-09,2023-02-18,2023-03-05,quality_hold_at_supplier
RMREV000340,RMPO001805,2023-02-09,2023-03-05,2023-02-26,expedite
RMREV000341,RMPO000492,2023-02-10,2023-02-11,2023-02-13,port_congestion
RMREV000342,RMPO000554,2023-02-10,2023-02-22,2023-02-25,production_issue
RMREV000343,RMPO000632,2023-02-10,2023-02-16,2023-02-23,production_issue
RMREV000344,RMPO000643,2023-02-10,2023-02-17,2023-03-10,labor_strike
RMREV000345,RMPO000727,2023-02-10,2023-02-19,2023-02-25,labor_strike
RMREV000346,RMPO000756,2023-02-10,2023-02-13,2023-03-04,port_congestion
RMREV000347,RMPO000756,2023-02-10,2023-03-04,2023-02-25,expedite
RMREV000348,RMPO000789,2023-02-10,2023-02-15,2023-02-25,labor_strike
RMREV000349,RMPO000861,2023-02-10,2023-02-12,2023-02-19,port_congestion
RMREV000350,RMPO000890,2023-02-10,2023-02-18,2023-02-25,port_congestion
RMREV000351,RMPO001233,2023-02-10,2023-02-22,2023-02-25,port_congestion
RMREV000352,RMPO001326,2023-02-10,2023-02-20,2023-03-03,labor_strike
RMREV000353,RMPO001336,2023-02-10,2023-02-22,2023-03-03,port_congestion
RMREV000354,RMPO001366,2023-02-10,2023-02-13,2023-02-17,expedite_missed
RMREV000355,RMPO001520,2023-02-10,2023-02-11,2023-02-12,production_issue
RMREV000356,RMPO001521,2023-02-10,2023-02-14,2023-02-15,carrier_delay
RMREV000357,RMPO001612,2023-02-10,2023-02-12,2023-02-17,port_congestion
RMREV000358,RMPO001656,2023-02-10,2023-02-17,2023-02-26,labor_strike
RMREV000359,RMPO000493,2023-02-11,2023-02-16,2023-02-24,expedite_missed
RMREV000360,RMPO000542,2023-02-11,2023-02-15,2023-03-03,raw_material_shortage
RMREV000361,RMPO000551,2023-02-11,2023-02-19,2023-02-24,labor_strike
RMREV000362,RMPO000860,2023-02-11,2023-02-12,2023-02-20,port_congestion
RMREV000363,RMPO001107,2023-02-11,2023-02-15,2023-02-18,supplier_capacity
RMREV000364,RMPO001299,2023-02-11,2023-02-20,2023-02-24,labor_strike
RMREV000365,RMPO001365,2023-02-11,2023-02-20,2023-03-04,production_issue
RMREV000366,RMPO001365,2023-02-11,2023-03-04,2023-02-25,expedite
RMREV000367,RMPO001573,2023-02-11,2023-02-13,2023-02-18,expedite_missed
RMREV000368,RMPO001613,2023-02-11,2023-02-13,2023-02-28,port_congestion
RMREV000369,RMPO001613,2023-02-11,2023-02-28,2023-02-21,expedite
RMREV000370,RMPO001624,2023-02-11,2023-02-15,2023-02-26,port_congestion
RMREV000371,RMPO001767,2023-02-11,2023-02-15,2023-02-22,port_congestion
RMREV000372,RMPO000351,2023-02-12,2023-02-09,2023-02-15,raw_material_shortage
RMREV000373,RMPO000552,2023-02-12,2023-02-18,2023-03-01,labor_strike
RMREV000374,RMPO000633,2023-02-12,2023-02-16,2023-02-23,carrier_delay
RMREV000375,RMPO000675,2023-02-12,2023-02-11,2023-02-17,expedite_missed
RMREV000376,RMPO000757,2023-02-12,2023-02-13,2023-02-21,port_congestion
RMREV000377,RMPO001328,2023-02-12,2023-02-16,2023-02-19,labor_strike
RMREV000378,RMPO001412,2023-02-12,2023-02-15,2023-02-20,port_congestion
RMREV000379,RMPO001413,2023-02-12,2023-02-15,2023-02-21,port_congestion
RMREV000380,RMPO001420,2023-02-12,2023-02-21,2023-02-22,carrier_delay
RMREV000381,RMPO001578,2023-02-12,2023-02-15,2023-02-27,quality_hold_at_supplier
RMREV000382,RMPO001578,2023-02-12,2023-02-27,2023-02-23,expedite
RMREV000383,RMPO001580,2023-02-12,2023-02-12,2023-03-05,port_congestion
RMREV000384,RMPO001580,2023-02-12,2023-03-05,2023-02-27,expedite
RMREV000385,RMPO001654,2023-02-12,2023-02-17,2023-02-20,labor_strike
RMREV000386,RMPO001657,2023-02-12,2023-02-17,2023-02-24,labor_strike
RMREV000387,RMPO001681,2023-02-12,2023-02-19,2023-02-21,raw_material_shortage
RMREV000388,RMPO001682,2023-02-12,2023-02-17,2023-02-18,raw_material_shortage
RMREV000389,RMPO001796,2023-02-12,2023-02-19,2023-03-01,labor_strike
RMREV000390,RMPO001808,2023-02-12,2023-02-17,2023-02-21,port_congestion
RMREV000391,RMPO001808,2023-02-12,2023-02-21,2023-02-18,expedite
RMREV000392,RMPO000338,2023-02-13,2023-02-17,2023-02-23,expedite_missed
RMREV000393,RMPO000437,2023-02-13,2023-02-15,2023-02-17,port_congestion
RMREV000394,RMPO000513,2023-02-13,2023-02-25,2023-02-27,raw_material_shortage
RMREV000395,RMPO000724,2023-02-13,2023-02-19,2023-02-25,labor_strike
RMREV000396,RMPO000734,2023-02-13,2023-02-24,2023-03-15,carrier_delay
RMREV000397,RMPO000762,2023-02-13,2023-02-20,2023-02-24,labor_strike
RMREV000398,RMPO000766,2023-02-13,2023-02-24,2023-03-02,port_congestion
RMREV000399,RMPO000790,2023-02-13,2023-02-22,2023-02-24,labor_strike
RMREV000400,RMPO001138,2023-02-13,2023-02-20,2023-02-25,port_congestion
RMREV000401,RMPO001328,2023-02-13,2023-02-19,2023-02-20,labor_strike
RMREV000402,RMPO001569,2023-02-13,2023-02-18,2023-03-01,labor_strike
RMREV000403,RMPO001627,2023-02-13,2023-02-12,2023-03-01,port_congestion
RMREV000404,RMPO001627,2023-02-13,2023-03-01,2023-02-24,expedite
RMREV000405,RMPO001667,2023-02-13,2023-02-17,2023-03-01,labor_strike
RMREV000406,RMPO000478,2023-02-14,2023-02-16,2023-02-22,raw_material_shortage
RMREV000407,RMPO000512,2023-02-14,2023-02-20,2023-03-19,production_issue
RMREV000408,RMPO000726,2023-02-14,2023-02-17,2023-03-01,labor_strike
RMREV000409,RMPO000889,2023-02-14,2023-02-18,2023-02-26,port_congestion
RMREV000410,RMPO000971,2023-02-14,2023-02-17,2023-02-25,port_congestion
RMREV000411,RMPO000971,2023-02-14,2023-02-25,2023-02-21,expedite
RMREV000412,RMPO000972,2023-02-14,2023-02-17,2023-02-23,expedite_missed
RMREV000413,RMPO001297,2023-02-14,2023-02-16,2023-02-25,production_issue
RMREV000414,RMPO001307,2023-02-14,2023-02-23,2023-03-10,supplier_capacity
RMREV000415,RMPO001574,2023-02-14,2023-02-21,2023-02-24,expedite_missed
RMREV000416,RMPO001698,2023-02-14,2023-02-26,2023-03-01,raw_material_shortage
RMREV000417,RMPO001811,2023-02-14,2023-02-19,2023-03-05,port_congestion
RMREV000418,RMPO001811,2023-02-14,2023-03-05,2023-03-01,expedite
RMREV000419,RMPO001847,2023-02-14,2023-02-21,2023-02-27,port_congestion
RMREV000420,RMPO001869,2023-02-14,2023-02-19,2023-02-26,port_congestion
RMREV000421,RMPO001870,2023-02-14,2023-02-16,2023-02-23,port_congestion
RMREV000422,RMPO001930,2023-02-14,2023-02-18,2023-02-19,raw_material_shortage
RMREV000423,RMPO001990,2023-02-14,2023-02-17,2023-02-23,port_congestion
RMREV000424,RMPO000540,2023-02-15,2023-02-19,2023-02-26,expedite_missed
RMREV000425,RMPO000555,2023-02-15,2023-02-19,2023-02-21,production_issue
RMREV000426,RMPO000798,2023-02-15,2023-02-17,2023-02-23,port_congestion
RMREV000427,RMPO000798,2023-02-15,2023-02-23,2023-02-18,expedite
RMREV000428,RMPO000947,2023-02-15,2023-02-17,2023-02-19,port_congestion
RMREV000429,RMPO000964,2023-02-15,2023-02-21,2023-02-23,raw_material_shortage
RMREV000430,RMPO001232,2023-02-15,2023-02-16,2023-02-21,raw_material_shortage
RMREV000431,RMPO001332,2023-02-15,2023-02-22,2023-02-28,port_congestion
RMREV000432,RMPO001575,2023-02-15,2023-02-19,2023-02-21,expedite_missed
RMREV000433,RMPO001626,2023-02-15,2023-02-17,2023-02-28,port_congestion
RMREV000434,RMPO001804,2023-02-15,2023-02-26,2023-03-02,expedite_missed
RMREV000435,RMPO001808,2023-02-15,2023-02-18,2023-02-21,expedite_missed
RMREV000436,RMPO001931,2023-02-15,2023-02-18,2023-02-21,carrier_delay
RMREV000437,RMPO000593,2023-02-16,2023-02-22,2023-03-05,supplier_capacity
RMREV000438,RMPO000888,2023-02-16,2023-02-26,2023-03-01,port_congestion
RMREV000439,RMPO001121,2023-02-16,2023-02-19,2023-02-20,carrier_delay
RMREV000440,RMPO001231,2023-02-16,2023-02-19,2023-02-24,raw_material_shortage
RMREV000441,RMPO001432,2023-02-16,2023-02-23,2023-02-26,raw_material_shortage
RMREV000442,RMPO001511,2023-02-16,2023-02-25,2023-02-28,supplier_capacity
RMREV000443,RMPO001627,2023-02-16,2023-02-24,2023-02-25,expedite_missed
RMREV000444,RMPO001807,2023-02-16,2023-02-20,2023-03-09,port_congestion
RMREV000445,RMPO001807,2023-02-16,2023-03-09,2023-03-03,expedite
RMREV000446,RMPO001810,2023-02-16,2023-02-17,2023-02-24,port_congestion
RMREV000447,RMPO001810,2023-02-16,2023-02-24,2023-02-18,expedite
RMREV000448,RMPO001871,2023-02-16,2023-02-19,2023-03-03,port_congestion
RMREV000449,RMPO000703,2023-02-17,2023-02-11,2023-03-05,port_congestion
RMREV000450,RMPO000703,2023-02-17,2023-03-05,2023-02-26,expedite
RMREV000451,RMPO000710,2023-02-17,2023-02-27,2023-03-25,supplier_capacity
RMREV000452,RMPO000802,2023-02-17,2023-02-19,2023-02-26,port_congestion
RMREV000453,RMPO000802,2023-02-17,2023-02-26,2023-02-20,expedite
RMREV000454,RMPO000824,2023-02-17,2023-02-23,2023-03-12,raw_material_shortage
RMREV000455,RMPO001179,2023-02-17,2023-02-20,2023-02-28,port_congestion
RMREV000456,RMPO001367,2023-02-17,2023-02-22,2023-03-06,port_congestion
RMREV000457,RMPO001379,2023-02-17,2023-02-27,2023-03-06,port_congestion
RMREV000458,RMPO001511,2023-02-17,2023-02-28,2023-03-02,supplier_capacity
RMREV000459,RMPO001635,2023-02-17,2023-02-20,2023-02-26,labor_strike
RMREV000460,RMPO001655,2023-02-17,2023-02-25,2023-02-28,labor_strike
RMREV000461,RMPO001765,2023-02-17,2023-02-20,2023-02-27,port_congestion
RMREV000462,RMPO001766,2023-02-17,2023-02-20,2023-02-27,port_congestion
RMREV000463,RMPO002068,2023-02-17,2023-02-22,2023-02-28,port_congestion
RMREV000464,RMPO002068,2023-02-17,2023-02-28,2023-02-24,expedite
RMREV000465,RMPO000748,2023-02-18,2023-02-11,2023-03-06,port_congestion
RMREV000466,RMPO000748,2023-02-18,2023-03-06,2023-03-02,expedite
RMREV000467,RMPO000798,2023-02-18,2023-02-18,2023-02-26,expedite_missed
RMREV000468,RMPO000825,2023-02-18,2023-02-26,2023-03-16,supplier_capacity
RMREV000469,RMPO000825,2023-02-18,2023-03-16,2023-03-10,expedite
RMREV000470,RMPO000971,2023-02-18,2023-02-21,2023-02-25,expedite_missed
RMREV000471,RMPO000976,2023-02-18,2023-02-20,2023-02-22,expedite_missed
RMREV000472,RMPO001138,2023-02-18,2023-02-25,2023-02-27,port_congestion
RMREV000473,RMPO001227,2023-02-18,2023-02-24,2023-03-03,carrier_delay
RMREV000474,RMPO001334,2023-02-18,2023-02-27,2023-03-06,port_congestion
RMREV000475,RMPO001412,2023-02-18,2023-02-20,2023-02-22,port_congestion
RMREV000476,RMPO001433,2023-02-18,2023-02-23,2023-02-25,supplier_capacity
RMREV000477,RMPO001577,2023-02-18,2023-02-16,2023-02-20,expedite_missed
RMREV000478,RMPO001628,2023-02-18,2023-02-18,2023-02-21,port_congestion
RMREV000479,RMPO001810,2023-02-18,2023-02-18,2023-02-24,expedite_missed
RMREV000480,RMPO001863,2023-02-18,2023-02-19,2023-03-01,port_congestion
RMREV000481,RMPO002000,2023-02-18,2023-02-25,2023-02-28,supplier_capacity
RMREV000482,RMPO002018,2023-02-18,2023-02-25,2023-02-26,supplier_capacity
RMREV000483,RMPO000757,2023-02-19,2023-02-21,2023-02-23,port_congestion
RMREV000484,RMPO000802,2023-02-19,2023-02-20,2023-02-26,expedite_missed
RMREV000485,RMPO000963,2023-02-19,2023-02-21,2023-02-28,carrier_delay
RMREV000486,RMPO001132,2023-02-19,2023-02-20,2023-03-08,port_congestion
RMREV000487,RMPO001132,2023-02-19,2023-03-08,2023-03-02,expedite
RMREV000488,RMPO001330,2023-02-19,2023-02-27,2023-03-01,port_congestion
RMREV000489,RMPO001419,2023-02-19,2023-02-21,2023-02-22,production_issue
RMREV000490,RMPO001508,2023-02-19,2023-02-28,2023-03-02,supplier_capacity
RMREV000491,RMPO001636,2023-02-19,2023-02-22,2023-02-28,port_congestion
RMREV000492,RMPO001641,2023-02-19,2023-02-28,2023-03-03,supplier_capacity
RMREV000493,RMPO001805,2023-02-19,2023-02-26,2023-03-03,expedite_missed
RMREV000494,RMPO001929,2023-02-19,2023-02-24,2023-02-25,carrier_delay
RMREV000495,RMPO002023,2023-02-19,2023-02-27,2023-03-08,port_congestion
RMREV000496,RMPO002026,2023-02-19,2023-02-27,2023-03-11,port_congestion
RMREV000497,RMPO000977,2023-02-20,2023-02-22,2023-03-08,port_congestion
RMREV000498,RMPO000977,2023-02-20,2023-03-08,2023-03-01,expedite
RMREV000499,RMPO001133,2023-02-20,2023-02-25,2023-02-26,production_issue
RMREV000500,RMPO001329,2023-02-20,2023-02-27,2023-03-03,port_congestion
RMREV000501,RMPO001582,2023-02-20,2023-02-21,2023-02-28,port_congestion
RMREV000502,RMPO001582,2023-02-20,2023-02-28,2023-02-22,expedite
RMREV000503,RMPO001613,2023-02-20,2023-02-21,2023-02-26,expedite_missed
RMREV000504,RMPO001654,2023-02-20,2023-02-20,2023-02-22,labor_strike
RMREV000505,RMPO001807,2023-02-20,2023-03-03,2023-03-04,expedite_missed
RMREV000506,RMPO001846,2023-02-20,2023-02-22,2023-03-08,port_congestion
RMREV000507,RMPO001846,2023-02-20,2023-03-08,2023-03-05,expedite
RMREV000508,RMPO001868,2023-02-20,2023-02-23,2023-02-26,port_congestion
RMREV000509,RMPO000489,2023-02-21,2023-02-21,2023-02-25,labor_strike
RMREV000510,RMPO000555,2023-02-21,2023-02-21,2023-02-22,production_issue
RMREV000511,RMPO000696,2023-02-21,2023-02-22,2023-03-04,production_issue
RMREV000512,RMPO000748,2023-02-21,2023-03-02,2023-03-03,expedite_missed
RMREV000513,RMPO000784,2023-02-21,2023-02-23,2023-03-01,carrier_delay
RMREV000514,RMPO000974,2023-02-21,2023-02-25,2023-03-04,port_congestion
RMREV000515,RMPO000974,2023-02-21,2023-03-04,2023-02-24,expedite
RMREV000516,RMPO001427,2023-02-21,2023-02-26,2023-02-28,production_issue
RMREV000517,RMPO001514,2023-02-21,2023-02-28,2023-03-06,supplier_capacity
RMREV000518,RMPO001640,2023-02-21,2023-03-03,2023-03-06,carrier_delay
RMREV000519,RMPO002024,2023-02-21,2023-02-27,2023-03-06,port_congestion
RMREV000520,RMPO002100,2023-02-21,2023-02-28,2023-03-12,port_congestion
RMREV000521,RMPO002101,2023-02-21,2023-02-27,2023-03-07,port_congestion
RMREV000522,RMPO002103,2023-02-21,2023-02-26,2023-03-07,port_congestion
RMREV000523,RMPO002104,2023-02-21,2023-02-28,2023-03-07,port_congestion
RMREV000524,RMPO002105,2023-02-21,2023-02-26,2023-03-08,port_congestion
RMREV000525,RMPO002106,2023-02-21,2023-02-26,2023-03-03,port_congestion
RMREV000526,RMPO002108,2023-02-21,2023-02-26,2023-03-08,port_congestion
RMREV000527,RMPO002167,2023-02-21,2023-02-26,2023-02-28,production_issue
RMREV000528,RMPO002239,2023-02-21,2023-02-26,2023-03-07,port_congestion
RMREV000529,RMPO002263,2023-02-21,2023-03-01,2023-03-03,quality_hold_at_supplier
RMREV000530,RMPO000551,2023-02-22,2023-02-24,2023-03-02,labor_strike
RMREV000531,RMPO000709,2023-02-22,2023-03-01,2023-03-28,supplier_capacity
RMREV000532,RMPO000714,2023-02-22,2023-02-27,2023-03-16,supplier_capacity
RMREV000533,RMPO000766,2023-02-22,2023-03-02,2023-03-05,port_congestion
RMREV000534,RMPO000895,2023-02-22,2023-03-01,2023-03-05,supplier_capacity
RMREV000535,RMPO001233,2023-02-22,2023-02-25,2023-03-02,port_congestion
RMREV000536,RMPO001333,2023-02-22,2023-02-27,2023-03-05,port_congestion
RMREV000537,RMPO001335,2023-02-22,2023-02-27,2023-03-08,port_congestion
RMREV000538,RMPO001429,2023-02-22,2023-02-28,2023-03-14,quality_hold_at_supplier
RMREV000539,RMPO001429,2023-02-22,2023-03-14,2023-03-11,expedite
RMREV000540,RMPO001508,2023-02-22,2023-03-02,2023-03-03,supplier_capacity
RMREV000541,RMPO002069,2023-02-22,2023-02-24,2023-03-05,port_congestion
RMREV000542,RMPO002069,2023-02-22,2023-03-05,2023-03-01,expedite
RMREV000543,RMPO002085,2023-02-22,2023-03-04,2023-03-05,supplier_capacity
RMREV000544,RMPO002125,2023-02-22,2023-02-26,2023-03-05,port_congestion
RMREV000545,RMPO000479,2023-02-23,2023-02-24,2023-02-26,raw_material_shortage
RMREV000546,RMPO000727,2023-02-23,2023-02-25,2023-03-03,labor_strike
RMREV000547,RMPO000756,2023-02-23,2023-02-25,2023-03-01,expedite_missed
RMREV000548,RMPO000799,2023-02-23,2023-03-02,2023-03-16,supplier_capacity
RMREV000549,RMPO001179,2023-02-23,2023-02-28,2023-03-03,port_congestion
RMREV000550,RMPO001646,2023-02-23,2023-03-05,2023-03-15,production_issue
RMREV000551,RMPO002066,2023-02-23,2023-02-22,2023-03-05,port_congestion
RMREV000552,RMPO002066,2023-02-23,2023-03-05,2023-02-26,expedite
RMREV000553,RMPO002069,2023-02-23,2023-03-01,2023-03-03,expedite_missed
RMREV000554,RMPO002106,2023-02-23,2023-03-03,2023-03-08,port_congestion
RMREV000555,RMPO002200,2023-02-23,2023-03-07,2023-03-11,raw_material_shortage
RMREV000556,RMPO002258,2023-02-23,2023-03-07,2023-03-14,carrier_delay
RMREV000557,RMPO002258,2023-02-23,2023-03-14,2023-03-09,expedite
RMREV000558,RMPO002261,2023-02-23,2023-03-04,2023-03-06,carrier_delay
RMREV000559,RMPO002280,2023-02-23,2023-03-05,2023-03-07,production_issue
RMREV000560,RMPO000703,2023-02-24,2023-02-26,2023-02-27,expedite_missed
RMREV000561,RMPO000890,2023-02-24,2023-02-25,2023-02-28,port_congestion
RMREV000562,RMPO001329,2023-02-24,2023-03-03,2023-03-06,port_congestion
RMREV000563,RMPO001433,2023-02-24,2023-02-25,2023-02-26,supplier_capacity
RMREV000564,RMPO001867,2023-02-24,2023-02-27,2023-03-04,port_congestion
RMREV000565,RMPO002025,2023-02-24,2023-02-26,2023-03-08,port_congestion
RMREV000566,RMPO002125,2023-02-24,2023-03-05,2023-03-09,port_congestion
RMREV000567,RMPO002317,2023-02-24,2023-03-01,2023-03-06,carrier_delay
RMREV000568,RMPO000577,2023-02-25,2023-02-24,2023-02-26,expedite_missed
RMREV000569,RMPO000975,2023-02-25,2023-02-23,2023-03-01,expedite_missed
RMREV000570,RMPO000994,2023-02-25,2023-03-02,2023-03-05,raw_material_shortage
RMREV000571,RMPO001016,2023-02-25,2023-03-08,2023-03-10,production_issue
RMREV000572,RMPO001582,2023-02-25,2023-02-22,2023-02-28,expedite_missed
RMREV000573,RMPO001584,2023-02-25,2023-02-28,2023-03-12,port_congestion
RMREV000574,RMPO001913,2023-02-25,2023-02-26,2023-02-27,carrier_delay
RMREV000575,RMPO002024,2023-02-25,2023-03-06,2023-03-09,port_congestion
RMREV000576,RMPO002068,2023-02-25,2023-02-24,2023-02-28,expedite_missed
RMREV000577,RMPO002123,2023-02-25,2023-02-26,2023-03-06,port_congestion
RMREV000578,RMPO002126,2023-02-25,2023-02-28,2023-03-05,port_congestion
RMREV000579,RMPO000974,2023-02-26,2023-02-24,2023-03-13,expedite_missed
RMREV000580,RMPO001055,2023-02-26,2023-03-07,2023-03-10,raw_material_shortage
RMREV000581,RMPO001727,2023-02-26,2023-03-06,2023-03-12,supplier_capacity
RMREV000582,RMPO001888,2023-02-26,2023-03-06,2023-03-14,production_issue
RMREV000583,RMPO001888,2023-02-26,2023-03-14,2023-03-10,expedite
RMREV000584,RMPO002126,2023-02-26,2023-03-05,2023-03-11,port_congestion
RMREV000585,RMPO002240,2023-02-26,2023-02-27,2023-03-09,port_congestion
RMREV000586,RMPO001016,2023-02-27,2023-03-10,2023-03-12,production_issue
RMREV000587,RMPO001579,2023-02-27,2023-02-25,2023-02-28,expedite_missed
RMREV000588,RMPO001860,2023-02-27,2023-03-03,2023-03-07,raw_material_shortage
RMREV000589,RMPO001867,2023-02-27,2023-03-04,2023-03-06,port_congestion
RMREV000590,RMPO001868,2023-02-27,2023-02-26,2023-03-02,port_congestion
RMREV000591,RMPO001873,2023-02-27,2023-03-11,2023-03-15,raw_material_shortage
RMREV000592,RMPO002001,2023-02-27,2023-02-28,2023-03-04,carrier_delay
RMREV000593,RMPO002072,2023-02-27,2023-02-28,2023-03-14,production_issue
RMREV000594,RMPO002072,2023-02-27,2023-03-14,2023-03-10,expedite
RMREV000595,RMPO002107,2023-02-27,2023-02-28,2023-03-10,port_congestion
RMREV000596,RMPO000724,2023-02-28,2023-02-25,2023-03-01,labor_strike
RMREV000597,RMPO000889,2023-02-28,2023-02-26,2023-03-02,port_congestion
RMREV000598,RMPO001365,2023-02-28,2023-02-25,2023-03-01,expedite_missed
RMREV000599,RMPO001519,2023-02-28,2023-03-11,2023-03-13,supplier_capacity
RMREV000600,RMPO001847,2023-02-28,2023-02-27,2023-03-04,port_congestion
RMREV000601,RMPO001889,2023-02-28,2023-03-08,2023-03-16,raw_material_shortage
RMREV000602,RMPO002170,2023-02-28,2023-03-05,2023-03-06,raw_material_shortage
RMREV000603,RMPO002333,2023-02-28,2023-03-11,2023-03-12,carrier_delay
RMREV000604,RMPO002346,2023-02-28,2023-03-11,2023-03-12,supplier_capacity
RMREV000605,RMPO002356,2023-02-28,2023-03-07,2023-03-09,raw_material_shortage
RMREV000606,RMPO002357,2023-02-28,2023-03-05,2023-03-06,raw_material_shortage
RMREV000607,RMPO002445,2023-02-28,2023-03-05,2023-03-06,production_issue
RMREV000608,RMPO002447,2023-02-28,2023-03-05,2023-03-06,supplier_capacity
RMREV000609,RMPO002449,2023-02-28,2023-03-04,2023-03-05,raw_material_shortage
RMREV000610,RMPO002513,2023-02-28,2023-03-11,2023-03-16,supplier_capacity
RMREV000611,RMPO000922,2023-03-01,2023-03-03,2023-03-08,raw_material_shortage
RMREV000612,RMPO001204,2023-03-01,2023-03-05,2023-03-20,carrier_delay
RMREV000613,RMPO001509,2023-03-01,2023-03-02,2023-03-05,supplier_capacity
RMREV000614,RMPO001732,2023-03-01,2023-03-08,2023-03-09,supplier_capacity
RMREV000615,RMPO002033,2023-03-01,2023-03-12,2023-03-14,production_issue
RMREV000616,RMPO002104,2023-03-01,2023-03-07,2023-03-10,port_congestion
RMREV000617,RMPO002317,2023-03-01,2023-03-06,2023-03-12,carrier_delay
RMREV000618,RMPO002371,2023-03-01,2023-03-12,2023-03-15,carrier_delay
RMREV000619,RMPO002448,2023-03-01,2023-03-03,2023-03-04,carrier_delay
RMREV000620,RMPO001127,2023-03-02,2023-03-06,2023-03-07,carrier_delay
RMREV000621,RMPO001205,2023-03-02,2023-03-11,2023-03-28,raw_material_shortage
RMREV000622,RMPO002066,2023-03-02,2023-02-26,2023-03-10,expedite_missed
RMREV000623,RMPO002258,2023-03-02,2023-03-09,2023-03-14,expedite_missed
RMREV000624,RMPO001127,2023-03-03,2023-03-07,2023-03-08,carrier_delay
RMREV000625,RMPO001134,2023-03-03,2023-03-15,2023-03-31,supplier_capacity
RMREV000626,RMPO001207,2023-03-03,2023-03-06,2023-03-13,raw_material_shortage
RMREV000627,RMPO002032,2023-03-03,2023-03-13,2023-03-15,raw_material_shortage
RMREV000628,RMPO002101,2023-03-03,2023-03-07,2023-03-11,port_congestion
RMREV000629,RMPO002170,2023-03-03,2023-03-06,2023-03-07,raw_material_shortage
RMREV000630,RMPO002446,2023-03-03,2023-03-04,2023-03-05,raw_material_shortage
RMREV000631,RMPO000977,2023-03-04,2023-03-01,2023-03-08,expedite_missed
RMREV000632,RMPO001096,2023-03-04,2023-03-15,2023-03-22,carrier_delay
RMREV000633,RMPO001206,2023-03-04,2023-03-05,2023-03-07,production_issue
RMREV000634,RMPO001222,2023-03-04,2023-03-06,2023-03-11,supplier_capacity
RMREV000635,RMPO001646,2023-03-04,2023-03-15,2023-03-19,production_issue
RMREV000636,RMPO001734,2023-03-04,2023-03-06,2023-03-07,supplier_capacity
RMREV000637,RMPO001760,2023-03-04,2023-03-12,2023-03-17,carrier_delay
RMREV000638,RMPO002199,2023-03-04,2023-03-09,2023-03-13,production_issue
RMREV000639,RMPO000713,2023-03-05,2023-03-06,2023-03-23,raw_material_shortage
RMREV000640,RMPO000740,2023-03-05,2023-03-06,2023-03-09,supplier_capacity
RMREV000641,RMPO002072,2023-03-05,2023-03-10,2023-03-12,expedite_missed
RMREV000642,RMPO002183,2023-03-05,2023-03-09,2023-03-10,production_issue
RMREV000643,RMPO002510,2023-03-05,2023-03-16,2023-03-18,production_issue
RMREV000644,RMPO001130,2023-03-06,2023-03-10,2023-03-16,raw_material_shortage
RMREV000645,RMPO001283,2023-03-06,2023-03-14,2023-03-30,supplier_capacity
RMREV000646,RMPO001429,2023-03-06,2023-03-11,2023-03-12,expedite_missed
RMREV000647,RMPO001564,2023-03-06,2023-03-15,2023-03-17,raw_material_shortage
RMREV000648,RMPO001729,2023-03-06,2023-03-08,2023-03-10,supplier_capacity
RMREV000649,RMPO001995,2023-03-06,2023-03-14,2023-03-20,supplier_capacity
RMREV000650,RMPO002183,2023-03-06,2023-03-10,2023-03-12,production_issue
RMREV000651,RMPO002357,2023-03-06,2023-03-06,2023-03-07,raw_material_shortage
RMREV000652,RMPO002426,2023-03-06,2023-03-10,2023-03-11,carrier_delay
RMREV000653,RMPO001222,2023-03-07,2023-03-11,2023-03-18,supplier_capacity
RMREV000654,RMPO001222,2023-03-07,2023-03-18,2023-03-12,expedite
RMREV000655,RMPO001872,2023-03-07,2023-03-08,2023-03-12,supplier_capacity
RMREV000656,RMPO001928,2023-03-07,2023-03-18,2023-03-21,raw_material_shortage
RMREV000657,RMPO001981,2023-03-07,2023-03-09,2023-03-10,production_issue
RMREV000658,RMPO002370,2023-03-07,2023-03-12,2023-03-14,raw_material_shortage
RMREV000659,RMPO002511,2023-03-07,2023-03-13,2023-03-14,production_issue
RMREV000660,RMPO002681,2023-03-07,2023-03-11,2023-03-14,carrier_delay
RMREV000661,RMPO002728,2023-03-07,2023-03-10,2023-03-12,raw_material_shortage
RMREV000662,RMPO001690,2023-03-08,2023-03-15,2023-03-17,raw_material_shortage
RMREV000663,RMPO001753,2023-03-08,2023-03-20,2023-03-23,carrier_delay
RMREV000664,RMPO001759,2023-03-08,2023-03-15,2023-03-27,production_issue
RMREV000665,RMPO002605,2023-03-08,2023-03-19,2023-04-02,carrier_delay
RMREV000666,RMPO000874,2023-03-09,2023-03-17,2023-03-22,production_issue
RMREV000667,RMPO001091,2023-03-09,2023-03-10,2023-03-16,carrier_delay
RMREV000668,RMPO001254,2023-03-09,2023-03-14,2023-03-15,raw_material_shortage
RMREV000669,RMPO001781,2023-03-09,2023-03-13,2023-03-15,carrier_delay
RMREV000670,RMPO001782,2023-03-09,2023-03-14,2023-03-18,raw_material_shortage
RMREV000671,RMPO001906,2023-03-09,2023-03-19,2023-03-25,production_issue
RMREV000672,RMPO001992,2023-03-09,2023-03-14,2023-03-16,supplier_capacity
RMREV000673,RMPO002246,2023-03-09,2023-03-21,2023-03-23,supplier_capacity
RMREV000674,RMPO002425,2023-03-09,2023-03-12,2023-03-13,raw_material_shortage
RMREV000675,RMPO001291,2023-03-10,2023-03-17,2023-03-19,raw_material_shortage
RMREV000676,RMPO002217,2023-03-10,2023-03-21,2023-03-23,raw_material_shortage
RMREV000677,RMPO002243,2023-03-10,2023-03-20,2023-03-23,supplier_capacity
RMREV000678,RMPO002284,2023-03-10,2023-03-21,2023-03-31,carrier_delay
RMREV000679,RMPO002380,2023-03-10,2023-03-22,2023-03-24,raw_material_shortage
RMREV000680,RMPO001130,2023-03-11,2023-03-16,2023-03-21,raw_material_shortage
RMREV000681,RMPO002347,2023-03-11,2023-03-14,2023-03-16,raw_material_shortage
RMREV000682,RMPO002427,2023-03-11,2023-03-12,2023-03-13,supplier_capacity
RMREV000683,RMPO001056,2023-03-12,2023-03-16,2023-03-22,carrier_delay
RMREV000684,RMPO001256,2023-03-12,2023-03-14,2023-03-15,supplier_capacity
RMREV000685,RMPO001887,2023-03-12,2023-03-16,2023-03-18,supplier_capacity
RMREV000686,RMPO002218,2023-03-12,2023-03-16,2023-03-21,carrier_delay
RMREV000687,RMPO002273,2023-03-12,2023-03-14,2023-03-19,carrier_delay
RMREV000688,RMPO002273,2023-03-12,2023-03-19,2023-03-15,expedite
RMREV000689,RMPO002524,2023-03-12,2023-03-21,2023-03-24,raw_material_shortage
RMREV000690,RMPO001242,2023-03-13,2023-03-23,2023-04-01,severe_weather
RMREV000691,RMPO001254,2023-03-13,2023-03-15,2023-03-16,raw_material_shortage
RMREV000692,RMPO001255,2023-03-13,2023-03-16,2023-03-18,carrier_delay
RMREV000693,RMPO002217,2023-03-13,2023-03-23,2023-03-26,raw_material_shortage
RMREV000694,RMPO002219,2023-03-13,2023-03-19,2023-03-21,carrier_delay
RMREV000695,RMPO002220,2023-03-13,2023-03-18,2023-03-21,raw_material_shortage
RMREV000696,RMPO002462,2023-03-13,2023-03-19,2023-03-21,raw_material_shortage
RMREV000697,RMPO002606,2023-03-13,2023-03-19,2023-03-20,production_issue
RMREV000698,RMPO002806,2023-03-13,2023-03-19,2023-04-05,raw_material_shortage
RMREV000699,RMPO002806,2023-03-13,2023-04-05,2023-03-29,expedite
RMREV000700,RMPO001690,2023-03-14,2023-03-17,2023-03-19,raw_material_shortage
RMREV000701,RMPO001992,2023-03-14,2023-03-16,2023-03-18,supplier_capacity
RMREV000702,RMPO002039,2023-03-14,2023-03-15,2023-03-19,production_issue
RMREV000703,RMPO002039,2023-03-14,2023-03-19,2023-03-16,expedite
RMREV000704,RMPO002370,2023-03-14,2023-03-14,2023-03-17,raw_material_shortage
RMREV000705,RMPO002443,2023-03-14,2023-03-15,2023-03-18,production_issue
RMREV000706,RMPO002883,2023-03-14,2023-03-24,2023-03-29,raw_material_shortage
RMREV000707,RMPO002884,2023-03-14,2023-03-26,2023-03-30,carrier_delay
RMREV000708,RMPO002891,2023-03-14,2023-03-19,2023-03-20,carrier_delay
RMREV000709,RMPO002909,2023-03-14,2023-03-18,2023-03-20,production_issue
RMREV000710,RMPO002913,2023-03-14,2023-03-20,2023-03-21,raw_material_shortage
RMREV000711,RMPO002967,2023-03-14,2023-03-17,2023-03-18,raw_material_shortage
RMREV000712,RMPO001256,2023-03-15,2023-03-15,2023-03-16,supplier_capacity
RMREV000713,RMPO001905,2023-03-15,2023-03-18,2023-03-24,supplier_capacity
RMREV000714,RMPO002017,2023-03-15,2023-03-19,2023-03-29,carrier_delay
RMREV000715,RMPO002246,2023-03-15,2023-03-23,2023-03-25,supplier_capacity
RMREV000716,RMPO002339,2023-03-15,2023-03-21,2023-03-31,supplier_capacity
RMREV000717,RMPO002505,2023-03-15,2023-03-27,2023-04-10,supplier_capacity
RMREV000718,RMPO002811,2023-03-15,2023-03-21,2023-04-01,carrier_delay
RMREV000719,RMPO002811,2023-03-15,2023-04-01,2023-03-29,expedite
RMREV000720,RMPO002909,2023-03-15,2023-03-20,2023-03-21,production_issue
RMREV000721,RMPO001301,2023-03-16,2023-03-28,2023-04-05,carrier_delay
RMREV000722,RMPO002015,2023-03-16,2023-03-19,2023-03-22,raw_material_shortage
RMREV000723,RMPO002219,2023-03-16,2023-03-21,2023-03-22,carrier_delay
RMREV000724,RMPO002416,2023-03-16,2023-03-23,2023-03-30,raw_material_shortage
RMREV000725,RMPO002738,2023-03-16,2023-03-23,2023-03-26,raw_material_shortage
RMREV000726,RMPO002910,2023-03-16,2023-03-17,2023-03-20,carrier_delay
RMREV000727,RMPO001224,2023-03-17,2023-03-20,2023-03-29,supplier_capacity
RMREV000728,RMPO001464,2023-03-17,2023-03-21,2023-03-29,supplier_capacity
RMREV000729,RMPO002015,2023-03-17,2023-03-22,2023-03-24,raw_material_shortage
RMREV000730,RMPO002291,2023-03-17,2023-03-28,2023-03-31,raw_material_shortage
RMREV000731,RMPO002500,2023-03-17,2023-03-27,2023-04-03,supplier_capacity
RMREV000732,RMPO002885,2023-03-17,2023-03-23,2023-03-27,raw_material_shortage
RMREV000733,RMPO003036,2023-03-17,2023-03-29,2023-04-14,supplier_capacity
RMREV000734,RMPO003036,2023-03-17,2023-04-14,2023-04-09,expedite
RMREV000735,RMPO001495,2023-03-18,2023-03-24,2023-03-28,production_issue
RMREV000736,RMPO001617,2023-03-18,2023-03-24,2023-04-07,carrier_delay
RMREV000737,RMPO001617,2023-03-18,2023-04-07,2023-03-30,expedite
RMREV000738,RMPO001797,2023-03-18,2023-03-27,2023-03-30,carrier_delay
RMREV000739,RMPO001855,2023-03-18,2023-03-31,2023-04-04,carrier_delay
RMREV000740,RMPO001941,2023-03-18,2023-03-25,2023-03-28,carrier_delay
RMREV000741,RMPO002504,2023-03-18,2023-03-28,2023-04-01,supplier_capacity
RMREV000742,RMPO001241,2023-03-19,2023-03-25,2023-04-04,supplier_capacity
RMREV000743,RMPO001460,2023-03-19,2023-03-21,2023-04-13,carrier_delay
RMREV000744,RMPO001617,2023-03-19,2023-03-30,2023-04-04,expedite_missed
RMREV000745,RMPO002242,2023-03-19,2023-03-22,2023-03-25,supplier_capacity
RMREV000746,RMPO002338,2023-03-19,2023-03-20,2023-03-25,production_issue
RMREV000747,RMPO002737,2023-03-19,2023-03-21,2023-03-23,carrier_delay
RMREV000748,RMPO002942,2023-03-19,2023-03-28,2023-04-07,severe_weather
RMREV000749,RMPO001243,2023-03-20,2023-03-29,2023-04-07,severe_weather
RMREV000750,RMPO001495,2023-03-20,2023-03-28,2023-04-03,production_issue
RMREV000751,RMPO001495,2023-03-20,2023-04-03,2023-03-26,expedite
RMREV000752,RMPO001601,2023-03-20,2023-03-21,2023-03-26,carrier_delay
RMREV000753,RMPO001608,2023-03-20,2023-03-26,2023-03-30,raw_material_shortage
RMREV000754,RMPO002014,2023-03-20,2023-03-22,2023-03-27,supplier_capacity
RMREV000755,RMPO002164,2023-03-20,2023-03-25,2023-04-03,raw_material_shortage
RMREV000756,RMPO002221,2023-03-20,2023-03-26,2023-03-29,raw_material_shortage
RMREV000757,RMPO002244,2023-03-20,2023-03-23,2023-03-27,supplier_capacity
RMREV000758,RMPO002501,2023-03-20,2023-03-30,2023-04-04,supplier_capacity
RMREV000759,RMPO002624,2023-03-20,2023-03-27,2023-04-04,raw_material_shortage
RMREV000760,RMPO002680,2023-03-20,2023-03-22,2023-03-23,supplier_capacity
RMREV000761,RMPO002895,2023-03-20,2023-03-24,2023-03-26,carrier_delay
RMREV000762,RMPO001225,2023-03-21,2023-03-24,2023-04-08,production_issue
RMREV000763,RMPO001576,2023-03-21,2023-03-23,2023-04-07,carrier_delay
RMREV000764,RMPO001576,2023-03-21,2023-04-07,2023-03-31,expedite
RMREV000765,RMPO002016,2023-03-21,2023-03-26,2023-04-06,production_issue
RMREV000766,RMPO002166,2023-03-21,2023-03-22,2023-04-05,supplier_capacity
RMREV000767,RMPO002524,2023-03-21,2023-03-24,2023-03-25,raw_material_shortage
RMREV000768,RMPO002680,2023-03-21,2023-03-23,2023-03-24,supplier_capacity
RMREV000769,RMPO000874,2023-03-22,2023-03-22,2023-03-27,production_issue
RMREV000770,RMPO001590,2023-03-22,2023-03-30,2023-04-01,raw_material_shortage
RMREV000771,RMPO001464,2023-03-23,2023-03-29,2023-04-02,supplier_capacity
RMREV000772,RMPO001948,2023-03-23,2023-03-31,2023-04-03,raw_material_shortage
RMREV000773,RMPO002290,2023-03-23,2023-03-27,2023-03-29,raw_material_shortage
RMREV000774,RMPO002394,2023-03-23,2023-03-27,2023-03-31,production_issue
RMREV000775,RMPO002415,2023-03-23,2023-03-24,2023-03-31,supplier_capacity
RMREV000776,RMPO002502,2023-03-23,2023-03-27,2023-04-01,supplier_capacity
RMREV000777,RMPO002806,2023-03-23,2023-03-29,2023-03-31,expedite_missed
RMREV000778,RMPO002811,2023-03-23,2023-03-29,2023-04-01,expedite_missed
RMREV000779,RMPO002884,2023-03-23,2023-03-30,2023-04-01,carrier_delay
RMREV000780,RMPO002894,2023-03-23,2023-03-26,2023-03-28,production_issue
RMREV000781,RMPO002991,2023-03-23,2023-04-04,2023-04-08,carrier_delay
RMREV000782,RMPO001590,2023-03-24,2023-04-01,2023-04-02,raw_material_shortage
RMREV000783,RMPO001966,2023-03-24,2023-04-02,2023-04-13,production_issue
RMREV000784,RMPO002290,2023-03-24,2023-03-29,2023-03-31,raw_material_shortage
RMREV000785,RMPO002762,2023-03-24,2023-04-03,2023-04-07,severe_weather
RMREV000786,RMPO002778,2023-03-24,2023-04-05,2023-04-08,production_issue
RMREV000787,RMPO001686,2023-03-25,2023-04-02,2023-04-04,carrier_delay
RMREV000788,RMPO002692,2023-03-25,2023-03-27,2023-03-31,severe_weather
RMREV000789,RMPO003039,2023-03-25,2023-04-01,2023-04-26,production_issue
RMREV000790,RMPO003039,2023-03-25,2023-04-26,2023-04-23,expedite
RMREV000791,RMPO003117,2023-03-25,2023-03-29,2023-03-31,raw_material_shortage
RMREV000792,RMPO001686,2023-03-26,2023-04-04,2023-04-05,carrier_delay
RMREV000793,RMPO001891,2023-03-26,2023-03-27,2023-03-29,severe_weather
RMREV000794,RMPO002029,2023-03-26,2023-04-07,2023-04-11,carrier_delay
RMREV000795,RMPO002029,2023-03-26,2023-04-11,2023-04-07,expedite
RMREV000796,RMPO002064,2023-03-26,2023-03-29,2023-04-01,supplier_capacity
RMREV000797,RMPO002941,2023-03-26,2023-03-28,2023-04-01,severe_weather
RMREV000798,RMPO003091,2023-03-26,2023-03-27,2023-04-02,severe_weather
RMREV000799,RMPO001671,2023-03-27,2023-04-06,2023-04-12,severe_weather
RMREV000800,RMPO001671,2023-03-27,2023-04-12,2023-04-08,expedite
RMREV000801,RMPO002338,2023-03-27,2023-03-25,2023-03-31,production_issue
RMREV000802,RMPO002528,2023-03-27,2023-04-01,2023-04-11,severe_weather
RMREV000803,RMPO002678,2023-03-27,2023-04-08,2023-04-17,production_issue
RMREV000804,RMPO003227,2023-03-27,2023-04-05,2023-04-06,raw_material_shortage
RMREV000805,RMPO001448,2023-03-28,2023-04-02,2023-04-06,severe_weather
RMREV000806,RMPO001669,2023-03-28,2023-04-05,2023-04-14,severe_weather
RMREV000807,RMPO001775,2023-03-28,2023-03-31,2023-04-04,supplier_capacity
RMREV000808,RMPO001891,2023-03-28,2023-03-29,2023-03-31,severe_weather
RMREV000809,RMPO002028,2023-03-28,2023-04-07,2023-04-11,raw_material_shortage
RMREV000810,RMPO002164,2023-03-28,2023-04-03,2023-04-06,raw_material_shortage
RMREV000811,RMPO002725,2023-03-28,2023-03-30,2023-04-01,raw_material_shortage
RMREV000812,RMPO003080,2023-03-28,2023-04-02,2023-04-10,severe_weather
RMREV000813,RMPO003141,2023-03-28,2023-04-06,2023-04-08,carrier_delay
RMREV000814,RMPO003539,2023-03-28,2023-04-02,2023-04-04,raw_material_shortage
RMREV000815,RMPO001224,2023-03-29,2023-03-29,2023-04-03,supplier_capacity
RMREV000816,RMPO001608,2023-03-29,2023-03-30,2023-04-01,raw_material_shortage
RMREV000817,RMPO001759,2023-03-29,2023-03-27,2023-03-30,production_issue
RMREV000818,RMPO002145,2023-03-29,2023-04-03,2023-04-11,severe_weather
RMREV000819,RMPO002863,2023-03-29,2023-04-04,2023-04-08,production_issue
RMREV000820,RMPO002941,2023-03-29,2023-04-01,2023-04-04,severe_weather
RMREV000821,RMPO003252,2023-03-29,2023-04-03,2023-04-06,production_issue
RMREV000822,RMPO002049,2023-03-30,2023-04-09,2023-04-24,raw_material_shortage
RMREV000823,RMPO002503,2023-03-30,2023-04-01,2023-04-03,supplier_capacity
RMREV000824,RMPO002765,2023-03-30,2023-04-04,2023-04-06,production_issue
RMREV000825,RMPO003252,2023-03-30,2023-04-06,2023-04-07,production_issue
RMREV000826,RMPO003504,2023-03-30,2023-04-11,2023-04-13,carrier_delay
RMREV000827,RMPO003548,2023-03-30,2023-04-09,2023-04-10,supplier_capacity
RMREV000828,RMPO003565,2023-03-30,2023-04-09,2023-04-20,quality_hold_at_supplier
RMREV000829,RMPO003565,2023-03-30,2023-04-20,2023-04-13,expedite
RMREV000830,RMPO002134,2023-03-31,2023-04-04,2023-04-10,severe_weather
RMREV000831,RMPO002560,2023-03-31,2023-04-10,2023-04-15,supplier_capacity
RMREV000832,RMPO002560,2023-03-31,2023-04-15,2023-04-07,expedite
RMREV000833,RMPO002921,2023-03-31,2023-04-03,2023-04-09,severe_weather
RMREV000834,RMPO001672,2023-04-01,2023-04-09,2023-04-15,severe_weather
RMREV000835,RMPO002765,2023-04-01,2023-04-06,2023-04-07,production_issue
RMREV000836,RMPO002862,2023-04-01,2023-04-04,2023-04-08,raw_material_shortage
RMREV000837,RMPO002963,2023-04-01,2023-04-08,2023-04-16,production_issue
RMREV000838,RMPO003110,2023-04-01,2023-04-13,2023-04-14,carrier_delay
RMREV000839,RMPO001645,2023-04-02,2023-04-07,2023-04-09,carrier_delay
RMREV000840,RMPO001921,2023-04-02,2023-04-12,2023-04-17,severe_weather
RMREV000841,RMPO002090,2023-04-02,2023-04-08,2023-04-10,supplier_capacity
RMREV000842,RMPO002134,2023-04-02,2023-04-10,2023-04-14,severe_weather
RMREV000843,RMPO002278,2023-04-02,2023-04-11,2023-04-19,production_issue
RMREV000844,RMPO002560,2023-04-02,2023-04-07,2023-04-09,expedite_missed
RMREV000845,RMPO002092,2023-04-03,2023-04-10,2023-04-14,raw_material_shortage
RMREV000846,RMPO002133,2023-04-03,2023-04-04,2023-04-11,severe_weather
RMREV000847,RMPO002996,2023-04-03,2023-04-14,2023-04-22,severe_weather
RMREV000848,RMPO003398,2023-04-03,2023-04-09,2023-04-10,supplier_capacity
RMREV000849,RMPO001576,2023-04-04,2023-03-31,2023-04-07,expedite_missed
RMREV000850,RMPO001673,2023-04-04,2023-04-06,2023-04-10,severe_weather
RMREV000851,RMPO001783,2023-04-04,2023-04-05,2023-04-13,carrier_delay
RMREV000852,RMPO001917,2023-04-04,2023-04-15,2023-04-20,severe_weather
RMREV000853,RMPO001947,2023-04-04,2023-04-09,2023-04-13,raw_material_shortage
RMREV000854,RMPO002214,2023-04-04,2023-04-06,2023-04-18,raw_material_shortage
RMREV000855,RMPO002506,2023-04-04,2023-04-08,2023-04-14,production_issue
RMREV000856,RMPO002859,2023-04-04,2023-04-10,2023-04-14,supplier_capacity
RMREV000857,RMPO002880,2023-04-04,2023-04-06,2023-04-08,production_issue
RMREV000858,RMPO003036,2023-04-04,2023-04-09,2023-04-11,expedite_missed
RMREV000859,RMPO003160,2023-04-04,2023-04-10,2023-04-21,severe_weather
RMREV000860,RMPO003646,2023-04-04,2023-04-10,2023-04-21,severe_weather
RMREV000861,RMPO003647,2023-04-04,2023-04-10,2023-04-14,severe_weather
RMREV000862,RMPO003649,2023-04-04,2023-04-14,2023-04-17,severe_weather
RMREV000863,RMPO003704,2023-04-04,2023-04-08,2023-04-09,raw_material_shortage
RMREV000864,RMPO003705,2023-04-04,2023-04-08,2023-04-09,supplier_capacity
RMREV000865,RMPO003848,2023-04-04,2023-04-12,2023-04-13,raw_material_shortage
RMREV000866,RMPO003849,2023-04-04,2023-04-09,2023-04-10,production_issue
RMREV000867,RMPO001651,2023-04-05,2023-04-08,2023-04-13,production_issue
RMREV000868,RMPO001822,2023-04-05,2023-04-06,2023-04-14,raw_material_shortage
RMREV000869,RMPO001919,2023-04-05,2023-04-15,2023-04-19,severe_weather
RMREV000870,RMPO001923,2023-04-05,2023-04-15,2023-04-29,severe_weather
RMREV000871,RMPO001953,2023-04-05,2023-04-10,2023-04-21,raw_material_shortage
RMREV000872,RMPO002091,2023-04-05,2023-04-09,2023-04-11,supplier_capacity
RMREV000873,RMPO002214,2023-04-05,2023-04-18,2023-04-23,raw_material_shortage
RMREV000874,RMPO002733,2023-04-05,2023-04-06,2023-04-10,supplier_capacity
RMREV000875,RMPO002820,2023-04-05,2023-04-06,2023-04-13,raw_material_shortage
RMREV000876,RMPO002949,2023-04-05,2023-04-06,2023-04-07,carrier_delay
RMREV000877,RMPO003100,2023-04-05,2023-04-10,2023-04-15,production_issue
RMREV000878,RMPO003100,2023-04-05,2023-04-15,2023-04-07,expedite
RMREV000879,RMPO003224,2023-04-05,2023-04-17,2023-04-19,supplier_capacity
RMREV000880,RMPO002194,2023-04-06,2023-04-12,2023-05-08,raw_material_shortage
RMREV000881,RMPO002401,2023-04-06,2023-04-10,2023-04-29,severe_weather
RMREV000882,RMPO002554,2023-04-06,2023-04-12,2023-04-23,carrier_delay
RMREV000883,RMPO002584,2023-04-06,2023-04-08,2023-04-12,severe_weather
RMREV000884,RMPO002998,2023-04-06,2023-04-10,2023-04-12,supplier_capacity
RMREV000885,RMPO003089,2023-04-06,2023-04-12,2023-04-27,production_issue
RMREV000886,RMPO003101,2023-04-06,2023-04-11,2023-04-16,supplier_capacity
RMREV000887,RMPO003110,2023-04-06,2023-04-14,2023-04-15,carrier_delay
RMREV000888,RMPO003847,2023-04-06,2023-04-16,2023-04-17,supplier_capacity
RMREV000889,RMPO001670,2023-04-07,2023-04-15,2023-04-24,severe_weather
RMREV000890,RMPO001919,2023-04-07,2023-04-19,2023-04-20,severe_weather
RMREV000891,RMPO002229,2023-04-07,2023-04-15,2023-04-22,production_issue
RMREV000892,RMPO002402,2023-04-07,2023-04-10,2023-04-14,carrier_delay
RMREV000893,RMPO002889,2023-04-07,2023-04-12,2023-04-15,carrier_delay
RMREV000894,RMPO002969,2023-04-07,2023-04-13,2023-04-24,supplier_capacity
RMREV000895,RMPO002973,2023-04-07,2023-04-08,2023-04-12,supplier_capacity
RMREV000896,RMPO003104,2023-04-07,2023-04-11,2023-04-14,carrier_delay
RMREV000897,RMPO003123,2023-04-07,2023-04-19,2023-04-23,supplier_capacity
RMREV000898,RMPO003341,2023-04-07,2023-04-08,2023-04-10,raw_material_shortage
RMREV000899,RMPO003649,2023-04-07,2023-04-17,2023-04-20,severe_weather
RMREV000900,RMPO001987,2023-04-08,2023-04-13,2023-04-17,production_issue
RMREV000901,RMPO002133,2023-04-08,2023-04-11,2023-04-14,severe_weather
RMREV000902,RMPO002769,2023-04-08,2023-04-10,2023-04-22,supplier_capacity
RMREV000903,RMPO002857,2023-04-08,2023-04-13,2023-04-19,production_issue
RMREV000904,RMPO002888,2023-04-08,2023-04-15,2023-04-18,supplier_capacity
RMREV000905,RMPO003013,2023-04-08,2023-04-12,2023-04-20,supplier_capacity
RMREV000906,RMPO003109,2023-04-08,2023-04-16,2023-04-17,raw_material_shortage
RMREV000907,RMPO003172,2023-04-08,2023-04-09,2023-04-10,production_issue
RMREV000908,RMPO003796,2023-04-08,2023-04-13,2023-04-17,raw_material_shortage
RMREV000909,RMPO001814,2023-04-09,2023-04-10,2023-05-17,supplier_capacity
RMREV000910,RMPO002553,2023-04-09,2023-04-12,2023-04-14,production_issue
RMREV000911,RMPO002733,2023-04-09,2023-04-10,2023-04-14,supplier_capacity
RMREV000912,RMPO002858,2023-04-09,2023-04-13,2023-04-18,carrier_delay
RMREV000913,RMPO002973,2023-04-09,2023-04-12,2023-04-15,supplier_capacity
RMREV000914,RMPO003161,2023-04-09,2023-04-10,2023-04-15,severe_weather
RMREV000915,RMPO003162,2023-04-09,2023-04-10,2023-04-21,severe_weather
RMREV000916,RMPO003241,2023-04-09,2023-04-16,2023-04-18,supplier_capacity
RMREV000917,RMPO003341,2023-04-09,2023-04-10,2023-04-11,raw_material_shortage
RMREV000918,RMPO003443,2023-04-09,2023-04-16,2023-04-19,supplier_capacity
RMREV000919,RMPO003764,2023-04-09,2023-04-16,2023-04-19,production_issue
RMREV000920,RMPO003012,2023-04-10,2023-04-12,2023-04-20,carrier_delay
RMREV000921,RMPO003024,2023-04-10,2023-04-19,2023-04-26,carrier_delay
RMREV000922,RMPO003051,2023-04-10,2023-04-22,2023-04-29,raw_material_shortage
RMREV000923,RMPO001924,2023-04-11,2023-04-15,2023-04-23,severe_weather
RMREV000924,RMPO003080,2023-04-11,2023-04-10,2023-04-13,severe_weather
RMREV000925,RMPO003963,2023-04-11,2023-04-21,2023-04-22,carrier_delay
RMREV000926,RMPO004000,2023-04-11,2023-04-21,2023-04-22,carrier_delay
RMREV000927,RMPO004015,2023-04-11,2023-04-14,2023-04-15,production_issue
RMREV000928,RMPO004016,2023-04-11,2023-04-15,2023-04-16,carrier_delay
RMREV000929,RMPO004097,2023-04-11,2023-04-19,2023-04-24,quality_hold_at_supplier
RMREV000930,RMPO001987,2023-04-12,2023-04-17,2023-04-21,production_issue
RMREV000931,RMPO002550,2023-04-12,2023-04-20,2023-05-04,carrier_delay
RMREV000932,RMPO002553,2023-04-12,2023-04-14,2023-04-16,production_issue
RMREV000933,RMPO002968,2023-04-12,2023-04-14,2023-04-26,supplier_capacity
RMREV000934,RMPO002968,2023-04-12,2023-04-26,2023-04-19,expedite
RMREV000935,RMPO003102,2023-04-12,2023-04-14,2023-04-20,carrier_delay
RMREV000936,RMPO003220,2023-04-12,2023-04-17,2023-04-23,supplier_capacity
RMREV000937,RMPO003225,2023-04-12,2023-04-19,2023-04-25,supplier_capacity
RMREV000938,RMPO003300,2023-04-12,2023-04-20,2023-05-08,supplier_capacity
RMREV000939,RMPO003300,2023-04-12,2023-05-08,2023-05-03,expedite
RMREV000940,RMPO003504,2023-04-12,2023-04-13,2023-04-14,carrier_delay
RMREV000941,RMPO003602,2023-04-12,2023-04-20,2023-04-21,supplier_capacity
RMREV000942,RMPO002303,2023-04-13,2023-04-16,2023-04-21,production_issue
RMREV000943,RMPO003097,2023-04-13,2023-04-21,2023-04-22,production_issue
RMREV000944,RMPO003491,2023-04-13,2023-04-25,2023-05-01,supplier_capacity
RMREV000945,RMPO003496,2023-04-13,2023-04-24,2023-04-30,supplier_capacity
RMREV000946,RMPO001673,2023-04-14,2023-04-10,2023-04-16,severe_weather
RMREV000947,RMPO002841,2023-04-14,2023-04-23,2023-04-26,raw_material_shortage
RMREV000948,RMPO003691,2023-04-14,2023-04-21,2023-04-24,production_issue
RMREV000949,RMPO002617,2023-04-15,2023-04-26,2023-05-02,supplier_capacity
RMREV000950,RMPO003096,2023-04-15,2023-04-23,2023-04-26,supplier_capacity
RMREV000951,RMPO003223,2023-04-15,2023-04-19,2023-04-21,supplier_capacity
RMREV000952,RMPO003796,2023-04-15,2023-04-17,2023-04-19,raw_material_shortage
RMREV000953,RMPO002177,2023-04-16,2023-04-22,2023-05-02,raw_material_shortage
RMREV000954,RMPO002792,2023-04-16,2023-04-27,2023-05-01,supplier_capacity
RMREV000955,RMPO002840,2023-04-16,2023-04-24,2023-04-27,raw_material_shortage
RMREV000956,RMPO002865,2023-04-16,2023-04-24,2023-05-01,supplier_capacity
RMREV000957,RMPO003219,2023-04-16,2023-04-18,2023-05-14,production_issue
RMREV000958,RMPO003219,2023-04-16,2023-05-14,2023-05-06,expedite
RMREV000959,RMPO003396,2023-04-16,2023-04-20,2023-05-01,production_issue
RMREV000960,RMPO003601,2023-04-16,2023-04-23,2023-04-24,carrier_delay
RMREV000961,RMPO003865,2023-04-16,2023-04-24,2023-05-02,raw_material_shortage
RMREV000962,RMPO002712,2023-04-17,2023-04-23,2023-04-28,raw_material_shortage
RMREV000963,RMPO003497,2023-04-17,2023-04-22,2023-04-25,supplier_capacity
RMREV000964,RMPO003565,2023-04-18,2023-04-13,2023-04-24,expedite_missed
RMREV000965,RMPO003928,2023-04-18,2023-04-26,2023-04-28,carrier_delay
RMREV000966,RMPO002549,2023-04-19,2023-04-21,2023-05-05,raw_material_shortage
RMREV000967,RMPO002573,2023-04-19,2023-04-29,2023-05-06,carrier_delay
RMREV000968,RMPO002573,2023-04-19,2023-05-06,2023-04-30,expedite
RMREV000969,RMPO003097,2023-04-19,2023-04-22,2023-04-24,production_issue
RMREV000970,RMPO004268,2023-04-19,2023-04-28,2023-04-29,production_issue
RMREV000971,RMPO003261,2023-04-20,2023-04-24,2023-04-25,supplier_capacity
RMREV000972,RMPO003494,2023-04-20,2023-04-26,2023-05-02,supplier_capacity
RMREV000973,RMPO003495,2023-04-20,2023-04-26,2023-04-29,supplier_capacity
RMREV000974,RMPO003730,2023-04-20,2023-04-26,2023-04-29,carrier_delay
RMREV000975,RMPO003779,2023-04-20,2023-05-01,2023-05-07,supplier_capacity
RMREV000976,RMPO003928,2023-04-20,2023-04-28,2023-04-30,carrier_delay
RMREV000977,RMPO004111,2023-04-20,2023-05-02,2023-05-03,raw_material_shortage
RMREV000978,RMPO002647,2023-04-21,2023-05-01,2023-05-20,carrier_delay
RMREV000979,RMPO002841,2023-04-21,2023-04-26,2023-04-27,raw_material_shortage
RMREV000980,RMPO003261,2023-04-21,2023-04-25,2023-04-26,supplier_capacity
RMREV000981,RMPO003278,2023-04-21,2023-05-02,2023-05-16,carrier_delay
RMREV000982,RMPO003782,2023-04-21,2023-05-03,2023-05-06,supplier_capacity
RMREV000983,RMPO003820,2023-04-21,2023-05-02,2023-05-07,raw_material_shortage
RMREV000984,RMPO004052,2023-04-21,2023-05-02,2023-05-04,supplier_capacity
RMREV000985,RMPO004411,2023-04-21,2023-04-29,2023-05-03,production_issue
RMREV000986,RMPO004411,2023-04-21,2023-05-03,2023-04-27,expedite
RMREV000987,RMPO002838,2023-04-22,2023-04-23,2023-04-26,raw_material_shortage
RMREV000988,RMPO003122,2023-04-22,2023-04-23,2023-04-27,carrier_delay
RMREV000989,RMPO003455,2023-04-22,2023-05-01,2023-05-06,production_issue
RMREV000990,RMPO003826,2023-04-22,2023-04-27,2023-04-29,carrier_delay
RMREV000991,RMPO004000,2023-04-22,2023-04-22,2023-04-24,carrier_delay
RMREV000992,RMPO004038,2023-04-22,2023-04-25,2023-04-26,production_issue
RMREV000993,RMPO004386,2023-04-22,2023-04-29,2023-05-02,supplier_capacity
RMREV000994,RMPO003192,2023-04-23,2023-05-05,2023-05-14,raw_material_shortage
RMREV000995,RMPO003492,2023-04-23,2023-05-01,2023-05-07,supplier_capacity
RMREV000996,RMPO004322,2023-04-23,2023-05-04,2023-05-11,carrier_delay
RMREV000997,RMPO002839,2023-04-24,2023-04-28,2023-05-01,production_issue
RMREV000998,RMPO002914,2023-04-24,2023-05-04,2023-05-14,carrier_delay
RMREV000999,RMPO002914,2023-04-24,2023-05-14,2023-05-10,expedite
RMREV001000,RMPO003300,2023-04-24,2023-05-03,2023-05-04,expedite_missed
RMREV001001,RMPO003500,2023-04-24,2023-04-26,2023-04-27,supplier_capacity
RMREV001002,RMPO003511,2023-04-24,2023-05-01,2023-05-10,supplier_capacity
RMREV001003,RMPO004373,2023-04-24,2023-05-02,2023-05-03,raw_material_shortage
RMREV001004,RMPO002673,2023-04-25,2023-05-07,2023-05-11,raw_material_shortage
RMREV001005,RMPO003497,2023-04-25,2023-04-25,2023-04-27,supplier_capacity
RMREV001006,RMPO003604,2023-04-25,2023-04-26,2023-05-05,production_issue
RMREV001007,RMPO004559,2023-04-25,2023-05-05,2023-05-06,supplier_capacity
RMREV001008,RMPO004560,2023-04-25,2023-04-29,2023-04-30,production_issue
RMREV001009,RMPO004561,2023-04-25,2023-04-29,2023-04-30,raw_material_shortage
RMREV001010,RMPO004579,2023-04-25,2023-05-11,2023-05-09,carrier_delay
RMREV001011,RMPO001924,2023-04-26,2023-04-23,2023-04-29,severe_weather
RMREV001012,RMPO003249,2023-04-26,2023-05-08,2023-05-12,supplier_capacity
RMREV001013,RMPO003499,2023-04-26,2023-04-27,2023-05-02,supplier_capacity
RMREV001014,RMPO003999,2023-04-26,2023-04-28,2023-05-01,carrier_delay
RMREV001015,RMPO004053,2023-04-26,2023-05-02,2023-05-06,raw_material_shortage
RMREV001016,RMPO004542,2023-04-26,2023-05-05,2023-05-06,supplier_capacity
RMREV001017,RMPO002573,2023-04-27,2023-04-30,2023-05-09,expedite_missed
RMREV001018,RMPO002617,2023-04-27,2023-05-02,2023-05-05,supplier_capacity
RMREV001019,RMPO002618,2023-04-27,2023-05-02,2023-05-12,carrier_delay
RMREV001020,RMPO002674,2023-04-27,2023-05-03,2023-05-07,raw_material_shortage
RMREV001021,RMPO002809,2023-04-27,2023-05-07,2023-05-15,raw_material_shortage
RMREV001022,RMPO002809,2023-04-27,2023-05-15,2023-05-09,expedite
RMREV001023,RMPO003193,2023-04-27,2023-05-07,2023-05-12,supplier_capacity
RMREV001024,RMPO003277,2023-04-27,2023-05-03,2023-05-07,production_issue
RMREV001025,RMPO003825,2023-04-27,2023-05-01,2023-05-07,production_issue
RMREV001026,RMPO004082,2023-04-27,2023-05-07,2023-05-14,supplier_capacity
RMREV001027,RMPO004088,2023-04-27,2023-05-09,2023-05-13,supplier_capacity
RMREV001028,RMPO004233,2023-04-27,2023-04-28,2023-04-29,supplier_capacity
RMREV001029,RMPO004268,2023-04-27,2023-04-29,2023-04-30,production_issue
RMREV001030,RMPO004372,2023-04-27,2023-04-29,2023-04-30,raw_material_shortage
RMREV001031,RMPO004444,2023-04-27,2023-05-01,2023-05-18,raw_material_shortage
RMREV001032,RMPO004543,2023-04-27,2023-05-07,2023-05-17,raw_material_shortage
RMREV001033,RMPO004557,2023-04-27,2023-05-03,2023-05-08,carrier_delay
RMREV001034,RMPO004557,2023-04-27,2023-05-08,2023-05-02,expedite
RMREV001035,RMPO002809,2023-04-28,2023-05-09,2023-05-17,expedite_missed
RMREV001036,RMPO002827,2023-04-28,2023-05-07,2023-05-22,raw_material_shortage
RMREV001037,RMPO003157,2023-04-28,2023-05-10,2023-05-13,supplier_capacity
RMREV001038,RMPO003248,2023-04-28,2023-05-09,2023-05-13,carrier_delay
RMREV001039,RMPO004087,2023-04-28,2023-05-10,2023-05-14,supplier_capacity
RMREV001040,RMPO004372,2023-04-28,2023-04-30,2023-05-01,raw_material_shortage
RMREV001041,RMPO004561,2023-04-28,2023-04-30,2023-05-02,raw_material_shortage
RMREV001042,RMPO004645,2023-04-28,2023-05-05,2023-05-19,supplier_capacity
RMREV001043,RMPO004645,2023-04-28,2023-05-19,2023-05-13,expedite
RMREV001044,RMPO002865,2023-04-29,2023-05-01,2023-05-04,supplier_capacity
RMREV001045,RMPO003358,2023-04-29,2023-05-07,2023-05-12,raw_material_shortage
RMREV001046,RMPO003495,2023-04-29,2023-04-29,2023-05-02,supplier_capacity
RMREV001047,RMPO003804,2023-04-29,2023-04-30,2023-05-05,supplier_capacity
RMREV001048,RMPO003989,2023-04-29,2023-05-04,2023-05-11,supplier_capacity
RMREV001049,RMPO004037,2023-04-29,2023-04-30,2023-05-02,supplier_capacity
RMREV001050,RMPO004194,2023-04-29,2023-05-10,2023-05-12,carrier_delay
RMREV001051,RMPO004233,2023-04-29,2023-04-29,2023-05-01,supplier_capacity
RMREV001052,RMPO004251,2023-04-29,2023-05-09,2023-05-14,raw_material_shortage
RMREV001053,RMPO004323,2023-04-29,2023-05-07,2023-05-15,supplier_capacity
RMREV001054,RMPO004373,2023-04-29,2023-05-03,2023-05-04,raw_material_shortage
RMREV001055,RMPO004535,2023-04-29,2023-05-06,2023-05-07,carrier_delay
RMREV001056,RMPO004663,2023-04-29,2023-05-08,2023-05-09,supplier_capacity
RMREV001057,RMPO002672,2023-04-30,2023-05-04,2023-05-07,raw_material_shortage
RMREV001058,RMPO003077,2023-04-30,2023-05-01,2023-05-10,carrier_delay
RMREV001059,RMPO003077,2023-04-30,2023-05-10,2023-05-03,expedite
RMREV001060,RMPO004494,2023-04-30,2023-05-07,2023-05-09,production_issue
RMREV001061,RMPO003546,2023-05-01,2023-05-10,2023-05-13,carrier_delay
RMREV001062,RMPO003756,2023-05-01,2023-05-02,2023-05-04,production_issue
RMREV001063,RMPO003826,2023-05-01,2023-04-29,2023-05-02,carrier_delay
RMREV001064,RMPO004337,2023-05-01,2023-05-13,2023-05-20,carrier_delay
RMREV001065,RMPO004542,2023-05-01,2023-05-06,2023-05-07,supplier_capacity
RMREV001066,RMPO002928,2023-05-02,2023-05-11,2023-05-22,raw_material_shortage
RMREV001067,RMPO002928,2023-05-02,2023-05-22,2023-05-15,expedite
RMREV001068,RMPO002930,2023-05-02,2023-05-03,2023-05-19,supplier_capacity
RMREV001069,RMPO003155,2023-05-02,2023-05-10,2023-05-13,production_issue
RMREV001070,RMPO003159,2023-05-02,2023-05-09,2023-05-12,supplier_capacity
RMREV001071,RMPO003458,2023-05-02,2023-05-11,2023-05-18,production_issue
RMREV001072,RMPO003988,2023-05-02,2023-05-04,2023-05-15,production_issue
RMREV001073,RMPO004770,2023-05-02,2023-05-12,2023-05-13,production_issue
RMREV001074,RMPO004828,2023-05-02,2023-05-06,2023-05-08,supplier_capacity
RMREV001075,RMPO004830,2023-05-02,2023-05-06,2023-05-07,production_issue
RMREV001076,RMPO004832,2023-05-02,2023-05-06,2023-05-08,carrier_delay
RMREV001077,RMPO004835,2023-05-02,2023-05-06,2023-05-07,supplier_capacity
RMREV001078,RMPO004903,2023-05-02,2023-05-10,2023-05-12,supplier_capacity
RMREV001079,RMPO004933,2023-05-02,2023-05-10,2023-05-13,raw_material_shortage
RMREV001080,RMPO003156,2023-05-03,2023-05-14,2023-05-17,raw_material_shortage
RMREV001081,RMPO003219,2023-05-03,2023-05-06,2023-05-11,expedite_missed
RMREV001082,RMPO003459,2023-05-03,2023-05-14,2023-05-22,production_issue
RMREV001083,RMPO003459,2023-05-03,2023-05-22,2023-05-16,expedite
RMREV001084,RMPO004389,2023-05-03,2023-05-09,2023-05-16,supplier_capacity
RMREV001085,RMPO004533,2023-05-03,2023-05-05,2023-05-06,carrier_delay
RMREV001086,RMPO004643,2023-05-03,2023-05-09,2023-05-12,supplier_capacity
RMREV001087,RMPO004833,2023-05-03,2023-05-05,2023-05-07,carrier_delay
RMREV001088,RMPO003077,2023-05-04,2023-05-03,2023-05-09,expedite_missed
RMREV001089,RMPO003430,2023-05-04,2023-05-16,2023-05-20,supplier_capacity
RMREV001090,RMPO003430,2023-05-04,2023-05-20,2023-05-17,expedite
RMREV001091,RMPO003785,2023-05-04,2023-05-08,2023-05-17,supplier_capacity
RMREV001092,RMPO003785,2023-05-04,2023-05-17,2023-05-14,expedite
RMREV001093,RMPO004084,2023-05-04,2023-05-10,2023-05-11,supplier_capacity
RMREV001094,RMPO004263,2023-05-04,2023-05-10,2023-05-16,carrier_delay
RMREV001095,RMPO004534,2023-05-04,2023-05-05,2023-05-06,supplier_capacity
RMREV001096,RMPO004831,2023-05-04,2023-05-06,2023-05-08,production_issue
RMREV001097,RMPO004934,2023-05-04,2023-05-07,2023-05-10,production_issue
RMREV001098,RMPO002672,2023-05-05,2023-05-07,2023-05-08,raw_material_shortage
RMREV001099,RMPO003206,2023-05-05,2023-05-12,2023-06-01,carrier_delay
RMREV001100,RMPO003206,2023-05-05,2023-06-01,2023-05-29,expedite
RMREV001101,RMPO003430,2023-05-05,2023-05-17,2023-05-18,expedite_missed
RMREV001102,RMPO004481,2023-05-05,2023-05-15,2023-05-16,carrier_delay
RMREV001103,RMPO004937,2023-05-05,2023-05-11,2023-05-12,production_issue
RMREV001104,RMPO002914,2023-05-06,2023-05-10,2023-05-20,expedite_missed
RMREV001105,RMPO003193,2023-05-06,2023-05-12,2023-05-17,supplier_capacity
RMREV001106,RMPO003205,2023-05-06,2023-05-14,2023-05-20,supplier_capacity
RMREV001107,RMPO004261,2023-05-06,2023-05-10,2023-05-12,raw_material_shortage
RMREV001108,RMPO004482,2023-05-06,2023-05-15,2023-05-18,production_issue
RMREV001109,RMPO004740,2023-05-06,2023-05-13,2023-05-16,raw_material_shortage
RMREV001110,RMPO003154,2023-05-07,2023-05-11,2023-05-13,production_issue
RMREV001111,RMPO003158,2023-05-07,2023-05-11,2023-05-15,production_issue
RMREV001112,RMPO003785,2023-05-07,2023-05-14,2023-05-18,expedite_missed
RMREV001113,RMPO003829,2023-05-07,2023-05-13,2023-05-18,carrier_delay
RMREV001114,RMPO003994,2023-05-07,2023-05-10,2023-05-15,supplier_capacity
RMREV001115,RMPO004320,2023-05-07,2023-05-08,2023-05-09,carrier_delay
RMREV001116,RMPO004388,2023-05-07,2023-05-09,2023-05-13,production_issue
RMREV001117,RMPO004447,2023-05-07,2023-05-17,2023-05-20,production_issue
RMREV001118,RMPO004510,2023-05-07,2023-05-15,2023-05-18,raw_material_shortage
RMREV001119,RMPO004834,2023-05-07,2023-05-13,2023-05-14,supplier_capacity
RMREV001120,RMPO004862,2023-05-07,2023-05-14,2023-05-18,carrier_delay
RMREV001121,RMPO003427,2023-05-08,2023-05-17,2023-05-21,supplier_capacity
RMREV001122,RMPO003428,2023-05-08,2023-05-16,2023-05-25,raw_material_shortage
RMREV001123,RMPO003440,2023-05-08,2023-05-17,2023-05-19,raw_material_shortage
RMREV001124,RMPO004188,2023-05-08,2023-05-11,2023-05-12,carrier_delay
RMREV001125,RMPO004265,2023-05-08,2023-05-11,2023-05-12,supplier_capacity
RMREV001126,RMPO004396,2023-05-08,2023-05-16,2023-05-18,carrier_delay
RMREV001127,RMPO004450,2023-05-08,2023-05-20,2023-05-25,production_issue
RMREV001128,RMPO004494,2023-05-08,2023-05-09,2023-05-10,production_issue
RMREV001129,RMPO003047,2023-05-09,2023-05-14,2023-05-19,production_issue
RMREV001130,RMPO003210,2023-05-09,2023-05-13,2023-05-15,production_issue
RMREV001131,RMPO004084,2023-05-09,2023-05-11,2023-05-12,supplier_capacity
RMREV001132,RMPO004122,2023-05-09,2023-05-15,2023-06-07,raw_material_shortage
RMREV001133,RMPO004396,2023-05-09,2023-05-18,2023-05-19,carrier_delay
RMREV001134,RMPO004481,2023-05-09,2023-05-16,2023-05-18,carrier_delay
RMREV001135,RMPO005025,2023-05-09,2023-05-21,2023-05-25,supplier_capacity
RMREV001136,RMPO005057,2023-05-09,2023-05-18,2023-05-19,carrier_delay
RMREV001137,RMPO005074,2023-05-09,2023-05-14,2023-05-16,production_issue
RMREV001138,RMPO005076,2023-05-09,2023-05-14,2023-05-15,production_issue
RMREV001139,RMPO005092,2023-05-09,2023-05-13,2023-05-14,supplier_capacity
RMREV001140,RMPO005176,2023-05-09,2023-05-20,2023-05-21,carrier_delay
RMREV001141,RMPO003154,2023-05-10,2023-05-13,2023-05-14,production_issue
RMREV001142,RMPO003440,2023-05-10,2023-05-19,2023-05-21,raw_material_shortage
RMREV001143,RMPO003574,2023-05-10,2023-05-11,2023-05-26,supplier_capacity
RMREV001144,RMPO003574,2023-05-10,2023-05-26,2023-05-23,expedite
RMREV001145,RMPO003748,2023-05-10,2023-05-18,2023-05-27,carrier_delay
RMREV001146,RMPO004008,2023-05-10,2023-05-11,2023-05-16,raw_material_shortage
RMREV001147,RMPO004361,2023-05-10,2023-05-13,2023-05-16,supplier_capacity
RMREV001148,RMPO004448,2023-05-10,2023-05-16,2023-05-19,production_issue
RMREV001149,RMPO004608,2023-05-10,2023-05-20,2023-05-29,supplier_capacity
RMREV001150,RMPO005078,2023-05-10,2023-05-21,2023-05-22,supplier_capacity
RMREV001151,RMPO005177,2023-05-10,2023-05-22,2023-05-23,production_issue
RMREV001152,RMPO003477,2023-05-11,2023-05-20,2023-05-26,raw_material_shortage
RMREV001153,RMPO003978,2023-05-11,2023-05-22,2023-06-08,carrier_delay
RMREV001154,RMPO004607,2023-05-11,2023-05-18,2023-05-27,carrier_delay
RMREV001155,RMPO004607,2023-05-11,2023-05-27,2023-05-24,expedite
RMREV001156,RMPO004635,2023-05-11,2023-05-22,2023-05-26,supplier_capacity
RMREV001157,RMPO004645,2023-05-11,2023-05-13,2023-05-14,expedite_missed
RMREV001158,RMPO004771,2023-05-11,2023-05-12,2023-05-13,carrier_delay
RMREV001159,RMPO005097,2023-05-11,2023-05-12,2023-05-13,carrier_delay
RMREV001160,RMPO003543,2023-05-12,2023-05-19,2023-06-14,production_issue
RMREV001161,RMPO003725,2023-05-12,2023-05-19,2023-05-27,carrier_delay
RMREV001162,RMPO003883,2023-05-12,2023-05-22,2023-05-29,supplier_capacity
RMREV001163,RMPO003883,2023-05-12,2023-05-29,2023-05-26,expedite
RMREV001164,RMPO004148,2023-05-12,2023-05-22,2023-06-01,production_issue
RMREV001165,RMPO004152,2023-05-12,2023-05-17,2023-06-03,production_issue
RMREV001166,RMPO004152,2023-05-12,2023-06-03,2023-05-27,expedite
RMREV001167,RMPO004636,2023-05-12,2023-05-24,2023-05-31,supplier_capacity
RMREV001168,RMPO004638,2023-05-12,2023-05-23,2023-05-27,supplier_capacity
RMREV001169,RMPO004736,2023-05-12,2023-05-20,2023-05-22,production_issue
RMREV001170,RMPO004777,2023-05-12,2023-06-04,2023-06-05,supplier_capacity
RMREV001171,RMPO005074,2023-05-12,2023-05-16,2023-05-17,production_issue
RMREV001172,RMPO005076,2023-05-12,2023-05-15,2023-05-17,production_issue
RMREV001173,RMPO005097,2023-05-12,2023-05-13,2023-05-14,carrier_delay
RMREV001174,RMPO005177,2023-05-12,2023-05-23,2023-05-24,production_issue
RMREV001175,RMPO005250,2023-05-12,2023-05-17,2023-06-04,carrier_delay
RMREV001176,RMPO005250,2023-05-12,2023-06-04,2023-05-29,expedite
RMREV001177,RMPO003525,2023-05-13,2023-05-19,2023-05-21,carrier_delay
RMREV001178,RMPO003664,2023-05-13,2023-05-15,2023-05-17,production_issue
RMREV001179,RMPO004092,2023-05-13,2023-05-20,2023-05-24,production_issue
RMREV001180,RMPO004634,2023-05-13,2023-05-23,2023-05-27,supplier_capacity
RMREV001181,RMPO004791,2023-05-13,2023-05-24,2023-06-03,carrier_delay
RMREV001182,RMPO004853,2023-05-13,2023-05-16,2023-05-17,supplier_capacity
RMREV001183,RMPO004903,2023-05-13,2023-05-12,2023-05-14,supplier_capacity
RMREV001184,RMPO003431,2023-05-14,2023-05-21,2023-05-27,production_issue
RMREV001185,RMPO003531,2023-05-14,2023-05-24,2023-05-29,carrier_delay
RMREV001186,RMPO003532,2023-05-14,2023-05-24,2023-06-01,production_issue
RMREV001187,RMPO004261,2023-05-14,2023-05-12,2023-05-15,raw_material_shortage
RMREV001188,RMPO004395,2023-05-14,2023-05-16,2023-05-19,raw_material_shortage
RMREV001189,RMPO004666,2023-05-14,2023-05-22,2023-05-26,production_issue
RMREV001190,RMPO005174,2023-05-14,2023-05-20,2023-05-23,raw_material_shortage
RMREV001191,RMPO003358,2023-05-15,2023-05-12,2023-05-17,raw_material_shortage
RMREV001192,RMPO003482,2023-05-15,2023-05-25,2023-06-11,carrier_delay
RMREV001193,RMPO003525,2023-05-15,2023-05-21,2023-05-24,carrier_delay
RMREV001194,RMPO003664,2023-05-15,2023-05-17,2023-05-19,production_issue
RMREV001195,RMPO004007,2023-05-15,2023-05-17,2023-05-22,supplier_capacity
RMREV001196,RMPO004383,2023-05-15,2023-05-21,2023-05-25,production_issue
RMREV001197,RMPO003210,2023-05-16,2023-05-15,2023-05-17,production_issue
RMREV001198,RMPO005486,2023-05-16,2023-05-25,2023-05-26,carrier_delay
RMREV001199,RMPO003205,2023-05-17,2023-05-20,2023-05-22,supplier_capacity
RMREV001200,RMPO003729,2023-05-17,2023-05-19,2023-06-02,carrier_delay
RMREV001201,RMPO004218,2023-05-17,2023-05-28,2023-06-12,carrier_delay
RMREV001202,RMPO004580,2023-05-17,2023-05-19,2023-05-20,carrier_delay
RMREV001203,RMPO005345,2023-05-17,2023-05-27,2023-05-28,production_issue
RMREV001204,RMPO005369,2023-05-17,2023-05-20,2023-05-21,carrier_delay
RMREV001205,RMPO002827,2023-05-18,2023-05-22,2023-05-30,raw_material_shortage
RMREV001206,RMPO003047,2023-05-18,2023-05-19,2023-05-21,production_issue
RMREV001207,RMPO003560,2023-05-18,2023-05-26,2023-06-10,production_issue
RMREV001208,RMPO003560,2023-05-18,2023-06-10,2023-06-05,expedite
RMREV001209,RMPO003573,2023-05-18,2023-05-26,2023-06-08,supplier_capacity
RMREV001210,RMPO003573,2023-05-18,2023-06-08,2023-05-31,expedite
RMREV001211,RMPO003748,2023-05-18,2023-05-27,2023-05-30,carrier_delay
RMREV001212,RMPO003749,2023-05-18,2023-05-22,2023-06-04,raw_material_shortage
RMREV001213,RMPO003813,2023-05-18,2023-05-24,2023-05-25,carrier_delay
RMREV001214,RMPO004310,2023-05-18,2023-05-27,2023-06-09,carrier_delay
RMREV001215,RMPO004630,2023-05-18,2023-05-24,2023-05-28,supplier_capacity
RMREV001216,RMPO005448,2023-05-18,2023-05-24,2023-06-13,quality_hold_at_supplier
RMREV001217,RMPO005448,2023-05-18,2023-06-13,2023-06-08,expedite
RMREV001218,RMPO003427,2023-05-19,2023-05-21,2023-05-26,supplier_capacity
RMREV001219,RMPO003449,2023-05-19,2023-05-22,2023-05-28,raw_material_shortage
RMREV001220,RMPO003979,2023-05-19,2023-05-22,2023-05-27,production_issue
RMREV001221,RMPO004437,2023-05-19,2023-05-28,2023-06-06,carrier_delay
RMREV001222,RMPO004437,2023-05-19,2023-06-06,2023-05-31,expedite
RMREV001223,RMPO004736,2023-05-19,2023-05-22,2023-05-23,production_issue
RMREV001224,RMPO004767,2023-05-19,2023-05-24,2023-05-26,supplier_capacity
RMREV001225,RMPO004989,2023-05-19,2023-05-27,2023-05-29,production_issue
RMREV001226,RMPO005118,2023-05-19,2023-05-28,2023-05-29,raw_material_shortage
RMREV001227,RMPO005175,2023-05-19,2023-05-23,2023-05-26,carrier_delay
RMREV001228,RMPO003135,2023-05-20,2023-05-21,2023-06-13,supplier_capacity
RMREV001229,RMPO003532,2023-05-20,2023-06-01,2023-06-04,production_issue
RMREV001230,RMPO004422,2023-05-20,2023-05-30,2023-06-09,supplier_capacity
RMREV001231,RMPO004594,2023-05-20,2023-05-29,2023-06-02,production_issue
RMREV001232,RMPO004606,2023-05-20,2023-05-21,2023-05-31,carrier_delay
RMREV001233,RMPO004890,2023-05-20,2023-05-27,2023-06-04,supplier_capacity
RMREV001234,RMPO004890,2023-05-20,2023-06-04,2023-05-28,expedite
RMREV001235,RMPO005273,2023-05-20,2023-06-01,2023-06-02,supplier_capacity
RMREV001236,RMPO005366,2023-05-20,2023-06-01,2023-06-03,production_issue
RMREV001237,RMPO005446,2023-05-20,2023-06-01,2023-06-02,production_issue
RMREV001238,RMPO003665,2023-05-21,2023-06-02,2023-06-04,supplier_capacity
RMREV001239,RMPO003708,2023-05-21,2023-05-27,2023-05-29,supplier_capacity
RMREV001240,RMPO003724,2023-05-21,2023-05-24,2023-06-02,carrier_delay
RMREV001241,RMPO004800,2023-05-21,2023-05-25,2023-05-26,raw_material_shortage
RMREV001242,RMPO004982,2023-05-21,2023-06-01,2023-06-07,production_issue
RMREV001243,RMPO003134,2023-05-22,2023-05-23,2023-06-15,production_issue
RMREV001244,RMPO003134,2023-05-22,2023-06-15,2023-06-08,expedite
RMREV001245,RMPO004026,2023-05-22,2023-05-31,2023-06-05,supplier_capacity
RMREV001246,RMPO004790,2023-05-22,2023-05-28,2023-06-09,production_issue
RMREV001247,RMPO004808,2023-05-22,2023-05-31,2023-06-02,supplier_capacity
RMREV001248,RMPO004888,2023-05-22,2023-05-29,2023-06-10,supplier_capacity
RMREV001249,RMPO004889,2023-05-22,2023-05-27,2023-06-05,supplier_capacity
RMREV001250,RMPO004926,2023-05-22,2023-05-25,2023-05-31,supplier_capacity
RMREV001251,RMPO005250,2023-05-22,2023-05-29,2023-06-01,expedite_missed
RMREV001252,RMPO005282,2023-05-22,2023-05-27,2023-05-28,carrier_delay
RMREV001253,RMPO004220,2023-05-23,2023-05-26,2023-06-10,production_issue
RMREV001254,RMPO004384,2023-05-23,2023-05-24,2023-05-29,supplier_capacity
RMREV001255,RMPO005058,2023-05-23,2023-06-04,2023-07-01,raw_material_shortage
RMREV001256,RMPO005448,2023-05-23,2023-06-08,2023-06-09,expedite_missed
RMREV001257,RMPO005605,2023-05-23,2023-05-25,2023-05-27,raw_material_shortage
RMREV001258,RMPO005630,2023-05-23,2023-05-27,2023-06-01,supplier_capacity
RMREV001259,RMPO005748,2023-05-23,2023-05-28,2023-05-29,production_issue
RMREV001260,RMPO003574,2023-05-24,2023-05-23,2023-05-26,expedite_missed
RMREV001261,RMPO003665,2023-05-24,2023-06-04,2023-06-06,supplier_capacity
RMREV001262,RMPO003714,2023-05-24,2023-05-26,2023-06-17,carrier_delay
RMREV001263,RMPO003714,2023-05-24,2023-06-17,2023-06-11,expedite
RMREV001264,RMPO003832,2023-05-24,2023-05-31,2023-06-14,raw_material_shortage
RMREV001265,RMPO003883,2023-05-24,2023-05-26,2023-06-05,expedite_missed
RMREV001266,RMPO004042,2023-05-24,2023-06-04,2023-06-08,raw_material_shortage
RMREV001267,RMPO004571,2023-05-24,2023-05-31,2023-06-13,production_issue
RMREV001268,RMPO004571,2023-05-24,2023-06-13,2023-06-06,expedite
RMREV001269,RMPO004798,2023-05-24,2023-05-25,2023-06-04,raw_material_shortage
RMREV001270,RMPO005059,2023-05-24,2023-06-03,2023-06-26,carrier_delay
RMREV001271,RMPO005398,2023-05-24,2023-06-02,2023-06-04,raw_material_shortage
RMREV001272,RMPO003822,2023-05-25,2023-05-26,2023-06-02,production_issue
RMREV001273,RMPO003900,2023-05-25,2023-05-26,2023-06-02,carrier_delay
RMREV001274,RMPO004026,2023-05-25,2023-06-05,2023-06-09,supplier_capacity
RMREV001275,RMPO004633,2023-05-25,2023-05-29,2023-05-31,supplier_capacity
RMREV001276,RMPO004909,2023-05-25,2023-06-04,2023-06-06,raw_material_shortage
RMREV001277,RMPO005122,2023-05-25,2023-05-31,2023-06-03,raw_material_shortage
RMREV001278,RMPO005065,2023-05-26,2023-06-01,2023-06-04,raw_material_shortage
RMREV001279,RMPO005311,2023-05-26,2023-06-07,2023-06-08,production_issue
RMREV001280,RMPO005508,2023-05-26,2023-05-31,2023-06-20,raw_material_shortage
RMREV001281,RMPO005508,2023-05-26,2023-06-20,2023-06-17,expedite
RMREV001282,RMPO005749,2023-05-26,2023-06-01,2023-06-02,supplier_capacity
RMREV001283,RMPO003531,2023-05-27,2023-05-29,2023-06-04,carrier_delay
RMREV001284,RMPO004075,2023-05-27,2023-06-08,2023-06-21,production_issue
RMREV001285,RMPO004092,2023-05-27,2023-05-24,2023-05-30,production_issue
RMREV001286,RMPO004698,2023-05-27,2023-05-31,2023-06-05,carrier_delay
RMREV001287,RMPO005389,2023-05-27,2023-06-04,2023-06-05,raw_material_shortage
RMREV001288,RMPO005652,2023-05-27,2023-06-06,2023-06-10,carrier_delay
RMREV001289,RMPO005747,2023-05-27,2023-05-31,2023-06-01,supplier_capacity
RMREV001290,RMPO003573,2023-05-28,2023-05-31,2023-06-08,expedite_missed
RMREV001291,RMPO004908,2023-05-28,2023-06-07,2023-06-09,raw_material_shortage
RMREV001292,RMPO005511,2023-05-28,2023-06-02,2023-06-05,production_issue
RMREV001293,RMPO005511,2023-05-28,2023-06-05,2023-06-02,expedite
RMREV001294,RMPO005715,2023-05-28,2023-06-02,2023-06-05,production_issue
RMREV001295,RMPO004148,2023-05-29,2023-06-01,2023-06-06,production_issue
RMREV001296,RMPO004824,2023-05-29,2023-06-07,2023-06-28,supplier_capacity
RMREV001297,RMPO004824,2023-05-29,2023-06-28,2023-06-20,expedite
RMREV001298,RMPO005062,2023-05-29,2023-06-10,2023-06-26,supplier_capacity
RMREV001299,RMPO005062,2023-05-29,2023-06-26,2023-06-22,expedite
RMREV001300,RMPO005418,2023-05-29,2023-05-30,2023-06-02,production_issue
RMREV001301,RMPO005511,2023-05-29,2023-06-02,2023-06-05,expedite_missed
RMREV001302,RMPO004336,2023-05-30,2023-06-02,2023-06-07,production_issue
RMREV001303,RMPO004633,2023-05-30,2023-05-31,2023-06-02,supplier_capacity
RMREV001304,RMPO004841,2023-05-30,2023-06-07,2023-06-22,carrier_delay
RMREV001305,RMPO005418,2023-05-30,2023-06-02,2023-06-05,production_issue
RMREV001306,RMPO005559,2023-05-30,2023-06-04,2023-06-11,carrier_delay
RMREV001307,RMPO005879,2023-05-30,2023-06-09,2023-06-13,supplier_capacity
RMREV001308,RMPO005982,2023-05-30,2023-06-10,2023-06-13,production_issue
RMREV001309,RMPO005987,2023-05-30,2023-06-07,2023-06-09,quality_hold_at_supplier
RMREV001310,RMPO006034,2023-05-30,2023-06-08,2023-06-11,carrier_delay
RMREV001311,RMPO004025,2023-05-31,2023-06-01,2023-06-10,production_issue
RMREV001312,RMPO004025,2023-05-31,2023-06-10,2023-06-03,expedite
RMREV001313,RMPO004911,2023-05-31,2023-06-04,2023-06-06,raw_material_shortage
RMREV001314,RMPO005061,2023-05-31,2023-06-04,2023-06-17,production_issue
RMREV001315,RMPO004705,2023-06-01,2023-06-04,2023-06-08,carrier_delay
RMREV001316,RMPO004781,2023-06-01,2023-06-04,2023-06-20,raw_material_shortage
RMREV001317,RMPO005065,2023-06-01,2023-06-04,2023-06-06,raw_material_shortage
RMREV001318,RMPO005547,2023-06-01,2023-06-08,2023-06-10,raw_material_shortage
RMREV001319,RMPO004024,2023-06-02,2023-06-05,2023-06-14,carrier_delay
RMREV001320,RMPO004043,2023-06-02,2023-06-05,2023-06-11,raw_material_shortage
RMREV001321,RMPO004219,2023-06-02,2023-06-05,2023-06-13,production_issue
RMREV001322,RMPO004347,2023-06-02,2023-06-09,2023-06-18,production_issue
RMREV001323,RMPO005207,2023-06-02,2023-06-06,2023-06-13,carrier_delay
RMREV001324,RMPO005439,2023-06-02,2023-06-14,2023-06-16,supplier_capacity
RMREV001325,RMPO005453,2023-06-02,2023-06-11,2023-06-14,production_issue
RMREV001326,RMPO005654,2023-06-02,2023-06-11,2023-06-16,supplier_capacity
RMREV001327,RMPO005983,2023-06-02,2023-06-13,2023-06-16,carrier_delay
RMREV001328,RMPO004486,2023-06-03,2023-06-04,2023-06-08,supplier_capacity
RMREV001329,RMPO004630,2023-06-03,2023-05-28,2023-06-04,supplier_capacity
RMREV001330,RMPO005064,2023-06-03,2023-06-05,2023-06-06,production_issue
RMREV001331,RMPO005088,2023-06-03,2023-06-14,2023-06-19,production_issue
RMREV001332,RMPO005091,2023-06-03,2023-06-06,2023-06-13,production_issue
RMREV001333,RMPO005091,2023-06-03,2023-06-13,2023-06-05,expedite
RMREV001334,RMPO005166,2023-06-03,2023-06-07,2023-06-08,supplier_capacity
RMREV001335,RMPO005389,2023-06-03,2023-06-05,2023-06-06,raw_material_shortage
RMREV001336,RMPO005666,2023-06-03,2023-06-12,2023-06-13,carrier_delay
RMREV001337,RMPO004042,2023-06-04,2023-06-08,2023-06-10,raw_material_shortage
RMREV001338,RMPO004346,2023-06-04,2023-06-09,2023-06-18,raw_material_shortage
RMREV001339,RMPO004693,2023-06-04,2023-06-05,2023-06-10,carrier_delay
RMREV001340,RMPO004698,2023-06-04,2023-06-05,2023-06-09,carrier_delay
RMREV001341,RMPO005166,2023-06-04,2023-06-08,2023-06-10,supplier_capacity
RMREV001342,RMPO005724,2023-06-04,2023-06-13,2023-06-19,carrier_delay
RMREV001343,RMPO004041,2023-06-05,2023-06-07,2023-06-09,carrier_delay
RMREV001344,RMPO004171,2023-06-05,2023-06-09,2023-06-25,production_issue
RMREV001345,RMPO004171,2023-06-05,2023-06-25,2023-06-22,expedite
RMREV001346,RMPO005436,2023-06-05,2023-06-12,2023-06-16,supplier_capacity
RMREV001347,RMPO005801,2023-06-05,2023-06-16,2023-06-28,severe_weather
RMREV001348,RMPO005167,2023-06-06,2023-06-08,2023-06-11,supplier_capacity
RMREV001349,RMPO005249,2023-06-06,2023-06-18,2023-06-21,carrier_delay
RMREV001350,RMPO005339,2023-06-06,2023-06-17,2023-06-26,severe_weather
RMREV001351,RMPO005653,2023-06-06,2023-06-08,2023-06-13,supplier_capacity
RMREV001352,RMPO004171,2023-06-07,2023-06-22,2023-06-23,expedite_missed
RMREV001353,RMPO004336,2023-06-07,2023-06-07,2023-06-12,production_issue
RMREV001354,RMPO004486,2023-06-07,2023-06-08,2023-06-10,supplier_capacity
RMREV001355,RMPO004599,2023-06-07,2023-06-08,2023-06-09,production_issue
RMREV001356,RMPO005064,2023-06-07,2023-06-06,2023-06-08,production_issue
RMREV001357,RMPO005401,2023-06-07,2023-06-19,2023-06-24,severe_weather
RMREV001358,RMPO005436,2023-06-07,2023-06-16,2023-06-19,supplier_capacity
RMREV001359,RMPO005985,2023-06-07,2023-06-12,2023-06-14,production_issue
RMREV001360,RMPO004041,2023-06-08,2023-06-09,2023-06-13,carrier_delay
RMREV001361,RMPO004405,2023-06-08,2023-06-14,2023-06-23,raw_material_shortage
RMREV001362,RMPO004503,2023-06-08,2023-06-20,2023-06-25,production_issue
RMREV001363,RMPO004600,2023-06-08,2023-06-12,2023-06-13,supplier_capacity
RMREV001364,RMPO005167,2023-06-08,2023-06-11,2023-06-12,supplier_capacity
RMREV001365,RMPO005311,2023-06-08,2023-06-08,2023-06-09,production_issue
RMREV001366,RMPO005744,2023-06-08,2023-06-13,2023-06-14,production_issue
RMREV001367,RMPO005985,2023-06-08,2023-06-14,2023-06-15,production_issue
RMREV001368,RMPO006189,2023-06-08,2023-06-20,2023-06-28,severe_weather
RMREV001369,RMPO006215,2023-06-08,2023-06-20,2023-07-01,severe_weather
RMREV001370,RMPO006306,2023-06-08,2023-06-20,2023-06-24,raw_material_shortage
RMREV001371,RMPO004315,2023-06-09,2023-06-15,2023-06-24,raw_material_shortage
RMREV001372,RMPO004571,2023-06-09,2023-06-06,2023-06-12,expedite_missed
RMREV001373,RMPO004576,2023-06-09,2023-06-14,2023-06-17,supplier_capacity
RMREV001374,RMPO004621,2023-06-09,2023-06-18,2023-06-23,severe_weather
RMREV001375,RMPO005402,2023-06-09,2023-06-19,2023-06-27,severe_weather
RMREV001376,RMPO005984,2023-06-09,2023-06-15,2023-06-18,production_issue
RMREV001377,RMPO005399,2023-06-10,2023-06-20,2023-06-28,severe_weather
RMREV001378,RMPO005593,2023-06-10,2023-06-20,2023-07-01,severe_weather
RMREV001379,RMPO005604,2023-06-10,2023-06-21,2023-07-01,carrier_delay
RMREV001380,RMPO005679,2023-06-10,2023-06-20,2023-06-21,production_issue
RMREV001381,RMPO005821,2023-06-10,2023-06-17,2023-06-29,severe_weather
RMREV001382,RMPO004404,2023-06-11,2023-06-14,2023-06-23,supplier_capacity
RMREV001383,RMPO004416,2023-06-11,2023-06-13,2023-06-20,carrier_delay
RMREV001384,RMPO005235,2023-06-11,2023-06-21,2023-07-05,carrier_delay
RMREV001385,RMPO005383,2023-06-11,2023-06-21,2023-06-29,raw_material_shortage
RMREV001386,RMPO005438,2023-06-11,2023-06-12,2023-06-14,supplier_capacity
RMREV001387,RMPO005835,2023-06-11,2023-06-14,2023-06-16,carrier_delay
RMREV001388,RMPO006263,2023-06-11,2023-06-18,2023-06-21,carrier_delay
RMREV001389,RMPO004257,2023-06-12,2023-06-16,2023-06-25,severe_weather
RMREV001390,RMPO004575,2023-06-12,2023-06-22,2023-06-28,severe_weather
RMREV001391,RMPO004705,2023-06-12,2023-06-08,2023-06-14,carrier_delay
RMREV001392,RMPO005705,2023-06-12,2023-06-20,2023-06-22,supplier_capacity
RMREV001393,RMPO006247,2023-06-12,2023-06-22,2023-06-25,raw_material_shortage
RMREV001394,RMPO006290,2023-06-12,2023-06-14,2023-06-15,supplier_capacity
RMREV001395,RMPO004545,2023-06-13,2023-06-24,2023-06-25,carrier_delay
RMREV001396,RMPO004836,2023-06-13,2023-06-22,2023-06-27,raw_material_shortage
RMREV001397,RMPO005117,2023-06-13,2023-06-25,2023-07-05,severe_weather
RMREV001398,RMPO005416,2023-06-13,2023-06-16,2023-06-29,severe_weather
RMREV001399,RMPO005735,2023-06-13,2023-06-19,2023-06-25,supplier_capacity
RMREV001400,RMPO005802,2023-06-13,2023-06-17,2023-06-27,severe_weather
RMREV001401,RMPO005875,2023-06-13,2023-06-22,2023-06-27,severe_weather
RMREV001402,RMPO006091,2023-06-13,2023-06-24,2023-07-01,severe_weather
RMREV001403,RMPO006188,2023-06-13,2023-06-25,2023-06-29,severe_weather
RMREV001404,RMPO006251,2023-06-13,2023-06-16,2023-06-26,severe_weather
RMREV001405,RMPO006534,2023-06-13,2023-06-21,2023-06-27,severe_weather
RMREV001406,RMPO006535,2023-06-13,2023-06-21,2023-06-30,severe_weather
RMREV001407,RMPO004546,2023-06-14,2023-06-21,2023-06-22,carrier_delay
RMREV001408,RMPO004621,2023-06-14,2023-06-23,2023-06-29,severe_weather
RMREV001409,RMPO005438,2023-06-14,2023-06-14,2023-06-17,supplier_capacity
RMREV001410,RMPO005577,2023-06-14,2023-06-22,2023-07-04,severe_weather
RMREV001411,RMPO005591,2023-06-14,2023-06-18,2023-06-21,severe_weather
RMREV001412,RMPO005799,2023-06-14,2023-06-21,2023-06-25,supplier_capacity
RMREV001413,RMPO005800,2023-06-14,2023-06-19,2023-06-28,severe_weather
RMREV001414,RMPO005835,2023-06-14,2023-06-16,2023-06-17,carrier_delay
RMREV001415,RMPO005924,2023-06-14,2023-06-18,2023-06-21,carrier_delay
RMREV001416,RMPO006003,2023-06-14,2023-06-20,2023-06-21,carrier_delay
RMREV001417,RMPO004586,2023-06-15,2023-06-22,2023-07-13,quality_hold_at_supplier
RMREV001418,RMPO004586,2023-06-15,2023-07-13,2023-07-06,expedite
RMREV001419,RMPO005775,2023-06-15,2023-06-21,2023-07-05,severe_weather
RMREV001420,RMPO005775,2023-06-15,2023-07-05,2023-06-28,expedite
RMREV001421,RMPO005870,2023-06-15,2023-06-23,2023-07-03,severe_weather
RMREV001422,RMPO006090,2023-06-15,2023-06-26,2023-06-30,severe_weather
RMREV001423,RMPO006217,2023-06-15,2023-06-18,2023-06-21,severe_weather
RMREV001424,RMPO005139,2023-06-16,2023-06-22,2023-06-24,supplier_capacity
RMREV001425,RMPO005669,2023-06-16,2023-06-26,2023-07-02,severe_weather
RMREV001426,RMPO005823,2023-06-16,2023-06-19,2023-06-26,severe_weather
RMREV001427,RMPO005873,2023-06-16,2023-06-25,2023-07-04,severe_weather
RMREV001428,RMPO005968,2023-06-16,2023-06-27,2023-06-28,supplier_capacity
RMREV001429,RMPO005971,2023-06-16,2023-06-28,2023-07-02,supplier_capacity
RMREV001430,RMPO005984,2023-06-16,2023-06-18,2023-06-19,production_issue
RMREV001431,RMPO006003,2023-06-16,2023-06-21,2023-06-23,carrier_delay
RMREV001432,RMPO006027,2023-06-16,2023-06-20,2023-06-28,raw_material_shortage
RMREV001433,RMPO006216,2023-06-16,2023-06-20,2023-06-24,severe_weather
RMREV001434,RMPO006305,2023-06-16,2023-06-22,2023-06-26,supplier_capacity
RMREV001435,RMPO006536,2023-06-16,2023-06-25,2023-07-04,severe_weather
RMREV001436,RMPO004219,2023-06-17,2023-06-13,2023-06-22,production_issue
RMREV001437,RMPO004875,2023-06-17,2023-06-23,2023-06-26,supplier_capacity
RMREV001438,RMPO005000,2023-06-17,2023-06-29,2023-07-04,raw_material_shortage
RMREV001439,RMPO005327,2023-06-17,2023-06-18,2023-06-23,severe_weather
RMREV001440,RMPO005578,2023-06-17,2023-06-23,2023-07-05,severe_weather
RMREV001441,RMPO004516,2023-06-18,2023-06-23,2023-07-28,severe_weather
RMREV001442,RMPO004544,2023-06-18,2023-06-24,2023-07-02,supplier_capacity
RMREV001443,RMPO004622,2023-06-18,2023-06-19,2023-06-30,severe_weather
RMREV001444,RMPO004848,2023-06-18,2023-06-29,2023-07-01,severe_weather
RMREV001445,RMPO004856,2023-06-18,2023-06-24,2023-07-13,carrier_delay
RMREV001446,RMPO005249,2023-06-18,2023-06-21,2023-06-24,carrier_delay
RMREV001447,RMPO005775,2023-06-18,2023-06-28,2023-07-03,expedite_missed
RMREV001448,RMPO006580,2023-06-18,2023-06-27,2023-06-29,raw_material_shortage
RMREV001449,RMPO004849,2023-06-19,2023-06-21,2023-07-02,severe_weather
RMREV001450,RMPO005112,2023-06-19,2023-06-28,2023-07-09,severe_weather
RMREV001451,RMPO005115,2023-06-19,2023-06-28,2023-07-09,severe_weather
RMREV001452,RMPO005327,2023-06-19,2023-06-23,2023-06-24,severe_weather
RMREV001453,RMPO005705,2023-06-19,2023-06-22,2023-06-23,supplier_capacity
RMREV001454,RMPO005858,2023-06-19,2023-06-29,2023-07-07,severe_weather
RMREV001455,RMPO006027,2023-06-19,2023-06-28,2023-07-05,raw_material_shortage
RMREV001456,RMPO006089,2023-06-19,2023-06-23,2023-06-27,severe_weather
RMREV001457,RMPO006338,2023-06-19,2023-06-30,2023-07-09,severe_weather
RMREV001458,RMPO006505,2023-06-19,2023-06-25,2023-07-01,severe_weather
RMREV001459,RMPO006533,2023-06-19,2023-06-21,2023-06-22,production_issue
RMREV001460,RMPO006574,2023-06-19,2023-06-21,2023-06-24,raw_material_shortage
RMREV001461,RMPO004574,2023-06-20,2023-06-22,2023-06-28,severe_weather
RMREV001462,RMPO004879,2023-06-20,2023-06-25,2023-06-29,severe_weather
RMREV001463,RMPO005236,2023-06-20,2023-06-26,2023-07-02,production_issue
RMREV001464,RMPO005591,2023-06-20,2023-06-21,2023-06-25,severe_weather
RMREV001465,RMPO005593,2023-06-20,2023-07-01,2023-07-04,severe_weather
RMREV001466,RMPO005737,2023-06-20,2023-06-27,2023-07-03,raw_material_shortage
RMREV001467,RMPO005871,2023-06-20,2023-06-21,2023-07-01,severe_weather
RMREV001468,RMPO005871,2023-06-20,2023-07-01,2023-06-24,expedite
RMREV001469,RMPO005997,2023-06-20,2023-07-02,2023-07-05,supplier_capacity
RMREV001470,RMPO006364,2023-06-20,2023-06-28,2023-07-07,severe_weather
RMREV001471,RMPO006573,2023-06-20,2023-06-22,2023-06-26,carrier_delay
RMREV001472,RMPO006703,2023-06-20,2023-06-25,2023-06-27,supplier_capacity
RMREV001473,RMPO006817,2023-06-20,2023-06-28,2023-07-04,severe_weather
RMREV001474,RMPO006818,2023-06-20,2023-06-27,2023-07-03,severe_weather
RMREV001475,RMPO006819,2023-06-20,2023-06-29,2023-07-10,severe_weather
RMREV001476,RMPO006847,2023-06-20,2023-06-28,2023-06-29,supplier_capacity
RMREV001477,RMPO004875,2023-06-21,2023-06-26,2023-06-30,supplier_capacity
RMREV001478,RMPO004998,2023-06-21,2023-06-29,2023-07-06,supplier_capacity
RMREV001479,RMPO005113,2023-06-21,2023-06-23,2023-06-29,severe_weather
RMREV001480,RMPO005153,2023-06-21,2023-07-02,2023-07-07,severe_weather
RMREV001481,RMPO005154,2023-06-21,2023-07-02,2023-07-06,severe_weather
RMREV001482,RMPO005400,2023-06-21,2023-06-23,2023-06-28,severe_weather
RMREV001483,RMPO005401,2023-06-21,2023-06-24,2023-06-28,severe_weather
RMREV001484,RMPO005874,2023-06-21,2023-06-23,2023-07-04,severe_weather
RMREV001485,RMPO005875,2023-06-21,2023-06-27,2023-07-02,severe_weather
RMREV001486,RMPO006217,2023-06-21,2023-06-21,2023-06-22,severe_weather
RMREV001487,RMPO006268,2023-06-21,2023-06-27,2023-06-30,supplier_capacity
RMREV001488,RMPO004847,2023-06-22,2023-06-29,2023-07-05,severe_weather
RMREV001489,RMPO005116,2023-06-22,2023-06-28,2023-07-08,severe_weather
RMREV001490,RMPO005236,2023-06-22,2023-07-02,2023-07-09,production_issue
RMREV001491,RMPO006200,2023-06-22,2023-06-27,2023-07-01,production_issue
RMREV001492,RMPO004857,2023-06-23,2023-06-26,2023-07-15,supplier_capacity
RMREV001493,RMPO004857,2023-06-23,2023-07-15,2023-07-10,expedite
RMREV001494,RMPO004882,2023-06-23,2023-07-01,2023-07-07,production_issue
RMREV001495,RMPO005158,2023-06-23,2023-07-02,2023-07-06,severe_weather
RMREV001496,RMPO005506,2023-06-23,2023-07-02,2023-07-07,carrier_delay
RMREV001497,RMPO005506,2023-06-23,2023-07-07,2023-07-04,expedite
RMREV001498,RMPO005590,2023-06-23,2023-06-24,2023-07-06,severe_weather
RMREV001499,RMPO005859,2023-06-23,2023-06-26,2023-07-04,severe_weather
RMREV001500,RMPO005949,2023-06-23,2023-06-30,2023-07-11,severe_weather
RMREV001501,RMPO006090,2023-06-23,2023-06-30,2023-07-04,severe_weather
RMREV001502,RMPO006145,2023-06-23,2023-07-03,2023-07-07,severe_weather
RMREV001503,RMPO006210,2023-06-23,2023-07-04,2023-07-07,production_issue
RMREV001504,RMPO006534,2023-06-23,2023-06-27,2023-07-02,severe_weather
RMREV001505,RMPO006768,2023-06-23,2023-07-02,2023-07-06,severe_weather
RMREV001506,RMPO006815,2023-06-23,2023-07-04,2023-07-07,raw_material_shortage
RMREV001507,RMPO004976,2023-06-24,2023-06-27,2023-07-04,production_issue
RMREV001508,RMPO005361,2023-06-24,2023-06-25,2023-07-04,production_issue
RMREV001509,RMPO005536,2023-06-24,2023-07-06,2023-07-07,supplier_capacity
RMREV001510,RMPO005759,2023-06-24,2023-06-28,2023-07-04,raw_material_shortage
RMREV001511,RMPO005976,2023-06-24,2023-06-28,2023-07-04,supplier_capacity
RMREV001512,RMPO006138,2023-06-24,2023-07-02,2023-07-14,severe_weather
RMREV001513,RMPO006190,2023-06-24,2023-06-25,2023-07-08,severe_weather
RMREV001514,RMPO006190,2023-06-24,2023-07-08,2023-07-02,expedite
RMREV001515,RMPO006258,2023-06-24,2023-07-04,2023-07-07,production_issue
RMREV001516,RMPO006362,2023-06-24,2023-06-28,2023-07-09,severe_weather
RMREV001517,RMPO006406,2023-06-24,2023-07-04,2023-07-05,carrier_delay
RMREV001518,RMPO004845,2023-06-25,2023-06-29,2023-07-14,severe_weather
RMREV001519,RMPO005139,2023-06-25,2023-06-24,2023-06-27,supplier_capacity
RMREV001520,RMPO005552,2023-06-25,2023-07-03,2023-07-05,raw_material_shortage
RMREV001521,RMPO005583,2023-06-25,2023-07-03,2023-07-13,carrier_delay
RMREV001522,RMPO005766,2023-06-25,2023-07-05,2023-07-16,carrier_delay
RMREV001523,RMPO006140,2023-06-25,2023-07-02,2023-07-15,severe_weather
RMREV001524,RMPO006214,2023-06-25,2023-07-04,2023-07-22,severe_weather
RMREV001525,RMPO006259,2023-06-25,2023-07-03,2023-07-04,carrier_delay
RMREV001526,RMPO006474,2023-06-25,2023-06-29,2023-07-11,severe_weather
RMREV001527,RMPO006476,2023-06-25,2023-06-27,2023-07-07,severe_weather
RMREV001528,RMPO006476,2023-06-25,2023-07-07,2023-07-04,expedite
RMREV001529,RMPO006648,2023-06-25,2023-07-05,2023-07-17,severe_weather
RMREV001530,RMPO006758,2023-06-25,2023-07-04,2023-07-14,severe_weather
RMREV001531,RMPO004796,2023-06-26,2023-07-04,2023-07-12,severe_weather
RMREV001532,RMPO004855,2023-06-26,2023-06-29,2023-07-19,carrier_delay
RMREV001533,RMPO005164,2023-06-26,2023-07-06,2023-07-08,supplier_capacity
RMREV001534,RMPO005387,2023-06-26,2023-07-05,2023-07-09,severe_weather
RMREV001535,RMPO005720,2023-06-26,2023-07-03,2023-07-09,carrier_delay
RMREV001536,RMPO005721,2023-06-26,2023-07-05,2023-07-11,supplier_capacity
RMREV001537,RMPO005721,2023-06-26,2023-07-11,2023-07-07,expedite
RMREV001538,RMPO005969,2023-06-26,2023-06-28,2023-06-30,supplier_capacity
RMREV001539,RMPO006012,2023-06-26,2023-06-28,2023-07-03,raw_material_shortage
RMREV001540,RMPO006475,2023-06-26,2023-07-02,2023-07-09,severe_weather
RMREV001541,RMPO006501,2023-06-26,2023-07-06,2023-07-07,supplier_capacity
RMREV001542,RMPO006532,2023-06-26,2023-06-24,2023-07-11,severe_weather
RMREV001543,RMPO006532,2023-06-26,2023-07-11,2023-07-07,expedite
RMREV001544,RMPO004786,2023-06-27,2023-07-01,2023-07-08,supplier_capacity
RMREV001545,RMPO005156,2023-06-27,2023-07-01,2023-07-10,severe_weather
RMREV001546,RMPO005936,2023-06-27,2023-07-03,2023-07-07,severe_weather
RMREV001547,RMPO005974,2023-06-27,2023-06-29,2023-07-05,supplier_capacity
RMREV001548,RMPO006089,2023-06-27,2023-06-27,2023-07-01,severe_weather
RMREV001549,RMPO006268,2023-06-27,2023-06-30,2023-07-01,supplier_capacity
RMREV001550,RMPO006416,2023-06-27,2023-07-06,2023-07-16,severe_weather
RMREV001551,RMPO006988,2023-06-27,2023-07-05,2023-07-08,supplier_capacity
RMREV001552,RMPO006991,2023-06-27,2023-07-07,2023-07-08,supplier_capacity
RMREV001553,RMPO007074,2023-06-27,2023-07-05,2023-07-12,severe_weather
RMREV001554,RMPO007117,2023-06-27,2023-07-05,2023-07-07,carrier_delay
RMREV001555,RMPO005110,2023-06-28,2023-07-06,2023-07-13,severe_weather
RMREV001556,RMPO005111,2023-06-28,2023-07-07,2023-07-14,severe_weather
RMREV001557,RMPO005489,2023-06-28,2023-07-03,2023-07-08,severe_weather
RMREV001558,RMPO005650,2023-06-28,2023-07-07,2023-07-11,severe_weather
RMREV001559,RMPO005671,2023-06-28,2023-07-07,2023-07-11,production_issue
RMREV001560,RMPO005863,2023-06-28,2023-07-10,2023-07-15,raw_material_shortage
RMREV001561,RMPO005968,2023-06-28,2023-06-28,2023-06-30,supplier_capacity
RMREV001562,RMPO006141,2023-06-28,2023-06-29,2023-07-11,severe_weather
RMREV001563,RMPO006452,2023-06-28,2023-06-29,2023-06-30,supplier_capacity
RMREV001564,RMPO006767,2023-06-28,2023-07-04,2023-07-08,severe_weather
RMREV001565,RMPO006767,2023-06-28,2023-07-08,2023-07-02,expedite
RMREV001566,RMPO007003,2023-06-28,2023-07-01,2023-07-04,carrier_delay
RMREV001567,RMPO007116,2023-06-28,2023-07-07,2023-07-09,production_issue
RMREV001568,RMPO004879,2023-06-29,2023-06-29,2023-07-01,severe_weather
RMREV001569,RMPO005422,2023-06-29,2023-07-10,2023-07-20,severe_weather
RMREV001570,RMPO005506,2023-06-29,2023-07-04,2023-07-07,expedite_missed
RMREV001571,RMPO005688,2023-06-29,2023-07-11,2023-07-15,raw_material_shortage
RMREV001572,RMPO006239,2023-06-29,2023-07-03,2023-07-06,supplier_capacity
RMREV001573,RMPO006241,2023-06-29,2023-07-09,2023-07-12,supplier_capacity
RMREV001574,RMPO006415,2023-06-29,2023-07-09,2023-07-19,severe_weather
RMREV001575,RMPO006423,2023-06-29,2023-07-06,2023-07-18,severe_weather
RMREV001576,RMPO006424,2023-06-29,2023-07-06,2023-07-10,severe_weather
RMREV001577,RMPO006452,2023-06-29,2023-06-30,2023-07-01,supplier_capacity
RMREV001578,RMPO005113,2023-06-30,2023-06-29,2023-07-03,severe_weather
RMREV001579,RMPO005386,2023-06-30,2023-07-05,2023-07-15,severe_weather
RMREV001580,RMPO005421,2023-06-30,2023-07-09,2023-07-19,severe_weather
RMREV001581,RMPO005476,2023-06-30,2023-07-12,2023-07-24,carrier_delay
RMREV001582,RMPO005969,2023-06-30,2023-06-30,2023-07-02,supplier_capacity
RMREV001583,RMPO006130,2023-06-30,2023-07-03,2023-07-08,severe_weather
RMREV001584,RMPO006188,2023-06-30,2023-06-29,2023-07-01,severe_weather
RMREV001585,RMPO006363,2023-06-30,2023-07-01,2023-07-02,production_issue
RMREV001586,RMPO006402,2023-06-30,2023-07-04,2023-07-06,carrier_delay
RMREV001587,RMPO006475,2023-06-30,2023-07-09,2023-07-14,severe_weather
RMREV001588,RMPO006495,2023-06-30,2023-07-09,2023-07-19,carrier_delay
RMREV001589,RMPO006767,2023-06-30,2023-07-02,2023-07-05,expedite_missed
RMREV001590,RMPO006875,2023-06-30,2023-06-30,2023-07-14,severe_weather
RMREV001591,RMPO006875,2023-06-30,2023-07-14,2023-07-07,expedite
RMREV001592,RMPO006990,2023-06-30,2023-07-09,2023-07-10,supplier_capacity
RMREV001593,RMPO007002,2023-06-30,2023-07-07,2023-07-11,supplier_capacity
RMREV001594,RMPO005157,2023-07-01,2023-07-06,2023-07-15,severe_weather
RMREV001595,RMPO005553,2023-07-01,2023-07-03,2023-07-05,production_issue
RMREV001596,RMPO005750,2023-07-01,2023-07-10,2023-07-14,severe_weather
RMREV001597,RMPO005937,2023-07-01,2023-07-05,2023-07-13,severe_weather
RMREV001598,RMPO005999,2023-07-01,2023-07-02,2023-07-03,raw_material_shortage
RMREV001599,RMPO006363,2023-07-01,2023-07-02,2023-07-03,production_issue
RMREV001600,RMPO006400,2023-07-01,2023-07-10,2023-07-14,severe_weather
RMREV001601,RMPO006524,2023-07-01,2023-07-11,2023-07-17,supplier_capacity
RMREV001602,RMPO007077,2023-07-01,2023-07-06,2023-07-17,severe_weather
RMREV001603,RMPO005155,2023-07-02,2023-07-05,2023-07-07,severe_weather
RMREV001604,RMPO005158,2023-07-02,2023-07-06,2023-07-10,severe_weather
RMREV001605,RMPO005424,2023-07-02,2023-07-08,2023-07-12,severe_weather
RMREV001606,RMPO005490,2023-07-02,2023-07-03,2023-07-09,severe_weather
RMREV001607,RMPO006168,2023-07-02,2023-07-04,2023-07-17,carrier_delay
RMREV001608,RMPO006210,2023-07-02,2023-07-07,2023-07-10,production_issue
RMREV001609,RMPO006318,2023-07-02,2023-07-05,2023-07-09,production_issue
RMREV001610,RMPO006418,2023-07-02,2023-07-12,2023-07-18,raw_material_shortage
RMREV001611,RMPO006649,2023-07-02,2023-07-05,2023-07-17,severe_weather
RMREV001612,RMPO006724,2023-07-02,2023-07-07,2023-07-09,raw_material_shortage
RMREV001613,RMPO006753,2023-07-02,2023-07-09,2023-07-21,severe_weather
RMREV001614,RMPO006815,2023-07-02,2023-07-07,2023-07-09,raw_material_shortage
RMREV001615,RMPO007134,2023-07-02,2023-07-11,2023-07-14,production_issue
RMREV001616,RMPO004848,2023-07-03,2023-07-01,2023-07-04,severe_weather
RMREV001617,RMPO005109,2023-07-03,2023-07-06,2023-07-13,severe_weather
RMREV001618,RMPO005489,2023-07-03,2023-07-08,2023-07-10,severe_weather
RMREV001619,RMPO005542,2023-07-03,2023-07-13,2023-07-15,carrier_delay
RMREV001620,RMPO006754,2023-07-03,2023-07-09,2023-07-14,severe_weather
RMREV001621,RMPO006813,2023-07-03,2023-07-09,2023-07-13,production_issue
RMREV001622,RMPO005124,2023-07-04,2023-07-05,2023-07-23,production_issue
RMREV001623,RMPO005154,2023-07-04,2023-07-06,2023-07-07,severe_weather
RMREV001624,RMPO005337,2023-07-04,2023-07-10,2023-07-14,severe_weather
RMREV001625,RMPO005537,2023-07-04,2023-07-09,2023-07-10,raw_material_shortage
RMREV001626,RMPO005570,2023-07-04,2023-07-12,2023-07-14,production_issue
RMREV001627,RMPO006420,2023-07-04,2023-07-09,2023-07-15,severe_weather
RMREV001628,RMPO006527,2023-07-04,2023-07-12,2023-07-15,supplier_capacity
RMREV001629,RMPO006629,2023-07-04,2023-07-08,2023-07-19,severe_weather
RMREV001630,RMPO006755,2023-07-04,2023-07-09,2023-07-13,severe_weather
RMREV001631,RMPO004998,2023-07-05,2023-07-06,2023-07-10,supplier_capacity
RMREV001632,RMPO005936,2023-07-05,2023-07-07,2023-07-12,severe_weather
RMREV001633,RMPO006277,2023-07-05,2023-07-13,2023-07-21,carrier_delay
RMREV001634,RMPO006417,2023-07-05,2023-07-09,2023-07-12,production_issue
RMREV001635,RMPO006419,2023-07-05,2023-07-09,2023-07-13,severe_weather
RMREV001636,RMPO006476,2023-07-05,2023-07-04,2023-07-07,expedite_missed
RMREV001637,RMPO006497,2023-07-05,2023-07-08,2023-07-17,production_issue
RMREV001638,RMPO006501,2023-07-05,2023-07-07,2023-07-08,supplier_capacity
RMREV001639,RMPO006532,2023-07-05,2023-07-07,2023-07-09,expedite_missed
RMREV001640,RMPO006556,2023-07-05,2023-07-10,2023-07-23,supplier_capacity
RMREV001641,RMPO006757,2023-07-05,2023-07-09,2023-07-19,severe_weather
RMREV001642,RMPO005805,2023-07-06,2023-07-13,2023-07-21,carrier_delay
RMREV001643,RMPO006414,2023-07-06,2023-07-09,2023-07-13,severe_weather
RMREV001644,RMPO007134,2023-07-06,2023-07-14,2023-07-15,production_issue
RMREV001645,RMPO005863,2023-07-07,2023-07-15,2023-07-20,raw_material_shortage
RMREV001646,RMPO006129,2023-07-07,2023-07-10,2023-07-17,severe_weather
RMREV001647,RMPO006449,2023-07-07,2023-07-11,2023-07-16,supplier_capacity
RMREV001648,RMPO006496,2023-07-07,2023-07-11,2023-07-16,production_issue
RMREV001649,RMPO006794,2023-07-07,2023-07-15,2023-07-16,carrier_delay
RMREV001650,RMPO006807,2023-07-07,2023-07-18,2023-07-21,supplier_capacity
RMREV001651,RMPO006963,2023-07-07,2023-07-18,2023-07-23,production_issue
RMREV001652,RMPO007344,2023-07-07,2023-07-11,2023-07-21,severe_weather
RMREV001653,RMPO006130,2023-07-08,2023-07-08,2023-07-10,severe_weather
RMREV001654,RMPO006674,2023-07-08,2023-07-11,2023-07-13,raw_material_shortage
RMREV001655,RMPO005155,2023-07-09,2023-07-07,2023-07-10,severe_weather
RMREV001656,RMPO006252,2023-07-09,2023-07-17,2023-07-23,production_issue
RMREV001657,RMPO006253,2023-07-09,2023-07-19,2023-07-25,production_issue
RMREV001658,RMPO006253,2023-07-09,2023-07-25,2023-07-17,expedite
RMREV001659,RMPO006726,2023-07-09,2023-07-10,2023-07-12,raw_material_shortage
RMREV001660,RMPO006793,2023-07-09,2023-07-13,2023-07-15,production_issue
RMREV001661,RMPO006810,2023-07-09,2023-07-21,2023-07-29,supplier_capacity
RMREV001662,RMPO006965,2023-07-09,2023-07-21,2023-08-04,supplier_capacity
RMREV001663,RMPO007076,2023-07-09,2023-07-05,2023-07-29,production_issue
RMREV001664,RMPO007076,2023-07-09,2023-07-29,2023-07-24,expedite
RMREV001665,RMPO005055,2023-07-10,2023-07-11,2023-07-14,severe_weather
RMREV001666,RMPO005424,2023-07-10,2023-07-12,2023-07-15,severe_weather
RMREV001667,RMPO005569,2023-07-10,2023-07-21,2023-08-03,raw_material_shortage
RMREV001668,RMPO005663,2023-07-10,2023-07-15,2023-07-23,carrier_delay
RMREV001669,RMPO005697,2023-07-10,2023-07-20,2023-07-31,carrier_delay
RMREV001670,RMPO006504,2023-07-10,2023-07-11,2023-07-21,severe_weather
RMREV001671,RMPO006521,2023-07-10,2023-07-13,2023-07-19,supplier_capacity
RMREV001672,RMPO006688,2023-07-10,2023-07-13,2023-07-15,raw_material_shortage
RMREV001673,RMPO006811,2023-07-10,2023-07-20,2023-07-29,supplier_capacity
RMREV001674,RMPO006821,2023-07-10,2023-07-17,2023-07-19,raw_material_shortage
RMREV001675,RMPO006964,2023-07-10,2023-07-21,2023-07-26,production_issue
RMREV001676,RMPO007053,2023-07-10,2023-07-22,2023-07-26,production_issue
RMREV001677,RMPO007265,2023-07-10,2023-07-19,2023-07-21,carrier_delay
RMREV001678,RMPO005960,2023-07-11,2023-07-22,2023-07-23,production_issue
RMREV001679,RMPO006662,2023-07-11,2023-07-12,2023-07-15,production_issue
RMREV001680,RMPO006809,2023-07-11,2023-07-19,2023-07-28,supplier_capacity
RMREV001681,RMPO007076,2023-07-11,2023-07-24,2023-07-25,expedite_missed
RMREV001682,RMPO007612,2023-07-11,2023-07-22,2023-07-25,production_issue
RMREV001683,RMPO005384,2023-07-12,2023-07-13,2023-07-18,carrier_delay
RMREV001684,RMPO006110,2023-07-12,2023-07-17,2023-07-23,carrier_delay
RMREV001685,RMPO006419,2023-07-12,2023-07-13,2023-07-15,severe_weather
RMREV001686,RMPO006726,2023-07-12,2023-07-12,2023-07-13,raw_material_shortage
RMREV001687,RMPO006808,2023-07-12,2023-07-19,2023-07-26,supplier_capacity
RMREV001688,RMPO005337,2023-07-13,2023-07-14,2023-07-18,severe_weather
RMREV001689,RMPO005772,2023-07-13,2023-07-23,2023-08-05,raw_material_shortage
RMREV001690,RMPO006417,2023-07-13,2023-07-12,2023-07-15,production_issue
RMREV001691,RMPO006794,2023-07-13,2023-07-16,2023-07-17,carrier_delay
RMREV001692,RMPO006806,2023-07-13,2023-07-19,2023-07-22,supplier_capacity
RMREV001693,RMPO005055,2023-07-14,2023-07-14,2023-07-17,severe_weather
RMREV001694,RMPO005662,2023-07-14,2023-07-19,2023-07-28,production_issue
RMREV001695,RMPO006179,2023-07-14,2023-07-26,2023-08-04,production_issue
RMREV001696,RMPO006466,2023-07-14,2023-07-22,2023-07-26,carrier_delay
RMREV001697,RMPO006962,2023-07-14,2023-07-17,2023-07-21,raw_material_shortage
RMREV001698,RMPO007082,2023-07-14,2023-07-24,2023-07-26,supplier_capacity
RMREV001699,RMPO007641,2023-07-14,2023-07-19,2023-07-23,carrier_delay
RMREV001700,RMPO007667,2023-07-14,2023-07-19,2023-07-27,carrier_delay
RMREV001701,RMPO005568,2023-07-15,2023-07-18,2023-07-28,production_issue
RMREV001702,RMPO006108,2023-07-15,2023-07-21,2023-07-29,production_issue
RMREV001703,RMPO006177,2023-07-15,2023-07-27,2023-08-05,supplier_capacity
RMREV001704,RMPO006177,2023-07-15,2023-08-05,2023-07-31,expedite
RMREV001705,RMPO006204,2023-07-15,2023-07-20,2023-07-25,carrier_delay
RMREV001706,RMPO007049,2023-07-15,2023-07-25,2023-07-26,supplier_capacity
RMREV001707,RMPO007189,2023-07-15,2023-07-19,2023-07-21,carrier_delay
RMREV001708,RMPO007640,2023-07-15,2023-07-19,2023-07-20,carrier_delay
RMREV001709,RMPO005588,2023-07-16,2023-07-17,2023-07-18,carrier_delay
RMREV001710,RMPO005588,2023-07-17,2023-07-18,2023-07-20,carrier_delay
RMREV001711,RMPO006205,2023-07-17,2023-07-21,2023-07-24,supplier_capacity
RMREV001712,RMPO006447,2023-07-17,2023-07-19,2023-07-22,raw_material_shortage
RMREV001713,RMPO006960,2023-07-17,2023-07-24,2023-07-30,production_issue
RMREV001714,RMPO005956,2023-07-18,2023-07-21,2023-08-04,production_issue
RMREV001715,RMPO005956,2023-07-18,2023-08-04,2023-07-31,expedite
RMREV001716,RMPO006178,2023-07-18,2023-07-26,2023-08-04,production_issue
RMREV001717,RMPO006369,2023-07-18,2023-07-26,2023-07-30,carrier_delay
RMREV001718,RMPO006369,2023-07-18,2023-07-30,2023-07-22,expedite
RMREV001719,RMPO006496,2023-07-18,2023-07-16,2023-07-22,production_issue
RMREV001720,RMPO006871,2023-07-18,2023-07-30,2023-08-02,raw_material_shortage
RMREV001721,RMPO006986,2023-07-18,2023-07-30,2023-08-04,carrier_delay
RMREV001722,RMPO006999,2023-07-18,2023-07-29,2023-08-04,supplier_capacity
RMREV001723,RMPO007773,2023-07-18,2023-07-22,2023-07-23,carrier_delay
RMREV001724,RMPO007775,2023-07-18,2023-07-21,2023-07-23,supplier_capacity
RMREV001725,RMPO006205,2023-07-19,2023-07-24,2023-07-26,supplier_capacity
RMREV001726,RMPO006223,2023-07-19,2023-07-29,2023-08-07,raw_material_shortage
RMREV001727,RMPO006273,2023-07-19,2023-07-28,2023-07-31,supplier_capacity
RMREV001728,RMPO006368,2023-07-19,2023-07-28,2023-07-30,raw_material_shortage
RMREV001729,RMPO006670,2023-07-19,2023-07-21,2023-07-22,carrier_delay
RMREV001730,RMPO006676,2023-07-19,2023-07-31,2023-08-09,carrier_delay
RMREV001731,RMPO006803,2023-07-19,2023-07-20,2023-07-26,supplier_capacity
RMREV001732,RMPO007096,2023-07-19,2023-07-24,2023-08-06,raw_material_shortage
RMREV001733,RMPO007096,2023-07-19,2023-08-06,2023-08-01,expedite
RMREV001734,RMPO007156,2023-07-19,2023-07-26,2023-07-28,carrier_delay
RMREV001735,RMPO007626,2023-07-19,2023-08-07,2023-08-10,raw_material_shortage
RMREV001736,RMPO005961,2023-07-20,2023-07-24,2023-07-25,raw_material_shortage
RMREV001737,RMPO006670,2023-07-20,2023-07-22,2023-07-24,carrier_delay
RMREV001738,RMPO007294,2023-07-20,2023-07-23,2023-07-24,carrier_delay
RMREV001739,RMPO007437,2023-07-20,2023-07-22,2023-07-24,raw_material_shortage
RMREV001740,RMPO007526,2023-07-20,2023-07-23,2023-07-26,raw_material_shortage
RMREV001741,RMPO007619,2023-07-20,2023-07-25,2023-07-30,supplier_capacity
RMREV001742,RMPO007640,2023-07-20,2023-07-20,2023-07-21,carrier_delay
RMREV001743,RMPO007774,2023-07-20,2023-07-22,2023-07-25,carrier_delay
RMREV001744,RMPO007776,2023-07-20,2023-07-22,2023-07-25,production_issue
RMREV001745,RMPO006469,2023-07-21,2023-08-02,2023-08-08,carrier_delay
RMREV001746,RMPO006959,2023-07-21,2023-07-27,2023-08-05,supplier_capacity
RMREV001747,RMPO007189,2023-07-21,2023-07-21,2023-07-24,carrier_delay
RMREV001748,RMPO007335,2023-07-21,2023-07-29,2023-08-04,supplier_capacity
RMREV001749,RMPO007847,2023-07-21,2023-07-26,2023-07-27,raw_material_shortage
RMREV001750,RMPO006068,2023-07-22,2023-07-27,2023-08-16,supplier_capacity
RMREV001751,RMPO006068,2023-07-22,2023-08-16,2023-08-11,expedite
RMREV001752,RMPO006206,2023-07-22,2023-07-24,2023-07-29,supplier_capacity
RMREV001753,RMPO006207,2023-07-22,2023-07-23,2023-07-26,carrier_delay
RMREV001754,RMPO006272,2023-07-22,2023-07-28,2023-08-09,supplier_capacity
RMREV001755,RMPO006470,2023-07-22,2023-07-31,2023-08-03,raw_material_shortage
RMREV001756,RMPO006513,2023-07-22,2023-07-28,2023-08-02,production_issue
RMREV001757,RMPO006513,2023-07-22,2023-08-02,2023-07-25,expedite
RMREV001758,RMPO006719,2023-07-22,2023-07-29,2023-08-05,carrier_delay
RMREV001759,RMPO007065,2023-07-22,2023-07-25,2023-08-04,supplier_capacity
RMREV001760,RMPO007334,2023-07-22,2023-08-03,2023-08-07,supplier_capacity
RMREV001761,RMPO007525,2023-07-22,2023-07-23,2023-07-24,supplier_capacity
RMREV001762,RMPO007721,2023-07-22,2023-07-24,2023-07-28,supplier_capacity
RMREV001763,RMPO006493,2023-07-23,2023-07-31,2023-08-11,supplier_capacity
RMREV001764,RMPO006493,2023-07-23,2023-08-11,2023-08-04,expedite
RMREV001765,RMPO006720,2023-07-23,2023-07-25,2023-08-01,raw_material_shortage
RMREV001766,RMPO006960,2023-07-23,2023-07-30,2023-08-01,production_issue
RMREV001767,RMPO006986,2023-07-23,2023-08-04,2023-08-06,carrier_delay
RMREV001768,RMPO007250,2023-07-23,2023-07-25,2023-08-01,supplier_capacity
RMREV001769,RMPO007332,2023-07-23,2023-07-31,2023-08-07,supplier_capacity
RMREV001770,RMPO007775,2023-07-23,2023-07-23,2023-07-24,supplier_capacity
RMREV001771,RMPO005964,2023-07-24,2023-07-27,2023-08-19,raw_material_shortage
RMREV001772,RMPO006054,2023-07-24,2023-07-28,2023-08-15,supplier_capacity
RMREV001773,RMPO006054,2023-07-24,2023-08-15,2023-08-07,expedite
RMREV001774,RMPO006177,2023-07-24,2023-07-31,2023-08-05,expedite_missed
RMREV001775,RMPO006367,2023-07-24,2023-07-27,2023-07-30,carrier_delay
RMREV001776,RMPO007328,2023-07-24,2023-08-03,2023-08-15,supplier_capacity
RMREV001777,RMPO007329,2023-07-24,2023-07-31,2023-08-11,supplier_capacity
RMREV001778,RMPO006871,2023-07-25,2023-08-02,2023-08-05,raw_material_shortage
RMREV001779,RMPO007436,2023-07-25,2023-08-03,2023-08-12,carrier_delay
RMREV001780,RMPO007526,2023-07-25,2023-07-26,2023-07-27,raw_material_shortage
RMREV001781,RMPO007708,2023-07-25,2023-08-02,2023-08-06,production_issue
RMREV001782,RMPO007805,2023-07-25,2023-08-01,2023-08-03,supplier_capacity
RMREV001783,RMPO008046,2023-07-25,2023-08-08,2023-08-10,supplier_capacity
RMREV001784,RMPO006224,2023-07-26,2023-07-30,2023-08-08,production_issue
RMREV001785,RMPO007511,2023-07-26,2023-08-06,2023-08-10,carrier_delay
RMREV001786,RMPO007844,2023-07-26,2023-07-29,2023-07-30,production_issue
RMREV001787,RMPO007884,2023-07-26,2023-07-29,2023-08-11,supplier_capacity
RMREV001788,RMPO007884,2023-07-26,2023-08-11,2023-08-04,expedite
RMREV001789,RMPO006225,2023-07-27,2023-07-31,2023-08-16,carrier_delay
RMREV001790,RMPO007245,2023-07-27,2023-08-06,2023-08-23,raw_material_shortage
RMREV001791,RMPO007327,2023-07-27,2023-07-29,2023-08-02,supplier_capacity
RMREV001792,RMPO007733,2023-07-27,2023-08-08,2023-08-12,supplier_capacity
RMREV001793,RMPO007986,2023-07-27,2023-07-30,2023-07-31,carrier_delay
RMREV001794,RMPO008049,2023-07-27,2023-08-08,2023-08-11,supplier_capacity
RMREV001795,RMPO006367,2023-07-28,2023-07-30,2023-08-01,carrier_delay
RMREV001796,RMPO007278,2023-07-28,2023-08-09,2023-08-13,raw_material_shortage
RMREV001797,RMPO007884,2023-07-28,2023-08-04,2023-08-11,expedite_missed
RMREV001798,RMPO006054,2023-07-29,2023-08-07,2023-08-11,expedite_missed
RMREV001799,RMPO006368,2023-07-29,2023-07-30,2023-08-02,raw_material_shortage
RMREV001800,RMPO006624,2023-07-29,2023-08-01,2023-09-09,raw_material_shortage
RMREV001801,RMPO006739,2023-07-29,2023-08-09,2023-08-10,carrier_delay
RMREV001802,RMPO007222,2023-07-29,2023-08-03,2023-08-06,production_issue
RMREV001803,RMPO007354,2023-07-29,2023-08-06,2023-08-07,raw_material_shortage
RMREV001804,RMPO006105,2023-07-30,2023-08-05,2023-08-12,production_issue
RMREV001805,RMPO006740,2023-07-30,2023-08-09,2023-08-13,carrier_delay
RMREV001806,RMPO006791,2023-07-30,2023-08-06,2023-08-09,production_issue
RMREV001807,RMPO006865,2023-07-30,2023-08-05,2023-08-25,raw_material_shortage
RMREV001808,RMPO007330,2023-07-30,2023-08-02,2023-08-10,supplier_capacity
RMREV001809,RMPO006322,2023-07-31,2023-08-10,2023-08-30,carrier_delay
RMREV001810,RMPO006738,2023-07-31,2023-08-10,2023-08-12,raw_material_shortage
RMREV001811,RMPO007264,2023-07-31,2023-08-05,2023-08-06,carrier_delay
RMREV001812,RMPO007278,2023-07-31,2023-08-13,2023-08-16,raw_material_shortage
RMREV001813,RMPO007354,2023-07-31,2023-08-07,2023-08-08,raw_material_shortage
RMREV001814,RMPO007496,2023-07-31,2023-08-01,2023-08-02,production_issue
RMREV001815,RMPO007667,2023-07-31,2023-07-27,2023-08-05,carrier_delay
RMREV001816,RMPO007925,2023-07-31,2023-08-08,2023-08-16,carrier_delay
RMREV001817,RMPO008050,2023-07-31,2023-08-06,2023-08-07,raw_material_shortage
RMREV001818,RMPO008075,2023-07-31,2023-08-05,2023-08-08,production_issue
RMREV001819,RMPO006737,2023-08-01,2023-08-10,2023-08-12,supplier_capacity
RMREV001820,RMPO006938,2023-08-01,2023-08-09,2023-08-26,supplier_capacity
RMREV001821,RMPO006938,2023-08-01,2023-08-26,2023-08-18,expedite
RMREV001822,RMPO006999,2023-08-01,2023-08-04,2023-08-06,supplier_capacity
RMREV001823,RMPO007327,2023-08-01,2023-08-02,2023-08-08,supplier_capacity
RMREV001824,RMPO007512,2023-08-01,2023-08-05,2023-08-08,supplier_capacity
RMREV001825,RMPO007977,2023-08-01,2023-08-08,2023-08-11,carrier_delay
RMREV001826,RMPO008163,2023-08-01,2023-08-12,2023-08-13,raw_material_shortage
RMREV001827,RMPO008261,2023-08-01,2023-08-05,2023-08-07,raw_material_shortage
RMREV001828,RMPO008334,2023-08-01,2023-08-09,2023-08-11,supplier_capacity
RMREV001829,RMPO006470,2023-08-02,2023-08-03,2023-08-06,raw_material_shortage
RMREV001830,RMPO006555,2023-08-02,2023-08-05,2023-08-07,production_issue
RMREV001831,RMPO006835,2023-08-02,2023-08-11,2023-08-12,production_issue
RMREV001832,RMPO007596,2023-08-02,2023-08-08,2023-08-12,supplier_capacity
RMREV001833,RMPO007639,2023-08-02,2023-08-14,2023-08-24,supplier_capacity
RMREV001834,RMPO007877,2023-08-02,2023-08-07,2023-08-10,supplier_capacity
RMREV001835,RMPO008076,2023-08-02,2023-08-08,2023-08-12,carrier_delay
RMREV001836,RMPO006324,2023-08-03,2023-08-04,2023-08-14,raw_material_shortage
RMREV001837,RMPO006935,2023-08-03,2023-08-11,2023-08-13,raw_material_shortage
RMREV001838,RMPO008092,2023-08-03,2023-08-15,2023-08-21,carrier_delay
RMREV001839,RMPO006322,2023-08-04,2023-08-30,2023-09-07,carrier_delay
RMREV001840,RMPO006322,2023-08-04,2023-09-07,2023-09-01,expedite
RMREV001841,RMPO006600,2023-08-04,2023-08-14,2023-08-24,production_issue
RMREV001842,RMPO006600,2023-08-04,2023-08-24,2023-08-18,expedite
RMREV001843,RMPO007014,2023-08-04,2023-08-16,2023-09-11,raw_material_shortage
RMREV001844,RMPO007014,2023-08-04,2023-09-11,2023-09-08,expedite
RMREV001845,RMPO007262,2023-08-04,2023-08-05,2023-08-08,supplier_capacity
RMREV001846,RMPO007479,2023-08-04,2023-08-05,2023-08-16,carrier_delay
RMREV001847,RMPO007599,2023-08-04,2023-08-09,2023-08-16,supplier_capacity
RMREV001848,RMPO007899,2023-08-04,2023-08-16,2023-08-19,production_issue
RMREV001849,RMPO007913,2023-08-04,2023-08-16,2023-08-21,production_issue
RMREV001850,RMPO007924,2023-08-04,2023-08-05,2023-08-12,carrier_delay
RMREV001851,RMPO008050,2023-08-04,2023-08-07,2023-08-09,raw_material_shortage
RMREV001852,RMPO008070,2023-08-04,2023-08-08,2023-08-09,production_issue
RMREV001853,RMPO008171,2023-08-04,2023-08-12,2023-08-14,production_issue
RMREV001854,RMPO008201,2023-08-04,2023-08-11,2023-08-12,production_issue
RMREV001855,RMPO006607,2023-08-05,2023-08-13,2023-08-16,supplier_capacity
RMREV001856,RMPO006904,2023-08-05,2023-08-08,2023-08-17,carrier_delay
RMREV001857,RMPO007510,2023-08-05,2023-08-06,2023-08-10,carrier_delay
RMREV001858,RMPO007818,2023-08-05,2023-08-12,2023-08-15,carrier_delay
RMREV001859,RMPO008071,2023-08-05,2023-08-10,2023-08-12,raw_material_shortage
RMREV001860,RMPO008077,2023-08-05,2023-08-10,2023-08-14,raw_material_shortage
RMREV001861,RMPO008243,2023-08-05,2023-08-11,2023-08-12,supplier_capacity
RMREV001862,RMPO008327,2023-08-05,2023-08-12,2023-08-13,raw_material_shortage
RMREV001863,RMPO007096,2023-08-06,2023-08-01,2023-08-10,expedite_missed
RMREV001864,RMPO008330,2023-08-06,2023-08-16,2023-08-18,carrier_delay
RMREV001865,RMPO006600,2023-08-07,2023-08-18,2023-08-21,expedite_missed
RMREV001866,RMPO006607,2023-08-07,2023-08-16,2023-08-17,supplier_capacity
RMREV001867,RMPO006739,2023-08-07,2023-08-10,2023-08-11,carrier_delay
RMREV001868,RMPO006741,2023-08-07,2023-08-09,2023-08-13,production_issue
RMREV001869,RMPO007596,2023-08-07,2023-08-12,2023-08-13,supplier_capacity
RMREV001870,RMPO007817,2023-08-07,2023-08-10,2023-08-13,raw_material_shortage
RMREV001871,RMPO007830,2023-08-07,2023-08-15,2023-08-17,supplier_capacity
RMREV001872,RMPO008372,2023-08-07,2023-08-09,2023-08-11,raw_material_shortage
RMREV001873,RMPO006162,2023-08-08,2023-08-10,2023-08-18,carrier_delay
RMREV001874,RMPO006412,2023-08-08,2023-08-11,2023-08-20,raw_material_shortage
RMREV001875,RMPO006834,2023-08-08,2023-08-14,2023-08-15,carrier_delay
RMREV001876,RMPO007262,2023-08-08,2023-08-08,2023-08-09,supplier_capacity
RMREV001877,RMPO007321,2023-08-08,2023-08-18,2023-08-24,raw_material_shortage
RMREV001878,RMPO007917,2023-08-08,2023-08-12,2023-08-14,supplier_capacity
RMREV001879,RMPO008070,2023-08-08,2023-08-09,2023-08-10,production_issue
RMREV001880,RMPO008373,2023-08-08,2023-08-09,2023-08-10,supplier_capacity
RMREV001881,RMPO008398,2023-08-08,2023-08-16,2023-08-17,production_issue
RMREV001882,RMPO008411,2023-08-08,2023-08-16,2023-08-30,carrier_delay
RMREV001883,RMPO008411,2023-08-08,2023-08-30,2023-08-23,expedite
RMREV001884,RMPO008413,2023-08-08,2023-08-16,2023-09-02,raw_material_shortage
RMREV001885,RMPO008413,2023-08-08,2023-09-02,2023-08-25,expedite
RMREV001886,RMPO008511,2023-08-08,2023-08-12,2023-08-13,carrier_delay
RMREV001887,RMPO008514,2023-08-08,2023-08-12,2023-08-15,raw_material_shortage
RMREV001888,RMPO008568,2023-08-08,2023-08-19,2023-08-20,production_issue
RMREV001889,RMPO007175,2023-08-09,2023-08-17,2023-08-18,supplier_capacity
RMREV001890,RMPO007864,2023-08-09,2023-08-16,2023-08-18,supplier_capacity
RMREV001891,RMPO006799,2023-08-10,2023-08-17,2023-08-23,carrier_delay
RMREV001892,RMPO007430,2023-08-10,2023-08-12,2023-08-13,carrier_delay
RMREV001893,RMPO008216,2023-08-10,2023-08-21,2023-08-22,carrier_delay
RMREV001894,RMPO008373,2023-08-10,2023-08-10,2023-08-11,supplier_capacity
RMREV001895,RMPO007175,2023-08-11,2023-08-18,2023-08-19,supplier_capacity
RMREV001896,RMPO007402,2023-08-11,2023-08-15,2023-08-30,carrier_delay
RMREV001897,RMPO007402,2023-08-11,2023-08-30,2023-08-24,expedite
RMREV001898,RMPO007614,2023-08-11,2023-08-21,2023-08-26,supplier_capacity
RMREV001899,RMPO008285,2023-08-11,2023-08-20,2023-08-25,raw_material_shortage
RMREV001900,RMPO006899,2023-08-12,2023-08-22,2023-08-26,quality_hold_at_supplier
RMREV001901,RMPO006899,2023-08-12,2023-08-26,2023-08-22,expedite
RMREV001902,RMPO006969,2023-08-12,2023-08-21,2023-08-23,carrier_delay
RMREV001903,RMPO007961,2023-08-12,2023-08-17,2023-08-22,supplier_capacity
RMREV001904,RMPO007961,2023-08-12,2023-08-22,2023-08-16,expedite
RMREV001905,RMPO008056,2023-08-12,2023-08-17,2023-08-19,production_issue
RMREV001906,RMPO008227,2023-08-12,2023-08-24,2023-08-30,supplier_capacity
RMREV001907,RMPO008457,2023-08-12,2023-08-17,2023-09-05,quality_hold_at_supplier
RMREV001908,RMPO008457,2023-08-12,2023-09-05,2023-09-01,expedite
RMREV001909,RMPO006789,2023-08-13,2023-08-14,2023-08-19,production_issue
RMREV001910,RMPO006938,2023-08-13,2023-08-18,2023-08-20,expedite_missed
RMREV001911,RMPO007008,2023-08-13,2023-08-15,2023-08-22,production_issue
RMREV001912,RMPO007733,2023-08-13,2023-08-12,2023-08-16,supplier_capacity
RMREV001913,RMPO006799,2023-08-14,2023-08-23,2023-08-25,carrier_delay
RMREV001914,RMPO007009,2023-08-14,2023-08-17,2023-08-24,raw_material_shortage
RMREV001915,RMPO007569,2023-08-14,2023-08-24,2023-08-25,carrier_delay
RMREV001916,RMPO008067,2023-08-14,2023-08-25,2023-08-29,supplier_capacity
RMREV001917,RMPO008090,2023-08-14,2023-08-16,2023-08-18,production_issue
RMREV001918,RMPO008138,2023-08-14,2023-08-23,2023-09-08,production_issue
RMREV001919,RMPO008138,2023-08-14,2023-09-08,2023-08-31,expedite
RMREV001920,RMPO008499,2023-08-14,2023-08-18,2023-08-20,carrier_delay
RMREV001921,RMPO007013,2023-08-15,2023-08-16,2023-09-11,raw_material_shortage
RMREV001922,RMPO008398,2023-08-15,2023-08-17,2023-08-18,production_issue
RMREV001923,RMPO008510,2023-08-15,2023-08-18,2023-08-19,production_issue
RMREV001924,RMPO008696,2023-08-15,2023-08-24,2023-08-30,carrier_delay
RMREV001925,RMPO008770,2023-08-15,2023-08-19,2023-08-20,raw_material_shortage
RMREV001926,RMPO008849,2023-08-15,2023-08-26,2023-08-27,supplier_capacity
RMREV001927,RMPO006969,2023-08-16,2023-08-23,2023-08-26,carrier_delay
RMREV001928,RMPO008411,2023-08-16,2023-08-23,2023-08-30,expedite_missed
RMREV001929,RMPO008749,2023-08-16,2023-08-25,2023-08-28,production_issue
RMREV001930,RMPO008769,2023-08-16,2023-08-22,2023-08-23,raw_material_shortage
RMREV001931,RMPO007143,2023-08-17,2023-08-25,2023-09-07,quality_hold_at_supplier
RMREV001932,RMPO007143,2023-08-17,2023-09-07,2023-08-30,expedite
RMREV001933,RMPO007469,2023-08-17,2023-08-20,2023-08-21,production_issue
RMREV001934,RMPO007570,2023-08-17,2023-08-25,2023-08-26,carrier_delay
RMREV001935,RMPO007730,2023-08-17,2023-08-29,2023-09-04,production_issue
RMREV001936,RMPO007864,2023-08-17,2023-08-18,2023-08-19,supplier_capacity
RMREV001937,RMPO008324,2023-08-17,2023-08-28,2023-09-13,supplier_capacity
RMREV001938,RMPO008510,2023-08-17,2023-08-19,2023-08-20,production_issue
RMREV001939,RMPO008771,2023-08-17,2023-08-18,2023-08-19,production_issue
RMREV001940,RMPO008851,2023-08-17,2023-08-29,2023-08-31,supplier_capacity
RMREV001941,RMPO008887,2023-08-17,2023-08-24,2023-08-26,carrier_delay
RMREV001942,RMPO008297,2023-08-18,2023-08-27,2023-09-01,production_issue
RMREV001943,RMPO008298,2023-08-18,2023-08-29,2023-09-01,carrier_delay
RMREV001944,RMPO006789,2023-08-19,2023-08-19,2023-08-22,production_issue
RMREV001945,RMPO007498,2023-08-19,2023-08-21,2023-08-25,raw_material_shortage
RMREV001946,RMPO007920,2023-08-19,2023-08-30,2023-09-01,carrier_delay
RMREV001947,RMPO008451,2023-08-19,2023-08-20,2023-08-22,supplier_capacity
RMREV001948,RMPO008569,2023-08-19,2023-08-21,2023-08-22,raw_material_shortage
RMREV001949,RMPO008636,2023-08-19,2023-08-20,2023-09-11,carrier_delay
RMREV001950,RMPO008636,2023-08-19,2023-09-11,2023-09-07,expedite
RMREV001951,RMPO008850,2023-08-19,2023-08-29,2023-08-31,production_issue
RMREV001952,RMPO006880,2023-08-20,2023-08-20,2023-09-07,production_issue
RMREV001953,RMPO006880,2023-08-20,2023-09-07,2023-09-02,expedite
RMREV001954,RMPO007288,2023-08-20,2023-08-30,2023-08-31,production_issue
RMREV001955,RMPO007374,2023-08-20,2023-08-30,2023-09-10,raw_material_shortage
RMREV001956,RMPO007547,2023-08-20,2023-08-30,2023-09-04,supplier_capacity
RMREV001957,RMPO008067,2023-08-20,2023-08-29,2023-08-30,supplier_capacity
RMREV001958,RMPO008299,2023-08-20,2023-08-26,2023-08-30,carrier_delay
RMREV001959,RMPO008474,2023-08-20,2023-08-29,2023-08-31,production_issue
RMREV001960,RMPO008739,2023-08-20,2023-08-25,2023-08-30,carrier_delay
RMREV001961,RMPO008881,2023-08-20,2023-08-23,2023-08-28,production_issue
RMREV001962,RMPO008323,2023-08-21,2023-08-26,2023-09-10,supplier_capacity
RMREV001963,RMPO008323,2023-08-21,2023-09-10,2023-09-04,expedite
RMREV001964,RMPO008368,2023-08-21,2023-08-30,2023-09-01,production_issue
RMREV001965,RMPO008451,2023-08-21,2023-08-22,2023-08-23,supplier_capacity
RMREV001966,RMPO008460,2023-08-21,2023-09-02,2023-09-04,production_issue
RMREV001967,RMPO008821,2023-08-21,2023-08-27,2023-08-29,carrier_delay
RMREV001968,RMPO007143,2023-08-22,2023-08-30,2023-09-05,expedite_missed
RMREV001969,RMPO007570,2023-08-22,2023-08-26,2023-08-27,carrier_delay
RMREV001970,RMPO007592,2023-08-22,2023-09-03,2023-09-08,supplier_capacity
RMREV001971,RMPO007615,2023-08-22,2023-08-23,2023-08-25,raw_material_shortage
RMREV001972,RMPO007639,2023-08-22,2023-08-24,2023-08-30,supplier_capacity
RMREV001973,RMPO007639,2023-08-22,2023-08-30,2023-08-25,expedite
RMREV001974,RMPO007692,2023-08-22,2023-08-23,2023-08-26,raw_material_shortage
RMREV001975,RMPO008688,2023-08-22,2023-08-27,2023-08-29,production_issue
RMREV001976,RMPO009022,2023-08-22,2023-08-27,2023-08-30,carrier_delay
RMREV001977,RMPO009109,2023-08-22,2023-08-30,2023-09-04,carrier_delay
RMREV001978,RMPO007402,2023-08-23,2023-08-24,2023-08-30,expedite_missed
RMREV001979,RMPO007649,2023-08-23,2023-08-29,2023-09-05,production_issue
RMREV001980,RMPO008360,2023-08-23,2023-09-04,2023-09-06,raw_material_shortage
RMREV001981,RMPO008688,2023-08-23,2023-08-29,2023-08-30,production_issue
RMREV001982,RMPO008881,2023-08-23,2023-08-28,2023-08-31,production_issue
RMREV001983,RMPO008916,2023-08-23,2023-08-27,2023-09-08,carrier_delay
RMREV001984,RMPO008916,2023-08-23,2023-09-08,2023-09-02,expedite
RMREV001985,RMPO007485,2023-08-24,2023-08-30,2023-09-03,raw_material_shortage
RMREV001986,RMPO007571,2023-08-24,2023-08-25,2023-08-31,raw_material_shortage
RMREV001987,RMPO008235,2023-08-24,2023-09-02,2023-09-26,production_issue
RMREV001988,RMPO008235,2023-08-24,2023-09-26,2023-09-19,expedite
RMREV001989,RMPO008237,2023-08-24,2023-08-30,2023-09-15,production_issue
RMREV001990,RMPO008316,2023-08-24,2023-08-26,2023-08-30,raw_material_shortage
RMREV001991,RMPO008721,2023-08-24,2023-09-05,2023-09-07,carrier_delay
RMREV001992,RMPO007448,2023-08-25,2023-08-27,2023-09-06,raw_material_shortage
RMREV001993,RMPO007453,2023-08-25,2023-09-03,2023-09-17,production_issue
RMREV001994,RMPO007710,2023-08-25,2023-08-28,2023-08-30,production_issue
RMREV001995,RMPO007918,2023-08-25,2023-09-02,2023-09-10,carrier_delay
RMREV001996,RMPO008235,2023-08-25,2023-09-19,2023-09-24,expedite_missed
RMREV001997,RMPO008368,2023-08-25,2023-09-01,2023-09-02,production_issue
RMREV001998,RMPO008410,2023-08-25,2023-08-31,2023-09-13,carrier_delay
RMREV001999,RMPO008410,2023-08-25,2023-09-13,2023-09-10,expedite
RMREV002000,RMPO006899,2023-08-26,2023-08-22,2023-08-29,expedite_missed
RMREV002001,RMPO007648,2023-08-26,2023-08-31,2023-09-02,supplier_capacity
RMREV002002,RMPO007966,2023-08-26,2023-09-06,2023-09-08,carrier_delay
RMREV002003,RMPO008306,2023-08-26,2023-08-27,2023-09-01,production_issue
RMREV002004,RMPO008322,2023-08-26,2023-08-29,2023-08-31,supplier_capacity
RMREV002005,RMPO008474,2023-08-26,2023-08-31,2023-09-02,production_issue
RMREV002006,RMPO008681,2023-08-26,2023-08-30,2023-09-02,raw_material_shortage
RMREV002007,RMPO008737,2023-08-26,2023-09-07,2023-09-17,production_issue
RMREV002008,RMPO008926,2023-08-26,2023-08-30,2023-09-20,quality_hold_at_supplier
RMREV002009,RMPO008926,2023-08-26,2023-09-20,2023-09-12,expedite
RMREV002010,RMPO007639,2023-08-27,2023-08-25,2023-08-29,expedite_missed
RMREV002011,RMPO007692,2023-08-27,2023-08-26,2023-08-28,raw_material_shortage
RMREV002012,RMPO007921,2023-08-27,2023-09-07,2023-09-09,raw_material_shortage
RMREV002013,RMPO008298,2023-08-27,2023-09-01,2023-09-03,carrier_delay
RMREV002014,RMPO009022,2023-08-27,2023-08-30,2023-08-31,carrier_delay
RMREV002015,RMPO007279,2023-08-28,2023-08-31,2023-09-03,production_issue
RMREV002016,RMPO007810,2023-08-28,2023-09-04,2023-09-18,supplier_capacity
RMREV002017,RMPO007810,2023-08-28,2023-09-18,2023-09-10,expedite
RMREV002018,RMPO008321,2023-08-28,2023-08-29,2023-09-06,supplier_capacity
RMREV002019,RMPO008390,2023-08-28,2023-09-06,2023-09-09,supplier_capacity
RMREV002020,RMPO009014,2023-08-28,2023-09-02,2023-09-04,raw_material_shortage
RMREV002021,RMPO009146,2023-08-28,2023-08-30,2023-09-01,supplier_capacity
RMREV002022,RMPO009148,2023-08-28,2023-08-31,2023-09-02,production_issue
RMREV002023,RMPO007505,2023-08-29,2023-09-04,2023-09-25,carrier_delay
RMREV002024,RMPO008236,2023-08-29,2023-09-03,2023-09-14,supplier_capacity
RMREV002025,RMPO008484,2023-08-29,2023-09-03,2023-09-13,raw_material_shortage
RMREV002026,RMPO009297,2023-08-29,2023-09-01,2023-09-03,carrier_delay
RMREV002027,RMPO009368,2023-08-29,2023-09-06,2023-09-12,quality_hold_at_supplier
RMREV002028,RMPO007798,2023-08-30,2023-09-09,2023-09-21,production_issue
RMREV002029,RMPO007938,2023-08-30,2023-09-08,2023-09-29,carrier_delay
RMREV002030,RMPO009169,2023-08-30,2023-09-07,2023-09-08,production_issue
RMREV002031,RMPO009208,2023-08-30,2023-09-09,2023-09-10,carrier_delay
RMREV002032,RMPO007279,2023-09-01,2023-09-03,2023-09-05,production_issue
RMREV002033,RMPO007966,2023-09-01,2023-09-08,2023-09-09,carrier_delay
RMREV002034,RMPO008007,2023-09-01,2023-09-13,2023-10-09,raw_material_shortage
RMREV002035,RMPO008536,2023-09-01,2023-09-12,2023-09-16,carrier_delay
RMREV002036,RMPO008543,2023-09-01,2023-09-05,2023-09-13,production_issue
RMREV002037,RMPO008722,2023-09-01,2023-09-05,2023-09-07,carrier_delay
RMREV002038,RMPO009170,2023-09-01,2023-09-05,2023-09-07,carrier_delay
RMREV002039,RMPO007014,2023-09-02,2023-09-08,2023-09-11,expedite_missed
RMREV002040,RMPO007695,2023-09-02,2023-09-03,2023-09-10,supplier_capacity
RMREV002041,RMPO007740,2023-09-02,2023-09-11,2023-09-25,raw_material_shortage
RMREV002042,RMPO007799,2023-09-02,2023-09-11,2023-09-23,supplier_capacity
RMREV002043,RMPO008138,2023-09-02,2023-08-31,2023-09-05,expedite_missed
RMREV002044,RMPO008168,2023-09-02,2023-09-14,2023-10-08,supplier_capacity
RMREV002045,RMPO008275,2023-09-02,2023-09-09,2023-09-21,production_issue
RMREV002046,RMPO008275,2023-09-02,2023-09-21,2023-09-16,expedite
RMREV002047,RMPO008469,2023-09-02,2023-09-12,2023-09-13,production_issue
RMREV002048,RMPO009044,2023-09-02,2023-09-09,2023-09-12,supplier_capacity
RMREV002049,RMPO007501,2023-09-03,2023-09-12,2023-09-16,supplier_capacity
RMREV002050,RMPO007501,2023-09-03,2023-09-16,2023-09-10,expedite
RMREV002051,RMPO007650,2023-09-03,2023-09-05,2023-09-17,carrier_delay
RMREV002052,RMPO008275,2023-09-03,2023-09-16,2023-09-21,expedite_missed
RMREV002053,RMPO008385,2023-09-03,2023-09-13,2023-09-20,raw_material_shortage
RMREV002054,RMPO008507,2023-09-03,2023-09-09,2023-09-15,production_issue
RMREV002055,RMPO008907,2023-09-03,2023-09-06,2023-09-18,production_issue
RMREV002056,RMPO009369,2023-09-03,2023-09-05,2023-09-08,production_issue
RMREV002057,RMPO009400,2023-09-03,2023-09-06,2023-09-09,supplier_capacity
RMREV002058,RMPO008842,2023-09-04,2023-09-11,2023-09-13,supplier_capacity
RMREV002059,RMPO009169,2023-09-04,2023-09-08,2023-09-09,production_issue
RMREV002060,RMPO007528,2023-09-05,2023-09-11,2023-09-23,production_issue
RMREV002061,RMPO007697,2023-09-05,2023-09-11,2023-09-23,quality_hold_at_supplier
RMREV002062,RMPO007697,2023-09-05,2023-09-23,2023-09-18,expedite
RMREV002063,RMPO008329,2023-09-05,2023-09-09,2023-09-19,production_issue
RMREV002064,RMPO008506,2023-09-05,2023-09-17,2023-10-04,raw_material_shortage
RMREV002065,RMPO008619,2023-09-05,2023-09-17,2023-09-23,production_issue
RMREV002066,RMPO009014,2023-09-05,2023-09-04,2023-09-06,raw_material_shortage
RMREV002067,RMPO009542,2023-09-05,2023-09-09,2023-09-11,production_issue
RMREV002068,RMPO007989,2023-09-06,2023-09-21,2023-09-23,production_issue
RMREV002069,RMPO007989,2023-09-06,2023-09-23,2023-09-19,expedite
RMREV002070,RMPO008055,2023-09-06,2023-09-18,2023-09-22,rail_disruption
RMREV002071,RMPO008094,2023-09-06,2023-09-16,2023-09-27,carrier_delay
RMREV002072,RMPO008095,2023-09-06,2023-09-11,2023-09-21,supplier_capacity
RMREV002073,RMPO008507,2023-09-06,2023-09-15,2023-09-19,production_issue
RMREV002074,RMPO008836,2023-09-06,2023-09-11,2023-09-14,supplier_capacity
RMREV002075,RMPO009282,2023-09-06,2023-09-08,2023-09-14,carrier_delay
RMREV002076,RMPO009316,2023-09-06,2023-09-17,2023-09-29,rail_disruption
RMREV002077,RMPO009420,2023-09-06,2023-09-14,2023-09-16,carrier_delay
RMREV002078,RMPO009542,2023-09-06,2023-09-11,2023-09-12,production_issue
RMREV002079,RMPO008054,2023-09-07,2023-09-17,2023-09-21,rail_disruption
RMREV002080,RMPO008389,2023-09-07,2023-09-19,2023-09-23,carrier_delay
RMREV002081,RMPO008469,2023-09-07,2023-09-13,2023-09-14,production_issue
RMREV002082,RMPO008713,2023-09-07,2023-09-17,2023-09-22,rail_disruption
RMREV002083,RMPO008916,2023-09-07,2023-09-02,2023-09-08,expedite_missed
RMREV002084,RMPO009250,2023-09-07,2023-09-19,2023-09-22,production_issue
RMREV002085,RMPO009529,2023-09-07,2023-09-15,2023-09-21,production_issue
RMREV002086,RMPO008279,2023-09-08,2023-09-20,2023-09-26,rail_disruption
RMREV002087,RMPO008448,2023-09-08,2023-09-18,2023-09-20,raw_material_shortage
RMREV002088,RMPO008536,2023-09-08,2023-09-16,2023-09-18,carrier_delay
RMREV002089,RMPO008610,2023-09-08,2023-09-18,2023-09-22,port_congestion
RMREV002090,RMPO008999,2023-09-08,2023-09-16,2023-09-20,production_issue
RMREV002091,RMPO009041,2023-09-08,2023-09-19,2023-09-23,supplier_capacity
RMREV002092,RMPO009121,2023-09-08,2023-09-12,2023-09-16,raw_material_shortage
RMREV002093,RMPO009618,2023-09-08,2023-09-19,2023-09-22,supplier_capacity
RMREV002094,RMPO008296,2023-09-09,2023-09-15,2023-09-26,carrier_delay
RMREV002095,RMPO008296,2023-09-09,2023-09-26,2023-09-23,expedite
RMREV002096,RMPO008565,2023-09-09,2023-09-11,2023-09-16,supplier_capacity
RMREV002097,RMPO009008,2023-09-09,2023-09-17,2023-09-23,rail_disruption
RMREV002098,RMPO009100,2023-09-09,2023-09-16,2023-09-26,supplier_capacity
RMREV002099,RMPO007501,2023-09-10,2023-09-10,2023-09-11,expedite_missed
RMREV002100,RMPO008281,2023-09-10,2023-09-20,2023-09-30,rail_disruption
RMREV002101,RMPO008390,2023-09-10,2023-09-09,2023-09-13,supplier_capacity
RMREV002102,RMPO008747,2023-09-10,2023-09-13,2023-09-15,supplier_capacity
RMREV002103,RMPO009098,2023-09-10,2023-09-21,2023-09-27,port_congestion
RMREV002104,RMPO009098,2023-09-10,2023-09-27,2023-09-21,expedite
RMREV002105,RMPO009099,2023-09-10,2023-09-20,2023-09-28,port_congestion
RMREV002106,RMPO009217,2023-09-10,2023-09-18,2023-09-26,rail_disruption
RMREV002107,RMPO009277,2023-09-10,2023-09-19,2023-09-24,port_congestion
RMREV002108,RMPO009434,2023-09-10,2023-09-11,2023-09-26,supplier_capacity
RMREV002109,RMPO009656,2023-09-10,2023-09-19,2023-09-22,port_congestion
RMREV002110,RMPO008236,2023-09-11,2023-09-14,2023-09-28,supplier_capacity
RMREV002111,RMPO008410,2023-09-11,2023-09-10,2023-09-13,expedite_missed
RMREV002112,RMPO008476,2023-09-11,2023-09-18,2023-09-27,raw_material_shortage
RMREV002113,RMPO008715,2023-09-11,2023-09-17,2023-09-20,rail_disruption
RMREV002114,RMPO008840,2023-09-11,2023-09-12,2023-09-15,supplier_capacity
RMREV002115,RMPO009078,2023-09-11,2023-09-16,2023-09-20,raw_material_shortage
RMREV002116,RMPO009201,2023-09-11,2023-09-20,2023-10-01,production_issue
RMREV002117,RMPO009201,2023-09-11,2023-10-01,2023-09-23,expedite
RMREV002118,RMPO009278,2023-09-11,2023-09-19,2023-09-23,port_congestion
RMREV002119,RMPO007741,2023-09-12,2023-09-16,2023-10-11,rail_disruption
RMREV002120,RMPO008315,2023-09-12,2023-09-24,2023-09-29,rail_disruption
RMREV002121,RMPO008447,2023-09-12,2023-09-21,2023-09-23,supplier_capacity
RMREV002122,RMPO008837,2023-09-12,2023-09-13,2023-09-15,supplier_capacity
RMREV002123,RMPO009009,2023-09-12,2023-09-17,2023-09-25,rail_disruption
RMREV002124,RMPO009077,2023-09-12,2023-09-15,2023-09-18,supplier_capacity
RMREV002125,RMPO009096,2023-09-12,2023-09-20,2023-09-25,supplier_capacity
RMREV002126,RMPO009619,2023-09-12,2023-09-16,2023-09-17,raw_material_shortage
RMREV002127,RMPO009809,2023-09-12,2023-09-18,2023-09-30,port_congestion
RMREV002128,RMPO009866,2023-09-12,2023-09-14,2023-09-16,supplier_capacity
RMREV002129,RMPO009919,2023-09-12,2023-09-20,2023-09-25,port_congestion
RMREV002130,RMPO007695,2023-09-13,2023-09-10,2023-09-15,supplier_capacity
RMREV002131,RMPO007822,2023-09-13,2023-09-15,2023-09-19,production_issue
RMREV002132,RMPO008379,2023-09-13,2023-09-18,2023-09-23,rail_disruption
RMREV002133,RMPO008747,2023-09-13,2023-09-15,2023-09-18,supplier_capacity
RMREV002134,RMPO008994,2023-09-13,2023-09-22,2023-09-27,rail_disruption
RMREV002135,RMPO009097,2023-09-13,2023-09-18,2023-09-20,supplier_capacity
RMREV002136,RMPO009242,2023-09-13,2023-09-20,2023-09-26,port_congestion
RMREV002137,RMPO009242,2023-09-13,2023-09-26,2023-09-20,expedite
RMREV002138,RMPO007697,2023-09-14,2023-09-18,2023-09-27,expedite_missed
RMREV002139,RMPO007905,2023-09-14,2023-09-17,2023-10-04,carrier_delay
RMREV002140,RMPO008380,2023-09-14,2023-09-21,2023-09-25,port_congestion
RMREV002141,RMPO008381,2023-09-14,2023-09-22,2023-10-03,port_congestion
RMREV002142,RMPO008382,2023-09-14,2023-09-23,2023-09-30,port_congestion
RMREV002143,RMPO008714,2023-09-14,2023-09-17,2023-10-04,raw_material_shortage
RMREV002144,RMPO009076,2023-09-14,2023-09-20,2023-09-26,supplier_capacity
RMREV002145,RMPO009137,2023-09-14,2023-09-25,2023-10-11,production_issue
RMREV002146,RMPO009219,2023-09-14,2023-09-19,2023-09-23,rail_disruption
RMREV002147,RMPO009589,2023-09-14,2023-09-19,2023-09-27,rail_disruption
RMREV002148,RMPO009918,2023-09-14,2023-09-22,2023-09-25,port_congestion
RMREV002149,RMPO009921,2023-09-14,2023-09-21,2023-09-24,port_congestion
RMREV002150,RMPO007967,2023-09-15,2023-09-18,2023-10-13,rail_disruption
RMREV002151,RMPO008715,2023-09-15,2023-09-20,2023-09-24,rail_disruption
RMREV002152,RMPO008715,2023-09-15,2023-09-24,2023-09-18,expedite
RMREV002153,RMPO009268,2023-09-15,2023-09-21,2023-09-27,rail_disruption
RMREV002154,RMPO009564,2023-09-15,2023-09-21,2023-09-30,rail_disruption
RMREV002155,RMPO009919,2023-09-15,2023-09-25,2023-09-27,port_congestion
RMREV002156,RMPO009921,2023-09-15,2023-09-24,2023-09-25,port_congestion
RMREV002157,RMPO007969,2023-09-16,2023-09-20,2023-09-30,rail_disruption
RMREV002158,RMPO008140,2023-09-16,2023-09-25,2023-10-03,supplier_capacity
RMREV002159,RMPO008140,2023-09-16,2023-10-03,2023-09-27,expedite
RMREV002160,RMPO008267,2023-09-16,2023-09-20,2023-10-03,supplier_capacity
RMREV002161,RMPO008282,2023-09-16,2023-09-20,2023-10-01,rail_disruption
RMREV002162,RMPO008613,2023-09-16,2023-09-23,2023-09-29,port_congestion
RMREV002163,RMPO008713,2023-09-16,2023-09-22,2023-09-24,rail_disruption
RMREV002164,RMPO008895,2023-09-16,2023-09-25,2023-09-30,port_congestion
RMREV002165,RMPO009101,2023-09-16,2023-09-19,2023-09-28,port_congestion
RMREV002166,RMPO009269,2023-09-16,2023-09-21,2023-10-04,rail_disruption
RMREV002167,RMPO009269,2023-09-16,2023-10-04,2023-09-30,expedite
RMREV002168,RMPO009278,2023-09-16,2023-09-23,2023-09-27,port_congestion
RMREV002169,RMPO009433,2023-09-16,2023-09-16,2023-09-24,raw_material_shortage
RMREV002170,RMPO009433,2023-09-16,2023-09-24,2023-09-18,expedite
RMREV002171,RMPO009567,2023-09-16,2023-09-24,2023-10-12,rail_disruption
RMREV002172,RMPO009813,2023-09-16,2023-09-21,2023-10-01,port_congestion
RMREV002173,RMPO008015,2023-09-17,2023-09-21,2023-09-26,rail_disruption
RMREV002174,RMPO008221,2023-09-17,2023-09-29,2023-10-06,rail_disruption
RMREV002175,RMPO008221,2023-09-17,2023-10-06,2023-10-02,expedite
RMREV002176,RMPO009010,2023-09-17,2023-09-26,2023-10-02,rail_disruption
RMREV002177,RMPO009078,2023-09-17,2023-09-20,2023-09-22,raw_material_shortage
RMREV002178,RMPO009101,2023-09-17,2023-09-28,2023-10-06,port_congestion
RMREV002179,RMPO009267,2023-09-17,2023-09-24,2023-10-01,rail_disruption
RMREV002180,RMPO009267,2023-09-17,2023-10-01,2023-09-27,expedite
RMREV002181,RMPO009358,2023-09-17,2023-09-25,2023-10-05,port_congestion
RMREV002182,RMPO009362,2023-09-17,2023-09-23,2023-09-25,supplier_capacity
RMREV002183,RMPO009744,2023-09-17,2023-09-18,2023-09-19,production_issue
RMREV002184,RMPO008684,2023-09-18,2023-09-30,2023-10-08,carrier_delay
RMREV002185,RMPO009010,2023-09-18,2023-10-02,2023-10-06,rail_disruption
RMREV002186,RMPO009069,2023-09-18,2023-09-25,2023-09-27,rail_disruption
RMREV002187,RMPO009433,2023-09-18,2023-09-18,2023-10-01,expedite_missed
RMREV002188,RMPO008266,2023-09-19,2023-09-21,2023-10-14,raw_material_shortage
RMREV002189,RMPO008994,2023-09-19,2023-09-27,2023-10-01,rail_disruption
RMREV002190,RMPO009097,2023-09-19,2023-09-20,2023-09-22,supplier_capacity
RMREV002191,RMPO009204,2023-09-19,2023-09-21,2023-10-01,rail_disruption
RMREV002192,RMPO009255,2023-09-19,2023-09-25,2023-10-05,rail_disruption
RMREV002193,RMPO009265,2023-09-19,2023-09-24,2023-10-01,rail_disruption
RMREV002194,RMPO009292,2023-09-19,2023-09-30,2023-10-03,carrier_delay
RMREV002195,RMPO009479,2023-09-19,2023-09-20,2023-09-27,rail_disruption
RMREV002196,RMPO009481,2023-09-19,2023-09-20,2023-10-02,rail_disruption
RMREV002197,RMPO010007,2023-09-19,2023-09-25,2023-09-26,supplier_capacity
RMREV002198,RMPO010045,2023-09-19,2023-09-29,2023-10-02,carrier_delay
RMREV002199,RMPO010102,2023-09-19,2023-10-01,2023-10-04,rail_disruption
RMREV002200,RMPO010118,2023-09-19,2023-09-21,2023-09-23,raw_material_shortage
RMREV002201,RMPO010136,2023-09-19,2023-09-28,2023-10-09,rail_disruption
RMREV002202,RMPO010138,2023-09-19,2023-09-27,2023-10-02,rail_disruption
RMREV002203,RMPO010139,2023-09-19,2023-09-29,2023-10-04,rail_disruption
RMREV002204,RMPO010140,2023-09-19,2023-09-28,2023-10-02,rail_disruption
RMREV002205,RMPO010141,2023-09-19,2023-09-28,2023-10-03,rail_disruption
RMREV002206,RMPO010145,2023-09-19,2023-09-30,2023-10-02,raw_material_shortage
RMREV002207,RMPO010169,2023-09-19,2023-09-29,2023-10-06,port_congestion
RMREV002208,RMPO010171,2023-09-19,2023-09-28,2023-10-03,port_congestion
RMREV002209,RMPO010171,2023-09-19,2023-10-03,2023-09-25,expedite
RMREV002210,RMPO008237,2023-09-20,2023-09-15,2023-09-21,production_issue
RMREV002211,RMPO008267,2023-09-20,2023-10-03,2023-10-12,supplier_capacity
RMREV002212,RMPO008278,2023-09-20,2023-09-28,2023-10-02,rail_disruption
RMREV002213,RMPO008311,2023-09-20,2023-09-22,2023-09-30,port_congestion
RMREV002214,RMPO008312,2023-09-20,2023-09-24,2023-09-29,rail_disruption
RMREV002215,RMPO008527,2023-09-20,2023-09-30,2023-10-23,supplier_capacity
RMREV002216,RMPO009077,2023-09-20,2023-09-18,2023-09-21,supplier_capacity
RMREV002217,RMPO009266,2023-09-20,2023-09-22,2023-09-29,rail_disruption
RMREV002218,RMPO009342,2023-09-20,2023-09-26,2023-10-07,rail_disruption
RMREV002219,RMPO009342,2023-09-20,2023-10-07,2023-09-29,expedite
RMREV002220,RMPO009360,2023-09-20,2023-09-28,2023-09-30,port_congestion
RMREV002221,RMPO009480,2023-09-20,2023-09-22,2023-09-30,rail_disruption
RMREV002222,RMPO009605,2023-09-20,2023-09-30,2023-10-08,port_congestion
RMREV002223,RMPO009656,2023-09-20,2023-09-22,2023-09-27,port_congestion
RMREV002224,RMPO009854,2023-09-20,2023-09-26,2023-10-07,rail_disruption
RMREV002225,RMPO009973,2023-09-20,2023-09-30,2023-10-02,raw_material_shortage
RMREV002226,RMPO010061,2023-09-20,2023-09-23,2023-10-02,port_congestion
RMREV002227,RMPO010131,2023-09-20,2023-09-30,2023-10-07,production_issue
RMREV002228,RMPO010171,2023-09-20,2023-09-25,2023-10-03,expedite_missed
RMREV002229,RMPO008279,2023-09-21,2023-09-26,2023-09-29,rail_disruption
RMREV002230,RMPO008380,2023-09-21,2023-09-25,2023-09-29,port_congestion
RMREV002231,RMPO008520,2023-09-21,2023-09-22,2023-09-27,rail_disruption
RMREV002232,RMPO008526,2023-09-21,2023-10-01,2023-10-14,raw_material_shortage
RMREV002233,RMPO008545,2023-09-21,2023-09-29,2023-10-14,port_congestion
RMREV002234,RMPO008783,2023-09-21,2023-10-02,2023-10-06,rail_disruption
RMREV002235,RMPO008895,2023-09-21,2023-09-30,2023-10-01,port_congestion
RMREV002236,RMPO009042,2023-09-21,2023-09-23,2023-09-26,raw_material_shortage
RMREV002237,RMPO009513,2023-09-21,2023-09-27,2023-10-05,rail_disruption
RMREV002238,RMPO009514,2023-09-21,2023-10-01,2023-10-04,rail_disruption
RMREV002239,RMPO009564,2023-09-21,2023-09-30,2023-10-02,rail_disruption
RMREV002240,RMPO009628,2023-09-21,2023-10-01,2023-10-03,carrier_delay
RMREV002241,RMPO009669,2023-09-21,2023-09-23,2023-10-01,production_issue
RMREV002242,RMPO009669,2023-09-21,2023-10-01,2023-09-24,expedite
RMREV002243,RMPO009718,2023-09-21,2023-10-02,2023-10-09,rail_disruption
RMREV002244,RMPO009841,2023-09-21,2023-09-24,2023-10-02,rail_disruption
RMREV002245,RMPO009842,2023-09-21,2023-10-02,2023-10-04,carrier_delay
RMREV002246,RMPO010060,2023-09-21,2023-09-24,2023-10-03,port_congestion
RMREV002247,RMPO010062,2023-09-21,2023-09-23,2023-09-30,port_congestion
RMREV002248,RMPO010132,2023-09-21,2023-10-03,2023-10-08,supplier_capacity
RMREV002249,RMPO010172,2023-09-21,2023-09-29,2023-10-04,port_congestion
RMREV002250,RMPO008140,2023-09-22,2023-09-27,2023-10-09,expedite_missed
RMREV002251,RMPO008220,2023-09-22,2023-09-25,2023-10-02,rail_disruption
RMREV002252,RMPO008290,2023-09-22,2023-09-25,2023-10-01,production_issue
RMREV002253,RMPO008549,2023-09-22,2023-09-30,2023-10-04,rail_disruption
RMREV002254,RMPO008611,2023-09-22,2023-09-23,2023-10-04,port_congestion
RMREV002255,RMPO008611,2023-09-22,2023-10-04,2023-09-30,expedite
RMREV002256,RMPO008781,2023-09-22,2023-10-04,2023-10-15,rail_disruption
RMREV002257,RMPO009268,2023-09-22,2023-09-27,2023-10-04,rail_disruption
RMREV002258,RMPO009504,2023-09-22,2023-09-26,2023-09-30,supplier_capacity
RMREV002259,RMPO009565,2023-09-22,2023-09-24,2023-09-29,rail_disruption
RMREV002260,RMPO009608,2023-09-22,2023-10-04,2023-10-18,port_congestion
RMREV002261,RMPO009701,2023-09-22,2023-09-30,2023-10-09,rail_disruption
RMREV002262,RMPO009709,2023-09-22,2023-09-23,2023-09-25,production_issue
RMREV002263,RMPO008277,2023-09-23,2023-10-02,2023-10-07,rail_disruption
RMREV002264,RMPO008315,2023-09-23,2023-09-29,2023-10-02,rail_disruption
RMREV002265,RMPO009357,2023-09-23,2023-09-26,2023-10-06,port_congestion
RMREV002266,RMPO009458,2023-09-23,2023-09-27,2023-09-30,carrier_delay
RMREV002267,RMPO009565,2023-09-23,2023-09-29,2023-10-06,rail_disruption
RMREV002268,RMPO009565,2023-09-23,2023-10-06,2023-09-30,expedite
RMREV002269,RMPO009709,2023-09-23,2023-09-25,2023-09-26,production_issue
RMREV002270,RMPO009758,2023-09-23,2023-10-03,2023-10-10,supplier_capacity
RMREV002271,RMPO009827,2023-09-23,2023-09-26,2023-10-01,rail_disruption
RMREV002272,RMPO009827,2023-09-23,2023-10-01,2023-09-27,expedite
RMREV002273,RMPO009841,2023-09-23,2023-10-02,2023-10-04,rail_disruption
RMREV002274,RMPO009853,2023-09-23,2023-09-26,2023-10-02,rail_disruption
RMREV002275,RMPO009855,2023-09-23,2023-09-26,2023-09-30,rail_disruption
RMREV002276,RMPO010034,2023-09-23,2023-09-30,2023-10-01,production_issue
RMREV002277,RMPO010103,2023-09-23,2023-10-01,2023-10-06,rail_disruption
RMREV002278,RMPO010135,2023-09-23,2023-09-27,2023-10-08,rail_disruption
RMREV002279,RMPO010137,2023-09-23,2023-09-27,2023-10-05,rail_disruption
RMREV002280,RMPO010140,2023-09-23,2023-10-02,2023-10-03,rail_disruption
RMREV002281,RMPO007528,2023-09-24,2023-09-23,2023-09-28,production_issue
RMREV002282,RMPO008547,2023-09-24,2023-09-29,2023-10-04,port_congestion
RMREV002283,RMPO008605,2023-09-24,2023-09-25,2023-10-02,rail_disruption
RMREV002284,RMPO008611,2023-09-24,2023-09-30,2023-10-03,expedite_missed
RMREV002285,RMPO009055,2023-09-24,2023-09-30,2023-10-03,raw_material_shortage
RMREV002286,RMPO009069,2023-09-24,2023-09-27,2023-09-29,rail_disruption
RMREV002287,RMPO009201,2023-09-24,2023-09-23,2023-09-29,expedite_missed
RMREV002288,RMPO009290,2023-09-24,2023-10-06,2023-10-09,supplier_capacity
RMREV002289,RMPO009853,2023-09-24,2023-10-02,2023-10-07,rail_disruption
RMREV002290,RMPO009973,2023-09-24,2023-10-02,2023-10-04,raw_material_shortage
RMREV002291,RMPO010133,2023-09-24,2023-10-03,2023-10-07,raw_material_shortage
RMREV002292,RMPO010168,2023-09-24,2023-09-28,2023-09-29,production_issue
RMREV002293,RMPO010173,2023-09-24,2023-09-29,2023-10-04,port_congestion
RMREV002294,RMPO008246,2023-09-25,2023-10-02,2023-10-04,raw_material_shortage
RMREV002295,RMPO008517,2023-09-25,2023-09-30,2023-10-10,supplier_capacity
RMREV002296,RMPO008546,2023-09-25,2023-09-29,2023-10-07,port_congestion
RMREV002297,RMPO008550,2023-09-25,2023-10-01,2023-10-03,rail_disruption
RMREV002298,RMPO008592,2023-09-25,2023-10-04,2023-10-16,port_congestion
RMREV002299,RMPO009269,2023-09-25,2023-09-30,2023-10-03,expedite_missed
RMREV002300,RMPO009289,2023-09-25,2023-10-06,2023-10-07,carrier_delay
RMREV002301,RMPO009360,2023-09-25,2023-09-30,2023-10-02,port_congestion
RMREV002302,RMPO009361,2023-09-25,2023-09-27,2023-10-04,port_congestion
RMREV002303,RMPO009479,2023-09-25,2023-09-27,2023-09-30,rail_disruption
RMREV002304,RMPO009514,2023-09-25,2023-10-04,2023-10-06,rail_disruption
RMREV002305,RMPO009515,2023-09-25,2023-10-03,2023-10-06,rail_disruption
RMREV002306,RMPO009523,2023-09-25,2023-10-04,2023-10-08,production_issue
RMREV002307,RMPO009994,2023-09-25,2023-10-01,2023-10-02,production_issue
RMREV002308,RMPO008248,2023-09-26,2023-09-27,2023-10-16,supplier_capacity
RMREV002309,RMPO008364,2023-09-26,2023-09-27,2023-10-06,port_congestion
RMREV002310,RMPO008594,2023-09-26,2023-10-04,2023-10-11,port_congestion
RMREV002311,RMPO009009,2023-09-26,2023-09-25,2023-09-27,rail_disruption
RMREV002312,RMPO009219,2023-09-26,2023-09-23,2023-09-28,rail_disruption
RMREV002313,RMPO009359,2023-09-26,2023-09-27,2023-10-01,port_congestion
RMREV002314,RMPO009604,2023-09-26,2023-10-02,2023-10-14,port_congestion
RMREV002315,RMPO009743,2023-09-26,2023-10-04,2023-10-11,port_congestion
RMREV002316,RMPO009882,2023-09-26,2023-09-20,2023-10-02,rail_disruption
RMREV002317,RMPO009918,2023-09-26,2023-09-25,2023-09-29,port_congestion
RMREV002318,RMPO010062,2023-09-26,2023-09-30,2023-10-02,port_congestion
RMREV002319,RMPO010103,2023-09-26,2023-10-06,2023-10-10,rail_disruption
RMREV002320,RMPO010173,2023-09-26,2023-10-04,2023-10-06,port_congestion
RMREV002321,RMPO010323,2023-09-26,2023-09-30,2023-10-03,port_congestion
RMREV002322,RMPO010324,2023-09-26,2023-09-30,2023-10-06,port_congestion
RMREV002323,RMPO010362,2023-09-26,2023-10-08,2023-10-11,rail_disruption
RMREV002324,RMPO010391,2023-09-26,2023-10-03,2023-10-08,rail_disruption
RMREV002325,RMPO010392,2023-09-26,2023-10-04,2023-10-05,carrier_delay
RMREV002326,RMPO010424,2023-09-26,2023-10-06,2023-10-11,port_congestion
RMREV002327,RMPO008516,2023-09-27,2023-09-28,2023-10-08,carrier_delay
RMREV002328,RMPO008772,2023-09-27,2023-10-03,2023-10-05,carrier_delay
RMREV002329,RMPO009042,2023-09-27,2023-09-26,2023-09-28,raw_material_shortage
RMREV002330,RMPO009512,2023-09-27,2023-10-01,2023-10-05,rail_disruption
RMREV002331,RMPO009512,2023-09-27,2023-10-05,2023-09-29,expedite
RMREV002332,RMPO009606,2023-09-27,2023-10-04,2023-10-10,port_congestion
RMREV002333,RMPO009607,2023-09-27,2023-09-30,2023-10-04,port_congestion
RMREV002334,RMPO009875,2023-09-27,2023-10-07,2023-10-12,supplier_capacity
RMREV002335,RMPO009881,2023-09-27,2023-09-20,2023-09-30,rail_disruption
RMREV002336,RMPO010102,2023-09-27,2023-10-04,2023-10-07,rail_disruption
RMREV002337,RMPO010132,2023-09-27,2023-10-08,2023-10-12,supplier_capacity
RMREV002338,RMPO010132,2023-09-27,2023-10-12,2023-10-06,expedite
RMREV002339,RMPO010320,2023-09-27,2023-10-01,2023-10-03,port_congestion
RMREV002340,RMPO010321,2023-09-27,2023-09-29,2023-10-03,port_congestion
RMREV002341,RMPO009290,2023-09-28,2023-10-09,2023-10-12,supplier_capacity
RMREV002342,RMPO009607,2023-09-28,2023-10-04,2023-10-07,port_congestion
RMREV002343,RMPO009628,2023-09-28,2023-10-03,2023-10-04,carrier_delay
RMREV002344,RMPO009683,2023-09-28,2023-10-04,2023-10-07,supplier_capacity
RMREV002345,RMPO009869,2023-09-28,2023-10-10,2023-10-17,port_congestion
RMREV002346,RMPO010032,2023-09-28,2023-09-29,2023-09-30,carrier_delay
RMREV002347,RMPO010091,2023-09-28,2023-10-01,2023-10-04,rail_disruption
RMREV002348,RMPO010092,2023-09-28,2023-10-03,2023-10-06,rail_disruption
RMREV002349,RMPO010170,2023-09-28,2023-09-30,2023-10-12,port_congestion
RMREV002350,RMPO010170,2023-09-28,2023-10-12,2023-10-05,expedite
RMREV002351,RMPO008278,2023-09-29,2023-10-02,2023-10-06,rail_disruption
RMREV002352,RMPO008875,2023-09-29,2023-10-11,2023-10-19,port_congestion
RMREV002353,RMPO009252,2023-09-29,2023-10-01,2023-10-07,rail_disruption
RMREV002354,RMPO009609,2023-09-29,2023-10-04,2023-10-07,port_congestion
RMREV002355,RMPO009742,2023-09-29,2023-10-04,2023-10-13,port_congestion
RMREV002356,RMPO009742,2023-09-29,2023-10-13,2023-10-06,expedite
RMREV002357,RMPO009773,2023-09-29,2023-10-05,2023-10-08,rail_disruption
RMREV002358,RMPO009827,2023-09-29,2023-09-27,2023-10-01,expedite_missed
RMREV002359,RMPO009855,2023-09-29,2023-09-30,2023-10-02,rail_disruption
RMREV002360,RMPO009882,2023-09-29,2023-10-02,2023-10-11,rail_disruption
RMREV002361,RMPO009943,2023-09-29,2023-10-01,2023-10-08,rail_disruption
RMREV002362,RMPO009943,2023-09-29,2023-10-08,2023-10-01,expedite
RMREV002363,RMPO009962,2023-09-29,2023-10-07,2023-10-13,rail_disruption
RMREV002364,RMPO010044,2023-09-29,2023-10-02,2023-10-05,carrier_delay
RMREV002365,RMPO010104,2023-09-29,2023-10-02,2023-10-07,rail_disruption
RMREV002366,RMPO008558,2023-09-30,2023-10-09,2023-10-13,carrier_delay
RMREV002367,RMPO008973,2023-09-30,2023-10-01,2023-10-09,carrier_delay
RMREV002368,RMPO009536,2023-09-30,2023-10-07,2023-10-08,raw_material_shortage
RMREV002369,RMPO009606,2023-09-30,2023-10-10,2023-10-14,port_congestion
RMREV002370,RMPO010169,2023-09-30,2023-10-06,2023-10-11,port_congestion
RMREV002371,RMPO010320,2023-09-30,2023-10-03,2023-10-05,port_congestion
RMREV002372,RMPO010322,2023-09-30,2023-10-01,2023-10-08,port_congestion
RMREV002373,RMPO008246,2023-10-01,2023-10-04,2023-10-06,raw_material_shortage
RMREV002374,RMPO008312,2023-10-01,2023-09-29,2023-10-03,rail_disruption
RMREV002375,RMPO008382,2023-10-01,2023-09-30,2023-10-04,port_congestion
RMREV002376,RMPO008772,2023-10-01,2023-10-05,2023-10-07,carrier_delay
RMREV002377,RMPO008832,2023-10-01,2023-10-12,2023-10-14,raw_material_shortage
RMREV002378,RMPO009165,2023-10-01,2023-10-05,2023-10-13,port_congestion
RMREV002379,RMPO009342,2023-10-01,2023-09-29,2023-10-05,expedite_missed
RMREV002380,RMPO009517,2023-10-01,2023-10-02,2023-10-08,rail_disruption
RMREV002381,RMPO009610,2023-10-01,2023-10-04,2023-10-07,port_congestion
RMREV002382,RMPO009770,2023-10-01,2023-10-08,2023-10-13,rail_disruption
RMREV002383,RMPO010199,2023-10-01,2023-10-03,2023-10-12,rail_disruption
RMREV002384,RMPO010199,2023-10-01,2023-10-12,2023-10-05,expedite
RMREV002385,RMPO010322,2023-10-01,2023-10-08,2023-10-13,port_congestion
RMREV002386,RMPO010323,2023-10-01,2023-10-03,2023-10-06,port_congestion
RMREV002387,RMPO010424,2023-10-01,2023-10-11,2023-10-15,port_congestion
RMREV002388,RMPO008463,2023-10-02,2023-10-03,2023-10-10,supplier_capacity
RMREV002389,RMPO008501,2023-10-02,2023-10-07,2023-10-11,supplier_capacity
RMREV002390,RMPO008669,2023-10-02,2023-10-05,2023-11-03,carrier_delay
RMREV002391,RMPO008669,2023-10-02,2023-11-03,2023-10-27,expedite
RMREV002392,RMPO008782,2023-10-02,2023-10-04,2023-10-08,rail_disruption
RMREV002393,RMPO008827,2023-10-02,2023-10-09,2023-10-13,rail_disruption
RMREV002394,RMPO008956,2023-10-02,2023-10-12,2023-10-20,carrier_delay
RMREV002395,RMPO009252,2023-10-02,2023-10-07,2023-10-12,rail_disruption
RMREV002396,RMPO009468,2023-10-02,2023-10-26,2023-10-27,carrier_delay
RMREV002397,RMPO009512,2023-10-02,2023-09-29,2023-10-03,expedite_missed
RMREV002398,RMPO009515,2023-10-02,2023-10-06,2023-10-08,rail_disruption
RMREV002399,RMPO009518,2023-10-02,2023-10-07,2023-10-13,rail_disruption
RMREV002400,RMPO009519,2023-10-02,2023-10-03,2023-10-06,rail_disruption
RMREV002401,RMPO009629,2023-10-02,2023-10-08,2023-10-11,production_issue
RMREV002402,RMPO009754,2023-10-02,2023-10-12,2023-10-18,rail_disruption
RMREV002403,RMPO009873,2023-10-02,2023-10-09,2023-10-13,port_congestion
RMREV002404,RMPO009874,2023-10-02,2023-10-10,2023-10-31,port_congestion
RMREV002405,RMPO009982,2023-10-02,2023-10-09,2023-10-17,rail_disruption
RMREV002406,RMPO010033,2023-10-02,2023-10-06,2023-10-07,production_issue
RMREV002407,RMPO010082,2023-10-02,2023-10-05,2023-10-10,production_issue
RMREV002408,RMPO010239,2023-10-02,2023-10-13,2023-10-23,rail_disruption
RMREV002409,RMPO010349,2023-10-02,2023-10-10,2023-10-13,rail_disruption
RMREV002410,RMPO008463,2023-10-03,2023-10-10,2023-10-16,supplier_capacity
RMREV002411,RMPO008593,2023-10-03,2023-10-04,2023-10-11,port_congestion
RMREV002412,RMPO008779,2023-10-03,2023-10-12,2023-10-18,rail_disruption
RMREV002413,RMPO008832,2023-10-03,2023-10-14,2023-10-15,raw_material_shortage
RMREV002414,RMPO008911,2023-10-03,2023-10-09,2023-10-31,carrier_delay
RMREV002415,RMPO008934,2023-10-03,2023-10-15,2023-10-17,carrier_delay
RMREV002416,RMPO008973,2023-10-03,2023-10-09,2023-10-16,carrier_delay
RMREV002417,RMPO009412,2023-10-03,2023-10-11,2023-10-15,supplier_capacity
RMREV002418,RMPO009534,2023-10-03,2023-10-15,2023-10-19,raw_material_shortage
RMREV002419,RMPO009603,2023-10-03,2023-10-04,2023-10-10,port_congestion
RMREV002420,RMPO009756,2023-10-03,2023-10-12,2023-10-20,rail_disruption
RMREV002421,RMPO009767,2023-10-03,2023-10-08,2023-10-14,rail_disruption
RMREV002422,RMPO009842,2023-10-03,2023-10-04,2023-10-06,carrier_delay
RMREV002423,RMPO009871,2023-10-03,2023-10-11,2023-10-16,port_congestion
RMREV002424,RMPO010024,2023-10-03,2023-10-11,2023-10-17,rail_disruption
RMREV002425,RMPO010024,2023-10-03,2023-10-17,2023-10-11,expedite
RMREV002426,RMPO010027,2023-10-03,2023-10-15,2023-10-19,rail_disruption
RMREV002427,RMPO010342,2023-10-03,2023-10-15,2023-10-18,rail_disruption
RMREV002428,RMPO010349,2023-10-03,2023-10-13,2023-10-16,rail_disruption
RMREV002429,RMPO010390,2023-10-03,2023-10-06,2023-10-12,rail_disruption
RMREV002430,RMPO010391,2023-10-03,2023-10-08,2023-10-12,rail_disruption
RMREV002431,RMPO010569,2023-10-03,2023-10-07,2023-10-20,port_congestion
RMREV002432,RMPO010571,2023-10-03,2023-10-06,2023-10-11,port_congestion
RMREV002433,RMPO010649,2023-10-03,2023-10-11,2023-10-14,rail_disruption
RMREV002434,RMPO010690,2023-10-03,2023-10-13,2023-10-19,port_congestion
RMREV002435,RMPO010693,2023-10-03,2023-10-11,2023-10-13,port_congestion
RMREV002436,RMPO010694,2023-10-03,2023-10-14,2023-10-21,port_congestion
RMREV002437,RMPO008550,2023-10-04,2023-10-03,2023-10-05,rail_disruption
RMREV002438,RMPO008551,2023-10-04,2023-10-05,2023-10-11,rail_disruption
RMREV002439,RMPO008876,2023-10-04,2023-10-11,2023-10-15,port_congestion
RMREV002440,RMPO009049,2023-10-04,2023-10-15,2023-11-07,carrier_delay
RMREV002441,RMPO009157,2023-10-04,2023-10-12,2023-10-18,port_congestion
RMREV002442,RMPO009695,2023-10-04,2023-10-07,2023-10-17,production_issue
RMREV002443,RMPO009742,2023-10-04,2023-10-06,2023-10-18,expedite_missed
RMREV002444,RMPO009870,2023-10-04,2023-10-07,2023-10-12,port_congestion
RMREV002445,RMPO009871,2023-10-04,2023-10-16,2023-10-20,port_congestion
RMREV002446,RMPO009875,2023-10-04,2023-10-12,2023-10-16,supplier_capacity
RMREV002447,RMPO009983,2023-10-04,2023-10-09,2023-10-13,rail_disruption
RMREV002448,RMPO009984,2023-10-04,2023-10-09,2023-10-17,rail_disruption
RMREV002449,RMPO010091,2023-10-04,2023-10-04,2023-10-06,rail_disruption
RMREV002450,RMPO010092,2023-10-04,2023-10-06,2023-10-08,rail_disruption
RMREV002451,RMPO010132,2023-10-04,2023-10-06,2023-10-11,expedite_missed
RMREV002452,RMPO010170,2023-10-04,2023-10-05,2023-10-10,expedite_missed
RMREV002453,RMPO010319,2023-10-04,2023-10-06,2023-10-08,port_congestion
RMREV002454,RMPO010361,2023-10-04,2023-10-10,2023-10-13,rail_disruption
RMREV002455,RMPO010390,2023-10-04,2023-10-12,2023-10-17,rail_disruption
RMREV002456,RMPO010715,2023-10-04,2023-10-16,2023-10-20,carrier_delay
RMREV002457,RMPO008558,2023-10-05,2023-10-13,2023-10-16,carrier_delay
RMREV002458,RMPO008726,2023-10-05,2023-10-09,2023-10-22,rail_disruption
RMREV002459,RMPO008727,2023-10-05,2023-10-14,2023-10-28,rail_disruption
RMREV002460,RMPO008822,2023-10-05,2023-10-06,2023-10-13,port_congestion
RMREV002461,RMPO008876,2023-10-05,2023-10-15,2023-10-19,port_congestion
RMREV002462,RMPO008935,2023-10-05,2023-10-16,2023-10-18,carrier_delay
RMREV002463,RMPO009049,2023-10-05,2023-11-07,2023-11-26,carrier_delay
RMREV002464,RMPO009059,2023-10-05,2023-10-11,2023-10-13,rail_disruption
RMREV002465,RMPO009084,2023-10-05,2023-10-13,2023-10-23,port_congestion
RMREV002466,RMPO009683,2023-10-05,2023-10-07,2023-10-10,supplier_capacity
RMREV002467,RMPO009769,2023-10-05,2023-10-08,2023-10-12,rail_disruption
RMREV002468,RMPO009804,2023-10-05,2023-10-10,2023-10-14,supplier_capacity
RMREV002469,RMPO009870,2023-10-05,2023-10-12,2023-10-16,port_congestion
RMREV002470,RMPO010124,2023-10-05,2023-10-16,2023-10-24,port_congestion
RMREV002471,RMPO010362,2023-10-05,2023-10-11,2023-10-13,rail_disruption
RMREV002472,RMPO010643,2023-10-05,2023-10-17,2023-10-19,supplier_capacity
RMREV002473,RMPO010650,2023-10-05,2023-10-11,2023-10-17,rail_disruption
RMREV002474,RMPO008593,2023-10-06,2023-10-11,2023-10-16,port_congestion
RMREV002475,RMPO008639,2023-10-06,2023-10-07,2023-10-13,rail_disruption
RMREV002476,RMPO008639,2023-10-06,2023-10-13,2023-10-08,expedite
RMREV002477,RMPO008783,2023-10-06,2023-10-06,2023-10-10,rail_disruption
RMREV002478,RMPO009059,2023-10-06,2023-10-13,2023-10-15,rail_disruption
RMREV002479,RMPO009310,2023-10-06,2023-10-18,2023-10-25,rail_disruption
RMREV002480,RMPO009609,2023-10-06,2023-10-07,2023-10-10,port_congestion
RMREV002481,RMPO009743,2023-10-06,2023-10-11,2023-10-16,port_congestion
RMREV002482,RMPO009770,2023-10-06,2023-10-13,2023-10-17,rail_disruption
RMREV002483,RMPO009773,2023-10-06,2023-10-08,2023-10-10,rail_disruption
RMREV002484,RMPO010235,2023-10-06,2023-10-18,2023-11-01,supplier_capacity
RMREV002485,RMPO010490,2023-10-06,2023-10-18,2023-10-25,rail_disruption
RMREV002486,RMPO010614,2023-10-06,2023-10-17,2023-10-23,rail_disruption
RMREV002487,RMPO008551,2023-10-07,2023-10-11,2023-10-16,rail_disruption
RMREV002488,RMPO008725,2023-10-07,2023-10-14,2023-10-18,rail_disruption
RMREV002489,RMPO008779,2023-10-07,2023-10-18,2023-10-23,rail_disruption
RMREV002490,RMPO008782,2023-10-07,2023-10-08,2023-10-12,rail_disruption
RMREV002491,RMPO008956,2023-10-07,2023-10-20,2023-10-27,carrier_delay
RMREV002492,RMPO009050,2023-10-07,2023-10-12,2023-11-05,supplier_capacity
RMREV002493,RMPO009519,2023-10-07,2023-10-06,2023-10-08,rail_disruption
RMREV002494,RMPO009844,2023-10-07,2023-10-16,2023-10-26,rail_disruption
RMREV002495,RMPO009881,2023-10-07,2023-09-30,2023-10-08,rail_disruption
RMREV002496,RMPO009983,2023-10-07,2023-10-13,2023-10-17,rail_disruption
RMREV002497,RMPO010128,2023-10-07,2023-10-19,2023-11-09,port_congestion
RMREV002498,RMPO010284,2023-10-07,2023-10-16,2023-10-20,production_issue
RMREV002499,RMPO010319,2023-10-07,2023-10-08,2023-10-10,port_congestion
RMREV002500,RMPO010647,2023-10-07,2023-10-11,2023-10-15,rail_disruption
RMREV002501,RMPO010694,2023-10-07,2023-10-21,2023-10-26,port_congestion
RMREV002502,RMPO008639,2023-10-08,2023-10-08,2023-10-18,expedite_missed
RMREV002503,RMPO008781,2023-10-08,2023-10-15,2023-10-24,rail_disruption
RMREV002504,RMPO009154,2023-10-08,2023-10-09,2023-10-14,rail_disruption
RMREV002505,RMPO009407,2023-10-08,2023-10-17,2023-10-22,port_congestion
RMREV002506,RMPO009517,2023-10-08,2023-10-08,2023-10-13,rail_disruption
RMREV002507,RMPO009610,2023-10-08,2023-10-07,2023-10-10,port_congestion
RMREV002508,RMPO009665,2023-10-08,2023-10-16,2023-10-20,port_congestion
RMREV002509,RMPO009665,2023-10-08,2023-10-20,2023-10-13,expedite
RMREV002510,RMPO009804,2023-10-08,2023-10-14,2023-10-17,supplier_capacity
RMREV002511,RMPO009845,2023-10-08,2023-10-16,2023-10-21,rail_disruption
RMREV002512,RMPO009872,2023-10-08,2023-10-10,2023-10-15,port_congestion
RMREV002513,RMPO009873,2023-10-08,2023-10-13,2023-10-16,port_congestion
RMREV002514,RMPO009907,2023-10-08,2023-10-16,2023-10-22,production_issue
RMREV002515,RMPO009943,2023-10-08,2023-10-01,2023-10-13,expedite_missed
RMREV002516,RMPO010121,2023-10-08,2023-10-18,2023-10-23,port_congestion
RMREV002517,RMPO010129,2023-10-08,2023-10-18,2023-10-22,port_congestion
RMREV002518,RMPO010133,2023-10-08,2023-10-07,2023-10-11,raw_material_shortage
RMREV002519,RMPO010361,2023-10-08,2023-10-13,2023-10-15,rail_disruption
RMREV002520,RMPO010570,2023-10-08,2023-10-13,2023-10-18,port_congestion
RMREV002521,RMPO010648,2023-10-08,2023-10-13,2023-10-23,rail_disruption
RMREV002522,RMPO008728,2023-10-09,2023-10-14,2023-10-17,rail_disruption
RMREV002523,RMPO009157,2023-10-09,2023-10-18,2023-10-22,port_congestion
RMREV002524,RMPO009327,2023-10-09,2023-10-21,2023-10-23,production_issue
RMREV002525,RMPO009845,2023-10-09,2023-10-21,2023-10-25,rail_disruption
RMREV002526,RMPO009869,2023-10-09,2023-10-17,2023-10-22,port_congestion
RMREV002527,RMPO009876,2023-10-09,2023-10-11,2023-10-17,supplier_capacity
RMREV002528,RMPO009962,2023-10-09,2023-10-13,2023-10-18,rail_disruption
RMREV002529,RMPO010023,2023-10-09,2023-10-15,2023-10-21,rail_disruption
RMREV002530,RMPO010402,2023-10-09,2023-10-17,2023-10-18,carrier_delay
RMREV002531,RMPO010690,2023-10-09,2023-10-19,2023-10-24,port_congestion
RMREV002532,RMPO010692,2023-10-09,2023-10-13,2023-10-15,port_congestion
RMREV002533,RMPO008915,2023-10-10,2023-10-12,2023-10-19,supplier_capacity
RMREV002534,RMPO008915,2023-10-10,2023-10-19,2023-10-12,expedite
RMREV002535,RMPO008936,2023-10-10,2023-10-19,2023-10-21,raw_material_shortage
RMREV002536,RMPO009057,2023-10-10,2023-10-19,2023-10-21,production_issue
RMREV002537,RMPO009060,2023-10-10,2023-10-11,2023-10-15,rail_disruption
RMREV002538,RMPO009088,2023-10-10,2023-10-14,2023-10-19,rail_disruption
RMREV002539,RMPO009347,2023-10-10,2023-10-20,2023-10-24,port_congestion
RMREV002540,RMPO009407,2023-10-10,2023-10-22,2023-10-26,port_congestion
RMREV002541,RMPO009485,2023-10-10,2023-10-13,2023-10-17,supplier_capacity
RMREV002542,RMPO009523,2023-10-10,2023-10-08,2023-10-12,production_issue
RMREV002543,RMPO009661,2023-10-10,2023-10-18,2023-10-25,production_issue
RMREV002544,RMPO009767,2023-10-10,2023-10-14,2023-10-19,rail_disruption
RMREV002545,RMPO010122,2023-10-10,2023-10-17,2023-10-25,port_congestion
RMREV002546,RMPO010615,2023-10-10,2023-10-17,2023-10-20,rail_disruption
RMREV002547,RMPO010649,2023-10-10,2023-10-14,2023-10-17,rail_disruption
RMREV002548,RMPO010836,2023-10-10,2023-10-14,2023-10-21,port_congestion
RMREV002549,RMPO010837,2023-10-10,2023-10-14,2023-10-17,port_congestion
RMREV002550,RMPO010839,2023-10-10,2023-10-15,2023-10-17,carrier_delay
RMREV002551,RMPO010841,2023-10-10,2023-10-14,2023-10-18,port_congestion
RMREV002552,RMPO010925,2023-10-10,2023-10-15,2023-10-19,port_congestion
RMREV002553,RMPO010925,2023-10-10,2023-10-19,2023-10-16,expedite
RMREV002554,RMPO010926,2023-10-10,2023-10-20,2023-10-25,port_congestion
RMREV002555,RMPO008822,2023-10-11,2023-10-13,2023-10-18,port_congestion
RMREV002556,RMPO009003,2023-10-11,2023-10-21,2023-10-22,production_issue
RMREV002557,RMPO009158,2023-10-11,2023-10-12,2023-10-15,port_congestion
RMREV002558,RMPO009321,2023-10-11,2023-10-22,2023-11-05,carrier_delay
RMREV002559,RMPO009463,2023-10-11,2023-10-22,2023-10-26,production_issue
RMREV002560,RMPO009718,2023-10-11,2023-10-09,2023-10-14,rail_disruption
RMREV002561,RMPO009876,2023-10-11,2023-10-17,2023-10-21,supplier_capacity
RMREV002562,RMPO010030,2023-10-11,2023-10-12,2023-10-18,rail_disruption
RMREV002563,RMPO010285,2023-10-11,2023-10-17,2023-10-21,raw_material_shortage
RMREV002564,RMPO010571,2023-10-11,2023-10-11,2023-10-15,port_congestion
RMREV002565,RMPO010647,2023-10-11,2023-10-15,2023-10-18,rail_disruption
RMREV002566,RMPO010651,2023-10-11,2023-10-15,2023-10-21,rail_disruption
RMREV002567,RMPO010693,2023-10-11,2023-10-13,2023-10-15,port_congestion
RMREV002568,RMPO010837,2023-10-11,2023-10-17,2023-10-19,port_congestion
RMREV002569,RMPO009305,2023-10-12,2023-10-17,2023-10-29,carrier_delay
RMREV002570,RMPO009345,2023-10-12,2023-10-20,2023-10-30,port_congestion
RMREV002571,RMPO009348,2023-10-12,2023-10-17,2023-10-20,supplier_capacity
RMREV002572,RMPO009941,2023-10-12,2023-10-18,2023-10-24,supplier_capacity
RMREV002573,RMPO009941,2023-10-12,2023-10-24,2023-10-18,expedite
RMREV002574,RMPO010340,2023-10-12,2023-10-15,2023-10-19,rail_disruption
RMREV002575,RMPO010403,2023-10-12,2023-10-20,2023-10-23,raw_material_shortage
RMREV002576,RMPO010454,2023-10-12,2023-10-18,2023-10-25,quality_hold_at_supplier
RMREV002577,RMPO010454,2023-10-12,2023-10-25,2023-10-17,expedite
RMREV002578,RMPO010541,2023-10-12,2023-10-16,2023-10-17,production_issue
RMREV002579,RMPO010689,2023-10-12,2023-10-16,2023-10-22,port_congestion
RMREV002580,RMPO010691,2023-10-12,2023-10-17,2023-10-24,port_congestion
RMREV002581,RMPO010692,2023-10-12,2023-10-15,2023-10-17,port_congestion
RMREV002582,RMPO010840,2023-10-12,2023-10-14,2023-10-22,port_congestion
RMREV002583,RMPO008935,2023-10-13,2023-10-18,2023-10-19,carrier_delay
RMREV002584,RMPO009003,2023-10-13,2023-10-22,2023-10-23,production_issue
RMREV002585,RMPO009088,2023-10-13,2023-10-19,2023-10-23,rail_disruption
RMREV002586,RMPO009088,2023-10-13,2023-10-23,2023-10-16,expedite
RMREV002587,RMPO009140,2023-10-13,2023-10-18,2023-10-20,port_congestion
RMREV002588,RMPO009154,2023-10-13,2023-10-14,2023-10-18,rail_disruption
RMREV002589,RMPO009311,2023-10-13,2023-10-14,2023-10-18,rail_disruption
RMREV002590,RMPO009666,2023-10-13,2023-10-21,2023-10-25,port_congestion
RMREV002591,RMPO010378,2023-10-13,2023-10-21,2023-10-26,port_congestion
RMREV002592,RMPO010643,2023-10-13,2023-10-19,2023-10-20,supplier_capacity
RMREV002593,RMPO010838,2023-10-13,2023-10-14,2023-10-17,port_congestion
RMREV002594,RMPO010895,2023-10-13,2023-10-21,2023-10-23,carrier_delay
RMREV002595,RMPO008827,2023-10-14,2023-10-13,2023-10-17,rail_disruption
RMREV002596,RMPO008934,2023-10-14,2023-10-17,2023-10-18,carrier_delay
RMREV002597,RMPO009086,2023-10-14,2023-10-15,2023-10-19,rail_disruption
RMREV002598,RMPO009140,2023-10-14,2023-10-20,2023-10-22,port_congestion
RMREV002599,RMPO009326,2023-10-14,2023-10-22,2023-10-25,carrier_delay
RMREV002600,RMPO009345,2023-10-14,2023-10-30,2023-11-08,port_congestion
RMREV002601,RMPO009345,2023-10-14,2023-11-08,2023-11-03,expedite
RMREV002602,RMPO009603,2023-10-14,2023-10-10,2023-10-15,port_congestion
RMREV002603,RMPO009697,2023-10-14,2023-10-24,2023-11-05,carrier_delay
RMREV002604,RMPO009927,2023-10-14,2023-10-24,2023-11-01,carrier_delay
RMREV002605,RMPO009927,2023-10-14,2023-11-01,2023-10-28,expedite
RMREV002606,RMPO009937,2023-10-14,2023-10-22,2023-10-24,raw_material_shortage
RMREV002607,RMPO010027,2023-10-14,2023-10-19,2023-10-23,rail_disruption
RMREV002608,RMPO010120,2023-10-14,2023-10-15,2023-10-23,port_congestion
RMREV002609,RMPO010123,2023-10-14,2023-10-19,2023-10-24,port_congestion
RMREV002610,RMPO010340,2023-10-14,2023-10-19,2023-10-23,rail_disruption
RMREV002611,RMPO010403,2023-10-14,2023-10-23,2023-10-26,raw_material_shortage
RMREV002612,RMPO010513,2023-10-14,2023-10-15,2023-10-16,supplier_capacity
RMREV002613,RMPO010541,2023-10-14,2023-10-17,2023-10-18,production_issue
RMREV002614,RMPO010650,2023-10-14,2023-10-17,2023-10-22,rail_disruption
RMREV002615,RMPO010728,2023-10-14,2023-10-14,2023-10-19,rail_disruption
RMREV002616,RMPO010728,2023-10-14,2023-10-19,2023-10-16,expedite
RMREV002617,RMPO010855,2023-10-14,2023-10-26,2023-11-02,supplier_capacity
RMREV002618,RMPO010895,2023-10-14,2023-10-23,2023-10-25,carrier_delay
RMREV002619,RMPO008594,2023-10-15,2023-10-11,2023-10-16,port_congestion
RMREV002620,RMPO008728,2023-10-15,2023-10-17,2023-10-19,rail_disruption
RMREV002621,RMPO009158,2023-10-15,2023-10-15,2023-10-17,port_congestion
RMREV002622,RMPO009260,2023-10-15,2023-10-23,2023-11-10,raw_material_shortage
RMREV002623,RMPO009311,2023-10-15,2023-10-18,2023-10-21,rail_disruption
RMREV002624,RMPO009346,2023-10-15,2023-10-20,2023-10-30,port_congestion
RMREV002625,RMPO009534,2023-10-15,2023-10-19,2023-10-22,raw_material_shortage
RMREV002626,RMPO009761,2023-10-15,2023-10-23,2023-11-06,raw_material_shortage
RMREV002627,RMPO009761,2023-10-15,2023-11-06,2023-11-02,expedite
RMREV002628,RMPO010024,2023-10-15,2023-10-11,2023-10-20,expedite_missed
RMREV002629,RMPO010297,2023-10-15,2023-10-18,2023-10-23,raw_material_shortage
RMREV002630,RMPO010360,2023-10-15,2023-10-24,2023-10-25,production_issue
RMREV002631,RMPO010378,2023-10-15,2023-10-26,2023-10-30,port_congestion
RMREV002632,RMPO010513,2023-10-15,2023-10-16,2023-10-17,supplier_capacity
RMREV002633,RMPO008526,2023-10-16,2023-10-14,2023-10-24,raw_material_shortage
RMREV002634,RMPO009087,2023-10-16,2023-10-18,2023-11-07,raw_material_shortage
RMREV002635,RMPO009260,2023-10-16,2023-11-10,2023-11-24,raw_material_shortage
RMREV002636,RMPO009518,2023-10-16,2023-10-13,2023-10-18,rail_disruption
RMREV002637,RMPO009725,2023-10-16,2023-10-23,2023-11-04,production_issue
RMREV002638,RMPO009725,2023-10-16,2023-11-04,2023-10-28,expedite
RMREV002639,RMPO009872,2023-10-16,2023-10-15,2023-10-19,port_congestion
RMREV002640,RMPO010030,2023-10-16,2023-10-18,2023-10-22,rail_disruption
RMREV002641,RMPO010125,2023-10-16,2023-10-18,2023-10-24,port_congestion
RMREV002642,RMPO010126,2023-10-16,2023-10-17,2023-10-23,port_congestion
RMREV002643,RMPO010127,2023-10-16,2023-10-18,2023-10-30,port_congestion
RMREV002644,RMPO010127,2023-10-16,2023-10-30,2023-10-26,expedite
RMREV002645,RMPO010285,2023-10-16,2023-10-21,2023-10-24,raw_material_shortage
RMREV002646,RMPO010342,2023-10-16,2023-10-18,2023-10-21,rail_disruption
RMREV002647,RMPO010615,2023-10-16,2023-10-20,2023-10-23,rail_disruption
RMREV002648,RMPO010775,2023-10-16,2023-10-22,2023-10-23,production_issue
RMREV002649,RMPO010814,2023-10-16,2023-10-22,2023-10-24,production_issue
RMREV002650,RMPO010838,2023-10-16,2023-10-17,2023-10-19,port_congestion
RMREV002651,RMPO010841,2023-10-16,2023-10-18,2023-10-22,port_congestion
RMREV002652,RMPO008725,2023-10-17,2023-10-18,2023-10-22,rail_disruption
RMREV002653,RMPO008915,2023-10-17,2023-10-12,2023-10-24,expedite_missed
RMREV002654,RMPO009139,2023-10-17,2023-10-18,2023-10-22,port_congestion
RMREV002655,RMPO009303,2023-10-17,2023-10-19,2023-10-22,supplier_capacity
RMREV002656,RMPO009309,2023-10-17,2023-10-18,2023-10-24,rail_disruption
RMREV002657,RMPO009408,2023-10-17,2023-10-20,2023-10-22,port_congestion
RMREV002658,RMPO009697,2023-10-17,2023-11-05,2023-11-15,carrier_delay
RMREV002659,RMPO009907,2023-10-17,2023-10-22,2023-10-27,production_issue
RMREV002660,RMPO010123,2023-10-17,2023-10-24,2023-10-28,port_congestion
RMREV002661,RMPO010199,2023-10-17,2023-10-05,2023-10-19,expedite_missed
RMREV002662,RMPO010284,2023-10-17,2023-10-20,2023-10-23,production_issue
RMREV002663,RMPO010490,2023-10-17,2023-10-25,2023-10-30,rail_disruption
RMREV002664,RMPO010689,2023-10-17,2023-10-22,2023-10-27,port_congestion
RMREV002665,RMPO010715,2023-10-17,2023-10-20,2023-10-23,carrier_delay
RMREV002666,RMPO010728,2023-10-17,2023-10-16,2023-10-23,expedite_missed
RMREV002667,RMPO010836,2023-10-17,2023-10-21,2023-10-27,port_congestion
RMREV002668,RMPO010925,2023-10-17,2023-10-16,2023-10-21,expedite_missed
RMREV002669,RMPO010926,2023-10-17,2023-10-25,2023-10-29,port_congestion
RMREV002670,RMPO011077,2023-10-17,2023-10-21,2023-10-24,port_congestion
RMREV002671,RMPO009058,2023-10-18,2023-10-19,2023-10-28,supplier_capacity
RMREV002672,RMPO009060,2023-10-18,2023-10-15,2023-10-19,rail_disruption
RMREV002673,RMPO009086,2023-10-18,2023-10-19,2023-10-23,rail_disruption
RMREV002674,RMPO009302,2023-10-18,2023-10-19,2023-10-22,supplier_capacity
RMREV002675,RMPO009303,2023-10-18,2023-10-22,2023-10-24,supplier_capacity
RMREV002676,RMPO009309,2023-10-18,2023-10-24,2023-10-28,rail_disruption
RMREV002677,RMPO009410,2023-10-18,2023-10-19,2023-11-02,port_congestion
RMREV002678,RMPO009412,2023-10-18,2023-10-15,2023-10-19,supplier_capacity
RMREV002679,RMPO009485,2023-10-18,2023-10-17,2023-10-20,supplier_capacity
RMREV002680,RMPO010120,2023-10-18,2023-10-23,2023-10-30,port_congestion
RMREV002681,RMPO010120,2023-10-18,2023-10-30,2023-10-25,expedite
RMREV002682,RMPO008936,2023-10-19,2023-10-21,2023-10-23,raw_material_shortage
RMREV002683,RMPO009088,2023-10-19,2023-10-16,2023-10-22,expedite_missed
RMREV002684,RMPO009325,2023-10-19,2023-10-25,2023-10-28,supplier_capacity
RMREV002685,RMPO009327,2023-10-19,2023-10-23,2023-10-25,production_issue
RMREV002686,RMPO009344,2023-10-19,2023-10-20,2023-10-27,port_congestion
RMREV002687,RMPO009348,2023-10-19,2023-10-20,2023-10-23,supplier_capacity
RMREV002688,RMPO010023,2023-10-19,2023-10-21,2023-10-25,rail_disruption
RMREV002689,RMPO010121,2023-10-19,2023-10-23,2023-10-27,port_congestion
RMREV002690,RMPO010218,2023-10-19,2023-10-22,2023-10-23,supplier_capacity
RMREV002691,RMPO010229,2023-10-19,2023-10-28,2023-10-30,raw_material_shortage
RMREV002692,RMPO010959,2023-10-19,2023-10-28,2023-10-30,carrier_delay
RMREV002693,RMPO010959,2023-10-19,2023-10-30,2023-10-24,expedite
RMREV002694,RMPO011080,2023-10-19,2023-10-21,2023-10-23,port_congestion
RMREV002695,RMPO009326,2023-10-20,2023-10-25,2023-10-27,carrier_delay
RMREV002696,RMPO009347,2023-10-20,2023-10-24,2023-10-28,port_congestion
RMREV002697,RMPO009550,2023-10-20,2023-11-01,2023-11-10,raw_material_shortage
RMREV002698,RMPO009550,2023-10-20,2023-11-10,2023-11-07,expedite
RMREV002699,RMPO009659,2023-10-20,2023-10-27,2023-11-02,carrier_delay
RMREV002700,RMPO009661,2023-10-20,2023-10-25,2023-10-30,production_issue
RMREV002701,RMPO009937,2023-10-20,2023-10-24,2023-10-26,raw_material_shortage
RMREV002702,RMPO010120,2023-10-20,2023-10-25,2023-10-30,expedite_missed
RMREV002703,RMPO010122,2023-10-20,2023-10-25,2023-11-01,port_congestion
RMREV002704,RMPO010125,2023-10-20,2023-10-24,2023-10-28,port_congestion
RMREV002705,RMPO010129,2023-10-20,2023-10-22,2023-10-26,port_congestion
RMREV002706,RMPO010218,2023-10-20,2023-10-23,2023-10-24,supplier_capacity
RMREV002707,RMPO010297,2023-10-20,2023-10-23,2023-10-27,raw_material_shortage
RMREV002708,RMPO010416,2023-10-20,2023-10-30,2023-11-07,production_issue
RMREV002709,RMPO010570,2023-10-20,2023-10-18,2023-10-22,port_congestion
RMREV002710,RMPO010637,2023-10-20,2023-10-28,2023-10-30,supplier_capacity
RMREV002711,RMPO010641,2023-10-20,2023-10-31,2023-11-08,carrier_delay
RMREV002712,RMPO009139,2023-10-21,2023-10-22,2023-10-25,port_congestion
RMREV002713,RMPO009302,2023-10-21,2023-10-22,2023-10-24,supplier_capacity
RMREV002714,RMPO009463,2023-10-21,2023-10-26,2023-10-29,production_issue
RMREV002715,RMPO009665,2023-10-21,2023-10-13,2023-10-22,expedite_missed
RMREV002716,RMPO009941,2023-10-21,2023-10-18,2023-10-28,expedite_missed
RMREV002717,RMPO010639,2023-10-21,2023-11-02,2023-11-05,supplier_capacity
RMREV002718,RMPO010862,2023-10-21,2023-10-24,2023-10-25,supplier_capacity
RMREV002719,RMPO009322,2023-10-22,2023-10-28,2023-11-11,production_issue
RMREV002720,RMPO009408,2023-10-22,2023-10-22,2023-10-24,port_congestion
RMREV002721,RMPO009597,2023-10-22,2023-10-31,2023-11-07,supplier_capacity
RMREV002722,RMPO009696,2023-10-22,2023-10-26,2023-10-28,production_issue
RMREV002723,RMPO009724,2023-10-22,2023-10-27,2023-11-09,raw_material_shortage
RMREV002724,RMPO009754,2023-10-22,2023-10-18,2023-10-23,rail_disruption
RMREV002725,RMPO009964,2023-10-22,2023-11-02,2023-11-08,supplier_capacity
RMREV002726,RMPO010380,2023-10-22,2023-10-23,2023-10-26,production_issue
RMREV002727,RMPO010814,2023-10-22,2023-10-24,2023-10-26,production_issue
RMREV002728,RMPO011080,2023-10-22,2023-10-23,2023-10-25,port_congestion
RMREV002729,RMPO009550,2023-10-23,2023-11-07,2023-11-15,expedite_missed
RMREV002730,RMPO009707,2023-10-23,2023-10-26,2023-11-03,carrier_delay
RMREV002731,RMPO009965,2023-10-23,2023-11-03,2023-11-09,supplier_capacity
RMREV002732,RMPO010296,2023-10-23,2023-10-24,2023-10-30,carrier_delay
RMREV002733,RMPO010684,2023-10-23,2023-11-01,2023-11-03,supplier_capacity
RMREV002734,RMPO009320,2023-10-24,2023-10-25,2023-11-21,supplier_capacity
RMREV002735,RMPO009430,2023-10-24,2023-11-02,2023-11-04,peak_season_capacity
RMREV002736,RMPO009659,2023-10-24,2023-11-02,2023-11-07,carrier_delay
RMREV002737,RMPO009679,2023-10-24,2023-10-31,2023-11-06,supplier_capacity
RMREV002738,RMPO009679,2023-10-24,2023-11-06,2023-10-29,expedite
RMREV002739,RMPO009756,2023-10-24,2023-10-20,2023-10-27,rail_disruption
RMREV002740,RMPO009826,2023-10-24,2023-10-27,2023-10-28,production_issue
RMREV002741,RMPO010052,2023-10-24,2023-10-29,2023-11-01,supplier_capacity
RMREV002742,RMPO010454,2023-10-24,2023-10-17,2023-10-31,expedite_missed
RMREV002743,RMPO010614,2023-10-24,2023-10-23,2023-10-27,rail_disruption
RMREV002744,RMPO010641,2023-10-24,2023-11-08,2023-11-14,carrier_delay
RMREV002745,RMPO010651,2023-10-24,2023-10-21,2023-10-26,rail_disruption
RMREV002746,RMPO010673,2023-10-24,2023-10-31,2023-11-01,supplier_capacity
RMREV002747,RMPO010959,2023-10-24,2023-10-24,2023-10-31,expedite_missed
RMREV002748,RMPO011312,2023-10-24,2023-11-03,2023-11-04,supplier_capacity
RMREV002749,RMPO011382,2023-10-24,2023-11-07,2023-11-09,supplier_capacity
RMREV002750,RMPO009344,2023-10-25,2023-10-27,2023-11-01,port_congestion
RMREV002751,RMPO009551,2023-10-25,2023-10-26,2023-11-04,raw_material_shortage
RMREV002752,RMPO009651,2023-10-25,2023-11-03,2023-11-05,raw_material_shortage
RMREV002753,RMPO010184,2023-10-25,2023-11-03,2023-11-05,carrier_delay
RMREV002754,RMPO010296,2023-10-25,2023-10-30,2023-11-03,carrier_delay
RMREV002755,RMPO010380,2023-10-25,2023-10-26,2023-10-28,production_issue
RMREV002756,RMPO010399,2023-10-25,2023-10-29,2023-11-02,supplier_capacity
RMREV002757,RMPO010634,2023-10-25,2023-10-31,2023-11-05,supplier_capacity
RMREV002758,RMPO010809,2023-10-25,2023-11-03,2023-11-05,production_issue
RMREV002759,RMPO010862,2023-10-25,2023-10-25,2023-10-26,supplier_capacity
RMREV002760,RMPO011077,2023-10-25,2023-10-24,2023-10-26,port_congestion
RMREV002761,RMPO009261,2023-10-26,2023-10-28,2023-11-16,production_issue
RMREV002762,RMPO009696,2023-10-26,2023-10-28,2023-10-30,production_issue
RMREV002763,RMPO010126,2023-10-26,2023-10-23,2023-10-27,port_congestion
RMREV002764,RMPO010639,2023-10-26,2023-11-05,2023-11-07,supplier_capacity
RMREV002765,RMPO011458,2023-10-26,2023-11-07,2023-11-11,raw_material_shortage
RMREV002766,RMPO008727,2023-10-27,2023-10-28,2023-11-09,rail_disruption
RMREV002767,RMPO009322,2023-10-27,2023-11-11,2023-11-23,production_issue
RMREV002768,RMPO009598,2023-10-27,2023-10-30,2023-11-06,supplier_capacity
RMREV002769,RMPO009666,2023-10-27,2023-10-25,2023-10-28,port_congestion
RMREV002770,RMPO009927,2023-10-27,2023-10-28,2023-10-31,expedite_missed
RMREV002771,RMPO010217,2023-10-27,2023-11-03,2023-11-08,carrier_delay
RMREV002772,RMPO010677,2023-10-27,2023-11-06,2023-11-13,production_issue
RMREV002773,RMPO010684,2023-10-27,2023-11-03,2023-11-04,supplier_capacity
RMREV002774,RMPO010691,2023-10-27,2023-10-24,2023-10-29,port_congestion
RMREV002775,RMPO011227,2023-10-27,2023-11-01,2023-11-04,raw_material_shortage
RMREV002776,RMPO011404,2023-10-27,2023-11-07,2023-11-08,raw_material_shortage
RMREV002777,RMPO008726,2023-10-28,2023-10-22,2023-11-02,rail_disruption
RMREV002778,RMPO009261,2023-10-28,2023-11-16,2023-12-02,production_issue
RMREV002779,RMPO009484,2023-10-28,2023-11-01,2023-11-08,production_issue
RMREV002780,RMPO009484,2023-10-28,2023-11-08,2023-11-05,expedite
RMREV002781,RMPO009725,2023-10-28,2023-10-28,2023-11-06,expedite_missed
RMREV002782,RMPO009791,2023-10-28,2023-11-09,2023-11-15,peak_season_capacity
RMREV002783,RMPO010067,2023-10-28,2023-11-08,2023-11-16,production_issue
RMREV002784,RMPO010124,2023-10-28,2023-10-24,2023-10-31,port_congestion
RMREV002785,RMPO010637,2023-10-28,2023-10-30,2023-11-01,supplier_capacity
RMREV002786,RMPO011100,2023-10-28,2023-11-07,2023-11-08,production_issue
RMREV002787,RMPO011404,2023-10-28,2023-11-08,2023-11-09,raw_material_shortage
RMREV002788,RMPO009325,2023-10-29,2023-10-28,2023-10-30,supplier_capacity
RMREV002789,RMPO009430,2023-10-29,2023-11-04,2023-11-06,peak_season_capacity
RMREV002790,RMPO009533,2023-10-29,2023-11-04,2023-11-18,peak_season_capacity
RMREV002791,RMPO009597,2023-10-29,2023-11-07,2023-11-13,supplier_capacity
RMREV002792,RMPO010184,2023-10-29,2023-11-05,2023-11-06,carrier_delay
RMREV002793,RMPO010416,2023-10-29,2023-11-07,2023-11-13,production_issue
RMREV002794,RMPO010810,2023-10-29,2023-11-01,2023-11-02,supplier_capacity
RMREV002795,RMPO010855,2023-10-29,2023-11-02,2023-11-07,supplier_capacity
RMREV002796,RMPO011028,2023-10-29,2023-11-07,2023-11-08,supplier_capacity
RMREV002797,RMPO011099,2023-10-29,2023-11-05,2023-11-06,production_issue
RMREV002798,RMPO011102,2023-10-29,2023-11-05,2023-11-08,raw_material_shortage
RMREV002799,RMPO009346,2023-10-30,2023-10-30,2023-11-08,port_congestion
RMREV002800,RMPO009437,2023-10-30,2023-11-03,2023-11-08,peak_season_capacity
RMREV002801,RMPO009437,2023-10-30,2023-11-08,2023-11-01,expedite
RMREV002802,RMPO009651,2023-10-30,2023-11-05,2023-11-06,raw_material_shortage
RMREV002803,RMPO010807,2023-10-30,2023-11-05,2023-11-07,raw_material_shortage
RMREV002804,RMPO011099,2023-10-30,2023-11-06,2023-11-07,production_issue
RMREV002805,RMPO011382,2023-10-30,2023-11-09,2023-11-11,supplier_capacity
RMREV002806,RMPO009431,2023-10-31,2023-11-05,2023-11-07,peak_season_capacity
RMREV002807,RMPO009431,2023-10-31,2023-11-07,2023-11-04,expedite
RMREV002808,RMPO009707,2023-10-31,2023-11-03,2023-11-09,carrier_delay
RMREV002809,RMPO010066,2023-10-31,2023-11-09,2023-11-17,production_issue
RMREV002810,RMPO010229,2023-10-31,2023-10-30,2023-11-01,raw_material_shortage
RMREV002811,RMPO010259,2023-10-31,2023-11-10,2023-11-14,production_issue
RMREV002812,RMPO010809,2023-10-31,2023-11-05,2023-11-06,production_issue
RMREV002813,RMPO010873,2023-10-31,2023-11-07,2023-11-08,carrier_delay
RMREV002814,RMPO011644,2023-10-31,2023-11-02,2023-11-03,supplier_capacity
RMREV002815,RMPO011701,2023-10-31,2023-11-08,2023-11-10,raw_material_shortage
RMREV002816,RMPO009825,2023-11-01,2023-11-09,2023-11-15,carrier_delay
RMREV002817,RMPO009836,2023-11-01,2023-11-08,2023-11-26,production_issue
RMREV002818,RMPO010632,2023-11-01,2023-11-02,2023-11-08,supplier_capacity
RMREV002819,RMPO010677,2023-11-01,2023-11-13,2023-11-18,production_issue
RMREV002820,RMPO010819,2023-11-01,2023-11-08,2023-11-10,raw_material_shortage
RMREV002821,RMPO010873,2023-11-01,2023-11-08,2023-11-09,carrier_delay
RMREV002822,RMPO010890,2023-11-01,2023-11-04,2023-11-10,supplier_capacity
RMREV002823,RMPO011644,2023-11-01,2023-11-03,2023-11-04,supplier_capacity
RMREV002824,RMPO011706,2023-11-01,2023-11-10,2023-11-11,carrier_delay
RMREV002825,RMPO009058,2023-11-02,2023-10-28,2023-11-04,supplier_capacity
RMREV002826,RMPO009410,2023-11-02,2023-11-02,2023-11-13,port_congestion
RMREV002827,RMPO009431,2023-11-02,2023-11-04,2023-11-07,expedite_missed
RMREV002828,RMPO009436,2023-11-02,2023-11-08,2023-11-16,peak_season_capacity
RMREV002829,RMPO009436,2023-11-02,2023-11-16,2023-11-13,expedite
RMREV002830,RMPO009438,2023-11-02,2023-11-05,2023-11-21,peak_season_capacity
RMREV002831,RMPO009438,2023-11-02,2023-11-21,2023-11-17,expedite
RMREV002832,RMPO009761,2023-11-02,2023-11-02,2023-11-16,expedite_missed
RMREV002833,RMPO009831,2023-11-02,2023-11-08,2023-11-09,supplier_capacity
RMREV002834,RMPO009969,2023-11-02,2023-11-05,2023-11-14,carrier_delay
RMREV002835,RMPO010052,2023-11-02,2023-11-01,2023-11-04,supplier_capacity
RMREV002836,RMPO010189,2023-11-02,2023-11-04,2023-11-11,supplier_capacity
RMREV002837,RMPO010189,2023-11-02,2023-11-11,2023-11-05,expedite
RMREV002838,RMPO010399,2023-11-02,2023-11-02,2023-11-05,supplier_capacity
RMREV002839,RMPO010404,2023-11-02,2023-11-14,2023-11-16,supplier_capacity
RMREV002840,RMPO010810,2023-11-02,2023-11-02,2023-11-03,supplier_capacity
RMREV002841,RMPO010907,2023-11-02,2023-11-05,2023-11-11,production_issue
RMREV002842,RMPO011170,2023-11-02,2023-11-13,2023-11-20,carrier_delay
RMREV002843,RMPO011403,2023-11-02,2023-11-07,2023-11-09,supplier_capacity
RMREV002844,RMPO011567,2023-11-02,2023-11-10,2023-11-12,production_issue
RMREV002845,RMPO009825,2023-11-03,2023-11-15,2023-11-20,carrier_delay
RMREV002846,RMPO009964,2023-11-03,2023-11-08,2023-11-13,supplier_capacity
RMREV002847,RMPO010241,2023-11-03,2023-11-12,2023-11-13,carrier_delay
RMREV002848,RMPO010286,2023-11-03,2023-11-06,2023-11-18,supplier_capacity
RMREV002849,RMPO010524,2023-11-03,2023-11-05,2023-11-12,production_issue
RMREV002850,RMPO010807,2023-11-03,2023-11-07,2023-11-08,raw_material_shortage
RMREV002851,RMPO011028,2023-11-03,2023-11-08,2023-11-09,supplier_capacity
RMREV002852,RMPO011567,2023-11-03,2023-11-12,2023-11-13,production_issue
RMREV002853,RMPO009437,2023-11-04,2023-11-01,2023-11-12,expedite_missed
RMREV002854,RMPO009532,2023-11-04,2023-11-06,2023-11-12,peak_season_capacity
RMREV002855,RMPO009678,2023-11-04,2023-11-08,2023-11-10,peak_season_capacity
RMREV002856,RMPO009680,2023-11-04,2023-11-10,2023-11-13,peak_season_capacity
RMREV002857,RMPO009762,2023-11-04,2023-11-06,2023-11-14,supplier_capacity
RMREV002858,RMPO010175,2023-11-04,2023-11-09,2023-11-13,supplier_capacity
RMREV002859,RMPO010696,2023-11-04,2023-11-15,2023-11-16,carrier_delay
RMREV002860,RMPO011147,2023-11-04,2023-11-13,2023-11-20,supplier_capacity
RMREV002861,RMPO011227,2023-11-04,2023-11-04,2023-11-06,raw_material_shortage
RMREV002862,RMPO011370,2023-11-04,2023-11-14,2023-11-18,raw_material_shortage
RMREV002863,RMPO011386,2023-11-04,2023-11-16,2023-11-19,production_issue
RMREV002864,RMPO009679,2023-11-05,2023-10-29,2023-11-11,expedite_missed
RMREV002865,RMPO009938,2023-11-05,2023-11-09,2023-11-16,quality_hold_at_supplier
RMREV002866,RMPO009938,2023-11-05,2023-11-16,2023-11-10,expedite
RMREV002867,RMPO010127,2023-11-05,2023-10-26,2023-11-08,expedite_missed
RMREV002868,RMPO010432,2023-11-05,2023-11-07,2023-11-10,carrier_delay
RMREV002869,RMPO010808,2023-11-05,2023-11-11,2023-11-13,supplier_capacity
RMREV002870,RMPO011029,2023-11-05,2023-11-07,2023-11-08,carrier_delay
RMREV002871,RMPO011149,2023-11-05,2023-11-14,2023-11-18,supplier_capacity
RMREV002872,RMPO011515,2023-11-05,2023-11-12,2023-11-13,carrier_delay
RMREV002873,RMPO011566,2023-11-05,2023-11-12,2023-11-15,carrier_delay
RMREV002874,RMPO011701,2023-11-05,2023-11-10,2023-11-11,raw_material_shortage
RMREV002875,RMPO009531,2023-11-06,2023-11-07,2023-11-14,peak_season_capacity
RMREV002876,RMPO009531,2023-11-06,2023-11-14,2023-11-08,expedite
RMREV002877,RMPO009946,2023-11-06,2023-11-09,2023-11-18,production_issue
RMREV002878,RMPO009946,2023-11-06,2023-11-18,2023-11-13,expedite
RMREV002879,RMPO011029,2023-11-06,2023-11-08,2023-11-09,carrier_delay
RMREV002880,RMPO011126,2023-11-06,2023-11-09,2023-11-13,supplier_capacity
RMREV002881,RMPO011126,2023-11-06,2023-11-13,2023-11-10,expedite
RMREV002882,RMPO011458,2023-11-06,2023-11-11,2023-11-14,raw_material_shortage
RMREV002883,RMPO011486,2023-11-06,2023-11-22,2023-11-24,production_issue
RMREV002884,RMPO011493,2023-11-06,2023-11-11,2023-11-12,supplier_capacity
RMREV002885,RMPO011700,2023-11-06,2023-11-08,2023-11-10,production_issue
RMREV002886,RMPO009484,2023-11-07,2023-11-05,2023-11-13,expedite_missed
RMREV002887,RMPO009762,2023-11-07,2023-11-14,2023-11-20,supplier_capacity
RMREV002888,RMPO009793,2023-11-07,2023-11-12,2023-11-18,peak_season_capacity
RMREV002889,RMPO009794,2023-11-07,2023-11-08,2023-11-21,peak_season_capacity
RMREV002890,RMPO010050,2023-11-07,2023-11-15,2023-11-19,peak_season_capacity
RMREV002891,RMPO010107,2023-11-07,2023-11-10,2023-11-15,carrier_delay
RMREV002892,RMPO011431,2023-11-07,2023-11-14,2023-11-16,carrier_delay
RMREV002893,RMPO011706,2023-11-07,2023-11-11,2023-11-12,carrier_delay
RMREV002894,RMPO011864,2023-11-07,2023-11-13,2023-11-15,production_issue
RMREV002895,RMPO011870,2023-11-07,2023-11-17,2023-11-18,raw_material_shortage
RMREV002896,RMPO011934,2023-11-07,2023-11-19,2023-11-20,production_issue
RMREV002897,RMPO009532,2023-11-08,2023-11-12,2023-11-16,peak_season_capacity
RMREV002898,RMPO009763,2023-11-08,2023-11-11,2023-11-18,production_issue
RMREV002899,RMPO009954,2023-11-08,2023-11-14,2023-11-22,raw_material_shortage
RMREV002900,RMPO010065,2023-11-08,2023-11-09,2023-11-17,supplier_capacity
RMREV002901,RMPO010108,2023-11-08,2023-11-14,2023-11-19,supplier_capacity
RMREV002902,RMPO010217,2023-11-08,2023-11-08,2023-11-12,carrier_delay
RMREV002903,RMPO010634,2023-11-08,2023-11-05,2023-11-09,supplier_capacity
RMREV002904,RMPO010652,2023-11-08,2023-11-13,2023-11-19,supplier_capacity
RMREV002905,RMPO010907,2023-11-08,2023-11-11,2023-11-15,production_issue
RMREV002906,RMPO011127,2023-11-08,2023-11-11,2023-11-13,production_issue
RMREV002907,RMPO011146,2023-11-08,2023-11-14,2023-11-21,supplier_capacity
RMREV002908,RMPO011150,2023-11-08,2023-11-15,2023-11-19,supplier_capacity
RMREV002909,RMPO011151,2023-11-08,2023-11-16,2023-11-20,supplier_capacity
RMREV002910,RMPO011633,2023-11-08,2023-11-14,2023-11-15,carrier_delay
RMREV002911,RMPO009050,2023-11-09,2023-11-05,2023-11-24,supplier_capacity
RMREV002912,RMPO009551,2023-11-09,2023-11-04,2023-11-11,raw_material_shortage
RMREV002913,RMPO010432,2023-11-09,2023-11-10,2023-11-12,carrier_delay
RMREV002914,RMPO010818,2023-11-09,2023-11-12,2023-11-14,raw_material_shortage
RMREV002915,RMPO011102,2023-11-09,2023-11-08,2023-11-11,raw_material_shortage
RMREV002916,RMPO011700,2023-11-09,2023-11-10,2023-11-11,production_issue
RMREV002917,RMPO009793,2023-11-10,2023-11-18,2023-11-23,peak_season_capacity
RMREV002918,RMPO009939,2023-11-10,2023-11-12,2023-11-30,peak_season_capacity
RMREV002919,RMPO009939,2023-11-10,2023-11-30,2023-11-25,expedite
RMREV002920,RMPO010049,2023-11-10,2023-11-16,2023-11-24,peak_season_capacity
RMREV002921,RMPO010050,2023-11-10,2023-11-19,2023-11-23,peak_season_capacity
RMREV002922,RMPO010189,2023-11-10,2023-11-05,2023-11-16,expedite_missed
RMREV002923,RMPO010224,2023-11-10,2023-11-18,2023-11-21,supplier_capacity
RMREV002924,RMPO010576,2023-11-10,2023-11-21,2023-12-11,supplier_capacity
RMREV002925,RMPO010577,2023-11-10,2023-11-22,2023-12-01,carrier_delay
RMREV002926,RMPO010808,2023-11-10,2023-11-13,2023-11-14,supplier_capacity
RMREV002927,RMPO011153,2023-11-10,2023-11-15,2023-11-19,supplier_capacity
RMREV002928,RMPO011503,2023-11-10,2023-11-14,2023-11-20,carrier_delay
RMREV002929,RMPO011503,2023-11-10,2023-11-20,2023-11-14,expedite
RMREV002930,RMPO011515,2023-11-10,2023-11-13,2023-11-14,carrier_delay
RMREV002931,RMPO011857,2023-11-10,2023-11-17,2023-11-21,carrier_delay
RMREV002932,RMPO011967,2023-11-10,2023-11-15,2023-11-17,supplier_capacity
RMREV002933,RMPO012011,2023-11-10,2023-11-15,2023-11-17,carrier_delay
RMREV002934,RMPO009321,2023-11-11,2023-11-05,2023-11-17,carrier_delay
RMREV002935,RMPO009598,2023-11-11,2023-11-06,2023-11-12,supplier_capacity
RMREV002936,RMPO009678,2023-11-11,2023-11-10,2023-11-12,peak_season_capacity
RMREV002937,RMPO009680,2023-11-11,2023-11-13,2023-11-15,peak_season_capacity
RMREV002938,RMPO009724,2023-11-11,2023-11-09,2023-11-19,raw_material_shortage
RMREV002939,RMPO010376,2023-11-11,2023-11-19,2023-11-27,production_issue
RMREV002940,RMPO011127,2023-11-11,2023-11-13,2023-11-15,production_issue
RMREV002941,RMPO011147,2023-11-11,2023-11-20,2023-11-25,supplier_capacity
RMREV002942,RMPO011154,2023-11-11,2023-11-14,2023-11-18,supplier_capacity
RMREV002943,RMPO011231,2023-11-11,2023-11-15,2023-11-20,production_issue
RMREV002944,RMPO011431,2023-11-11,2023-11-16,2023-11-18,carrier_delay
RMREV002945,RMPO011864,2023-11-11,2023-11-15,2023-11-16,production_issue
RMREV002946,RMPO011870,2023-11-11,2023-11-18,2023-11-19,raw_material_shortage
RMREV002947,RMPO011967,2023-11-11,2023-11-17,2023-11-19,supplier_capacity
RMREV002948,RMPO009938,2023-11-12,2023-11-10,2023-11-22,expedite_missed
RMREV002949,RMPO010047,2023-11-12,2023-11-18,2023-11-25,peak_season_capacity
RMREV002950,RMPO010404,2023-11-12,2023-11-16,2023-11-17,supplier_capacity
RMREV002951,RMPO010412,2023-11-12,2023-11-17,2023-11-19,production_issue
RMREV002952,RMPO010572,2023-11-12,2023-11-23,2023-11-30,production_issue
RMREV002953,RMPO010572,2023-11-12,2023-11-30,2023-11-24,expedite
RMREV002954,RMPO010696,2023-11-12,2023-11-16,2023-11-17,carrier_delay
RMREV002955,RMPO010847,2023-11-12,2023-11-15,2023-11-19,supplier_capacity
RMREV002956,RMPO011125,2023-11-12,2023-11-14,2023-11-19,carrier_delay
RMREV002957,RMPO011146,2023-11-12,2023-11-21,2023-11-27,supplier_capacity
RMREV002958,RMPO011154,2023-11-12,2023-11-18,2023-11-22,supplier_capacity
RMREV002959,RMPO011170,2023-11-12,2023-11-20,2023-11-25,carrier_delay
RMREV002960,RMPO011170,2023-11-12,2023-11-25,2023-11-22,expedite
RMREV002961,RMPO011457,2023-11-12,2023-11-16,2023-11-21,supplier_capacity
RMREV002962,RMPO011616,2023-11-12,2023-11-14,2023-11-17,carrier_delay
RMREV002963,RMPO011984,2023-11-12,2023-11-18,2023-11-19,production_issue
RMREV002964,RMPO009792,2023-11-13,2023-11-11,2023-12-08,peak_season_capacity
RMREV002965,RMPO009792,2023-11-13,2023-12-08,2023-11-30,expedite
RMREV002966,RMPO009965,2023-11-13,2023-11-09,2023-11-14,supplier_capacity
RMREV002967,RMPO010107,2023-11-13,2023-11-15,2023-11-19,carrier_delay
RMREV002968,RMPO010175,2023-11-13,2023-11-13,2023-11-17,supplier_capacity
RMREV002969,RMPO010206,2023-11-13,2023-11-21,2023-11-23,peak_season_capacity
RMREV002970,RMPO010818,2023-11-13,2023-11-14,2023-11-15,raw_material_shortage
RMREV002971,RMPO010890,2023-11-13,2023-11-10,2023-11-14,supplier_capacity
RMREV002972,RMPO010932,2023-11-13,2023-11-21,2023-11-23,raw_material_shortage
RMREV002973,RMPO011189,2023-11-13,2023-11-20,2023-11-22,raw_material_shortage
RMREV002974,RMPO011817,2023-11-13,2023-11-17,2023-11-25,peak_season_capacity
RMREV002975,RMPO009531,2023-11-14,2023-11-08,2023-11-19,expedite_missed
RMREV002976,RMPO009791,2023-11-14,2023-11-15,2023-11-20,peak_season_capacity
RMREV002977,RMPO009792,2023-11-14,2023-11-30,2023-12-02,expedite_missed
RMREV002978,RMPO010048,2023-11-14,2023-11-18,2023-11-25,peak_season_capacity
RMREV002979,RMPO010309,2023-11-14,2023-11-26,2023-12-02,peak_season_capacity
RMREV002980,RMPO010366,2023-11-14,2023-11-17,2023-11-24,production_issue
RMREV002981,RMPO010412,2023-11-14,2023-11-19,2023-11-21,production_issue
RMREV002982,RMPO011457,2023-11-14,2023-11-21,2023-11-25,supplier_capacity
RMREV002983,RMPO011487,2023-11-14,2023-11-18,2023-11-21,production_issue
RMREV002984,RMPO011503,2023-11-14,2023-11-14,2023-11-25,expedite_missed
RMREV002985,RMPO011722,2023-11-14,2023-11-16,2023-11-19,production_issue
RMREV002986,RMPO011912,2023-11-14,2023-11-26,2023-11-28,raw_material_shortage
RMREV002987,RMPO011968,2023-11-14,2023-11-16,2023-11-19,supplier_capacity
RMREV002988,RMPO012011,2023-11-14,2023-11-17,2023-11-19,carrier_delay
RMREV002989,RMPO012084,2023-11-14,2023-11-22,2023-11-23,supplier_capacity
RMREV002990,RMPO009947,2023-11-15,2023-11-20,2023-11-24,peak_season_capacity
RMREV002991,RMPO009947,2023-11-15,2023-11-24,2023-11-21,expedite
RMREV002992,RMPO009969,2023-11-15,2023-11-14,2023-11-22,carrier_delay
RMREV002993,RMPO010020,2023-11-15,2023-11-18,2023-11-21,raw_material_shortage
RMREV002994,RMPO010048,2023-11-15,2023-11-25,2023-12-01,peak_season_capacity
RMREV002995,RMPO010065,2023-11-15,2023-11-17,2023-11-23,supplier_capacity
RMREV002996,RMPO010201,2023-11-15,2023-11-20,2023-11-22,peak_season_capacity
RMREV002997,RMPO010290,2023-11-15,2023-11-25,2023-11-28,raw_material_shortage
RMREV002998,RMPO010314,2023-11-15,2023-11-27,2023-12-05,peak_season_capacity
RMREV002999,RMPO010590,2023-11-15,2023-11-22,2023-11-23,production_issue
RMREV003000,RMPO010652,2023-11-15,2023-11-19,2023-11-24,supplier_capacity
RMREV003001,RMPO010652,2023-11-15,2023-11-24,2023-11-21,expedite
RMREV003002,RMPO011119,2023-11-15,2023-11-20,2023-11-24,carrier_delay
RMREV003003,RMPO012052,2023-11-15,2023-11-20,2023-11-26,quality_hold_at_supplier
RMREV003004,RMPO012052,2023-11-15,2023-11-26,2023-11-20,expedite
RMREV003005,RMPO009946,2023-11-16,2023-11-13,2023-11-26,expedite_missed
RMREV003006,RMPO010051,2023-11-16,2023-11-20,2023-11-25,peak_season_capacity
RMREV003007,RMPO010577,2023-11-16,2023-12-01,2023-12-09,carrier_delay
RMREV003008,RMPO010577,2023-11-16,2023-12-09,2023-12-03,expedite
RMREV003009,RMPO010847,2023-11-16,2023-11-19,2023-11-22,supplier_capacity
RMREV003010,RMPO010868,2023-11-16,2023-11-23,2023-12-03,production_issue
RMREV003011,RMPO011370,2023-11-16,2023-11-18,2023-11-22,raw_material_shortage
RMREV003012,RMPO011651,2023-11-16,2023-11-28,2023-12-04,rail_disruption
RMREV003013,RMPO011857,2023-11-16,2023-11-21,2023-11-25,carrier_delay
RMREV003014,RMPO009087,2023-11-17,2023-11-07,2023-11-24,raw_material_shortage
RMREV003015,RMPO010020,2023-11-17,2023-11-21,2023-11-23,raw_material_shortage
RMREV003016,RMPO010066,2023-11-17,2023-11-17,2023-11-23,production_issue
RMREV003017,RMPO010206,2023-11-17,2023-11-23,2023-11-25,peak_season_capacity
RMREV003018,RMPO010286,2023-11-17,2023-11-18,2023-11-28,supplier_capacity
RMREV003019,RMPO010310,2023-11-17,2023-11-23,2023-11-29,peak_season_capacity
RMREV003020,RMPO010680,2023-11-17,2023-11-29,2023-12-03,rail_disruption
RMREV003021,RMPO011348,2023-11-17,2023-11-29,2023-12-03,production_issue
RMREV003022,RMPO011386,2023-11-17,2023-11-19,2023-11-21,production_issue
RMREV003023,RMPO012086,2023-11-17,2023-11-20,2023-11-21,carrier_delay
RMREV003024,RMPO012277,2023-11-17,2023-11-29,2023-12-03,rail_disruption
RMREV003025,RMPO012303,2023-11-17,2023-11-25,2023-12-19,supplier_capacity
RMREV003026,RMPO012303,2023-11-17,2023-12-19,2023-12-16,expedite
RMREV003027,RMPO009790,2023-11-18,2023-11-11,2023-12-06,peak_season_capacity
RMREV003028,RMPO009790,2023-11-18,2023-12-06,2023-12-02,expedite
RMREV003029,RMPO009939,2023-11-18,2023-11-25,2023-11-27,expedite_missed
RMREV003030,RMPO009954,2023-11-18,2023-11-22,2023-11-28,raw_material_shortage
RMREV003031,RMPO010201,2023-11-18,2023-11-22,2023-11-23,peak_season_capacity
RMREV003032,RMPO010366,2023-11-18,2023-11-24,2023-11-29,production_issue
RMREV003033,RMPO010619,2023-11-18,2023-11-21,2023-12-01,carrier_delay
RMREV003034,RMPO010828,2023-11-18,2023-11-19,2023-11-24,carrier_delay
RMREV003035,RMPO010868,2023-11-18,2023-12-03,2023-12-11,production_issue
RMREV003036,RMPO010868,2023-11-18,2023-12-11,2023-12-06,expedite
RMREV003037,RMPO010929,2023-11-18,2023-11-30,2023-12-01,carrier_delay
RMREV003038,RMPO010990,2023-11-18,2023-11-26,2023-12-10,production_issue
RMREV003039,RMPO010990,2023-11-18,2023-12-10,2023-12-04,expedite
RMREV003040,RMPO011119,2023-11-18,2023-11-24,2023-11-28,carrier_delay
RMREV003041,RMPO011189,2023-11-18,2023-11-22,2023-11-23,raw_material_shortage
RMREV003042,RMPO011486,2023-11-18,2023-11-24,2023-11-26,production_issue
RMREV003043,RMPO011523,2023-11-18,2023-11-25,2023-11-28,rail_disruption
RMREV003044,RMPO011674,2023-11-18,2023-11-21,2023-11-25,production_issue
RMREV003045,RMPO011815,2023-11-18,2023-11-29,2023-11-30,supplier_capacity
RMREV003046,RMPO011968,2023-11-18,2023-11-19,2023-11-21,supplier_capacity
RMREV003047,RMPO012052,2023-11-18,2023-11-20,2023-12-01,expedite_missed
RMREV003048,RMPO010315,2023-11-19,2023-11-22,2023-11-30,peak_season_capacity
RMREV003049,RMPO010705,2023-11-19,2023-11-20,2023-11-21,carrier_delay
RMREV003050,RMPO010932,2023-11-19,2023-11-23,2023-11-25,raw_material_shortage
RMREV003051,RMPO011523,2023-11-19,2023-11-28,2023-11-30,rail_disruption
RMREV003052,RMPO011646,2023-11-19,2023-11-29,2023-12-05,rail_disruption
RMREV003053,RMPO011654,2023-11-19,2023-11-27,2023-12-02,rail_disruption
RMREV003054,RMPO011722,2023-11-19,2023-11-19,2023-11-22,production_issue
RMREV003055,RMPO011924,2023-11-19,2023-11-27,2023-11-28,raw_material_shortage
RMREV003056,RMPO012305,2023-11-19,2023-12-01,2023-12-07,raw_material_shortage
RMREV003057,RMPO012305,2023-11-19,2023-12-07,2023-11-30,expedite
RMREV003058,RMPO009436,2023-11-20,2023-11-13,2023-11-22,expedite_missed
RMREV003059,RMPO010067,2023-11-20,2023-11-16,2023-11-22,production_issue
RMREV003060,RMPO010108,2023-11-20,2023-11-19,2023-11-23,supplier_capacity
RMREV003061,RMPO010212,2023-11-20,2023-11-24,2023-12-03,peak_season_capacity
RMREV003062,RMPO010212,2023-11-20,2023-12-03,2023-11-30,expedite
RMREV003063,RMPO011153,2023-11-20,2023-11-19,2023-11-23,supplier_capacity
RMREV003064,RMPO011487,2023-11-20,2023-11-21,2023-11-23,production_issue
RMREV003065,RMPO011522,2023-11-20,2023-11-24,2023-11-27,rail_disruption
RMREV003066,RMPO011642,2023-11-20,2023-11-25,2023-11-27,carrier_delay
RMREV003067,RMPO011645,2023-11-20,2023-11-29,2023-12-05,rail_disruption
RMREV003068,RMPO012192,2023-11-20,2023-11-26,2023-11-29,carrier_delay
RMREV003069,RMPO010554,2023-11-21,2023-12-03,2023-12-19,peak_season_capacity
RMREV003070,RMPO010681,2023-11-21,2023-11-29,2023-12-08,rail_disruption
RMREV003071,RMPO010705,2023-11-21,2023-11-21,2023-11-22,carrier_delay
RMREV003072,RMPO010876,2023-11-21,2023-12-01,2023-12-07,rail_disruption
RMREV003073,RMPO011210,2023-11-21,2023-11-30,2023-12-03,rail_disruption
RMREV003074,RMPO011395,2023-11-21,2023-11-23,2023-11-26,supplier_capacity
RMREV003075,RMPO011651,2023-11-21,2023-12-04,2023-12-09,rail_disruption
RMREV003076,RMPO011652,2023-11-21,2023-11-30,2023-12-06,rail_disruption
RMREV003077,RMPO012038,2023-11-21,2023-11-23,2023-11-24,carrier_delay
RMREV003078,RMPO012039,2023-11-21,2023-11-26,2023-11-27,carrier_delay
RMREV003079,RMPO012086,2023-11-21,2023-11-21,2023-11-22,carrier_delay
RMREV003080,RMPO012227,2023-11-21,2023-11-27,2023-11-29,production_issue
RMREV003081,RMPO012273,2023-11-21,2023-11-22,2023-11-23,production_issue
RMREV003082,RMPO012305,2023-11-21,2023-11-30,2023-12-12,expedite_missed
RMREV003083,RMPO012337,2023-11-21,2023-11-26,2023-11-27,carrier_delay
RMREV003084,RMPO012354,2023-11-21,2023-12-01,2023-12-02,peak_season_capacity
RMREV003085,RMPO012413,2023-11-21,2023-11-26,2023-11-30,rail_disruption
RMREV003086,RMPO012416,2023-11-21,2023-11-25,2023-11-26,carrier_delay
RMREV003087,RMPO012525,2023-11-21,2023-12-01,2023-12-07,rail_disruption
RMREV003088,RMPO009794,2023-11-22,2023-11-21,2023-12-01,peak_season_capacity
RMREV003089,RMPO010485,2023-11-22,2023-11-23,2023-11-26,raw_material_shortage
RMREV003090,RMPO010577,2023-11-22,2023-12-03,2023-12-08,expedite_missed
RMREV003091,RMPO010680,2023-11-22,2023-12-03,2023-12-07,rail_disruption
RMREV003092,RMPO010828,2023-11-22,2023-11-24,2023-11-28,carrier_delay
RMREV003093,RMPO010869,2023-11-22,2023-11-27,2023-12-01,raw_material_shortage
RMREV003094,RMPO010869,2023-11-22,2023-12-01,2023-11-28,expedite
RMREV003095,RMPO010916,2023-11-22,2023-12-01,2023-12-10,production_issue
RMREV003096,RMPO011150,2023-11-22,2023-11-19,2023-11-23,supplier_capacity
RMREV003097,RMPO011210,2023-11-22,2023-12-03,2023-12-05,rail_disruption
RMREV003098,RMPO011349,2023-11-22,2023-12-02,2023-12-05,carrier_delay
RMREV003099,RMPO011395,2023-11-22,2023-11-26,2023-11-28,supplier_capacity
RMREV003100,RMPO011642,2023-11-22,2023-11-27,2023-11-29,carrier_delay
RMREV003101,RMPO012038,2023-11-22,2023-11-24,2023-11-25,carrier_delay
RMREV003102,RMPO012084,2023-11-22,2023-11-23,2023-11-24,supplier_capacity
RMREV003103,RMPO012085,2023-11-22,2023-11-24,2023-11-25,production_issue
RMREV003104,RMPO012331,2023-11-22,2023-12-02,2023-12-03,supplier_capacity
RMREV003105,RMPO012416,2023-11-22,2023-11-26,2023-11-27,carrier_delay
RMREV003106,RMPO012526,2023-11-22,2023-11-27,2023-12-01,rail_disruption
RMREV003107,RMPO009763,2023-11-23,2023-11-18,2023-11-24,production_issue
RMREV003108,RMPO010051,2023-11-23,2023-11-25,2023-11-29,peak_season_capacity
RMREV003109,RMPO010314,2023-11-23,2023-12-05,2023-12-11,peak_season_capacity
RMREV003110,RMPO010376,2023-11-23,2023-11-27,2023-12-04,production_issue
RMREV003111,RMPO011134,2023-11-23,2023-12-05,2023-12-14,raw_material_shortage
RMREV003112,RMPO011151,2023-11-23,2023-11-20,2023-11-24,supplier_capacity
RMREV003113,RMPO011170,2023-11-23,2023-11-22,2023-11-25,expedite_missed
RMREV003114,RMPO011521,2023-11-23,2023-11-27,2023-12-01,rail_disruption
RMREV003115,RMPO011582,2023-11-23,2023-12-04,2023-12-05,raw_material_shortage
RMREV003116,RMPO011674,2023-11-23,2023-11-25,2023-11-28,production_issue
RMREV003117,RMPO011924,2023-11-23,2023-11-28,2023-11-29,raw_material_shortage
RMREV003118,RMPO012085,2023-11-23,2023-11-25,2023-11-26,production_issue
RMREV003119,RMPO012337,2023-11-23,2023-11-27,2023-11-28,carrier_delay
RMREV003120,RMPO012415,2023-11-23,2023-12-01,2023-12-02,production_issue
RMREV003121,RMPO010311,2023-11-24,2023-11-25,2023-12-01,peak_season_capacity
RMREV003122,RMPO010485,2023-11-24,2023-11-26,2023-11-29,raw_material_shortage
RMREV003123,RMPO010869,2023-11-24,2023-11-28,2023-12-02,expedite_missed
RMREV003124,RMPO010990,2023-11-24,2023-12-04,2023-12-20,expedite_missed
RMREV003125,RMPO011348,2023-11-24,2023-12-03,2023-12-07,production_issue
RMREV003126,RMPO011422,2023-11-24,2023-11-27,2023-12-05,raw_material_shortage
RMREV003127,RMPO011521,2023-11-24,2023-12-01,2023-12-04,rail_disruption
RMREV003128,RMPO011648,2023-11-24,2023-11-28,2023-12-04,rail_disruption
RMREV003129,RMPO011653,2023-11-24,2023-12-01,2023-12-06,rail_disruption
RMREV003130,RMPO011654,2023-11-24,2023-12-02,2023-12-06,rail_disruption
RMREV003131,RMPO011655,2023-11-24,2023-11-27,2023-12-03,rail_disruption
RMREV003132,RMPO012039,2023-11-24,2023-11-27,2023-11-28,carrier_delay
RMREV003133,RMPO012079,2023-11-24,2023-11-28,2023-11-30,carrier_delay
RMREV003134,RMPO012544,2023-11-24,2023-12-03,2023-12-07,carrier_delay
RMREV003135,RMPO009947,2023-11-25,2023-11-21,2023-11-27,expedite_missed
RMREV003136,RMPO010315,2023-11-25,2023-11-30,2023-12-06,peak_season_capacity
RMREV003137,RMPO010555,2023-11-25,2023-12-03,2023-12-08,peak_season_capacity
RMREV003138,RMPO010629,2023-11-25,2023-11-30,2023-12-13,raw_material_shortage
RMREV003139,RMPO011649,2023-11-25,2023-11-30,2023-12-06,rail_disruption
RMREV003140,RMPO011650,2023-11-25,2023-11-29,2023-12-06,rail_disruption
RMREV003141,RMPO011912,2023-11-25,2023-11-28,2023-11-29,raw_material_shortage
RMREV003142,RMPO011952,2023-11-25,2023-12-06,2023-12-13,rail_disruption
RMREV003143,RMPO011958,2023-11-25,2023-12-05,2023-12-11,rail_disruption
RMREV003144,RMPO011959,2023-11-25,2023-12-04,2023-12-10,rail_disruption
RMREV003145,RMPO012079,2023-11-25,2023-11-30,2023-12-02,carrier_delay
RMREV003146,RMPO012277,2023-11-25,2023-12-03,2023-12-06,rail_disruption
RMREV003147,RMPO012413,2023-11-25,2023-11-30,2023-12-04,rail_disruption
RMREV003148,RMPO012526,2023-11-25,2023-12-01,2023-12-04,rail_disruption
RMREV003149,RMPO010047,2023-11-26,2023-11-25,2023-12-01,peak_season_capacity
RMREV003150,RMPO010310,2023-11-26,2023-11-29,2023-12-04,peak_season_capacity
RMREV003151,RMPO010572,2023-11-26,2023-11-24,2023-12-06,expedite_missed
RMREV003152,RMPO010585,2023-11-26,2023-11-30,2023-12-04,supplier_capacity
RMREV003153,RMPO010585,2023-11-26,2023-12-04,2023-11-28,expedite
RMREV003154,RMPO010738,2023-11-26,2023-12-07,2023-12-13,production_issue
RMREV003155,RMPO010738,2023-11-26,2023-12-13,2023-12-09,expedite
RMREV003156,RMPO010920,2023-11-26,2023-12-06,2023-12-12,rail_disruption
RMREV003157,RMPO011211,2023-11-26,2023-12-03,2023-12-08,rail_disruption
RMREV003158,RMPO011647,2023-11-26,2023-11-27,2023-12-05,rail_disruption
RMREV003159,RMPO011955,2023-11-26,2023-12-02,2023-12-10,rail_disruption
RMREV003160,RMPO012142,2023-11-26,2023-12-05,2023-12-11,rail_disruption
RMREV003161,RMPO012185,2023-11-26,2023-12-03,2023-12-06,supplier_capacity
RMREV003162,RMPO012415,2023-11-26,2023-12-02,2023-12-03,production_issue
RMREV003163,RMPO009836,2023-11-27,2023-11-26,2023-12-11,production_issue
RMREV003164,RMPO010290,2023-11-27,2023-11-28,2023-11-30,raw_material_shortage
RMREV003165,RMPO010619,2023-11-27,2023-12-01,2023-12-09,carrier_delay
RMREV003166,RMPO010876,2023-11-27,2023-12-07,2023-12-11,rail_disruption
RMREV003167,RMPO011205,2023-11-27,2023-12-08,2023-12-10,rail_disruption
RMREV003168,RMPO011522,2023-11-27,2023-11-27,2023-11-29,rail_disruption
RMREV003169,RMPO011578,2023-11-27,2023-12-08,2023-12-10,raw_material_shortage
RMREV003170,RMPO011743,2023-11-27,2023-11-28,2023-12-02,raw_material_shortage
RMREV003171,RMPO011815,2023-11-27,2023-11-30,2023-12-01,supplier_capacity
RMREV003172,RMPO011953,2023-11-27,2023-12-05,2023-12-11,rail_disruption
RMREV003173,RMPO012121,2023-11-27,2023-12-05,2023-12-07,supplier_capacity
RMREV003174,RMPO012142,2023-11-27,2023-12-11,2023-12-16,rail_disruption
RMREV003175,RMPO012227,2023-11-27,2023-11-29,2023-11-30,production_issue
RMREV003176,RMPO010309,2023-11-28,2023-12-02,2023-12-07,peak_season_capacity
RMREV003177,RMPO010920,2023-11-28,2023-12-12,2023-12-16,rail_disruption
RMREV003178,RMPO010921,2023-11-28,2023-12-06,2023-12-11,rail_disruption
RMREV003179,RMPO010954,2023-11-28,2023-12-07,2023-12-25,quality_hold_at_supplier
RMREV003180,RMPO011534,2023-11-28,2023-11-30,2023-12-02,production_issue
RMREV003181,RMPO011649,2023-11-28,2023-12-06,2023-12-11,rail_disruption
RMREV003182,RMPO011655,2023-11-28,2023-12-03,2023-12-08,rail_disruption
RMREV003183,RMPO011726,2023-11-28,2023-12-10,2023-12-12,production_issue
RMREV003184,RMPO011845,2023-11-28,2023-12-03,2023-12-05,carrier_delay
RMREV003185,RMPO011950,2023-11-28,2023-12-05,2023-12-14,rail_disruption
RMREV003186,RMPO011952,2023-11-28,2023-12-13,2023-12-18,rail_disruption
RMREV003187,RMPO012527,2023-11-28,2023-11-30,2023-12-05,rail_disruption
RMREV003188,RMPO012527,2023-11-28,2023-12-05,2023-12-02,expedite
RMREV003189,RMPO012608,2023-11-28,2023-12-07,2023-12-10,raw_material_shortage
RMREV003190,RMPO012671,2023-11-28,2023-12-02,2023-12-07,rail_disruption
RMREV003191,RMPO012743,2023-11-28,2023-12-06,2023-12-09,supplier_capacity
RMREV003192,RMPO012773,2023-11-28,2023-12-06,2023-12-10,rail_disruption
RMREV003193,RMPO012774,2023-11-28,2023-12-03,2023-12-07,rail_disruption
RMREV003194,RMPO012776,2023-11-28,2023-12-06,2023-12-09,rail_disruption
RMREV003195,RMPO010558,2023-11-29,2023-12-07,2023-12-18,peak_season_capacity
RMREV003196,RMPO010737,2023-11-29,2023-12-04,2023-12-10,carrier_delay
RMREV003197,RMPO011294,2023-11-29,2023-12-04,2023-12-13,raw_material_shortage
RMREV003198,RMPO011650,2023-11-29,2023-12-06,2023-12-12,rail_disruption
RMREV003199,RMPO011650,2023-11-29,2023-12-12,2023-12-05,expedite
RMREV003200,RMPO011653,2023-11-29,2023-12-06,2023-12-10,rail_disruption
RMREV003201,RMPO011852,2023-11-29,2023-11-30,2023-12-03,carrier_delay
RMREV003202,RMPO011957,2023-11-29,2023-12-06,2023-12-15,rail_disruption
RMREV003203,RMPO012184,2023-11-29,2023-11-30,2023-12-03,supplier_capacity
RMREV003204,RMPO012211,2023-11-29,2023-12-07,2023-12-12,supplier_capacity
RMREV003205,RMPO012221,2023-11-29,2023-12-09,2023-12-22,rail_disruption
RMREV003206,RMPO012387,2023-11-29,2023-12-01,2023-12-02,carrier_delay
RMREV003207,RMPO012672,2023-11-29,2023-12-04,2023-12-09,rail_disruption
RMREV003208,RMPO012673,2023-11-29,2023-12-05,2023-12-08,rail_disruption
RMREV003209,RMPO012791,2023-11-29,2023-12-11,2023-12-15,carrier_delay
RMREV003210,RMPO010556,2023-11-30,2023-12-04,2023-12-09,peak_season_capacity
RMREV003211,RMPO010557,2023-11-30,2023-11-29,2023-12-09,peak_season_capacity
RMREV003212,RMPO011094,2023-11-30,2023-12-07,2023-12-11,carrier_delay
RMREV003213,RMPO011330,2023-11-30,2023-12-03,2023-12-05,carrier_delay
RMREV003214,RMPO011534,2023-11-30,2023-12-02,2023-12-04,production_issue
RMREV003215,RMPO011652,2023-11-30,2023-12-06,2023-12-11,rail_disruption
RMREV003216,RMPO011719,2023-11-30,2023-12-11,2023-12-15,rail_disruption
RMREV003217,RMPO011817,2023-11-30,2023-11-25,2023-12-02,peak_season_capacity
RMREV003218,RMPO011852,2023-11-30,2023-12-03,2023-12-06,carrier_delay
RMREV003219,RMPO012192,2023-11-30,2023-11-29,2023-12-01,carrier_delay
RMREV003220,RMPO012492,2023-11-30,2023-12-04,2023-12-21,production_issue
RMREV003221,RMPO012492,2023-11-30,2023-12-21,2023-12-15,expedite
RMREV003222,RMPO012544,2023-11-30,2023-12-07,2023-12-11,carrier_delay
RMREV003223,RMPO012620,2023-11-30,2023-12-04,2023-12-07,carrier_delay
RMREV003224,RMPO012715,2023-11-30,2023-12-10,2023-12-11,raw_material_shortage
RMREV003225,RMPO010585,2023-12-01,2023-11-28,2023-12-02,expedite_missed
RMREV003226,RMPO010629,2023-12-01,2023-12-13,2023-12-23,raw_material_shortage
RMREV003227,RMPO011106,2023-12-01,2023-12-13,2023-12-19,carrier_delay
RMREV003228,RMPO011450,2023-12-01,2023-12-09,2023-12-18,rail_disruption
RMREV003229,RMPO011646,2023-12-01,2023-12-05,2023-12-10,rail_disruption
RMREV003230,RMPO012108,2023-12-01,2023-12-06,2023-12-12,rail_disruption
RMREV003231,RMPO010312,2023-12-02,2023-11-25,2023-12-07,peak_season_capacity
RMREV003232,RMPO010719,2023-12-02,2023-12-04,2023-12-07,peak_season_capacity
RMREV003233,RMPO010719,2023-12-02,2023-12-07,2023-12-04,expedite
RMREV003234,RMPO010826,2023-12-02,2023-12-07,2023-12-13,peak_season_capacity
RMREV003235,RMPO011093,2023-12-02,2023-12-06,2023-12-14,carrier_delay
RMREV003236,RMPO011578,2023-12-02,2023-12-10,2023-12-12,raw_material_shortage
RMREV003237,RMPO011845,2023-12-02,2023-12-05,2023-12-06,carrier_delay
RMREV003238,RMPO011951,2023-12-02,2023-12-07,2023-12-12,rail_disruption
RMREV003239,RMPO012185,2023-12-02,2023-12-06,2023-12-09,supplier_capacity
RMREV003240,RMPO012218,2023-12-02,2023-12-09,2023-12-13,rail_disruption
RMREV003241,RMPO012256,2023-12-02,2023-12-12,2023-12-13,raw_material_shortage
RMREV003242,RMPO012525,2023-12-02,2023-12-07,2023-12-11,rail_disruption
RMREV003243,RMPO012673,2023-12-02,2023-12-08,2023-12-10,rail_disruption
RMREV003244,RMPO012743,2023-12-02,2023-12-09,2023-12-11,supplier_capacity
RMREV003245,RMPO012776,2023-12-02,2023-12-09,2023-12-12,rail_disruption
RMREV003246,RMPO010977,2023-12-03,2023-12-07,2023-12-13,raw_material_shortage
RMREV003247,RMPO011095,2023-12-03,2023-12-05,2023-12-09,raw_material_shortage
RMREV003248,RMPO011206,2023-12-03,2023-12-07,2023-12-09,rail_disruption
RMREV003249,RMPO011330,2023-12-03,2023-12-05,2023-12-07,carrier_delay
RMREV003250,RMPO011579,2023-12-03,2023-12-08,2023-12-15,supplier_capacity
RMREV003251,RMPO011743,2023-12-03,2023-12-02,2023-12-05,raw_material_shortage
RMREV003252,RMPO011957,2023-12-03,2023-12-15,2023-12-22,rail_disruption
RMREV003253,RMPO012184,2023-12-03,2023-12-03,2023-12-05,supplier_capacity
RMREV003254,RMPO012221,2023-12-03,2023-12-22,2024-01-02,rail_disruption
RMREV003255,RMPO010212,2023-12-04,2023-11-30,2023-12-10,expedite_missed
RMREV003256,RMPO010868,2023-12-04,2023-12-06,2023-12-10,expedite_missed
RMREV003257,RMPO010977,2023-12-04,2023-12-13,2023-12-17,raw_material_shortage
RMREV003258,RMPO011066,2023-12-04,2023-12-14,2023-12-20,peak_season_capacity
RMREV003259,RMPO011205,2023-12-04,2023-12-10,2023-12-12,rail_disruption
RMREV003260,RMPO011250,2023-12-04,2023-12-07,2023-12-11,supplier_capacity
RMREV003261,RMPO011251,2023-12-04,2023-12-10,2023-12-14,supplier_capacity
RMREV003262,RMPO011579,2023-12-04,2023-12-15,2023-12-20,supplier_capacity
RMREV003263,RMPO011579,2023-12-04,2023-12-20,2023-12-16,expedite
RMREV003264,RMPO011581,2023-12-04,2023-12-06,2023-12-12,carrier_delay
RMREV003265,RMPO011648,2023-12-04,2023-12-04,2023-12-09,rail_disruption
RMREV003266,RMPO011954,2023-12-04,2023-12-07,2023-12-14,rail_disruption
RMREV003267,RMPO011956,2023-12-04,2023-12-06,2023-12-12,rail_disruption
RMREV003268,RMPO012480,2023-12-04,2023-12-16,2023-12-29,rail_disruption
RMREV003269,RMPO012527,2023-12-04,2023-12-02,2023-12-05,expedite_missed
RMREV003270,RMPO012672,2023-12-04,2023-12-09,2023-12-13,rail_disruption
RMREV003271,RMPO012672,2023-12-04,2023-12-13,2023-12-06,expedite
RMREV003272,RMPO012739,2023-12-04,2023-12-12,2023-12-14,carrier_delay
RMREV003273,RMPO010311,2023-12-05,2023-12-01,2023-12-06,peak_season_capacity
RMREV003274,RMPO010916,2023-12-05,2023-12-10,2023-12-17,production_issue
RMREV003275,RMPO010916,2023-12-05,2023-12-17,2023-12-13,expedite
RMREV003276,RMPO011094,2023-12-05,2023-12-11,2023-12-14,carrier_delay
RMREV003277,RMPO011107,2023-12-05,2023-12-12,2023-12-15,production_issue
RMREV003278,RMPO011132,2023-12-05,2023-12-08,2023-12-15,rail_disruption
RMREV003279,RMPO011623,2023-12-05,2023-12-14,2023-12-17,production_issue
RMREV003280,RMPO011645,2023-12-05,2023-12-05,2023-12-10,rail_disruption
RMREV003281,RMPO012204,2023-12-05,2023-12-12,2023-12-15,raw_material_shortage
RMREV003282,RMPO012211,2023-12-05,2023-12-12,2023-12-16,supplier_capacity
RMREV003283,RMPO012368,2023-12-05,2023-12-11,2023-12-13,supplier_capacity
RMREV003284,RMPO012774,2023-12-05,2023-12-07,2023-12-11,rail_disruption
RMREV003285,RMPO012828,2023-12-05,2023-12-16,2023-12-20,production_issue
RMREV003286,RMPO012929,2023-12-05,2023-12-09,2023-12-16,rail_disruption
RMREV003287,RMPO012930,2023-12-05,2023-12-08,2023-12-14,rail_disruption
RMREV003288,RMPO012932,2023-12-05,2023-12-09,2023-12-12,rail_disruption
RMREV003289,RMPO012933,2023-12-05,2023-12-08,2023-12-13,rail_disruption
RMREV003290,RMPO012934,2023-12-05,2023-12-09,2023-12-15,rail_disruption
RMREV003291,RMPO013010,2023-12-05,2023-12-12,2023-12-13,supplier_capacity
RMREV003292,RMPO010313,2023-12-06,2023-11-26,2023-12-08,peak_season_capacity
RMREV003293,RMPO010719,2023-12-06,2023-12-04,2023-12-09,expedite_missed
RMREV003294,RMPO011069,2023-12-06,2023-12-17,2023-12-21,peak_season_capacity
RMREV003295,RMPO011132,2023-12-06,2023-12-15,2023-12-20,rail_disruption
RMREV003296,RMPO011191,2023-12-06,2023-12-13,2023-12-17,rail_disruption
RMREV003297,RMPO011204,2023-12-06,2023-12-07,2023-12-11,rail_disruption
RMREV003298,RMPO011206,2023-12-06,2023-12-09,2023-12-11,rail_disruption
RMREV003299,RMPO011349,2023-12-06,2023-12-05,2023-12-07,carrier_delay
RMREV003300,RMPO011442,2023-12-06,2023-12-15,2023-12-18,rail_disruption
RMREV003301,RMPO011581,2023-12-06,2023-12-12,2023-12-17,carrier_delay
RMREV003302,RMPO011624,2023-12-06,2023-12-15,2023-12-17,raw_material_shortage
RMREV003303,RMPO012269,2023-12-06,2023-12-13,2023-12-21,supplier_capacity
RMREV003304,RMPO012269,2023-12-06,2023-12-21,2023-12-17,expedite
RMREV003305,RMPO012930,2023-12-06,2023-12-14,2023-12-19,rail_disruption
RMREV003306,RMPO013008,2023-12-06,2023-12-13,2023-12-15,raw_material_shortage
RMREV003307,RMPO010737,2023-12-07,2023-12-10,2023-12-14,carrier_delay
RMREV003308,RMPO010943,2023-12-07,2023-12-12,2023-12-15,peak_season_capacity
RMREV003309,RMPO010950,2023-12-07,2023-12-16,2023-12-22,peak_season_capacity
RMREV003310,RMPO010950,2023-12-07,2023-12-22,2023-12-14,expedite
RMREV003311,RMPO011211,2023-12-07,2023-12-08,2023-12-12,rail_disruption
RMREV003312,RMPO011252,2023-12-07,2023-12-10,2023-12-12,production_issue
RMREV003313,RMPO011343,2023-12-07,2023-12-13,2023-12-18,carrier_delay
RMREV003314,RMPO011441,2023-12-07,2023-12-14,2023-12-20,rail_disruption
RMREV003315,RMPO011580,2023-12-07,2023-12-11,2023-12-18,supplier_capacity
RMREV003316,RMPO011591,2023-12-07,2023-12-19,2023-12-21,supplier_capacity
RMREV003317,RMPO011625,2023-12-07,2023-12-15,2023-12-24,production_issue
RMREV003318,RMPO011647,2023-12-07,2023-12-05,2023-12-12,rail_disruption
RMREV003319,RMPO011846,2023-12-07,2023-12-14,2023-12-16,supplier_capacity
RMREV003320,RMPO011959,2023-12-07,2023-12-10,2023-12-15,rail_disruption
RMREV003321,RMPO011959,2023-12-07,2023-12-15,2023-12-09,expedite
RMREV003322,RMPO012108,2023-12-07,2023-12-12,2023-12-17,rail_disruption
RMREV003323,RMPO012121,2023-12-07,2023-12-07,2023-12-09,supplier_capacity
RMREV003324,RMPO012212,2023-12-07,2023-12-09,2023-12-15,carrier_delay
RMREV003325,RMPO012931,2023-12-07,2023-12-09,2023-12-12,rail_disruption
RMREV003326,RMPO010556,2023-12-08,2023-12-09,2023-12-13,peak_season_capacity
RMREV003327,RMPO011095,2023-12-08,2023-12-09,2023-12-12,raw_material_shortage
RMREV003328,RMPO011252,2023-12-08,2023-12-12,2023-12-14,production_issue
RMREV003329,RMPO011441,2023-12-08,2023-12-20,2023-12-24,rail_disruption
RMREV003330,RMPO011846,2023-12-08,2023-12-16,2023-12-18,supplier_capacity
RMREV003331,RMPO011954,2023-12-08,2023-12-14,2023-12-19,rail_disruption
RMREV003332,RMPO012218,2023-12-08,2023-12-13,2023-12-16,rail_disruption
RMREV003333,RMPO012608,2023-12-08,2023-12-10,2023-12-12,raw_material_shortage
RMREV003334,RMPO012693,2023-12-08,2023-12-17,2023-12-19,carrier_delay
RMREV003335,RMPO012934,2023-12-08,2023-12-15,2023-12-20,rail_disruption
RMREV003336,RMPO010555,2023-12-09,2023-12-08,2023-12-12,peak_season_capacity
RMREV003337,RMPO011068,2023-12-09,2023-12-17,2023-12-21,peak_season_capacity
RMREV003338,RMPO011204,2023-12-09,2023-12-11,2023-12-14,rail_disruption
RMREV003339,RMPO011299,2023-12-09,2023-12-18,2023-12-20,carrier_delay
RMREV003340,RMPO011726,2023-12-09,2023-12-12,2023-12-13,production_issue
RMREV003341,RMPO011798,2023-12-09,2023-12-17,2023-12-22,raw_material_shortage
RMREV003342,RMPO011953,2023-12-09,2023-12-11,2023-12-16,rail_disruption
RMREV003343,RMPO011956,2023-12-09,2023-12-12,2023-12-17,rail_disruption
RMREV003344,RMPO011958,2023-12-09,2023-12-11,2023-12-16,rail_disruption
RMREV003345,RMPO012671,2023-12-09,2023-12-07,2023-12-11,rail_disruption
RMREV003346,RMPO012739,2023-12-09,2023-12-14,2023-12-15,carrier_delay
RMREV003347,RMPO012997,2023-12-09,2023-12-16,2023-12-18,production_issue
RMREV003348,RMPO011067,2023-12-10,2023-12-18,2023-12-25,peak_season_capacity
RMREV003349,RMPO011067,2023-12-10,2023-12-25,2023-12-18,expedite
RMREV003350,RMPO011073,2023-12-10,2023-12-14,2023-12-18,peak_season_capacity
RMREV003351,RMPO011450,2023-12-10,2023-12-18,2023-12-25,rail_disruption
RMREV003352,RMPO011538,2023-12-10,2023-12-11,2023-12-13,supplier_capacity
RMREV003353,RMPO012196,2023-12-10,2023-12-18,2023-12-21,supplier_capacity
RMREV003354,RMPO012204,2023-12-10,2023-12-15,2023-12-17,raw_material_shortage
RMREV003355,RMPO012217,2023-12-10,2023-12-13,2023-12-18,rail_disruption
RMREV003356,RMPO012222,2023-12-10,2023-12-12,2023-12-26,rail_disruption
RMREV003357,RMPO012222,2023-12-10,2023-12-26,2023-12-19,expedite
RMREV003358,RMPO012932,2023-12-10,2023-12-12,2023-12-14,rail_disruption
RMREV003359,RMPO012999,2023-12-10,2023-12-18,2023-12-19,production_issue
RMREV003360,RMPO013010,2023-12-10,2023-12-13,2023-12-14,supplier_capacity
RMREV003361,RMPO010312,2023-12-11,2023-12-07,2023-12-16,peak_season_capacity
RMREV003362,RMPO010943,2023-12-11,2023-12-15,2023-12-17,peak_season_capacity
RMREV003363,RMPO011072,2023-12-11,2023-12-16,2023-12-22,peak_season_capacity
RMREV003364,RMPO011251,2023-12-11,2023-12-14,2023-12-17,supplier_capacity
RMREV003365,RMPO011294,2023-12-11,2023-12-13,2023-12-20,raw_material_shortage
RMREV003366,RMPO011294,2023-12-11,2023-12-20,2023-12-13,expedite
RMREV003367,RMPO011308,2023-12-11,2023-12-23,2024-01-13,production_issue
RMREV003368,RMPO011343,2023-12-11,2023-12-18,2023-12-22,carrier_delay
RMREV003369,RMPO011538,2023-12-11,2023-12-13,2023-12-14,supplier_capacity
RMREV003370,RMPO011959,2023-12-11,2023-12-09,2023-12-14,expedite_missed
RMREV003371,RMPO012138,2023-12-11,2023-12-13,2023-12-16,supplier_capacity
RMREV003372,RMPO012212,2023-12-11,2023-12-15,2023-12-19,carrier_delay
RMREV003373,RMPO012264,2023-12-11,2023-12-20,2023-12-26,raw_material_shortage
RMREV003374,RMPO012539,2023-12-11,2023-12-17,2023-12-22,raw_material_shortage
RMREV003375,RMPO012539,2023-12-11,2023-12-22,2023-12-17,expedite
RMREV003376,RMPO012619,2023-12-11,2023-12-20,2023-12-24,raw_material_shortage
RMREV003377,RMPO012631,2023-12-11,2023-12-20,2023-12-25,raw_material_shortage
RMREV003378,RMPO012672,2023-12-11,2023-12-06,2023-12-13,expedite_missed
RMREV003379,RMPO012929,2023-12-11,2023-12-16,2023-12-22,rail_disruption
RMREV003380,RMPO013008,2023-12-11,2023-12-15,2023-12-16,raw_material_shortage
RMREV003381,RMPO010955,2023-12-12,2023-12-15,2023-12-22,peak_season_capacity
RMREV003382,RMPO010955,2023-12-12,2023-12-22,2023-12-19,expedite
RMREV003383,RMPO011225,2023-12-12,2023-12-17,2023-12-25,carrier_delay
RMREV003384,RMPO011250,2023-12-12,2023-12-11,2023-12-14,supplier_capacity
RMREV003385,RMPO011951,2023-12-12,2023-12-12,2023-12-16,rail_disruption
RMREV003386,RMPO011955,2023-12-12,2023-12-10,2023-12-17,rail_disruption
RMREV003387,RMPO011955,2023-12-12,2023-12-17,2023-12-14,expedite
RMREV003388,RMPO012997,2023-12-12,2023-12-18,2023-12-20,production_issue
RMREV003389,RMPO013009,2023-12-12,2023-12-14,2023-12-16,production_issue
RMREV003390,RMPO013201,2023-12-12,2023-12-16,2023-12-22,rail_disruption
RMREV003391,RMPO013203,2023-12-12,2023-12-16,2023-12-23,rail_disruption
RMREV003392,RMPO013292,2023-12-12,2023-12-23,2023-12-24,raw_material_shortage
RMREV003393,RMPO013314,2023-12-12,2023-12-21,2023-12-23,raw_material_shortage
RMREV003394,RMPO013315,2023-12-12,2023-12-17,2023-12-19,carrier_delay
RMREV003395,RMPO010738,2023-12-13,2023-12-09,2023-12-16,expedite_missed
RMREV003396,RMPO011071,2023-12-13,2023-12-17,2023-12-29,peak_season_capacity
RMREV003397,RMPO011327,2023-12-13,2023-12-20,2023-12-26,peak_season_capacity
RMREV003398,RMPO011590,2023-12-13,2023-12-20,2023-12-27,production_issue
RMREV003399,RMPO011624,2023-12-13,2023-12-17,2023-12-18,raw_material_shortage
RMREV003400,RMPO012474,2023-12-13,2023-12-21,2023-12-29,supplier_capacity
RMREV003401,RMPO012476,2023-12-13,2023-12-20,2023-12-24,supplier_capacity
RMREV003402,RMPO012773,2023-12-13,2023-12-10,2023-12-14,rail_disruption
RMREV003403,RMPO012791,2023-12-13,2023-12-15,2023-12-19,carrier_delay
RMREV003404,RMPO012931,2023-12-13,2023-12-12,2023-12-14,rail_disruption
RMREV003405,RMPO013202,2023-12-13,2023-12-16,2023-12-22,rail_disruption
RMREV003406,RMPO013312,2023-12-13,2023-12-20,2023-12-21,production_issue
RMREV003407,RMPO013315,2023-12-13,2023-12-19,2023-12-21,carrier_delay
RMREV003408,RMPO013332,2023-12-13,2023-12-18,2023-12-25,carrier_delay
RMREV003409,RMPO010557,2023-12-14,2023-12-09,2023-12-17,peak_season_capacity
RMREV003410,RMPO011070,2023-12-14,2023-12-16,2023-12-28,peak_season_capacity
RMREV003411,RMPO011073,2023-12-14,2023-12-18,2023-12-21,peak_season_capacity
RMREV003412,RMPO011107,2023-12-14,2023-12-15,2023-12-18,production_issue
RMREV003413,RMPO011326,2023-12-14,2023-12-21,2023-12-27,peak_season_capacity
RMREV003414,RMPO012269,2023-12-14,2023-12-17,2023-12-23,expedite_missed
RMREV003415,RMPO012368,2023-12-14,2023-12-13,2023-12-15,supplier_capacity
RMREV003416,RMPO012475,2023-12-14,2023-12-18,2023-12-25,supplier_capacity
RMREV003417,RMPO012619,2023-12-14,2023-12-24,2023-12-27,raw_material_shortage
RMREV003418,RMPO013092,2023-12-14,2023-12-23,2023-12-25,supplier_capacity
RMREV003419,RMPO011192,2023-12-15,2023-12-16,2023-12-24,rail_disruption
RMREV003420,RMPO011192,2023-12-15,2023-12-24,2023-12-20,expedite
RMREV003421,RMPO011350,2023-12-15,2023-12-21,2023-12-30,carrier_delay
RMREV003422,RMPO011589,2023-12-15,2023-12-19,2023-12-25,raw_material_shortage
RMREV003423,RMPO011590,2023-12-15,2023-12-27,2024-01-01,production_issue
RMREV003424,RMPO012138,2023-12-15,2023-12-16,2023-12-19,supplier_capacity
RMREV003425,RMPO012222,2023-12-15,2023-12-19,2024-01-05,expedite_missed
RMREV003426,RMPO012473,2023-12-15,2023-12-16,2023-12-20,rail_disruption
RMREV003427,RMPO012476,2023-12-15,2023-12-24,2023-12-28,supplier_capacity
RMREV003428,RMPO012730,2023-12-15,2023-12-27,2023-12-29,supplier_capacity
RMREV003429,RMPO012864,2023-12-15,2023-12-27,2024-01-02,raw_material_shortage
RMREV003430,RMPO013046,2023-12-15,2023-12-17,2023-12-18,raw_material_shortage
RMREV003431,RMPO013255,2023-12-15,2023-12-24,2023-12-26,carrier_delay
RMREV003432,RMPO010313,2023-12-16,2023-12-08,2023-12-18,peak_season_capacity
RMREV003433,RMPO011495,2023-12-16,2023-12-21,2024-01-06,carrier_delay
RMREV003434,RMPO011719,2023-12-16,2023-12-15,2023-12-19,rail_disruption
RMREV003435,RMPO012217,2023-12-16,2023-12-18,2023-12-22,rail_disruption
RMREV003436,RMPO012266,2023-12-16,2023-12-22,2023-12-24,supplier_capacity
RMREV003437,RMPO012693,2023-12-16,2023-12-19,2023-12-21,carrier_delay
RMREV003438,RMPO012899,2023-12-16,2023-12-28,2023-12-29,production_issue
RMREV003439,RMPO013009,2023-12-16,2023-12-16,2023-12-17,production_issue
RMREV003440,RMPO013091,2023-12-16,2023-12-23,2023-12-24,supplier_capacity
RMREV003441,RMPO013254,2023-12-16,2023-12-26,2023-12-29,supplier_capacity
RMREV003442,RMPO013284,2023-12-16,2023-12-20,2024-01-05,raw_material_shortage
RMREV003443,RMPO013284,2023-12-16,2024-01-05,2024-01-01,expedite
RMREV003444,RMPO010826,2023-12-17,2023-12-13,2023-12-18,peak_season_capacity
RMREV003445,RMPO011067,2023-12-17,2023-12-18,2023-12-30,expedite_missed
RMREV003446,RMPO011299,2023-12-17,2023-12-20,2023-12-22,carrier_delay
RMREV003447,RMPO011392,2023-12-17,2023-12-21,2023-12-25,production_issue
RMREV003448,RMPO011836,2023-12-17,2023-12-19,2023-12-22,raw_material_shortage
RMREV003449,RMPO012474,2023-12-17,2023-12-29,2024-01-04,supplier_capacity
RMREV003450,RMPO012631,2023-12-17,2023-12-25,2023-12-29,raw_material_shortage
RMREV003451,RMPO012879,2023-12-17,2023-12-29,2023-12-31,production_issue
RMREV003452,RMPO013117,2023-12-17,2023-12-22,2023-12-26,production_issue
RMREV003453,RMPO013329,2023-12-17,2023-12-28,2023-12-30,raw_material_shortage
RMREV003454,RMPO011071,2023-12-18,2023-12-29,2024-01-08,peak_season_capacity
RMREV003455,RMPO011308,2023-12-18,2024-01-13,2024-01-31,production_issue
RMREV003456,RMPO011329,2023-12-18,2023-12-24,2023-12-28,peak_season_capacity
RMREV003457,RMPO011392,2023-12-18,2023-12-25,2023-12-28,production_issue
RMREV003458,RMPO011442,2023-12-18,2023-12-18,2023-12-21,rail_disruption
RMREV003459,RMPO011588,2023-12-18,2023-12-19,2023-12-20,supplier_capacity
RMREV003460,RMPO012173,2023-12-18,2023-12-20,2023-12-28,carrier_delay
RMREV003461,RMPO012949,2023-12-18,2023-12-27,2023-12-28,raw_material_shortage
RMREV003462,RMPO013203,2023-12-18,2023-12-23,2023-12-28,rail_disruption
RMREV003463,RMPO013291,2023-12-18,2023-12-28,2023-12-29,supplier_capacity
RMREV003464,RMPO011069,2023-12-19,2023-12-21,2023-12-25,peak_season_capacity
RMREV003465,RMPO011685,2023-12-19,2023-12-22,2023-12-27,production_issue
RMREV003466,RMPO011836,2023-12-19,2023-12-22,2023-12-25,raw_material_shortage
RMREV003467,RMPO012173,2023-12-19,2023-12-28,2024-01-04,carrier_delay
RMREV003468,RMPO013137,2023-12-19,2023-12-22,2023-12-24,raw_material_shortage
RMREV003469,RMPO013255,2023-12-19,2023-12-26,2023-12-28,carrier_delay
RMREV003470,RMPO013442,2023-12-19,2023-12-24,2023-12-28,carrier_delay
RMREV003471,RMPO011328,2023-12-20,2023-12-21,2023-12-25,peak_season_capacity
RMREV003472,RMPO011573,2023-12-20,2023-12-31,2024-01-08,peak_season_capacity
RMREV003473,RMPO011685,2023-12-20,2023-12-27,2023-12-31,production_issue
RMREV003474,RMPO012264,2023-12-20,2023-12-26,2023-12-30,raw_material_shortage
RMREV003475,RMPO012666,2023-12-20,2023-12-26,2023-12-28,carrier_delay
RMREV003476,RMPO013092,2023-12-20,2023-12-25,2023-12-26,supplier_capacity
RMREV003477,RMPO013404,2023-12-20,2023-12-29,2023-12-30,raw_material_shortage
RMREV003478,RMPO013442,2023-12-20,2023-12-28,2023-12-31,carrier_delay
RMREV003479,RMPO010950,2023-12-21,2023-12-14,2023-12-27,expedite_missed
RMREV003480,RMPO010955,2023-12-21,2023-12-19,2023-12-28,expedite_missed
RMREV003481,RMPO011068,2023-12-21,2023-12-21,2023-12-25,peak_season_capacity
RMREV003482,RMPO011550,2023-12-21,2023-12-30,2024-01-12,production_issue
RMREV003483,RMPO011577,2023-12-21,2023-12-30,2024-01-05,peak_season_capacity
RMREV003484,RMPO011591,2023-12-21,2023-12-21,2023-12-22,supplier_capacity
RMREV003485,RMPO011625,2023-12-21,2023-12-24,2023-12-31,production_issue
RMREV003486,RMPO011799,2023-12-21,2023-12-22,2024-01-01,carrier_delay
RMREV003487,RMPO012234,2023-12-21,2023-12-31,2024-01-02,carrier_delay
RMREV003488,RMPO012950,2023-12-21,2023-12-24,2023-12-25,production_issue
RMREV003489,RMPO013201,2023-12-21,2023-12-22,2023-12-27,rail_disruption
RMREV003490,RMPO011580,2023-12-22,2023-12-18,2023-12-23,supplier_capacity
RMREV003491,RMPO012234,2023-12-22,2024-01-02,2024-01-03,carrier_delay
RMREV003492,RMPO012497,2023-12-22,2023-12-24,2023-12-28,supplier_capacity
RMREV003493,RMPO012667,2023-12-22,2023-12-30,2024-01-02,supplier_capacity
RMREV003494,RMPO012732,2023-12-22,2023-12-25,2023-12-27,supplier_capacity
RMREV003495,RMPO012877,2023-12-22,2023-12-25,2023-12-26,production_issue
RMREV003496,RMPO013137,2023-12-22,2023-12-24,2023-12-25,raw_material_shortage
RMREV003497,RMPO013314,2023-12-22,2023-12-23,2023-12-25,raw_material_shortage
RMREV003498,RMPO011328,2023-12-23,2023-12-25,2023-12-29,peak_season_capacity
RMREV003499,RMPO011329,2023-12-23,2023-12-28,2024-01-02,peak_season_capacity
RMREV003500,RMPO011575,2023-12-23,2023-12-27,2023-12-31,peak_season_capacity
RMREV003501,RMPO012115,2023-12-23,2023-12-26,2024-01-11,carrier_delay
RMREV003502,RMPO012497,2023-12-23,2023-12-28,2023-12-31,supplier_capacity
RMREV003503,RMPO012729,2023-12-23,2023-12-27,2024-01-02,supplier_capacity
RMREV003504,RMPO012756,2023-12-23,2024-01-04,2024-01-11,raw_material_shortage
RMREV003505,RMPO012878,2023-12-23,2023-12-26,2023-12-27,production_issue
RMREV003506,RMPO012949,2023-12-23,2023-12-28,2023-12-29,raw_material_shortage
RMREV003507,RMPO013202,2023-12-23,2023-12-22,2023-12-27,rail_disruption
RMREV003508,RMPO013294,2023-12-23,2024-01-02,2024-01-04,production_issue
RMREV003509,RMPO011066,2023-12-24,2023-12-20,2023-12-25,peak_season_capacity
RMREV003510,RMPO011572,2023-12-24,2023-12-31,2024-01-06,peak_season_capacity
RMREV003511,RMPO011577,2023-12-24,2024-01-05,2024-01-10,peak_season_capacity
RMREV003512,RMPO011577,2023-12-24,2024-01-10,2024-01-04,expedite
RMREV003513,RMPO011798,2023-12-24,2023-12-22,2023-12-26,raw_material_shortage
RMREV003514,RMPO011941,2023-12-24,2024-01-01,2024-01-15,supplier_capacity
RMREV003515,RMPO011941,2023-12-24,2024-01-15,2024-01-12,expedite
RMREV003516,RMPO012539,2023-12-24,2023-12-17,2023-12-26,expedite_missed
RMREV003517,RMPO012667,2023-12-24,2024-01-02,2024-01-04,supplier_capacity
RMREV003518,RMPO012703,2023-12-24,2024-01-01,2024-01-18,production_issue
RMREV003519,RMPO012703,2023-12-24,2024-01-18,2024-01-10,expedite
RMREV003520,RMPO012950,2023-12-24,2023-12-25,2023-12-26,production_issue
RMREV003521,RMPO013228,2023-12-24,2023-12-31,2024-01-05,supplier_capacity
RMREV003522,RMPO013254,2023-12-24,2023-12-29,2023-12-31,supplier_capacity
RMREV003523,RMPO013371,2023-12-24,2023-12-30,2024-01-02,supplier_capacity
RMREV003524,RMPO011072,2023-12-25,2023-12-22,2023-12-27,peak_season_capacity
RMREV003525,RMPO011300,2023-12-25,2023-12-26,2023-12-29,raw_material_shortage
RMREV003526,RMPO011327,2023-12-25,2023-12-26,2023-12-31,peak_season_capacity
RMREV003527,RMPO011327,2023-12-25,2023-12-31,2023-12-27,expedite
RMREV003528,RMPO012266,2023-12-25,2023-12-24,2023-12-26,supplier_capacity
RMREV003529,RMPO012877,2023-12-25,2023-12-26,2023-12-27,production_issue
RMREV003530,RMPO012878,2023-12-25,2023-12-27,2023-12-28,production_issue
RMREV003531,RMPO012965,2023-12-25,2023-12-30,2024-01-01,supplier_capacity
RMREV003532,RMPO013329,2023-12-25,2023-12-30,2023-12-31,raw_material_shortage
RMREV003533,RMPO013404,2023-12-25,2023-12-30,2023-12-31,raw_material_shortage
RMREV003534,RMPO013443,2023-12-25,2023-12-29,2024-01-14,carrier_delay
RMREV003535,RMPO011944,2023-12-26,2024-01-04,2024-01-17,production_issue
RMREV003536,RMPO012345,2023-12-26,2024-01-01,2024-01-11,raw_material_shortage
RMREV003537,RMPO012978,2023-12-26,2023-12-30,2024-01-02,supplier_capacity
RMREV003538,RMPO013648,2023-12-26,2024-01-06,2024-01-13,supplier_capacity
RMREV003539,RMPO013678,2023-12-26,2024-01-01,2024-01-02,peak_season_capacity
RMREV003540,RMPO013709,2023-12-26,2024-01-05,2024-01-08,raw_material_shortage
RMREV003541,RMPO013822,2023-12-26,2024-01-03,2024-01-05,raw_material_shortage
RMREV003542,RMPO013832,2023-12-26,2024-01-06,2024-01-14,carrier_delay
RMREV003543,RMPO011326,2023-12-27,2023-12-27,2024-01-01,peak_season_capacity
RMREV003544,RMPO011327,2023-12-27,2023-12-27,2023-12-30,expedite_missed
RMREV003545,RMPO012344,2023-12-27,2023-12-31,2024-01-06,raw_material_shortage
RMREV003546,RMPO012990,2023-12-27,2024-01-01,2024-02-02,supplier_capacity
RMREV003547,RMPO012782,2023-12-28,2024-01-03,2024-01-12,carrier_delay
RMREV003548,RMPO012862,2023-12-28,2024-01-01,2024-01-03,raw_material_shortage
RMREV003549,RMPO012899,2023-12-28,2023-12-29,2023-12-30,production_issue
RMREV003550,RMPO012989,2023-12-28,2024-01-02,2024-02-04,supplier_capacity
RMREV003551,RMPO013294,2023-12-28,2024-01-04,2024-01-05,production_issue
RMREV003552,RMPO013371,2023-12-28,2024-01-02,2024-01-04,supplier_capacity
RMREV003553,RMPO011300,2023-12-29,2023-12-29,2023-12-31,raw_material_shortage
RMREV003554,RMPO011575,2023-12-29,2023-12-31,2024-01-03,peak_season_capacity
RMREV003555,RMPO011576,2023-12-29,2023-12-31,2024-01-06,peak_season_capacity
RMREV003556,RMPO011576,2023-12-29,2024-01-06,2023-12-31,expedite
RMREV003557,RMPO011589,2023-12-29,2023-12-25,2023-12-30,raw_material_shortage
RMREV003558,RMPO011840,2023-12-29,2024-01-06,2024-02-05,supplier_capacity
RMREV003559,RMPO012475,2023-12-29,2023-12-25,2023-12-31,supplier_capacity
RMREV003560,RMPO012666,2023-12-29,2023-12-28,2023-12-30,carrier_delay
RMREV003561,RMPO012767,2023-12-29,2024-01-01,2024-01-13,supplier_capacity
RMREV003562,RMPO012908,2023-12-29,2024-01-05,2024-01-09,carrier_delay
RMREV003563,RMPO012994,2023-12-29,2024-01-02,2024-01-05,supplier_capacity
RMREV003564,RMPO013196,2023-12-29,2024-01-09,2024-01-16,supplier_capacity
RMREV003565,RMPO011577,2023-12-30,2024-01-04,2024-01-08,expedite_missed
RMREV003566,RMPO011909,2023-12-30,2023-12-31,2024-01-18,raw_material_shortage
RMREV003567,RMPO011945,2023-12-30,2024-01-04,2024-01-08,production_issue
RMREV003568,RMPO012371,2023-12-30,2024-01-01,2024-01-08,supplier_capacity
RMREV003569,RMPO013227,2023-12-30,2023-12-31,2024-01-03,production_issue
RMREV003570,RMPO013332,2023-12-30,2023-12-25,2023-12-31,carrier_delay
RMREV003571,RMPO013788,2023-12-30,2024-01-09,2024-01-11,production_issue
RMREV003572,RMPO012006,2023-12-31,2024-01-03,2024-01-07,raw_material_shortage
RMREV003573,RMPO012766,2023-12-31,2024-01-01,2024-01-04,carrier_delay
RMREV003574,RMPO013128,2023-12-31,2024-01-06,2024-01-11,supplier_capacity
RMREV003575,RMPO013864,2023-12-31,2024-01-07,2024-01-11,supplier_capacity
RMREV003576,RMPO012993,2024-01-01,2024-01-03,2024-01-06,supplier_capacity
RMREV003577,RMPO013276,2024-01-01,2024-01-10,2024-01-12,supplier_capacity
RMREV003578,RMPO013284,2024-01-01,2024-01-01,2024-01-05,expedite_missed
RMREV003579,RMPO013302,2024-01-01,2024-01-13,2024-01-19,labor_strike
RMREV003580,RMPO013480,2024-01-01,2024-01-02,2024-01-07,raw_material_shortage
RMREV003581,RMPO011070,2024-01-02,2023-12-28,2024-01-06,peak_season_capacity
RMREV003582,RMPO011350,2024-01-02,2023-12-30,2024-01-06,carrier_delay
RMREV003583,RMPO012125,2024-01-02,2024-01-08,2024-01-14,production_issue
RMREV003584,RMPO012461,2024-01-02,2024-01-14,2024-01-23,production_issue
RMREV003585,RMPO012461,2024-01-02,2024-01-23,2024-01-20,expedite
RMREV003586,RMPO012965,2024-01-02,2024-01-01,2024-01-03,supplier_capacity
RMREV003587,RMPO013081,2024-01-02,2024-01-03,2024-01-11,carrier_delay
RMREV003588,RMPO013162,2024-01-02,2024-01-07,2024-01-10,carrier_delay
RMREV003589,RMPO013270,2024-01-02,2024-01-09,2024-01-17,supplier_capacity
RMREV003590,RMPO013788,2024-01-02,2024-01-11,2024-01-12,production_issue
RMREV003591,RMPO013985,2024-01-02,2024-01-12,2024-01-14,carrier_delay
RMREV003592,RMPO014070,2024-01-02,2024-01-13,2024-01-17,labor_strike
RMREV003593,RMPO011941,2024-01-03,2024-01-12,2024-01-14,expedite_missed
RMREV003594,RMPO012417,2024-01-03,2024-01-09,2024-01-10,carrier_delay
RMREV003595,RMPO012423,2024-01-03,2024-01-10,2024-01-15,production_issue
RMREV003596,RMPO012601,2024-01-03,2024-01-12,2024-01-27,carrier_delay
RMREV003597,RMPO012601,2024-01-03,2024-01-27,2024-01-21,expedite
RMREV003598,RMPO012881,2024-01-03,2024-01-15,2024-01-19,supplier_capacity
RMREV003599,RMPO012923,2024-01-03,2024-01-12,2024-01-18,carrier_delay
RMREV003600,RMPO013253,2024-01-03,2024-01-06,2024-01-17,carrier_delay
RMREV003601,RMPO013273,2024-01-03,2024-01-10,2024-01-12,supplier_capacity
RMREV003602,RMPO013274,2024-01-03,2024-01-14,2024-01-20,carrier_delay
RMREV003603,RMPO013435,2024-01-03,2024-01-11,2024-01-15,raw_material_shortage
RMREV003604,RMPO013630,2024-01-03,2024-01-14,2024-01-22,labor_strike
RMREV003605,RMPO012126,2024-01-04,2024-01-14,2024-01-18,production_issue
RMREV003606,RMPO012766,2024-01-04,2024-01-04,2024-01-07,carrier_delay
RMREV003607,RMPO013145,2024-01-04,2024-01-11,2024-01-14,raw_material_shortage
RMREV003608,RMPO013146,2024-01-04,2024-01-11,2024-01-16,production_issue
RMREV003609,RMPO013421,2024-01-04,2024-01-11,2024-01-17,supplier_capacity
RMREV003610,RMPO012445,2024-01-05,2024-01-07,2024-01-26,production_issue
RMREV003611,RMPO012514,2024-01-05,2024-01-12,2024-01-15,carrier_delay
RMREV003612,RMPO013055,2024-01-05,2024-01-14,2024-01-21,labor_strike
RMREV003613,RMPO013420,2024-01-05,2024-01-08,2024-01-12,production_issue
RMREV003614,RMPO013639,2024-01-05,2024-01-13,2024-01-15,production_issue
RMREV003615,RMPO013655,2024-01-05,2024-01-15,2024-01-19,production_issue
RMREV003616,RMPO013815,2024-01-05,2024-01-09,2024-01-11,raw_material_shortage
RMREV003617,RMPO013816,2024-01-05,2024-01-11,2024-01-14,supplier_capacity
RMREV003618,RMPO011572,2024-01-06,2024-01-06,2024-01-10,peak_season_capacity
RMREV003619,RMPO012186,2024-01-06,2024-01-14,2024-01-21,production_issue
RMREV003620,RMPO012186,2024-01-06,2024-01-21,2024-01-16,expedite
RMREV003621,RMPO012319,2024-01-06,2024-01-13,2024-01-17,labor_strike
RMREV003622,RMPO012355,2024-01-06,2024-01-13,2024-01-28,labor_strike
RMREV003623,RMPO012568,2024-01-06,2024-01-18,2024-01-27,labor_strike
RMREV003624,RMPO012699,2024-01-06,2024-01-24,2024-01-26,production_issue
RMREV003625,RMPO012942,2024-01-06,2024-01-16,2024-01-24,supplier_capacity
RMREV003626,RMPO012942,2024-01-06,2024-01-24,2024-01-21,expedite
RMREV003627,RMPO013196,2024-01-06,2024-01-16,2024-01-19,supplier_capacity
RMREV003628,RMPO013197,2024-01-06,2024-01-17,2024-01-21,labor_strike
RMREV003629,RMPO013490,2024-01-06,2024-01-13,2024-01-20,labor_strike
RMREV003630,RMPO013723,2024-01-06,2024-01-07,2024-01-10,raw_material_shortage
RMREV003631,RMPO013228,2024-01-07,2024-01-05,2024-01-09,supplier_capacity
RMREV003632,RMPO013516,2024-01-07,2024-01-17,2024-02-28,supplier_capacity
RMREV003633,RMPO011576,2024-01-08,2023-12-31,2024-01-10,expedite_missed
RMREV003634,RMPO012186,2024-01-08,2024-01-16,2024-01-26,expedite_missed
RMREV003635,RMPO012344,2024-01-08,2024-01-06,2024-01-10,raw_material_shortage
RMREV003636,RMPO012703,2024-01-08,2024-01-10,2024-01-17,expedite_missed
RMREV003637,RMPO013277,2024-01-08,2024-01-11,2024-01-13,supplier_capacity
RMREV003638,RMPO013302,2024-01-08,2024-01-19,2024-01-21,labor_strike
RMREV003639,RMPO013339,2024-01-08,2024-01-13,2024-01-27,carrier_delay
RMREV003640,RMPO013339,2024-01-08,2024-01-27,2024-01-19,expedite
RMREV003641,RMPO014075,2024-01-08,2024-01-08,2024-01-24,production_issue
RMREV003642,RMPO014075,2024-01-08,2024-01-24,2024-01-16,expedite
RMREV003643,RMPO012372,2024-01-09,2024-01-15,2024-02-13,production_issue
RMREV003644,RMPO012418,2024-01-09,2024-01-10,2024-01-11,carrier_delay
RMREV003645,RMPO012514,2024-01-09,2024-01-15,2024-01-20,carrier_delay
RMREV003646,RMPO012681,2024-01-09,2024-01-18,2024-02-21,labor_strike
RMREV003647,RMPO013191,2024-01-09,2024-01-21,2024-01-30,labor_strike
RMREV003648,RMPO013191,2024-01-09,2024-01-30,2024-01-23,expedite
RMREV003649,RMPO013491,2024-01-09,2024-01-12,2024-01-14,production_issue
RMREV003650,RMPO013665,2024-01-09,2024-01-10,2024-01-13,supplier_capacity
RMREV003651,RMPO013909,2024-01-09,2024-01-18,2024-01-24,labor_strike
RMREV003652,RMPO014070,2024-01-09,2024-01-17,2024-01-20,labor_strike
RMREV003653,RMPO014203,2024-01-09,2024-01-19,2024-01-20,raw_material_shortage
RMREV003654,RMPO014237,2024-01-09,2024-01-14,2024-01-24,labor_strike
RMREV003655,RMPO014238,2024-01-09,2024-01-14,2024-01-18,labor_strike
RMREV003656,RMPO014259,2024-01-09,2024-01-13,2024-01-16,raw_material_shortage
RMREV003657,RMPO014319,2024-01-09,2024-01-13,2024-01-15,supplier_capacity
RMREV003658,RMPO014331,2024-01-09,2024-01-16,2024-01-19,carrier_delay
RMREV003659,RMPO014374,2024-01-09,2024-01-15,2024-01-16,supplier_capacity
RMREV003660,RMPO012333,2024-01-10,2024-01-14,2024-01-23,supplier_capacity
RMREV003661,RMPO012397,2024-01-10,2024-01-21,2024-01-29,production_issue
RMREV003662,RMPO012599,2024-01-10,2024-01-12,2024-01-13,raw_material_shortage
RMREV003663,RMPO012727,2024-01-10,2024-01-21,2024-02-04,supplier_capacity
RMREV003664,RMPO013420,2024-01-10,2024-01-12,2024-01-13,production_issue
RMREV003665,RMPO013692,2024-01-10,2024-01-19,2024-01-26,labor_strike
RMREV003666,RMPO013736,2024-01-10,2024-01-15,2024-01-17,raw_material_shortage
RMREV003667,RMPO013781,2024-01-10,2024-01-18,2024-01-22,labor_strike
RMREV003668,RMPO014069,2024-01-10,2024-01-13,2024-01-24,labor_strike
RMREV003669,RMPO014074,2024-01-10,2024-01-16,2024-01-17,supplier_capacity
RMREV003670,RMPO014329,2024-01-10,2024-01-17,2024-01-19,carrier_delay
RMREV003671,RMPO011495,2024-01-11,2024-01-06,2024-01-19,carrier_delay
RMREV003672,RMPO011550,2024-01-11,2024-01-12,2024-01-23,production_issue
RMREV003673,RMPO011573,2024-01-11,2024-01-08,2024-01-14,peak_season_capacity
RMREV003674,RMPO012396,2024-01-11,2024-01-20,2024-02-12,raw_material_shortage
RMREV003675,RMPO012626,2024-01-11,2024-01-20,2024-01-25,labor_strike
RMREV003676,RMPO012778,2024-01-11,2024-01-19,2024-01-21,raw_material_shortage
RMREV003677,RMPO012827,2024-01-11,2024-01-18,2024-01-26,labor_strike
RMREV003678,RMPO013190,2024-01-11,2024-01-19,2024-01-25,labor_strike
RMREV003679,RMPO013194,2024-01-11,2024-01-15,2024-01-27,labor_strike
RMREV003680,RMPO013492,2024-01-11,2024-01-12,2024-01-14,supplier_capacity
RMREV003681,RMPO013542,2024-01-11,2024-01-16,2024-01-26,labor_strike
RMREV003682,RMPO013548,2024-01-11,2024-01-22,2024-01-25,supplier_capacity
RMREV003683,RMPO013689,2024-01-11,2024-01-16,2024-01-22,labor_strike
RMREV003684,RMPO012446,2024-01-12,2024-01-13,2024-02-01,carrier_delay
RMREV003685,RMPO013023,2024-01-12,2024-01-23,2024-02-01,carrier_delay
RMREV003686,RMPO013023,2024-01-12,2024-02-01,2024-01-28,expedite
RMREV003687,RMPO013513,2024-01-12,2024-01-18,2024-01-26,supplier_capacity
RMREV003688,RMPO012814,2024-01-13,2024-01-25,2024-02-02,labor_strike
RMREV003689,RMPO012923,2024-01-13,2024-01-18,2024-01-22,carrier_delay
RMREV003690,RMPO013054,2024-01-13,2024-01-14,2024-01-23,labor_strike
RMREV003691,RMPO013193,2024-01-13,2024-01-17,2024-01-24,labor_strike
RMREV003692,RMPO013197,2024-01-13,2024-01-21,2024-01-23,labor_strike
RMREV003693,RMPO013412,2024-01-13,2024-01-18,2024-01-23,supplier_capacity
RMREV003694,RMPO013955,2024-01-13,2024-01-23,2024-01-27,supplier_capacity
RMREV003695,RMPO012567,2024-01-14,2024-01-25,2024-01-27,supplier_capacity
RMREV003696,RMPO012676,2024-01-14,2024-01-18,2024-01-29,labor_strike
RMREV003697,RMPO013145,2024-01-14,2024-01-14,2024-01-16,raw_material_shortage
RMREV003698,RMPO013189,2024-01-14,2024-01-19,2024-01-21,labor_strike
RMREV003699,RMPO013630,2024-01-14,2024-01-22,2024-01-24,labor_strike
RMREV003700,RMPO013675,2024-01-14,2024-01-17,2024-01-19,carrier_delay
RMREV003701,RMPO013809,2024-01-14,2024-01-25,2024-02-01,supplier_capacity
RMREV003702,RMPO014142,2024-01-14,2024-01-24,2024-02-01,quality_hold_at_supplier
RMREV003703,RMPO014142,2024-01-14,2024-02-01,2024-01-27,expedite
RMREV003704,RMPO014188,2024-01-14,2024-01-21,2024-01-22,supplier_capacity
RMREV003705,RMPO014328,2024-01-14,2024-01-23,2024-01-29,carrier_delay
RMREV003706,RMPO012678,2024-01-15,2024-01-16,2024-01-27,labor_strike
RMREV003707,RMPO013192,2024-01-15,2024-01-21,2024-01-28,labor_strike
RMREV003708,RMPO013784,2024-01-15,2024-01-20,2024-01-29,labor_strike
RMREV003709,RMPO013805,2024-01-15,2024-01-22,2024-01-24,supplier_capacity
RMREV003710,RMPO014166,2024-01-15,2024-01-25,2024-02-04,labor_strike
RMREV003711,RMPO012126,2024-01-16,2024-01-18,2024-01-20,production_issue
RMREV003712,RMPO012677,2024-01-16,2024-01-17,2024-01-28,labor_strike
RMREV003713,RMPO012682,2024-01-16,2024-01-17,2024-02-20,labor_strike
RMREV003714,RMPO012683,2024-01-16,2024-01-17,2024-01-26,labor_strike
RMREV003715,RMPO012727,2024-01-16,2024-02-04,2024-02-08,supplier_capacity
RMREV003716,RMPO013152,2024-01-16,2024-01-22,2024-02-09,raw_material_shortage
RMREV003717,RMPO013247,2024-01-16,2024-01-26,2024-02-04,carrier_delay
RMREV003718,RMPO013783,2024-01-16,2024-01-18,2024-01-23,labor_strike
RMREV003719,RMPO013826,2024-01-16,2024-01-22,2024-01-29,supplier_capacity
RMREV003720,RMPO013956,2024-01-16,2024-01-22,2024-01-31,labor_strike
RMREV003721,RMPO014041,2024-01-16,2024-01-25,2024-02-03,labor_strike
RMREV003722,RMPO014041,2024-01-16,2024-02-03,2024-01-30,expedite
RMREV003723,RMPO014188,2024-01-16,2024-01-22,2024-01-24,supplier_capacity
RMREV003724,RMPO014408,2024-01-16,2024-01-23,2024-02-03,raw_material_shortage
RMREV003725,RMPO014508,2024-01-16,2024-01-20,2024-01-22,raw_material_shortage
RMREV003726,RMPO014509,2024-01-16,2024-01-19,2024-01-21,carrier_delay
RMREV003727,RMPO014626,2024-01-16,2024-01-24,2024-01-28,labor_strike
RMREV003728,RMPO014628,2024-01-16,2024-01-26,2024-01-28,supplier_capacity
RMREV003729,RMPO012152,2024-01-17,2024-01-19,2024-01-22,raw_material_shortage
RMREV003730,RMPO012569,2024-01-17,2024-01-18,2024-01-22,labor_strike
RMREV003731,RMPO012624,2024-01-17,2024-01-23,2024-01-28,labor_strike
RMREV003732,RMPO012830,2024-01-17,2024-01-28,2024-02-08,raw_material_shortage
RMREV003733,RMPO013023,2024-01-17,2024-01-28,2024-02-01,expedite_missed
RMREV003734,RMPO013090,2024-01-17,2024-01-28,2024-02-08,labor_strike
RMREV003735,RMPO013246,2024-01-17,2024-01-25,2024-01-28,production_issue
RMREV003736,RMPO013435,2024-01-17,2024-01-15,2024-01-19,raw_material_shortage
RMREV003737,RMPO013550,2024-01-17,2024-01-23,2024-01-30,labor_strike
RMREV003738,RMPO013908,2024-01-17,2024-01-26,2024-01-31,labor_strike
RMREV003739,RMPO014045,2024-01-17,2024-01-28,2024-02-02,labor_strike
RMREV003740,RMPO014046,2024-01-17,2024-01-27,2024-01-30,labor_strike
RMREV003741,RMPO012426,2024-01-18,2024-01-20,2024-01-23,carrier_delay
RMREV003742,RMPO012624,2024-01-18,2024-01-28,2024-01-30,labor_strike
RMREV003743,RMPO012941,2024-01-18,2024-01-23,2024-01-29,labor_strike
RMREV003744,RMPO012972,2024-01-18,2024-01-26,2024-01-28,carrier_delay
RMREV003745,RMPO013089,2024-01-18,2024-01-25,2024-02-05,labor_strike
RMREV003746,RMPO013734,2024-01-18,2024-01-23,2024-01-28,labor_strike
RMREV003747,RMPO013734,2024-01-18,2024-01-28,2024-01-25,expedite
RMREV003748,RMPO013955,2024-01-18,2024-01-27,2024-02-01,supplier_capacity
RMREV003749,RMPO014042,2024-01-18,2024-01-27,2024-02-05,labor_strike
RMREV003750,RMPO014075,2024-01-18,2024-01-16,2024-01-19,expedite_missed
RMREV003751,RMPO014142,2024-01-18,2024-01-27,2024-02-04,expedite_missed
RMREV003752,RMPO014585,2024-01-18,2024-01-26,2024-02-01,supplier_capacity
RMREV003753,RMPO014585,2024-01-18,2024-02-01,2024-01-29,expedite
RMREV003754,RMPO012373,2024-01-19,2024-01-20,2024-02-20,supplier_capacity
RMREV003755,RMPO012552,2024-01-19,2024-01-24,2024-02-08,raw_material_shortage
RMREV003756,RMPO012552,2024-01-19,2024-02-08,2024-02-03,expedite
RMREV003757,RMPO012639,2024-01-19,2024-01-22,2024-02-09,supplier_capacity
RMREV003758,RMPO012826,2024-01-19,2024-01-21,2024-01-29,labor_strike
RMREV003759,RMPO012940,2024-01-19,2024-01-24,2024-02-07,supplier_capacity
RMREV003760,RMPO013216,2024-01-19,2024-01-22,2024-01-24,supplier_capacity
RMREV003761,RMPO013244,2024-01-19,2024-01-25,2024-02-14,carrier_delay
RMREV003762,RMPO013322,2024-01-19,2024-01-23,2024-01-27,labor_strike
RMREV003763,RMPO013675,2024-01-19,2024-01-19,2024-01-20,carrier_delay
RMREV003764,RMPO013735,2024-01-19,2024-01-23,2024-01-27,labor_strike
RMREV003765,RMPO013782,2024-01-19,2024-01-25,2024-02-01,labor_strike
RMREV003766,RMPO013825,2024-01-19,2024-01-21,2024-01-28,raw_material_shortage
RMREV003767,RMPO013910,2024-01-19,2024-01-24,2024-02-02,labor_strike
RMREV003768,RMPO011909,2024-01-20,2024-01-18,2024-02-01,raw_material_shortage
RMREV003769,RMPO012566,2024-01-20,2024-01-21,2024-01-23,carrier_delay
RMREV003770,RMPO012815,2024-01-20,2024-01-25,2024-01-29,labor_strike
RMREV003771,RMPO013248,2024-01-20,2024-01-27,2024-02-02,carrier_delay
RMREV003772,RMPO013783,2024-01-20,2024-01-23,2024-01-27,labor_strike
RMREV003773,RMPO014163,2024-01-20,2024-02-01,2024-02-12,port_congestion
RMREV003774,RMPO014229,2024-01-20,2024-02-01,2024-02-02,carrier_delay
RMREV003775,RMPO014331,2024-01-20,2024-01-19,2024-01-22,carrier_delay
RMREV003776,RMPO014435,2024-01-20,2024-01-27,2024-01-30,supplier_capacity
RMREV003777,RMPO014575,2024-01-20,2024-01-27,2024-01-31,labor_strike
RMREV003778,RMPO014576,2024-01-20,2024-01-27,2024-02-07,labor_strike
RMREV003779,RMPO012938,2024-01-21,2024-01-23,2024-02-06,raw_material_shortage
RMREV003780,RMPO012943,2024-01-21,2024-02-01,2024-03-02,carrier_delay
RMREV003781,RMPO013078,2024-01-21,2024-01-23,2024-01-24,raw_material_shortage
RMREV003782,RMPO013189,2024-01-21,2024-01-21,2024-01-25,labor_strike
RMREV003783,RMPO013189,2024-01-21,2024-01-25,2024-01-23,expedite
RMREV003784,RMPO013304,2024-01-21,2024-02-02,2024-02-17,port_congestion
RMREV003785,RMPO013304,2024-01-21,2024-02-17,2024-02-13,expedite
RMREV003786,RMPO013587,2024-01-21,2024-01-31,2024-02-19,port_congestion
RMREV003787,RMPO013587,2024-01-21,2024-02-19,2024-02-12,expedite
RMREV003788,RMPO013909,2024-01-21,2024-01-24,2024-01-27,labor_strike
RMREV003789,RMPO014627,2024-01-21,2024-01-25,2024-01-26,production_issue
RMREV003790,RMPO012885,2024-01-22,2024-02-02,2024-02-13,supplier_capacity
RMREV003791,RMPO013261,2024-01-22,2024-02-02,2024-02-03,supplier_capacity
RMREV003792,RMPO013303,2024-01-22,2024-02-02,2024-03-02,port_congestion
RMREV003793,RMPO013322,2024-01-22,2024-01-27,2024-01-29,labor_strike
RMREV003794,RMPO013339,2024-01-22,2024-01-19,2024-01-24,expedite_missed
RMREV003795,RMPO014200,2024-01-22,2024-01-31,2024-02-08,production_issue
RMREV003796,RMPO014214,2024-01-22,2024-01-30,2024-02-08,raw_material_shortage
RMREV003797,RMPO014427,2024-01-22,2024-02-03,2024-02-09,supplier_capacity
RMREV003798,RMPO014433,2024-01-22,2024-01-27,2024-01-30,production_issue
RMREV003799,RMPO014582,2024-01-22,2024-01-30,2024-01-31,carrier_delay
RMREV003800,RMPO014585,2024-01-22,2024-01-29,2024-02-01,expedite_missed
RMREV003801,RMPO014626,2024-01-22,2024-01-28,2024-02-01,labor_strike
RMREV003802,RMPO012939,2024-01-23,2024-01-25,2024-02-08,carrier_delay
RMREV003803,RMPO012939,2024-01-23,2024-02-08,2024-02-04,expedite
RMREV003804,RMPO013086,2024-01-23,2024-01-25,2024-02-04,labor_strike
RMREV003805,RMPO013244,2024-01-23,2024-02-14,2024-02-21,carrier_delay
RMREV003806,RMPO013244,2024-01-23,2024-02-21,2024-02-15,expedite
RMREV003807,RMPO013246,2024-01-23,2024-01-28,2024-02-02,production_issue
RMREV003808,RMPO014046,2024-01-23,2024-01-30,2024-02-01,labor_strike
RMREV003809,RMPO014404,2024-01-23,2024-01-25,2024-02-13,raw_material_shortage
RMREV003810,RMPO014404,2024-01-23,2024-02-13,2024-02-07,expedite
RMREV003811,RMPO014611,2024-01-23,2024-01-29,2024-02-02,port_congestion
RMREV003812,RMPO014627,2024-01-23,2024-01-26,2024-01-27,production_issue
RMREV003813,RMPO014702,2024-01-23,2024-02-01,2024-02-07,port_congestion
RMREV003814,RMPO014757,2024-01-23,2024-01-28,2024-02-08,labor_strike
RMREV003815,RMPO014773,2024-01-23,2024-01-27,2024-01-28,carrier_delay
RMREV003816,RMPO014776,2024-01-23,2024-01-27,2024-01-28,carrier_delay
RMREV003817,RMPO014777,2024-01-23,2024-01-26,2024-01-27,raw_material_shortage
RMREV003818,RMPO014853,2024-01-23,2024-01-31,2024-02-01,supplier_capacity
RMREV003819,RMPO012813,2024-01-24,2024-01-25,2024-01-29,labor_strike
RMREV003820,RMPO013249,2024-01-24,2024-01-26,2024-02-01,raw_material_shortage
RMREV003821,RMPO013320,2024-01-24,2024-02-01,2024-02-05,production_issue
RMREV003822,RMPO013963,2024-01-24,2024-02-01,2024-02-15,raw_material_shortage
RMREV003823,RMPO013963,2024-01-24,2024-02-15,2024-02-11,expedite
RMREV003824,RMPO014063,2024-01-24,2024-02-03,2024-02-12,supplier_capacity
RMREV003825,RMPO014068,2024-01-24,2024-02-01,2024-02-21,supplier_capacity
RMREV003826,RMPO014078,2024-01-24,2024-02-01,2024-02-05,raw_material_shortage
RMREV003827,RMPO014256,2024-01-24,2024-01-25,2024-01-28,carrier_delay
RMREV003828,RMPO014426,2024-01-24,2024-02-02,2024-02-04,production_issue
RMREV003829,RMPO014551,2024-01-24,2024-01-30,2024-02-01,raw_material_shortage
RMREV003830,RMPO014588,2024-01-24,2024-01-26,2024-01-31,raw_material_shortage
RMREV003831,RMPO014872,2024-01-24,2024-02-05,2024-02-07,port_congestion
RMREV003832,RMPO013590,2024-01-25,2024-02-02,2024-02-18,port_congestion
RMREV003833,RMPO013590,2024-01-25,2024-02-18,2024-02-11,expedite
RMREV003834,RMPO013593,2024-01-25,2024-01-31,2024-02-22,port_congestion
RMREV003835,RMPO013593,2024-01-25,2024-02-22,2024-02-18,expedite
RMREV003836,RMPO013597,2024-01-25,2024-02-04,2024-02-20,port_congestion
RMREV003837,RMPO013597,2024-01-25,2024-02-20,2024-02-12,expedite
RMREV003838,RMPO013604,2024-01-25,2024-02-01,2024-02-09,port_congestion
RMREV003839,RMPO013604,2024-01-25,2024-02-09,2024-02-03,expedite
RMREV003840,RMPO013731,2024-01-25,2024-02-04,2024-02-05,carrier_delay
RMREV003841,RMPO013877,2024-01-25,2024-02-01,2024-02-15,port_congestion
RMREV003842,RMPO013877,2024-01-25,2024-02-15,2024-02-11,expedite
RMREV003843,RMPO013976,2024-01-25,2024-02-04,2024-02-14,port_congestion
RMREV003844,RMPO013978,2024-01-25,2024-02-04,2024-02-10,port_congestion
RMREV003845,RMPO014321,2024-01-25,2024-02-06,2024-02-14,supplier_capacity
RMREV003846,RMPO014600,2024-01-25,2024-01-27,2024-01-31,raw_material_shortage
RMREV003847,RMPO014871,2024-01-25,2024-02-05,2024-02-15,port_congestion
RMREV003848,RMPO014921,2024-01-25,2024-01-28,2024-02-09,production_issue
RMREV003849,RMPO014921,2024-01-25,2024-02-09,2024-02-01,expedite
RMREV003850,RMPO014922,2024-01-25,2024-02-01,2024-02-16,port_congestion
RMREV003851,RMPO012598,2024-01-26,2024-01-27,2024-02-24,raw_material_shortage
RMREV003852,RMPO012939,2024-01-26,2024-02-04,2024-02-08,expedite_missed
RMREV003853,RMPO013087,2024-01-26,2024-01-28,2024-02-04,labor_strike
RMREV003854,RMPO013591,2024-01-26,2024-01-30,2024-02-08,port_congestion
RMREV003855,RMPO013591,2024-01-26,2024-02-08,2024-02-04,expedite
RMREV003856,RMPO013734,2024-01-26,2024-01-25,2024-01-29,expedite_missed
RMREV003857,RMPO013752,2024-01-26,2024-02-04,2024-02-19,port_congestion
RMREV003858,RMPO013830,2024-01-26,2024-01-28,2024-02-01,raw_material_shortage
RMREV003859,RMPO013879,2024-01-26,2024-01-31,2024-02-08,port_congestion
RMREV003860,RMPO013879,2024-01-26,2024-02-08,2024-02-03,expedite
RMREV003861,RMPO014470,2024-01-26,2024-02-06,2024-02-08,raw_material_shortage
RMREV003862,RMPO014574,2024-01-26,2024-01-27,2024-02-05,labor_strike
RMREV003863,RMPO014920,2024-01-26,2024-01-29,2024-02-12,port_congestion
RMREV003864,RMPO014920,2024-01-26,2024-02-12,2024-02-04,expedite
RMREV003865,RMPO014925,2024-01-26,2024-01-29,2024-02-13,port_congestion
RMREV003866,RMPO014925,2024-01-26,2024-02-13,2024-02-10,expedite
RMREV003867,RMPO014930,2024-01-26,2024-01-28,2024-02-16,carrier_delay
RMREV003868,RMPO013450,2024-01-27,2024-01-28,2024-02-06,production_issue
RMREV003869,RMPO013501,2024-01-27,2024-02-10,2024-02-19,port_congestion
RMREV003870,RMPO013501,2024-01-27,2024-02-19,2024-02-15,expedite
RMREV003871,RMPO013591,2024-01-27,2024-02-04,2024-02-13,expedite_missed
RMREV003872,RMPO013645,2024-01-27,2024-02-08,2024-02-10,raw_material_shortage
RMREV003873,RMPO013735,2024-01-27,2024-01-27,2024-01-30,labor_strike
RMREV003874,RMPO013874,2024-01-27,2024-01-30,2024-02-11,port_congestion
RMREV003875,RMPO013874,2024-01-27,2024-02-11,2024-02-08,expedite
RMREV003876,RMPO014017,2024-01-27,2024-02-08,2024-02-17,port_congestion
RMREV003877,RMPO014162,2024-01-27,2024-02-01,2024-02-07,port_congestion
RMREV003878,RMPO014165,2024-01-27,2024-01-28,2024-02-07,labor_strike
RMREV003879,RMPO014307,2024-01-27,2024-02-06,2024-02-12,production_issue
RMREV003880,RMPO014343,2024-01-27,2024-01-30,2024-02-08,port_congestion
RMREV003881,RMPO014343,2024-01-27,2024-02-08,2024-02-05,expedite
RMREV003882,RMPO014420,2024-01-27,2024-02-06,2024-02-16,port_congestion
RMREV003883,RMPO014926,2024-01-27,2024-02-05,2024-02-10,port_congestion
RMREV003884,RMPO014926,2024-01-27,2024-02-10,2024-02-02,expedite
RMREV003885,RMPO014932,2024-01-27,2024-01-31,2024-02-19,carrier_delay
RMREV003886,RMPO012552,2024-01-28,2024-02-03,2024-02-08,expedite_missed
RMREV003887,RMPO013362,2024-01-28,2024-01-30,2024-02-20,carrier_delay
RMREV003888,RMPO013362,2024-01-28,2024-02-20,2024-02-14,expedite
RMREV003889,RMPO013486,2024-01-28,2024-02-05,2024-02-14,production_issue
RMREV003890,RMPO013544,2024-01-28,2024-02-09,2024-02-15,port_congestion
RMREV003891,RMPO013696,2024-01-28,2024-02-05,2024-02-08,carrier_delay
RMREV003892,RMPO013782,2024-01-28,2024-02-01,2024-02-03,labor_strike
RMREV003893,RMPO013886,2024-01-28,2024-02-10,2024-02-15,port_congestion
RMREV003894,RMPO013886,2024-01-28,2024-02-15,2024-02-09,expedite
RMREV003895,RMPO013980,2024-01-28,2024-01-31,2024-02-08,production_issue
RMREV003896,RMPO014096,2024-01-28,2024-01-31,2024-02-06,production_issue
RMREV003897,RMPO014097,2024-01-28,2024-02-05,2024-02-07,port_congestion
RMREV003898,RMPO014161,2024-01-28,2024-02-01,2024-02-12,port_congestion
RMREV003899,RMPO014161,2024-01-28,2024-02-12,2024-02-08,expedite
RMREV003900,RMPO014581,2024-01-28,2024-01-30,2024-01-31,supplier_capacity
RMREV003901,RMPO014652,2024-01-28,2024-01-29,2024-02-15,port_congestion
RMREV003902,RMPO014652,2024-01-28,2024-02-15,2024-02-08,expedite
RMREV003903,RMPO014805,2024-01-28,2024-02-08,2024-02-11,production_issue
RMREV003904,RMPO014872,2024-01-28,2024-02-07,2024-02-10,port_congestion
RMREV003905,RMPO014920,2024-01-28,2024-02-04,2024-02-09,expedite_missed
RMREV003906,RMPO014935,2024-01-28,2024-02-01,2024-02-10,carrier_delay
RMREV003907,RMPO014936,2024-01-28,2024-02-04,2024-02-11,supplier_capacity
RMREV003908,RMPO014936,2024-01-28,2024-02-11,2024-02-04,expedite
RMREV003909,RMPO013406,2024-01-29,2024-02-07,2024-02-17,supplier_capacity
RMREV003910,RMPO013570,2024-01-29,2024-01-31,2024-02-15,carrier_delay
RMREV003911,RMPO013590,2024-01-29,2024-02-11,2024-02-12,expedite_missed
RMREV003912,RMPO013605,2024-01-29,2024-02-05,2024-02-17,port_congestion
RMREV003913,RMPO013696,2024-01-29,2024-02-08,2024-02-12,carrier_delay
RMREV003914,RMPO014130,2024-01-29,2024-02-01,2024-02-11,port_congestion
RMREV003915,RMPO014130,2024-01-29,2024-02-11,2024-02-06,expedite
RMREV003916,RMPO014282,2024-01-29,2024-02-01,2024-02-02,raw_material_shortage
RMREV003917,RMPO014605,2024-01-29,2024-02-06,2024-02-13,raw_material_shortage
RMREV003918,RMPO014611,2024-01-29,2024-02-02,2024-02-04,port_congestion
RMREV003919,RMPO014655,2024-01-29,2024-02-08,2024-02-12,port_congestion
RMREV003920,RMPO014655,2024-01-29,2024-02-12,2024-02-06,expedite
RMREV003921,RMPO014848,2024-01-29,2024-02-08,2024-02-11,production_issue
RMREV003922,RMPO014851,2024-01-29,2024-02-02,2024-02-04,production_issue
RMREV003923,RMPO014924,2024-01-29,2024-02-08,2024-02-22,port_congestion
RMREV003924,RMPO014924,2024-01-29,2024-02-22,2024-02-16,expedite
RMREV003925,RMPO012813,2024-01-30,2024-01-29,2024-01-31,labor_strike
RMREV003926,RMPO013460,2024-01-30,2024-02-08,2024-02-11,carrier_delay
RMREV003927,RMPO013489,2024-01-30,2024-02-01,2024-02-18,supplier_capacity
RMREV003928,RMPO013604,2024-01-30,2024-02-03,2024-02-09,expedite_missed
RMREV003929,RMPO013644,2024-01-30,2024-02-08,2024-02-10,production_issue
RMREV003930,RMPO013829,2024-01-30,2024-01-31,2024-02-02,carrier_delay
RMREV003931,RMPO014130,2024-01-30,2024-02-06,2024-02-16,expedite_missed
RMREV003932,RMPO014161,2024-01-30,2024-02-08,2024-02-12,expedite_missed
RMREV003933,RMPO014282,2024-01-30,2024-02-02,2024-02-03,raw_material_shortage
RMREV003934,RMPO014419,2024-01-30,2024-02-08,2024-02-19,port_congestion
RMREV003935,RMPO014552,2024-01-30,2024-01-31,2024-02-02,carrier_delay
RMREV003936,RMPO014607,2024-01-30,2024-02-06,2024-02-12,supplier_capacity
RMREV003937,RMPO014738,2024-01-30,2024-02-04,2024-02-06,supplier_capacity
RMREV003938,RMPO014936,2024-01-30,2024-02-04,2024-02-13,expedite_missed
RMREV003939,RMPO014971,2024-01-30,2024-02-03,2024-02-09,port_congestion
RMREV003940,RMPO014971,2024-01-30,2024-02-09,2024-02-01,expedite
RMREV003941,RMPO014974,2024-01-30,2024-02-07,2024-02-12,port_congestion
RMREV003942,RMPO014989,2024-01-30,2024-02-04,2024-02-13,port_congestion
RMREV003943,RMPO014990,2024-01-30,2024-02-01,2024-02-04,port_congestion
RMREV003944,RMPO014995,2024-01-30,2024-02-06,2024-02-14,port_congestion
RMREV003945,RMPO015034,2024-01-30,2024-02-02,2024-02-03,supplier_capacity
RMREV003946,RMPO015050,2024-01-30,2024-02-03,2024-02-05,production_issue
RMREV003947,RMPO015140,2024-01-30,2024-02-07,2024-02-12,port_congestion
RMREV003948,RMPO015160,2024-01-30,2024-02-07,2024-02-08,production_issue
RMREV003949,RMPO013261,2024-01-31,2024-02-03,2024-02-04,supplier_capacity
RMREV003950,RMPO013450,2024-01-31,2024-02-06,2024-02-13,production_issue
RMREV003951,RMPO013879,2024-01-31,2024-02-03,2024-02-11,expedite_missed
RMREV003952,RMPO014121,2024-01-31,2024-02-07,2024-02-11,supplier_capacity
RMREV003953,RMPO014138,2024-01-31,2024-02-09,2024-03-01,port_congestion
RMREV003954,RMPO014138,2024-01-31,2024-03-01,2024-02-22,expedite
RMREV003955,RMPO014236,2024-01-31,2024-02-07,2024-02-13,carrier_delay
RMREV003956,RMPO014719,2024-01-31,2024-02-10,2024-02-21,port_congestion
RMREV003957,RMPO014921,2024-01-31,2024-02-01,2024-02-05,expedite_missed
RMREV003958,RMPO014937,2024-01-31,2024-02-07,2024-02-12,port_congestion
RMREV003959,RMPO014937,2024-01-31,2024-02-12,2024-02-07,expedite
RMREV003960,RMPO013731,2024-02-01,2024-02-05,2024-02-06,carrier_delay
RMREV003961,RMPO013811,2024-02-01,2024-02-03,2024-02-08,port_congestion
RMREV003962,RMPO014121,2024-02-01,2024-02-11,2024-02-12,supplier_capacity
RMREV003963,RMPO014135,2024-02-01,2024-02-07,2024-02-21,port_congestion
RMREV003964,RMPO014135,2024-02-01,2024-02-21,2024-02-13,expedite
RMREV003965,RMPO014233,2024-02-01,2024-02-13,2024-02-22,port_congestion
RMREV003966,RMPO014343,2024-02-01,2024-02-05,2024-02-08,expedite_missed
RMREV003967,RMPO014469,2024-02-01,2024-02-06,2024-02-08,raw_material_shortage
RMREV003968,RMPO014661,2024-02-01,2024-02-13,2024-02-21,port_congestion
RMREV003969,RMPO014680,2024-02-01,2024-02-09,2024-02-15,production_issue
RMREV003970,RMPO014718,2024-02-01,2024-02-10,2024-02-21,port_congestion
RMREV003971,RMPO013185,2024-02-02,2024-02-08,2024-02-27,port_congestion
RMREV003972,RMPO013185,2024-02-02,2024-02-27,2024-02-20,expedite
RMREV003973,RMPO013264,2024-02-02,2024-02-07,2024-02-14,supplier_capacity
RMREV003974,RMPO013501,2024-02-02,2024-02-15,2024-02-17,expedite_missed
RMREV003975,RMPO013552,2024-02-02,2024-02-14,2024-02-27,supplier_capacity
RMREV003976,RMPO013874,2024-02-02,2024-02-08,2024-02-11,expedite_missed
RMREV003977,RMPO014234,2024-02-02,2024-02-10,2024-02-15,port_congestion
RMREV003978,RMPO014234,2024-02-02,2024-02-15,2024-02-07,expedite
RMREV003979,RMPO014324,2024-02-02,2024-02-06,2024-02-08,supplier_capacity
RMREV003980,RMPO014418,2024-02-02,2024-02-08,2024-02-19,port_congestion
RMREV003981,RMPO014570,2024-02-02,2024-02-14,2024-02-20,supplier_capacity
RMREV003982,RMPO014868,2024-02-02,2024-02-13,2024-02-17,supplier_capacity
RMREV003983,RMPO014939,2024-02-02,2024-02-12,2024-02-22,port_congestion
RMREV003984,RMPO014939,2024-02-02,2024-02-22,2024-02-17,expedite
RMREV003985,RMPO014972,2024-02-02,2024-02-04,2024-02-09,port_congestion
RMREV003986,RMPO014988,2024-02-02,2024-02-09,2024-02-19,port_congestion
RMREV003987,RMPO014992,2024-02-02,2024-02-08,2024-02-15,port_congestion
RMREV003988,RMPO015160,2024-02-02,2024-02-08,2024-02-09,production_issue
RMREV003989,RMPO013504,2024-02-03,2024-02-10,2024-02-12,port_congestion
RMREV003990,RMPO013504,2024-02-03,2024-02-12,2024-02-05,expedite
RMREV003991,RMPO013596,2024-02-03,2024-02-11,2024-02-16,carrier_delay
RMREV003992,RMPO013596,2024-02-03,2024-02-16,2024-02-12,expedite
RMREV003993,RMPO013829,2024-02-03,2024-02-02,2024-02-04,carrier_delay
RMREV003994,RMPO013866,2024-02-03,2024-02-05,2024-02-27,production_issue
RMREV003995,RMPO013886,2024-02-03,2024-02-09,2024-02-15,expedite_missed
RMREV003996,RMPO013930,2024-02-03,2024-02-12,2024-02-22,raw_material_shortage
RMREV003997,RMPO013977,2024-02-03,2024-02-08,2024-02-11,port_congestion
RMREV003998,RMPO014066,2024-02-03,2024-02-04,2024-02-24,supplier_capacity
RMREV003999,RMPO014066,2024-02-03,2024-02-24,2024-02-18,expedite
RMREV004000,RMPO014141,2024-02-03,2024-02-10,2024-02-28,port_congestion
RMREV004001,RMPO014141,2024-02-03,2024-02-28,2024-02-24,expedite
RMREV004002,RMPO014336,2024-02-03,2024-02-04,2024-02-05,supplier_capacity
RMREV004003,RMPO014660,2024-02-03,2024-02-15,2024-02-20,production_issue
RMREV004004,RMPO014716,2024-02-03,2024-02-08,2024-02-16,port_congestion
RMREV004005,RMPO014716,2024-02-03,2024-02-16,2024-02-10,expedite
RMREV004006,RMPO014934,2024-02-03,2024-02-07,2024-02-24,port_congestion
RMREV004007,RMPO014934,2024-02-03,2024-02-24,2024-02-20,expedite
RMREV004008,RMPO014971,2024-02-03,2024-02-01,2024-02-11,expedite_missed
RMREV004009,RMPO014991,2024-02-03,2024-02-07,2024-02-18,port_congestion
RMREV004010,RMPO014991,2024-02-03,2024-02-18,2024-02-10,expedite
RMREV004011,RMPO014994,2024-02-03,2024-02-09,2024-02-15,port_congestion
RMREV004012,RMPO015159,2024-02-03,2024-02-11,2024-02-13,raw_material_shortage
RMREV004013,RMPO013109,2024-02-04,2024-02-07,2024-02-11,port_congestion
RMREV004014,RMPO013109,2024-02-04,2024-02-11,2024-02-06,expedite
RMREV004015,RMPO013445,2024-02-04,2024-02-15,2024-03-07,raw_material_shortage
RMREV004016,RMPO013791,2024-02-04,2024-02-16,2024-02-27,raw_material_shortage
RMREV004017,RMPO013811,2024-02-04,2024-02-08,2024-02-11,port_congestion
RMREV004018,RMPO014001,2024-02-04,2024-02-05,2024-02-06,carrier_delay
RMREV004019,RMPO014296,2024-02-04,2024-02-12,2024-02-16,production_issue
RMREV004020,RMPO014426,2024-02-04,2024-02-04,2024-02-08,production_issue
RMREV004021,RMPO014568,2024-02-04,2024-02-16,2024-02-21,supplier_capacity
RMREV004022,RMPO014873,2024-02-04,2024-02-05,2024-02-08,port_congestion
RMREV004023,RMPO014887,2024-02-04,2024-02-13,2024-02-22,production_issue
RMREV004024,RMPO013087,2024-02-05,2024-02-04,2024-02-07,labor_strike
RMREV004025,RMPO013461,2024-02-05,2024-02-08,2024-02-15,carrier_delay
RMREV004026,RMPO013861,2024-02-05,2024-02-15,2024-02-19,production_issue
RMREV004027,RMPO013977,2024-02-05,2024-02-11,2024-02-12,port_congestion
RMREV004028,RMPO014077,2024-02-05,2024-02-14,2024-02-21,port_congestion
RMREV004029,RMPO014138,2024-02-05,2024-02-22,2024-02-23,expedite_missed
RMREV004030,RMPO014232,2024-02-05,2024-02-10,2024-02-19,port_congestion
RMREV004031,RMPO014308,2024-02-05,2024-02-06,2024-02-12,raw_material_shortage
RMREV004032,RMPO014366,2024-02-05,2024-02-07,2024-02-16,port_congestion
RMREV004033,RMPO014469,2024-02-05,2024-02-08,2024-02-09,raw_material_shortage
RMREV004034,RMPO014567,2024-02-05,2024-02-10,2024-02-14,supplier_capacity
RMREV004035,RMPO014660,2024-02-05,2024-02-20,2024-02-21,production_issue
RMREV004036,RMPO014709,2024-02-05,2024-02-17,2024-02-21,labor_strike
RMREV004037,RMPO014806,2024-02-05,2024-02-06,2024-02-09,supplier_capacity
RMREV004038,RMPO014933,2024-02-05,2024-02-07,2024-02-21,port_congestion
RMREV004039,RMPO014933,2024-02-05,2024-02-21,2024-02-14,expedite
RMREV004040,RMPO014993,2024-02-05,2024-02-04,2024-02-12,port_congestion
RMREV004041,RMPO015141,2024-02-05,2024-02-12,2024-02-18,port_congestion
RMREV004042,RMPO013428,2024-02-06,2024-02-14,2024-02-29,supplier_capacity
RMREV004043,RMPO013460,2024-02-06,2024-02-11,2024-02-13,carrier_delay
RMREV004044,RMPO013504,2024-02-06,2024-02-05,2024-02-12,expedite_missed
RMREV004045,RMPO013789,2024-02-06,2024-02-16,2024-02-19,carrier_delay
RMREV004046,RMPO013823,2024-02-06,2024-02-07,2024-02-18,port_congestion
RMREV004047,RMPO013929,2024-02-06,2024-02-09,2024-02-24,port_congestion
RMREV004048,RMPO013929,2024-02-06,2024-02-24,2024-02-17,expedite
RMREV004049,RMPO014001,2024-02-06,2024-02-06,2024-02-07,carrier_delay
RMREV004050,RMPO014234,2024-02-06,2024-02-07,2024-02-11,expedite_missed
RMREV004051,RMPO014322,2024-02-06,2024-02-08,2024-02-12,supplier_capacity
RMREV004052,RMPO014338,2024-02-06,2024-02-11,2024-02-12,raw_material_shortage
RMREV004053,RMPO014358,2024-02-06,2024-02-12,2024-02-24,port_congestion
RMREV004054,RMPO014358,2024-02-06,2024-02-24,2024-02-19,expedite
RMREV004055,RMPO014571,2024-02-06,2024-02-12,2024-02-18,supplier_capacity
RMREV004056,RMPO014925,2024-02-06,2024-02-10,2024-02-13,expedite_missed
RMREV004057,RMPO014926,2024-02-06,2024-02-02,2024-02-10,expedite_missed
RMREV004058,RMPO014990,2024-02-06,2024-02-04,2024-02-08,port_congestion
RMREV004059,RMPO014995,2024-02-06,2024-02-14,2024-02-16,port_congestion
RMREV004060,RMPO015239,2024-02-06,2024-02-14,2024-02-21,port_congestion
RMREV004061,RMPO015241,2024-02-06,2024-02-12,2024-02-21,port_congestion
RMREV004062,RMPO015258,2024-02-06,2024-02-11,2024-02-23,port_congestion
RMREV004063,RMPO015259,2024-02-06,2024-02-08,2024-02-20,port_congestion
RMREV004064,RMPO015261,2024-02-06,2024-02-15,2024-02-26,port_congestion
RMREV004065,RMPO015264,2024-02-06,2024-02-11,2024-02-19,port_congestion
RMREV004066,RMPO015340,2024-02-06,2024-02-10,2024-02-15,port_congestion
RMREV004067,RMPO015394,2024-02-06,2024-02-10,2024-02-20,port_congestion
RMREV004068,RMPO015463,2024-02-06,2024-02-16,2024-02-17,supplier_capacity
RMREV004069,RMPO013109,2024-02-07,2024-02-06,2024-02-09,expedite_missed
RMREV004070,RMPO013859,2024-02-07,2024-02-15,2024-02-16,supplier_capacity
RMREV004071,RMPO013877,2024-02-07,2024-02-11,2024-02-13,expedite_missed
RMREV004072,RMPO013882,2024-02-07,2024-02-10,2024-02-24,port_congestion
RMREV004073,RMPO013882,2024-02-07,2024-02-24,2024-02-16,expedite
RMREV004074,RMPO013958,2024-02-07,2024-02-12,2024-02-20,raw_material_shortage
RMREV004075,RMPO014053,2024-02-07,2024-02-20,2024-02-25,port_congestion
RMREV004076,RMPO014332,2024-02-07,2024-02-19,2024-02-29,port_congestion
RMREV004077,RMPO014470,2024-02-07,2024-02-08,2024-02-09,raw_material_shortage
RMREV004078,RMPO014709,2024-02-07,2024-02-21,2024-02-23,labor_strike
RMREV004079,RMPO015139,2024-02-07,2024-02-11,2024-02-17,port_congestion
RMREV004080,RMPO015336,2024-02-07,2024-02-21,2024-02-28,port_congestion
RMREV004081,RMPO013446,2024-02-08,2024-02-17,2024-03-09,supplier_capacity
RMREV004082,RMPO014221,2024-02-08,2024-02-19,2024-02-23,raw_material_shortage
RMREV004083,RMPO014221,2024-02-08,2024-02-23,2024-02-19,expedite
RMREV004084,RMPO014310,2024-02-08,2024-02-11,2024-02-16,supplier_capacity
RMREV004085,RMPO014360,2024-02-08,2024-02-15,2024-02-28,port_congestion
RMREV004086,RMPO014360,2024-02-08,2024-02-28,2024-02-21,expedite
RMREV004087,RMPO014367,2024-02-08,2024-02-12,2024-02-21,port_congestion
RMREV004088,RMPO014935,2024-02-08,2024-02-10,2024-02-12,carrier_delay
RMREV004089,RMPO015239,2024-02-08,2024-02-21,2024-02-23,port_congestion
RMREV004090,RMPO015296,2024-02-08,2024-02-15,2024-02-22,carrier_delay
RMREV004091,RMPO015436,2024-02-08,2024-02-19,2024-02-28,port_congestion
RMREV004092,RMPO015486,2024-02-08,2024-02-13,2024-02-26,carrier_delay
RMREV004093,RMPO015488,2024-02-08,2024-02-17,2024-02-20,carrier_delay
RMREV004094,RMPO013587,2024-02-09,2024-02-12,2024-02-14,expedite_missed
RMREV004095,RMPO013597,2024-02-09,2024-02-12,2024-02-15,expedite_missed
RMREV004096,RMPO013618,2024-02-09,2024-02-18,2024-02-21,supplier_capacity
RMREV004097,RMPO013646,2024-02-09,2024-02-11,2024-02-13,supplier_capacity
RMREV004098,RMPO013931,2024-02-09,2024-02-16,2024-02-22,raw_material_shortage
RMREV004099,RMPO013963,2024-02-09,2024-02-11,2024-02-12,expedite_missed
RMREV004100,RMPO014097,2024-02-09,2024-02-07,2024-02-10,port_congestion
RMREV004101,RMPO014119,2024-02-09,2024-02-15,2024-02-21,carrier_delay
RMREV004102,RMPO014519,2024-02-09,2024-02-21,2024-02-27,port_congestion
RMREV004103,RMPO014844,2024-02-09,2024-02-17,2024-02-22,labor_strike
RMREV004104,RMPO014940,2024-02-09,2024-02-21,2024-02-27,port_congestion
RMREV004105,RMPO014994,2024-02-09,2024-02-15,2024-02-19,port_congestion
RMREV004106,RMPO015117,2024-02-09,2024-02-10,2024-02-12,supplier_capacity
RMREV004107,RMPO015240,2024-02-09,2024-02-13,2024-02-22,port_congestion
RMREV004108,RMPO015257,2024-02-09,2024-02-15,2024-02-21,port_congestion
RMREV004109,RMPO015263,2024-02-09,2024-02-16,2024-02-27,port_congestion
RMREV004110,RMPO015316,2024-02-09,2024-02-18,2024-02-22,supplier_capacity
RMREV004111,RMPO015340,2024-02-09,2024-02-15,2024-02-19,port_congestion
RMREV004112,RMPO015410,2024-02-09,2024-02-17,2024-02-20,production_issue
RMREV004113,RMPO015479,2024-02-09,2024-02-20,2024-02-21,carrier_delay
RMREV004114,RMPO013304,2024-02-10,2024-02-13,2024-03-01,expedite_missed
RMREV004115,RMPO013340,2024-02-10,2024-02-13,2024-02-28,raw_material_shortage
RMREV004116,RMPO013340,2024-02-10,2024-02-28,2024-02-20,expedite
RMREV004117,RMPO013903,2024-02-10,2024-02-13,2024-02-16,supplier_capacity
RMREV004118,RMPO014322,2024-02-10,2024-02-12,2024-02-16,supplier_capacity
RMREV004119,RMPO014358,2024-02-10,2024-02-19,2024-02-21,expedite_missed
RMREV004120,RMPO014362,2024-02-10,2024-02-13,2024-02-17,production_issue
RMREV004121,RMPO014620,2024-02-10,2024-02-19,2024-02-26,port_congestion
RMREV004122,RMPO014655,2024-02-10,2024-02-06,2024-02-12,expedite_missed
RMREV004123,RMPO014873,2024-02-10,2024-02-08,2024-02-11,port_congestion
RMREV004124,RMPO014937,2024-02-10,2024-02-07,2024-02-12,expedite_missed
RMREV004125,RMPO014972,2024-02-10,2024-02-09,2024-02-11,port_congestion
RMREV004126,RMPO015049,2024-02-10,2024-02-19,2024-03-04,port_congestion
RMREV004127,RMPO015117,2024-02-10,2024-02-12,2024-02-14,supplier_capacity
RMREV004128,RMPO015243,2024-02-10,2024-02-11,2024-02-15,port_congestion
RMREV004129,RMPO015265,2024-02-10,2024-02-16,2024-02-27,port_congestion
RMREV004130,RMPO015334,2024-02-10,2024-02-21,2024-02-28,port_congestion
RMREV004131,RMPO015406,2024-02-10,2024-02-20,2024-02-21,supplier_capacity
RMREV004132,RMPO015435,2024-02-10,2024-02-19,2024-02-27,port_congestion
RMREV004133,RMPO013750,2024-02-11,2024-02-20,2024-02-21,supplier_capacity
RMREV004134,RMPO014087,2024-02-11,2024-02-19,2024-03-03,raw_material_shortage
RMREV004135,RMPO014253,2024-02-11,2024-02-18,2024-03-08,supplier_capacity
RMREV004136,RMPO014403,2024-02-11,2024-02-16,2024-03-04,port_congestion
RMREV004137,RMPO014403,2024-02-11,2024-03-04,2024-02-29,expedite
RMREV004138,RMPO014670,2024-02-11,2024-02-15,2024-02-20,port_congestion
RMREV004139,RMPO014694,2024-02-11,2024-02-13,2024-02-14,production_issue
RMREV004140,RMPO014939,2024-02-11,2024-02-17,2024-02-25,expedite_missed
RMREV004141,RMPO015069,2024-02-11,2024-02-18,2024-02-22,carrier_delay
RMREV004142,RMPO015109,2024-02-11,2024-02-06,2024-02-25,port_congestion
RMREV004143,RMPO015109,2024-02-11,2024-02-25,2024-02-17,expedite
RMREV004144,RMPO015242,2024-02-11,2024-02-13,2024-02-18,port_congestion
RMREV004145,RMPO015243,2024-02-11,2024-02-15,2024-02-16,port_congestion
RMREV004146,RMPO015497,2024-02-11,2024-02-16,2024-02-28,carrier_delay
RMREV004147,RMPO015498,2024-02-11,2024-02-19,2024-02-27,port_congestion
RMREV004148,RMPO015498,2024-02-11,2024-02-27,2024-02-20,expedite
RMREV004149,RMPO013882,2024-02-12,2024-02-16,2024-02-24,expedite_missed
RMREV004150,RMPO014621,2024-02-12,2024-02-19,2024-03-01,port_congestion
RMREV004151,RMPO014652,2024-02-12,2024-02-08,2024-02-15,expedite_missed
RMREV004152,RMPO014670,2024-02-12,2024-02-20,2024-02-27,port_congestion
RMREV004153,RMPO014716,2024-02-12,2024-02-10,2024-02-13,expedite_missed
RMREV004154,RMPO014748,2024-02-12,2024-02-15,2024-02-16,production_issue
RMREV004155,RMPO014832,2024-02-12,2024-02-17,2024-02-24,carrier_delay
RMREV004156,RMPO014846,2024-02-12,2024-02-23,2024-03-01,labor_strike
RMREV004157,RMPO014886,2024-02-12,2024-02-21,2024-02-27,port_congestion
RMREV004158,RMPO014998,2024-02-12,2024-02-21,2024-02-23,labor_strike
RMREV004159,RMPO015180,2024-02-12,2024-02-20,2024-02-21,production_issue
RMREV004160,RMPO015199,2024-02-12,2024-02-11,2024-03-03,port_congestion
RMREV004161,RMPO015199,2024-02-12,2024-03-03,2024-02-27,expedite
RMREV004162,RMPO015405,2024-02-12,2024-02-17,2024-02-18,carrier_delay
RMREV004163,RMPO015408,2024-02-12,2024-02-20,2024-02-27,carrier_delay
RMREV004164,RMPO012885,2024-02-13,2024-02-13,2024-02-25,supplier_capacity
RMREV004165,RMPO013753,2024-02-13,2024-02-22,2024-02-29,production_issue
RMREV004166,RMPO014133,2024-02-13,2024-02-16,2024-03-06,port_congestion
RMREV004167,RMPO014133,2024-02-13,2024-03-06,2024-03-03,expedite
RMREV004168,RMPO014172,2024-02-13,2024-02-22,2024-02-29,carrier_delay
RMREV004169,RMPO014488,2024-02-13,2024-02-18,2024-02-26,port_congestion
RMREV004170,RMPO014519,2024-02-13,2024-02-27,2024-02-29,port_congestion
RMREV004171,RMPO014725,2024-02-13,2024-02-16,2024-02-21,raw_material_shortage
RMREV004172,RMPO014755,2024-02-13,2024-02-25,2024-03-07,port_congestion
RMREV004173,RMPO014848,2024-02-13,2024-02-11,2024-02-15,production_issue
RMREV004174,RMPO014862,2024-02-13,2024-02-18,2024-02-23,supplier_capacity
RMREV004175,RMPO014940,2024-02-13,2024-02-27,2024-03-01,port_congestion
RMREV004176,RMPO015070,2024-02-13,2024-02-18,2024-02-22,production_issue
RMREV004177,RMPO015368,2024-02-13,2024-02-20,2024-02-21,supplier_capacity
RMREV004178,RMPO015465,2024-02-13,2024-02-16,2024-02-17,carrier_delay
RMREV004179,RMPO015535,2024-02-13,2024-02-19,2024-03-01,port_congestion
RMREV004180,RMPO015561,2024-02-13,2024-02-21,2024-03-04,port_congestion
RMREV004181,RMPO015623,2024-02-13,2024-02-17,2024-02-22,labor_strike
RMREV004182,RMPO015686,2024-02-13,2024-02-15,2024-02-25,port_congestion
RMREV004183,RMPO015687,2024-02-13,2024-02-16,2024-02-28,port_congestion
RMREV004184,RMPO015687,2024-02-13,2024-02-28,2024-02-23,expedite
RMREV004185,RMPO015721,2024-02-13,2024-02-21,2024-02-28,port_congestion
RMREV004186,RMPO015740,2024-02-13,2024-02-18,2024-02-25,labor_strike
RMREV004187,RMPO015740,2024-02-13,2024-02-25,2024-02-18,expedite
RMREV004188,RMPO015742,2024-02-13,2024-02-23,2024-02-27,labor_strike
RMREV004189,RMPO013843,2024-02-14,2024-02-19,2024-02-28,port_congestion
RMREV004190,RMPO013850,2024-02-14,2024-02-24,2024-03-05,labor_strike
RMREV004191,RMPO014077,2024-02-14,2024-02-21,2024-02-25,port_congestion
RMREV004192,RMPO014077,2024-02-14,2024-02-25,2024-02-17,expedite
RMREV004193,RMPO014403,2024-02-14,2024-02-29,2024-03-01,expedite_missed
RMREV004194,RMPO014590,2024-02-14,2024-02-26,2024-03-05,port_congestion
RMREV004195,RMPO014590,2024-02-14,2024-03-05,2024-02-29,expedite
RMREV004196,RMPO014591,2024-02-14,2024-02-26,2024-03-02,port_congestion
RMREV004197,RMPO014594,2024-02-14,2024-02-26,2024-03-04,port_congestion
RMREV004198,RMPO014657,2024-02-14,2024-02-22,2024-02-28,port_congestion
RMREV004199,RMPO014657,2024-02-14,2024-02-28,2024-02-22,expedite
RMREV004200,RMPO014841,2024-02-14,2024-02-23,2024-03-24,labor_strike
RMREV004201,RMPO014876,2024-02-14,2024-02-20,2024-02-21,carrier_delay
RMREV004202,RMPO014951,2024-02-14,2024-02-22,2024-02-27,port_congestion
RMREV004203,RMPO014996,2024-02-14,2024-02-21,2024-02-25,labor_strike
RMREV004204,RMPO015273,2024-02-14,2024-02-21,2024-02-29,port_congestion
RMREV004205,RMPO015498,2024-02-14,2024-02-20,2024-02-27,expedite_missed
RMREV004206,RMPO015558,2024-02-14,2024-02-18,2024-02-24,port_congestion
RMREV004207,RMPO015624,2024-02-14,2024-02-17,2024-02-21,labor_strike
RMREV004208,RMPO015625,2024-02-14,2024-02-18,2024-02-24,labor_strike
RMREV004209,RMPO015740,2024-02-14,2024-02-18,2024-02-20,expedite_missed
RMREV004210,RMPO013596,2024-02-15,2024-02-12,2024-02-24,expedite_missed
RMREV004211,RMPO014056,2024-02-15,2024-02-16,2024-03-26,raw_material_shortage
RMREV004212,RMPO014077,2024-02-15,2024-02-17,2024-02-24,expedite_missed
RMREV004213,RMPO014110,2024-02-15,2024-02-22,2024-02-27,labor_strike
RMREV004214,RMPO014112,2024-02-15,2024-02-23,2024-02-29,labor_strike
RMREV004215,RMPO014135,2024-02-15,2024-02-13,2024-02-21,expedite_missed
RMREV004216,RMPO014405,2024-02-15,2024-02-18,2024-03-07,port_congestion
RMREV004217,RMPO014881,2024-02-15,2024-02-26,2024-03-09,port_congestion
RMREV004218,RMPO015314,2024-02-15,2024-02-27,2024-03-04,labor_strike
RMREV004219,RMPO015345,2024-02-15,2024-02-26,2024-03-02,supplier_capacity
RMREV004220,RMPO015427,2024-02-15,2024-02-18,2024-02-22,production_issue
RMREV004221,RMPO015464,2024-02-15,2024-02-18,2024-02-23,labor_strike
RMREV004222,RMPO015534,2024-02-15,2024-02-18,2024-02-29,port_congestion
RMREV004223,RMPO015539,2024-02-15,2024-02-19,2024-03-02,port_congestion
RMREV004224,RMPO015562,2024-02-15,2024-02-22,2024-03-05,port_congestion
RMREV004225,RMPO015626,2024-02-15,2024-02-16,2024-02-18,supplier_capacity
RMREV004226,RMPO014113,2024-02-16,2024-02-22,2024-02-28,labor_strike
RMREV004227,RMPO014221,2024-02-16,2024-02-19,2024-02-23,expedite_missed
RMREV004228,RMPO014252,2024-02-16,2024-02-18,2024-02-25,carrier_delay
RMREV004229,RMPO014698,2024-02-16,2024-03-01,2024-03-12,port_congestion
RMREV004230,RMPO014845,2024-02-16,2024-02-21,2024-02-25,labor_strike
RMREV004231,RMPO014924,2024-02-16,2024-02-16,2024-02-19,expedite_missed
RMREV004232,RMPO014954,2024-02-16,2024-02-22,2024-03-04,port_congestion
RMREV004233,RMPO014993,2024-02-16,2024-02-12,2024-02-21,port_congestion
RMREV004234,RMPO015154,2024-02-16,2024-02-28,2024-03-07,port_congestion
RMREV004235,RMPO015209,2024-02-16,2024-02-28,2024-03-07,port_congestion
RMREV004236,RMPO015262,2024-02-16,2024-02-11,2024-02-21,port_congestion
RMREV004237,RMPO015262,2024-02-16,2024-02-21,2024-02-18,expedite
RMREV004238,RMPO015273,2024-02-16,2024-02-29,2024-03-04,port_congestion
RMREV004239,RMPO015409,2024-02-16,2024-02-19,2024-02-26,carrier_delay
RMREV004240,RMPO015428,2024-02-16,2024-02-17,2024-02-19,carrier_delay
RMREV004241,RMPO015437,2024-02-16,2024-02-18,2024-02-27,port_congestion
RMREV004242,RMPO015496,2024-02-16,2024-02-21,2024-03-03,port_congestion
RMREV004243,RMPO015496,2024-02-16,2024-03-03,2024-02-28,expedite
RMREV004244,RMPO015537,2024-02-16,2024-02-21,2024-02-27,port_congestion
RMREV004245,RMPO015540,2024-02-16,2024-02-19,2024-03-06,port_congestion
RMREV004246,RMPO015540,2024-02-16,2024-03-06,2024-03-01,expedite
RMREV004247,RMPO015557,2024-02-16,2024-02-22,2024-02-28,port_congestion
RMREV004248,RMPO015559,2024-02-16,2024-02-21,2024-02-24,port_congestion
RMREV004249,RMPO015567,2024-02-16,2024-02-26,2024-02-27,raw_material_shortage
RMREV004250,RMPO015568,2024-02-16,2024-02-20,2024-02-21,raw_material_shortage
RMREV004251,RMPO015621,2024-02-16,2024-02-17,2024-02-26,labor_strike
RMREV004252,RMPO015626,2024-02-16,2024-02-18,2024-02-20,supplier_capacity
RMREV004253,RMPO015720,2024-02-16,2024-02-21,2024-02-28,port_congestion
RMREV004254,RMPO015758,2024-02-16,2024-02-27,2024-03-10,port_congestion
RMREV004255,RMPO015758,2024-02-16,2024-03-10,2024-03-03,expedite
RMREV004256,RMPO015763,2024-02-16,2024-02-20,2024-03-05,carrier_delay
RMREV004257,RMPO013697,2024-02-17,2024-02-19,2024-02-23,carrier_delay
RMREV004258,RMPO013989,2024-02-17,2024-02-29,2024-03-06,port_congestion
RMREV004259,RMPO013989,2024-02-17,2024-03-06,2024-02-29,expedite
RMREV004260,RMPO014110,2024-02-17,2024-02-27,2024-02-29,labor_strike
RMREV004261,RMPO014360,2024-02-17,2024-02-21,2024-02-26,expedite_missed
RMREV004262,RMPO014387,2024-02-17,2024-02-19,2024-02-22,labor_strike
RMREV004263,RMPO014518,2024-02-17,2024-02-24,2024-03-06,port_congestion
RMREV004264,RMPO014910,2024-02-17,2024-02-28,2024-02-29,production_issue
RMREV004265,RMPO014933,2024-02-17,2024-02-14,2024-02-18,expedite_missed
RMREV004266,RMPO014997,2024-02-17,2024-02-21,2024-03-02,labor_strike
RMREV004267,RMPO015113,2024-02-17,2024-02-27,2024-03-10,labor_strike
RMREV004268,RMPO015260,2024-02-17,2024-02-14,2024-03-02,port_congestion
RMREV004269,RMPO015407,2024-02-17,2024-02-20,2024-02-27,supplier_capacity
RMREV004270,RMPO015407,2024-02-17,2024-02-27,2024-02-24,expedite
RMREV004271,RMPO015428,2024-02-17,2024-02-19,2024-02-21,carrier_delay
RMREV004272,RMPO015492,2024-02-17,2024-02-21,2024-03-04,port_congestion
RMREV004273,RMPO015492,2024-02-17,2024-03-04,2024-02-25,expedite
RMREV004274,RMPO015536,2024-02-17,2024-02-18,2024-02-24,port_congestion
RMREV004275,RMPO015538,2024-02-17,2024-02-18,2024-02-27,port_congestion
RMREV004276,RMPO015563,2024-02-17,2024-02-20,2024-03-03,port_congestion
RMREV004277,RMPO015719,2024-02-17,2024-02-26,2024-03-06,port_congestion
RMREV004278,RMPO015766,2024-02-17,2024-02-24,2024-03-07,carrier_delay
RMREV004279,RMPO013618,2024-02-18,2024-02-21,2024-02-23,supplier_capacity
RMREV004280,RMPO013929,2024-02-18,2024-02-17,2024-02-22,expedite_missed
RMREV004281,RMPO014100,2024-02-18,2024-02-28,2024-03-15,labor_strike
RMREV004282,RMPO014100,2024-02-18,2024-03-15,2024-03-08,expedite
RMREV004283,RMPO014277,2024-02-18,2024-02-28,2024-03-05,raw_material_shortage
RMREV004284,RMPO014334,2024-02-18,2024-02-21,2024-02-29,port_congestion
RMREV004285,RMPO014362,2024-02-18,2024-02-17,2024-02-22,production_issue
RMREV004286,RMPO014724,2024-02-18,2024-02-25,2024-02-29,raw_material_shortage
RMREV004287,RMPO014772,2024-02-18,2024-02-24,2024-02-27,carrier_delay
RMREV004288,RMPO014991,2024-02-18,2024-02-10,2024-02-22,expedite_missed
RMREV004289,RMPO015112,2024-02-18,2024-02-28,2024-03-06,labor_strike
RMREV004290,RMPO015179,2024-02-18,2024-02-20,2024-02-29,carrier_delay
RMREV004291,RMPO015179,2024-02-18,2024-02-29,2024-02-21,expedite
RMREV004292,RMPO015257,2024-02-18,2024-02-21,2024-02-27,port_congestion
RMREV004293,RMPO015429,2024-02-18,2024-02-27,2024-03-13,supplier_capacity
RMREV004294,RMPO013185,2024-02-19,2024-02-20,2024-02-21,expedite_missed
RMREV004295,RMPO014386,2024-02-19,2024-02-22,2024-02-28,labor_strike
RMREV004296,RMPO014671,2024-02-19,2024-02-15,2024-03-05,port_congestion
RMREV004297,RMPO014671,2024-02-19,2024-03-05,2024-03-01,expedite
RMREV004298,RMPO014754,2024-02-19,2024-02-24,2024-03-01,port_congestion
RMREV004299,RMPO014756,2024-02-19,2024-02-24,2024-03-02,port_congestion
RMREV004300,RMPO014882,2024-02-19,2024-02-26,2024-03-05,port_congestion
RMREV004301,RMPO014992,2024-02-19,2024-02-15,2024-02-21,port_congestion
RMREV004302,RMPO015270,2024-02-19,2024-02-28,2024-03-08,labor_strike
RMREV004303,RMPO015559,2024-02-19,2024-02-24,2024-02-26,port_congestion
RMREV004304,RMPO015560,2024-02-19,2024-02-24,2024-02-27,port_congestion
RMREV004305,RMPO015622,2024-02-19,2024-02-23,2024-02-28,labor_strike
RMREV004306,RMPO015622,2024-02-19,2024-02-28,2024-02-24,expedite
RMREV004307,RMPO015718,2024-02-19,2024-02-21,2024-02-29,port_congestion
RMREV004308,RMPO015739,2024-02-19,2024-02-22,2024-02-27,labor_strike
RMREV004309,RMPO015741,2024-02-19,2024-02-22,2024-02-26,labor_strike
RMREV004310,RMPO015741,2024-02-19,2024-02-26,2024-02-21,expedite
RMREV004311,RMPO013699,2024-02-20,2024-02-24,2024-03-04,supplier_capacity
RMREV004312,RMPO013699,2024-02-20,2024-03-04,2024-02-28,expedite
RMREV004313,RMPO014111,2024-02-20,2024-02-23,2024-03-05,labor_strike
RMREV004314,RMPO014276,2024-02-20,2024-02-23,2024-03-02,production_issue
RMREV004315,RMPO014380,2024-02-20,2024-02-21,2024-02-24,raw_material_shortage
RMREV004316,RMPO014387,2024-02-20,2024-02-22,2024-02-23,labor_strike
RMREV004317,RMPO014593,2024-02-20,2024-02-26,2024-03-04,port_congestion
RMREV004318,RMPO014593,2024-02-20,2024-03-04,2024-03-01,expedite
RMREV004319,RMPO015019,2024-02-20,2024-02-25,2024-02-29,production_issue
RMREV004320,RMPO015020,2024-02-20,2024-02-23,2024-02-27,production_issue
RMREV004321,RMPO015070,2024-02-20,2024-02-22,2024-02-23,production_issue
RMREV004322,RMPO015111,2024-02-20,2024-02-28,2024-03-11,labor_strike
RMREV004323,RMPO015111,2024-02-20,2024-03-11,2024-03-05,expedite
RMREV004324,RMPO015219,2024-02-20,2024-02-29,2024-03-08,port_congestion
RMREV004325,RMPO015399,2024-02-20,2024-03-02,2024-03-09,labor_strike
RMREV004326,RMPO015585,2024-02-20,2024-02-25,2024-02-26,carrier_delay
RMREV004327,RMPO015702,2024-02-20,2024-02-29,2024-03-03,supplier_capacity
RMREV004328,RMPO015807,2024-02-20,2024-02-27,2024-03-04,port_congestion
RMREV004329,RMPO015808,2024-02-20,2024-02-25,2024-03-08,port_congestion
RMREV004330,RMPO015810,2024-02-20,2024-02-26,2024-03-07,port_congestion
RMREV004331,RMPO015812,2024-02-20,2024-02-25,2024-03-04,port_congestion
RMREV004332,RMPO015813,2024-02-20,2024-02-26,2024-03-06,port_congestion
RMREV004333,RMPO015828,2024-02-20,2024-02-27,2024-02-29,port_congestion
RMREV004334,RMPO015883,2024-02-20,2024-02-24,2024-02-25,supplier_capacity
RMREV004335,RMPO015936,2024-02-20,2024-02-24,2024-03-02,port_congestion
RMREV004336,RMPO015996,2024-02-20,2024-02-29,2024-03-07,labor_strike
RMREV004337,RMPO013340,2024-02-21,2024-02-20,2024-02-26,expedite_missed
RMREV004338,RMPO014379,2024-02-21,2024-02-29,2024-03-09,labor_strike
RMREV004339,RMPO014432,2024-02-21,2024-02-29,2024-03-02,supplier_capacity
RMREV004340,RMPO014639,2024-02-21,2024-02-26,2024-03-07,labor_strike
RMREV004341,RMPO014641,2024-02-21,2024-03-02,2024-03-14,labor_strike
RMREV004342,RMPO014657,2024-02-21,2024-02-22,2024-02-28,expedite_missed
RMREV004343,RMPO014697,2024-02-21,2024-03-04,2024-03-06,carrier_delay
RMREV004344,RMPO014885,2024-02-21,2024-02-23,2024-02-28,port_congestion
RMREV004345,RMPO015109,2024-02-21,2024-02-17,2024-02-23,expedite_missed
RMREV004346,RMPO015180,2024-02-21,2024-02-21,2024-02-23,production_issue
RMREV004347,RMPO015262,2024-02-21,2024-02-18,2024-03-03,expedite_missed
RMREV004348,RMPO015267,2024-02-21,2024-03-02,2024-03-12,labor_strike
RMREV004349,RMPO015624,2024-02-21,2024-02-21,2024-02-22,labor_strike
RMREV004350,RMPO015756,2024-02-21,2024-02-23,2024-03-10,port_congestion
RMREV004351,RMPO015767,2024-02-21,2024-02-22,2024-03-07,port_congestion
RMREV004352,RMPO015767,2024-02-21,2024-03-07,2024-03-03,expedite
RMREV004353,RMPO015805,2024-02-21,2024-02-25,2024-03-01,port_congestion
RMREV004354,RMPO015806,2024-02-21,2024-02-28,2024-03-11,port_congestion
RMREV004355,RMPO015884,2024-02-21,2024-02-24,2024-03-09,labor_strike
RMREV004356,RMPO015995,2024-02-21,2024-02-25,2024-03-03,labor_strike
RMREV004357,RMPO013989,2024-02-22,2024-02-29,2024-03-02,expedite_missed
RMREV004358,RMPO014050,2024-02-22,2024-02-23,2024-03-02,labor_strike
RMREV004359,RMPO014455,2024-02-22,2024-02-25,2024-03-01,port_congestion
RMREV004360,RMPO014998,2024-02-22,2024-02-23,2024-02-25,labor_strike
RMREV004361,RMPO015110,2024-02-22,2024-02-25,2024-03-02,labor_strike
RMREV004362,RMPO015582,2024-02-22,2024-03-05,2024-03-11,carrier_delay
RMREV004363,RMPO015753,2024-02-22,2024-02-27,2024-02-28,raw_material_shortage
RMREV004364,RMPO015760,2024-02-22,2024-02-24,2024-03-09,port_congestion
RMREV004365,RMPO015760,2024-02-22,2024-03-09,2024-03-01,expedite
RMREV004366,RMPO015811,2024-02-22,2024-02-28,2024-03-05,port_congestion
RMREV004367,RMPO015828,2024-02-22,2024-02-29,2024-03-03,port_congestion
RMREV004368,RMPO016021,2024-02-22,2024-02-24,2024-03-04,carrier_delay
RMREV004369,RMPO013697,2024-02-23,2024-02-23,2024-02-25,carrier_delay
RMREV004370,RMPO014154,2024-02-23,2024-03-03,2024-03-05,supplier_capacity
RMREV004371,RMPO014224,2024-02-23,2024-03-04,2024-03-11,production_issue
RMREV004372,RMPO014333,2024-02-23,2024-02-19,2024-03-08,port_congestion
RMREV004373,RMPO014589,2024-02-23,2024-02-26,2024-03-08,port_congestion
RMREV004374,RMPO014589,2024-02-23,2024-03-08,2024-03-05,expedite
RMREV004375,RMPO014595,2024-02-23,2024-02-26,2024-03-04,port_congestion
RMREV004376,RMPO014635,2024-02-23,2024-02-27,2024-03-13,supplier_capacity
RMREV004377,RMPO014635,2024-02-23,2024-03-13,2024-03-05,expedite
RMREV004378,RMPO015148,2024-02-23,2024-03-04,2024-03-08,carrier_delay
RMREV004379,RMPO013552,2024-02-24,2024-02-27,2024-03-01,supplier_capacity
RMREV004380,RMPO014333,2024-02-24,2024-03-08,2024-03-12,port_congestion
RMREV004381,RMPO014386,2024-02-24,2024-02-28,2024-03-01,labor_strike
RMREV004382,RMPO014430,2024-02-24,2024-02-29,2024-03-04,production_issue
RMREV004383,RMPO015152,2024-02-24,2024-02-28,2024-03-09,port_congestion
RMREV004384,RMPO015422,2024-02-24,2024-03-03,2024-03-04,carrier_delay
RMREV004385,RMPO015536,2024-02-24,2024-02-24,2024-02-29,port_congestion
RMREV004386,RMPO015540,2024-02-24,2024-03-01,2024-03-06,expedite_missed
RMREV004387,RMPO015702,2024-02-24,2024-03-03,2024-03-05,supplier_capacity
RMREV004388,RMPO015864,2024-02-24,2024-03-01,2024-03-02,raw_material_shortage
RMREV004389,RMPO015994,2024-02-24,2024-03-04,2024-03-16,labor_strike
RMREV004390,RMPO015994,2024-02-24,2024-03-16,2024-03-10,expedite
RMREV004391,RMPO014591,2024-02-25,2024-03-02,2024-03-05,port_congestion
RMREV004392,RMPO014596,2024-02-25,2024-02-26,2024-03-06,port_congestion
RMREV004393,RMPO014596,2024-02-25,2024-03-06,2024-02-29,expedite
RMREV004394,RMPO014786,2024-02-25,2024-02-28,2024-03-08,port_congestion
RMREV004395,RMPO014996,2024-02-25,2024-02-25,2024-02-29,labor_strike
RMREV004396,RMPO015069,2024-02-25,2024-02-22,2024-02-26,carrier_delay
RMREV004397,RMPO015129,2024-02-25,2024-03-06,2024-03-13,raw_material_shortage
RMREV004398,RMPO015131,2024-02-25,2024-03-03,2024-03-07,production_issue
RMREV004399,RMPO015177,2024-02-25,2024-03-06,2024-03-15,raw_material_shortage
RMREV004400,RMPO015268,2024-02-25,2024-03-02,2024-03-05,labor_strike
RMREV004401,RMPO015430,2024-02-25,2024-02-27,2024-03-02,production_issue
RMREV004402,RMPO015492,2024-02-25,2024-02-25,2024-02-27,expedite_missed
RMREV004403,RMPO015804,2024-02-25,2024-02-27,2024-02-29,port_congestion
RMREV004404,RMPO015809,2024-02-25,2024-02-27,2024-03-08,port_congestion
RMREV004405,RMPO014098,2024-02-26,2024-02-28,2024-03-03,labor_strike
RMREV004406,RMPO014431,2024-02-26,2024-02-29,2024-03-02,carrier_delay
RMREV004407,RMPO015496,2024-02-26,2024-02-28,2024-03-06,expedite_missed
RMREV004408,RMPO015538,2024-02-26,2024-02-27,2024-03-01,port_congestion
RMREV004409,RMPO014545,2024-02-27,2024-03-05,2024-03-19,production_issue
RMREV004410,RMPO014724,2024-02-27,2024-02-29,2024-03-01,raw_material_shortage
RMREV004411,RMPO014771,2024-02-27,2024-03-02,2024-03-05,raw_material_shortage
RMREV004412,RMPO014814,2024-02-27,2024-03-07,2024-03-12,raw_material_shortage
RMREV004413,RMPO015269,2024-02-27,2024-03-02,2024-03-11,labor_strike
RMREV004414,RMPO015560,2024-02-27,2024-02-27,2024-02-29,port_congestion
RMREV004415,RMPO015655,2024-02-27,2024-03-05,2024-03-07,supplier_capacity
RMREV004416,RMPO016063,2024-02-27,2024-03-05,2024-03-07,port_congestion
RMREV004417,RMPO016066,2024-02-27,2024-03-06,2024-03-09,port_congestion
RMREV004418,RMPO016067,2024-02-27,2024-03-04,2024-03-06,port_congestion
RMREV004419,RMPO016081,2024-02-27,2024-03-07,2024-03-10,port_congestion
RMREV004420,RMPO016095,2024-02-27,2024-03-08,2024-03-10,raw_material_shortage
RMREV004421,RMPO016096,2024-02-27,2024-03-04,2024-03-05,production_issue
RMREV004422,RMPO016153,2024-02-27,2024-03-04,2024-03-08,labor_strike
RMREV004423,RMPO016154,2024-02-27,2024-03-01,2024-03-04,labor_strike
RMREV004424,RMPO016155,2024-02-27,2024-03-02,2024-03-09,labor_strike
RMREV004425,RMPO016156,2024-02-27,2024-03-01,2024-03-06,labor_strike
RMREV004426,RMPO016158,2024-02-27,2024-03-01,2024-03-03,labor_strike
RMREV004427,RMPO016289,2024-02-27,2024-03-03,2024-03-15,labor_strike
RMREV004428,RMPO013753,2024-02-28,2024-02-29,2024-03-02,production_issue
RMREV004429,RMPO014100,2024-02-28,2024-03-08,2024-03-14,expedite_missed
RMREV004430,RMPO014252,2024-02-28,2024-02-25,2024-02-29,carrier_delay
RMREV004431,RMPO014589,2024-02-28,2024-03-05,2024-03-07,expedite_missed
RMREV004432,RMPO014633,2024-02-28,2024-03-05,2024-03-09,labor_strike
RMREV004433,RMPO014640,2024-02-28,2024-02-29,2024-03-10,labor_strike
RMREV004434,RMPO014766,2024-02-28,2024-03-04,2024-03-05,raw_material_shortage
RMREV004435,RMPO015110,2024-02-28,2024-03-02,2024-03-06,labor_strike
RMREV004436,RMPO015753,2024-02-28,2024-02-28,2024-02-29,raw_material_shortage
RMREV004437,RMPO015804,2024-02-28,2024-02-29,2024-03-03,port_congestion
RMREV004438,RMPO016054,2024-02-28,2024-03-09,2024-03-13,carrier_delay
RMREV004439,RMPO014246,2024-02-29,2024-03-09,2024-03-19,raw_material_shortage
RMREV004440,RMPO014616,2024-02-29,2024-03-08,2024-03-21,carrier_delay
RMREV004441,RMPO014671,2024-02-29,2024-03-01,2024-03-03,expedite_missed
RMREV004442,RMPO015267,2024-02-29,2024-03-12,2024-03-15,labor_strike
RMREV004443,RMPO015401,2024-02-29,2024-03-06,2024-03-15,supplier_capacity
RMREV004444,RMPO016156,2024-02-29,2024-03-06,2024-03-08,labor_strike
RMREV004445,RMPO016158,2024-02-29,2024-03-03,2024-03-05,labor_strike
RMREV004446,RMPO014312,2024-03-01,2024-03-03,2024-03-16,labor_strike
RMREV004447,RMPO014455,2024-03-01,2024-03-01,2024-03-06,port_congestion
RMREV004448,RMPO014766,2024-03-01,2024-03-05,2024-03-06,raw_material_shortage
RMREV004449,RMPO015586,2024-03-01,2024-03-07,2024-03-10,supplier_capacity
RMREV004450,RMPO015758,2024-03-01,2024-03-03,2024-03-10,expedite_missed
RMREV004451,RMPO016154,2024-03-01,2024-03-04,2024-03-09,labor_strike
RMREV004452,RMPO016154,2024-03-01,2024-03-09,2024-03-03,expedite
RMREV004453,RMPO014274,2024-03-02,2024-03-07,2024-03-19,raw_material_shortage
RMREV004454,RMPO014814,2024-03-02,2024-03-12,2024-03-13,raw_material_shortage
RMREV004455,RMPO015266,2024-03-02,2024-03-04,2024-03-17,labor_strike
RMREV004456,RMPO015268,2024-03-02,2024-03-05,2024-03-07,labor_strike
RMREV004457,RMPO015327,2024-03-02,2024-03-09,2024-03-18,raw_material_shortage
RMREV004458,RMPO015587,2024-03-02,2024-03-06,2024-03-08,carrier_delay
RMREV004459,RMPO016153,2024-03-02,2024-03-08,2024-03-12,labor_strike
RMREV004460,RMPO014155,2024-03-03,2024-03-07,2024-03-09,supplier_capacity
RMREV004461,RMPO014225,2024-03-03,2024-03-09,2024-03-14,raw_material_shortage
RMREV004462,RMPO014682,2024-03-03,2024-03-10,2024-03-26,supplier_capacity
RMREV004463,RMPO014815,2024-03-03,2024-03-08,2024-03-10,raw_material_shortage
RMREV004464,RMPO014962,2024-03-03,2024-03-14,2024-03-18,production_issue
RMREV004465,RMPO014980,2024-03-03,2024-03-11,2024-03-15,carrier_delay
RMREV004466,RMPO015112,2024-03-03,2024-03-06,2024-03-11,labor_strike
RMREV004467,RMPO015396,2024-03-03,2024-03-05,2024-03-14,labor_strike
RMREV004468,RMPO015689,2024-03-03,2024-03-11,2024-03-18,supplier_capacity
RMREV004469,RMPO015690,2024-03-03,2024-03-13,2024-03-14,supplier_capacity
RMREV004470,RMPO015990,2024-03-03,2024-03-12,2024-03-14,carrier_delay
RMREV004471,RMPO016246,2024-03-03,2024-03-07,2024-03-18,raw_material_shortage
RMREV004472,RMPO016246,2024-03-03,2024-03-18,2024-03-14,expedite
RMREV004473,RMPO014225,2024-03-04,2024-03-14,2024-03-17,raw_material_shortage
RMREV004474,RMPO014562,2024-03-04,2024-03-14,2024-03-23,raw_material_shortage
RMREV004475,RMPO015188,2024-03-04,2024-03-10,2024-03-18,supplier_capacity
RMREV004476,RMPO015188,2024-03-04,2024-03-18,2024-03-10,expedite
RMREV004477,RMPO015655,2024-03-04,2024-03-07,2024-03-09,supplier_capacity
RMREV004478,RMPO015921,2024-03-04,2024-03-05,2024-03-07,carrier_delay
RMREV004479,RMPO016286,2024-03-04,2024-03-06,2024-03-09,carrier_delay
RMREV004480,RMPO014222,2024-03-05,2024-03-09,2024-03-16,raw_material_shortage
RMREV004481,RMPO014430,2024-03-05,2024-03-04,2024-03-07,production_issue
RMREV004482,RMPO014531,2024-03-05,2024-03-13,2024-03-21,supplier_capacity
RMREV004483,RMPO015395,2024-03-05,2024-03-06,2024-03-07,supplier_capacity
RMREV004484,RMPO015578,2024-03-05,2024-03-07,2024-03-16,raw_material_shortage
RMREV004485,RMPO016419,2024-03-05,2024-03-12,2024-03-13,supplier_capacity
RMREV004486,RMPO016518,2024-03-05,2024-03-16,2024-03-23,production_issue
RMREV004487,RMPO014222,2024-03-06,2024-03-16,2024-03-18,raw_material_shortage
RMREV004488,RMPO014276,2024-03-06,2024-03-02,2024-03-09,production_issue
RMREV004489,RMPO014498,2024-03-06,2024-03-15,2024-03-20,supplier_capacity
RMREV004490,RMPO014963,2024-03-06,2024-03-14,2024-03-18,raw_material_shortage
RMREV004491,RMPO015475,2024-03-06,2024-03-13,2024-03-21,production_issue
RMREV004492,RMPO016471,2024-03-06,2024-03-17,2024-03-20,production_issue
RMREV004493,RMPO015138,2024-03-07,2024-03-19,2024-04-03,supplier_capacity
RMREV004494,RMPO015327,2024-03-07,2024-03-18,2024-03-21,raw_material_shortage
RMREV004495,RMPO015395,2024-03-07,2024-03-07,2024-03-08,supplier_capacity
RMREV004496,RMPO015493,2024-03-07,2024-03-09,2024-03-28,production_issue
RMREV004497,RMPO015493,2024-03-07,2024-03-28,2024-03-24,expedite
RMREV004498,RMPO015760,2024-03-07,2024-03-01,2024-03-09,expedite_missed
RMREV004499,RMPO015917,2024-03-07,2024-03-19,2024-03-27,supplier_capacity
RMREV004500,RMPO016197,2024-03-07,2024-03-12,2024-03-14,raw_material_shortage
RMREV004501,RMPO016313,2024-03-07,2024-03-11,2024-03-27,quality_hold_at_supplier
RMREV004502,RMPO016313,2024-03-07,2024-03-27,2024-03-20,expedite
RMREV004503,RMPO014499,2024-03-08,2024-03-18,2024-03-26,carrier_delay
RMREV004504,RMPO014562,2024-03-08,2024-03-23,2024-03-26,raw_material_shortage
RMREV004505,RMPO014898,2024-03-08,2024-03-14,2024-03-17,supplier_capacity
RMREV004506,RMPO015209,2024-03-08,2024-03-07,2024-03-11,port_congestion
RMREV004507,RMPO015289,2024-03-08,2024-03-18,2024-03-26,raw_material_shortage
RMREV004508,RMPO015578,2024-03-08,2024-03-16,2024-03-19,raw_material_shortage
RMREV004509,RMPO015587,2024-03-08,2024-03-08,2024-03-09,carrier_delay
RMREV004510,RMPO015671,2024-03-08,2024-03-12,2024-03-13,raw_material_shortage
RMREV004511,RMPO015807,2024-03-08,2024-03-04,2024-03-10,port_congestion
RMREV004512,RMPO015855,2024-03-08,2024-03-14,2024-03-22,production_issue
RMREV004513,RMPO015918,2024-03-08,2024-03-14,2024-03-17,supplier_capacity
RMREV004514,RMPO015946,2024-03-08,2024-03-19,2024-03-22,supplier_capacity
RMREV004515,RMPO016470,2024-03-08,2024-03-17,2024-03-20,production_issue
RMREV004516,RMPO016558,2024-03-08,2024-03-18,2024-03-19,carrier_delay
RMREV004517,RMPO014877,2024-03-09,2024-03-15,2024-03-20,carrier_delay
RMREV004518,RMPO015421,2024-03-09,2024-03-18,2024-03-29,raw_material_shortage
RMREV004519,RMPO015898,2024-03-09,2024-03-10,2024-03-13,supplier_capacity
RMREV004520,RMPO014827,2024-03-10,2024-03-17,2024-03-22,carrier_delay
RMREV004521,RMPO015349,2024-03-10,2024-03-14,2024-03-16,raw_material_shortage
RMREV004522,RMPO016111,2024-03-10,2024-03-22,2024-03-27,raw_material_shortage
RMREV004523,RMPO016245,2024-03-10,2024-03-14,2024-03-21,production_issue
RMREV004524,RMPO014734,2024-03-11,2024-03-23,2024-04-09,supplier_capacity
RMREV004525,RMPO014787,2024-03-11,2024-03-21,2024-03-28,production_issue
RMREV004526,RMPO015349,2024-03-11,2024-03-16,2024-03-18,raw_material_shortage
RMREV004527,RMPO015918,2024-03-11,2024-03-17,2024-03-20,supplier_capacity
RMREV004528,RMPO015940,2024-03-11,2024-03-16,2024-03-17,supplier_capacity
RMREV004529,RMPO015946,2024-03-11,2024-03-22,2024-03-23,supplier_capacity
RMREV004530,RMPO015965,2024-03-11,2024-03-17,2024-03-21,raw_material_shortage
RMREV004531,RMPO016306,2024-03-11,2024-03-18,2024-04-06,production_issue
RMREV004532,RMPO016580,2024-03-11,2024-03-22,2024-03-25,carrier_delay
RMREV004533,RMPO015671,2024-03-12,2024-03-13,2024-03-14,raw_material_shortage
RMREV004534,RMPO016110,2024-03-12,2024-03-19,2024-03-28,carrier_delay
RMREV004535,RMPO016404,2024-03-12,2024-03-14,2024-03-18,carrier_delay
RMREV004536,RMPO016564,2024-03-12,2024-03-20,2024-03-24,raw_material_shortage
RMREV004537,RMPO016585,2024-03-12,2024-03-21,2024-03-23,carrier_delay
RMREV004538,RMPO016655,2024-03-12,2024-03-24,2024-03-30,labor_strike
RMREV004539,RMPO016672,2024-03-12,2024-03-23,2024-03-27,labor_strike
RMREV004540,RMPO016712,2024-03-12,2024-03-22,2024-03-26,carrier_delay
RMREV004541,RMPO014735,2024-03-13,2024-03-18,2024-03-29,carrier_delay
RMREV004542,RMPO014812,2024-03-13,2024-03-15,2024-04-06,supplier_capacity
RMREV004543,RMPO014827,2024-03-13,2024-03-22,2024-03-27,carrier_delay
RMREV004544,RMPO014900,2024-03-13,2024-03-14,2024-03-16,raw_material_shortage
RMREV004545,RMPO015099,2024-03-13,2024-03-23,2024-04-02,supplier_capacity
RMREV004546,RMPO015691,2024-03-13,2024-03-16,2024-03-20,supplier_capacity
RMREV004547,RMPO015709,2024-03-13,2024-03-17,2024-03-18,raw_material_shortage
RMREV004548,RMPO016458,2024-03-13,2024-03-24,2024-04-01,raw_material_shortage
RMREV004549,RMPO016563,2024-03-13,2024-03-14,2024-03-17,raw_material_shortage
RMREV004550,RMPO016585,2024-03-13,2024-03-23,2024-03-24,carrier_delay
RMREV004551,RMPO016628,2024-03-13,2024-03-23,2024-03-25,raw_material_shortage
RMREV004552,RMPO015784,2024-03-14,2024-03-24,2024-03-29,labor_strike
RMREV004553,RMPO015944,2024-03-14,2024-03-21,2024-03-23,supplier_capacity
RMREV004554,RMPO016111,2024-03-14,2024-03-27,2024-04-01,raw_material_shortage
RMREV004555,RMPO016239,2024-03-14,2024-03-26,2024-04-10,supplier_capacity
RMREV004556,RMPO016432,2024-03-14,2024-03-21,2024-03-28,carrier_delay
RMREV004557,RMPO016835,2024-03-14,2024-03-23,2024-03-25,production_issue
RMREV004558,RMPO015291,2024-03-15,2024-03-21,2024-03-26,labor_strike
RMREV004559,RMPO015470,2024-03-15,2024-03-20,2024-04-02,raw_material_shortage
RMREV004560,RMPO015880,2024-03-15,2024-03-23,2024-03-31,raw_material_shortage
RMREV004561,RMPO015880,2024-03-15,2024-03-31,2024-03-24,expedite
RMREV004562,RMPO015882,2024-03-15,2024-03-19,2024-03-23,supplier_capacity
RMREV004563,RMPO016246,2024-03-15,2024-03-14,2024-03-18,expedite_missed
RMREV004564,RMPO016313,2024-03-15,2024-03-20,2024-03-27,expedite_missed
RMREV004565,RMPO016671,2024-03-15,2024-03-22,2024-03-27,labor_strike
RMREV004566,RMPO014764,2024-03-16,2024-03-21,2024-04-02,labor_strike
RMREV004567,RMPO015136,2024-03-16,2024-03-19,2024-03-31,raw_material_shortage
RMREV004568,RMPO015550,2024-03-16,2024-03-25,2024-04-07,supplier_capacity
RMREV004569,RMPO015550,2024-03-16,2024-04-07,2024-04-01,expedite
RMREV004570,RMPO015709,2024-03-16,2024-03-18,2024-03-19,raw_material_shortage
RMREV004571,RMPO016009,2024-03-16,2024-03-27,2024-03-31,supplier_capacity
RMREV004572,RMPO016263,2024-03-16,2024-03-25,2024-04-03,labor_strike
RMREV004573,RMPO016531,2024-03-16,2024-03-26,2024-03-28,carrier_delay
RMREV004574,RMPO015100,2024-03-17,2024-03-24,2024-04-07,carrier_delay
RMREV004575,RMPO015840,2024-03-17,2024-03-28,2024-04-08,labor_strike
RMREV004576,RMPO016233,2024-03-17,2024-03-25,2024-04-11,supplier_capacity
RMREV004577,RMPO014736,2024-03-18,2024-03-23,2024-04-04,raw_material_shortage
RMREV004578,RMPO015041,2024-03-18,2024-03-27,2024-04-06,labor_strike
RMREV004579,RMPO015695,2024-03-18,2024-03-28,2024-04-03,production_issue
RMREV004580,RMPO015941,2024-03-18,2024-03-19,2024-03-20,supplier_capacity
RMREV004581,RMPO016222,2024-03-18,2024-03-23,2024-03-28,production_issue
RMREV004582,RMPO016711,2024-03-18,2024-03-22,2024-03-23,carrier_delay
RMREV004583,RMPO016725,2024-03-18,2024-03-27,2024-03-28,raw_material_shortage
RMREV004584,RMPO014498,2024-03-19,2024-03-20,2024-03-23,supplier_capacity
RMREV004585,RMPO014789,2024-03-19,2024-03-21,2024-03-27,carrier_delay
RMREV004586,RMPO015143,2024-03-19,2024-03-27,2024-03-28,production_issue
RMREV004587,RMPO015168,2024-03-19,2024-03-21,2024-04-06,carrier_delay
RMREV004588,RMPO016456,2024-03-19,2024-03-24,2024-03-29,carrier_delay
RMREV004589,RMPO016672,2024-03-19,2024-03-27,2024-03-31,labor_strike
RMREV004590,RMPO016712,2024-03-19,2024-03-26,2024-03-30,carrier_delay
RMREV004591,RMPO016725,2024-03-19,2024-03-28,2024-03-29,raw_material_shortage
RMREV004592,RMPO016834,2024-03-19,2024-03-24,2024-03-26,carrier_delay
RMREV004593,RMPO016839,2024-03-19,2024-03-20,2024-03-23,supplier_capacity
RMREV004594,RMPO016981,2024-03-19,2024-03-24,2024-03-25,production_issue
RMREV004595,RMPO016998,2024-03-19,2024-03-23,2024-03-26,carrier_delay
RMREV004596,RMPO015096,2024-03-20,2024-03-22,2024-03-26,supplier_capacity
RMREV004597,RMPO015382,2024-03-20,2024-03-31,2024-04-05,raw_material_shortage
RMREV004598,RMPO015696,2024-03-20,2024-03-23,2024-04-03,supplier_capacity
RMREV004599,RMPO015696,2024-03-20,2024-04-03,2024-03-26,expedite
RMREV004600,RMPO015847,2024-03-20,2024-04-01,2024-04-06,production_issue
RMREV004601,RMPO015847,2024-03-20,2024-04-06,2024-03-30,expedite
RMREV004602,RMPO015878,2024-03-20,2024-03-27,2024-04-01,production_issue
RMREV004603,RMPO015881,2024-03-20,2024-03-26,2024-04-04,raw_material_shortage
RMREV004604,RMPO015949,2024-03-20,2024-03-30,2024-04-08,raw_material_shortage
RMREV004605,RMPO016174,2024-03-20,2024-03-22,2024-03-24,labor_strike
RMREV004606,RMPO016264,2024-03-20,2024-03-25,2024-03-29,labor_strike
RMREV004607,RMPO016673,2024-03-20,2024-03-22,2024-03-27,labor_strike
RMREV004608,RMPO016767,2024-03-20,2024-03-31,2024-04-06,supplier_capacity
RMREV004609,RMPO015042,2024-03-21,2024-04-01,2024-04-11,labor_strike
RMREV004610,RMPO015361,2024-03-21,2024-03-30,2024-04-22,carrier_delay
RMREV004611,RMPO015361,2024-03-21,2024-04-22,2024-04-19,expedite
RMREV004612,RMPO016109,2024-03-21,2024-03-30,2024-04-06,raw_material_shortage
RMREV004613,RMPO016174,2024-03-21,2024-03-24,2024-03-26,labor_strike
RMREV004614,RMPO016234,2024-03-21,2024-03-26,2024-03-29,supplier_capacity
RMREV004615,RMPO016629,2024-03-21,2024-03-26,2024-03-27,production_issue
RMREV004616,RMPO016726,2024-03-21,2024-03-27,2024-03-28,carrier_delay
RMREV004617,RMPO016815,2024-03-21,2024-03-23,2024-03-25,carrier_delay
RMREV004618,RMPO016819,2024-03-21,2024-03-23,2024-03-30,carrier_delay
RMREV004619,RMPO016999,2024-03-21,2024-03-22,2024-03-25,production_issue
RMREV004620,RMPO017000,2024-03-21,2024-03-24,2024-03-25,carrier_delay
RMREV004621,RMPO017136,2024-03-21,2024-03-28,2024-04-10,raw_material_shortage
RMREV004622,RMPO017136,2024-03-21,2024-04-10,2024-04-04,expedite
RMREV004623,RMPO015628,2024-03-22,2024-04-02,2024-04-03,raw_material_shortage
RMREV004624,RMPO015893,2024-03-22,2024-03-27,2024-04-07,carrier_delay
RMREV004625,RMPO016231,2024-03-22,2024-03-23,2024-04-08,supplier_capacity
RMREV004626,RMPO016231,2024-03-22,2024-04-08,2024-04-02,expedite
RMREV004627,RMPO016275,2024-03-22,2024-04-01,2024-04-13,supplier_capacity
RMREV004628,RMPO016444,2024-03-22,2024-03-25,2024-03-29,labor_strike
RMREV004629,RMPO016768,2024-03-22,2024-04-01,2024-04-08,carrier_delay
RMREV004630,RMPO016837,2024-03-22,2024-04-03,2024-04-07,raw_material_shortage
RMREV004631,RMPO014475,2024-03-23,2024-03-11,2024-04-24,raw_material_shortage
RMREV004632,RMPO015354,2024-03-23,2024-03-27,2024-03-28,production_issue
RMREV004633,RMPO015847,2024-03-23,2024-03-30,2024-04-01,expedite_missed
RMREV004634,RMPO015877,2024-03-23,2024-03-31,2024-04-05,raw_material_shortage
RMREV004635,RMPO015877,2024-03-23,2024-04-05,2024-03-31,expedite
RMREV004636,RMPO015892,2024-03-23,2024-03-30,2024-04-07,production_issue
RMREV004637,RMPO016392,2024-03-23,2024-03-30,2024-04-15,raw_material_shortage
RMREV004638,RMPO016767,2024-03-23,2024-04-06,2024-04-10,supplier_capacity
RMREV004639,RMPO016779,2024-03-23,2024-03-26,2024-04-04,labor_strike
RMREV004640,RMPO015362,2024-03-24,2024-03-30,2024-04-09,supplier_capacity
RMREV004641,RMPO015362,2024-03-24,2024-04-09,2024-04-06,expedite
RMREV004642,RMPO015454,2024-03-24,2024-04-03,2024-04-05,carrier_delay
RMREV004643,RMPO015482,2024-03-24,2024-04-02,2024-04-15,carrier_delay
RMREV004644,RMPO015482,2024-03-24,2024-04-15,2024-04-10,expedite
RMREV004645,RMPO015569,2024-03-24,2024-04-03,2024-04-12,production_issue
RMREV004646,RMPO015632,2024-03-24,2024-04-03,2024-04-08,supplier_capacity
RMREV004647,RMPO015877,2024-03-24,2024-03-31,2024-04-05,expedite_missed
RMREV004648,RMPO015908,2024-03-24,2024-04-04,2024-04-11,supplier_capacity
RMREV004649,RMPO016297,2024-03-24,2024-04-03,2024-04-23,carrier_delay
RMREV004650,RMPO016417,2024-03-24,2024-04-03,2024-04-14,carrier_delay
RMREV004651,RMPO016508,2024-03-24,2024-03-30,2024-04-03,supplier_capacity
RMREV004652,RMPO016769,2024-03-24,2024-03-26,2024-04-04,raw_material_shortage
RMREV004653,RMPO017016,2024-03-24,2024-04-04,2024-04-09,carrier_delay
RMREV004654,RMPO017139,2024-03-24,2024-03-29,2024-04-17,carrier_delay
RMREV004655,RMPO015043,2024-03-25,2024-03-30,2024-04-03,labor_strike
RMREV004656,RMPO015237,2024-03-25,2024-03-28,2024-04-13,raw_material_shortage
RMREV004657,RMPO015354,2024-03-25,2024-03-28,2024-03-30,production_issue
RMREV004658,RMPO016037,2024-03-25,2024-03-30,2024-04-05,labor_strike
RMREV004659,RMPO017080,2024-03-25,2024-03-29,2024-04-09,quality_hold_at_supplier
RMREV004660,RMPO017080,2024-03-25,2024-04-09,2024-04-01,expedite
RMREV004661,RMPO014274,2024-03-26,2024-03-19,2024-03-30,raw_material_shortage
RMREV004662,RMPO015291,2024-03-26,2024-03-26,2024-04-01,labor_strike
RMREV004663,RMPO015291,2024-03-26,2024-04-01,2024-03-28,expedite
RMREV004664,RMPO015533,2024-03-26,2024-04-04,2024-04-16,carrier_delay
RMREV004665,RMPO015660,2024-03-26,2024-03-28,2024-03-30,supplier_capacity
RMREV004666,RMPO016503,2024-03-26,2024-04-07,2024-04-11,supplier_capacity
RMREV004667,RMPO016510,2024-03-26,2024-04-03,2024-04-11,supplier_capacity
RMREV004668,RMPO016757,2024-03-26,2024-04-01,2024-04-09,labor_strike
RMREV004669,RMPO016919,2024-03-26,2024-04-06,2024-04-07,raw_material_shortage
RMREV004670,RMPO016953,2024-03-26,2024-03-31,2024-04-02,labor_strike
RMREV004671,RMPO017130,2024-03-26,2024-04-06,2024-04-17,raw_material_shortage
RMREV004672,RMPO017130,2024-03-26,2024-04-17,2024-04-12,expedite
RMREV004673,RMPO017202,2024-03-26,2024-04-05,2024-04-06,production_issue
RMREV004674,RMPO017241,2024-03-26,2024-04-04,2024-04-05,carrier_delay
RMREV004675,RMPO017384,2024-03-26,2024-04-04,2024-04-08,carrier_delay
RMREV004676,RMPO017384,2024-03-26,2024-04-08,2024-04-02,expedite
RMREV004677,RMPO015040,2024-03-27,2024-03-31,2024-04-06,labor_strike
RMREV004678,RMPO015044,2024-03-27,2024-04-01,2024-04-04,labor_strike
RMREV004679,RMPO015784,2024-03-27,2024-03-29,2024-04-03,labor_strike
RMREV004680,RMPO016431,2024-03-27,2024-04-06,2024-04-10,carrier_delay
RMREV004681,RMPO016726,2024-03-27,2024-03-28,2024-03-29,carrier_delay
RMREV004682,RMPO016918,2024-03-27,2024-04-05,2024-04-06,carrier_delay
RMREV004683,RMPO017072,2024-03-27,2024-04-04,2024-04-10,supplier_capacity
RMREV004684,RMPO015044,2024-03-28,2024-04-04,2024-04-06,labor_strike
RMREV004685,RMPO015204,2024-03-28,2024-04-01,2024-04-16,production_issue
RMREV004686,RMPO015482,2024-03-28,2024-04-10,2024-04-12,expedite_missed
RMREV004687,RMPO015549,2024-03-28,2024-03-29,2024-04-09,raw_material_shortage
RMREV004688,RMPO015629,2024-03-28,2024-04-02,2024-04-03,production_issue
RMREV004689,RMPO015661,2024-03-28,2024-03-29,2024-03-31,supplier_capacity
RMREV004690,RMPO015880,2024-03-28,2024-03-24,2024-03-30,expedite_missed
RMREV004691,RMPO016265,2024-03-28,2024-03-30,2024-04-10,labor_strike
RMREV004692,RMPO016673,2024-03-28,2024-03-27,2024-04-01,labor_strike
RMREV004693,RMPO015021,2024-03-29,2024-03-30,2024-04-02,production_issue
RMREV004694,RMPO015302,2024-03-29,2024-04-06,2024-04-07,production_issue
RMREV004695,RMPO015360,2024-03-29,2024-03-31,2024-04-13,raw_material_shortage
RMREV004696,RMPO015662,2024-03-29,2024-03-31,2024-04-02,raw_material_shortage
RMREV004697,RMPO016038,2024-03-29,2024-03-31,2024-04-06,labor_strike
RMREV004698,RMPO016431,2024-03-29,2024-04-10,2024-04-12,carrier_delay
RMREV004699,RMPO016579,2024-03-29,2024-04-10,2024-04-11,supplier_capacity
RMREV004700,RMPO016670,2024-03-29,2024-04-03,2024-04-05,carrier_delay
RMREV004701,RMPO016837,2024-03-29,2024-04-07,2024-04-12,raw_material_shortage
RMREV004702,RMPO017136,2024-03-29,2024-04-04,2024-04-10,expedite_missed
RMREV004703,RMPO017204,2024-03-29,2024-04-01,2024-04-08,labor_strike
RMREV004704,RMPO017234,2024-03-29,2024-04-05,2024-04-11,production_issue
RMREV004705,RMPO017410,2024-03-29,2024-04-03,2024-04-09,carrier_delay
RMREV004706,RMPO015846,2024-03-30,2024-04-01,2024-04-06,labor_strike
RMREV004707,RMPO016507,2024-03-30,2024-04-02,2024-04-04,supplier_capacity
RMREV004708,RMPO015294,2024-03-31,2024-04-01,2024-04-24,carrier_delay
RMREV004709,RMPO016114,2024-03-31,2024-04-08,2024-05-06,carrier_delay
RMREV004710,RMPO016206,2024-03-31,2024-04-11,2024-04-15,carrier_delay
RMREV004711,RMPO016579,2024-03-31,2024-04-11,2024-04-12,supplier_capacity
RMREV004712,RMPO016655,2024-03-31,2024-03-30,2024-04-05,labor_strike
RMREV004713,RMPO016687,2024-03-31,2024-04-02,2024-04-03,carrier_delay
RMREV004714,RMPO016758,2024-03-31,2024-04-01,2024-04-04,labor_strike
RMREV004715,RMPO016798,2024-03-31,2024-04-06,2024-04-08,raw_material_shortage
RMREV004716,RMPO016951,2024-03-31,2024-04-10,2024-04-12,carrier_delay
RMREV004717,RMPO016973,2024-03-31,2024-04-10,2024-04-15,production_issue
RMREV004718,RMPO017130,2024-03-31,2024-04-12,2024-04-15,expedite_missed
RMREV004719,RMPO017169,2024-03-31,2024-04-10,2024-04-12,production_issue
RMREV004720,RMPO016241,2024-04-01,2024-04-06,2024-04-08,supplier_capacity
RMREV004721,RMPO016806,2024-04-01,2024-04-10,2024-04-11,supplier_capacity
RMREV004722,RMPO016811,2024-04-01,2024-04-11,2024-04-16,production_issue
RMREV004723,RMPO016848,2024-04-01,2024-04-04,2024-04-06,carrier_delay
RMREV004724,RMPO014791,2024-04-02,2024-03-13,2024-04-27,supplier_capacity
RMREV004725,RMPO014791,2024-04-02,2024-04-27,2024-04-22,expedite
RMREV004726,RMPO015361,2024-04-02,2024-04-19,2024-04-22,expedite_missed
RMREV004727,RMPO015774,2024-04-02,2024-04-14,2024-04-22,supplier_capacity
RMREV004728,RMPO016298,2024-04-02,2024-04-03,2024-04-24,carrier_delay
RMREV004729,RMPO016448,2024-04-02,2024-04-10,2024-04-25,production_issue
RMREV004730,RMPO016706,2024-04-02,2024-04-07,2024-04-08,production_issue
RMREV004731,RMPO016953,2024-04-02,2024-04-02,2024-04-04,labor_strike
RMREV004732,RMPO017453,2024-04-02,2024-04-13,2024-04-14,supplier_capacity
RMREV004733,RMPO017540,2024-04-02,2024-04-06,2024-04-07,carrier_delay
RMREV004734,RMPO017623,2024-04-02,2024-04-10,2024-04-12,supplier_capacity
RMREV004735,RMPO017624,2024-04-02,2024-04-10,2024-04-14,quality_hold_at_supplier
RMREV004736,RMPO017662,2024-04-02,2024-04-10,2024-04-11,raw_material_shortage
RMREV004737,RMPO015043,2024-04-03,2024-04-03,2024-04-05,labor_strike
RMREV004738,RMPO015320,2024-04-03,2024-04-08,2024-04-23,carrier_delay
RMREV004739,RMPO016050,2024-04-03,2024-04-14,2024-04-21,raw_material_shortage
RMREV004740,RMPO016176,2024-04-03,2024-04-06,2024-04-10,supplier_capacity
RMREV004741,RMPO016389,2024-04-03,2024-04-04,2024-04-08,raw_material_shortage
RMREV004742,RMPO016810,2024-04-03,2024-04-14,2024-04-17,supplier_capacity
RMREV004743,RMPO016918,2024-04-03,2024-04-06,2024-04-07,carrier_delay
RMREV004744,RMPO016972,2024-04-03,2024-04-11,2024-04-14,production_issue
RMREV004745,RMPO017031,2024-04-03,2024-04-09,2024-04-11,carrier_delay
RMREV004746,RMPO017162,2024-04-03,2024-04-15,2024-04-21,carrier_delay
RMREV004747,RMPO017339,2024-04-03,2024-04-05,2024-04-10,carrier_delay
RMREV004748,RMPO017384,2024-04-03,2024-04-02,2024-04-07,expedite_missed
RMREV004749,RMPO017424,2024-04-03,2024-04-08,2024-04-25,raw_material_shortage
RMREV004750,RMPO017424,2024-04-03,2024-04-25,2024-04-17,expedite
RMREV004751,RMPO017541,2024-04-03,2024-04-06,2024-04-07,production_issue
RMREV004752,RMPO017624,2024-04-03,2024-04-14,2024-04-15,quality_hold_at_supplier
RMREV004753,RMPO015099,2024-04-04,2024-04-02,2024-04-06,supplier_capacity
RMREV004754,RMPO016919,2024-04-04,2024-04-07,2024-04-08,raw_material_shortage
RMREV004755,RMPO017031,2024-04-04,2024-04-11,2024-04-12,carrier_delay
RMREV004756,RMPO017351,2024-04-04,2024-04-08,2024-04-15,production_issue
RMREV004757,RMPO016305,2024-04-05,2024-04-11,2024-04-14,carrier_delay
RMREV004758,RMPO016758,2024-04-05,2024-04-04,2024-04-06,labor_strike
RMREV004759,RMPO016798,2024-04-05,2024-04-08,2024-04-11,raw_material_shortage
RMREV004760,RMPO017419,2024-04-05,2024-04-07,2024-04-22,production_issue
RMREV004761,RMPO017419,2024-04-05,2024-04-22,2024-04-19,expedite
RMREV004762,RMPO017665,2024-04-05,2024-04-11,2024-04-12,carrier_delay
RMREV004763,RMPO015833,2024-04-06,2024-04-10,2024-04-18,supplier_capacity
RMREV004764,RMPO015893,2024-04-06,2024-04-07,2024-04-11,carrier_delay
RMREV004765,RMPO015909,2024-04-06,2024-04-08,2024-04-13,raw_material_shortage
RMREV004766,RMPO015909,2024-04-06,2024-04-13,2024-04-08,expedite
RMREV004767,RMPO016169,2024-04-06,2024-04-18,2024-04-25,carrier_delay
RMREV004768,RMPO016503,2024-04-06,2024-04-11,2024-04-16,supplier_capacity
RMREV004769,RMPO016670,2024-04-06,2024-04-05,2024-04-07,carrier_delay
RMREV004770,RMPO016738,2024-04-06,2024-04-17,2024-04-18,raw_material_shortage
RMREV004771,RMPO016810,2024-04-06,2024-04-17,2024-04-18,supplier_capacity
RMREV004772,RMPO017047,2024-04-06,2024-04-14,2024-04-16,raw_material_shortage
RMREV004773,RMPO017066,2024-04-06,2024-04-17,2024-04-20,supplier_capacity
RMREV004774,RMPO017080,2024-04-06,2024-04-01,2024-04-15,expedite_missed
RMREV004775,RMPO015319,2024-04-07,2024-04-09,2024-04-19,production_issue
RMREV004776,RMPO016075,2024-04-07,2024-04-08,2024-04-13,production_issue
RMREV004777,RMPO016525,2024-04-07,2024-04-15,2024-04-20,production_issue
RMREV004778,RMPO016708,2024-04-07,2024-04-08,2024-04-14,carrier_delay
RMREV004779,RMPO017041,2024-04-07,2024-04-16,2024-04-20,carrier_delay
RMREV004780,RMPO017100,2024-04-07,2024-04-11,2024-04-13,production_issue
RMREV004781,RMPO015583,2024-04-08,2024-04-13,2024-04-21,supplier_capacity
RMREV004782,RMPO015909,2024-04-08,2024-04-08,2024-04-10,expedite_missed
RMREV004783,RMPO016220,2024-04-08,2024-04-20,2024-05-08,carrier_delay
RMREV004784,RMPO016738,2024-04-08,2024-04-18,2024-04-20,raw_material_shortage
RMREV004785,RMPO016768,2024-04-08,2024-04-08,2024-04-12,carrier_delay
RMREV004786,RMPO017216,2024-04-08,2024-04-15,2024-04-16,supplier_capacity
RMREV004787,RMPO017644,2024-04-08,2024-04-10,2024-04-11,supplier_capacity
RMREV004788,RMPO015040,2024-04-09,2024-04-06,2024-04-10,labor_strike
RMREV004789,RMPO015549,2024-04-09,2024-04-09,2024-04-12,raw_material_shortage
RMREV004790,RMPO015780,2024-04-09,2024-04-11,2024-04-30,quality_hold_at_supplier
RMREV004791,RMPO015780,2024-04-09,2024-04-30,2024-04-26,expedite
RMREV004792,RMPO016171,2024-04-09,2024-04-16,2024-04-20,raw_material_shortage
RMREV004793,RMPO016952,2024-04-09,2024-04-13,2024-04-14,production_issue
RMREV004794,RMPO016971,2024-04-09,2024-04-14,2024-04-17,carrier_delay
RMREV004795,RMPO017046,2024-04-09,2024-04-14,2024-04-16,raw_material_shortage
RMREV004796,RMPO017048,2024-04-09,2024-04-16,2024-04-18,supplier_capacity
RMREV004797,RMPO017216,2024-04-09,2024-04-16,2024-04-17,supplier_capacity
RMREV004798,RMPO017232,2024-04-09,2024-04-18,2024-04-20,carrier_delay
RMREV004799,RMPO017284,2024-04-09,2024-04-11,2024-04-12,supplier_capacity
RMREV004800,RMPO017323,2024-04-09,2024-04-20,2024-04-22,supplier_capacity
RMREV004801,RMPO017570,2024-04-09,2024-04-21,2024-04-30,carrier_delay
RMREV004802,RMPO017570,2024-04-09,2024-04-30,2024-04-26,expedite
RMREV004803,RMPO017622,2024-04-09,2024-04-12,2024-04-29,production_issue
RMREV004804,RMPO017622,2024-04-09,2024-04-29,2024-04-22,expedite
RMREV004805,RMPO017644,2024-04-09,2024-04-11,2024-04-12,supplier_capacity
RMREV004806,RMPO017823,2024-04-09,2024-04-14,2024-04-17,raw_material_shortage
RMREV004807,RMPO017905,2024-04-09,2024-04-21,2024-04-24,quality_hold_at_supplier
RMREV004808,RMPO015294,2024-04-10,2024-04-24,2024-05-04,carrier_delay
RMREV004809,RMPO015360,2024-04-10,2024-04-13,2024-04-23,raw_material_shortage
RMREV004810,RMPO015976,2024-04-10,2024-04-12,2024-04-21,carrier_delay
RMREV004811,RMPO016164,2024-04-10,2024-04-20,2024-05-23,raw_material_shortage
RMREV004812,RMPO016165,2024-04-10,2024-04-20,2024-05-22,raw_material_shortage
RMREV004813,RMPO016477,2024-04-10,2024-04-22,2024-04-29,supplier_capacity
RMREV004814,RMPO016572,2024-04-10,2024-04-16,2024-04-28,raw_material_shortage
RMREV004815,RMPO016576,2024-04-10,2024-04-15,2024-04-23,raw_material_shortage
RMREV004816,RMPO017040,2024-04-10,2024-04-12,2024-04-14,supplier_capacity
RMREV004817,RMPO017323,2024-04-10,2024-04-22,2024-04-24,supplier_capacity
RMREV004818,RMPO017817,2024-04-10,2024-04-17,2024-04-18,supplier_capacity
RMREV004819,RMPO017943,2024-04-10,2024-04-17,2024-04-18,production_issue
RMREV004820,RMPO016952,2024-04-11,2024-04-14,2024-04-15,production_issue
RMREV004821,RMPO016956,2024-04-11,2024-04-18,2024-04-26,production_issue
RMREV004822,RMPO015319,2024-04-12,2024-04-19,2024-04-24,production_issue
RMREV004823,RMPO015846,2024-04-12,2024-04-06,2024-04-13,labor_strike
RMREV004824,RMPO016207,2024-04-12,2024-04-16,2024-04-21,carrier_delay
RMREV004825,RMPO016475,2024-04-12,2024-04-18,2024-04-28,raw_material_shortage
RMREV004826,RMPO016829,2024-04-12,2024-04-14,2024-04-15,production_issue
RMREV004827,RMPO016959,2024-04-12,2024-04-13,2024-04-14,supplier_capacity
RMREV004828,RMPO017040,2024-04-12,2024-04-14,2024-04-15,supplier_capacity
RMREV004829,RMPO017100,2024-04-12,2024-04-13,2024-04-14,production_issue
RMREV004830,RMPO017217,2024-04-12,2024-04-16,2024-04-18,supplier_capacity
RMREV004831,RMPO017231,2024-04-12,2024-04-18,2024-04-19,carrier_delay
RMREV004832,RMPO017327,2024-04-12,2024-04-20,2024-04-27,supplier_capacity
RMREV004833,RMPO017328,2024-04-12,2024-04-23,2024-04-30,supplier_capacity
RMREV004834,RMPO017425,2024-04-12,2024-04-24,2024-04-25,supplier_capacity
RMREV004835,RMPO015892,2024-04-13,2024-04-07,2024-04-15,production_issue
RMREV004836,RMPO016344,2024-04-13,2024-04-18,2024-04-30,supplier_capacity
RMREV004837,RMPO016479,2024-04-13,2024-04-18,2024-04-23,raw_material_shortage
RMREV004838,RMPO017285,2024-04-13,2024-04-14,2024-04-19,supplier_capacity
RMREV004839,RMPO017419,2024-04-13,2024-04-19,2024-04-22,expedite_missed
RMREV004840,RMPO017620,2024-04-13,2024-04-22,2024-04-23,raw_material_shortage
RMREV004841,RMPO017622,2024-04-13,2024-04-22,2024-04-24,expedite_missed
RMREV004842,RMPO017741,2024-04-13,2024-04-20,2024-04-21,supplier_capacity
RMREV004843,RMPO016170,2024-04-14,2024-04-21,2024-04-29,supplier_capacity
RMREV004844,RMPO017069,2024-04-14,2024-04-17,2024-04-29,supplier_capacity
RMREV004845,RMPO017145,2024-04-14,2024-04-17,2024-04-20,supplier_capacity
RMREV004846,RMPO017515,2024-04-14,2024-04-26,2024-04-28,production_issue
RMREV004847,RMPO017943,2024-04-14,2024-04-18,2024-04-19,production_issue
RMREV004848,RMPO016491,2024-04-15,2024-04-27,2024-05-03,supplier_capacity
RMREV004849,RMPO017233,2024-04-15,2024-04-18,2024-04-25,raw_material_shortage
RMREV004850,RMPO015362,2024-04-16,2024-04-06,2024-04-19,expedite_missed
RMREV004851,RMPO016365,2024-04-16,2024-04-19,2024-04-24,production_issue
RMREV004852,RMPO016445,2024-04-16,2024-04-18,2024-04-23,carrier_delay
RMREV004853,RMPO016476,2024-04-16,2024-04-21,2024-05-02,carrier_delay
RMREV004854,RMPO016480,2024-04-16,2024-04-21,2024-04-26,raw_material_shortage
RMREV004855,RMPO016890,2024-04-16,2024-04-24,2024-04-30,production_issue
RMREV004856,RMPO017444,2024-04-16,2024-04-26,2024-04-30,carrier_delay
RMREV004857,RMPO017481,2024-04-16,2024-04-25,2024-05-02,supplier_capacity
RMREV004858,RMPO017933,2024-04-16,2024-04-23,2024-04-25,raw_material_shortage
RMREV004859,RMPO018114,2024-04-16,2024-04-21,2024-04-23,supplier_capacity
RMREV004860,RMPO015237,2024-04-17,2024-04-13,2024-05-02,raw_material_shortage
RMREV004861,RMPO016075,2024-04-17,2024-04-13,2024-04-19,production_issue
RMREV004862,RMPO016168,2024-04-17,2024-04-18,2024-04-25,supplier_capacity
RMREV004863,RMPO016349,2024-04-17,2024-04-25,2024-05-15,carrier_delay
RMREV004864,RMPO016576,2024-04-17,2024-04-23,2024-04-26,raw_material_shortage
RMREV004865,RMPO016876,2024-04-17,2024-04-23,2024-04-29,production_issue
RMREV004866,RMPO017326,2024-04-17,2024-04-25,2024-04-29,supplier_capacity
RMREV004867,RMPO017620,2024-04-17,2024-04-23,2024-04-24,raw_material_shortage
RMREV004868,RMPO017955,2024-04-17,2024-04-21,2024-04-22,supplier_capacity
RMREV004869,RMPO016472,2024-04-18,2024-04-19,2024-04-30,production_issue
RMREV004870,RMPO017238,2024-04-18,2024-04-27,2024-05-10,supplier_capacity
RMREV004871,RMPO017424,2024-04-18,2024-04-17,2024-04-21,expedite_missed
RMREV004872,RMPO017932,2024-04-18,2024-04-20,2024-04-22,supplier_capacity
RMREV004873,RMPO017934,2024-04-18,2024-04-20,2024-04-21,raw_material_shortage
RMREV004874,RMPO017944,2024-04-18,2024-04-19,2024-04-22,supplier_capacity
RMREV004875,RMPO016171,2024-04-19,2024-04-20,2024-04-23,raw_material_shortage
RMREV004876,RMPO016180,2024-04-19,2024-04-25,2024-05-01,carrier_delay
RMREV004877,RMPO016227,2024-04-19,2024-04-25,2024-04-30,carrier_delay
RMREV004878,RMPO016401,2024-04-19,2024-04-29,2024-05-10,supplier_capacity
RMREV004879,RMPO017259,2024-04-19,2024-04-27,2024-04-29,supplier_capacity
RMREV004880,RMPO017322,2024-04-19,2024-04-23,2024-04-29,supplier_capacity
RMREV004881,RMPO017615,2024-04-19,2024-04-30,2024-05-05,carrier_delay
RMREV004882,RMPO017630,2024-04-19,2024-04-28,2024-04-30,carrier_delay
RMREV004883,RMPO017879,2024-04-19,2024-04-29,2024-05-03,production_issue
RMREV004884,RMPO017955,2024-04-19,2024-04-22,2024-04-23,supplier_capacity
RMREV004885,RMPO016493,2024-04-20,2024-04-29,2024-05-09,carrier_delay
RMREV004886,RMPO017227,2024-04-20,2024-04-21,2024-04-26,carrier_delay
RMREV004887,RMPO017935,2024-04-20,2024-04-25,2024-04-27,raw_material_shortage
RMREV004888,RMPO016492,2024-04-21,2024-04-28,2024-05-08,carrier_delay
RMREV004889,RMPO017227,2024-04-21,2024-04-26,2024-05-03,carrier_delay
RMREV004890,RMPO017347,2024-04-21,2024-04-28,2024-05-01,raw_material_shortage
RMREV004891,RMPO017597,2024-04-21,2024-04-28,2024-05-09,carrier_delay
RMREV004892,RMPO017597,2024-04-21,2024-05-09,2024-05-02,expedite
RMREV004893,RMPO017741,2024-04-21,2024-04-21,2024-04-23,supplier_capacity
RMREV004894,RMPO017874,2024-04-21,2024-04-23,2024-04-24,carrier_delay
RMREV004895,RMPO018063,2024-04-21,2024-04-28,2024-05-01,supplier_capacity
RMREV004896,RMPO016180,2024-04-22,2024-05-01,2024-05-05,carrier_delay
RMREV004897,RMPO016180,2024-04-22,2024-05-05,2024-04-28,expedite
RMREV004898,RMPO017902,2024-04-22,2024-05-02,2024-05-11,supplier_capacity
RMREV004899,RMPO017235,2024-04-23,2024-04-27,2024-05-13,production_issue
RMREV004900,RMPO017301,2024-04-23,2024-05-04,2024-05-11,supplier_capacity
RMREV004901,RMPO017514,2024-04-23,2024-04-28,2024-05-01,raw_material_shortage
RMREV004902,RMPO017596,2024-04-23,2024-04-28,2024-05-09,supplier_capacity
RMREV004903,RMPO017596,2024-04-23,2024-05-09,2024-05-03,expedite
RMREV004904,RMPO018289,2024-04-23,2024-04-29,2024-05-14,allocation_cut
RMREV004905,RMPO018289,2024-04-23,2024-05-14,2024-05-11,expedite
RMREV004906,RMPO016748,2024-04-24,2024-04-30,2024-05-16,carrier_delay
RMREV004907,RMPO016748,2024-04-24,2024-05-16,2024-05-13,expedite
RMREV004908,RMPO017321,2024-04-24,2024-04-25,2024-05-02,supplier_capacity
RMREV004909,RMPO017331,2024-04-24,2024-05-04,2024-05-05,supplier_capacity
RMREV004910,RMPO017346,2024-04-24,2024-04-28,2024-05-08,production_issue
RMREV004911,RMPO017399,2024-04-24,2024-05-05,2024-05-06,raw_material_shortage
RMREV004912,RMPO017809,2024-04-24,2024-05-05,2024-05-10,carrier_delay
RMREV004913,RMPO017924,2024-04-24,2024-05-06,2024-05-15,supplier_capacity
RMREV004914,RMPO018167,2024-04-24,2024-05-06,2024-05-10,raw_material_shortage
RMREV004915,RMPO018207,2024-04-24,2024-04-30,2024-05-03,production_issue
RMREV004916,RMPO016847,2024-04-25,2024-05-03,2024-05-20,supplier_capacity
RMREV004917,RMPO017184,2024-04-25,2024-05-03,2024-05-06,raw_material_shortage
RMREV004918,RMPO017611,2024-04-25,2024-05-01,2024-05-02,supplier_capacity
RMREV004919,RMPO017612,2024-04-25,2024-05-02,2024-05-04,supplier_capacity
RMREV004920,RMPO017649,2024-04-25,2024-04-30,2024-05-03,production_issue
RMREV004921,RMPO016127,2024-04-26,2024-05-02,2024-05-12,supplier_capacity
RMREV004922,RMPO016776,2024-04-26,2024-05-06,2024-05-09,supplier_capacity
RMREV004923,RMPO016872,2024-04-26,2024-05-02,2024-05-06,production_issue
RMREV004924,RMPO017901,2024-04-26,2024-05-08,2024-05-19,production_issue
RMREV004925,RMPO016792,2024-04-27,2024-05-03,2024-05-17,raw_material_shortage
RMREV004926,RMPO017057,2024-04-27,2024-05-03,2024-05-21,raw_material_shortage
RMREV004927,RMPO017117,2024-04-27,2024-05-09,2024-05-15,carrier_delay
RMREV004928,RMPO017185,2024-04-27,2024-05-07,2024-05-19,carrier_delay
RMREV004929,RMPO017185,2024-04-27,2024-05-19,2024-05-15,expedite
RMREV004930,RMPO017616,2024-04-27,2024-05-02,2024-05-07,supplier_capacity
RMREV004931,RMPO017775,2024-04-27,2024-05-04,2024-05-10,supplier_capacity
RMREV004932,RMPO018143,2024-04-27,2024-05-06,2024-05-11,carrier_delay
RMREV004933,RMPO018466,2024-04-27,2024-05-05,2024-05-10,supplier_capacity
RMREV004934,RMPO018516,2024-04-27,2024-05-05,2024-05-08,carrier_delay
RMREV004935,RMPO017184,2024-04-28,2024-05-06,2024-05-07,raw_material_shortage
RMREV004936,RMPO017239,2024-04-28,2024-04-29,2024-05-12,carrier_delay
RMREV004937,RMPO017239,2024-04-28,2024-05-12,2024-05-08,expedite
RMREV004938,RMPO017280,2024-04-28,2024-05-10,2024-05-19,carrier_delay
RMREV004939,RMPO017557,2024-04-28,2024-05-08,2024-05-10,raw_material_shortage
RMREV004940,RMPO017879,2024-04-28,2024-05-03,2024-05-05,production_issue
RMREV004941,RMPO017968,2024-04-28,2024-05-08,2024-05-11,raw_material_shortage
RMREV004942,RMPO018445,2024-04-28,2024-05-08,2024-05-09,raw_material_shortage
RMREV004943,RMPO017912,2024-04-29,2024-05-04,2024-05-06,supplier_capacity
RMREV004944,RMPO017926,2024-04-29,2024-05-04,2024-05-05,supplier_capacity
RMREV004945,RMPO018467,2024-04-29,2024-05-07,2024-05-09,supplier_capacity
RMREV004946,RMPO016402,2024-04-30,2024-05-03,2024-05-14,raw_material_shortage
RMREV004947,RMPO016775,2024-04-30,2024-05-08,2024-05-11,supplier_capacity
RMREV004948,RMPO017008,2024-04-30,2024-05-09,2024-05-13,production_issue
RMREV004949,RMPO017630,2024-04-30,2024-04-30,2024-05-02,carrier_delay
RMREV004950,RMPO018500,2024-04-30,2024-05-07,2024-05-09,carrier_delay
RMREV004951,RMPO018674,2024-04-30,2024-05-04,2024-05-11,production_issue
RMREV004952,RMPO018675,2024-04-30,2024-05-04,2024-05-08,production_issue
RMREV004953,RMPO018742,2024-04-30,2024-05-08,2024-05-10,allocation_cut
RMREV004954,RMPO016398,2024-05-01,2024-05-03,2024-05-27,supplier_capacity
RMREV004955,RMPO016846,2024-05-01,2024-05-03,2024-05-12,carrier_delay
RMREV004956,RMPO017054,2024-05-01,2024-05-11,2024-05-16,raw_material_shortage
RMREV004957,RMPO017650,2024-05-01,2024-05-02,2024-05-08,supplier_capacity
RMREV004958,RMPO017911,2024-05-01,2024-05-02,2024-05-05,supplier_capacity
RMREV004959,RMPO017912,2024-05-01,2024-05-06,2024-05-08,supplier_capacity
RMREV004960,RMPO018207,2024-05-01,2024-05-03,2024-05-06,production_issue
RMREV004961,RMPO018252,2024-05-01,2024-05-07,2024-05-16,carrier_delay
RMREV004962,RMPO016399,2024-05-02,2024-05-04,2024-05-28,supplier_capacity
RMREV004963,RMPO017009,2024-05-02,2024-05-08,2024-05-12,production_issue
RMREV004964,RMPO017158,2024-05-02,2024-05-07,2024-05-18,carrier_delay
RMREV004965,RMPO017677,2024-05-02,2024-05-08,2024-05-27,raw_material_shortage
RMREV004966,RMPO018154,2024-05-02,2024-05-07,2024-05-13,carrier_delay
RMREV004967,RMPO016409,2024-05-03,2024-05-04,2024-05-13,carrier_delay
RMREV004968,RMPO016409,2024-05-03,2024-05-13,2024-05-10,expedite
RMREV004969,RMPO016491,2024-05-03,2024-05-03,2024-05-06,supplier_capacity
RMREV004970,RMPO016775,2024-05-03,2024-05-11,2024-05-12,supplier_capacity
RMREV004971,RMPO017007,2024-05-03,2024-05-07,2024-05-11,raw_material_shortage
RMREV004972,RMPO017007,2024-05-03,2024-05-11,2024-05-06,expedite
RMREV004973,RMPO017774,2024-05-03,2024-05-05,2024-05-09,production_issue
RMREV004974,RMPO017911,2024-05-03,2024-05-05,2024-05-06,supplier_capacity
RMREV004975,RMPO017946,2024-05-03,2024-05-05,2024-05-18,raw_material_shortage
RMREV004976,RMPO018359,2024-05-03,2024-05-15,2024-05-19,raw_material_shortage
RMREV004977,RMPO018499,2024-05-03,2024-05-04,2024-05-05,supplier_capacity
RMREV004978,RMPO016872,2024-05-04,2024-05-06,2024-05-13,production_issue
RMREV004979,RMPO017220,2024-05-04,2024-05-10,2024-05-12,production_issue
RMREV004980,RMPO017346,2024-05-04,2024-05-08,2024-05-12,production_issue
RMREV004981,RMPO017398,2024-05-04,2024-05-06,2024-05-26,raw_material_shortage
RMREV004982,RMPO017398,2024-05-04,2024-05-26,2024-05-19,expedite
RMREV004983,RMPO017677,2024-05-04,2024-05-27,2024-06-03,raw_material_shortage
RMREV004984,RMPO017686,2024-05-04,2024-05-12,2024-05-14,production_issue
RMREV004985,RMPO018241,2024-05-04,2024-05-09,2024-05-10,raw_material_shortage
RMREV004986,RMPO017597,2024-05-05,2024-05-02,2024-05-09,expedite_missed
RMREV004987,RMPO017626,2024-05-05,2024-05-15,2024-05-16,carrier_delay
RMREV004988,RMPO017649,2024-05-05,2024-05-03,2024-05-06,production_issue
RMREV004989,RMPO017686,2024-05-05,2024-05-14,2024-05-15,production_issue
RMREV004990,RMPO018055,2024-05-05,2024-05-06,2024-05-11,supplier_capacity
RMREV004991,RMPO018194,2024-05-05,2024-05-13,2024-05-24,supplier_capacity
RMREV004992,RMPO018224,2024-05-05,2024-05-10,2024-05-11,raw_material_shortage
RMREV004993,RMPO016801,2024-05-06,2024-05-09,2024-05-14,raw_material_shortage
RMREV004994,RMPO017135,2024-05-06,2024-05-11,2024-05-25,production_issue
RMREV004995,RMPO017135,2024-05-06,2024-05-25,2024-05-20,expedite
RMREV004996,RMPO017386,2024-05-06,2024-05-17,2024-05-28,raw_material_shortage
RMREV004997,RMPO017556,2024-05-06,2024-05-08,2024-05-10,production_issue
RMREV004998,RMPO017922,2024-05-06,2024-05-09,2024-05-10,supplier_capacity
RMREV004999,RMPO018677,2024-05-06,2024-05-10,2024-05-12,supplier_capacity
RMREV005000,RMPO018715,2024-05-06,2024-05-12,2024-05-23,production_issue
RMREV005001,RMPO018742,2024-05-06,2024-05-10,2024-05-11,allocation_cut
RMREV005002,RMPO018806,2024-05-06,2024-05-14,2024-05-31,allocation_cut
RMREV005003,RMPO018806,2024-05-06,2024-05-31,2024-05-26,expedite
RMREV005004,RMPO017135,2024-05-07,2024-05-20,2024-05-23,expedite_missed
RMREV005005,RMPO018855,2024-05-07,2024-05-15,2024-05-17,production_issue
RMREV005006,RMPO018931,2024-05-07,2024-05-13,2024-05-14,supplier_capacity
RMREV005007,RMPO019026,2024-05-07,2024-05-17,2024-05-19,raw_material_shortage
RMREV005008,RMPO016954,2024-05-08,2024-05-14,2024-05-19,raw_material_shortage
RMREV005009,RMPO017452,2024-05-08,2024-05-16,2024-05-25,production_issue
RMREV005010,RMPO017557,2024-05-08,2024-05-10,2024-05-11,raw_material_shortage
RMREV005011,RMPO017627,2024-05-08,2024-05-13,2024-05-14,carrier_delay
RMREV005012,RMPO017774,2024-05-08,2024-05-09,2024-05-11,production_issue
RMREV005013,RMPO018486,2024-05-08,2024-05-18,2024-05-21,supplier_capacity
RMREV005014,RMPO018912,2024-05-08,2024-05-17,2024-05-18,carrier_delay
RMREV005015,RMPO016692,2024-05-09,2024-05-06,2024-06-04,supplier_capacity
RMREV005016,RMPO016776,2024-05-09,2024-05-09,2024-05-10,supplier_capacity
RMREV005017,RMPO016846,2024-05-09,2024-05-12,2024-05-20,carrier_delay
RMREV005018,RMPO017173,2024-05-09,2024-05-16,2024-06-12,carrier_delay
RMREV005019,RMPO017508,2024-05-09,2024-05-27,2024-05-31,supplier_capacity
RMREV005020,RMPO018217,2024-05-09,2024-05-13,2024-05-15,production_issue
RMREV005021,RMPO018493,2024-05-09,2024-05-18,2024-05-23,supplier_capacity
RMREV005022,RMPO018493,2024-05-09,2024-05-23,2024-05-19,expedite
RMREV005023,RMPO018898,2024-05-09,2024-05-17,2024-05-22,raw_material_shortage
RMREV005024,RMPO016967,2024-05-10,2024-05-13,2024-05-17,raw_material_shortage
RMREV005025,RMPO017117,2024-05-10,2024-05-15,2024-05-19,carrier_delay
RMREV005026,RMPO017279,2024-05-10,2024-05-15,2024-05-25,supplier_capacity
RMREV005027,RMPO017390,2024-05-10,2024-05-11,2024-05-16,raw_material_shortage
RMREV005028,RMPO017448,2024-05-10,2024-05-17,2024-05-21,production_issue
RMREV005029,RMPO017625,2024-05-10,2024-05-16,2024-05-22,supplier_capacity
RMREV005030,RMPO017791,2024-05-10,2024-05-12,2024-05-19,carrier_delay
RMREV005031,RMPO017969,2024-05-10,2024-05-13,2024-05-15,carrier_delay
RMREV005032,RMPO018494,2024-05-10,2024-05-22,2024-05-26,supplier_capacity
RMREV005033,RMPO018675,2024-05-10,2024-05-08,2024-05-11,production_issue
RMREV005034,RMPO018930,2024-05-10,2024-05-11,2024-05-12,carrier_delay
RMREV005035,RMPO018995,2024-05-10,2024-05-15,2024-05-23,allocation_cut
RMREV005036,RMPO019051,2024-05-10,2024-05-15,2024-05-22,carrier_delay
RMREV005037,RMPO017055,2024-05-11,2024-05-12,2024-05-17,supplier_capacity
RMREV005038,RMPO017171,2024-05-11,2024-05-18,2024-06-05,carrier_delay
RMREV005039,RMPO017171,2024-05-11,2024-06-05,2024-05-30,expedite
RMREV005040,RMPO018525,2024-05-11,2024-05-21,2024-05-23,carrier_delay
RMREV005041,RMPO018599,2024-05-11,2024-05-20,2024-05-22,supplier_capacity
RMREV005042,RMPO018910,2024-05-11,2024-05-19,2024-05-28,carrier_delay
RMREV005043,RMPO017844,2024-05-12,2024-05-13,2024-05-19,raw_material_shortage
RMREV005044,RMPO018793,2024-05-12,2024-05-14,2024-05-23,carrier_delay
RMREV005045,RMPO018793,2024-05-12,2024-05-23,2024-05-18,expedite
RMREV005046,RMPO017220,2024-05-13,2024-05-12,2024-05-14,production_issue
RMREV005047,RMPO017801,2024-05-13,2024-05-20,2024-05-24,supplier_capacity
RMREV005048,RMPO017962,2024-05-13,2024-05-17,2024-05-30,raw_material_shortage
RMREV005049,RMPO018196,2024-05-13,2024-05-14,2024-05-21,supplier_capacity
RMREV005050,RMPO018376,2024-05-13,2024-05-23,2024-05-27,supplier_capacity
RMREV005051,RMPO018484,2024-05-13,2024-05-21,2024-05-25,supplier_capacity
RMREV005052,RMPO018996,2024-05-13,2024-05-17,2024-05-18,carrier_delay
RMREV005053,RMPO017451,2024-05-14,2024-05-16,2024-05-21,carrier_delay
RMREV005054,RMPO018994,2024-05-14,2024-05-15,2024-05-25,allocation_cut
RMREV005055,RMPO019041,2024-05-14,2024-05-21,2024-05-23,carrier_delay
RMREV005056,RMPO019151,2024-05-14,2024-05-19,2024-05-20,carrier_delay
RMREV005057,RMPO019168,2024-05-14,2024-05-18,2024-05-20,supplier_capacity
RMREV005058,RMPO019170,2024-05-14,2024-05-18,2024-05-21,carrier_delay
RMREV005059,RMPO019255,2024-05-14,2024-05-22,2024-06-07,allocation_cut
RMREV005060,RMPO019283,2024-05-14,2024-05-22,2024-05-23,carrier_delay
RMREV005061,RMPO016974,2024-05-15,2024-05-18,2024-06-12,production_issue
RMREV005062,RMPO016974,2024-05-15,2024-06-12,2024-06-08,expedite
RMREV005063,RMPO017451,2024-05-15,2024-05-21,2024-05-25,carrier_delay
RMREV005064,RMPO017669,2024-05-15,2024-05-21,2024-05-22,supplier_capacity
RMREV005065,RMPO017870,2024-05-15,2024-05-24,2024-06-08,supplier_capacity
RMREV005066,RMPO017969,2024-05-15,2024-05-15,2024-05-16,carrier_delay
RMREV005067,RMPO018410,2024-05-15,2024-05-25,2024-05-27,carrier_delay
RMREV005068,RMPO018525,2024-05-15,2024-05-23,2024-05-24,carrier_delay
RMREV005069,RMPO018792,2024-05-15,2024-05-16,2024-05-26,production_issue
RMREV005070,RMPO018912,2024-05-15,2024-05-18,2024-05-19,carrier_delay
RMREV005071,RMPO019146,2024-05-15,2024-05-25,2024-05-28,raw_material_shortage
RMREV005072,RMPO017641,2024-05-16,2024-05-21,2024-05-24,supplier_capacity
RMREV005073,RMPO018144,2024-05-16,2024-05-22,2024-06-02,supplier_capacity
RMREV005074,RMPO018243,2024-05-16,2024-05-20,2024-05-28,supplier_capacity
RMREV005075,RMPO018536,2024-05-16,2024-05-27,2024-06-04,supplier_capacity
RMREV005076,RMPO018695,2024-05-16,2024-05-22,2024-05-23,supplier_capacity
RMREV005077,RMPO018899,2024-05-16,2024-05-17,2024-05-22,raw_material_shortage
RMREV005078,RMPO019251,2024-05-16,2024-05-28,2024-05-30,carrier_delay
RMREV005079,RMPO018844,2024-05-17,2024-05-22,2024-05-24,supplier_capacity
RMREV005080,RMPO018995,2024-05-17,2024-05-23,2024-05-27,allocation_cut
RMREV005081,RMPO019043,2024-05-17,2024-05-23,2024-05-24,production_issue
RMREV005082,RMPO018490,2024-05-18,2024-05-22,2024-06-05,supplier_capacity
RMREV005083,RMPO017869,2024-05-19,2024-05-29,2024-06-14,carrier_delay
RMREV005084,RMPO017894,2024-05-19,2024-05-29,2024-06-05,raw_material_shortage
RMREV005085,RMPO018598,2024-05-19,2024-05-20,2024-05-21,production_issue
RMREV005086,RMPO018824,2024-05-19,2024-05-23,2024-05-29,production_issue
RMREV005087,RMPO019101,2024-05-19,2024-05-26,2024-05-27,raw_material_shortage
RMREV005088,RMPO019210,2024-05-19,2024-05-28,2024-06-05,supplier_capacity
RMREV005089,RMPO019252,2024-05-19,2024-05-30,2024-05-31,raw_material_shortage
RMREV005090,RMPO017576,2024-05-20,2024-05-31,2024-06-13,raw_material_shortage
RMREV005091,RMPO017862,2024-05-20,2024-05-30,2024-06-03,supplier_capacity
RMREV005092,RMPO018484,2024-05-20,2024-05-25,2024-05-29,supplier_capacity
RMREV005093,RMPO018484,2024-05-20,2024-05-29,2024-05-25,expedite
RMREV005094,RMPO017386,2024-05-21,2024-05-28,2024-06-03,raw_material_shortage
RMREV005095,RMPO017575,2024-05-21,2024-05-29,2024-06-12,carrier_delay
RMREV005096,RMPO018625,2024-05-21,2024-05-30,2024-05-31,supplier_capacity
RMREV005097,RMPO018729,2024-05-21,2024-05-28,2024-06-05,supplier_capacity
RMREV005098,RMPO018979,2024-05-21,2024-06-01,2024-06-16,supplier_capacity
RMREV005099,RMPO019389,2024-05-21,2024-05-31,2024-06-04,supplier_capacity
RMREV005100,RMPO019397,2024-05-21,2024-05-26,2024-05-31,supplier_capacity
RMREV005101,RMPO019476,2024-05-21,2024-06-01,2024-06-06,supplier_capacity
RMREV005102,RMPO019485,2024-05-21,2024-05-29,2024-06-17,allocation_cut
RMREV005103,RMPO019487,2024-05-21,2024-05-29,2024-06-08,allocation_cut
RMREV005104,RMPO018484,2024-05-22,2024-05-25,2024-05-29,expedite_missed
RMREV005105,RMPO018494,2024-05-22,2024-05-26,2024-05-28,supplier_capacity
RMREV005106,RMPO018625,2024-05-22,2024-05-31,2024-06-01,supplier_capacity
RMREV005107,RMPO018878,2024-05-22,2024-05-31,2024-06-02,production_issue
RMREV005108,RMPO019040,2024-05-22,2024-05-23,2024-05-25,carrier_delay
RMREV005109,RMPO019253,2024-05-22,2024-05-25,2024-06-09,allocation_cut
RMREV005110,RMPO017863,2024-05-23,2024-06-02,2024-06-06,production_issue
RMREV005111,RMPO018041,2024-05-23,2024-05-30,2024-06-10,raw_material_shortage
RMREV005112,RMPO018228,2024-05-23,2024-06-03,2024-06-11,supplier_capacity
RMREV005113,RMPO018281,2024-05-23,2024-05-26,2024-05-27,supplier_capacity
RMREV005114,RMPO018760,2024-05-23,2024-05-30,2024-06-01,carrier_delay
RMREV005115,RMPO018873,2024-05-23,2024-05-28,2024-06-04,supplier_capacity
RMREV005116,RMPO019484,2024-05-23,2024-05-29,2024-06-17,allocation_cut
RMREV005117,RMPO018096,2024-05-24,2024-05-27,2024-06-01,production_issue
RMREV005118,RMPO018410,2024-05-24,2024-05-27,2024-05-30,carrier_delay
RMREV005119,RMPO018629,2024-05-24,2024-06-04,2024-06-12,supplier_capacity
RMREV005120,RMPO018512,2024-05-25,2024-06-03,2024-06-04,raw_material_shortage
RMREV005121,RMPO018745,2024-05-25,2024-06-02,2024-06-18,carrier_delay
RMREV005122,RMPO018845,2024-05-25,2024-05-27,2024-05-30,carrier_delay
RMREV005123,RMPO018960,2024-05-25,2024-05-29,2024-06-09,raw_material_shortage
RMREV005124,RMPO018977,2024-05-25,2024-06-05,2024-06-07,raw_material_shortage
RMREV005125,RMPO019040,2024-05-25,2024-05-25,2024-05-26,carrier_delay
RMREV005126,RMPO019044,2024-05-25,2024-05-26,2024-05-27,carrier_delay
RMREV005127,RMPO019051,2024-05-25,2024-05-22,2024-05-31,carrier_delay
RMREV005128,RMPO019058,2024-05-25,2024-05-28,2024-06-07,raw_material_shortage
RMREV005129,RMPO019058,2024-05-25,2024-06-07,2024-05-30,expedite
RMREV005130,RMPO019167,2024-05-25,2024-05-29,2024-06-02,raw_material_shortage
RMREV005131,RMPO017577,2024-05-26,2024-05-27,2024-06-04,supplier_capacity
RMREV005132,RMPO017917,2024-05-26,2024-06-07,2024-06-15,carrier_delay
RMREV005133,RMPO018238,2024-05-26,2024-06-07,2024-06-14,raw_material_shortage
RMREV005134,RMPO018320,2024-05-26,2024-06-06,2024-06-09,raw_material_shortage
RMREV005135,RMPO018544,2024-05-26,2024-06-05,2024-06-07,raw_material_shortage
RMREV005136,RMPO018760,2024-05-26,2024-06-01,2024-06-03,carrier_delay
RMREV005137,RMPO018875,2024-05-26,2024-05-28,2024-05-30,raw_material_shortage
RMREV005138,RMPO018876,2024-05-26,2024-05-28,2024-05-29,supplier_capacity
RMREV005139,RMPO018877,2024-05-26,2024-05-28,2024-05-30,carrier_delay
RMREV005140,RMPO018981,2024-05-26,2024-06-05,2024-06-22,supplier_capacity
RMREV005141,RMPO019058,2024-05-26,2024-05-30,2024-06-07,expedite_missed
RMREV005142,RMPO017871,2024-05-27,2024-05-29,2024-06-04,supplier_capacity
RMREV005143,RMPO018455,2024-05-27,2024-06-06,2024-06-10,production_issue
RMREV005144,RMPO018670,2024-05-27,2024-06-01,2024-06-04,production_issue
RMREV005145,RMPO019013,2024-05-27,2024-05-30,2024-06-03,raw_material_shortage
RMREV005146,RMPO019333,2024-05-27,2024-06-08,2024-06-13,raw_material_shortage
RMREV005147,RMPO017577,2024-05-28,2024-06-04,2024-06-09,supplier_capacity
RMREV005148,RMPO017859,2024-05-28,2024-05-29,2024-06-09,raw_material_shortage
RMREV005149,RMPO018059,2024-05-28,2024-05-31,2024-06-04,carrier_delay
RMREV005150,RMPO018172,2024-05-28,2024-06-02,2024-06-08,production_issue
RMREV005151,RMPO018181,2024-05-28,2024-06-07,2024-06-13,production_issue
RMREV005152,RMPO018874,2024-05-28,2024-05-31,2024-06-08,supplier_capacity
RMREV005153,RMPO018876,2024-05-28,2024-05-29,2024-05-30,supplier_capacity
RMREV005154,RMPO019020,2024-05-28,2024-06-05,2024-06-11,carrier_delay
RMREV005155,RMPO019253,2024-05-28,2024-06-09,2024-06-13,allocation_cut
RMREV005156,RMPO019330,2024-05-28,2024-06-06,2024-06-15,raw_material_shortage
RMREV005157,RMPO019605,2024-05-28,2024-06-03,2024-06-06,production_issue
RMREV005158,RMPO019651,2024-05-28,2024-06-07,2024-06-09,raw_material_shortage
RMREV005159,RMPO019738,2024-05-28,2024-06-07,2024-06-13,allocation_cut
RMREV005160,RMPO018451,2024-05-29,2024-06-07,2024-06-09,production_issue
RMREV005161,RMPO018452,2024-05-29,2024-06-10,2024-06-12,supplier_capacity
RMREV005162,RMPO018509,2024-05-29,2024-06-03,2024-06-08,supplier_capacity
RMREV005163,RMPO018509,2024-05-29,2024-06-08,2024-06-04,expedite
RMREV005164,RMPO019012,2024-05-29,2024-06-03,2024-06-05,supplier_capacity
RMREV005165,RMPO018047,2024-05-30,2024-06-06,2024-06-24,carrier_delay
RMREV005166,RMPO018139,2024-05-30,2024-06-04,2024-06-05,production_issue
RMREV005167,RMPO018999,2024-05-30,2024-06-09,2024-06-27,production_issue
RMREV005168,RMPO019502,2024-05-30,2024-06-03,2024-06-04,carrier_delay
RMREV005169,RMPO019738,2024-05-30,2024-06-13,2024-06-21,allocation_cut
RMREV005170,RMPO019747,2024-05-30,2024-06-09,2024-06-25,supplier_capacity
RMREV005171,RMPO017804,2024-05-31,2024-06-03,2024-06-10,production_issue
RMREV005172,RMPO018019,2024-05-31,2024-06-08,2024-06-09,supplier_capacity
RMREV005173,RMPO018077,2024-05-31,2024-06-05,2024-06-19,raw_material_shortage
RMREV005174,RMPO018423,2024-05-31,2024-06-11,2024-06-20,raw_material_shortage
RMREV005175,RMPO018426,2024-05-31,2024-06-11,2024-06-15,supplier_capacity
RMREV005176,RMPO018509,2024-05-31,2024-06-04,2024-06-07,expedite_missed
RMREV005177,RMPO018807,2024-05-31,2024-06-02,2024-06-22,production_issue
RMREV005178,RMPO018807,2024-05-31,2024-06-22,2024-06-15,expedite
RMREV005179,RMPO018928,2024-05-31,2024-06-08,2024-06-11,carrier_delay
RMREV005180,RMPO018987,2024-05-31,2024-06-05,2024-06-09,supplier_capacity
RMREV005181,RMPO019443,2024-05-31,2024-06-10,2024-06-15,supplier_capacity
RMREV005182,RMPO019495,2024-05-31,2024-06-06,2024-06-07,carrier_delay
RMREV005183,RMPO019778,2024-05-31,2024-06-05,2024-06-06,supplier_capacity
RMREV005184,RMPO017464,2024-06-01,2024-06-04,2024-06-11,production_issue
RMREV005185,RMPO018042,2024-06-01,2024-06-02,2024-06-14,production_issue
RMREV005186,RMPO018510,2024-06-01,2024-06-09,2024-06-13,raw_material_shortage
RMREV005187,RMPO018926,2024-06-01,2024-06-08,2024-06-14,carrier_delay
RMREV005188,RMPO019536,2024-06-01,2024-06-03,2024-06-11,allocation_cut
RMREV005189,RMPO019536,2024-06-01,2024-06-11,2024-06-06,expedite
RMREV005190,RMPO018424,2024-06-02,2024-06-13,2024-06-23,raw_material_shortage
RMREV005191,RMPO018424,2024-06-02,2024-06-23,2024-06-15,expedite
RMREV005192,RMPO018905,2024-06-02,2024-06-05,2024-06-10,raw_material_shortage
RMREV005193,RMPO018984,2024-06-02,2024-06-07,2024-06-20,supplier_capacity
RMREV005194,RMPO018984,2024-06-02,2024-06-20,2024-06-14,expedite
RMREV005195,RMPO018987,2024-06-02,2024-06-09,2024-06-14,supplier_capacity
RMREV005196,RMPO018078,2024-06-03,2024-06-13,2024-06-25,raw_material_shortage
RMREV005197,RMPO018456,2024-06-03,2024-06-10,2024-06-15,production_issue
RMREV005198,RMPO018456,2024-06-03,2024-06-15,2024-06-10,expedite
RMREV005199,RMPO018925,2024-06-03,2024-06-10,2024-06-16,production_issue
RMREV005200,RMPO019012,2024-06-03,2024-06-05,2024-06-07,supplier_capacity
RMREV005201,RMPO019243,2024-06-03,2024-06-12,2024-06-16,supplier_capacity
RMREV005202,RMPO019248,2024-06-03,2024-06-11,2024-06-15,supplier_capacity
RMREV005203,RMPO019536,2024-06-03,2024-06-06,2024-06-11,expedite_missed
RMREV005204,RMPO019797,2024-06-03,2024-06-07,2024-06-28,carrier_delay
RMREV005205,RMPO018422,2024-06-04,2024-06-13,2024-06-20,production_issue
RMREV005206,RMPO018422,2024-06-04,2024-06-20,2024-06-17,expedite
RMREV005207,RMPO018512,2024-06-04,2024-06-04,2024-06-05,raw_material_shortage
RMREV005208,RMPO018927,2024-06-04,2024-06-10,2024-06-14,carrier_delay
RMREV005209,RMPO019246,2024-06-04,2024-06-08,2024-06-12,supplier_capacity
RMREV005210,RMPO019591,2024-06-04,2024-06-06,2024-06-25,quality_hold_at_supplier
RMREV005211,RMPO019591,2024-06-04,2024-06-25,2024-06-19,expedite
RMREV005212,RMPO019787,2024-06-04,2024-06-13,2024-06-14,production_issue
RMREV005213,RMPO019900,2024-06-04,2024-06-14,2024-06-15,supplier_capacity
RMREV005214,RMPO019906,2024-06-04,2024-06-09,2024-06-10,production_issue
RMREV005215,RMPO019910,2024-06-04,2024-06-14,2024-06-17,production_issue
RMREV005216,RMPO019911,2024-06-04,2024-06-16,2024-06-18,supplier_capacity
RMREV005217,RMPO018318,2024-06-05,2024-06-06,2024-06-12,supplier_capacity
RMREV005218,RMPO018783,2024-06-05,2024-06-13,2024-06-17,supplier_capacity
RMREV005219,RMPO019468,2024-06-05,2024-06-13,2024-06-18,production_issue
RMREV005220,RMPO019911,2024-06-05,2024-06-18,2024-06-20,supplier_capacity
RMREV005221,RMPO020022,2024-06-05,2024-06-12,2024-06-14,raw_material_shortage
RMREV005222,RMPO017871,2024-06-06,2024-06-04,2024-06-09,supplier_capacity
RMREV005223,RMPO018425,2024-06-06,2024-06-11,2024-06-15,production_issue
RMREV005224,RMPO018561,2024-06-06,2024-06-09,2024-06-23,carrier_delay
RMREV005225,RMPO018561,2024-06-06,2024-06-23,2024-06-20,expedite
RMREV005226,RMPO019000,2024-06-06,2024-06-09,2024-06-18,carrier_delay
RMREV005227,RMPO019254,2024-06-06,2024-05-22,2024-06-25,allocation_cut
RMREV005228,RMPO019254,2024-06-06,2024-06-25,2024-06-17,expedite
RMREV005229,RMPO019496,2024-06-06,2024-06-11,2024-06-15,raw_material_shortage
RMREV005230,RMPO019724,2024-06-06,2024-06-08,2024-06-16,raw_material_shortage
RMREV005231,RMPO019736,2024-06-06,2024-06-05,2024-06-25,allocation_cut
RMREV005232,RMPO019993,2024-06-06,2024-06-12,2024-07-01,allocation_cut
RMREV005233,RMPO018172,2024-06-07,2024-06-08,2024-06-13,production_issue
RMREV005234,RMPO018984,2024-06-07,2024-06-14,2024-06-23,expedite_missed
RMREV005235,RMPO019245,2024-06-07,2024-06-10,2024-06-14,supplier_capacity
RMREV005236,RMPO019245,2024-06-07,2024-06-14,2024-06-09,expedite
RMREV005237,RMPO019559,2024-06-07,2024-06-19,2024-06-23,supplier_capacity
RMREV005238,RMPO019650,2024-06-08,2024-06-12,2024-06-14,production_issue
RMREV005239,RMPO019912,2024-06-08,2024-06-14,2024-06-18,raw_material_shortage
RMREV005240,RMPO019998,2024-06-08,2024-06-15,2024-06-16,production_issue
RMREV005241,RMPO019254,2024-06-09,2024-06-17,2024-06-25,expedite_missed
RMREV005242,RMPO019487,2024-06-09,2024-06-08,2024-06-16,allocation_cut
RMREV005243,RMPO018510,2024-06-10,2024-06-13,2024-06-15,raw_material_shortage
RMREV005244,RMPO018526,2024-06-10,2024-06-14,2024-06-21,production_issue
RMREV005245,RMPO019244,2024-06-10,2024-06-11,2024-06-15,production_issue
RMREV005246,RMPO019497,2024-06-10,2024-06-11,2024-06-15,production_issue
RMREV005247,RMPO019817,2024-06-10,2024-06-20,2024-06-23,carrier_delay
RMREV005248,RMPO018238,2024-06-11,2024-06-14,2024-06-23,raw_material_shortage
RMREV005249,RMPO018238,2024-06-11,2024-06-23,2024-06-16,expedite
RMREV005250,RMPO018318,2024-06-11,2024-06-12,2024-06-13,supplier_capacity
RMREV005251,RMPO018430,2024-06-11,2024-06-20,2024-07-11,raw_material_shortage
RMREV005252,RMPO018430,2024-06-11,2024-07-11,2024-07-07,expedite
RMREV005253,RMPO018431,2024-06-11,2024-06-20,2024-07-11,raw_material_shortage
RMREV005254,RMPO018456,2024-06-11,2024-06-10,2024-06-14,expedite_missed
RMREV005255,RMPO018470,2024-06-11,2024-06-14,2024-07-19,production_issue
RMREV005256,RMPO020098,2024-06-11,2024-06-16,2024-06-17,quality_hold_at_supplier
RMREV005257,RMPO020162,2024-06-11,2024-06-18,2024-06-20,carrier_delay
RMREV005258,RMPO020229,2024-06-11,2024-06-14,2024-06-15,supplier_capacity
RMREV005259,RMPO018020,2024-06-12,2024-06-13,2024-06-14,raw_material_shortage
RMREV005260,RMPO019164,2024-06-12,2024-06-17,2024-06-19,production_issue
RMREV005261,RMPO019990,2024-06-12,2024-06-18,2024-06-19,supplier_capacity
RMREV005262,RMPO020247,2024-06-12,2024-06-19,2024-07-09,allocation_cut
RMREV005263,RMPO019038,2024-06-13,2024-06-22,2024-07-02,carrier_delay
RMREV005264,RMPO019473,2024-06-13,2024-06-16,2024-06-22,supplier_capacity
RMREV005265,RMPO019566,2024-06-13,2024-06-17,2024-06-26,production_issue
RMREV005266,RMPO020021,2024-06-13,2024-06-25,2024-06-27,carrier_delay
RMREV005267,RMPO020163,2024-06-13,2024-06-14,2024-06-16,raw_material_shortage
RMREV005268,RMPO018561,2024-06-14,2024-06-20,2024-06-23,expedite_missed
RMREV005269,RMPO019411,2024-06-14,2024-06-25,2024-06-28,raw_material_shortage
RMREV005270,RMPO019618,2024-06-14,2024-06-18,2024-06-23,carrier_delay
RMREV005271,RMPO019646,2024-06-14,2024-06-18,2024-06-22,carrier_delay
RMREV005272,RMPO020245,2024-06-14,2024-06-19,2024-07-09,allocation_cut
RMREV005273,RMPO020313,2024-06-14,2024-06-21,2024-07-07,allocation_cut
RMREV005274,RMPO020313,2024-06-14,2024-07-07,2024-06-29,expedite
RMREV005275,RMPO018421,2024-06-15,2024-06-18,2024-06-25,supplier_capacity
RMREV005276,RMPO019909,2024-06-15,2024-06-21,2024-06-25,supplier_capacity
RMREV005277,RMPO019161,2024-06-16,2024-06-19,2024-06-23,raw_material_shortage
RMREV005278,RMPO019161,2024-06-16,2024-06-23,2024-06-20,expedite
RMREV005279,RMPO019427,2024-06-16,2024-06-26,2024-07-05,supplier_capacity
RMREV005280,RMPO019720,2024-06-16,2024-06-26,2024-06-27,supplier_capacity
RMREV005281,RMPO019871,2024-06-16,2024-06-21,2024-06-23,raw_material_shortage
RMREV005282,RMPO020037,2024-06-16,2024-06-21,2024-06-26,supplier_capacity
RMREV005283,RMPO019161,2024-06-17,2024-06-20,2024-06-24,expedite_missed
RMREV005284,RMPO019658,2024-06-17,2024-06-25,2024-06-30,raw_material_shortage
RMREV005285,RMPO018479,2024-06-18,2024-06-20,2024-06-28,production_issue
RMREV005286,RMPO019474,2024-06-18,2024-06-19,2024-06-23,supplier_capacity
RMREV005287,RMPO019660,2024-06-18,2024-06-29,2024-06-30,carrier_delay
RMREV005288,RMPO018078,2024-06-19,2024-06-25,2024-06-28,raw_material_shortage
RMREV005289,RMPO018666,2024-06-19,2024-07-01,2024-07-08,carrier_delay
RMREV005290,RMPO018971,2024-06-19,2024-07-01,2024-07-09,raw_material_shortage
RMREV005291,RMPO019220,2024-06-19,2024-06-30,2024-07-06,production_issue
RMREV005292,RMPO019473,2024-06-19,2024-06-22,2024-06-24,supplier_capacity
RMREV005293,RMPO019860,2024-06-19,2024-06-26,2024-06-27,raw_material_shortage
RMREV005294,RMPO020264,2024-06-19,2024-06-23,2024-06-25,raw_material_shortage
RMREV005295,RMPO020464,2024-06-19,2024-06-30,2024-07-02,production_issue
RMREV005296,RMPO020511,2024-06-19,2024-07-01,2024-07-06,carrier_delay
RMREV005297,RMPO018526,2024-06-20,2024-06-21,2024-06-27,production_issue
RMREV005298,RMPO018526,2024-06-20,2024-06-27,2024-06-22,expedite
RMREV005299,RMPO018662,2024-06-20,2024-06-30,2024-07-12,carrier_delay
RMREV005300,RMPO018937,2024-06-20,2024-06-29,2024-07-02,carrier_delay
RMREV005301,RMPO019294,2024-06-20,2024-06-26,2024-07-03,supplier_capacity
RMREV005302,RMPO019628,2024-06-20,2024-06-21,2024-06-25,production_issue
RMREV005303,RMPO020147,2024-06-20,2024-06-23,2024-06-25,supplier_capacity
RMREV005304,RMPO020148,2024-06-20,2024-06-26,2024-06-28,carrier_delay
RMREV005305,RMPO020314,2024-06-20,2024-06-22,2024-07-08,allocation_cut
RMREV005306,RMPO020314,2024-06-20,2024-07-08,2024-07-04,expedite
RMREV005307,RMPO018664,2024-06-21,2024-06-29,2024-07-02,production_issue
RMREV005308,RMPO019061,2024-06-21,2024-07-02,2024-07-24,supplier_capacity
RMREV005309,RMPO019180,2024-06-21,2024-07-07,2024-07-17,supplier_capacity
RMREV005310,RMPO019478,2024-06-21,2024-06-29,2024-07-02,raw_material_shortage
RMREV005311,RMPO019959,2024-06-21,2024-07-02,2024-07-13,carrier_delay
RMREV005312,RMPO019959,2024-06-21,2024-07-13,2024-07-07,expedite
RMREV005313,RMPO020007,2024-06-21,2024-07-02,2024-07-07,raw_material_shortage
RMREV005314,RMPO018665,2024-06-22,2024-06-26,2024-07-02,carrier_delay
RMREV005315,RMPO018686,2024-06-22,2024-06-27,2024-07-12,raw_material_shortage
RMREV005316,RMPO018686,2024-06-22,2024-07-12,2024-07-09,expedite
RMREV005317,RMPO019380,2024-06-22,2024-07-01,2024-07-08,raw_material_shortage
RMREV005318,RMPO020248,2024-06-22,2024-06-19,2024-07-06,allocation_cut
RMREV005319,RMPO020248,2024-06-22,2024-07-06,2024-07-02,expedite
RMREV005320,RMPO018799,2024-06-23,2024-06-23,2024-07-07,raw_material_shortage
RMREV005321,RMPO018799,2024-06-23,2024-07-07,2024-07-04,expedite
RMREV005322,RMPO018813,2024-06-23,2024-06-29,2024-07-15,carrier_delay
RMREV005323,RMPO019177,2024-06-23,2024-07-02,2024-07-07,production_issue
RMREV005324,RMPO019721,2024-06-23,2024-06-26,2024-07-05,supplier_capacity
RMREV005325,RMPO019874,2024-06-23,2024-06-25,2024-07-01,production_issue
RMREV005326,RMPO020186,2024-06-23,2024-06-27,2024-06-29,production_issue
RMREV005327,RMPO020521,2024-06-23,2024-06-26,2024-06-27,raw_material_shortage
RMREV005328,RMPO018663,2024-06-24,2024-07-02,2024-07-11,production_issue
RMREV005329,RMPO020131,2024-06-24,2024-07-04,2024-07-15,carrier_delay
RMREV005330,RMPO020131,2024-06-24,2024-07-15,2024-07-10,expedite
RMREV005331,RMPO020226,2024-06-24,2024-07-06,2024-07-12,production_issue
RMREV005332,RMPO020264,2024-06-24,2024-06-25,2024-06-28,raw_material_shortage
RMREV005333,RMPO018664,2024-06-25,2024-07-02,2024-07-05,production_issue
RMREV005334,RMPO019898,2024-06-25,2024-06-27,2024-07-08,production_issue
RMREV005335,RMPO019959,2024-06-25,2024-07-07,2024-07-17,expedite_missed
RMREV005336,RMPO020187,2024-06-25,2024-06-30,2024-07-03,carrier_delay
RMREV005337,RMPO020231,2024-06-25,2024-07-06,2024-07-09,supplier_capacity
RMREV005338,RMPO019499,2024-06-26,2024-07-08,2024-07-23,production_issue
RMREV005339,RMPO019499,2024-06-26,2024-07-23,2024-07-17,expedite
RMREV005340,RMPO020013,2024-06-26,2024-07-08,2024-07-15,carrier_delay
RMREV005341,RMPO020117,2024-06-26,2024-07-07,2024-07-09,carrier_delay
RMREV005342,RMPO019659,2024-06-27,2024-07-01,2024-07-02,production_issue
RMREV005343,RMPO020132,2024-06-27,2024-07-04,2024-07-08,carrier_delay
RMREV005344,RMPO020407,2024-06-27,2024-07-03,2024-07-05,carrier_delay
RMREV005345,RMPO019462,2024-06-28,2024-07-09,2024-07-28,supplier_capacity
RMREV005346,RMPO019491,2024-06-28,2024-07-03,2024-07-27,carrier_delay
RMREV005347,RMPO019983,2024-06-28,2024-07-03,2024-07-09,supplier_capacity
RMREV005348,RMPO019997,2024-06-28,2024-07-10,2024-07-17,raw_material_shortage
RMREV005349,RMPO020342,2024-06-28,2024-07-02,2024-07-04,supplier_capacity
RMREV005350,RMPO020556,2024-06-28,2024-07-10,2024-07-27,raw_material_shortage
RMREV005351,RMPO018661,2024-06-29,2024-07-02,2024-07-14,carrier_delay
RMREV005352,RMPO018799,2024-06-29,2024-07-04,2024-07-07,expedite_missed
RMREV005353,RMPO019067,2024-06-29,2024-07-11,2024-07-29,supplier_capacity
RMREV005354,RMPO019657,2024-06-29,2024-07-07,2024-07-13,supplier_capacity
RMREV005355,RMPO020115,2024-06-29,2024-07-01,2024-07-04,supplier_capacity
RMREV005356,RMPO020131,2024-06-29,2024-07-10,2024-07-13,expedite_missed
RMREV005357,RMPO020248,2024-06-29,2024-07-02,2024-07-06,expedite_missed
RMREV005358,RMPO020598,2024-06-29,2024-07-10,2024-07-11,production_issue
RMREV005359,RMPO020645,2024-06-29,2024-07-05,2024-07-08,supplier_capacity
RMREV005360,RMPO020809,2024-06-29,2024-07-09,2024-07-22,carrier_delay
RMREV005361,RMPO019066,2024-06-30,2024-07-12,2024-07-29,supplier_capacity
RMREV005362,RMPO019087,2024-06-30,2024-07-04,2024-07-08,raw_material_shortage
RMREV005363,RMPO019179,2024-06-30,2024-07-03,2024-07-08,carrier_delay
RMREV005364,RMPO019336,2024-06-30,2024-07-04,2024-07-06,production_issue
RMREV005365,RMPO019980,2024-06-30,2024-07-04,2024-07-05,supplier_capacity
RMREV005366,RMPO020230,2024-06-30,2024-07-08,2024-07-12,supplier_capacity
RMREV005367,RMPO020335,2024-06-30,2024-07-07,2024-07-14,raw_material_shortage
RMREV005368,RMPO019065,2024-07-01,2024-07-07,2024-07-24,carrier_delay
RMREV005369,RMPO019143,2024-07-01,2024-07-13,2024-07-18,production_issue
RMREV005370,RMPO019178,2024-07-01,2024-07-03,2024-07-08,supplier_capacity
RMREV005371,RMPO019430,2024-07-01,2024-07-08,2024-07-18,carrier_delay
RMREV005372,RMPO019478,2024-07-01,2024-07-02,2024-07-04,raw_material_shortage
RMREV005373,RMPO019488,2024-07-01,2024-07-03,2024-07-08,carrier_delay
RMREV005374,RMPO019586,2024-07-01,2024-07-12,2024-07-25,production_issue
RMREV005375,RMPO019586,2024-07-01,2024-07-25,2024-07-17,expedite
RMREV005376,RMPO019978,2024-07-01,2024-07-03,2024-07-04,supplier_capacity
RMREV005377,RMPO020234,2024-07-01,2024-07-09,2024-07-15,production_issue
RMREV005378,RMPO020394,2024-07-01,2024-07-11,2024-07-16,supplier_capacity
RMREV005379,RMPO020443,2024-07-01,2024-07-07,2024-07-11,carrier_delay
RMREV005380,RMPO019159,2024-07-02,2024-07-14,2024-07-18,production_issue
RMREV005381,RMPO019874,2024-07-02,2024-07-01,2024-07-05,production_issue
RMREV005382,RMPO020110,2024-07-02,2024-07-14,2024-07-23,carrier_delay
RMREV005383,RMPO020380,2024-07-02,2024-07-08,2024-07-12,raw_material_shortage
RMREV005384,RMPO020850,2024-07-02,2024-07-10,2024-07-13,lead_time_extension
RMREV005385,RMPO019521,2024-07-03,2024-07-12,2024-08-02,carrier_delay
RMREV005386,RMPO019585,2024-07-03,2024-07-05,2024-07-28,carrier_delay
RMREV005387,RMPO019585,2024-07-03,2024-07-28,2024-07-22,expedite
RMREV005388,RMPO019586,2024-07-03,2024-07-17,2024-07-19,expedite_missed
RMREV005389,RMPO020132,2024-07-03,2024-07-08,2024-07-11,carrier_delay
RMREV005390,RMPO020313,2024-07-03,2024-06-29,2024-07-07,expedite_missed
RMREV005391,RMPO019431,2024-07-04,2024-07-05,2024-07-10,carrier_delay
RMREV005392,RMPO020214,2024-07-04,2024-07-06,2024-07-09,production_issue
RMREV005393,RMPO020267,2024-07-04,2024-07-10,2024-07-30,quality_hold_at_supplier
RMREV005394,RMPO020267,2024-07-04,2024-07-30,2024-07-22,expedite
RMREV005395,RMPO020541,2024-07-04,2024-07-05,2024-07-07,carrier_delay
RMREV005396,RMPO020542,2024-07-04,2024-07-07,2024-07-11,raw_material_shortage
RMREV005397,RMPO019158,2024-07-05,2024-07-13,2024-07-16,carrier_delay
RMREV005398,RMPO020117,2024-07-05,2024-07-09,2024-07-11,carrier_delay
RMREV005399,RMPO020403,2024-07-05,2024-07-17,2024-07-18,carrier_delay
RMREV005400,RMPO020849,2024-07-05,2024-07-07,2024-07-08,lead_time_extension
RMREV005401,RMPO020486,2024-07-06,2024-07-17,2024-07-31,supplier_capacity
RMREV005402,RMPO020541,2024-07-06,2024-07-07,2024-07-08,carrier_delay
RMREV005403,RMPO020687,2024-07-06,2024-07-11,2024-07-15,carrier_delay
RMREV005404,RMPO020795,2024-07-06,2024-07-12,2024-07-13,raw_material_shortage
RMREV005405,RMPO021011,2024-07-06,2024-07-16,2024-07-21,supplier_capacity
RMREV005406,RMPO019370,2024-07-07,2024-07-10,2024-07-14,raw_material_shortage
RMREV005407,RMPO019569,2024-07-07,2024-07-11,2024-07-24,carrier_delay
RMREV005408,RMPO019933,2024-07-07,2024-07-13,2024-07-15,carrier_delay
RMREV005409,RMPO020256,2024-07-07,2024-07-17,2024-07-21,supplier_capacity
RMREV005410,RMPO020380,2024-07-07,2024-07-12,2024-07-13,raw_material_shortage
RMREV005411,RMPO020462,2024-07-07,2024-07-16,2024-07-21,raw_material_shortage
RMREV005412,RMPO020758,2024-07-07,2024-07-16,2024-07-17,raw_material_shortage
RMREV005413,RMPO020849,2024-07-07,2024-07-08,2024-07-09,lead_time_extension
RMREV005414,RMPO018686,2024-07-08,2024-07-09,2024-07-12,expedite_missed
RMREV005415,RMPO019760,2024-07-08,2024-07-19,2024-07-22,raw_material_shortage
RMREV005416,RMPO019949,2024-07-08,2024-07-19,2024-07-23,supplier_capacity
RMREV005417,RMPO020276,2024-07-08,2024-07-16,2024-07-25,production_issue
RMREV005418,RMPO020395,2024-07-08,2024-07-11,2024-07-14,carrier_delay
RMREV005419,RMPO020580,2024-07-08,2024-07-20,2024-07-21,production_issue
RMREV005420,RMPO021065,2024-07-08,2024-07-19,2024-07-22,supplier_capacity
RMREV005421,RMPO019550,2024-07-09,2024-07-18,2024-07-23,production_issue
RMREV005422,RMPO020395,2024-07-09,2024-07-14,2024-07-16,carrier_delay
RMREV005423,RMPO020482,2024-07-09,2024-07-17,2024-07-19,supplier_capacity
RMREV005424,RMPO020483,2024-07-09,2024-07-13,2024-07-14,supplier_capacity
RMREV005425,RMPO020834,2024-07-09,2024-07-18,2024-07-21,carrier_delay
RMREV005426,RMPO021027,2024-07-09,2024-07-10,2024-07-11,supplier_capacity
RMREV005427,RMPO021131,2024-07-09,2024-07-16,2024-07-19,lead_time_extension
RMREV005428,RMPO021132,2024-07-09,2024-07-17,2024-07-20,lead_time_extension
RMREV005429,RMPO021218,2024-07-09,2024-07-19,2024-07-20,carrier_delay
RMREV005430,RMPO021337,2024-07-09,2024-07-17,2024-07-18,carrier_delay
RMREV005431,RMPO019680,2024-07-10,2024-07-18,2024-08-01,quality_hold_at_supplier
RMREV005432,RMPO019680,2024-07-10,2024-08-01,2024-07-28,expedite
RMREV005433,RMPO020484,2024-07-10,2024-07-17,2024-07-18,supplier_capacity
RMREV005434,RMPO020981,2024-07-10,2024-07-16,2024-07-26,quality_hold_at_supplier
RMREV005435,RMPO021026,2024-07-10,2024-07-18,2024-07-19,supplier_capacity
RMREV005436,RMPO021069,2024-07-10,2024-07-19,2024-08-08,raw_material_shortage
RMREV005437,RMPO021069,2024-07-10,2024-08-08,2024-08-03,expedite
RMREV005438,RMPO021158,2024-07-10,2024-07-19,2024-07-21,carrier_delay
RMREV005439,RMPO021274,2024-07-10,2024-07-13,2024-07-14,raw_material_shortage
RMREV005440,RMPO021337,2024-07-10,2024-07-18,2024-07-20,carrier_delay
RMREV005441,RMPO021353,2024-07-10,2024-07-28,2024-08-03,raw_material_shortage
RMREV005442,RMPO020158,2024-07-11,2024-07-13,2024-07-27,raw_material_shortage
RMREV005443,RMPO020485,2024-07-11,2024-07-15,2024-07-16,supplier_capacity
RMREV005444,RMPO021125,2024-07-11,2024-07-20,2024-07-23,production_issue
RMREV005445,RMPO021291,2024-07-11,2024-07-20,2024-07-21,carrier_delay
RMREV005446,RMPO019709,2024-07-12,2024-07-22,2024-07-24,supplier_capacity
RMREV005447,RMPO020234,2024-07-12,2024-07-15,2024-07-19,production_issue
RMREV005448,RMPO020256,2024-07-12,2024-07-21,2024-07-22,supplier_capacity
RMREV005449,RMPO020487,2024-07-12,2024-07-20,2024-07-31,carrier_delay
RMREV005450,RMPO020487,2024-07-12,2024-07-31,2024-07-23,expedite
RMREV005451,RMPO020498,2024-07-12,2024-07-15,2024-07-27,raw_material_shortage
RMREV005452,RMPO020868,2024-07-12,2024-07-24,2024-07-29,supplier_capacity
RMREV005453,RMPO019371,2024-07-13,2024-07-16,2024-07-20,production_issue
RMREV005454,RMPO019406,2024-07-13,2024-07-18,2024-07-22,supplier_capacity
RMREV005455,RMPO019606,2024-07-13,2024-07-23,2024-07-31,raw_material_shortage
RMREV005456,RMPO019826,2024-07-13,2024-07-25,2024-07-29,carrier_delay
RMREV005457,RMPO019933,2024-07-13,2024-07-15,2024-07-16,carrier_delay
RMREV005458,RMPO020404,2024-07-13,2024-07-17,2024-07-31,carrier_delay
RMREV005459,RMPO020599,2024-07-13,2024-07-15,2024-07-16,raw_material_shortage
RMREV005460,RMPO020834,2024-07-13,2024-07-21,2024-07-25,carrier_delay
RMREV005461,RMPO020921,2024-07-13,2024-07-14,2024-07-15,supplier_capacity
RMREV005462,RMPO021288,2024-07-13,2024-07-23,2024-07-27,supplier_capacity
RMREV005463,RMPO021288,2024-07-13,2024-07-27,2024-07-19,expedite
RMREV005464,RMPO021289,2024-07-13,2024-07-20,2024-07-22,production_issue
RMREV005465,RMPO019431,2024-07-14,2024-07-10,2024-07-15,carrier_delay
RMREV005466,RMPO019826,2024-07-14,2024-07-29,2024-08-02,carrier_delay
RMREV005467,RMPO020293,2024-07-14,2024-07-24,2024-08-13,raw_material_shortage
RMREV005468,RMPO020644,2024-07-14,2024-07-18,2024-07-20,supplier_capacity
RMREV005469,RMPO020733,2024-07-14,2024-07-26,2024-07-30,supplier_capacity
RMREV005470,RMPO021022,2024-07-14,2024-07-23,2024-07-25,raw_material_shortage
RMREV005471,RMPO021158,2024-07-14,2024-07-21,2024-07-22,carrier_delay
RMREV005472,RMPO019371,2024-07-15,2024-07-20,2024-07-22,production_issue
RMREV005473,RMPO020402,2024-07-15,2024-07-20,2024-07-21,production_issue
RMREV005474,RMPO020599,2024-07-15,2024-07-16,2024-07-17,raw_material_shortage
RMREV005475,RMPO020754,2024-07-15,2024-07-21,2024-07-23,production_issue
RMREV005476,RMPO020884,2024-07-15,2024-07-23,2024-07-25,supplier_capacity
RMREV005477,RMPO021292,2024-07-15,2024-07-23,2024-07-26,raw_material_shortage
RMREV005478,RMPO019407,2024-07-16,2024-07-25,2024-07-29,production_issue
RMREV005479,RMPO019925,2024-07-16,2024-07-23,2024-07-27,supplier_capacity
RMREV005480,RMPO019927,2024-07-16,2024-07-25,2024-08-04,carrier_delay
RMREV005481,RMPO020294,2024-07-16,2024-07-24,2024-07-29,raw_material_shortage
RMREV005482,RMPO020734,2024-07-16,2024-07-25,2024-07-27,supplier_capacity
RMREV005483,RMPO021218,2024-07-16,2024-07-20,2024-07-21,carrier_delay
RMREV005484,RMPO021397,2024-07-16,2024-07-24,2024-07-27,lead_time_extension
RMREV005485,RMPO021398,2024-07-16,2024-07-23,2024-07-26,lead_time_extension
RMREV005486,RMPO021594,2024-07-16,2024-08-02,2024-08-03,raw_material_shortage
RMREV005487,RMPO019573,2024-07-17,2024-07-18,2024-07-27,raw_material_shortage
RMREV005488,RMPO019829,2024-07-17,2024-07-29,2024-08-07,carrier_delay
RMREV005489,RMPO020118,2024-07-17,2024-07-22,2024-08-05,supplier_capacity
RMREV005490,RMPO020778,2024-07-17,2024-07-24,2024-07-27,raw_material_shortage
RMREV005491,RMPO020835,2024-07-17,2024-07-24,2024-07-27,raw_material_shortage
RMREV005492,RMPO021130,2024-07-17,2024-07-22,2024-07-25,lead_time_extension
RMREV005493,RMPO021287,2024-07-17,2024-07-25,2024-07-30,raw_material_shortage
RMREV005494,RMPO021313,2024-07-17,2024-07-22,2024-07-25,supplier_capacity
RMREV005495,RMPO021393,2024-07-17,2024-07-27,2024-08-01,production_issue
RMREV005496,RMPO019574,2024-07-18,2024-07-21,2024-07-28,supplier_capacity
RMREV005497,RMPO019925,2024-07-18,2024-07-27,2024-08-02,supplier_capacity
RMREV005498,RMPO020736,2024-07-18,2024-07-22,2024-07-29,supplier_capacity
RMREV005499,RMPO020737,2024-07-18,2024-07-20,2024-07-23,supplier_capacity
RMREV005500,RMPO020886,2024-07-18,2024-07-27,2024-07-31,carrier_delay
RMREV005501,RMPO020886,2024-07-18,2024-07-31,2024-07-28,expedite
RMREV005502,RMPO021291,2024-07-18,2024-07-21,2024-07-22,carrier_delay
RMREV005503,RMPO021450,2024-07-18,2024-07-26,2024-07-27,supplier_capacity
RMREV005504,RMPO019767,2024-07-19,2024-07-24,2024-08-12,production_issue
RMREV005505,RMPO019767,2024-07-19,2024-08-12,2024-08-06,expedite
RMREV005506,RMPO019928,2024-07-19,2024-07-23,2024-07-27,carrier_delay
RMREV005507,RMPO020058,2024-07-19,2024-07-30,2024-08-27,carrier_delay
RMREV005508,RMPO020119,2024-07-19,2024-07-22,2024-07-25,supplier_capacity
RMREV005509,RMPO020482,2024-07-19,2024-07-19,2024-07-22,supplier_capacity
RMREV005510,RMPO020711,2024-07-19,2024-07-20,2024-07-23,raw_material_shortage
RMREV005511,RMPO020887,2024-07-19,2024-07-23,2024-07-25,supplier_capacity
RMREV005512,RMPO020980,2024-07-19,2024-07-31,2024-08-07,raw_material_shortage
RMREV005513,RMPO020980,2024-07-19,2024-08-07,2024-08-01,expedite
RMREV005514,RMPO020994,2024-07-19,2024-07-31,2024-08-03,supplier_capacity
RMREV005515,RMPO020997,2024-07-19,2024-07-31,2024-08-01,supplier_capacity
RMREV005516,RMPO021290,2024-07-19,2024-07-28,2024-08-01,production_issue
RMREV005517,RMPO019686,2024-07-20,2024-07-23,2024-07-26,carrier_delay
RMREV005518,RMPO019949,2024-07-20,2024-07-23,2024-07-27,supplier_capacity
RMREV005519,RMPO020470,2024-07-20,2024-08-06,2024-08-20,quality_hold_at_supplier
RMREV005520,RMPO020623,2024-07-20,2024-07-25,2024-07-31,supplier_capacity
RMREV005521,RMPO020908,2024-07-20,2024-07-25,2024-08-01,raw_material_shortage
RMREV005522,RMPO019439,2024-07-21,2024-07-22,2024-07-31,supplier_capacity
RMREV005523,RMPO019714,2024-07-21,2024-07-25,2024-07-31,supplier_capacity
RMREV005524,RMPO019767,2024-07-21,2024-08-06,2024-08-11,expedite_missed
RMREV005525,RMPO019825,2024-07-21,2024-07-18,2024-08-06,production_issue
RMREV005526,RMPO019928,2024-07-21,2024-07-27,2024-08-02,carrier_delay
RMREV005527,RMPO020182,2024-07-21,2024-07-27,2024-07-29,raw_material_shortage
RMREV005528,RMPO020183,2024-07-21,2024-07-31,2024-08-07,raw_material_shortage
RMREV005529,RMPO020734,2024-07-21,2024-07-27,2024-07-29,supplier_capacity
RMREV005530,RMPO020735,2024-07-21,2024-07-24,2024-07-27,supplier_capacity
RMREV005531,RMPO021396,2024-07-21,2024-07-22,2024-07-24,lead_time_extension
RMREV005532,RMPO021604,2024-07-21,2024-07-25,2024-08-01,quality_hold_at_supplier
RMREV005533,RMPO021604,2024-07-21,2024-08-01,2024-07-27,expedite
RMREV005534,RMPO021608,2024-07-21,2024-07-30,2024-08-09,carrier_delay
RMREV005535,RMPO019685,2024-07-22,2024-07-24,2024-07-28,supplier_capacity
RMREV005536,RMPO019709,2024-07-22,2024-07-24,2024-07-25,supplier_capacity
RMREV005537,RMPO019879,2024-07-22,2024-08-02,2024-08-19,raw_material_shortage
RMREV005538,RMPO020027,2024-07-22,2024-07-23,2024-08-02,carrier_delay
RMREV005539,RMPO020110,2024-07-22,2024-07-23,2024-07-27,carrier_delay
RMREV005540,RMPO020417,2024-07-22,2024-07-26,2024-07-27,carrier_delay
RMREV005541,RMPO020622,2024-07-22,2024-07-25,2024-07-31,supplier_capacity
RMREV005542,RMPO020740,2024-07-22,2024-07-25,2024-07-30,supplier_capacity
RMREV005543,RMPO020771,2024-07-22,2024-07-29,2024-08-03,production_issue
RMREV005544,RMPO021496,2024-07-22,2024-08-01,2024-08-02,supplier_capacity
RMREV005545,RMPO021608,2024-07-22,2024-08-09,2024-08-14,carrier_delay
RMREV005546,RMPO020118,2024-07-23,2024-08-05,2024-08-11,supplier_capacity
RMREV005547,RMPO020418,2024-07-23,2024-07-24,2024-07-25,production_issue
RMREV005548,RMPO020735,2024-07-23,2024-07-27,2024-08-01,supplier_capacity
RMREV005549,RMPO020738,2024-07-23,2024-07-24,2024-07-26,supplier_capacity
RMREV005550,RMPO020887,2024-07-23,2024-07-25,2024-07-29,supplier_capacity
RMREV005551,RMPO020975,2024-07-23,2024-07-28,2024-08-15,carrier_delay
RMREV005552,RMPO021289,2024-07-23,2024-07-22,2024-07-24,production_issue
RMREV005553,RMPO021644,2024-07-23,2024-07-30,2024-08-02,lead_time_extension
RMREV005554,RMPO021645,2024-07-23,2024-07-31,2024-08-02,lead_time_extension
RMREV005555,RMPO021646,2024-07-23,2024-07-30,2024-07-31,lead_time_extension
RMREV005556,RMPO021689,2024-07-23,2024-08-01,2024-08-04,raw_material_shortage
RMREV005557,RMPO021723,2024-07-23,2024-07-26,2024-07-27,production_issue
RMREV005558,RMPO021774,2024-07-23,2024-07-27,2024-07-29,carrier_delay
RMREV005559,RMPO019881,2024-07-24,2024-07-29,2024-08-02,carrier_delay
RMREV005560,RMPO020533,2024-07-24,2024-07-30,2024-08-08,production_issue
RMREV005561,RMPO020711,2024-07-24,2024-07-23,2024-07-25,raw_material_shortage
RMREV005562,RMPO020738,2024-07-24,2024-07-26,2024-07-27,supplier_capacity
RMREV005563,RMPO020882,2024-07-24,2024-08-01,2024-08-14,carrier_delay
RMREV005564,RMPO020886,2024-07-24,2024-07-28,2024-07-30,expedite_missed
RMREV005565,RMPO021023,2024-07-24,2024-07-28,2024-07-30,carrier_delay
RMREV005566,RMPO021424,2024-07-24,2024-07-26,2024-07-27,raw_material_shortage
RMREV005567,RMPO020676,2024-07-25,2024-08-03,2024-08-04,production_issue
RMREV005568,RMPO020702,2024-07-25,2024-07-29,2024-07-30,production_issue
RMREV005569,RMPO020772,2024-07-25,2024-07-29,2024-08-17,supplier_capacity
RMREV005570,RMPO020976,2024-07-25,2024-07-26,2024-08-12,production_issue
RMREV005571,RMPO021155,2024-07-25,2024-07-31,2024-08-01,production_issue
RMREV005572,RMPO021496,2024-07-25,2024-08-02,2024-08-03,supplier_capacity
RMREV005573,RMPO021538,2024-07-25,2024-07-30,2024-08-01,supplier_capacity
RMREV005574,RMPO021647,2024-07-25,2024-07-30,2024-08-02,lead_time_extension
RMREV005575,RMPO021700,2024-07-25,2024-07-29,2024-07-31,production_issue
RMREV005576,RMPO020631,2024-07-26,2024-08-05,2024-08-08,production_issue
RMREV005577,RMPO021000,2024-07-26,2024-07-27,2024-08-04,supplier_capacity
RMREV005578,RMPO021246,2024-07-26,2024-07-27,2024-07-29,raw_material_shortage
RMREV005579,RMPO021537,2024-07-26,2024-07-30,2024-08-01,production_issue
RMREV005580,RMPO021648,2024-07-26,2024-07-31,2024-08-01,lead_time_extension
RMREV005581,RMPO019574,2024-07-27,2024-07-28,2024-07-30,supplier_capacity
RMREV005582,RMPO019793,2024-07-27,2024-07-28,2024-08-12,raw_material_shortage
RMREV005583,RMPO019793,2024-07-27,2024-08-12,2024-08-07,expedite
RMREV005584,RMPO020074,2024-07-27,2024-07-28,2024-08-04,production_issue
RMREV005585,RMPO020676,2024-07-27,2024-08-04,2024-08-05,production_issue
RMREV005586,RMPO020996,2024-07-27,2024-07-31,2024-08-10,supplier_capacity
RMREV005587,RMPO020999,2024-07-27,2024-08-01,2024-08-04,supplier_capacity
RMREV005588,RMPO021000,2024-07-27,2024-08-04,2024-08-09,supplier_capacity
RMREV005589,RMPO021172,2024-07-27,2024-07-30,2024-07-31,carrier_delay
RMREV005590,RMPO021277,2024-07-27,2024-08-05,2024-08-07,supplier_capacity
RMREV005591,RMPO021424,2024-07-27,2024-07-27,2024-07-28,raw_material_shortage
RMREV005592,RMPO021604,2024-07-27,2024-07-27,2024-08-01,expedite_missed
RMREV005593,RMPO021649,2024-07-27,2024-07-31,2024-08-03,lead_time_extension
RMREV005594,RMPO019880,2024-07-28,2024-08-03,2024-08-16,production_issue
RMREV005595,RMPO019882,2024-07-28,2024-08-03,2024-08-07,raw_material_shortage
RMREV005596,RMPO020487,2024-07-28,2024-07-23,2024-07-31,expedite_missed
RMREV005597,RMPO020999,2024-07-28,2024-08-04,2024-08-05,supplier_capacity
RMREV005598,RMPO021648,2024-07-28,2024-08-01,2024-08-02,lead_time_extension
RMREV005599,RMPO019880,2024-07-29,2024-08-16,2024-08-20,production_issue
RMREV005600,RMPO020227,2024-07-29,2024-08-08,2024-08-28,supplier_capacity
RMREV005601,RMPO020931,2024-07-29,2024-07-30,2024-08-02,supplier_capacity
RMREV005602,RMPO021170,2024-07-29,2024-08-08,2024-08-17,production_issue
RMREV005603,RMPO021275,2024-07-29,2024-08-07,2024-08-14,supplier_capacity
RMREV005604,RMPO021276,2024-07-29,2024-08-05,2024-08-11,supplier_capacity
RMREV005605,RMPO021290,2024-07-29,2024-08-01,2024-08-03,production_issue
RMREV005606,RMPO021307,2024-07-29,2024-07-31,2024-08-02,production_issue
RMREV005607,RMPO021432,2024-07-29,2024-08-06,2024-08-11,production_issue
RMREV005608,RMPO020357,2024-07-30,2024-08-02,2024-08-09,production_issue
RMREV005609,RMPO021115,2024-07-30,2024-08-02,2024-08-07,production_issue
RMREV005610,RMPO021172,2024-07-30,2024-07-31,2024-08-01,carrier_delay
RMREV005611,RMPO021431,2024-07-30,2024-08-06,2024-08-07,raw_material_shortage
RMREV005612,RMPO021847,2024-07-30,2024-08-06,2024-08-17,raw_material_shortage
RMREV005613,RMPO021847,2024-07-30,2024-08-17,2024-08-14,expedite
RMREV005614,RMPO021886,2024-07-30,2024-08-07,2024-08-10,lead_time_extension
RMREV005615,RMPO021887,2024-07-30,2024-08-04,2024-08-06,lead_time_extension
RMREV005616,RMPO021900,2024-07-30,2024-08-08,2024-08-14,quality_hold_at_supplier
RMREV005617,RMPO022044,2024-07-30,2024-08-07,2024-08-11,raw_material_shortage
RMREV005618,RMPO019439,2024-07-31,2024-07-31,2024-08-02,supplier_capacity
RMREV005619,RMPO019793,2024-07-31,2024-08-07,2024-08-08,expedite_missed
RMREV005620,RMPO020412,2024-07-31,2024-08-15,2024-08-25,supplier_capacity
RMREV005621,RMPO020430,2024-07-31,2024-08-12,2024-08-19,raw_material_shortage
RMREV005622,RMPO020791,2024-07-31,2024-08-07,2024-08-10,carrier_delay
RMREV005623,RMPO021280,2024-07-31,2024-08-07,2024-08-08,supplier_capacity
RMREV005624,RMPO021646,2024-07-31,2024-07-31,2024-08-01,lead_time_extension
RMREV005625,RMPO021932,2024-07-31,2024-08-11,2024-08-12,production_issue
RMREV005626,RMPO021155,2024-08-01,2024-08-01,2024-08-02,production_issue
RMREV005627,RMPO021281,2024-08-01,2024-08-06,2024-08-07,supplier_capacity
RMREV005628,RMPO021645,2024-08-01,2024-08-02,2024-08-03,lead_time_extension
RMREV005629,RMPO021718,2024-08-01,2024-08-07,2024-08-09,supplier_capacity
RMREV005630,RMPO022087,2024-08-01,2024-08-09,2024-08-21,carrier_delay
RMREV005631,RMPO020630,2024-08-02,2024-08-05,2024-08-09,carrier_delay
RMREV005632,RMPO020743,2024-08-02,2024-08-03,2024-08-09,supplier_capacity
RMREV005633,RMPO021210,2024-08-02,2024-08-12,2024-08-22,carrier_delay
RMREV005634,RMPO021689,2024-08-02,2024-08-04,2024-08-06,raw_material_shortage
RMREV005635,RMPO021718,2024-08-02,2024-08-09,2024-08-10,supplier_capacity
RMREV005636,RMPO021399,2024-08-03,2024-08-05,2024-08-07,raw_material_shortage
RMREV005637,RMPO021532,2024-08-03,2024-08-13,2024-08-18,supplier_capacity
RMREV005638,RMPO021941,2024-08-03,2024-08-09,2024-08-10,raw_material_shortage
RMREV005639,RMPO022089,2024-08-03,2024-08-13,2024-08-30,production_issue
RMREV005640,RMPO022089,2024-08-03,2024-08-30,2024-08-27,expedite
RMREV005641,RMPO020427,2024-08-04,2024-08-06,2024-09-01,production_issue
RMREV005642,RMPO020549,2024-08-04,2024-08-11,2024-08-25,supplier_capacity
RMREV005643,RMPO020549,2024-08-04,2024-08-25,2024-08-19,expedite
RMREV005644,RMPO021211,2024-08-04,2024-08-10,2024-08-19,carrier_delay
RMREV005645,RMPO021683,2024-08-04,2024-08-16,2024-08-25,production_issue
RMREV005646,RMPO021852,2024-08-04,2024-08-08,2024-08-22,carrier_delay
RMREV005647,RMPO021852,2024-08-04,2024-08-22,2024-08-19,expedite
RMREV005648,RMPO021952,2024-08-04,2024-08-15,2024-08-17,supplier_capacity
RMREV005649,RMPO022080,2024-08-04,2024-08-15,2024-08-16,carrier_delay
RMREV005650,RMPO020432,2024-08-05,2024-08-10,2024-08-17,raw_material_shortage
RMREV005651,RMPO020704,2024-08-05,2024-08-12,2024-08-18,production_issue
RMREV005652,RMPO020704,2024-08-05,2024-08-18,2024-08-15,expedite
RMREV005653,RMPO021439,2024-08-05,2024-08-08,2024-08-16,supplier_capacity
RMREV005654,RMPO021440,2024-08-05,2024-08-07,2024-08-14,supplier_capacity
RMREV005655,RMPO021522,2024-08-05,2024-08-13,2024-08-16,raw_material_shortage
RMREV005656,RMPO021597,2024-08-05,2024-08-09,2024-08-16,raw_material_shortage
RMREV005657,RMPO021885,2024-08-05,2024-08-07,2024-08-10,lead_time_extension
RMREV005658,RMPO020228,2024-08-06,2024-08-08,2024-08-30,supplier_capacity
RMREV005659,RMPO020429,2024-08-06,2024-08-07,2024-08-14,supplier_capacity
RMREV005660,RMPO020431,2024-08-06,2024-08-07,2024-08-11,supplier_capacity
RMREV005661,RMPO020442,2024-08-06,2024-08-07,2024-09-08,production_issue
RMREV005662,RMPO020442,2024-08-06,2024-09-08,2024-08-31,expedite
RMREV005663,RMPO020553,2024-08-06,2024-08-07,2024-08-19,supplier_capacity
RMREV005664,RMPO020553,2024-08-06,2024-08-19,2024-08-14,expedite
RMREV005665,RMPO020567,2024-08-06,2024-08-18,2024-08-31,raw_material_shortage
RMREV005666,RMPO020684,2024-08-06,2024-08-14,2024-09-01,production_issue
RMREV005667,RMPO021169,2024-08-06,2024-08-11,2024-08-21,production_issue
RMREV005668,RMPO021399,2024-08-06,2024-08-07,2024-08-08,raw_material_shortage
RMREV005669,RMPO021798,2024-08-06,2024-08-13,2024-08-29,raw_material_shortage
RMREV005670,RMPO022038,2024-08-06,2024-08-15,2024-08-19,carrier_delay
RMREV005671,RMPO022120,2024-08-06,2024-08-11,2024-08-12,lead_time_extension
RMREV005672,RMPO022122,2024-08-06,2024-08-11,2024-08-14,lead_time_extension
RMREV005673,RMPO022129,2024-08-06,2024-08-14,2024-08-21,supplier_capacity
RMREV005674,RMPO020468,2024-08-07,2024-08-09,2024-08-12,carrier_delay
RMREV005675,RMPO020533,2024-08-07,2024-08-08,2024-08-11,production_issue
RMREV005676,RMPO021282,2024-08-07,2024-08-08,2024-08-09,supplier_capacity
RMREV005677,RMPO021302,2024-08-07,2024-08-08,2024-08-11,carrier_delay
RMREV005678,RMPO021531,2024-08-07,2024-08-17,2024-08-23,supplier_capacity
RMREV005679,RMPO022120,2024-08-07,2024-08-12,2024-08-13,lead_time_extension
RMREV005680,RMPO022260,2024-08-07,2024-08-18,2024-08-23,raw_material_shortage
RMREV005681,RMPO022298,2024-08-07,2024-08-14,2024-08-15,production_issue
RMREV005682,RMPO020469,2024-08-08,2024-08-09,2024-08-12,raw_material_shortage
RMREV005683,RMPO020630,2024-08-08,2024-08-09,2024-08-11,carrier_delay
RMREV005684,RMPO020715,2024-08-08,2024-08-16,2024-08-18,supplier_capacity
RMREV005685,RMPO020929,2024-08-08,2024-08-09,2024-08-17,raw_material_shortage
RMREV005686,RMPO020929,2024-08-08,2024-08-17,2024-08-13,expedite
RMREV005687,RMPO021016,2024-08-08,2024-08-14,2024-08-23,production_issue
RMREV005688,RMPO021418,2024-08-08,2024-08-10,2024-08-12,supplier_capacity
RMREV005689,RMPO022118,2024-08-08,2024-08-12,2024-08-14,lead_time_extension
RMREV005690,RMPO020468,2024-08-09,2024-08-12,2024-08-15,carrier_delay
RMREV005691,RMPO020929,2024-08-09,2024-08-13,2024-08-16,expedite_missed
RMREV005692,RMPO020947,2024-08-09,2024-08-20,2024-09-05,supplier_capacity
RMREV005693,RMPO022117,2024-08-09,2024-08-14,2024-08-16,lead_time_extension
RMREV005694,RMPO022265,2024-08-09,2024-08-18,2024-09-06,supplier_capacity
RMREV005695,RMPO022265,2024-08-09,2024-09-06,2024-08-29,expedite
RMREV005696,RMPO020431,2024-08-10,2024-08-11,2024-08-14,supplier_capacity
RMREV005697,RMPO020469,2024-08-10,2024-08-12,2024-08-15,raw_material_shortage
RMREV005698,RMPO020839,2024-08-10,2024-08-18,2024-08-25,carrier_delay
RMREV005699,RMPO020840,2024-08-10,2024-08-16,2024-08-21,raw_material_shortage
RMREV005700,RMPO020853,2024-08-10,2024-08-16,2024-08-18,supplier_capacity
RMREV005701,RMPO020956,2024-08-10,2024-08-21,2024-09-01,raw_material_shortage
RMREV005702,RMPO021077,2024-08-10,2024-08-11,2024-10-02,production_issue
RMREV005703,RMPO021077,2024-08-10,2024-10-02,2024-09-25,expedite
RMREV005704,RMPO021121,2024-08-10,2024-08-22,2024-08-25,carrier_delay
RMREV005705,RMPO021950,2024-08-10,2024-08-15,2024-08-18,raw_material_shortage
RMREV005706,RMPO022039,2024-08-10,2024-08-22,2024-09-08,raw_material_shortage
RMREV005707,RMPO022276,2024-08-10,2024-08-18,2024-08-20,supplier_capacity
RMREV005708,RMPO020392,2024-08-11,2024-08-17,2024-08-27,carrier_delay
RMREV005709,RMPO021454,2024-08-11,2024-08-15,2024-08-16,supplier_capacity
RMREV005710,RMPO022123,2024-08-11,2024-08-21,2024-08-27,raw_material_shortage
RMREV005711,RMPO022297,2024-08-11,2024-08-14,2024-08-16,raw_material_shortage
RMREV005712,RMPO022305,2024-08-11,2024-08-14,2024-08-19,production_issue
RMREV005713,RMPO020590,2024-08-12,2024-08-18,2024-08-29,supplier_capacity
RMREV005714,RMPO021453,2024-08-12,2024-08-14,2024-08-20,production_issue
RMREV005715,RMPO021522,2024-08-12,2024-08-16,2024-08-18,raw_material_shortage
RMREV005716,RMPO021535,2024-08-12,2024-08-24,2024-09-02,production_issue
RMREV005717,RMPO021786,2024-08-12,2024-08-21,2024-08-22,supplier_capacity
RMREV005718,RMPO021986,2024-08-12,2024-08-14,2024-08-22,carrier_delay
RMREV005719,RMPO022024,2024-08-12,2024-08-13,2024-08-16,production_issue
RMREV005720,RMPO022121,2024-08-12,2024-08-15,2024-08-17,lead_time_extension
RMREV005721,RMPO020553,2024-08-13,2024-08-14,2024-08-17,expedite_missed
RMREV005722,RMPO020973,2024-08-13,2024-08-15,2024-08-22,raw_material_shortage
RMREV005723,RMPO021208,2024-08-13,2024-08-14,2024-08-27,production_issue
RMREV005724,RMPO021232,2024-08-13,2024-08-23,2024-08-28,raw_material_shortage
RMREV005725,RMPO021680,2024-08-13,2024-08-22,2024-09-01,carrier_delay
RMREV005726,RMPO021680,2024-08-13,2024-09-01,2024-08-28,expedite
RMREV005727,RMPO021786,2024-08-13,2024-08-22,2024-08-23,supplier_capacity
RMREV005728,RMPO022024,2024-08-13,2024-08-16,2024-08-17,production_issue
RMREV005729,RMPO022119,2024-08-13,2024-08-14,2024-08-17,lead_time_extension
RMREV005730,RMPO022214,2024-08-13,2024-08-25,2024-08-27,carrier_delay
RMREV005731,RMPO022261,2024-08-13,2024-08-20,2024-08-26,raw_material_shortage
RMREV005732,RMPO022261,2024-08-13,2024-08-26,2024-08-18,expedite
RMREV005733,RMPO022265,2024-08-13,2024-08-29,2024-09-01,expedite_missed
RMREV005734,RMPO022357,2024-08-13,2024-08-18,2024-08-20,lead_time_extension
RMREV005735,RMPO022439,2024-08-13,2024-08-17,2024-08-22,raw_material_shortage
RMREV005736,RMPO022481,2024-08-13,2024-08-27,2024-09-01,production_issue
RMREV005737,RMPO022512,2024-08-13,2024-08-21,2024-08-24,production_issue
RMREV005738,RMPO020565,2024-08-14,2024-08-22,2024-08-27,supplier_capacity
RMREV005739,RMPO021712,2024-08-14,2024-08-24,2024-08-26,raw_material_shortage
RMREV005740,RMPO021783,2024-08-14,2024-08-20,2024-08-21,supplier_capacity
RMREV005741,RMPO022016,2024-08-14,2024-08-26,2024-09-08,supplier_capacity
RMREV005742,RMPO022089,2024-08-14,2024-08-27,2024-08-28,expedite_missed
RMREV005743,RMPO020948,2024-08-15,2024-08-21,2024-08-30,supplier_capacity
RMREV005744,RMPO020996,2024-08-15,2024-08-10,2024-08-20,supplier_capacity
RMREV005745,RMPO021036,2024-08-15,2024-08-27,2024-08-28,production_issue
RMREV005746,RMPO021208,2024-08-15,2024-08-27,2024-08-31,production_issue
RMREV005747,RMPO021454,2024-08-15,2024-08-16,2024-08-18,supplier_capacity
RMREV005748,RMPO021465,2024-08-15,2024-08-21,2024-08-25,supplier_capacity
RMREV005749,RMPO021597,2024-08-15,2024-08-16,2024-08-18,raw_material_shortage
RMREV005750,RMPO021680,2024-08-15,2024-08-28,2024-08-31,expedite_missed
RMREV005751,RMPO021848,2024-08-15,2024-08-22,2024-09-02,production_issue
RMREV005752,RMPO021848,2024-08-15,2024-09-02,2024-08-27,expedite
RMREV005753,RMPO021920,2024-08-15,2024-08-19,2024-08-22,carrier_delay
RMREV005754,RMPO020549,2024-08-16,2024-08-19,2024-08-25,expedite_missed
RMREV005755,RMPO020602,2024-08-16,2024-08-21,2024-08-31,production_issue
RMREV005756,RMPO020635,2024-08-16,2024-08-19,2024-08-29,supplier_capacity
RMREV005757,RMPO020946,2024-08-16,2024-08-22,2024-08-26,carrier_delay
RMREV005758,RMPO021429,2024-08-16,2024-08-18,2024-08-22,raw_material_shortage
RMREV005759,RMPO021490,2024-08-16,2024-08-24,2024-08-31,production_issue
RMREV005760,RMPO021691,2024-08-16,2024-08-24,2024-09-04,carrier_delay
RMREV005761,RMPO021782,2024-08-16,2024-08-19,2024-08-20,supplier_capacity
RMREV005762,RMPO021784,2024-08-16,2024-08-17,2024-08-19,supplier_capacity
RMREV005763,RMPO021813,2024-08-16,2024-08-24,2024-09-02,supplier_capacity
RMREV005764,RMPO021852,2024-08-16,2024-08-19,2024-08-20,expedite_missed
RMREV005765,RMPO022094,2024-08-16,2024-08-20,2024-08-29,quality_hold_at_supplier
RMREV005766,RMPO022094,2024-08-16,2024-08-29,2024-08-23,expedite
RMREV005767,RMPO022358,2024-08-16,2024-08-18,2024-08-19,lead_time_extension
RMREV005768,RMPO020728,2024-08-17,2024-08-22,2024-08-29,carrier_delay
RMREV005769,RMPO021468,2024-08-17,2024-08-23,2024-09-05,carrier_delay
RMREV005770,RMPO022041,2024-08-17,2024-08-20,2024-08-26,raw_material_shortage
RMREV005771,RMPO022176,2024-08-17,2024-08-19,2024-08-20,carrier_delay
RMREV005772,RMPO022356,2024-08-17,2024-08-20,2024-08-22,lead_time_extension
RMREV005773,RMPO020853,2024-08-18,2024-08-18,2024-08-19,supplier_capacity
RMREV005774,RMPO021058,2024-08-18,2024-08-22,2024-08-30,production_issue
RMREV005775,RMPO021120,2024-08-18,2024-08-25,2024-09-02,raw_material_shortage
RMREV005776,RMPO021713,2024-08-18,2024-08-20,2024-08-24,carrier_delay
RMREV005777,RMPO021916,2024-08-18,2024-08-29,2024-08-30,raw_material_shortage
RMREV005778,RMPO022441,2024-08-18,2024-08-22,2024-08-23,raw_material_shortage
RMREV005779,RMPO019521,2024-08-19,2024-08-02,2024-08-21,carrier_delay
RMREV005780,RMPO020945,2024-08-19,2024-08-24,2024-08-26,supplier_capacity
RMREV005781,RMPO021453,2024-08-19,2024-08-20,2024-08-22,production_issue
RMREV005782,RMPO021531,2024-08-19,2024-08-23,2024-08-25,supplier_capacity
RMREV005783,RMPO022105,2024-08-19,2024-08-22,2024-08-26,raw_material_shortage
RMREV005784,RMPO022176,2024-08-19,2024-08-20,2024-08-21,carrier_delay
RMREV005785,RMPO022355,2024-08-19,2024-08-21,2024-08-23,lead_time_extension
RMREV005786,RMPO022358,2024-08-19,2024-08-19,2024-08-20,lead_time_extension
RMREV005787,RMPO021343,2024-08-20,2024-08-21,2024-08-27,carrier_delay
RMREV005788,RMPO021778,2024-08-20,2024-08-22,2024-08-25,supplier_capacity
RMREV005789,RMPO021785,2024-08-20,2024-08-21,2024-08-23,supplier_capacity
RMREV005790,RMPO022462,2024-08-20,2024-09-01,2024-09-10,supplier_capacity
RMREV005791,RMPO022629,2024-08-20,2024-08-29,2024-08-30,lead_time_extension
RMREV005792,RMPO022683,2024-08-20,2024-08-30,2024-08-31,supplier_capacity
RMREV005793,RMPO022800,2024-08-20,2024-09-02,2024-09-01,supplier_capacity
RMREV005794,RMPO020590,2024-08-21,2024-08-29,2024-09-02,supplier_capacity
RMREV005795,RMPO020945,2024-08-21,2024-08-26,2024-08-28,supplier_capacity
RMREV005796,RMPO020984,2024-08-21,2024-08-25,2024-09-02,supplier_capacity
RMREV005797,RMPO020984,2024-08-21,2024-09-02,2024-08-25,expedite
RMREV005798,RMPO021119,2024-08-21,2024-08-22,2024-09-02,supplier_capacity
RMREV005799,RMPO021934,2024-08-21,2024-08-31,2024-09-06,production_issue
RMREV005800,RMPO021934,2024-08-21,2024-09-06,2024-08-29,expedite
RMREV005801,RMPO022021,2024-08-21,2024-08-26,2024-09-01,supplier_capacity
RMREV005802,RMPO022147,2024-08-21,2024-08-27,2024-08-30,supplier_capacity
RMREV005803,RMPO022251,2024-08-21,2024-09-02,2024-09-04,supplier_capacity
RMREV005804,RMPO022559,2024-08-21,2024-08-22,2024-08-24,carrier_delay
RMREV005805,RMPO022683,2024-08-21,2024-08-31,2024-09-01,supplier_capacity
RMREV005806,RMPO022714,2024-08-21,2024-08-24,2024-08-25,raw_material_shortage
RMREV005807,RMPO020728,2024-08-22,2024-08-29,2024-09-06,carrier_delay
RMREV005808,RMPO021036,2024-08-22,2024-08-28,2024-08-29,production_issue
RMREV005809,RMPO021140,2024-08-22,2024-08-23,2024-09-01,production_issue
RMREV005810,RMPO021219,2024-08-22,2024-09-01,2024-09-05,supplier_capacity
RMREV005811,RMPO021262,2024-08-22,2024-08-30,2024-09-04,production_issue
RMREV005812,RMPO021780,2024-08-22,2024-08-24,2024-08-25,supplier_capacity
RMREV005813,RMPO022138,2024-08-22,2024-08-31,2024-09-04,raw_material_shortage
RMREV005814,RMPO022395,2024-08-22,2024-09-03,2024-09-05,carrier_delay
RMREV005815,RMPO022623,2024-08-22,2024-09-03,2024-09-07,supplier_capacity
RMREV005816,RMPO022629,2024-08-22,2024-08-30,2024-08-31,lead_time_extension
RMREV005817,RMPO020634,2024-08-23,2024-08-24,2024-09-09,supplier_capacity
RMREV005818,RMPO020948,2024-08-23,2024-08-30,2024-09-06,supplier_capacity
RMREV005819,RMPO021058,2024-08-23,2024-08-30,2024-09-03,production_issue
RMREV005820,RMPO021479,2024-08-23,2024-09-03,2024-09-12,supplier_capacity
RMREV005821,RMPO021493,2024-08-23,2024-09-04,2024-09-16,supplier_capacity
RMREV005822,RMPO021833,2024-08-23,2024-09-03,2024-09-07,production_issue
RMREV005823,RMPO022254,2024-08-23,2024-09-04,2024-09-09,supplier_capacity
RMREV005824,RMPO022350,2024-08-23,2024-08-24,2024-08-27,production_issue
RMREV005825,RMPO022464,2024-08-23,2024-09-01,2024-09-06,supplier_capacity
RMREV005826,RMPO022642,2024-08-23,2024-09-01,2024-09-04,carrier_delay
RMREV005827,RMPO021120,2024-08-24,2024-09-02,2024-09-05,raw_material_shortage
RMREV005828,RMPO021321,2024-08-24,2024-08-30,2024-09-02,raw_material_shortage
RMREV005829,RMPO021391,2024-08-24,2024-08-29,2024-09-11,carrier_delay
RMREV005830,RMPO021557,2024-08-24,2024-09-03,2024-09-20,carrier_delay
RMREV005831,RMPO021557,2024-08-24,2024-09-20,2024-09-15,expedite
RMREV005832,RMPO021737,2024-08-24,2024-08-28,2024-09-02,production_issue
RMREV005833,RMPO022341,2024-08-24,2024-09-02,2024-09-10,production_issue
RMREV005834,RMPO022574,2024-08-24,2024-08-27,2024-08-30,production_issue
RMREV005835,RMPO022742,2024-08-24,2024-09-05,2024-09-07,supplier_capacity
RMREV005836,RMPO022794,2024-08-24,2024-09-03,2024-09-07,supplier_capacity
RMREV005837,RMPO022794,2024-08-24,2024-09-07,2024-09-01,expedite
RMREV005838,RMPO022795,2024-08-24,2024-09-03,2024-09-07,supplier_capacity
RMREV005839,RMPO020954,2024-08-25,2024-08-29,2024-09-11,carrier_delay
RMREV005840,RMPO021343,2024-08-25,2024-08-27,2024-09-04,carrier_delay
RMREV005841,RMPO021480,2024-08-25,2024-09-05,2024-09-15,supplier_capacity
RMREV005842,RMPO021515,2024-08-25,2024-09-03,2024-09-22,quality_hold_at_supplier
RMREV005843,RMPO021691,2024-08-25,2024-09-04,2024-09-11,carrier_delay
RMREV005844,RMPO022137,2024-08-25,2024-08-28,2024-08-31,supplier_capacity
RMREV005845,RMPO022559,2024-08-25,2024-08-24,2024-08-26,carrier_delay
RMREV005846,RMPO022630,2024-08-25,2024-08-26,2024-08-29,lead_time_extension
RMREV005847,RMPO022695,2024-08-25,2024-08-30,2024-09-03,production_issue
RMREV005848,RMPO021220,2024-08-26,2024-08-27,2024-09-02,production_issue
RMREV005849,RMPO021465,2024-08-26,2024-08-25,2024-08-29,supplier_capacity
RMREV005850,RMPO022051,2024-08-26,2024-09-02,2024-09-05,supplier_capacity
RMREV005851,RMPO022094,2024-08-26,2024-08-23,2024-09-05,expedite_missed
RMREV005852,RMPO022162,2024-08-26,2024-08-28,2024-09-03,carrier_delay
RMREV005853,RMPO022628,2024-08-26,2024-08-27,2024-08-28,lead_time_extension
RMREV005854,RMPO022642,2024-08-26,2024-09-04,2024-09-07,carrier_delay
RMREV005855,RMPO022862,2024-08-26,2024-09-04,2024-09-17,carrier_delay
RMREV005856,RMPO021221,2024-08-27,2024-08-28,2024-09-04,supplier_capacity
RMREV005857,RMPO021342,2024-08-27,2024-08-29,2024-09-10,carrier_delay
RMREV005858,RMPO021838,2024-08-27,2024-08-28,2024-08-31,carrier_delay
RMREV005859,RMPO021917,2024-08-27,2024-08-29,2024-08-30,production_issue
RMREV005860,RMPO021989,2024-08-27,2024-09-02,2024-09-07,production_issue
RMREV005861,RMPO022512,2024-08-27,2024-08-24,2024-08-28,production_issue
RMREV005862,RMPO022628,2024-08-27,2024-08-28,2024-08-29,lead_time_extension
RMREV005863,RMPO022684,2024-08-27,2024-09-05,2024-09-07,raw_material_shortage
RMREV005864,RMPO022887,2024-08-27,2024-09-03,2024-09-05,lead_time_extension
RMREV005865,RMPO022889,2024-08-27,2024-09-02,2024-09-04,lead_time_extension
RMREV005866,RMPO022949,2024-08-27,2024-09-06,2024-09-09,raw_material_shortage
RMREV005867,RMPO023049,2024-08-27,2024-09-08,2024-09-09,supplier_capacity
RMREV005868,RMPO020442,2024-08-28,2024-08-31,2024-09-01,expedite_missed
RMREV005869,RMPO021657,2024-08-28,2024-09-01,2024-09-15,raw_material_shortage
RMREV005870,RMPO021657,2024-08-28,2024-09-15,2024-09-12,expedite
RMREV005871,RMPO021848,2024-08-28,2024-08-27,2024-09-02,expedite_missed
RMREV005872,RMPO021898,2024-08-28,2024-09-08,2024-09-12,raw_material_shortage
RMREV005873,RMPO022246,2024-08-28,2024-08-31,2024-09-04,carrier_delay
RMREV005874,RMPO022350,2024-08-28,2024-08-27,2024-08-29,production_issue
RMREV005875,RMPO022794,2024-08-28,2024-09-01,2024-09-06,expedite_missed
RMREV005876,RMPO022892,2024-08-28,2024-09-03,2024-09-07,lead_time_extension
RMREV005877,RMPO021935,2024-08-29,2024-09-01,2024-09-07,production_issue
RMREV005878,RMPO022741,2024-08-29,2024-09-05,2024-09-10,carrier_delay
RMREV005879,RMPO022890,2024-08-29,2024-09-03,2024-09-06,lead_time_extension
RMREV005880,RMPO020984,2024-08-30,2024-08-25,2024-09-05,expedite_missed
RMREV005881,RMPO021481,2024-08-30,2024-09-04,2024-09-14,supplier_capacity
RMREV005882,RMPO021494,2024-08-30,2024-09-01,2024-09-12,raw_material_shortage
RMREV005883,RMPO022500,2024-08-30,2024-09-09,2024-09-10,supplier_capacity
RMREV005884,RMPO022789,2024-08-30,2024-08-31,2024-09-01,carrier_delay
RMREV005885,RMPO022891,2024-08-30,2024-09-02,2024-09-05,lead_time_extension
RMREV005886,RMPO022893,2024-08-30,2024-09-01,2024-09-03,lead_time_extension
RMREV005887,RMPO021490,2024-08-31,2024-08-31,2024-09-02,production_issue
RMREV005888,RMPO021658,2024-08-31,2024-09-02,2024-09-17,raw_material_shortage
RMREV005889,RMPO022246,2024-08-31,2024-09-04,2024-09-07,carrier_delay
RMREV005890,RMPO022609,2024-08-31,2024-09-11,2024-09-14,carrier_delay
RMREV005891,RMPO022809,2024-08-31,2024-09-10,2024-09-14,raw_material_shortage
RMREV005892,RMPO022860,2024-08-31,2024-09-05,2024-09-14,supplier_capacity
RMREV005893,RMPO022860,2024-08-31,2024-09-14,2024-09-07,expedite
RMREV005894,RMPO021436,2024-09-01,2024-09-13,2024-09-18,carrier_delay
RMREV005895,RMPO021463,2024-09-01,2024-09-12,2024-10-11,production_issue
RMREV005896,RMPO021876,2024-09-01,2024-09-12,2024-09-16,production_issue
RMREV005897,RMPO021970,2024-09-01,2024-09-04,2024-09-21,raw_material_shortage
RMREV005898,RMPO022249,2024-09-01,2024-09-07,2024-09-08,supplier_capacity
RMREV005899,RMPO022250,2024-09-01,2024-09-05,2024-09-07,supplier_capacity
RMREV005900,RMPO022518,2024-09-01,2024-09-08,2024-09-11,production_issue
RMREV005901,RMPO022613,2024-09-01,2024-09-09,2024-09-18,carrier_delay
RMREV005902,RMPO022849,2024-09-01,2024-09-03,2024-09-17,raw_material_shortage
RMREV005903,RMPO022888,2024-09-01,2024-09-08,2024-09-11,lead_time_extension
RMREV005904,RMPO022949,2024-09-01,2024-09-09,2024-09-11,raw_material_shortage
RMREV005905,RMPO022956,2024-09-01,2024-09-04,2024-09-06,raw_material_shortage
RMREV005906,RMPO021370,2024-09-02,2024-09-08,2024-09-20,supplier_capacity
RMREV005907,RMPO022160,2024-09-02,2024-09-07,2024-09-11,raw_material_shortage
RMREV005908,RMPO022497,2024-09-02,2024-09-10,2024-09-20,supplier_capacity
RMREV005909,RMPO023094,2024-09-02,2024-09-12,2024-09-16,production_issue
RMREV005910,RMPO021189,2024-09-03,2024-09-07,2024-09-16,raw_material_shortage
RMREV005911,RMPO021676,2024-09-03,2024-09-11,2024-09-27,raw_material_shortage
RMREV005912,RMPO021729,2024-09-03,2024-09-11,2024-09-13,supplier_capacity
RMREV005913,RMPO022743,2024-09-03,2024-09-08,2024-09-10,production_issue
RMREV005914,RMPO022893,2024-09-03,2024-09-03,2024-09-04,lead_time_extension
RMREV005915,RMPO023034,2024-09-03,2024-09-07,2024-09-10,raw_material_shortage
RMREV005916,RMPO023077,2024-09-03,2024-09-04,2024-09-05,production_issue
RMREV005917,RMPO023099,2024-09-03,2024-09-08,2024-09-23,raw_material_shortage
RMREV005918,RMPO023099,2024-09-03,2024-09-23,2024-09-19,expedite
RMREV005919,RMPO023144,2024-09-03,2024-09-09,2024-09-11,lead_time_extension
RMREV005920,RMPO023145,2024-09-03,2024-09-11,2024-09-13,lead_time_extension
RMREV005921,RMPO023160,2024-09-03,2024-09-12,2024-09-17,quality_hold_at_supplier
RMREV005922,RMPO023317,2024-09-03,2024-09-11,2024-09-13,supplier_capacity
RMREV005923,RMPO023337,2024-09-03,2024-09-11,2024-09-12,supplier_capacity
RMREV005924,RMPO021140,2024-09-04,2024-09-01,2024-09-06,production_issue
RMREV005925,RMPO021729,2024-09-04,2024-09-13,2024-09-14,supplier_capacity
RMREV005926,RMPO022249,2024-09-04,2024-09-08,2024-09-09,supplier_capacity
RMREV005927,RMPO022393,2024-09-04,2024-09-15,2024-09-17,raw_material_shortage
RMREV005928,RMPO022665,2024-09-04,2024-09-10,2024-09-16,carrier_delay
RMREV005929,RMPO023317,2024-09-04,2024-09-13,2024-09-14,supplier_capacity
RMREV005930,RMPO021219,2024-09-05,2024-09-05,2024-09-08,supplier_capacity
RMREV005931,RMPO021728,2024-09-05,2024-09-12,2024-09-14,carrier_delay
RMREV005932,RMPO021743,2024-09-05,2024-09-08,2024-09-16,carrier_delay
RMREV005933,RMPO022501,2024-09-05,2024-09-09,2024-09-16,supplier_capacity
RMREV005934,RMPO022739,2024-09-05,2024-09-08,2024-09-12,raw_material_shortage
RMREV005935,RMPO021742,2024-09-06,2024-09-14,2024-09-19,production_issue
RMREV005936,RMPO022072,2024-09-06,2024-09-10,2024-09-16,raw_material_shortage
RMREV005937,RMPO022740,2024-09-06,2024-09-08,2024-09-13,supplier_capacity
RMREV005938,RMPO023143,2024-09-06,2024-09-09,2024-09-12,lead_time_extension
RMREV005939,RMPO023145,2024-09-06,2024-09-13,2024-09-14,lead_time_extension
RMREV005940,RMPO023392,2024-09-06,2024-09-11,2024-09-20,carrier_delay
RMREV005941,RMPO021371,2024-09-07,2024-09-09,2024-09-16,production_issue
RMREV005942,RMPO021892,2024-09-07,2024-09-09,2024-09-16,carrier_delay
RMREV005943,RMPO021964,2024-09-07,2024-09-17,2024-10-10,production_issue
RMREV005944,RMPO022148,2024-09-07,2024-09-16,2024-09-22,production_issue
RMREV005945,RMPO022414,2024-09-07,2024-09-08,2024-09-14,carrier_delay
RMREV005946,RMPO023247,2024-09-07,2024-09-19,2024-09-20,carrier_delay
RMREV005947,RMPO023337,2024-09-07,2024-09-12,2024-09-13,supplier_capacity
RMREV005948,RMPO021461,2024-09-08,2024-09-16,2024-09-27,raw_material_shortage
RMREV005949,RMPO021733,2024-09-08,2024-09-15,2024-09-20,raw_material_shortage
RMREV005950,RMPO022414,2024-09-08,2024-09-14,2024-09-17,carrier_delay
RMREV005951,RMPO022501,2024-09-08,2024-09-16,2024-09-20,supplier_capacity
RMREV005952,RMPO022664,2024-09-08,2024-09-10,2024-09-12,carrier_delay
RMREV005953,RMPO022693,2024-09-08,2024-09-18,2024-10-07,carrier_delay
RMREV005954,RMPO022860,2024-09-08,2024-09-07,2024-09-14,expedite_missed
RMREV005955,RMPO023146,2024-09-08,2024-09-13,2024-09-15,lead_time_extension
RMREV005956,RMPO021461,2024-09-09,2024-09-27,2024-10-01,raw_material_shortage
RMREV005957,RMPO021462,2024-09-09,2024-09-15,2024-10-05,carrier_delay
RMREV005958,RMPO021462,2024-09-09,2024-10-05,2024-09-27,expedite
RMREV005959,RMPO021732,2024-09-09,2024-09-10,2024-09-17,carrier_delay
RMREV005960,RMPO022254,2024-09-09,2024-09-09,2024-09-16,supplier_capacity
RMREV005961,RMPO022499,2024-09-09,2024-09-15,2024-09-16,supplier_capacity
RMREV005962,RMPO022740,2024-09-09,2024-09-13,2024-09-15,supplier_capacity
RMREV005963,RMPO022784,2024-09-09,2024-09-18,2024-09-26,supplier_capacity
RMREV005964,RMPO022967,2024-09-09,2024-09-11,2024-09-16,supplier_capacity
RMREV005965,RMPO023035,2024-09-09,2024-09-12,2024-09-14,carrier_delay
RMREV005966,RMPO023392,2024-09-09,2024-09-20,2024-09-27,carrier_delay
RMREV005967,RMPO021727,2024-09-10,2024-09-11,2024-09-14,production_issue
RMREV005968,RMPO021728,2024-09-10,2024-09-14,2024-09-15,carrier_delay
RMREV005969,RMPO022502,2024-09-10,2024-09-11,2024-09-14,supplier_capacity
RMREV005970,RMPO022523,2024-09-10,2024-09-16,2024-09-19,raw_material_shortage
RMREV005971,RMPO022542,2024-09-10,2024-09-16,2024-09-25,production_issue
RMREV005972,RMPO023210,2024-09-10,2024-09-13,2024-09-16,raw_material_shortage
RMREV005973,RMPO023248,2024-09-10,2024-09-22,2024-09-24,raw_material_shortage
RMREV005974,RMPO023436,2024-09-10,2024-09-17,2024-09-20,lead_time_extension
RMREV005975,RMPO023437,2024-09-10,2024-09-18,2024-09-22,lead_time_extension
RMREV005976,RMPO023439,2024-09-10,2024-09-15,2024-09-17,lead_time_extension
RMREV005977,RMPO023622,2024-09-10,2024-09-18,2024-09-23,raw_material_shortage
RMREV005978,RMPO021371,2024-09-11,2024-09-16,2024-09-21,production_issue
RMREV005979,RMPO023094,2024-09-11,2024-09-16,2024-09-18,production_issue
RMREV005980,RMPO023634,2024-09-11,2024-09-23,2024-09-24,production_issue
RMREV005981,RMPO021742,2024-09-12,2024-09-19,2024-09-23,production_issue
RMREV005982,RMPO021742,2024-09-12,2024-09-23,2024-09-17,expedite
RMREV005983,RMPO023249,2024-09-12,2024-09-24,2024-09-28,raw_material_shortage
RMREV005984,RMPO023441,2024-09-12,2024-09-15,2024-09-17,lead_time_extension
RMREV005985,RMPO022226,2024-09-13,2024-09-20,2024-09-30,supplier_capacity
RMREV005986,RMPO022522,2024-09-13,2024-09-18,2024-09-23,supplier_capacity
RMREV005987,RMPO022708,2024-09-13,2024-09-21,2024-09-27,supplier_capacity
RMREV005988,RMPO021812,2024-09-14,2024-09-20,2024-10-27,production_issue
RMREV005989,RMPO023032,2024-09-14,2024-09-26,2024-10-11,supplier_capacity
RMREV005990,RMPO023035,2024-09-14,2024-09-14,2024-09-17,carrier_delay
RMREV005991,RMPO023223,2024-09-14,2024-09-19,2024-09-21,raw_material_shortage
RMREV005992,RMPO023438,2024-09-14,2024-09-15,2024-09-17,lead_time_extension
RMREV005993,RMPO021464,2024-09-15,2024-09-19,2024-10-20,raw_material_shortage
RMREV005994,RMPO021468,2024-09-15,2024-09-05,2024-09-21,carrier_delay
RMREV005995,RMPO022003,2024-09-15,2024-09-20,2024-09-24,production_issue
RMREV005996,RMPO023146,2024-09-15,2024-09-15,2024-09-16,lead_time_extension
RMREV005997,RMPO023440,2024-09-15,2024-09-17,2024-09-18,lead_time_extension
RMREV005998,RMPO022072,2024-09-16,2024-09-16,2024-09-19,raw_material_shortage
RMREV005999,RMPO022225,2024-09-16,2024-09-19,2024-09-29,supplier_capacity
RMREV006000,RMPO022523,2024-09-16,2024-09-19,2024-09-20,raw_material_shortage
RMREV006001,RMPO022689,2024-09-16,2024-09-21,2024-10-09,carrier_delay
RMREV006002,RMPO022689,2024-09-16,2024-10-09,2024-10-02,expedite
RMREV006003,RMPO022925,2024-09-16,2024-09-20,2024-09-26,production_issue
RMREV006004,RMPO023031,2024-09-16,2024-09-24,2024-10-09,supplier_capacity
RMREV006005,RMPO022785,2024-09-17,2024-09-18,2024-09-23,supplier_capacity
RMREV006006,RMPO023030,2024-09-17,2024-09-28,2024-10-14,supplier_capacity
RMREV006007,RMPO023030,2024-09-17,2024-10-14,2024-10-08,expedite
RMREV006008,RMPO023675,2024-09-17,2024-09-22,2024-09-25,carrier_delay
RMREV006009,RMPO023724,2024-09-17,2024-09-25,2024-09-28,lead_time_extension
RMREV006010,RMPO023744,2024-09-17,2024-09-22,2024-09-27,carrier_delay
RMREV006011,RMPO023784,2024-09-17,2024-09-19,2024-09-21,carrier_delay
RMREV006012,RMPO023860,2024-09-17,2024-09-21,2024-09-22,carrier_delay
RMREV006013,RMPO022201,2024-09-18,2024-09-25,2024-10-10,raw_material_shortage
RMREV006014,RMPO022201,2024-09-18,2024-10-10,2024-10-04,expedite
RMREV006015,RMPO022926,2024-09-18,2024-09-20,2024-09-28,production_issue
RMREV006016,RMPO023027,2024-09-18,2024-09-24,2024-09-27,supplier_capacity
RMREV006017,RMPO023246,2024-09-18,2024-09-19,2024-09-20,carrier_delay
RMREV006018,RMPO023440,2024-09-18,2024-09-18,2024-09-19,lead_time_extension
RMREV006019,RMPO023728,2024-09-18,2024-09-25,2024-09-26,lead_time_extension
RMREV006020,RMPO022004,2024-09-19,2024-09-24,2024-09-26,carrier_delay
RMREV006021,RMPO022516,2024-09-19,2024-09-23,2024-10-05,raw_material_shortage
RMREV006022,RMPO022516,2024-09-19,2024-10-05,2024-09-30,expedite
RMREV006023,RMPO022564,2024-09-19,2024-09-25,2024-10-16,production_issue
RMREV006024,RMPO022564,2024-09-19,2024-10-16,2024-10-12,expedite
RMREV006025,RMPO023008,2024-09-19,2024-09-22,2024-09-25,production_issue
RMREV006026,RMPO023247,2024-09-19,2024-09-20,2024-09-21,carrier_delay
RMREV006027,RMPO023725,2024-09-19,2024-09-22,2024-09-24,lead_time_extension
RMREV006028,RMPO023729,2024-09-19,2024-09-22,2024-09-24,lead_time_extension
RMREV006029,RMPO022011,2024-09-20,2024-09-26,2024-10-28,carrier_delay
RMREV006030,RMPO022050,2024-09-20,2024-09-21,2024-10-04,production_issue
RMREV006031,RMPO022050,2024-09-20,2024-10-04,2024-09-30,expedite
RMREV006032,RMPO022199,2024-09-20,2024-09-24,2024-10-08,production_issue
RMREV006033,RMPO022340,2024-09-20,2024-09-24,2024-10-08,production_issue
RMREV006034,RMPO022965,2024-09-20,2024-09-28,2024-10-02,raw_material_shortage
RMREV006035,RMPO023680,2024-09-20,2024-10-02,2024-10-04,carrier_delay
RMREV006036,RMPO021692,2024-09-21,2024-09-25,2024-10-19,raw_material_shortage
RMREV006037,RMPO022050,2024-09-21,2024-09-30,2024-10-04,expedite_missed
RMREV006038,RMPO022431,2024-09-21,2024-09-22,2024-09-25,carrier_delay
RMREV006039,RMPO022446,2024-09-21,2024-10-03,2024-10-05,carrier_delay
RMREV006040,RMPO022938,2024-09-21,2024-09-25,2024-10-05,raw_material_shortage
RMREV006041,RMPO023819,2024-09-21,2024-10-03,2024-10-04,supplier_capacity
RMREV006042,RMPO022364,2024-09-22,2024-09-27,2024-10-06,raw_material_shortage
RMREV006043,RMPO022913,2024-09-22,2024-09-23,2024-09-25,carrier_delay
RMREV006044,RMPO023025,2024-09-22,2024-09-23,2024-09-25,supplier_capacity
RMREV006045,RMPO023099,2024-09-22,2024-09-19,2024-09-23,expedite_missed
RMREV006046,RMPO023726,2024-09-22,2024-09-23,2024-09-25,lead_time_extension
RMREV006047,RMPO022012,2024-09-23,2024-09-26,2024-09-27,supplier_capacity
RMREV006048,RMPO022200,2024-09-23,2024-09-24,2024-10-04,carrier_delay
RMREV006049,RMPO022445,2024-09-23,2024-10-01,2024-10-03,carrier_delay
RMREV006050,RMPO023680,2024-09-23,2024-10-04,2024-10-06,carrier_delay
RMREV006051,RMPO023681,2024-09-23,2024-09-28,2024-09-30,carrier_delay
RMREV006052,RMPO023777,2024-09-23,2024-09-28,2024-09-30,supplier_capacity
RMREV006053,RMPO023937,2024-09-23,2024-10-03,2024-10-24,carrier_delay
RMREV006054,RMPO023937,2024-09-23,2024-10-24,2024-10-17,expedite
RMREV006055,RMPO022237,2024-09-24,2024-09-27,2024-10-20,carrier_delay
RMREV006056,RMPO022349,2024-09-24,2024-09-27,2024-10-02,supplier_capacity
RMREV006057,RMPO022785,2024-09-24,2024-09-23,2024-09-28,supplier_capacity
RMREV006058,RMPO022791,2024-09-24,2024-09-28,2024-10-01,raw_material_shortage
RMREV006059,RMPO023306,2024-09-24,2024-09-28,2024-10-01,supplier_capacity
RMREV006060,RMPO023977,2024-09-24,2024-09-29,2024-10-01,lead_time_extension
RMREV006061,RMPO023978,2024-09-24,2024-09-30,2024-10-02,lead_time_extension
RMREV006062,RMPO023979,2024-09-24,2024-10-02,2024-10-04,lead_time_extension
RMREV006063,RMPO024051,2024-09-24,2024-10-01,2024-10-02,raw_material_shortage
RMREV006064,RMPO024067,2024-09-24,2024-09-27,2024-09-28,production_issue
RMREV006065,RMPO024070,2024-09-24,2024-09-28,2024-09-30,carrier_delay
RMREV006066,RMPO022447,2024-09-25,2024-10-01,2024-10-03,raw_material_shortage
RMREV006067,RMPO022668,2024-09-25,2024-09-30,2024-10-06,raw_material_shortage
RMREV006068,RMPO023024,2024-09-25,2024-09-26,2024-09-28,supplier_capacity
RMREV006069,RMPO023027,2024-09-25,2024-09-27,2024-09-29,supplier_capacity
RMREV006070,RMPO023220,2024-09-25,2024-10-05,2024-10-09,carrier_delay
RMREV006071,RMPO023301,2024-09-25,2024-10-02,2024-10-07,supplier_capacity
RMREV006072,RMPO023302,2024-09-25,2024-10-01,2024-10-06,supplier_capacity
RMREV006073,RMPO023632,2024-09-25,2024-10-01,2024-10-02,carrier_delay
RMREV006074,RMPO024051,2024-09-25,2024-10-02,2024-10-03,raw_material_shortage
RMREV006075,RMPO024065,2024-09-25,2024-09-28,2024-09-29,production_issue
RMREV006076,RMPO024173,2024-09-25,2024-10-02,2024-10-03,carrier_delay
RMREV006077,RMPO022012,2024-09-26,2024-09-27,2024-09-28,supplier_capacity
RMREV006078,RMPO022640,2024-09-26,2024-10-07,2024-10-08,carrier_delay
RMREV006079,RMPO022708,2024-09-26,2024-09-27,2024-10-04,supplier_capacity
RMREV006080,RMPO022792,2024-09-26,2024-09-28,2024-10-01,raw_material_shortage
RMREV006081,RMPO022937,2024-09-26,2024-09-28,2024-10-12,supplier_capacity
RMREV006082,RMPO023356,2024-09-26,2024-10-02,2024-10-04,supplier_capacity
RMREV006083,RMPO023681,2024-09-26,2024-09-30,2024-10-02,carrier_delay
RMREV006084,RMPO022320,2024-09-27,2024-10-06,2024-10-25,quality_hold_at_supplier
RMREV006085,RMPO022320,2024-09-27,2024-10-25,2024-10-20,expedite
RMREV006086,RMPO022745,2024-09-27,2024-10-16,2024-10-19,quality_hold_at_supplier
RMREV006087,RMPO022930,2024-09-27,2024-10-07,2024-10-12,raw_material_shortage
RMREV006088,RMPO023302,2024-09-27,2024-10-06,2024-10-10,supplier_capacity
RMREV006089,RMPO023357,2024-09-27,2024-10-07,2024-10-10,carrier_delay
RMREV006090,RMPO023493,2024-09-27,2024-10-03,2024-10-06,supplier_capacity
RMREV006091,RMPO023696,2024-09-27,2024-10-01,2024-10-08,quality_hold_at_supplier
RMREV006092,RMPO023696,2024-09-27,2024-10-08,2024-10-02,expedite
RMREV006093,RMPO023727,2024-09-27,2024-09-29,2024-10-02,lead_time_extension
RMREV006094,RMPO023728,2024-09-27,2024-09-26,2024-09-28,lead_time_extension
RMREV006095,RMPO023817,2024-09-27,2024-10-03,2024-10-06,production_issue
RMREV006096,RMPO023976,2024-09-27,2024-09-30,2024-10-02,lead_time_extension
RMREV006097,RMPO024008,2024-09-27,2024-10-04,2024-10-05,production_issue
RMREV006098,RMPO024066,2024-09-27,2024-09-28,2024-09-29,supplier_capacity
RMREV006099,RMPO024173,2024-09-27,2024-10-03,2024-10-04,carrier_delay
RMREV006100,RMPO022333,2024-09-28,2024-10-07,2024-10-09,supplier_capacity
RMREV006101,RMPO022482,2024-09-28,2024-10-01,2024-10-22,carrier_delay
RMREV006102,RMPO022564,2024-09-28,2024-10-12,2024-10-14,expedite_missed
RMREV006103,RMPO022771,2024-09-28,2024-10-08,2024-10-12,carrier_delay
RMREV006104,RMPO022883,2024-09-28,2024-10-10,2024-10-19,supplier_capacity
RMREV006105,RMPO022928,2024-09-28,2024-10-10,2024-10-13,raw_material_shortage
RMREV006106,RMPO023092,2024-09-28,2024-10-08,2024-10-17,production_issue
RMREV006107,RMPO023303,2024-09-28,2024-10-02,2024-10-06,supplier_capacity
RMREV006108,RMPO023418,2024-09-28,2024-10-02,2024-10-04,production_issue
RMREV006109,RMPO023998,2024-09-28,2024-10-03,2024-10-10,carrier_delay
RMREV006110,RMPO022364,2024-09-29,2024-10-06,2024-10-11,raw_material_shortage
RMREV006111,RMPO022725,2024-09-29,2024-10-08,2024-10-11,production_issue
RMREV006112,RMPO022928,2024-09-29,2024-10-13,2024-10-15,raw_material_shortage
RMREV006113,RMPO023202,2024-09-29,2024-10-02,2024-10-10,raw_material_shortage
RMREV006114,RMPO023475,2024-09-29,2024-10-10,2024-10-19,supplier_capacity
RMREV006115,RMPO023577,2024-09-29,2024-10-04,2024-10-06,raw_material_shortage
RMREV006116,RMPO023632,2024-09-29,2024-10-02,2024-10-03,carrier_delay
RMREV006117,RMPO024200,2024-09-29,2024-10-08,2024-10-12,carrier_delay
RMREV006118,RMPO021462,2024-09-30,2024-09-27,2024-10-04,expedite_missed
RMREV006119,RMPO022333,2024-09-30,2024-10-09,2024-10-11,supplier_capacity
RMREV006120,RMPO022445,2024-09-30,2024-10-03,2024-10-05,carrier_delay
RMREV006121,RMPO022447,2024-09-30,2024-10-03,2024-10-05,raw_material_shortage
RMREV006122,RMPO022724,2024-09-30,2024-10-10,2024-10-11,raw_material_shortage
RMREV006123,RMPO022899,2024-09-30,2024-10-06,2024-10-12,raw_material_shortage
RMREV006124,RMPO023218,2024-09-30,2024-10-09,2024-10-18,raw_material_shortage
RMREV006125,RMPO023218,2024-09-30,2024-10-18,2024-10-11,expedite
RMREV006126,RMPO023305,2024-09-30,2024-10-02,2024-10-05,supplier_capacity
RMREV006127,RMPO023419,2024-09-30,2024-10-02,2024-10-04,production_issue
RMREV006128,RMPO023643,2024-09-30,2024-10-03,2024-10-05,production_issue
RMREV006129,RMPO024039,2024-09-30,2024-10-02,2024-10-03,production_issue
RMREV006130,RMPO022538,2024-10-01,2024-10-04,2024-10-07,supplier_capacity
RMREV006131,RMPO022745,2024-10-01,2024-10-19,2024-10-21,quality_hold_at_supplier
RMREV006132,RMPO022759,2024-10-01,2024-10-04,2024-10-12,production_issue
RMREV006133,RMPO023303,2024-10-01,2024-10-06,2024-10-10,supplier_capacity
RMREV006134,RMPO023381,2024-10-01,2024-10-09,2024-10-13,production_issue
RMREV006135,RMPO023474,2024-10-01,2024-10-13,2024-10-31,raw_material_shortage
RMREV006136,RMPO023759,2024-10-01,2024-10-07,2024-10-08,raw_material_shortage
RMREV006137,RMPO024040,2024-10-01,2024-10-05,2024-10-06,raw_material_shortage
RMREV006138,RMPO024235,2024-10-01,2024-10-06,2024-10-07,lead_time_extension
RMREV006139,RMPO024236,2024-10-01,2024-10-09,2024-10-12,lead_time_extension
RMREV006140,RMPO024237,2024-10-01,2024-10-08,2024-10-10,lead_time_extension
RMREV006141,RMPO024239,2024-10-01,2024-10-07,2024-10-09,lead_time_extension
RMREV006142,RMPO024240,2024-10-01,2024-10-06,2024-10-07,lead_time_extension
RMREV006143,RMPO024241,2024-10-01,2024-10-07,2024-10-09,lead_time_extension
RMREV006144,RMPO024242,2024-10-01,2024-10-10,2024-10-12,lead_time_extension
RMREV006145,RMPO024328,2024-10-01,2024-10-04,2024-10-05,supplier_capacity
RMREV006146,RMPO024421,2024-10-01,2024-10-09,2024-10-10,production_issue
RMREV006147,RMPO022386,2024-10-02,2024-10-08,2024-10-15,carrier_delay
RMREV006148,RMPO022930,2024-10-02,2024-10-12,2024-10-16,raw_material_shortage
RMREV006149,RMPO023152,2024-10-02,2024-10-13,2024-10-24,supplier_capacity
RMREV006150,RMPO024148,2024-10-02,2024-10-03,2024-10-04,production_issue
RMREV006151,RMPO022624,2024-10-03,2024-10-14,2024-10-27,raw_material_shortage
RMREV006152,RMPO023301,2024-10-03,2024-10-07,2024-10-11,supplier_capacity
RMREV006153,RMPO023305,2024-10-03,2024-10-05,2024-10-07,supplier_capacity
RMREV006154,RMPO023477,2024-10-03,2024-10-04,2024-10-08,carrier_delay
RMREV006155,RMPO023490,2024-10-03,2024-10-12,2024-10-18,production_issue
RMREV006156,RMPO023493,2024-10-03,2024-10-06,2024-10-08,supplier_capacity
RMREV006157,RMPO024148,2024-10-03,2024-10-04,2024-10-05,production_issue
RMREV006158,RMPO024239,2024-10-03,2024-10-09,2024-10-10,lead_time_extension
RMREV006159,RMPO024297,2024-10-03,2024-10-13,2024-10-14,supplier_capacity
RMREV006160,RMPO022332,2024-10-04,2024-10-06,2024-10-10,production_issue
RMREV006161,RMPO022538,2024-10-04,2024-10-07,2024-10-09,supplier_capacity
RMREV006162,RMPO022725,2024-10-04,2024-10-11,2024-10-14,production_issue
RMREV006163,RMPO022759,2024-10-04,2024-10-12,2024-10-19,production_issue
RMREV006164,RMPO023088,2024-10-04,2024-10-09,2024-10-13,raw_material_shortage
RMREV006165,RMPO023419,2024-10-04,2024-10-04,2024-10-05,production_issue
RMREV006166,RMPO023580,2024-10-04,2024-10-08,2024-10-15,carrier_delay
RMREV006167,RMPO023979,2024-10-04,2024-10-04,2024-10-06,lead_time_extension
RMREV006168,RMPO024120,2024-10-04,2024-10-06,2024-10-07,carrier_delay
RMREV006169,RMPO024235,2024-10-04,2024-10-07,2024-10-08,lead_time_extension
RMREV006170,RMPO024240,2024-10-04,2024-10-07,2024-10-08,lead_time_extension
RMREV006171,RMPO024328,2024-10-04,2024-10-05,2024-10-06,supplier_capacity
RMREV006172,RMPO022200,2024-10-05,2024-10-04,2024-10-08,carrier_delay
RMREV006173,RMPO022446,2024-10-05,2024-10-05,2024-10-07,carrier_delay
RMREV006174,RMPO022589,2024-10-05,2024-10-09,2024-10-15,production_issue
RMREV006175,RMPO022589,2024-10-05,2024-10-15,2024-10-11,expedite
RMREV006176,RMPO022723,2024-10-05,2024-10-08,2024-10-09,production_issue
RMREV006177,RMPO022771,2024-10-05,2024-10-12,2024-10-16,carrier_delay
RMREV006178,RMPO022883,2024-10-05,2024-10-19,2024-10-26,supplier_capacity
RMREV006179,RMPO023218,2024-10-05,2024-10-11,2024-10-19,expedite_missed
RMREV006180,RMPO023356,2024-10-05,2024-10-04,2024-10-06,supplier_capacity
RMREV006181,RMPO023577,2024-10-05,2024-10-06,2024-10-07,raw_material_shortage
RMREV006182,RMPO023604,2024-10-05,2024-10-08,2024-10-10,supplier_capacity
RMREV006183,RMPO023643,2024-10-05,2024-10-05,2024-10-07,production_issue
RMREV006184,RMPO023779,2024-10-05,2024-10-16,2024-10-19,carrier_delay
RMREV006185,RMPO023864,2024-10-05,2024-10-14,2024-10-21,supplier_capacity
RMREV006186,RMPO024092,2024-10-05,2024-10-13,2024-10-15,carrier_delay
RMREV006187,RMPO024120,2024-10-05,2024-10-07,2024-10-08,carrier_delay
RMREV006188,RMPO024238,2024-10-05,2024-10-09,2024-10-10,lead_time_extension
RMREV006189,RMPO024241,2024-10-05,2024-10-09,2024-10-10,lead_time_extension
RMREV006190,RMPO022717,2024-10-06,2024-10-10,2024-10-20,raw_material_shortage
RMREV006191,RMPO022882,2024-10-06,2024-10-13,2024-10-29,raw_material_shortage
RMREV006192,RMPO022882,2024-10-06,2024-10-29,2024-10-22,expedite
RMREV006193,RMPO023182,2024-10-06,2024-10-14,2024-10-21,supplier_capacity
RMREV006194,RMPO023580,2024-10-06,2024-10-15,2024-10-21,carrier_delay
RMREV006195,RMPO023868,2024-10-06,2024-10-14,2024-10-17,supplier_capacity
RMREV006196,RMPO023938,2024-10-06,2024-10-16,2024-10-19,production_issue
RMREV006197,RMPO024221,2024-10-06,2024-10-17,2024-10-22,supplier_capacity
RMREV006198,RMPO024466,2024-10-06,2024-10-18,2024-10-20,production_issue
RMREV006199,RMPO022124,2024-10-07,2024-10-08,2024-10-16,raw_material_shortage
RMREV006200,RMPO022386,2024-10-07,2024-10-15,2024-10-21,carrier_delay
RMREV006201,RMPO022716,2024-10-07,2024-10-08,2024-10-17,supplier_capacity
RMREV006202,RMPO023202,2024-10-07,2024-10-10,2024-10-16,raw_material_shortage
RMREV006203,RMPO023357,2024-10-07,2024-10-10,2024-10-12,carrier_delay
RMREV006204,RMPO023477,2024-10-07,2024-10-08,2024-10-11,carrier_delay
RMREV006205,RMPO023868,2024-10-07,2024-10-17,2024-10-19,supplier_capacity
RMREV006206,RMPO024238,2024-10-07,2024-10-10,2024-10-11,lead_time_extension
RMREV006207,RMPO024242,2024-10-07,2024-10-12,2024-10-14,lead_time_extension
RMREV006208,RMPO022201,2024-10-08,2024-10-04,2024-10-10,expedite_missed
RMREV006209,RMPO023378,2024-10-08,2024-10-15,2024-10-16,raw_material_shortage
RMREV006210,RMPO023605,2024-10-08,2024-10-09,2024-10-11,supplier_capacity
RMREV006211,RMPO023759,2024-10-08,2024-10-08,2024-10-09,raw_material_shortage
RMREV006212,RMPO023817,2024-10-08,2024-10-06,2024-10-09,production_issue
RMREV006213,RMPO024092,2024-10-08,2024-10-15,2024-10-17,carrier_delay
RMREV006214,RMPO024524,2024-10-08,2024-10-15,2024-10-17,lead_time_extension
RMREV006215,RMPO024527,2024-10-08,2024-10-14,2024-10-16,lead_time_extension
RMREV006216,RMPO024529,2024-10-08,2024-10-13,2024-10-14,lead_time_extension
RMREV006217,RMPO024617,2024-10-08,2024-10-11,2024-10-12,carrier_delay
RMREV006218,RMPO024618,2024-10-08,2024-10-12,2024-10-13,raw_material_shortage
RMREV006219,RMPO024759,2024-10-08,2024-10-16,2024-10-18,supplier_capacity
RMREV006220,RMPO023153,2024-10-09,2024-10-18,2024-10-25,carrier_delay
RMREV006221,RMPO023377,2024-10-09,2024-10-15,2024-10-30,production_issue
RMREV006222,RMPO023604,2024-10-09,2024-10-10,2024-10-11,supplier_capacity
RMREV006223,RMPO023937,2024-10-09,2024-10-17,2024-10-18,expedite_missed
RMREV006224,RMPO023938,2024-10-09,2024-10-19,2024-10-22,production_issue
RMREV006225,RMPO024200,2024-10-09,2024-10-12,2024-10-16,carrier_delay
RMREV006226,RMPO024525,2024-10-09,2024-10-13,2024-10-14,lead_time_extension
RMREV006227,RMPO024721,2024-10-09,2024-10-16,2024-10-17,raw_material_shortage
RMREV006228,RMPO023132,2024-10-10,2024-10-17,2024-10-25,carrier_delay
RMREV006229,RMPO023605,2024-10-10,2024-10-11,2024-10-12,supplier_capacity
RMREV006230,RMPO023696,2024-10-10,2024-10-02,2024-10-13,expedite_missed
RMREV006231,RMPO023779,2024-10-10,2024-10-19,2024-10-21,carrier_delay
RMREV006232,RMPO023963,2024-10-10,2024-10-11,2024-10-13,carrier_delay
RMREV006233,RMPO023998,2024-10-10,2024-10-10,2024-10-16,carrier_delay
RMREV006234,RMPO024223,2024-10-10,2024-10-21,2024-10-24,production_issue
RMREV006235,RMPO024237,2024-10-10,2024-10-10,2024-10-11,lead_time_extension
RMREV006236,RMPO022861,2024-10-11,2024-10-17,2024-10-23,quality_hold_at_supplier
RMREV006237,RMPO022861,2024-10-11,2024-10-23,2024-10-19,expedite
RMREV006238,RMPO022979,2024-10-11,2024-10-17,2024-10-18,production_issue
RMREV006239,RMPO023220,2024-10-11,2024-10-09,2024-10-13,carrier_delay
RMREV006240,RMPO023271,2024-10-11,2024-10-21,2024-10-24,carrier_delay
RMREV006241,RMPO023334,2024-10-11,2024-10-21,2024-10-28,carrier_delay
RMREV006242,RMPO023378,2024-10-11,2024-10-16,2024-10-17,raw_material_shortage
RMREV006243,RMPO023861,2024-10-11,2024-10-14,2024-10-20,supplier_capacity
RMREV006244,RMPO023963,2024-10-11,2024-10-13,2024-10-14,carrier_delay
RMREV006245,RMPO023964,2024-10-11,2024-10-14,2024-10-16,carrier_delay
RMREV006246,RMPO024616,2024-10-11,2024-10-12,2024-10-13,raw_material_shortage
RMREV006247,RMPO022626,2024-10-12,2024-10-13,2024-10-20,carrier_delay
RMREV006248,RMPO022899,2024-10-12,2024-10-12,2024-10-17,raw_material_shortage
RMREV006249,RMPO023088,2024-10-12,2024-10-13,2024-10-16,raw_material_shortage
RMREV006250,RMPO023782,2024-10-12,2024-10-16,2024-10-31,production_issue
RMREV006251,RMPO023928,2024-10-12,2024-10-18,2024-11-01,production_issue
RMREV006252,RMPO023928,2024-10-12,2024-11-01,2024-10-26,expedite
RMREV006253,RMPO024524,2024-10-12,2024-10-17,2024-10-18,lead_time_extension
RMREV006254,RMPO024592,2024-10-12,2024-10-18,2024-10-20,production_issue
RMREV006255,RMPO024598,2024-10-12,2024-10-13,2024-10-15,production_issue
RMREV006256,RMPO022589,2024-10-13,2024-10-11,2024-10-20,expedite_missed
RMREV006257,RMPO023381,2024-10-13,2024-10-13,2024-10-16,production_issue
RMREV006258,RMPO023889,2024-10-13,2024-10-14,2024-10-17,raw_material_shortage
RMREV006259,RMPO024221,2024-10-13,2024-10-22,2024-10-26,supplier_capacity
RMREV006260,RMPO024525,2024-10-13,2024-10-14,2024-10-15,lead_time_extension
RMREV006261,RMPO024527,2024-10-13,2024-10-16,2024-10-17,lead_time_extension
RMREV006262,RMPO024528,2024-10-13,2024-10-20,2024-10-23,lead_time_extension
RMREV006263,RMPO024529,2024-10-13,2024-10-14,2024-10-15,lead_time_extension
RMREV006264,RMPO022625,2024-10-14,2024-10-15,2024-10-22,raw_material_shortage
RMREV006265,RMPO023132,2024-10-14,2024-10-25,2024-10-31,carrier_delay
RMREV006266,RMPO023889,2024-10-14,2024-10-17,2024-10-19,raw_material_shortage
RMREV006267,RMPO023918,2024-10-14,2024-10-26,2024-10-31,raw_material_shortage
RMREV006268,RMPO024593,2024-10-14,2024-10-20,2024-10-21,raw_material_shortage
RMREV006269,RMPO024598,2024-10-14,2024-10-15,2024-10-16,production_issue
RMREV006270,RMPO024681,2024-10-14,2024-10-22,2024-10-23,supplier_capacity
RMREV006271,RMPO024713,2024-10-14,2024-10-19,2024-10-21,supplier_capacity
RMREV006272,RMPO022978,2024-10-15,2024-10-19,2024-10-20,raw_material_shortage
RMREV006273,RMPO023861,2024-10-15,2024-10-20,2024-10-24,supplier_capacity
RMREV006274,RMPO024224,2024-10-15,2024-10-19,2024-10-22,raw_material_shortage
RMREV006275,RMPO024430,2024-10-15,2024-10-22,2024-10-24,carrier_delay
RMREV006276,RMPO024526,2024-10-15,2024-10-21,2024-10-23,lead_time_extension
RMREV006277,RMPO024825,2024-10-15,2024-10-20,2024-10-21,lead_time_extension
RMREV006278,RMPO024911,2024-10-15,2024-10-25,2024-10-28,carrier_delay
RMREV006279,RMPO024912,2024-10-15,2024-10-19,2024-10-21,production_issue
RMREV006280,RMPO025030,2024-10-15,2024-10-23,2024-10-25,carrier_delay
RMREV006281,RMPO022124,2024-10-16,2024-10-16,2024-10-23,raw_material_shortage
RMREV006282,RMPO022320,2024-10-16,2024-10-20,2024-10-21,expedite_missed
RMREV006283,RMPO022626,2024-10-16,2024-10-20,2024-10-26,carrier_delay
RMREV006284,RMPO022979,2024-10-16,2024-10-18,2024-10-19,production_issue
RMREV006285,RMPO023271,2024-10-16,2024-10-24,2024-10-27,carrier_delay
RMREV006286,RMPO023610,2024-10-16,2024-10-19,2024-10-26,production_issue
RMREV006287,RMPO023964,2024-10-16,2024-10-16,2024-10-17,carrier_delay
RMREV006288,RMPO024487,2024-10-16,2024-10-24,2024-10-31,carrier_delay
RMREV006289,RMPO024487,2024-10-16,2024-10-31,2024-10-26,expedite
RMREV006290,RMPO024556,2024-10-16,2024-10-18,2024-10-20,supplier_capacity
RMREV006291,RMPO024792,2024-10-16,2024-10-23,2024-10-26,carrier_delay
RMREV006292,RMPO024908,2024-10-16,2024-10-22,2024-10-25,production_issue
RMREV006293,RMPO025030,2024-10-16,2024-10-25,2024-10-27,carrier_delay
RMREV006294,RMPO023153,2024-10-17,2024-10-25,2024-10-31,carrier_delay
RMREV006295,RMPO023918,2024-10-17,2024-10-31,2024-11-04,raw_material_shortage
RMREV006296,RMPO024261,2024-10-17,2024-10-26,2024-10-27,production_issue
RMREV006297,RMPO024403,2024-10-17,2024-10-26,2024-10-27,supplier_capacity
RMREV006298,RMPO024508,2024-10-17,2024-10-24,2024-10-25,carrier_delay
RMREV006299,RMPO024757,2024-10-17,2024-10-18,2024-10-19,carrier_delay
RMREV006300,RMPO024759,2024-10-17,2024-10-18,2024-10-19,supplier_capacity
RMREV006301,RMPO024825,2024-10-17,2024-10-21,2024-10-22,lead_time_extension
RMREV006302,RMPO022716,2024-10-18,2024-10-17,2024-10-25,supplier_capacity
RMREV006303,RMPO023092,2024-10-18,2024-10-17,2024-10-24,production_issue
RMREV006304,RMPO023242,2024-10-18,2024-10-23,2024-11-03,supplier_capacity
RMREV006305,RMPO023243,2024-10-18,2024-10-21,2024-10-31,production_issue
RMREV006306,RMPO023526,2024-10-18,2024-10-29,2024-11-02,supplier_capacity
RMREV006307,RMPO024223,2024-10-18,2024-10-24,2024-10-26,production_issue
RMREV006308,RMPO024224,2024-10-18,2024-10-22,2024-10-24,raw_material_shortage
RMREV006309,RMPO024363,2024-10-18,2024-10-21,2024-10-22,supplier_capacity
RMREV006310,RMPO024466,2024-10-18,2024-10-20,2024-10-21,production_issue
RMREV006311,RMPO024592,2024-10-18,2024-10-20,2024-10-21,production_issue
RMREV006312,RMPO024824,2024-10-18,2024-10-20,2024-10-21,lead_time_extension
RMREV006313,RMPO024906,2024-10-18,2024-10-30,2024-11-02,supplier_capacity
RMREV006314,RMPO025002,2024-10-18,2024-10-27,2024-10-30,carrier_delay
RMREV006315,RMPO025045,2024-10-18,2024-10-27,2024-10-28,raw_material_shortage
RMREV006316,RMPO023532,2024-10-19,2024-10-29,2024-11-07,supplier_capacity
RMREV006317,RMPO024526,2024-10-19,2024-10-23,2024-10-24,lead_time_extension
RMREV006318,RMPO024713,2024-10-19,2024-10-21,2024-10-23,supplier_capacity
RMREV006319,RMPO024757,2024-10-19,2024-10-19,2024-10-20,carrier_delay
RMREV006320,RMPO023020,2024-10-20,2024-10-24,2024-10-31,raw_material_shortage
RMREV006321,RMPO023482,2024-10-20,2024-10-21,2024-10-27,raw_material_shortage
RMREV006322,RMPO023490,2024-10-20,2024-10-18,2024-10-22,production_issue
RMREV006323,RMPO024137,2024-10-20,2024-10-24,2024-10-28,supplier_capacity
RMREV006324,RMPO024403,2024-10-20,2024-10-27,2024-10-28,supplier_capacity
RMREV006325,RMPO024593,2024-10-20,2024-10-21,2024-10-22,raw_material_shortage
RMREV006326,RMPO024780,2024-10-20,2024-10-27,2024-10-31,supplier_capacity
RMREV006327,RMPO024781,2024-10-20,2024-10-25,2024-10-27,raw_material_shortage
RMREV006328,RMPO024792,2024-10-20,2024-10-26,2024-10-28,carrier_delay
RMREV006329,RMPO024824,2024-10-20,2024-10-21,2024-10-22,lead_time_extension
RMREV006330,RMPO024911,2024-10-20,2024-10-28,2024-10-30,carrier_delay
RMREV006331,RMPO022961,2024-10-21,2024-10-26,2024-11-07,production_issue
RMREV006332,RMPO023020,2024-10-21,2024-10-31,2024-11-06,raw_material_shortage
RMREV006333,RMPO023475,2024-10-21,2024-10-19,2024-10-26,supplier_capacity
RMREV006334,RMPO023533,2024-10-21,2024-10-30,2024-11-09,production_issue
RMREV006335,RMPO024643,2024-10-21,2024-10-30,2024-11-03,raw_material_shortage
RMREV006336,RMPO024643,2024-10-21,2024-11-03,2024-10-27,expedite
RMREV006337,RMPO024781,2024-10-21,2024-10-27,2024-10-28,raw_material_shortage
RMREV006338,RMPO024912,2024-10-21,2024-10-21,2024-10-23,production_issue
RMREV006339,RMPO022861,2024-10-22,2024-10-19,2024-10-28,expedite_missed
RMREV006340,RMPO023585,2024-10-22,2024-11-01,2024-11-09,supplier_capacity
RMREV006341,RMPO024136,2024-10-22,2024-10-23,2024-10-27,supplier_capacity
RMREV006342,RMPO024324,2024-10-22,2024-10-29,2024-10-30,raw_material_shortage
RMREV006343,RMPO024363,2024-10-22,2024-10-22,2024-10-23,supplier_capacity
RMREV006344,RMPO024406,2024-10-22,2024-10-26,2024-10-27,supplier_capacity
RMREV006345,RMPO024407,2024-10-22,2024-10-30,2024-10-31,supplier_capacity
RMREV006346,RMPO024430,2024-10-22,2024-10-24,2024-10-26,carrier_delay
RMREV006347,RMPO024508,2024-10-22,2024-10-25,2024-10-26,carrier_delay
RMREV006348,RMPO024643,2024-10-22,2024-10-27,2024-10-31,expedite_missed
RMREV006349,RMPO024779,2024-10-22,2024-10-25,2024-10-27,raw_material_shortage
RMREV006350,RMPO025105,2024-10-22,2024-10-29,2024-10-31,lead_time_extension
RMREV006351,RMPO025106,2024-10-22,2024-10-29,2024-10-30,lead_time_extension
RMREV006352,RMPO025107,2024-10-22,2024-10-27,2024-10-29,lead_time_extension
RMREV006353,RMPO025108,2024-10-22,2024-10-30,2024-11-01,lead_time_extension
RMREV006354,RMPO025273,2024-10-22,2024-11-01,2024-11-04,raw_material_shortage
RMREV006355,RMPO022625,2024-10-23,2024-10-22,2024-10-27,raw_material_shortage
RMREV006356,RMPO023183,2024-10-23,2024-10-28,2024-10-30,supplier_capacity
RMREV006357,RMPO023429,2024-10-23,2024-10-24,2024-10-30,raw_material_shortage
RMREV006358,RMPO023864,2024-10-23,2024-10-21,2024-10-26,supplier_capacity
RMREV006359,RMPO024152,2024-10-23,2024-11-04,2024-11-11,production_issue
RMREV006360,RMPO024305,2024-10-23,2024-10-24,2024-10-30,supplier_capacity
RMREV006361,RMPO024306,2024-10-23,2024-10-24,2024-11-02,supplier_capacity
RMREV006362,RMPO024396,2024-10-23,2024-10-30,2024-11-06,supplier_capacity
RMREV006363,RMPO024398,2024-10-23,2024-10-26,2024-11-02,supplier_capacity
RMREV006364,RMPO024987,2024-10-23,2024-10-29,2024-10-31,production_issue
RMREV006365,RMPO025002,2024-10-23,2024-10-30,2024-11-01,carrier_delay
RMREV006366,RMPO025064,2024-10-23,2024-10-29,2024-11-02,production_issue
RMREV006367,RMPO025064,2024-10-23,2024-11-02,2024-10-27,expedite
RMREV006368,RMPO025264,2024-10-23,2024-11-02,2024-11-04,carrier_delay
RMREV006369,RMPO023019,2024-10-24,2024-10-28,2024-11-03,carrier_delay
RMREV006370,RMPO023255,2024-10-24,2024-10-30,2024-11-06,carrier_delay
RMREV006371,RMPO024024,2024-10-24,2024-11-04,2024-11-17,supplier_capacity
RMREV006372,RMPO024137,2024-10-24,2024-10-28,2024-10-31,supplier_capacity
RMREV006373,RMPO024277,2024-10-24,2024-10-31,2024-11-04,carrier_delay
RMREV006374,RMPO024407,2024-10-24,2024-10-31,2024-11-01,supplier_capacity
RMREV006375,RMPO024955,2024-10-24,2024-10-27,2024-10-28,supplier_capacity
RMREV006376,RMPO022942,2024-10-25,2024-10-26,2024-12-01,carrier_delay
RMREV006377,RMPO023102,2024-10-25,2024-10-29,2024-11-10,peak_season_capacity
RMREV006378,RMPO023102,2024-10-25,2024-11-10,2024-11-06,expedite
RMREV006379,RMPO023182,2024-10-25,2024-10-21,2024-10-26,supplier_capacity
RMREV006380,RMPO023214,2024-10-25,2024-11-02,2024-11-08,peak_season_capacity
RMREV006381,RMPO023214,2024-10-25,2024-11-08,2024-10-31,expedite
RMREV006382,RMPO023435,2024-10-25,2024-11-03,2024-11-13,production_issue
RMREV006383,RMPO023482,2024-10-25,2024-10-27,2024-10-31,raw_material_shortage
RMREV006384,RMPO023854,2024-10-25,2024-11-05,2024-11-17,carrier_delay
RMREV006385,RMPO024063,2024-10-25,2024-10-26,2024-10-30,supplier_capacity
RMREV006386,RMPO024136,2024-10-25,2024-10-27,2024-10-30,supplier_capacity
RMREV006387,RMPO024567,2024-10-25,2024-10-29,2024-11-01,production_issue
RMREV006388,RMPO025100,2024-10-25,2024-11-02,2024-11-05,carrier_delay
RMREV006389,RMPO025108,2024-10-25,2024-11-01,2024-11-03,lead_time_extension
RMREV006390,RMPO022717,2024-10-26,2024-10-20,2024-10-28,raw_material_shortage
RMREV006391,RMPO023255,2024-10-26,2024-11-06,2024-11-12,carrier_delay
RMREV006392,RMPO023256,2024-10-26,2024-10-28,2024-11-04,raw_material_shortage
RMREV006393,RMPO023484,2024-10-26,2024-11-04,2024-11-06,supplier_capacity
RMREV006394,RMPO023507,2024-10-26,2024-11-07,2024-11-11,peak_season_capacity
RMREV006395,RMPO023539,2024-10-26,2024-10-28,2024-11-05,supplier_capacity
RMREV006396,RMPO023539,2024-10-26,2024-11-05,2024-10-31,expedite
RMREV006397,RMPO023549,2024-10-26,2024-11-04,2024-11-12,carrier_delay
RMREV006398,RMPO023928,2024-10-26,2024-10-26,2024-10-28,expedite_missed
RMREV006399,RMPO024694,2024-10-26,2024-10-31,2024-11-02,supplier_capacity
RMREV006400,RMPO025105,2024-10-26,2024-10-31,2024-11-02,lead_time_extension
RMREV006401,RMPO025106,2024-10-26,2024-10-30,2024-10-31,lead_time_extension
RMREV006402,RMPO025187,2024-10-26,2024-11-06,2024-11-08,supplier_capacity
RMREV006403,RMPO025241,2024-10-26,2024-11-05,2024-11-09,supplier_capacity
RMREV006404,RMPO023506,2024-10-27,2024-11-07,2024-11-22,peak_season_capacity
RMREV006405,RMPO023719,2024-10-27,2024-10-31,2024-11-07,carrier_delay
RMREV006406,RMPO024409,2024-10-27,2024-10-29,2024-11-06,supplier_capacity
RMREV006407,RMPO024509,2024-10-27,2024-10-30,2024-10-31,carrier_delay
RMREV006408,RMPO024566,2024-10-27,2024-10-30,2024-11-02,raw_material_shortage
RMREV006409,RMPO024694,2024-10-27,2024-11-02,2024-11-04,supplier_capacity
RMREV006410,RMPO024874,2024-10-27,2024-11-07,2024-11-11,raw_material_shortage
RMREV006411,RMPO024874,2024-10-27,2024-11-11,2024-11-06,expedite
RMREV006412,RMPO024987,2024-10-27,2024-10-31,2024-11-02,production_issue
RMREV006413,RMPO025068,2024-10-27,2024-11-01,2024-11-03,supplier_capacity
RMREV006414,RMPO025273,2024-10-27,2024-11-04,2024-11-06,raw_material_shortage
RMREV006415,RMPO023215,2024-10-28,2024-11-04,2024-11-14,peak_season_capacity
RMREV006416,RMPO023429,2024-10-28,2024-10-30,2024-11-04,raw_material_shortage
RMREV006417,RMPO023838,2024-10-28,2024-10-31,2024-11-03,raw_material_shortage
RMREV006418,RMPO023969,2024-10-28,2024-11-07,2024-11-09,carrier_delay
RMREV006419,RMPO024400,2024-10-28,2024-10-30,2024-11-06,supplier_capacity
RMREV006420,RMPO024706,2024-10-28,2024-11-06,2024-11-11,supplier_capacity
RMREV006421,RMPO024874,2024-10-28,2024-11-06,2024-11-09,expedite_missed
RMREV006422,RMPO024988,2024-10-28,2024-10-29,2024-10-31,raw_material_shortage
RMREV006423,RMPO024989,2024-10-28,2024-10-29,2024-11-07,supplier_capacity
RMREV006424,RMPO025100,2024-10-28,2024-11-05,2024-11-07,carrier_delay
RMREV006425,RMPO025274,2024-10-28,2024-10-31,2024-11-03,supplier_capacity
RMREV006426,RMPO023400,2024-10-29,2024-11-09,2024-11-16,peak_season_capacity
RMREV006427,RMPO023400,2024-10-29,2024-11-16,2024-11-12,expedite
RMREV006428,RMPO023527,2024-10-29,2024-11-02,2024-11-06,raw_material_shortage
RMREV006429,RMPO023527,2024-10-29,2024-11-06,2024-11-01,expedite
RMREV006430,RMPO023533,2024-10-29,2024-11-09,2024-11-17,production_issue
RMREV006431,RMPO023550,2024-10-29,2024-11-09,2024-11-17,raw_material_shortage
RMREV006432,RMPO023958,2024-10-29,2024-11-05,2024-11-12,supplier_capacity
RMREV006433,RMPO024062,2024-10-29,2024-10-30,2024-11-03,supplier_capacity
RMREV006434,RMPO024152,2024-10-29,2024-11-11,2024-11-17,production_issue
RMREV006435,RMPO024566,2024-10-29,2024-11-02,2024-11-04,raw_material_shortage
RMREV006436,RMPO024875,2024-10-29,2024-11-06,2024-11-10,supplier_capacity
RMREV006437,RMPO025068,2024-10-29,2024-11-03,2024-11-05,supplier_capacity
RMREV006438,RMPO025109,2024-10-29,2024-10-30,2024-11-01,lead_time_extension
RMREV006439,RMPO025241,2024-10-29,2024-11-09,2024-11-12,supplier_capacity
RMREV006440,RMPO025386,2024-10-29,2024-11-03,2024-11-04,lead_time_extension
RMREV006441,RMPO025409,2024-10-29,2024-11-04,2024-11-07,carrier_delay
RMREV006442,RMPO025440,2024-10-29,2024-11-08,2024-11-09,carrier_delay
RMREV006443,RMPO023183,2024-10-30,2024-10-30,2024-11-01,supplier_capacity
RMREV006444,RMPO023213,2024-10-30,2024-11-01,2024-11-08,peak_season_capacity
RMREV006445,RMPO023243,2024-10-30,2024-10-31,2024-11-09,production_issue
RMREV006446,RMPO023243,2024-10-30,2024-11-09,2024-11-03,expedite
RMREV006447,RMPO023527,2024-10-30,2024-11-01,2024-11-04,expedite_missed
RMREV006448,RMPO024062,2024-10-30,2024-11-03,2024-11-06,supplier_capacity
RMREV006449,RMPO024141,2024-10-30,2024-11-02,2024-11-16,raw_material_shortage
RMREV006450,RMPO024277,2024-10-30,2024-11-04,2024-11-07,carrier_delay
RMREV006451,RMPO024305,2024-10-30,2024-10-30,2024-11-04,supplier_capacity
RMREV006452,RMPO024305,2024-10-30,2024-11-04,2024-11-01,expedite
RMREV006453,RMPO024487,2024-10-30,2024-10-26,2024-11-05,expedite_missed
RMREV006454,RMPO024864,2024-10-30,2024-11-10,2024-11-13,raw_material_shortage
RMREV006455,RMPO024935,2024-10-30,2024-10-31,2024-11-02,raw_material_shortage
RMREV006456,RMPO025134,2024-10-30,2024-11-01,2024-11-02,carrier_delay
RMREV006457,RMPO022882,2024-10-31,2024-10-22,2024-11-10,expedite_missed
RMREV006458,RMPO023216,2024-10-31,2024-11-03,2024-11-07,peak_season_capacity
RMREV006459,RMPO023217,2024-10-31,2024-11-02,2024-11-10,peak_season_capacity
RMREV006460,RMPO023585,2024-10-31,2024-11-09,2024-11-15,supplier_capacity
RMREV006461,RMPO023594,2024-10-31,2024-11-07,2024-11-10,carrier_delay
RMREV006462,RMPO023838,2024-10-31,2024-11-03,2024-11-06,raw_material_shortage
RMREV006463,RMPO024304,2024-10-31,2024-11-02,2024-11-06,production_issue
RMREV006464,RMPO024509,2024-10-31,2024-10-31,2024-11-01,carrier_delay
RMREV006465,RMPO024567,2024-10-31,2024-11-01,2024-11-03,production_issue
RMREV006466,RMPO024695,2024-10-31,2024-11-02,2024-11-06,production_issue
RMREV006467,RMPO024704,2024-10-31,2024-11-04,2024-11-09,supplier_capacity
RMREV006468,RMPO024979,2024-10-31,2024-11-12,2024-11-13,supplier_capacity
RMREV006469,RMPO025064,2024-10-31,2024-10-27,2024-11-05,expedite_missed
RMREV006470,RMPO025109,2024-10-31,2024-11-01,2024-11-02,lead_time_extension
RMREV006471,RMPO025385,2024-10-31,2024-11-05,2024-11-07,lead_time_extension
RMREV006472,RMPO025386,2024-10-31,2024-11-04,2024-11-05,lead_time_extension
RMREV006473,RMPO022624,2024-11-01,2024-10-27,2024-11-07,raw_material_shortage
RMREV006474,RMPO023019,2024-11-01,2024-11-03,2024-11-07,carrier_delay
RMREV006475,RMPO023216,2024-11-01,2024-11-07,2024-11-10,peak_season_capacity
RMREV006476,RMPO023484,2024-11-01,2024-11-06,2024-11-08,supplier_capacity
RMREV006477,RMPO023854,2024-11-01,2024-11-17,2024-11-26,carrier_delay
RMREV006478,RMPO024063,2024-11-01,2024-10-30,2024-11-02,supplier_capacity
RMREV006479,RMPO024247,2024-11-01,2024-11-11,2024-11-15,carrier_delay
RMREV006480,RMPO024398,2024-11-01,2024-11-02,2024-11-07,supplier_capacity
RMREV006481,RMPO024464,2024-11-01,2024-11-13,2024-11-14,carrier_delay
RMREV006482,RMPO024708,2024-11-01,2024-11-02,2024-11-05,supplier_capacity
RMREV006483,RMPO024726,2024-11-01,2024-11-13,2024-11-16,raw_material_shortage
RMREV006484,RMPO024862,2024-11-01,2024-11-04,2024-11-07,production_issue
RMREV006485,RMPO024906,2024-11-01,2024-11-02,2024-11-05,supplier_capacity
RMREV006486,RMPO024935,2024-11-01,2024-11-02,2024-11-03,raw_material_shortage
RMREV006487,RMPO024988,2024-11-01,2024-10-31,2024-11-02,raw_material_shortage
RMREV006488,RMPO024990,2024-11-01,2024-11-03,2024-11-08,raw_material_shortage
RMREV006489,RMPO025134,2024-11-01,2024-11-02,2024-11-03,carrier_delay
RMREV006490,RMPO025185,2024-11-01,2024-11-07,2024-11-08,raw_material_shortage
RMREV006491,RMPO025351,2024-11-01,2024-11-04,2024-11-11,production_issue
RMREV006492,RMPO025351,2024-11-01,2024-11-11,2024-11-08,expedite
RMREV006493,RMPO025384,2024-11-01,2024-11-06,2024-11-08,lead_time_extension
RMREV006494,RMPO025430,2024-11-01,2024-11-07,2024-11-08,supplier_capacity
RMREV006495,RMPO023242,2024-11-02,2024-11-03,2024-11-12,supplier_capacity
RMREV006496,RMPO023548,2024-11-02,2024-11-06,2024-11-15,carrier_delay
RMREV006497,RMPO024400,2024-11-02,2024-11-06,2024-11-12,supplier_capacity
RMREV006498,RMPO024563,2024-11-02,2024-11-07,2024-11-08,supplier_capacity
RMREV006499,RMPO024983,2024-11-02,2024-11-14,2024-11-21,supplier_capacity
RMREV006500,RMPO025351,2024-11-02,2024-11-08,2024-11-16,expedite_missed
RMREV006501,RMPO022961,2024-11-03,2024-11-07,2024-11-17,production_issue
RMREV006502,RMPO023400,2024-11-03,2024-11-12,2024-11-22,expedite_missed
RMREV006503,RMPO023435,2024-11-03,2024-11-13,2024-11-22,production_issue
RMREV006504,RMPO023488,2024-11-03,2024-11-04,2024-11-11,supplier_capacity
RMREV006505,RMPO023526,2024-11-03,2024-11-02,2024-11-05,supplier_capacity
RMREV006506,RMPO023753,2024-11-03,2024-11-06,2024-11-15,production_issue
RMREV006507,RMPO024304,2024-11-03,2024-11-06,2024-11-09,production_issue
RMREV006508,RMPO024396,2024-11-03,2024-11-06,2024-11-12,supplier_capacity
RMREV006509,RMPO024396,2024-11-03,2024-11-12,2024-11-06,expedite
RMREV006510,RMPO024708,2024-11-03,2024-11-05,2024-11-07,supplier_capacity
RMREV006511,RMPO024875,2024-11-03,2024-11-10,2024-11-13,supplier_capacity
RMREV006512,RMPO025111,2024-11-03,2024-11-06,2024-11-09,production_issue
RMREV006513,RMPO025329,2024-11-03,2024-11-05,2024-11-06,raw_material_shortage
RMREV006514,RMPO025385,2024-11-03,2024-11-07,2024-11-08,lead_time_extension
RMREV006515,RMPO023256,2024-11-04,2024-11-04,2024-11-09,raw_material_shortage
RMREV006516,RMPO023538,2024-11-04,2024-11-07,2024-11-08,carrier_delay
RMREV006517,RMPO023550,2024-11-04,2024-11-17,2024-11-24,raw_material_shortage
RMREV006518,RMPO023959,2024-11-04,2024-11-05,2024-11-15,supplier_capacity
RMREV006519,RMPO023959,2024-11-04,2024-11-15,2024-11-09,expedite
RMREV006520,RMPO024704,2024-11-04,2024-11-09,2024-11-13,supplier_capacity
RMREV006521,RMPO024850,2024-11-04,2024-11-06,2024-11-16,raw_material_shortage
RMREV006522,RMPO024850,2024-11-04,2024-11-16,2024-11-08,expedite
RMREV006523,RMPO024863,2024-11-04,2024-11-05,2024-11-10,production_issue
RMREV006524,RMPO025274,2024-11-04,2024-11-03,2024-11-05,supplier_capacity
RMREV006525,RMPO025384,2024-11-04,2024-11-08,2024-11-09,lead_time_extension
RMREV006526,RMPO025388,2024-11-04,2024-11-06,2024-11-08,lead_time_extension
RMREV006527,RMPO023213,2024-11-05,2024-11-08,2024-11-13,peak_season_capacity
RMREV006528,RMPO023402,2024-11-05,2024-11-10,2024-11-29,peak_season_capacity
RMREV006529,RMPO023402,2024-11-05,2024-11-29,2024-11-21,expedite
RMREV006530,RMPO023790,2024-11-05,2024-11-13,2024-11-26,peak_season_capacity
RMREV006531,RMPO023949,2024-11-05,2024-11-14,2024-11-20,raw_material_shortage
RMREV006532,RMPO024074,2024-11-05,2024-11-13,2024-11-17,carrier_delay
RMREV006533,RMPO024864,2024-11-05,2024-11-13,2024-11-16,raw_material_shortage
RMREV006534,RMPO024882,2024-11-05,2024-11-17,2024-11-19,raw_material_shortage
RMREV006535,RMPO025329,2024-11-05,2024-11-06,2024-11-07,raw_material_shortage
RMREV006536,RMPO025381,2024-11-05,2024-11-09,2024-11-11,supplier_capacity
RMREV006537,RMPO025387,2024-11-05,2024-11-08,2024-11-09,lead_time_extension
RMREV006538,RMPO025658,2024-11-05,2024-11-12,2024-11-13,lead_time_extension
RMREV006539,RMPO025659,2024-11-05,2024-11-10,2024-11-11,lead_time_extension
RMREV006540,RMPO025660,2024-11-05,2024-11-11,2024-11-12,lead_time_extension
RMREV006541,RMPO025662,2024-11-05,2024-11-10,2024-11-11,lead_time_extension
RMREV006542,RMPO025687,2024-11-05,2024-11-15,2024-11-19,peak_season_capacity
RMREV006543,RMPO025747,2024-11-05,2024-11-08,2024-11-09,supplier_capacity
RMREV006544,RMPO025829,2024-11-05,2024-11-13,2024-11-15,production_issue
RMREV006545,RMPO025869,2024-11-05,2024-11-13,2024-11-14,supplier_capacity
RMREV006546,RMPO023488,2024-11-06,2024-11-11,2024-11-17,supplier_capacity
RMREV006547,RMPO023507,2024-11-06,2024-11-11,2024-11-14,peak_season_capacity
RMREV006548,RMPO023538,2024-11-06,2024-11-08,2024-11-09,carrier_delay
RMREV006549,RMPO023548,2024-11-06,2024-11-15,2024-11-22,carrier_delay
RMREV006550,RMPO023594,2024-11-06,2024-11-10,2024-11-13,carrier_delay
RMREV006551,RMPO023719,2024-11-06,2024-11-07,2024-11-12,carrier_delay
RMREV006552,RMPO024460,2024-11-06,2024-11-13,2024-11-14,production_issue
RMREV006553,RMPO024563,2024-11-06,2024-11-08,2024-11-09,supplier_capacity
RMREV006554,RMPO024862,2024-11-06,2024-11-07,2024-11-09,production_issue
RMREV006555,RMPO024882,2024-11-06,2024-11-19,2024-11-20,raw_material_shortage
RMREV006556,RMPO025111,2024-11-06,2024-11-09,2024-11-12,production_issue
RMREV006557,RMPO025387,2024-11-06,2024-11-09,2024-11-10,lead_time_extension
RMREV006558,RMPO023377,2024-11-07,2024-10-30,2024-11-11,production_issue
RMREV006559,RMPO023539,2024-11-07,2024-10-31,2024-11-12,expedite_missed
RMREV006560,RMPO023791,2024-11-07,2024-11-18,2024-11-24,peak_season_capacity
RMREV006561,RMPO024073,2024-11-07,2024-11-12,2024-11-19,production_issue
RMREV006562,RMPO024564,2024-11-07,2024-11-08,2024-11-09,supplier_capacity
RMREV006563,RMPO024990,2024-11-07,2024-11-08,2024-11-12,raw_material_shortage
RMREV006564,RMPO025381,2024-11-07,2024-11-11,2024-11-12,supplier_capacity
RMREV006565,RMPO025388,2024-11-07,2024-11-08,2024-11-10,lead_time_extension
RMREV006566,RMPO025659,2024-11-07,2024-11-11,2024-11-12,lead_time_extension
RMREV006567,RMPO025660,2024-11-07,2024-11-12,2024-11-13,lead_time_extension
RMREV006568,RMPO025747,2024-11-07,2024-11-09,2024-11-10,supplier_capacity
RMREV006569,RMPO025869,2024-11-07,2024-11-14,2024-11-15,supplier_capacity
RMREV006570,RMPO022428,2024-11-08,2024-10-12,2024-11-05,peak_season_capacity
RMREV006571,RMPO023214,2024-11-08,2024-10-31,2024-11-13,expedite_missed
RMREV006572,RMPO023506,2024-11-08,2024-11-22,2024-12-05,peak_season_capacity
RMREV006573,RMPO023506,2024-11-08,2024-12-05,2024-12-01,expedite
RMREV006574,RMPO023508,2024-11-08,2024-11-09,2024-11-17,peak_season_capacity
RMREV006575,RMPO023774,2024-11-08,2024-11-16,2024-11-23,supplier_capacity
RMREV006576,RMPO023943,2024-11-08,2024-11-17,2024-11-24,production_issue
RMREV006577,RMPO023969,2024-11-08,2024-11-09,2024-11-11,carrier_delay
RMREV006578,RMPO024537,2024-11-08,2024-11-17,2024-11-23,carrier_delay
RMREV006579,RMPO024884,2024-11-08,2024-11-16,2024-11-22,supplier_capacity
RMREV006580,RMPO024885,2024-11-08,2024-11-19,2024-11-25,raw_material_shortage
RMREV006581,RMPO025187,2024-11-08,2024-11-08,2024-11-09,supplier_capacity
RMREV006582,RMPO025409,2024-11-08,2024-11-07,2024-11-10,carrier_delay
RMREV006583,RMPO025655,2024-11-08,2024-11-16,2024-11-20,carrier_delay
RMREV006584,RMPO025661,2024-11-08,2024-11-12,2024-11-14,lead_time_extension
RMREV006585,RMPO022429,2024-11-09,2024-10-14,2024-11-07,peak_season_capacity
RMREV006586,RMPO023402,2024-11-09,2024-11-21,2024-11-22,expedite_missed
RMREV006587,RMPO023509,2024-11-09,2024-11-11,2024-11-19,peak_season_capacity
RMREV006588,RMPO023532,2024-11-09,2024-11-07,2024-11-15,supplier_capacity
RMREV006589,RMPO023537,2024-11-09,2024-11-10,2024-11-11,supplier_capacity
RMREV006590,RMPO023705,2024-11-09,2024-11-10,2024-11-13,raw_material_shortage
RMREV006591,RMPO024330,2024-11-09,2024-11-19,2024-11-23,production_issue
RMREV006592,RMPO024366,2024-11-09,2024-11-19,2024-11-21,carrier_delay
RMREV006593,RMPO024463,2024-11-09,2024-11-12,2024-11-14,raw_material_shortage
RMREV006594,RMPO024564,2024-11-09,2024-11-09,2024-11-10,supplier_capacity
RMREV006595,RMPO024663,2024-11-09,2024-11-11,2024-11-14,production_issue
RMREV006596,RMPO024786,2024-11-09,2024-11-17,2024-11-21,production_issue
RMREV006597,RMPO024886,2024-11-09,2024-11-13,2024-11-19,raw_material_shortage
RMREV006598,RMPO025149,2024-11-09,2024-11-12,2024-11-15,raw_material_shortage
RMREV006599,RMPO025254,2024-11-09,2024-11-19,2024-11-21,supplier_capacity
RMREV006600,RMPO025257,2024-11-09,2024-11-20,2024-11-25,supplier_capacity
RMREV006601,RMPO025658,2024-11-09,2024-11-13,2024-11-14,lead_time_extension
RMREV006602,RMPO025662,2024-11-09,2024-11-11,2024-11-12,lead_time_extension
RMREV006603,RMPO025801,2024-11-09,2024-11-19,2024-11-20,production_issue
RMREV006604,RMPO025868,2024-11-09,2024-11-13,2024-11-14,supplier_capacity
RMREV006605,RMPO023920,2024-11-10,2024-11-12,2024-11-21,production_issue
RMREV006606,RMPO023920,2024-11-10,2024-11-21,2024-11-15,expedite
RMREV006607,RMPO024024,2024-11-10,2024-11-17,2024-11-27,supplier_capacity
RMREV006608,RMPO024141,2024-11-10,2024-11-16,2024-11-28,raw_material_shortage
RMREV006609,RMPO024247,2024-11-10,2024-11-15,2024-11-18,carrier_delay
RMREV006610,RMPO024537,2024-11-10,2024-11-23,2024-11-27,carrier_delay
RMREV006611,RMPO024631,2024-11-10,2024-11-13,2024-11-17,carrier_delay
RMREV006612,RMPO024663,2024-11-10,2024-11-14,2024-11-17,production_issue
RMREV006613,RMPO025583,2024-11-10,2024-11-22,2024-11-26,production_issue
RMREV006614,RMPO025661,2024-11-10,2024-11-14,2024-11-15,lead_time_extension
RMREV006615,RMPO025687,2024-11-10,2024-11-19,2024-11-22,peak_season_capacity
RMREV006616,RMPO025892,2024-11-10,2024-11-13,2024-11-21,quality_hold_at_supplier
RMREV006617,RMPO025892,2024-11-10,2024-11-21,2024-11-14,expedite
RMREV006618,RMPO023537,2024-11-11,2024-11-11,2024-11-12,supplier_capacity
RMREV006619,RMPO023549,2024-11-11,2024-11-12,2024-11-19,carrier_delay
RMREV006620,RMPO023922,2024-11-11,2024-11-14,2024-11-18,peak_season_capacity
RMREV006621,RMPO024026,2024-11-11,2024-11-18,2024-11-26,production_issue
RMREV006622,RMPO024058,2024-11-11,2024-11-23,2024-11-29,peak_season_capacity
RMREV006623,RMPO024975,2024-11-11,2024-11-17,2024-11-18,raw_material_shortage
RMREV006624,RMPO024976,2024-11-11,2024-11-13,2024-11-14,supplier_capacity
RMREV006625,RMPO023705,2024-11-12,2024-11-13,2024-11-15,raw_material_shortage
RMREV006626,RMPO023788,2024-11-12,2024-11-14,2024-11-24,peak_season_capacity
RMREV006627,RMPO023788,2024-11-12,2024-11-24,2024-11-20,expedite
RMREV006628,RMPO024516,2024-11-12,2024-11-21,2024-11-24,carrier_delay
RMREV006629,RMPO024517,2024-11-12,2024-11-24,2024-11-27,supplier_capacity
RMREV006630,RMPO024850,2024-11-12,2024-11-08,2024-11-24,expedite_missed
RMREV006631,RMPO024885,2024-11-12,2024-11-25,2024-11-30,raw_material_shortage
RMREV006632,RMPO025657,2024-11-12,2024-11-13,2024-11-14,lead_time_extension
RMREV006633,RMPO025829,2024-11-12,2024-11-15,2024-11-16,production_issue
RMREV006634,RMPO025892,2024-11-12,2024-11-14,2024-11-27,expedite_missed
RMREV006635,RMPO025936,2024-11-12,2024-11-17,2024-11-19,lead_time_extension
RMREV006636,RMPO025937,2024-11-12,2024-11-22,2024-11-24,lead_time_extension
RMREV006637,RMPO025938,2024-11-12,2024-11-19,2024-11-20,lead_time_extension
RMREV006638,RMPO023932,2024-11-13,2024-11-21,2024-11-25,peak_season_capacity
RMREV006639,RMPO024058,2024-11-13,2024-11-29,2024-12-03,peak_season_capacity
RMREV006640,RMPO024132,2024-11-13,2024-11-21,2024-11-28,production_issue
RMREV006641,RMPO024608,2024-11-13,2024-11-17,2024-11-18,raw_material_shortage
RMREV006642,RMPO024766,2024-11-13,2024-11-20,2024-11-27,production_issue
RMREV006643,RMPO025149,2024-11-13,2024-11-15,2024-11-17,raw_material_shortage
RMREV006644,RMPO025252,2024-11-13,2024-11-16,2024-11-18,supplier_capacity
RMREV006645,RMPO025657,2024-11-13,2024-11-14,2024-11-15,lead_time_extension
RMREV006646,RMPO025868,2024-11-13,2024-11-14,2024-11-15,supplier_capacity
RMREV006647,RMPO023753,2024-11-14,2024-11-15,2024-11-23,production_issue
RMREV006648,RMPO023935,2024-11-14,2024-11-21,2024-11-24,peak_season_capacity
RMREV006649,RMPO024229,2024-11-14,2024-11-21,2024-11-22,raw_material_shortage
RMREV006650,RMPO024344,2024-11-14,2024-11-15,2024-11-17,carrier_delay
RMREV006651,RMPO024388,2024-11-14,2024-11-25,2024-11-26,production_issue
RMREV006652,RMPO024463,2024-11-14,2024-11-14,2024-11-16,raw_material_shortage
RMREV006653,RMPO024516,2024-11-14,2024-11-24,2024-11-26,carrier_delay
RMREV006654,RMPO024886,2024-11-14,2024-11-19,2024-11-23,raw_material_shortage
RMREV006655,RMPO025305,2024-11-14,2024-11-25,2024-12-04,carrier_delay
RMREV006656,RMPO025769,2024-11-14,2024-11-24,2024-11-26,carrier_delay
RMREV006657,RMPO025939,2024-11-14,2024-11-17,2024-11-18,lead_time_extension
RMREV006658,RMPO022428,2024-11-15,2024-11-05,2024-11-24,peak_season_capacity
RMREV006659,RMPO023217,2024-11-15,2024-11-10,2024-11-16,peak_season_capacity
RMREV006660,RMPO023922,2024-11-15,2024-11-18,2024-11-22,peak_season_capacity
RMREV006661,RMPO024195,2024-11-15,2024-11-21,2024-11-27,peak_season_capacity
RMREV006662,RMPO024344,2024-11-15,2024-11-17,2024-11-18,carrier_delay
RMREV006663,RMPO024726,2024-11-15,2024-11-16,2024-11-19,raw_material_shortage
RMREV006664,RMPO025049,2024-11-15,2024-11-20,2024-11-25,carrier_delay
RMREV006665,RMPO025238,2024-11-15,2024-11-17,2024-11-24,carrier_delay
RMREV006666,RMPO025252,2024-11-15,2024-11-18,2024-11-19,supplier_capacity
RMREV006667,RMPO025370,2024-11-15,2024-11-20,2024-11-21,production_issue
RMREV006668,RMPO025505,2024-11-15,2024-11-21,2024-11-24,raw_material_shortage
RMREV006669,RMPO025506,2024-11-15,2024-11-23,2024-11-27,supplier_capacity
RMREV006670,RMPO025600,2024-11-15,2024-11-16,2024-11-21,raw_material_shortage
RMREV006671,RMPO025935,2024-11-15,2024-11-19,2024-11-20,lead_time_extension
RMREV006672,RMPO025938,2024-11-15,2024-11-20,2024-11-21,lead_time_extension
RMREV006673,RMPO023789,2024-11-16,2024-11-18,2024-11-26,peak_season_capacity
RMREV006674,RMPO023920,2024-11-16,2024-11-15,2024-11-29,expedite_missed
RMREV006675,RMPO024074,2024-11-16,2024-11-17,2024-11-20,carrier_delay
RMREV006676,RMPO024766,2024-11-16,2024-11-27,2024-12-03,production_issue
RMREV006677,RMPO024998,2024-11-16,2024-11-17,2024-11-21,raw_material_shortage
RMREV006678,RMPO025369,2024-11-16,2024-11-17,2024-11-18,supplier_capacity
RMREV006679,RMPO025769,2024-11-16,2024-11-26,2024-11-28,carrier_delay
RMREV006680,RMPO025937,2024-11-16,2024-11-24,2024-11-25,lead_time_extension
RMREV006681,RMPO022429,2024-11-17,2024-11-07,2024-11-26,peak_season_capacity
RMREV006682,RMPO023509,2024-11-17,2024-11-19,2024-11-26,peak_season_capacity
RMREV006683,RMPO023789,2024-11-17,2024-11-26,2024-12-03,peak_season_capacity
RMREV006684,RMPO024026,2024-11-17,2024-11-26,2024-12-02,production_issue
RMREV006685,RMPO024229,2024-11-17,2024-11-22,2024-11-23,raw_material_shortage
RMREV006686,RMPO024382,2024-11-17,2024-11-22,2024-11-26,carrier_delay
RMREV006687,RMPO024434,2024-11-17,2024-11-18,2024-11-24,carrier_delay
RMREV006688,RMPO024441,2024-11-17,2024-11-27,2024-11-30,carrier_delay
RMREV006689,RMPO024631,2024-11-17,2024-11-17,2024-11-20,carrier_delay
RMREV006690,RMPO025022,2024-11-17,2024-11-18,2024-11-24,supplier_capacity
RMREV006691,RMPO025422,2024-11-17,2024-11-22,2024-11-25,carrier_delay
RMREV006692,RMPO025600,2024-11-17,2024-11-21,2024-11-25,raw_material_shortage
RMREV006693,RMPO025935,2024-11-17,2024-11-20,2024-11-21,lead_time_extension
RMREV006694,RMPO025939,2024-11-17,2024-11-18,2024-11-19,lead_time_extension
RMREV006695,RMPO026008,2024-11-17,2024-11-23,2024-11-24,production_issue
RMREV006696,RMPO026095,2024-11-17,2024-11-28,2024-12-01,production_issue
RMREV006697,RMPO026129,2024-11-17,2024-11-21,2024-11-23,raw_material_shortage
RMREV006698,RMPO023932,2024-11-18,2024-11-25,2024-11-28,peak_season_capacity
RMREV006699,RMPO023935,2024-11-18,2024-11-24,2024-11-27,peak_season_capacity
RMREV006700,RMPO024208,2024-11-18,2024-11-23,2024-11-25,supplier_capacity
RMREV006701,RMPO024366,2024-11-18,2024-11-21,2024-11-23,carrier_delay
RMREV006702,RMPO024786,2024-11-18,2024-11-21,2024-11-25,production_issue
RMREV006703,RMPO025259,2024-11-18,2024-11-19,2024-11-22,supplier_capacity
RMREV006704,RMPO025582,2024-11-18,2024-11-27,2024-11-30,carrier_delay
RMREV006705,RMPO026007,2024-11-18,2024-11-22,2024-11-24,supplier_capacity
RMREV006706,RMPO023788,2024-11-19,2024-11-20,2024-11-23,expedite_missed
RMREV006707,RMPO024133,2024-11-19,2024-11-21,2024-11-24,production_issue
RMREV006708,RMPO024331,2024-11-19,2024-11-21,2024-11-25,raw_material_shortage
RMREV006709,RMPO024387,2024-11-19,2024-11-24,2024-11-25,production_issue
RMREV006710,RMPO024647,2024-11-19,2024-11-30,2024-12-03,carrier_delay
RMREV006711,RMPO024688,2024-11-19,2024-12-01,2024-12-11,supplier_capacity
RMREV006712,RMPO024833,2024-11-19,2024-11-24,2024-12-01,raw_material_shortage
RMREV006713,RMPO025043,2024-11-19,2024-11-27,2024-12-03,quality_hold_at_supplier
RMREV006714,RMPO025043,2024-11-19,2024-12-03,2024-11-25,expedite
RMREV006715,RMPO025118,2024-11-19,2024-12-01,2024-12-02,carrier_delay
RMREV006716,RMPO025538,2024-11-19,2024-11-26,2024-12-03,supplier_capacity
RMREV006717,RMPO025644,2024-11-19,2024-11-24,2024-11-26,supplier_capacity
RMREV006718,RMPO025664,2024-11-19,2024-11-26,2024-11-30,carrier_delay
RMREV006719,RMPO025929,2024-11-19,2024-11-26,2024-11-27,supplier_capacity
RMREV006720,RMPO026197,2024-11-19,2024-11-26,2024-11-28,lead_time_extension
RMREV006721,RMPO026199,2024-11-19,2024-11-25,2024-11-26,lead_time_extension
RMREV006722,RMPO026201,2024-11-19,2024-11-26,2024-11-28,lead_time_extension
RMREV006723,RMPO026205,2024-11-19,2024-11-24,2024-11-25,lead_time_extension
RMREV006724,RMPO026206,2024-11-19,2024-11-25,2024-11-26,lead_time_extension
RMREV006725,RMPO026231,2024-11-19,2024-11-25,2024-11-26,peak_season_capacity
RMREV006726,RMPO026250,2024-11-19,2024-11-28,2024-12-02,carrier_delay
RMREV006727,RMPO026282,2024-11-19,2024-11-29,2024-11-30,carrier_delay
RMREV006728,RMPO026350,2024-11-19,2024-11-30,2024-12-04,raw_material_shortage
RMREV006729,RMPO023944,2024-11-20,2024-11-21,2024-11-25,raw_material_shortage
RMREV006730,RMPO024538,2024-11-20,2024-11-22,2024-11-28,production_issue
RMREV006731,RMPO024686,2024-11-20,2024-11-30,2024-12-08,production_issue
RMREV006732,RMPO024998,2024-11-20,2024-11-21,2024-11-25,raw_material_shortage
RMREV006733,RMPO025238,2024-11-20,2024-11-24,2024-11-30,carrier_delay
RMREV006734,RMPO025312,2024-11-20,2024-11-25,2024-11-26,raw_material_shortage
RMREV006735,RMPO025644,2024-11-20,2024-11-26,2024-11-27,supplier_capacity
RMREV006736,RMPO026007,2024-11-20,2024-11-24,2024-11-25,supplier_capacity
RMREV006737,RMPO026203,2024-11-20,2024-11-24,2024-11-25,lead_time_extension
RMREV006738,RMPO026378,2024-11-20,2024-12-02,2024-12-08,production_issue
RMREV006739,RMPO023949,2024-11-21,2024-11-20,2024-11-25,raw_material_shortage
RMREV006740,RMPO024764,2024-11-21,2024-11-26,2024-11-27,production_issue
RMREV006741,RMPO024834,2024-11-21,2024-11-25,2024-12-02,raw_material_shortage
RMREV006742,RMPO025254,2024-11-21,2024-11-21,2024-11-22,supplier_capacity
RMREV006743,RMPO025312,2024-11-21,2024-11-26,2024-11-27,raw_material_shortage
RMREV006744,RMPO025505,2024-11-21,2024-11-24,2024-11-27,raw_material_shortage
RMREV006745,RMPO025535,2024-11-21,2024-11-25,2024-11-27,supplier_capacity
RMREV006746,RMPO026071,2024-11-21,2024-11-30,2024-12-01,production_issue
RMREV006747,RMPO026198,2024-11-21,2024-11-24,2024-11-25,lead_time_extension
RMREV006748,RMPO024208,2024-11-22,2024-11-25,2024-11-27,supplier_capacity
RMREV006749,RMPO024393,2024-11-22,2024-12-01,2024-12-05,raw_material_shortage
RMREV006750,RMPO024523,2024-11-22,2024-12-01,2024-12-05,raw_material_shortage
RMREV006751,RMPO024742,2024-11-22,2024-11-29,2024-12-03,supplier_capacity
RMREV006752,RMPO024819,2024-11-22,2024-11-28,2024-12-06,supplier_capacity
RMREV006753,RMPO024926,2024-11-22,2024-12-04,2024-12-08,carrier_delay
RMREV006754,RMPO025043,2024-11-22,2024-11-25,2024-12-08,expedite_missed
RMREV006755,RMPO025207,2024-11-22,2024-11-30,2024-12-04,carrier_delay
RMREV006756,RMPO025506,2024-11-22,2024-11-27,2024-11-30,supplier_capacity
RMREV006757,RMPO025533,2024-11-22,2024-11-23,2024-11-25,supplier_capacity
RMREV006758,RMPO025535,2024-11-22,2024-11-27,2024-11-28,supplier_capacity
RMREV006759,RMPO025815,2024-11-22,2024-12-04,2024-12-17,supplier_capacity
RMREV006760,RMPO026072,2024-11-22,2024-11-24,2024-11-25,raw_material_shortage
RMREV006761,RMPO026129,2024-11-22,2024-11-23,2024-11-25,raw_material_shortage
RMREV006762,RMPO026198,2024-11-22,2024-11-25,2024-11-26,lead_time_extension
RMREV006763,RMPO026202,2024-11-22,2024-11-25,2024-11-27,lead_time_extension
RMREV006764,RMPO026205,2024-11-22,2024-11-25,2024-11-26,lead_time_extension
RMREV006765,RMPO026326,2024-11-22,2024-12-03,2024-12-05,supplier_capacity
RMREV006766,RMPO023508,2024-11-23,2024-11-17,2024-11-24,peak_season_capacity
RMREV006767,RMPO024059,2024-11-23,2024-11-21,2024-12-02,peak_season_capacity
RMREV006768,RMPO024059,2024-11-23,2024-12-02,2024-11-28,expedite
RMREV006769,RMPO024321,2024-11-23,2024-11-28,2024-12-10,peak_season_capacity
RMREV006770,RMPO024393,2024-11-23,2024-12-05,2024-12-08,raw_material_shortage
RMREV006771,RMPO024517,2024-11-23,2024-11-27,2024-11-29,supplier_capacity
RMREV006772,RMPO024646,2024-11-23,2024-12-04,2024-12-08,carrier_delay
RMREV006773,RMPO024648,2024-11-23,2024-11-30,2024-12-03,production_issue
RMREV006774,RMPO024665,2024-11-23,2024-11-25,2024-11-28,supplier_capacity
RMREV006775,RMPO024686,2024-11-23,2024-12-08,2024-12-15,production_issue
RMREV006776,RMPO025504,2024-11-23,2024-11-24,2024-11-28,carrier_delay
RMREV006777,RMPO025532,2024-11-23,2024-11-30,2024-12-02,supplier_capacity
RMREV006778,RMPO025534,2024-11-23,2024-11-28,2024-11-30,supplier_capacity
RMREV006779,RMPO025536,2024-11-23,2024-11-27,2024-12-10,supplier_capacity
RMREV006780,RMPO025537,2024-11-23,2024-11-29,2024-12-11,supplier_capacity
RMREV006781,RMPO025537,2024-11-23,2024-12-11,2024-12-07,expedite
RMREV006782,RMPO025583,2024-11-23,2024-11-26,2024-11-29,production_issue
RMREV006783,RMPO026200,2024-11-23,2024-11-27,2024-11-29,lead_time_extension
RMREV006784,RMPO026269,2024-11-23,2024-11-29,2024-12-01,production_issue
RMREV006785,RMPO024195,2024-11-24,2024-11-27,2024-12-02,peak_season_capacity
RMREV006786,RMPO024319,2024-11-24,2024-11-28,2024-12-12,peak_season_capacity
RMREV006787,RMPO024330,2024-11-24,2024-11-23,2024-11-27,production_issue
RMREV006788,RMPO024331,2024-11-24,2024-11-25,2024-11-29,raw_material_shortage
RMREV006789,RMPO024382,2024-11-24,2024-11-26,2024-11-30,carrier_delay
RMREV006790,RMPO024665,2024-11-24,2024-11-28,2024-12-01,supplier_capacity
RMREV006791,RMPO024764,2024-11-24,2024-11-27,2024-11-28,production_issue
RMREV006792,RMPO024927,2024-11-24,2024-11-29,2024-12-02,raw_material_shortage
RMREV006793,RMPO025022,2024-11-24,2024-11-24,2024-11-28,supplier_capacity
RMREV006794,RMPO025207,2024-11-24,2024-12-04,2024-12-08,carrier_delay
RMREV006795,RMPO025210,2024-11-24,2024-11-27,2024-12-03,raw_material_shortage
RMREV006796,RMPO025533,2024-11-24,2024-11-25,2024-11-26,supplier_capacity
RMREV006797,RMPO025534,2024-11-24,2024-11-30,2024-12-01,supplier_capacity
RMREV006798,RMPO025576,2024-11-24,2024-12-02,2024-12-04,raw_material_shortage
RMREV006799,RMPO025782,2024-11-24,2024-11-26,2024-11-27,production_issue
RMREV006800,RMPO026008,2024-11-24,2024-11-24,2024-11-25,production_issue
RMREV006801,RMPO026200,2024-11-24,2024-11-29,2024-12-01,lead_time_extension
RMREV006802,RMPO026202,2024-11-24,2024-11-27,2024-11-28,lead_time_extension
RMREV006803,RMPO026203,2024-11-24,2024-11-25,2024-11-26,lead_time_extension
RMREV006804,RMPO026206,2024-11-24,2024-11-26,2024-11-27,lead_time_extension
RMREV006805,RMPO026250,2024-11-24,2024-12-02,2024-12-05,carrier_delay
RMREV006806,RMPO026398,2024-11-24,2024-11-27,2024-11-29,supplier_capacity
RMREV006807,RMPO023944,2024-11-25,2024-11-25,2024-11-28,raw_material_shortage
RMREV006808,RMPO024059,2024-11-25,2024-11-28,2024-12-11,expedite_missed
RMREV006809,RMPO024434,2024-11-25,2024-11-24,2024-11-28,carrier_delay
RMREV006810,RMPO024650,2024-11-25,2024-12-04,2024-12-12,raw_material_shortage
RMREV006811,RMPO024650,2024-11-25,2024-12-12,2024-12-09,expedite
RMREV006812,RMPO024931,2024-11-25,2024-12-02,2024-12-12,raw_material_shortage
RMREV006813,RMPO024965,2024-11-25,2024-11-29,2024-12-16,production_issue
RMREV006814,RMPO025008,2024-11-25,2024-12-02,2024-12-05,production_issue
RMREV006815,RMPO025497,2024-11-25,2024-12-06,2024-12-09,production_issue
RMREV006816,RMPO025498,2024-11-25,2024-12-02,2024-12-05,production_issue
RMREV006817,RMPO025531,2024-11-25,2024-11-30,2024-12-02,supplier_capacity
RMREV006818,RMPO025645,2024-11-25,2024-11-27,2024-11-29,carrier_delay
RMREV006819,RMPO025664,2024-11-25,2024-11-30,2024-12-03,carrier_delay
RMREV006820,RMPO025941,2024-11-25,2024-12-02,2024-12-03,carrier_delay
RMREV006821,RMPO026199,2024-11-25,2024-11-26,2024-11-27,lead_time_extension
RMREV006822,RMPO026201,2024-11-25,2024-11-28,2024-11-29,lead_time_extension
RMREV006823,RMPO026204,2024-11-25,2024-11-26,2024-11-27,lead_time_extension
RMREV006824,RMPO026359,2024-11-25,2024-11-28,2024-11-30,production_issue
RMREV006825,RMPO026426,2024-11-25,2024-12-02,2024-12-13,production_issue
RMREV006826,RMPO026426,2024-11-25,2024-12-13,2024-12-05,expedite
RMREV006827,RMPO024320,2024-11-26,2024-11-27,2024-12-05,peak_season_capacity
RMREV006828,RMPO024763,2024-11-26,2024-11-29,2024-11-30,raw_material_shortage
RMREV006829,RMPO024823,2024-11-26,2024-12-05,2024-12-11,raw_material_shortage
RMREV006830,RMPO024884,2024-11-26,2024-11-22,2024-11-27,supplier_capacity
RMREV006831,RMPO024927,2024-11-26,2024-12-02,2024-12-05,raw_material_shortage
RMREV006832,RMPO024947,2024-11-26,2024-12-04,2024-12-11,raw_material_shortage
RMREV006833,RMPO025422,2024-11-26,2024-11-25,2024-11-27,carrier_delay
RMREV006834,RMPO025457,2024-11-26,2024-12-08,2024-12-15,production_issue
RMREV006835,RMPO025530,2024-11-26,2024-11-27,2024-11-29,supplier_capacity
RMREV006836,RMPO025816,2024-11-26,2024-12-03,2024-12-04,supplier_capacity
RMREV006837,RMPO025940,2024-11-26,2024-11-27,2024-11-28,supplier_capacity
RMREV006838,RMPO026111,2024-11-26,2024-12-03,2024-12-08,supplier_capacity
RMREV006839,RMPO026297,2024-11-26,2024-12-08,2024-12-11,production_issue
RMREV006840,RMPO026466,2024-11-26,2024-12-01,2024-12-02,lead_time_extension
RMREV006841,RMPO026489,2024-11-26,2024-12-02,2024-12-03,peak_season_capacity
RMREV006842,RMPO026609,2024-11-26,2024-12-07,2024-12-08,carrier_delay
RMREV006843,RMPO026658,2024-11-26,2024-12-04,2024-12-05,raw_material_shortage
RMREV006844,RMPO026662,2024-11-26,2024-12-01,2024-12-02,supplier_capacity
RMREV006845,RMPO023791,2024-11-27,2024-11-24,2024-11-28,peak_season_capacity
RMREV006846,RMPO024320,2024-11-27,2024-12-05,2024-12-11,peak_season_capacity
RMREV006847,RMPO024441,2024-11-27,2024-11-30,2024-12-02,carrier_delay
RMREV006848,RMPO024538,2024-11-27,2024-11-28,2024-12-03,production_issue
RMREV006849,RMPO024763,2024-11-27,2024-11-30,2024-12-01,raw_material_shortage
RMREV006850,RMPO025049,2024-11-27,2024-11-25,2024-11-29,carrier_delay
RMREV006851,RMPO025266,2024-11-27,2024-12-05,2024-12-11,production_issue
RMREV006852,RMPO025416,2024-11-27,2024-11-28,2024-12-04,supplier_capacity
RMREV006853,RMPO025537,2024-11-27,2024-12-07,2024-12-11,expedite_missed
RMREV006854,RMPO025645,2024-11-27,2024-11-29,2024-12-01,carrier_delay
RMREV006855,RMPO025815,2024-11-27,2024-12-17,2024-12-27,supplier_capacity
RMREV006856,RMPO025841,2024-11-27,2024-12-08,2024-12-09,carrier_delay
RMREV006857,RMPO025940,2024-11-27,2024-11-28,2024-11-29,supplier_capacity
RMREV006858,RMPO026066,2024-11-27,2024-12-08,2024-12-10,supplier_capacity
RMREV006859,RMPO026204,2024-11-27,2024-11-27,2024-11-28,lead_time_extension
RMREV006860,RMPO026371,2024-11-27,2024-12-01,2024-12-02,supplier_capacity
RMREV006861,RMPO026463,2024-11-27,2024-12-01,2024-12-03,lead_time_extension
RMREV006862,RMPO023774,2024-11-28,2024-11-23,2024-11-29,supplier_capacity
RMREV006863,RMPO024060,2024-11-28,2024-11-25,2024-12-04,peak_season_capacity
RMREV006864,RMPO024322,2024-11-28,2024-12-01,2024-12-10,peak_season_capacity
RMREV006865,RMPO024322,2024-11-28,2024-12-10,2024-12-04,expedite
RMREV006866,RMPO024649,2024-11-28,2024-12-02,2024-12-06,raw_material_shortage
RMREV006867,RMPO024650,2024-11-28,2024-12-09,2024-12-19,expedite_missed
RMREV006868,RMPO025097,2024-11-28,2024-12-05,2024-12-11,supplier_capacity
RMREV006869,RMPO025497,2024-11-28,2024-12-09,2024-12-11,production_issue
RMREV006870,RMPO025576,2024-11-28,2024-12-04,2024-12-06,raw_material_shortage
RMREV006871,RMPO025861,2024-11-28,2024-12-09,2024-12-20,supplier_capacity
RMREV006872,RMPO025941,2024-11-28,2024-12-03,2024-12-04,carrier_delay
RMREV006873,RMPO025990,2024-11-28,2024-12-04,2024-12-09,production_issue
RMREV006874,RMPO026023,2024-11-28,2024-12-03,2024-12-05,raw_material_shortage
RMREV006875,RMPO026095,2024-11-28,2024-12-01,2024-12-03,production_issue
RMREV006876,RMPO026197,2024-11-28,2024-11-28,2024-11-29,lead_time_extension
RMREV006877,RMPO026398,2024-11-28,2024-11-29,2024-12-01,supplier_capacity
RMREV006878,RMPO026463,2024-11-28,2024-12-03,2024-12-04,lead_time_extension
RMREV006879,RMPO026466,2024-11-28,2024-12-02,2024-12-03,lead_time_extension
RMREV006880,RMPO026524,2024-11-28,2024-12-06,2024-12-07,carrier_delay
RMREV006881,RMPO024649,2024-11-29,2024-12-06,2024-12-09,raw_material_shortage
RMREV006882,RMPO024819,2024-11-29,2024-12-06,2024-12-13,supplier_capacity
RMREV006883,RMPO024820,2024-11-29,2024-12-01,2024-12-10,production_issue
RMREV006884,RMPO024931,2024-11-29,2024-12-12,2024-12-20,raw_material_shortage
RMREV006885,RMPO025210,2024-11-29,2024-12-03,2024-12-08,raw_material_shortage
RMREV006886,RMPO025293,2024-11-29,2024-12-11,2024-12-13,supplier_capacity
RMREV006887,RMPO025530,2024-11-29,2024-11-29,2024-11-30,supplier_capacity
RMREV006888,RMPO025573,2024-11-29,2024-12-02,2024-12-06,carrier_delay
RMREV006889,RMPO025789,2024-11-29,2024-12-09,2024-12-14,raw_material_shortage
RMREV006890,RMPO026066,2024-11-29,2024-12-10,2024-12-12,supplier_capacity
RMREV006891,RMPO026067,2024-11-29,2024-12-05,2024-12-08,carrier_delay
RMREV006892,RMPO026240,2024-11-29,2024-12-10,2024-12-21,raw_material_shortage
RMREV006893,RMPO026240,2024-11-29,2024-12-21,2024-12-13,expedite
RMREV006894,RMPO026269,2024-11-29,2024-12-01,2024-12-02,production_issue
RMREV006895,RMPO026357,2024-11-29,2024-11-30,2024-12-01,carrier_delay
RMREV006896,RMPO026359,2024-11-29,2024-11-30,2024-12-01,production_issue
RMREV006897,RMPO026544,2024-11-29,2024-11-30,2024-12-01,production_issue
RMREV006898,RMPO024132,2024-11-30,2024-11-28,2024-12-03,production_issue
RMREV006899,RMPO024820,2024-11-30,2024-12-10,2024-12-17,production_issue
RMREV006900,RMPO024930,2024-11-30,2024-12-04,2024-12-14,production_issue
RMREV006901,RMPO025118,2024-11-30,2024-12-02,2024-12-03,carrier_delay
RMREV006902,RMPO025197,2024-11-30,2024-12-11,2024-12-25,carrier_delay
RMREV006903,RMPO025198,2024-11-30,2024-12-10,2024-12-16,carrier_delay
RMREV006904,RMPO025213,2024-11-30,2024-12-11,2024-12-16,carrier_delay
RMREV006905,RMPO025325,2024-11-30,2024-12-02,2024-12-18,production_issue
RMREV006906,RMPO025504,2024-11-30,2024-11-28,2024-12-01,carrier_delay
RMREV006907,RMPO025696,2024-11-30,2024-12-05,2024-12-09,carrier_delay
RMREV006908,RMPO026357,2024-11-30,2024-12-01,2024-12-02,carrier_delay
RMREV006909,RMPO026368,2024-11-30,2024-12-01,2024-12-02,raw_material_shortage
RMREV006910,RMPO026464,2024-11-30,2024-12-02,2024-12-04,lead_time_extension
RMREV006911,RMPO026465,2024-11-30,2024-12-04,2024-12-07,lead_time_extension
RMREV006912,RMPO024647,2024-12-01,2024-12-03,2024-12-06,carrier_delay
RMREV006913,RMPO024894,2024-12-01,2024-12-12,2024-12-20,peak_season_capacity
RMREV006914,RMPO025097,2024-12-01,2024-12-11,2024-12-15,supplier_capacity
RMREV006915,RMPO025243,2024-12-01,2024-12-13,2024-12-15,supplier_capacity
RMREV006916,RMPO025325,2024-12-01,2024-12-18,2024-12-31,production_issue
RMREV006917,RMPO025532,2024-12-01,2024-12-02,2024-12-03,supplier_capacity
RMREV006918,RMPO025964,2024-12-01,2024-12-07,2024-12-08,raw_material_shortage
RMREV006919,RMPO026023,2024-12-01,2024-12-05,2024-12-06,raw_material_shortage
RMREV006920,RMPO026083,2024-12-01,2024-12-11,2024-12-22,supplier_capacity
RMREV006921,RMPO026083,2024-12-01,2024-12-22,2024-12-17,expedite
RMREV006922,RMPO026368,2024-12-01,2024-12-02,2024-12-03,raw_material_shortage
RMREV006923,RMPO026426,2024-12-01,2024-12-05,2024-12-08,expedite_missed
RMREV006924,RMPO024742,2024-12-02,2024-12-03,2024-12-06,supplier_capacity
RMREV006925,RMPO024925,2024-12-02,2024-12-12,2024-12-19,supplier_capacity
RMREV006926,RMPO025376,2024-12-02,2024-12-12,2024-12-21,production_issue
RMREV006927,RMPO025531,2024-12-02,2024-12-02,2024-12-03,supplier_capacity
RMREV006928,RMPO025538,2024-12-02,2024-12-03,2024-12-08,supplier_capacity
RMREV006929,RMPO025797,2024-12-02,2024-12-03,2024-12-10,carrier_delay
RMREV006930,RMPO025820,2024-12-02,2024-12-04,2024-12-09,supplier_capacity
RMREV006931,RMPO026240,2024-12-02,2024-12-13,2024-12-22,expedite_missed
RMREV006932,RMPO026241,2024-12-02,2024-12-10,2024-12-21,production_issue
RMREV006933,RMPO026244,2024-12-02,2024-12-10,2024-12-13,supplier_capacity
RMREV006934,RMPO026311,2024-12-02,2024-12-11,2024-12-16,raw_material_shortage
RMREV006935,RMPO026464,2024-12-02,2024-12-04,2024-12-05,lead_time_extension
RMREV006936,RMPO026614,2024-12-02,2024-12-10,2024-12-12,carrier_delay
RMREV006937,RMPO023506,2024-12-03,2024-12-01,2024-12-04,expedite_missed
RMREV006938,RMPO024947,2024-12-03,2024-12-11,2024-12-17,raw_material_shortage
RMREV006939,RMPO025266,2024-12-03,2024-12-11,2024-12-15,production_issue
RMREV006940,RMPO025743,2024-12-03,2024-12-07,2024-12-19,carrier_delay
RMREV006941,RMPO025799,2024-12-03,2024-12-06,2024-12-08,production_issue
RMREV006942,RMPO025840,2024-12-03,2024-12-11,2024-12-12,carrier_delay
RMREV006943,RMPO025888,2024-12-03,2024-12-15,2024-12-16,carrier_delay
RMREV006944,RMPO026373,2024-12-03,2024-12-11,2024-12-12,production_issue
RMREV006945,RMPO026514,2024-12-03,2024-12-05,2024-12-06,supplier_capacity
RMREV006946,RMPO026609,2024-12-03,2024-12-08,2024-12-09,carrier_delay
RMREV006947,RMPO026738,2024-12-03,2024-12-08,2024-12-09,lead_time_extension
RMREV006948,RMPO026739,2024-12-03,2024-12-11,2024-12-13,lead_time_extension
RMREV006949,RMPO026771,2024-12-03,2024-12-09,2024-12-11,peak_season_capacity
RMREV006950,RMPO026772,2024-12-03,2024-12-09,2024-12-14,peak_season_capacity
RMREV006951,RMPO026821,2024-12-03,2024-12-08,2024-12-09,supplier_capacity
RMREV006952,RMPO024648,2024-12-04,2024-12-03,2024-12-06,production_issue
RMREV006953,RMPO025196,2024-12-04,2024-12-12,2024-12-26,production_issue
RMREV006954,RMPO025196,2024-12-04,2024-12-26,2024-12-23,expedite
RMREV006955,RMPO025292,2024-12-04,2024-12-10,2024-12-11,supplier_capacity
RMREV006956,RMPO025498,2024-12-04,2024-12-05,2024-12-07,production_issue
RMREV006957,RMPO026080,2024-12-04,2024-12-12,2024-12-14,supplier_capacity
RMREV006958,RMPO026088,2024-12-04,2024-12-10,2024-12-14,supplier_capacity
RMREV006959,RMPO026239,2024-12-04,2024-12-13,2024-12-15,carrier_delay
RMREV006960,RMPO026736,2024-12-04,2024-12-08,2024-12-09,lead_time_extension
RMREV006961,RMPO023790,2024-12-05,2024-11-26,2024-12-07,peak_season_capacity
RMREV006962,RMPO024602,2024-12-05,2024-12-07,2024-12-19,peak_season_capacity
RMREV006963,RMPO024646,2024-12-05,2024-12-08,2024-12-11,carrier_delay
RMREV006964,RMPO025396,2024-12-05,2024-12-13,2024-12-15,raw_material_shortage
RMREV006965,RMPO025502,2024-12-05,2024-12-12,2024-12-15,carrier_delay
RMREV006966,RMPO025799,2024-12-05,2024-12-08,2024-12-09,production_issue
RMREV006967,RMPO026081,2024-12-05,2024-12-11,2024-12-23,supplier_capacity
RMREV006968,RMPO026083,2024-12-05,2024-12-17,2024-12-22,expedite_missed
RMREV006969,RMPO026088,2024-12-05,2024-12-14,2024-12-17,supplier_capacity
RMREV006970,RMPO026736,2024-12-05,2024-12-09,2024-12-10,lead_time_extension
RMREV006971,RMPO026737,2024-12-05,2024-12-09,2024-12-10,lead_time_extension
RMREV006972,RMPO026771,2024-12-05,2024-12-11,2024-12-12,peak_season_capacity
RMREV006973,RMPO024523,2024-12-06,2024-12-05,2024-12-09,raw_material_shortage
RMREV006974,RMPO024603,2024-12-06,2024-12-11,2024-12-18,peak_season_capacity
RMREV006975,RMPO024823,2024-12-06,2024-12-11,2024-12-15,raw_material_shortage
RMREV006976,RMPO024896,2024-12-06,2024-12-14,2024-12-20,peak_season_capacity
RMREV006977,RMPO024926,2024-12-06,2024-12-08,2024-12-11,carrier_delay
RMREV006978,RMPO025008,2024-12-06,2024-12-05,2024-12-07,production_issue
RMREV006979,RMPO025203,2024-12-06,2024-12-13,2024-12-14,raw_material_shortage
RMREV006980,RMPO025226,2024-12-06,2024-12-16,2024-12-17,raw_material_shortage
RMREV006981,RMPO026082,2024-12-06,2024-12-10,2024-12-21,supplier_capacity
RMREV006982,RMPO026105,2024-12-06,2024-12-15,2024-12-17,production_issue
RMREV006983,RMPO026349,2024-12-06,2024-12-16,2024-12-19,supplier_capacity
RMREV006984,RMPO026524,2024-12-06,2024-12-07,2024-12-08,carrier_delay
RMREV006985,RMPO026525,2024-12-06,2024-12-07,2024-12-08,raw_material_shortage
RMREV006986,RMPO026570,2024-12-06,2024-12-15,2024-12-21,supplier_capacity
RMREV006987,RMPO026821,2024-12-06,2024-12-09,2024-12-10,supplier_capacity
RMREV006988,RMPO025177,2024-12-07,2024-12-19,2024-12-25,peak_season_capacity
RMREV006989,RMPO025200,2024-12-07,2024-12-11,2024-12-18,carrier_delay
RMREV006990,RMPO025301,2024-12-07,2024-12-13,2024-12-23,production_issue
RMREV006991,RMPO025396,2024-12-07,2024-12-15,2024-12-16,raw_material_shortage
RMREV006992,RMPO026085,2024-12-07,2024-12-11,2024-12-13,supplier_capacity
RMREV006993,RMPO026237,2024-12-07,2024-12-19,2024-12-20,raw_material_shortage
RMREV006994,RMPO026376,2024-12-07,2024-12-10,2024-12-11,carrier_delay
RMREV006995,RMPO026535,2024-12-07,2024-12-08,2024-12-12,supplier_capacity
RMREV006996,RMPO026614,2024-12-07,2024-12-12,2024-12-13,carrier_delay
RMREV006997,RMPO026615,2024-12-07,2024-12-09,2024-12-11,supplier_capacity
RMREV006998,RMPO026716,2024-12-07,2024-12-19,2024-12-20,raw_material_shortage
RMREV006999,RMPO024933,2024-12-08,2024-12-09,2024-12-13,carrier_delay
RMREV007000,RMPO025230,2024-12-08,2024-12-14,2024-12-21,production_issue
RMREV007001,RMPO025230,2024-12-08,2024-12-21,2024-12-18,expedite
RMREV007002,RMPO025480,2024-12-08,2024-12-18,2024-12-20,raw_material_shortage
RMREV007003,RMPO025481,2024-12-08,2024-12-13,2024-12-16,production_issue
RMREV007004,RMPO025573,2024-12-08,2024-12-06,2024-12-09,carrier_delay
RMREV007005,RMPO025597,2024-12-08,2024-12-14,2024-12-16,carrier_delay
RMREV007006,RMPO025797,2024-12-08,2024-12-10,2024-12-15,carrier_delay
RMREV007007,RMPO026297,2024-12-08,2024-12-11,2024-12-13,production_issue
RMREV007008,RMPO026525,2024-12-08,2024-12-08,2024-12-09,raw_material_shortage
RMREV007009,RMPO026535,2024-12-08,2024-12-12,2024-12-15,supplier_capacity
RMREV007010,RMPO026922,2024-12-08,2024-12-14,2024-12-15,supplier_capacity
RMREV007011,RMPO026969,2024-12-08,2024-12-13,2024-12-16,carrier_delay
RMREV007012,RMPO022942,2024-12-09,2024-12-01,2024-12-30,carrier_delay
RMREV007013,RMPO024601,2024-12-09,2024-12-07,2024-12-20,peak_season_capacity
RMREV007014,RMPO024893,2024-12-09,2024-12-12,2024-12-16,peak_season_capacity
RMREV007015,RMPO025195,2024-12-09,2024-12-10,2024-12-24,carrier_delay
RMREV007016,RMPO025199,2024-12-09,2024-12-10,2024-12-13,supplier_capacity
RMREV007017,RMPO025225,2024-12-09,2024-12-18,2024-12-19,raw_material_shortage
RMREV007018,RMPO025759,2024-12-09,2024-12-14,2024-12-16,supplier_capacity
RMREV007019,RMPO026364,2024-12-09,2024-12-15,2024-12-24,supplier_capacity
RMREV007020,RMPO026375,2024-12-09,2024-12-10,2024-12-11,production_issue
RMREV007021,RMPO026615,2024-12-09,2024-12-11,2024-12-12,supplier_capacity
RMREV007022,RMPO026735,2024-12-09,2024-12-10,2024-12-12,lead_time_extension
RMREV007023,RMPO026737,2024-12-09,2024-12-10,2024-12-11,lead_time_extension
RMREV007024,RMPO026738,2024-12-09,2024-12-09,2024-12-10,lead_time_extension
RMREV007025,RMPO026739,2024-12-09,2024-12-13,2024-12-15,lead_time_extension
RMREV007026,RMPO026757,2024-12-09,2024-12-15,2024-12-16,supplier_capacity
RMREV007027,RMPO026907,2024-12-09,2024-12-20,2024-12-22,production_issue
RMREV007028,RMPO024060,2024-12-10,2024-12-04,2024-12-12,peak_season_capacity
RMREV007029,RMPO024601,2024-12-10,2024-12-20,2024-12-30,peak_season_capacity
RMREV007030,RMPO025250,2024-12-10,2024-12-19,2024-12-30,production_issue
RMREV007031,RMPO025292,2024-12-10,2024-12-11,2024-12-12,supplier_capacity
RMREV007032,RMPO025502,2024-12-10,2024-12-15,2024-12-18,carrier_delay
RMREV007033,RMPO025696,2024-12-10,2024-12-09,2024-12-13,carrier_delay
RMREV007034,RMPO026237,2024-12-10,2024-12-20,2024-12-21,raw_material_shortage
RMREV007035,RMPO026251,2024-12-10,2024-12-12,2024-12-16,production_issue
RMREV007036,RMPO026375,2024-12-10,2024-12-11,2024-12-12,production_issue
RMREV007037,RMPO027014,2024-12-10,2024-12-16,2024-12-18,lead_time_extension
RMREV007038,RMPO027032,2024-12-10,2024-12-20,2024-12-26,peak_season_capacity
RMREV007039,RMPO027033,2024-12-10,2024-12-16,2024-12-17,carrier_delay
RMREV007040,RMPO027177,2024-12-10,2024-12-21,2024-12-23,raw_material_shortage
RMREV007041,RMPO024894,2024-12-11,2024-12-20,2024-12-26,peak_season_capacity
RMREV007042,RMPO024925,2024-12-11,2024-12-19,2024-12-24,supplier_capacity
RMREV007043,RMPO024933,2024-12-11,2024-12-13,2024-12-16,carrier_delay
RMREV007044,RMPO025178,2024-12-11,2024-12-23,2024-12-29,peak_season_capacity
RMREV007045,RMPO025199,2024-12-11,2024-12-13,2024-12-16,supplier_capacity
RMREV007046,RMPO025759,2024-12-11,2024-12-16,2024-12-18,supplier_capacity
RMREV007047,RMPO025789,2024-12-11,2024-12-14,2024-12-18,raw_material_shortage
RMREV007048,RMPO026080,2024-12-11,2024-12-14,2024-12-15,supplier_capacity
RMREV007049,RMPO026376,2024-12-11,2024-12-11,2024-12-12,carrier_delay
RMREV007050,RMPO026831,2024-12-11,2024-12-19,2024-12-22,production_issue
RMREV007051,RMPO026885,2024-12-11,2024-12-15,2024-12-21,supplier_capacity
RMREV007052,RMPO026975,2024-12-11,2024-12-19,2024-12-31,quality_hold_at_supplier
RMREV007053,RMPO026975,2024-12-11,2024-12-31,2024-12-25,expedite
RMREV007054,RMPO027010,2024-12-11,2024-12-15,2024-12-16,lead_time_extension
RMREV007055,RMPO025062,2024-12-12,2024-12-17,2024-12-25,peak_season_capacity
RMREV007056,RMPO025062,2024-12-12,2024-12-25,2024-12-22,expedite
RMREV007057,RMPO025154,2024-12-12,2024-12-17,2024-12-28,production_issue
RMREV007058,RMPO025203,2024-12-12,2024-12-14,2024-12-15,raw_material_shortage
RMREV007059,RMPO025243,2024-12-12,2024-12-15,2024-12-17,supplier_capacity
RMREV007060,RMPO025518,2024-12-12,2024-12-23,2024-12-27,raw_material_shortage
RMREV007061,RMPO025989,2024-12-12,2024-12-14,2024-12-20,production_issue
RMREV007062,RMPO026105,2024-12-12,2024-12-17,2024-12-18,production_issue
RMREV007063,RMPO026242,2024-12-12,2024-12-13,2024-12-25,raw_material_shortage
RMREV007064,RMPO026244,2024-12-12,2024-12-13,2024-12-15,supplier_capacity
RMREV007065,RMPO026345,2024-12-12,2024-12-14,2024-12-17,supplier_capacity
RMREV007066,RMPO026347,2024-12-12,2024-12-16,2024-12-21,supplier_capacity
RMREV007067,RMPO026724,2024-12-12,2024-12-20,2024-12-23,production_issue
RMREV007068,RMPO026735,2024-12-12,2024-12-12,2024-12-13,lead_time_extension
RMREV007069,RMPO024322,2024-12-13,2024-12-04,2024-12-18,expedite_missed
RMREV007070,RMPO024895,2024-12-13,2024-12-14,2025-01-05,peak_season_capacity
RMREV007071,RMPO024895,2024-12-13,2025-01-05,2024-12-30,expedite
RMREV007072,RMPO025062,2024-12-13,2024-12-22,2024-12-31,expedite_missed
RMREV007073,RMPO025213,2024-12-13,2024-12-16,2024-12-20,carrier_delay
RMREV007074,RMPO025376,2024-12-13,2024-12-21,2024-12-28,production_issue
RMREV007075,RMPO025732,2024-12-13,2025-01-04,2025-01-05,peak_season_capacity
RMREV007076,RMPO026021,2024-12-13,2024-12-14,2024-12-15,supplier_capacity
RMREV007077,RMPO026085,2024-12-13,2024-12-13,2024-12-15,supplier_capacity
RMREV007078,RMPO026954,2024-12-13,2024-12-15,2024-12-17,carrier_delay
RMREV007079,RMPO027012,2024-12-13,2024-12-15,2024-12-16,lead_time_extension
RMREV007080,RMPO025197,2024-12-14,2024-12-25,2025-01-06,carrier_delay
RMREV007081,RMPO025197,2024-12-14,2025-01-06,2025-01-01,expedite
RMREV007082,RMPO025455,2024-12-14,2024-12-26,2025-01-03,peak_season_capacity
RMREV007083,RMPO025480,2024-12-14,2024-12-20,2024-12-22,raw_material_shortage
RMREV007084,RMPO025597,2024-12-14,2024-12-16,2024-12-18,carrier_delay
RMREV007085,RMPO026239,2024-12-14,2024-12-15,2024-12-17,carrier_delay
RMREV007086,RMPO026251,2024-12-14,2024-12-16,2024-12-19,production_issue
RMREV007087,RMPO026348,2024-12-14,2024-12-17,2024-12-20,supplier_capacity
RMREV007088,RMPO026716,2024-12-14,2024-12-20,2024-12-21,raw_material_shortage
RMREV007089,RMPO026831,2024-12-14,2024-12-22,2024-12-24,production_issue
RMREV007090,RMPO026907,2024-12-14,2024-12-22,2024-12-24,production_issue
RMREV007091,RMPO027013,2024-12-14,2024-12-17,2024-12-19,lead_time_extension
RMREV007092,RMPO027026,2024-12-14,2024-12-18,2024-12-24,quality_hold_at_supplier
RMREV007093,RMPO027026,2024-12-14,2024-12-24,2024-12-16,expedite
RMREV007094,RMPO027032,2024-12-14,2024-12-26,2024-12-30,peak_season_capacity
RMREV007095,RMPO024893,2024-12-15,2024-12-16,2024-12-19,peak_season_capacity
RMREV007096,RMPO025249,2024-12-15,2024-12-19,2025-01-04,supplier_capacity
RMREV007097,RMPO025457,2024-12-15,2024-12-15,2024-12-20,production_issue
RMREV007098,RMPO025518,2024-12-15,2024-12-27,2024-12-30,raw_material_shortage
RMREV007099,RMPO026021,2024-12-15,2024-12-15,2024-12-16,supplier_capacity
RMREV007100,RMPO026345,2024-12-15,2024-12-17,2024-12-19,supplier_capacity
RMREV007101,RMPO026503,2024-12-15,2024-12-23,2024-12-25,carrier_delay
RMREV007102,RMPO026757,2024-12-15,2024-12-16,2024-12-17,supplier_capacity
RMREV007103,RMPO026772,2024-12-15,2024-12-14,2024-12-18,peak_season_capacity
RMREV007104,RMPO026954,2024-12-15,2024-12-17,2024-12-19,carrier_delay
RMREV007105,RMPO027011,2024-12-15,2024-12-18,2024-12-21,lead_time_extension
RMREV007106,RMPO027014,2024-12-15,2024-12-18,2024-12-19,lead_time_extension
RMREV007107,RMPO027087,2024-12-15,2024-12-25,2025-01-04,supplier_capacity
RMREV007108,RMPO027177,2024-12-15,2024-12-23,2024-12-25,raw_material_shortage
RMREV007109,RMPO025212,2024-12-16,2024-12-19,2024-12-21,raw_material_shortage
RMREV007110,RMPO025482,2024-12-16,2024-12-18,2024-12-24,raw_material_shortage
RMREV007111,RMPO026348,2024-12-16,2024-12-20,2024-12-22,supplier_capacity
RMREV007112,RMPO026488,2024-12-16,2024-12-18,2024-12-20,carrier_delay
RMREV007113,RMPO026518,2024-12-16,2024-12-18,2024-12-23,supplier_capacity
RMREV007114,RMPO027012,2024-12-16,2024-12-16,2024-12-17,lead_time_extension
RMREV007115,RMPO027033,2024-12-16,2024-12-17,2024-12-18,carrier_delay
RMREV007116,RMPO027179,2024-12-16,2024-12-24,2024-12-26,raw_material_shortage
RMREV007117,RMPO025178,2024-12-17,2024-12-29,2025-01-03,peak_season_capacity
RMREV007118,RMPO025753,2024-12-17,2024-12-24,2024-12-26,raw_material_shortage
RMREV007119,RMPO026266,2024-12-17,2024-12-18,2024-12-20,carrier_delay
RMREV007120,RMPO026421,2024-12-17,2024-12-21,2024-12-29,quality_hold_at_supplier
RMREV007121,RMPO026421,2024-12-17,2024-12-29,2024-12-21,expedite
RMREV007122,RMPO026488,2024-12-17,2024-12-20,2024-12-21,carrier_delay
RMREV007123,RMPO026800,2024-12-17,2024-12-27,2024-12-29,carrier_delay
RMREV007124,RMPO026969,2024-12-17,2024-12-16,2024-12-19,carrier_delay
RMREV007125,RMPO026997,2024-12-17,2024-12-29,2025-01-01,carrier_delay
RMREV007126,RMPO026998,2024-12-17,2024-12-26,2024-12-30,production_issue
RMREV007127,RMPO027298,2024-12-17,2024-12-22,2024-12-24,lead_time_extension
RMREV007128,RMPO027299,2024-12-17,2024-12-23,2024-12-26,lead_time_extension
RMREV007129,RMPO027301,2024-12-17,2024-12-22,2024-12-23,lead_time_extension
RMREV007130,RMPO027302,2024-12-17,2024-12-22,2024-12-23,lead_time_extension
RMREV007131,RMPO027356,2024-12-17,2024-12-27,2024-12-29,raw_material_shortage
RMREV007132,RMPO027359,2024-12-17,2024-12-27,2024-12-28,carrier_delay
RMREV007133,RMPO027393,2024-12-17,2024-12-21,2024-12-22,supplier_capacity
RMREV007134,RMPO024895,2024-12-18,2024-12-30,2025-01-05,expedite_missed
RMREV007135,RMPO025452,2024-12-18,2024-12-28,2025-01-05,peak_season_capacity
RMREV007136,RMPO025569,2024-12-18,2024-12-20,2024-12-27,production_issue
RMREV007137,RMPO025750,2024-12-18,2024-12-24,2024-12-27,carrier_delay
RMREV007138,RMPO026266,2024-12-18,2024-12-20,2024-12-21,carrier_delay
RMREV007139,RMPO026347,2024-12-18,2024-12-21,2024-12-25,supplier_capacity
RMREV007140,RMPO026421,2024-12-18,2024-12-21,2024-12-26,expedite_missed
RMREV007141,RMPO026697,2024-12-18,2024-12-25,2024-12-29,production_issue
RMREV007142,RMPO026996,2024-12-18,2024-12-29,2025-01-02,raw_material_shortage
RMREV007143,RMPO027001,2024-12-18,2024-12-27,2024-12-28,carrier_delay
RMREV007144,RMPO027013,2024-12-18,2024-12-19,2024-12-20,lead_time_extension
RMREV007145,RMPO024688,2024-12-19,2024-12-11,2024-12-20,supplier_capacity
RMREV007146,RMPO024930,2024-12-19,2024-12-14,2024-12-23,production_issue
RMREV007147,RMPO025176,2024-12-19,2024-12-23,2024-12-29,peak_season_capacity
RMREV007148,RMPO025349,2024-12-19,2024-12-28,2025-01-03,peak_season_capacity
RMREV007149,RMPO025349,2024-12-19,2025-01-03,2024-12-30,expedite
RMREV007150,RMPO025526,2024-12-19,2024-12-26,2024-12-27,production_issue
RMREV007151,RMPO025753,2024-12-19,2024-12-26,2024-12-27,raw_material_shortage
RMREV007152,RMPO026346,2024-12-19,2024-12-21,2024-12-27,supplier_capacity
RMREV007153,RMPO026387,2024-12-19,2024-12-23,2024-12-26,raw_material_shortage
RMREV007154,RMPO026412,2024-12-19,2024-12-25,2024-12-26,supplier_capacity
RMREV007155,RMPO026440,2024-12-19,2024-12-28,2024-12-29,production_issue
RMREV007156,RMPO026788,2024-12-19,2024-12-24,2024-12-30,raw_material_shortage
RMREV007157,RMPO026801,2024-12-19,2024-12-25,2024-12-27,supplier_capacity
RMREV007158,RMPO026885,2024-12-19,2024-12-21,2024-12-25,supplier_capacity
RMREV007159,RMPO027326,2024-12-19,2024-12-27,2025-01-03,peak_season_capacity
RMREV007160,RMPO024896,2024-12-20,2024-12-20,2024-12-25,peak_season_capacity
RMREV007161,RMPO025453,2024-12-20,2024-12-30,2025-01-07,peak_season_capacity
RMREV007162,RMPO025526,2024-12-20,2024-12-27,2024-12-28,production_issue
RMREV007163,RMPO026349,2024-12-20,2024-12-19,2024-12-21,supplier_capacity
RMREV007164,RMPO026412,2024-12-20,2024-12-26,2024-12-27,supplier_capacity
RMREV007165,RMPO026439,2024-12-20,2024-12-29,2024-12-30,supplier_capacity
RMREV007166,RMPO026808,2024-12-20,2024-12-26,2024-12-27,carrier_delay
RMREV007167,RMPO026884,2024-12-20,2024-12-31,2025-01-06,production_issue
RMREV007168,RMPO026975,2024-12-20,2024-12-25,2024-12-27,expedite_missed
RMREV007169,RMPO027180,2024-12-20,2024-12-29,2025-01-02,production_issue
RMREV007170,RMPO027297,2024-12-20,2024-12-28,2024-12-30,lead_time_extension
RMREV007171,RMPO027300,2024-12-20,2024-12-22,2024-12-23,lead_time_extension
RMREV007172,RMPO027473,2024-12-20,2024-12-28,2024-12-30,carrier_delay
RMREV007173,RMPO025212,2024-12-21,2024-12-21,2024-12-22,raw_material_shortage
RMREV007174,RMPO025353,2024-12-21,2024-12-26,2025-01-01,peak_season_capacity
RMREV007175,RMPO025353,2024-12-21,2025-01-01,2024-12-27,expedite
RMREV007176,RMPO025426,2024-12-21,2024-12-28,2025-01-17,raw_material_shortage
RMREV007177,RMPO025743,2024-12-21,2024-12-19,2024-12-28,carrier_delay
RMREV007178,RMPO025754,2024-12-21,2024-12-29,2024-12-31,supplier_capacity
RMREV007179,RMPO026364,2024-12-21,2024-12-24,2024-12-31,supplier_capacity
RMREV007180,RMPO026502,2024-12-21,2024-12-26,2024-12-30,production_issue
RMREV007181,RMPO026517,2024-12-21,2024-12-24,2024-12-30,carrier_delay
RMREV007182,RMPO026724,2024-12-21,2024-12-23,2024-12-25,production_issue
RMREV007183,RMPO027021,2024-12-21,2024-12-22,2024-12-24,carrier_delay
RMREV007184,RMPO027178,2024-12-21,2024-12-23,2024-12-25,raw_material_shortage
RMREV007185,RMPO027301,2024-12-21,2024-12-23,2024-12-24,lead_time_extension
RMREV007186,RMPO024603,2024-12-22,2024-12-18,2024-12-23,peak_season_capacity
RMREV007187,RMPO025154,2024-12-22,2024-12-28,2025-01-06,production_issue
RMREV007188,RMPO025230,2024-12-22,2024-12-18,2024-12-27,expedite_missed
RMREV007189,RMPO025349,2024-12-22,2024-12-30,2025-01-03,expedite_missed
RMREV007190,RMPO025750,2024-12-22,2024-12-27,2024-12-29,carrier_delay
RMREV007191,RMPO026030,2024-12-22,2025-01-02,2025-01-16,production_issue
RMREV007192,RMPO026292,2024-12-22,2025-01-03,2025-01-19,carrier_delay
RMREV007193,RMPO026645,2024-12-22,2024-12-30,2025-01-01,supplier_capacity
RMREV007194,RMPO026786,2024-12-22,2025-01-02,2025-01-06,carrier_delay
RMREV007195,RMPO026807,2024-12-22,2024-12-26,2025-01-01,supplier_capacity
RMREV007196,RMPO027026,2024-12-22,2024-12-16,2024-12-28,expedite_missed
RMREV007197,RMPO027115,2024-12-22,2024-12-29,2025-01-04,supplier_capacity
RMREV007198,RMPO027178,2024-12-22,2024-12-25,2024-12-27,raw_material_shortage
RMREV007199,RMPO027302,2024-12-22,2024-12-23,2024-12-24,lead_time_extension
RMREV007200,RMPO027415,2024-12-22,2024-12-31,2025-01-02,supplier_capacity
RMREV007201,RMPO027473,2024-12-22,2024-12-30,2024-12-31,carrier_delay
RMREV007202,RMPO026645,2024-12-23,2025-01-01,2025-01-02,supplier_capacity
RMREV007203,RMPO026903,2024-12-23,2025-01-01,2025-01-02,supplier_capacity
RMREV007204,RMPO027300,2024-12-23,2024-12-23,2024-12-24,lead_time_extension
RMREV007205,RMPO027357,2024-12-23,2024-12-28,2024-12-30,production_issue
RMREV007206,RMPO025704,2024-12-24,2024-12-30,2025-01-04,production_issue
RMREV007207,RMPO026031,2024-12-24,2024-12-31,2025-01-07,raw_material_shortage
RMREV007208,RMPO026133,2024-12-24,2025-01-02,2025-01-05,production_issue
RMREV007209,RMPO026503,2024-12-24,2024-12-25,2024-12-27,carrier_delay
RMREV007210,RMPO026996,2024-12-24,2025-01-02,2025-01-06,raw_material_shortage
RMREV007211,RMPO027208,2024-12-24,2025-01-02,2025-01-04,carrier_delay
RMREV007212,RMPO027356,2024-12-24,2024-12-29,2024-12-30,raw_material_shortage
RMREV007213,RMPO027565,2024-12-24,2024-12-30,2025-01-01,lead_time_extension
RMREV007214,RMPO027567,2024-12-24,2024-12-29,2024-12-30,lead_time_extension
RMREV007215,RMPO027569,2024-12-24,2024-12-31,2025-01-04,lead_time_extension
RMREV007216,RMPO027591,2024-12-24,2024-12-30,2024-12-31,carrier_delay
RMREV007217,RMPO025454,2024-12-25,2024-12-28,2025-01-14,peak_season_capacity
RMREV007218,RMPO025482,2024-12-25,2024-12-24,2024-12-28,raw_material_shortage
RMREV007219,RMPO025704,2024-12-25,2025-01-04,2025-01-08,production_issue
RMREV007220,RMPO025754,2024-12-25,2024-12-31,2025-01-02,supplier_capacity
RMREV007221,RMPO026241,2024-12-25,2024-12-21,2024-12-30,production_issue
RMREV007222,RMPO026242,2024-12-25,2024-12-25,2025-01-04,raw_material_shortage
RMREV007223,RMPO026799,2024-12-25,2024-12-29,2024-12-31,raw_material_shortage
RMREV007224,RMPO026807,2024-12-25,2025-01-01,2025-01-05,supplier_capacity
RMREV007225,RMPO026808,2024-12-25,2024-12-27,2024-12-28,carrier_delay
RMREV007226,RMPO026900,2024-12-25,2024-12-28,2024-12-30,supplier_capacity
RMREV007227,RMPO027015,2024-12-25,2024-12-27,2024-12-29,supplier_capacity
RMREV007228,RMPO027303,2024-12-25,2024-12-29,2024-12-31,lead_time_extension
RMREV007229,RMPO027357,2024-12-25,2024-12-30,2024-12-31,production_issue
RMREV007230,RMPO027531,2024-12-25,2024-12-30,2025-01-07,quality_hold_at_supplier
RMREV007231,RMPO027531,2024-12-25,2025-01-07,2025-01-03,expedite
RMREV007232,RMPO027564,2024-12-25,2024-12-29,2024-12-31,lead_time_extension
RMREV007233,RMPO027590,2024-12-25,2025-01-04,2025-01-05,raw_material_shortage
RMREV007234,RMPO027656,2024-12-25,2024-12-28,2024-12-29,supplier_capacity
RMREV007235,RMPO025177,2024-12-26,2024-12-25,2024-12-30,peak_season_capacity
RMREV007236,RMPO025353,2024-12-26,2024-12-27,2025-01-01,expedite_missed
RMREV007237,RMPO026192,2024-12-26,2025-01-07,2025-01-10,production_issue
RMREV007238,RMPO026407,2024-12-26,2025-01-01,2025-01-06,carrier_delay
RMREV007239,RMPO026410,2024-12-26,2024-12-30,2024-12-31,raw_material_shortage
RMREV007240,RMPO026472,2024-12-26,2025-01-05,2025-01-10,carrier_delay
RMREV007241,RMPO026518,2024-12-26,2024-12-23,2024-12-27,supplier_capacity
RMREV007242,RMPO026902,2024-12-26,2025-01-02,2025-01-04,supplier_capacity
RMREV007243,RMPO027088,2024-12-26,2024-12-28,2024-12-29,production_issue
RMREV007244,RMPO027154,2024-12-26,2025-01-04,2025-01-10,carrier_delay
RMREV007245,RMPO027168,2024-12-26,2025-01-04,2025-01-09,supplier_capacity
RMREV007246,RMPO027179,2024-12-26,2024-12-26,2024-12-27,raw_material_shortage
RMREV007247,RMPO027329,2024-12-26,2025-01-06,2025-01-08,raw_material_shortage
RMREV007248,RMPO027568,2024-12-26,2024-12-31,2025-01-02,lead_time_extension
RMREV007249,RMPO027655,2024-12-26,2025-01-03,2025-01-04,carrier_delay
RMREV007250,RMPO025714,2024-12-27,2025-01-07,2025-01-11,raw_material_shortage
RMREV007251,RMPO026246,2024-12-27,2024-12-30,2025-01-02,production_issue
RMREV007252,RMPO026387,2024-12-27,2024-12-26,2024-12-29,raw_material_shortage
RMREV007253,RMPO026799,2024-12-27,2024-12-31,2025-01-02,raw_material_shortage
RMREV007254,RMPO026800,2024-12-27,2024-12-29,2024-12-30,carrier_delay
RMREV007255,RMPO026801,2024-12-27,2024-12-27,2024-12-28,supplier_capacity
RMREV007256,RMPO026958,2024-12-27,2025-01-08,2025-01-13,production_issue
RMREV007257,RMPO027088,2024-12-27,2024-12-29,2024-12-30,production_issue
RMREV007258,RMPO027303,2024-12-27,2024-12-31,2025-01-02,lead_time_extension
RMREV007259,RMPO027566,2024-12-27,2024-12-30,2024-12-31,lead_time_extension
RMREV007260,RMPO027567,2024-12-27,2024-12-30,2024-12-31,lead_time_extension
RMREV007261,RMPO027568,2024-12-27,2025-01-02,2025-01-03,lead_time_extension
RMREV007262,RMPO024965,2024-12-28,2024-12-16,2024-12-30,production_issue
RMREV007263,RMPO026133,2024-12-28,2025-01-05,2025-01-08,production_issue
RMREV007264,RMPO026246,2024-12-28,2025-01-02,2025-01-05,production_issue
RMREV007265,RMPO026346,2024-12-28,2024-12-27,2024-12-31,supplier_capacity
RMREV007266,RMPO026410,2024-12-28,2024-12-31,2025-01-01,raw_material_shortage
RMREV007267,RMPO026787,2024-12-28,2025-01-04,2025-01-08,carrier_delay
RMREV007268,RMPO026900,2024-12-28,2024-12-30,2025-01-01,supplier_capacity
RMREV007269,RMPO026997,2024-12-28,2025-01-01,2025-01-03,carrier_delay
RMREV007270,RMPO027015,2024-12-28,2024-12-29,2024-12-31,supplier_capacity
RMREV007271,RMPO027123,2024-12-28,2024-12-29,2024-12-30,supplier_capacity
RMREV007272,RMPO027172,2024-12-28,2025-01-08,2025-01-11,supplier_capacity
RMREV007273,RMPO027414,2024-12-28,2025-01-02,2025-01-06,carrier_delay
RMREV007274,RMPO027564,2024-12-28,2024-12-31,2025-01-01,lead_time_extension
RMREV007275,RMPO026472,2024-12-29,2025-01-10,2025-01-12,carrier_delay
RMREV007276,RMPO027481,2024-12-29,2024-12-30,2025-01-05,production_issue
RMREV007277,RMPO027565,2024-12-29,2025-01-01,2025-01-02,lead_time_extension
RMREV007278,RMPO025195,2024-12-30,2024-12-24,2025-01-04,carrier_delay
RMREV007279,RMPO025249,2024-12-30,2025-01-04,2025-01-17,supplier_capacity
RMREV007280,RMPO025425,2024-12-30,2024-12-23,2025-01-14,supplier_capacity
RMREV007281,RMPO026785,2024-12-30,2025-01-05,2025-01-09,raw_material_shortage
RMREV007282,RMPO027167,2024-12-30,2025-01-06,2025-01-07,supplier_capacity
RMREV007283,RMPO027171,2024-12-30,2025-01-06,2025-01-11,supplier_capacity
RMREV007284,RMPO027342,2024-12-30,2025-01-07,2025-01-18,carrier_delay
RMREV007285,RMPO027566,2024-12-30,2024-12-31,2025-01-01,lead_time_extension
RMREV007286,RMPO027777,2024-12-30,2025-01-11,2025-01-12,production_issue
RMREV007287,RMPO026032,2024-12-31,2025-01-02,2025-01-21,raw_material_shortage
RMREV007288,RMPO026517,2024-12-31,2024-12-30,2025-01-03,carrier_delay
RMREV007289,RMPO026669,2024-12-31,2025-01-07,2025-01-08,supplier_capacity
RMREV007290,RMPO027297,2024-12-31,2024-12-30,2025-01-01,lead_time_extension
RMREV007291,RMPO027415,2024-12-31,2025-01-02,2025-01-03,supplier_capacity
RMREV007292,RMPO027548,2024-12-31,2025-01-09,2025-01-16,raw_material_shortage
RMREV007293,RMPO027824,2024-12-31,2025-01-05,2025-01-07,lead_time_extension
RMREV007294,RMPO027887,2024-12-31,2025-01-05,2025-01-14,carrier_delay
RMREV007295,RMPO027888,2024-12-31,2025-01-05,2025-01-12,supplier_capacity
RMREV007296,RMPO027981,2024-12-31,2025-01-08,2025-01-10,quality_hold_at_supplier
RMREV007297,RMPO026031,2025-01-01,2025-01-07,2025-01-13,raw_material_shortage
RMREV007298,RMPO026335,2025-01-01,2025-01-03,2025-01-05,carrier_delay
RMREV007299,RMPO026697,2025-01-01,2024-12-29,2025-01-02,production_issue
RMREV007300,RMPO026788,2025-01-01,2024-12-30,2025-01-03,raw_material_shortage
RMREV007301,RMPO026903,2025-01-01,2025-01-02,2025-01-03,supplier_capacity
RMREV007302,RMPO027030,2025-01-01,2025-01-04,2025-01-10,raw_material_shortage
RMREV007303,RMPO027134,2025-01-01,2025-01-02,2025-01-06,raw_material_shortage
RMREV007304,RMPO027166,2025-01-01,2025-01-10,2025-01-12,supplier_capacity
RMREV007305,RMPO027170,2025-01-01,2025-01-09,2025-01-15,supplier_capacity
RMREV007306,RMPO025176,2025-01-02,2024-12-29,2025-01-03,peak_season_capacity
RMREV007307,RMPO025932,2025-01-02,2025-01-07,2025-01-13,raw_material_shortage
RMREV007308,RMPO025933,2025-01-02,2025-01-07,2025-01-17,carrier_delay
RMREV007309,RMPO026612,2025-01-02,2025-01-06,2025-01-21,supplier_capacity
RMREV007310,RMPO026612,2025-01-02,2025-01-21,2025-01-14,expedite
RMREV007311,RMPO027115,2025-01-02,2025-01-04,2025-01-08,supplier_capacity
RMREV007312,RMPO025196,2025-01-03,2024-12-23,2025-01-07,expedite_missed
RMREV007313,RMPO025250,2025-01-03,2024-12-30,2025-01-08,production_issue
RMREV007314,RMPO025944,2025-01-03,2025-01-11,2025-02-02,production_issue
RMREV007315,RMPO026191,2025-01-03,2025-01-05,2025-01-13,carrier_delay
RMREV007316,RMPO026407,2025-01-03,2025-01-06,2025-01-11,carrier_delay
RMREV007317,RMPO027730,2025-01-03,2025-01-09,2025-01-11,supplier_capacity
RMREV007318,RMPO027826,2025-01-03,2025-01-10,2025-01-12,lead_time_extension
RMREV007319,RMPO025197,2025-01-04,2025-01-01,2025-01-05,expedite_missed
RMREV007320,RMPO026550,2025-01-04,2025-01-14,2025-01-24,production_issue
RMREV007321,RMPO026902,2025-01-04,2025-01-04,2025-01-06,supplier_capacity
RMREV007322,RMPO027604,2025-01-04,2025-01-14,2025-01-30,carrier_delay
RMREV007323,RMPO027604,2025-01-04,2025-01-30,2025-01-25,expedite
RMREV007324,RMPO027616,2025-01-04,2025-01-05,2025-01-07,carrier_delay
RMREV007325,RMPO027823,2025-01-04,2025-01-08,2025-01-10,lead_time_extension
RMREV007326,RMPO026079,2025-01-05,2025-01-09,2025-01-12,production_issue
RMREV007327,RMPO026328,2025-01-05,2025-01-10,2025-01-13,raw_material_shortage
RMREV007328,RMPO026456,2025-01-05,2025-01-09,2025-01-18,raw_material_shortage
RMREV007329,RMPO026553,2025-01-05,2025-01-14,2025-02-03,supplier_capacity
RMREV007330,RMPO026668,2025-01-05,2025-01-07,2025-01-10,carrier_delay
RMREV007331,RMPO026848,2025-01-05,2025-01-11,2025-02-02,supplier_capacity
RMREV007332,RMPO027547,2025-01-05,2025-01-12,2025-01-20,production_issue
RMREV007333,RMPO027706,2025-01-05,2025-01-16,2025-01-18,carrier_delay
RMREV007334,RMPO027888,2025-01-05,2025-01-12,2025-01-14,supplier_capacity
RMREV007335,RMPO028020,2025-01-05,2025-01-17,2025-01-22,supplier_capacity
RMREV007336,RMPO025452,2025-01-06,2025-01-05,2025-01-11,peak_season_capacity
RMREV007337,RMPO025932,2025-01-06,2025-01-13,2025-01-16,raw_material_shortage
RMREV007338,RMPO026249,2025-01-06,2025-01-18,2025-01-21,production_issue
RMREV007339,RMPO027353,2025-01-06,2025-01-18,2025-01-24,raw_material_shortage
RMREV007340,RMPO027481,2025-01-06,2025-01-05,2025-01-10,production_issue
RMREV007341,RMPO027531,2025-01-06,2025-01-03,2025-01-10,expedite_missed
RMREV007342,RMPO027825,2025-01-06,2025-01-07,2025-01-09,lead_time_extension
RMREV007343,RMPO027895,2025-01-06,2025-01-16,2025-01-17,raw_material_shortage
RMREV007344,RMPO027364,2025-01-07,2025-01-18,2025-01-20,production_issue
RMREV007345,RMPO027823,2025-01-07,2025-01-10,2025-01-11,lead_time_extension
RMREV007346,RMPO027825,2025-01-07,2025-01-09,2025-01-10,lead_time_extension
RMREV007347,RMPO027850,2025-01-07,2025-01-11,2025-01-13,production_issue
RMREV007348,RMPO027919,2025-01-07,2025-01-14,2025-01-15,carrier_delay
RMREV007349,RMPO028047,2025-01-07,2025-01-18,2025-01-20,carrier_delay
RMREV007350,RMPO028063,2025-01-07,2025-01-15,2025-01-18,lead_time_extension
RMREV007351,RMPO028064,2025-01-07,2025-01-14,2025-01-16,lead_time_extension
RMREV007352,RMPO028065,2025-01-07,2025-01-12,2025-01-14,lead_time_extension
RMREV007353,RMPO028067,2025-01-07,2025-01-12,2025-01-14,lead_time_extension
RMREV007354,RMPO028069,2025-01-07,2025-01-14,2025-01-16,lead_time_extension
RMREV007355,RMPO028132,2025-01-07,2025-01-12,2025-01-14,supplier_capacity
RMREV007356,RMPO028152,2025-01-07,2025-01-11,2025-01-15,carrier_delay
RMREV007357,RMPO028153,2025-01-07,2025-01-12,2025-01-16,supplier_capacity
RMREV007358,RMPO028154,2025-01-07,2025-01-10,2025-01-14,carrier_delay
RMREV007359,RMPO028155,2025-01-07,2025-01-10,2025-01-12,carrier_delay
RMREV007360,RMPO028229,2025-01-07,2025-01-15,2025-01-16,supplier_capacity
RMREV007361,RMPO025455,2025-01-08,2025-01-03,2025-01-09,peak_season_capacity
RMREV007362,RMPO026551,2025-01-08,2025-01-16,2025-01-26,raw_material_shortage
RMREV007363,RMPO027154,2025-01-08,2025-01-10,2025-01-12,carrier_delay
RMREV007364,RMPO027381,2025-01-08,2025-01-14,2025-01-20,production_issue
RMREV007365,RMPO027447,2025-01-08,2025-01-15,2025-01-20,supplier_capacity
RMREV007366,RMPO027448,2025-01-08,2025-01-14,2025-01-22,supplier_capacity
RMREV007367,RMPO027493,2025-01-08,2025-01-15,2025-01-24,production_issue
RMREV007368,RMPO027606,2025-01-08,2025-01-13,2025-01-15,supplier_capacity
RMREV007369,RMPO027994,2025-01-08,2025-01-12,2025-01-14,production_issue
RMREV007370,RMPO026331,2025-01-09,2025-01-16,2025-01-19,production_issue
RMREV007371,RMPO026581,2025-01-09,2025-01-20,2025-01-26,carrier_delay
RMREV007372,RMPO026668,2025-01-09,2025-01-10,2025-01-12,carrier_delay
RMREV007373,RMPO027439,2025-01-09,2025-01-13,2025-01-17,supplier_capacity
RMREV007374,RMPO027704,2025-01-09,2025-01-20,2025-01-24,production_issue
RMREV007375,RMPO025453,2025-01-10,2025-01-07,2025-01-13,peak_season_capacity
RMREV007376,RMPO026010,2025-01-10,2025-01-13,2025-01-19,carrier_delay
RMREV007377,RMPO026436,2025-01-10,2025-01-20,2025-01-25,production_issue
RMREV007378,RMPO026554,2025-01-10,2025-01-15,2025-02-05,carrier_delay
RMREV007379,RMPO026556,2025-01-10,2025-01-19,2025-02-09,carrier_delay
RMREV007380,RMPO026556,2025-01-10,2025-02-09,2025-02-05,expedite
RMREV007381,RMPO026577,2025-01-10,2025-01-22,2025-02-04,supplier_capacity
RMREV007382,RMPO026578,2025-01-10,2025-01-18,2025-01-26,supplier_capacity
RMREV007383,RMPO027483,2025-01-10,2025-01-13,2025-01-21,supplier_capacity
RMREV007384,RMPO027705,2025-01-10,2025-01-21,2025-01-25,supplier_capacity
RMREV007385,RMPO028068,2025-01-10,2025-01-15,2025-01-19,lead_time_extension
RMREV007386,RMPO028069,2025-01-10,2025-01-16,2025-01-17,lead_time_extension
RMREV007387,RMPO028151,2025-01-10,2025-01-13,2025-01-17,raw_material_shortage
RMREV007388,RMPO028274,2025-01-10,2025-01-16,2025-01-29,carrier_delay
RMREV007389,RMPO028274,2025-01-10,2025-01-29,2025-01-25,expedite
RMREV007390,RMPO026473,2025-01-11,2025-01-15,2025-02-03,supplier_capacity
RMREV007391,RMPO026473,2025-01-11,2025-02-03,2025-01-28,expedite
RMREV007392,RMPO026560,2025-01-11,2025-01-16,2025-01-20,carrier_delay
RMREV007393,RMPO027019,2025-01-11,2025-01-24,2025-01-27,supplier_capacity
RMREV007394,RMPO027212,2025-01-11,2025-01-13,2025-01-16,supplier_capacity
RMREV007395,RMPO027336,2025-01-11,2025-01-13,2025-01-14,supplier_capacity
RMREV007396,RMPO027447,2025-01-11,2025-01-20,2025-01-24,supplier_capacity
RMREV007397,RMPO027919,2025-01-11,2025-01-15,2025-01-17,carrier_delay
RMREV007398,RMPO028070,2025-01-11,2025-01-15,2025-01-17,lead_time_extension
RMREV007399,RMPO028173,2025-01-11,2025-01-21,2025-01-22,raw_material_shortage
RMREV007400,RMPO026579,2025-01-12,2025-01-22,2025-01-31,supplier_capacity
RMREV007401,RMPO026579,2025-01-12,2025-01-31,2025-01-26,expedite
RMREV007402,RMPO026612,2025-01-12,2025-01-14,2025-01-16,expedite_missed
RMREV007403,RMPO027335,2025-01-12,2025-01-16,2025-01-17,supplier_capacity
RMREV007404,RMPO027723,2025-01-12,2025-01-21,2025-01-26,supplier_capacity
RMREV007405,RMPO027861,2025-01-12,2025-01-24,2025-01-27,supplier_capacity
RMREV007406,RMPO026555,2025-01-13,2025-01-14,2025-02-03,supplier_capacity
RMREV007407,RMPO026556,2025-01-13,2025-02-05,2025-02-08,expedite_missed
RMREV007408,RMPO027103,2025-01-13,2025-01-15,2025-01-30,supplier_capacity
RMREV007409,RMPO027603,2025-01-13,2025-01-14,2025-01-30,production_issue
RMREV007410,RMPO027607,2025-01-13,2025-01-14,2025-01-15,production_issue
RMREV007411,RMPO027896,2025-01-13,2025-01-15,2025-01-16,production_issue
RMREV007412,RMPO027720,2025-01-14,2025-01-20,2025-01-25,supplier_capacity
RMREV007413,RMPO028066,2025-01-14,2025-01-15,2025-01-18,lead_time_extension
RMREV007414,RMPO028191,2025-01-14,2025-01-21,2025-01-24,raw_material_shortage
RMREV007415,RMPO028277,2025-01-14,2025-01-25,2025-02-07,quality_hold_at_supplier
RMREV007416,RMPO028277,2025-01-14,2025-02-07,2025-01-31,expedite
RMREV007417,RMPO028312,2025-01-14,2025-01-19,2025-01-21,lead_time_extension
RMREV007418,RMPO028317,2025-01-14,2025-01-20,2025-01-23,lead_time_extension
RMREV007419,RMPO028385,2025-01-14,2025-01-18,2025-01-20,raw_material_shortage
RMREV007420,RMPO028386,2025-01-14,2025-01-18,2025-01-20,production_issue
RMREV007421,RMPO028387,2025-01-14,2025-01-17,2025-01-20,supplier_capacity
RMREV007422,RMPO026436,2025-01-15,2025-01-25,2025-01-27,production_issue
RMREV007423,RMPO026853,2025-01-15,2025-01-22,2025-01-26,supplier_capacity
RMREV007424,RMPO027605,2025-01-15,2025-01-17,2025-01-28,carrier_delay
RMREV007425,RMPO027607,2025-01-15,2025-01-15,2025-01-16,production_issue
RMREV007426,RMPO028316,2025-01-15,2025-01-26,2025-01-28,lead_time_extension
RMREV007427,RMPO026581,2025-01-16,2025-01-26,2025-01-29,carrier_delay
RMREV007428,RMPO026726,2025-01-16,2025-01-19,2025-01-25,supplier_capacity
RMREV007429,RMPO026733,2025-01-16,2025-01-23,2025-02-02,raw_material_shortage
RMREV007430,RMPO027235,2025-01-16,2025-01-21,2025-01-31,carrier_delay
RMREV007431,RMPO027291,2025-01-16,2025-01-30,2025-02-05,raw_material_shortage
RMREV007432,RMPO027291,2025-01-16,2025-02-05,2025-02-02,expedite
RMREV007433,RMPO027623,2025-01-16,2025-01-21,2025-02-03,raw_material_shortage
RMREV007434,RMPO027721,2025-01-16,2025-01-27,2025-02-01,supplier_capacity
RMREV007435,RMPO028049,2025-01-16,2025-01-23,2025-01-28,production_issue
RMREV007436,RMPO026561,2025-01-17,2025-01-19,2025-01-21,production_issue
RMREV007437,RMPO026580,2025-01-17,2025-01-18,2025-01-27,production_issue
RMREV007438,RMPO027277,2025-01-17,2025-01-28,2025-01-29,raw_material_shortage
RMREV007439,RMPO027483,2025-01-17,2025-01-21,2025-01-27,supplier_capacity
RMREV007440,RMPO027508,2025-01-17,2025-01-27,2025-02-02,supplier_capacity
RMREV007441,RMPO027706,2025-01-17,2025-01-18,2025-01-20,carrier_delay
RMREV007442,RMPO027742,2025-01-17,2025-01-26,2025-01-27,raw_material_shortage
RMREV007443,RMPO028480,2025-01-17,2025-01-23,2025-01-26,production_issue
RMREV007444,RMPO026853,2025-01-18,2025-01-26,2025-01-29,supplier_capacity
RMREV007445,RMPO027109,2025-01-18,2025-01-27,2025-02-08,rail_disruption
RMREV007446,RMPO027151,2025-01-18,2025-02-01,2025-02-09,supplier_capacity
RMREV007447,RMPO027151,2025-01-18,2025-02-09,2025-02-01,expedite
RMREV007448,RMPO027913,2025-01-18,2025-01-20,2025-01-23,carrier_delay
RMREV007449,RMPO027971,2025-01-18,2025-01-30,2025-02-01,supplier_capacity
RMREV007450,RMPO028311,2025-01-18,2025-01-22,2025-01-25,lead_time_extension
RMREV007451,RMPO026561,2025-01-19,2025-01-21,2025-01-23,production_issue
RMREV007452,RMPO026887,2025-01-19,2025-01-27,2025-02-07,supplier_capacity
RMREV007453,RMPO027004,2025-01-19,2025-01-26,2025-01-30,supplier_capacity
RMREV007454,RMPO027004,2025-01-19,2025-01-30,2025-01-23,expedite
RMREV007455,RMPO027757,2025-01-19,2025-01-27,2025-02-14,port_congestion
RMREV007456,RMPO027757,2025-01-19,2025-02-14,2025-02-09,expedite
RMREV007457,RMPO028172,2025-01-19,2025-01-23,2025-01-24,carrier_delay
RMREV007458,RMPO028315,2025-01-19,2025-01-22,2025-01-25,lead_time_extension
RMREV007459,RMPO026512,2025-01-20,2025-01-24,2025-01-28,carrier_delay
RMREV007460,RMPO027019,2025-01-20,2025-01-27,2025-01-28,supplier_capacity
RMREV007461,RMPO027277,2025-01-20,2025-01-29,2025-01-30,raw_material_shortage
RMREV007462,RMPO027718,2025-01-20,2025-01-22,2025-01-26,supplier_capacity
RMREV007463,RMPO027795,2025-01-20,2025-01-26,2025-02-03,supplier_capacity
RMREV007464,RMPO027795,2025-01-20,2025-02-03,2025-01-27,expedite
RMREV007465,RMPO028313,2025-01-20,2025-01-21,2025-01-22,lead_time_extension
RMREV007466,RMPO028316,2025-01-20,2025-01-28,2025-01-29,lead_time_extension
RMREV007467,RMPO026509,2025-01-21,2025-01-25,2025-02-01,supplier_capacity
RMREV007468,RMPO026746,2025-01-21,2025-02-01,2025-02-12,production_issue
RMREV007469,RMPO027003,2025-01-21,2025-01-23,2025-01-25,raw_material_shortage
RMREV007470,RMPO027150,2025-01-21,2025-01-28,2025-02-16,supplier_capacity
RMREV007471,RMPO027710,2025-01-21,2025-02-11,2025-02-14,supplier_capacity
RMREV007472,RMPO027718,2025-01-21,2025-01-26,2025-01-27,supplier_capacity
RMREV007473,RMPO027809,2025-01-21,2025-02-01,2025-02-11,raw_material_shortage
RMREV007474,RMPO027809,2025-01-21,2025-02-11,2025-02-08,expedite
RMREV007475,RMPO027967,2025-01-21,2025-01-28,2025-02-06,supplier_capacity
RMREV007476,RMPO028314,2025-01-21,2025-01-23,2025-01-25,lead_time_extension
RMREV007477,RMPO028403,2025-01-21,2025-01-28,2025-02-08,rail_disruption
RMREV007478,RMPO028410,2025-01-21,2025-01-26,2025-01-28,raw_material_shortage
RMREV007479,RMPO028448,2025-01-21,2025-01-30,2025-01-31,supplier_capacity
RMREV007480,RMPO028549,2025-01-21,2025-01-28,2025-01-31,lead_time_extension
RMREV007481,RMPO028550,2025-01-21,2025-01-26,2025-01-28,lead_time_extension
RMREV007482,RMPO028552,2025-01-21,2025-01-29,2025-01-30,lead_time_extension
RMREV007483,RMPO028553,2025-01-21,2025-01-27,2025-01-29,lead_time_extension
RMREV007484,RMPO028563,2025-01-21,2025-02-01,2025-02-11,port_congestion
RMREV007485,RMPO028563,2025-01-21,2025-02-11,2025-02-03,expedite
RMREV007486,RMPO028565,2025-01-21,2025-01-30,2025-02-14,supplier_capacity
RMREV007487,RMPO028614,2025-01-21,2025-01-26,2025-01-29,supplier_capacity
RMREV007488,RMPO028711,2025-01-21,2025-01-29,2025-02-10,rail_disruption
RMREV007489,RMPO028712,2025-01-21,2025-01-29,2025-02-05,rail_disruption
RMREV007490,RMPO028713,2025-01-21,2025-02-02,2025-02-09,rail_disruption
RMREV007491,RMPO026793,2025-01-22,2025-01-31,2025-02-07,rail_disruption
RMREV007492,RMPO026793,2025-01-22,2025-02-07,2025-01-31,expedite
RMREV007493,RMPO027310,2025-01-22,2025-01-26,2025-02-04,carrier_delay
RMREV007494,RMPO027506,2025-01-22,2025-01-28,2025-02-12,carrier_delay
RMREV007495,RMPO027506,2025-01-22,2025-02-12,2025-02-06,expedite
RMREV007496,RMPO027727,2025-01-22,2025-02-01,2025-02-09,port_congestion
RMREV007497,RMPO027740,2025-01-22,2025-02-03,2025-02-08,port_congestion
RMREV007498,RMPO027756,2025-01-22,2025-02-01,2025-02-08,port_congestion
RMREV007499,RMPO028205,2025-01-22,2025-02-03,2025-02-07,supplier_capacity
RMREV007500,RMPO028301,2025-01-22,2025-02-03,2025-02-14,rail_disruption
RMREV007501,RMPO028301,2025-01-22,2025-02-14,2025-02-07,expedite
RMREV007502,RMPO028313,2025-01-22,2025-01-22,2025-01-23,lead_time_extension
RMREV007503,RMPO028319,2025-01-22,2025-01-29,2025-02-02,rail_disruption
RMREV007504,RMPO028398,2025-01-22,2025-02-02,2025-02-07,rail_disruption
RMREV007505,RMPO028547,2025-01-22,2025-01-27,2025-01-29,lead_time_extension
RMREV007506,RMPO028566,2025-01-22,2025-02-01,2025-02-20,port_congestion
RMREV007507,RMPO028566,2025-01-22,2025-02-20,2025-02-17,expedite
RMREV007508,RMPO028710,2025-01-22,2025-02-02,2025-02-14,rail_disruption
RMREV007509,RMPO028774,2025-01-22,2025-01-31,2025-02-06,carrier_delay
RMREV007510,RMPO025454,2025-01-23,2025-01-14,2025-01-28,peak_season_capacity
RMREV007511,RMPO026889,2025-01-23,2025-01-24,2025-02-02,carrier_delay
RMREV007512,RMPO027004,2025-01-23,2025-01-23,2025-01-25,expedite_missed
RMREV007513,RMPO027229,2025-01-23,2025-01-30,2025-02-15,raw_material_shortage
RMREV007514,RMPO027343,2025-01-23,2025-01-27,2025-02-01,supplier_capacity
RMREV007515,RMPO027741,2025-01-23,2025-02-03,2025-02-13,port_congestion
RMREV007516,RMPO028072,2025-01-23,2025-01-27,2025-02-05,rail_disruption
RMREV007517,RMPO028126,2025-01-23,2025-01-30,2025-02-09,rail_disruption
RMREV007518,RMPO028301,2025-01-23,2025-02-07,2025-02-14,expedite_missed
RMREV007519,RMPO028302,2025-01-23,2025-02-01,2025-02-10,rail_disruption
RMREV007520,RMPO028509,2025-01-23,2025-01-29,2025-02-15,carrier_delay
RMREV007521,RMPO028509,2025-01-23,2025-02-15,2025-02-09,expedite
RMREV007522,RMPO026578,2025-01-24,2025-01-26,2025-01-30,supplier_capacity
RMREV007523,RMPO026795,2025-01-24,2025-01-27,2025-02-03,carrier_delay
RMREV007524,RMPO027077,2025-01-24,2025-02-06,2025-02-16,port_congestion
RMREV007525,RMPO027077,2025-01-24,2025-02-16,2025-02-08,expedite
RMREV007526,RMPO027667,2025-01-24,2025-02-01,2025-02-10,port_congestion
RMREV007527,RMPO028277,2025-01-24,2025-01-31,2025-02-07,expedite_missed
RMREV007528,RMPO028552,2025-01-24,2025-01-30,2025-02-01,lead_time_extension
RMREV007529,RMPO028772,2025-01-24,2025-01-30,2025-02-18,port_congestion
RMREV007530,RMPO028772,2025-01-24,2025-02-18,2025-02-14,expedite
RMREV007531,RMPO026579,2025-01-25,2025-01-26,2025-01-30,expedite_missed
RMREV007532,RMPO026734,2025-01-25,2025-01-26,2025-02-05,carrier_delay
RMREV007533,RMPO026934,2025-01-25,2025-01-28,2025-01-29,carrier_delay
RMREV007534,RMPO027291,2025-01-25,2025-02-02,2025-02-03,expedite_missed
RMREV007535,RMPO027410,2025-01-25,2025-02-03,2025-02-27,raw_material_shortage
RMREV007536,RMPO027963,2025-01-25,2025-01-28,2025-02-03,supplier_capacity
RMREV007537,RMPO028002,2025-01-25,2025-02-03,2025-02-14,port_congestion
RMREV007538,RMPO028074,2025-01-25,2025-01-27,2025-02-07,rail_disruption
RMREV007539,RMPO028125,2025-01-25,2025-01-30,2025-02-09,rail_disruption
RMREV007540,RMPO028290,2025-01-25,2025-02-03,2025-02-08,port_congestion
RMREV007541,RMPO028399,2025-01-25,2025-02-02,2025-02-04,rail_disruption
RMREV007542,RMPO028411,2025-01-25,2025-01-31,2025-02-04,rail_disruption
RMREV007543,RMPO028522,2025-01-25,2025-02-03,2025-02-12,port_congestion
RMREV007544,RMPO028522,2025-01-25,2025-02-12,2025-02-09,expedite
RMREV007545,RMPO028544,2025-01-25,2025-02-04,2025-02-07,production_issue
RMREV007546,RMPO028606,2025-01-25,2025-02-01,2025-02-06,raw_material_shortage
RMREV007547,RMPO028785,2025-01-25,2025-01-31,2025-02-12,port_congestion
RMREV007548,RMPO028785,2025-01-25,2025-02-12,2025-02-09,expedite
RMREV007549,RMPO026792,2025-01-26,2025-01-27,2025-02-01,rail_disruption
RMREV007550,RMPO026827,2025-01-26,2025-01-29,2025-02-07,raw_material_shortage
RMREV007551,RMPO027504,2025-01-26,2025-01-29,2025-02-01,supplier_capacity
RMREV007552,RMPO027671,2025-01-26,2025-02-07,2025-02-17,rail_disruption
RMREV007553,RMPO027739,2025-01-26,2025-02-05,2025-02-10,port_congestion
RMREV007554,RMPO027742,2025-01-26,2025-01-27,2025-01-28,raw_material_shortage
RMREV007555,RMPO027964,2025-01-26,2025-01-30,2025-02-06,supplier_capacity
RMREV007556,RMPO028000,2025-01-26,2025-02-03,2025-02-16,port_congestion
RMREV007557,RMPO028278,2025-01-26,2025-02-05,2025-02-17,port_congestion
RMREV007558,RMPO028340,2025-01-26,2025-02-01,2025-02-10,port_congestion
RMREV007559,RMPO028422,2025-01-26,2025-01-28,2025-02-01,rail_disruption
RMREV007560,RMPO028551,2025-01-26,2025-01-28,2025-01-31,lead_time_extension
RMREV007561,RMPO028605,2025-01-26,2025-01-31,2025-02-04,supplier_capacity
RMREV007562,RMPO028607,2025-01-26,2025-01-29,2025-02-02,production_issue
RMREV007563,RMPO028661,2025-01-26,2025-02-04,2025-02-09,rail_disruption
RMREV007564,RMPO026794,2025-01-27,2025-02-01,2025-02-06,rail_disruption
RMREV007565,RMPO026794,2025-01-27,2025-02-06,2025-01-31,expedite
RMREV007566,RMPO026934,2025-01-27,2025-01-29,2025-01-30,carrier_delay
RMREV007567,RMPO027104,2025-01-27,2025-02-06,2025-02-12,rail_disruption
RMREV007568,RMPO027106,2025-01-27,2025-02-06,2025-02-14,rail_disruption
RMREV007569,RMPO027106,2025-01-27,2025-02-14,2025-02-09,expedite
RMREV007570,RMPO027494,2025-01-27,2025-01-20,2025-02-05,port_congestion
RMREV007571,RMPO027494,2025-01-27,2025-02-05,2025-01-29,expedite
RMREV007572,RMPO027972,2025-01-27,2025-02-08,2025-02-28,port_congestion
RMREV007573,RMPO028051,2025-01-27,2025-01-29,2025-02-05,rail_disruption
RMREV007574,RMPO028117,2025-01-27,2025-02-02,2025-02-15,rail_disruption
RMREV007575,RMPO028271,2025-01-27,2025-02-05,2025-02-11,port_congestion
RMREV007576,RMPO028271,2025-01-27,2025-02-11,2025-02-04,expedite
RMREV007577,RMPO028548,2025-01-27,2025-01-29,2025-02-02,lead_time_extension
RMREV007578,RMPO028556,2025-01-27,2025-02-05,2025-02-08,rail_disruption
RMREV007579,RMPO028775,2025-01-27,2025-02-06,2025-02-26,port_congestion
RMREV007580,RMPO028791,2025-01-27,2025-01-31,2025-02-10,port_congestion
RMREV007581,RMPO028791,2025-01-27,2025-02-10,2025-02-02,expedite
RMREV007582,RMPO027398,2025-01-28,2025-02-07,2025-02-24,raw_material_shortage
RMREV007583,RMPO027723,2025-01-28,2025-01-26,2025-01-31,supplier_capacity
RMREV007584,RMPO027727,2025-01-28,2025-02-09,2025-02-13,port_congestion
RMREV007585,RMPO027882,2025-01-28,2025-02-02,2025-02-12,port_congestion
RMREV007586,RMPO027883,2025-01-28,2025-02-02,2025-02-14,port_congestion
RMREV007587,RMPO028280,2025-01-28,2025-02-09,2025-02-17,port_congestion
RMREV007588,RMPO028303,2025-01-28,2025-02-03,2025-02-12,rail_disruption
RMREV007589,RMPO028320,2025-01-28,2025-02-03,2025-02-08,rail_disruption
RMREV007590,RMPO028775,2025-01-28,2025-02-26,2025-02-23,port_congestion
RMREV007591,RMPO028784,2025-01-28,2025-02-03,2025-02-11,port_congestion
RMREV007592,RMPO028784,2025-01-28,2025-02-11,2025-02-05,expedite
RMREV007593,RMPO028791,2025-01-28,2025-02-02,2025-02-07,expedite_missed
RMREV007594,RMPO028823,2025-01-28,2025-02-03,2025-02-12,port_congestion
RMREV007595,RMPO028835,2025-01-28,2025-02-06,2025-02-13,port_congestion
RMREV007596,RMPO028836,2025-01-28,2025-02-02,2025-02-09,port_congestion
RMREV007597,RMPO026701,2025-01-29,2025-01-30,2025-02-06,carrier_delay
RMREV007598,RMPO027079,2025-01-29,2025-02-06,2025-02-12,port_congestion
RMREV007599,RMPO027079,2025-01-29,2025-02-12,2025-02-07,expedite
RMREV007600,RMPO027104,2025-01-29,2025-02-12,2025-02-17,rail_disruption
RMREV007601,RMPO027104,2025-01-29,2025-02-17,2025-02-10,expedite
RMREV007602,RMPO027152,2025-01-29,2025-02-01,2025-02-04,rail_disruption
RMREV007603,RMPO027397,2025-01-29,2025-02-04,2025-02-21,supplier_capacity
RMREV007604,RMPO027468,2025-01-29,2025-02-01,2025-02-13,port_congestion
RMREV007605,RMPO027468,2025-01-29,2025-02-13,2025-02-05,expedite
RMREV007606,RMPO027605,2025-01-29,2025-01-28,2025-02-04,carrier_delay
RMREV007607,RMPO027674,2025-01-29,2025-02-07,2025-02-16,rail_disruption
RMREV007608,RMPO027881,2025-01-29,2025-02-02,2025-02-11,port_congestion
RMREV007609,RMPO027881,2025-01-29,2025-02-11,2025-02-04,expedite
RMREV007610,RMPO028023,2025-01-29,2025-02-10,2025-02-19,port_congestion
RMREV007611,RMPO028023,2025-01-29,2025-02-19,2025-02-15,expedite
RMREV007612,RMPO028244,2025-01-29,2025-02-05,2025-02-12,port_congestion
RMREV007613,RMPO028361,2025-01-29,2025-02-06,2025-02-11,rail_disruption
RMREV007614,RMPO028436,2025-01-29,2025-02-08,2025-02-09,supplier_capacity
RMREV007615,RMPO028509,2025-01-29,2025-02-09,2025-02-10,expedite_missed
RMREV007616,RMPO028522,2025-01-29,2025-02-09,2025-02-10,expedite_missed
RMREV007617,RMPO028554,2025-01-29,2025-02-05,2025-02-10,rail_disruption
RMREV007618,RMPO028576,2025-01-29,2025-02-08,2025-02-13,port_congestion
RMREV007619,RMPO028785,2025-01-29,2025-02-09,2025-02-12,expedite_missed
RMREV007620,RMPO028790,2025-01-29,2025-02-03,2025-02-08,port_congestion
RMREV007621,RMPO028790,2025-01-29,2025-02-08,2025-02-03,expedite
RMREV007622,RMPO027152,2025-01-30,2025-02-04,2025-02-05,rail_disruption
RMREV007623,RMPO027409,2025-01-30,2025-02-05,2025-03-02,carrier_delay
RMREV007624,RMPO027504,2025-01-30,2025-02-01,2025-02-03,supplier_capacity
RMREV007625,RMPO027694,2025-01-30,2025-02-10,2025-02-17,raw_material_shortage
RMREV007626,RMPO027774,2025-01-30,2025-02-09,2025-02-12,supplier_capacity
RMREV007627,RMPO027783,2025-01-30,2025-02-04,2025-02-14,port_congestion
RMREV007628,RMPO027783,2025-01-30,2025-02-14,2025-02-06,expedite
RMREV007629,RMPO027885,2025-01-30,2025-02-02,2025-02-10,port_congestion
RMREV007630,RMPO027885,2025-01-30,2025-02-10,2025-02-05,expedite
RMREV007631,RMPO027971,2025-01-30,2025-02-01,2025-02-05,supplier_capacity
RMREV007632,RMPO028245,2025-01-30,2025-02-05,2025-02-09,port_congestion
RMREV007633,RMPO028288,2025-01-30,2025-02-06,2025-02-13,port_congestion
RMREV007634,RMPO028300,2025-01-30,2025-02-03,2025-02-06,rail_disruption
RMREV007635,RMPO028320,2025-01-30,2025-02-08,2025-02-11,rail_disruption
RMREV007636,RMPO028361,2025-01-30,2025-02-11,2025-02-14,rail_disruption
RMREV007637,RMPO028554,2025-01-30,2025-02-10,2025-02-14,rail_disruption
RMREV007638,RMPO028649,2025-01-30,2025-02-06,2025-02-18,rail_disruption
RMREV007639,RMPO028821,2025-01-30,2025-02-05,2025-02-17,port_congestion
RMREV007640,RMPO028821,2025-01-30,2025-02-17,2025-02-14,expedite
RMREV007641,RMPO028838,2025-01-30,2025-02-02,2025-02-07,port_congestion
RMREV007642,RMPO028971,2025-01-30,2025-02-07,2025-02-08,supplier_capacity
RMREV007643,RMPO029029,2025-01-30,2025-02-06,2025-02-11,port_congestion
RMREV007644,RMPO027051,2025-01-31,2025-02-07,2025-02-11,rail_disruption
RMREV007645,RMPO027079,2025-01-31,2025-02-07,2025-02-12,expedite_missed
RMREV007646,RMPO027107,2025-01-31,2025-02-06,2025-02-14,rail_disruption
RMREV007647,RMPO027158,2025-01-31,2025-02-07,2025-02-12,raw_material_shortage
RMREV007648,RMPO027264,2025-01-31,2025-02-07,2025-02-27,raw_material_shortage
RMREV007649,RMPO027982,2025-01-31,2025-02-10,2025-02-21,port_congestion
RMREV007650,RMPO027982,2025-01-31,2025-02-21,2025-02-17,expedite
RMREV007651,RMPO027983,2025-01-31,2025-02-10,2025-02-16,port_congestion
RMREV007652,RMPO028290,2025-01-31,2025-02-08,2025-02-13,port_congestion
RMREV007653,RMPO028291,2025-01-31,2025-02-07,2025-02-11,port_congestion
RMREV007654,RMPO028291,2025-01-31,2025-02-11,2025-02-07,expedite
RMREV007655,RMPO028355,2025-01-31,2025-02-06,2025-02-09,rail_disruption
RMREV007656,RMPO028708,2025-01-31,2025-01-29,2025-02-24,rail_disruption
RMREV007657,RMPO028708,2025-01-31,2025-02-24,2025-02-21,expedite
RMREV007658,RMPO028783,2025-01-31,2025-01-31,2025-02-18,port_congestion
RMREV007659,RMPO028783,2025-01-31,2025-02-18,2025-02-12,expedite
RMREV007660,RMPO028784,2025-01-31,2025-02-05,2025-02-11,expedite_missed
RMREV007661,RMPO029031,2025-01-31,2025-02-07,2025-02-13,port_congestion
RMREV007662,RMPO029031,2025-01-31,2025-02-13,2025-02-05,expedite
RMREV007663,RMPO026794,2025-02-01,2025-01-31,2025-02-02,expedite_missed
RMREV007664,RMPO027119,2025-02-01,2025-02-05,2025-02-07,raw_material_shortage
RMREV007665,RMPO027675,2025-02-01,2025-02-07,2025-02-12,rail_disruption
RMREV007666,RMPO027836,2025-02-01,2025-02-08,2025-02-25,port_congestion
RMREV007667,RMPO027836,2025-02-01,2025-02-25,2025-02-17,expedite
RMREV007668,RMPO027884,2025-02-01,2025-02-01,2025-02-11,port_congestion
RMREV007669,RMPO027884,2025-02-01,2025-02-11,2025-02-07,expedite
RMREV007670,RMPO027974,2025-02-01,2025-02-07,2025-02-13,port_congestion
RMREV007671,RMPO027974,2025-02-01,2025-02-13,2025-02-06,expedite
RMREV007672,RMPO028000,2025-02-01,2025-02-16,2025-02-24,port_congestion
RMREV007673,RMPO028600,2025-02-01,2025-02-13,2025-02-25,rail_disruption
RMREV007674,RMPO028726,2025-02-01,2025-02-03,2025-02-11,port_congestion
RMREV007675,RMPO028880,2025-02-01,2025-02-07,2025-02-08,supplier_capacity
RMREV007676,RMPO028922,2025-02-01,2025-02-13,2025-02-20,rail_disruption
RMREV007677,RMPO029035,2025-02-01,2025-02-13,2025-02-16,carrier_delay
RMREV007678,RMPO026792,2025-02-02,2025-02-01,2025-02-03,rail_disruption
RMREV007679,RMPO027104,2025-02-02,2025-02-10,2025-02-16,expedite_missed
RMREV007680,RMPO027422,2025-02-02,2025-02-10,2025-02-19,raw_material_shortage
RMREV007681,RMPO027726,2025-02-02,2025-02-01,2025-02-16,port_congestion
RMREV007682,RMPO027726,2025-02-02,2025-02-16,2025-02-12,expedite
RMREV007683,RMPO027783,2025-02-02,2025-02-06,2025-02-14,expedite_missed
RMREV007684,RMPO027790,2025-02-02,2025-02-05,2025-02-19,port_congestion
RMREV007685,RMPO027790,2025-02-02,2025-02-19,2025-02-13,expedite
RMREV007686,RMPO027793,2025-02-02,2025-02-13,2025-02-28,quality_hold_at_supplier
RMREV007687,RMPO027868,2025-02-02,2025-02-10,2025-02-16,production_issue
RMREV007688,RMPO028105,2025-02-02,2025-02-06,2025-02-18,rail_disruption
RMREV007689,RMPO028131,2025-02-02,2025-02-08,2025-02-13,port_congestion
RMREV007690,RMPO028304,2025-02-02,2025-02-03,2025-02-07,rail_disruption
RMREV007691,RMPO028356,2025-02-02,2025-02-05,2025-02-07,rail_disruption
RMREV007692,RMPO028357,2025-02-02,2025-02-05,2025-02-10,rail_disruption
RMREV007693,RMPO028434,2025-02-02,2025-02-14,2025-02-19,supplier_capacity
RMREV007694,RMPO028443,2025-02-02,2025-02-11,2025-02-19,supplier_capacity
RMREV007695,RMPO028648,2025-02-02,2025-02-09,2025-02-21,rail_disruption
RMREV007696,RMPO028707,2025-02-02,2025-02-04,2025-02-06,supplier_capacity
RMREV007697,RMPO028783,2025-02-02,2025-02-12,2025-02-13,expedite_missed
RMREV007698,RMPO027151,2025-02-03,2025-02-01,2025-02-07,expedite_missed
RMREV007699,RMPO027399,2025-02-03,2025-02-04,2025-02-21,supplier_capacity
RMREV007700,RMPO027494,2025-02-03,2025-01-29,2025-02-05,expedite_missed
RMREV007701,RMPO027726,2025-02-03,2025-02-12,2025-02-16,expedite_missed
RMREV007702,RMPO027773,2025-02-03,2025-02-05,2025-02-07,supplier_capacity
RMREV007703,RMPO027835,2025-02-03,2025-02-09,2025-02-20,port_congestion
RMREV007704,RMPO027916,2025-02-03,2025-02-14,2025-02-19,rail_disruption
RMREV007705,RMPO028240,2025-02-03,2025-02-10,2025-02-22,port_congestion
RMREV007706,RMPO028367,2025-02-03,2025-02-15,2025-02-26,port_congestion
RMREV007707,RMPO028650,2025-02-03,2025-02-09,2025-02-16,production_issue
RMREV007708,RMPO028706,2025-02-03,2025-02-08,2025-02-09,supplier_capacity
RMREV007709,RMPO028825,2025-02-03,2025-02-12,2025-02-15,rail_disruption
RMREV007710,RMPO027673,2025-02-04,2025-02-12,2025-02-17,rail_disruption
RMREV007711,RMPO027794,2025-02-04,2025-02-11,2025-02-18,port_congestion
RMREV007712,RMPO027794,2025-02-04,2025-02-18,2025-02-11,expedite
RMREV007713,RMPO027814,2025-02-04,2025-02-05,2025-02-07,carrier_delay
RMREV007714,RMPO027949,2025-02-04,2025-02-18,2025-02-24,port_congestion
RMREV007715,RMPO028023,2025-02-04,2025-02-15,2025-02-19,expedite_missed
RMREV007716,RMPO028271,2025-02-04,2025-02-04,2025-02-11,expedite_missed
RMREV007717,RMPO028304,2025-02-04,2025-02-07,2025-02-09,rail_disruption
RMREV007718,RMPO028319,2025-02-04,2025-02-02,2025-02-06,rail_disruption
RMREV007719,RMPO028354,2025-02-04,2025-02-07,2025-02-10,rail_disruption
RMREV007720,RMPO028355,2025-02-04,2025-02-09,2025-02-10,rail_disruption
RMREV007721,RMPO028416,2025-02-04,2025-02-06,2025-02-07,supplier_capacity
RMREV007722,RMPO028563,2025-02-04,2025-02-03,2025-02-16,expedite_missed
RMREV007723,RMPO028595,2025-02-04,2025-02-16,2025-02-21,rail_disruption
RMREV007724,RMPO028809,2025-02-04,2025-02-15,2025-02-21,rail_disruption
RMREV007725,RMPO028811,2025-02-04,2025-02-16,2025-02-22,rail_disruption
RMREV007726,RMPO028824,2025-02-04,2025-02-02,2025-02-25,port_congestion
RMREV007727,RMPO028824,2025-02-04,2025-02-25,2025-02-17,expedite
RMREV007728,RMPO028839,2025-02-04,2025-02-06,2025-02-21,port_congestion
RMREV007729,RMPO029064,2025-02-04,2025-02-09,2025-02-19,port_congestion
RMREV007730,RMPO029066,2025-02-04,2025-02-09,2025-02-19,port_congestion
RMREV007731,RMPO029079,2025-02-04,2025-02-06,2025-02-12,port_congestion
RMREV007732,RMPO029080,2025-02-04,2025-02-12,2025-02-16,port_congestion
RMREV007733,RMPO029082,2025-02-04,2025-02-13,2025-02-19,port_congestion
RMREV007734,RMPO029083,2025-02-04,2025-02-09,2025-02-15,port_congestion
RMREV007735,RMPO029085,2025-02-04,2025-02-12,2025-02-17,port_congestion
RMREV007736,RMPO029179,2025-02-04,2025-02-08,2025-02-19,port_congestion
RMREV007737,RMPO029187,2025-02-04,2025-02-12,2025-02-22,rail_disruption
RMREV007738,RMPO027075,2025-02-05,2025-02-06,2025-03-07,production_issue
RMREV007739,RMPO027713,2025-02-05,2025-02-16,2025-02-20,rail_disruption
RMREV007740,RMPO027796,2025-02-05,2025-02-14,2025-02-26,carrier_delay
RMREV007741,RMPO027796,2025-02-05,2025-02-26,2025-02-23,expedite
RMREV007742,RMPO027816,2025-02-05,2025-02-13,2025-02-16,supplier_capacity
RMREV007743,RMPO027915,2025-02-05,2025-02-08,2025-02-16,port_congestion
RMREV007744,RMPO028209,2025-02-05,2025-02-06,2025-02-10,supplier_capacity
RMREV007745,RMPO028245,2025-02-05,2025-02-09,2025-02-13,port_congestion
RMREV007746,RMPO028354,2025-02-05,2025-02-10,2025-02-11,rail_disruption
RMREV007747,RMPO028399,2025-02-05,2025-02-04,2025-02-07,rail_disruption
RMREV007748,RMPO028523,2025-02-05,2025-02-12,2025-02-22,port_congestion
RMREV007749,RMPO028537,2025-02-05,2025-02-08,2025-02-11,rail_disruption
RMREV007750,RMPO028540,2025-02-05,2025-02-10,2025-02-11,supplier_capacity
RMREV007751,RMPO028556,2025-02-05,2025-02-08,2025-02-11,rail_disruption
RMREV007752,RMPO028601,2025-02-05,2025-02-13,2025-02-25,rail_disruption
RMREV007753,RMPO028669,2025-02-05,2025-02-16,2025-02-21,carrier_delay
RMREV007754,RMPO028709,2025-02-05,2025-01-29,2025-02-18,rail_disruption
RMREV007755,RMPO028709,2025-02-05,2025-02-18,2025-02-10,expedite
RMREV007756,RMPO028722,2025-02-05,2025-02-11,2025-02-12,supplier_capacity
RMREV007757,RMPO028859,2025-02-05,2025-02-15,2025-02-22,port_congestion
RMREV007758,RMPO028948,2025-02-05,2025-02-11,2025-02-18,rail_disruption
RMREV007759,RMPO029031,2025-02-05,2025-02-05,2025-02-15,expedite_missed
RMREV007760,RMPO029168,2025-02-05,2025-02-16,2025-02-21,rail_disruption
RMREV007761,RMPO029239,2025-02-05,2025-02-14,2025-02-21,carrier_delay
RMREV007762,RMPO027435,2025-02-06,2025-02-08,2025-02-15,rail_disruption
RMREV007763,RMPO027672,2025-02-06,2025-02-12,2025-02-16,rail_disruption
RMREV007764,RMPO027795,2025-02-06,2025-01-27,2025-02-11,expedite_missed
RMREV007765,RMPO028034,2025-02-06,2025-02-09,2025-02-14,port_congestion
RMREV007766,RMPO028131,2025-02-06,2025-02-13,2025-02-16,port_congestion
RMREV007767,RMPO028242,2025-02-06,2025-02-10,2025-02-12,production_issue
RMREV007768,RMPO028356,2025-02-06,2025-02-07,2025-02-09,rail_disruption
RMREV007769,RMPO028465,2025-02-06,2025-02-17,2025-02-22,port_congestion
RMREV007770,RMPO028532,2025-02-06,2025-02-13,2025-02-24,port_congestion
RMREV007771,RMPO028538,2025-02-06,2025-02-08,2025-02-12,rail_disruption
RMREV007772,RMPO028722,2025-02-06,2025-02-12,2025-02-14,supplier_capacity
RMREV007773,RMPO028923,2025-02-06,2025-02-16,2025-02-26,rail_disruption
RMREV007774,RMPO028923,2025-02-06,2025-02-26,2025-02-21,expedite
RMREV007775,RMPO029157,2025-02-06,2025-02-16,2025-02-21,rail_disruption
RMREV007776,RMPO029168,2025-02-06,2025-02-21,2025-02-22,rail_disruption
RMREV007777,RMPO029238,2025-02-06,2025-02-10,2025-02-23,port_congestion
RMREV007778,RMPO029238,2025-02-06,2025-02-23,2025-02-20,expedite
RMREV007779,RMPO027308,2025-02-07,2025-02-15,2025-02-27,port_congestion
RMREV007780,RMPO027308,2025-02-07,2025-02-27,2025-02-19,expedite
RMREV007781,RMPO027881,2025-02-07,2025-02-04,2025-02-11,expedite_missed
RMREV007782,RMPO027983,2025-02-07,2025-02-16,2025-02-21,port_congestion
RMREV007783,RMPO028291,2025-02-07,2025-02-07,2025-02-11,expedite_missed
RMREV007784,RMPO028346,2025-02-07,2025-02-13,2025-02-18,rail_disruption
RMREV007785,RMPO028357,2025-02-07,2025-02-10,2025-02-15,rail_disruption
RMREV007786,RMPO028612,2025-02-07,2025-02-19,2025-02-26,port_congestion
RMREV007787,RMPO028706,2025-02-07,2025-02-09,2025-02-10,supplier_capacity
RMREV007788,RMPO028790,2025-02-07,2025-02-03,2025-02-08,expedite_missed
RMREV007789,RMPO028793,2025-02-07,2025-02-18,2025-02-26,port_congestion
RMREV007790,RMPO028922,2025-02-07,2025-02-20,2025-02-23,rail_disruption
RMREV007791,RMPO028967,2025-02-07,2025-02-13,2025-02-17,supplier_capacity
RMREV007792,RMPO029035,2025-02-07,2025-02-16,2025-02-19,carrier_delay
RMREV007793,RMPO029058,2025-02-07,2025-02-15,2025-02-16,production_issue
RMREV007794,RMPO029065,2025-02-07,2025-02-10,2025-03-02,port_congestion
RMREV007795,RMPO029091,2025-02-07,2025-02-19,2025-03-02,port_congestion
RMREV007796,RMPO027308,2025-02-08,2025-02-19,2025-02-27,expedite_missed
RMREV007797,RMPO027436,2025-02-08,2025-02-10,2025-02-17,rail_disruption
RMREV007798,RMPO027640,2025-02-08,2025-02-21,2025-03-02,port_congestion
RMREV007799,RMPO027640,2025-02-08,2025-03-02,2025-02-23,expedite
RMREV007800,RMPO027658,2025-02-08,2025-02-12,2025-02-15,supplier_capacity
RMREV007801,RMPO027974,2025-02-08,2025-02-06,2025-02-13,expedite_missed
RMREV007802,RMPO028243,2025-02-08,2025-02-12,2025-02-20,port_congestion
RMREV007803,RMPO028276,2025-02-08,2025-02-16,2025-03-01,port_congestion
RMREV007804,RMPO028300,2025-02-08,2025-02-06,2025-02-11,rail_disruption
RMREV007805,RMPO028537,2025-02-08,2025-02-11,2025-02-12,rail_disruption
RMREV007806,RMPO028653,2025-02-08,2025-02-09,2025-02-19,rail_disruption
RMREV007807,RMPO028834,2025-02-08,2025-02-05,2025-02-24,port_congestion
RMREV007808,RMPO028858,2025-02-08,2025-02-12,2025-02-22,port_congestion
RMREV007809,RMPO028966,2025-02-08,2025-02-11,2025-02-14,carrier_delay
RMREV007810,RMPO029077,2025-02-08,2025-02-14,2025-02-19,port_congestion
RMREV007811,RMPO029194,2025-02-08,2025-02-15,2025-02-19,carrier_delay
RMREV007812,RMPO029247,2025-02-08,2025-02-10,2025-02-18,carrier_delay
RMREV007813,RMPO027437,2025-02-09,2025-02-10,2025-02-16,rail_disruption
RMREV007814,RMPO027658,2025-02-09,2025-02-15,2025-02-18,supplier_capacity
RMREV007815,RMPO027676,2025-02-09,2025-02-12,2025-03-02,rail_disruption
RMREV007816,RMPO027790,2025-02-09,2025-02-13,2025-02-17,expedite_missed
RMREV007817,RMPO027884,2025-02-09,2025-02-07,2025-02-11,expedite_missed
RMREV007818,RMPO027997,2025-02-09,2025-02-21,2025-02-26,port_congestion
RMREV007819,RMPO027997,2025-02-09,2025-02-26,2025-02-23,expedite
RMREV007820,RMPO028257,2025-02-09,2025-02-19,2025-03-11,production_issue
RMREV007821,RMPO028259,2025-02-09,2025-02-18,2025-02-20,carrier_delay
RMREV007822,RMPO028345,2025-02-09,2025-02-13,2025-02-17,rail_disruption
RMREV007823,RMPO028345,2025-02-09,2025-02-17,2025-02-12,expedite
RMREV007824,RMPO028368,2025-02-09,2025-02-16,2025-02-27,port_congestion
RMREV007825,RMPO028420,2025-02-09,2025-02-11,2025-02-14,rail_disruption
RMREV007826,RMPO028438,2025-02-09,2025-02-13,2025-02-14,supplier_capacity
RMREV007827,RMPO028440,2025-02-09,2025-02-12,2025-02-14,supplier_capacity
RMREV007828,RMPO028441,2025-02-09,2025-02-10,2025-02-12,supplier_capacity
RMREV007829,RMPO028539,2025-02-09,2025-02-11,2025-02-17,rail_disruption
RMREV007830,RMPO028539,2025-02-09,2025-02-17,2025-02-11,expedite
RMREV007831,RMPO028721,2025-02-09,2025-02-11,2025-02-16,raw_material_shortage
RMREV007832,RMPO028774,2025-02-09,2025-02-06,2025-02-14,carrier_delay
RMREV007833,RMPO028824,2025-02-09,2025-02-17,2025-02-19,expedite_missed
RMREV007834,RMPO029029,2025-02-09,2025-02-11,2025-02-13,port_congestion
RMREV007835,RMPO029081,2025-02-09,2025-02-09,2025-02-20,port_congestion
RMREV007836,RMPO029081,2025-02-09,2025-02-20,2025-02-13,expedite
RMREV007837,RMPO029245,2025-02-09,2025-02-18,2025-03-08,port_congestion
RMREV007838,RMPO029245,2025-02-09,2025-03-08,2025-03-01,expedite
RMREV007839,RMPO029251,2025-02-09,2025-02-13,2025-02-21,carrier_delay
RMREV007840,RMPO027442,2025-02-10,2025-02-13,2025-03-02,raw_material_shortage
RMREV007841,RMPO027670,2025-02-10,2025-02-12,2025-02-22,rail_disruption
RMREV007842,RMPO027772,2025-02-10,2025-02-18,2025-03-04,carrier_delay
RMREV007843,RMPO027914,2025-02-10,2025-02-08,2025-02-24,port_congestion
RMREV007844,RMPO027914,2025-02-10,2025-02-24,2025-02-17,expedite
RMREV007845,RMPO028182,2025-02-10,2025-02-15,2025-02-20,rail_disruption
RMREV007846,RMPO028209,2025-02-10,2025-02-10,2025-02-12,supplier_capacity
RMREV007847,RMPO028302,2025-02-10,2025-02-10,2025-02-12,rail_disruption
RMREV007848,RMPO028415,2025-02-10,2025-02-16,2025-02-17,raw_material_shortage
RMREV007849,RMPO028628,2025-02-10,2025-02-18,2025-02-20,raw_material_shortage
RMREV007850,RMPO028629,2025-02-10,2025-02-22,2025-02-24,supplier_capacity
RMREV007851,RMPO028700,2025-02-10,2025-02-17,2025-02-21,supplier_capacity
RMREV007852,RMPO028822,2025-02-10,2025-02-02,2025-02-17,port_congestion
RMREV007853,RMPO028822,2025-02-10,2025-02-17,2025-02-12,expedite
RMREV007854,RMPO029246,2025-02-10,2025-02-18,2025-03-07,port_congestion
RMREV007855,RMPO029246,2025-02-10,2025-03-07,2025-03-04,expedite
RMREV007856,RMPO027077,2025-02-11,2025-02-08,2025-02-14,expedite_missed
RMREV007857,RMPO027407,2025-02-11,2025-02-13,2025-02-22,rail_disruption
RMREV007858,RMPO027669,2025-02-11,2025-02-20,2025-02-26,carrier_delay
RMREV007859,RMPO028243,2025-02-11,2025-02-20,2025-02-23,port_congestion
RMREV007860,RMPO028596,2025-02-11,2025-02-14,2025-03-06,port_congestion
RMREV007861,RMPO028596,2025-02-11,2025-03-06,2025-02-27,expedite
RMREV007862,RMPO028597,2025-02-11,2025-02-12,2025-02-18,rail_disruption
RMREV007863,RMPO028613,2025-02-11,2025-02-19,2025-03-04,port_congestion
RMREV007864,RMPO028698,2025-02-11,2025-02-18,2025-02-20,supplier_capacity
RMREV007865,RMPO028708,2025-02-11,2025-02-21,2025-02-24,expedite_missed
RMREV007866,RMPO028837,2025-02-11,2025-02-02,2025-03-02,port_congestion
RMREV007867,RMPO028837,2025-02-11,2025-03-02,2025-02-22,expedite
RMREV007868,RMPO028838,2025-02-11,2025-02-07,2025-02-13,port_congestion
RMREV007869,RMPO029084,2025-02-11,2025-02-14,2025-02-18,port_congestion
RMREV007870,RMPO029285,2025-02-11,2025-02-16,2025-02-24,port_congestion
RMREV007871,RMPO029286,2025-02-11,2025-02-17,2025-02-25,port_congestion
RMREV007872,RMPO029290,2025-02-11,2025-02-16,2025-02-28,port_congestion
RMREV007873,RMPO029305,2025-02-11,2025-02-16,2025-02-20,port_congestion
RMREV007874,RMPO029310,2025-02-11,2025-02-20,2025-02-25,port_congestion
RMREV007875,RMPO029311,2025-02-11,2025-02-16,2025-02-27,port_congestion
RMREV007876,RMPO029312,2025-02-11,2025-02-13,2025-02-23,port_congestion
RMREV007877,RMPO029365,2025-02-11,2025-02-16,2025-02-18,production_issue
RMREV007878,RMPO029366,2025-02-11,2025-02-18,2025-02-20,raw_material_shortage
RMREV007879,RMPO029413,2025-02-11,2025-02-23,2025-03-04,supplier_capacity
RMREV007880,RMPO029428,2025-02-11,2025-02-14,2025-02-22,port_congestion
RMREV007881,RMPO029429,2025-02-11,2025-02-15,2025-02-20,port_congestion
RMREV007882,RMPO029443,2025-02-11,2025-02-19,2025-02-24,rail_disruption
RMREV007883,RMPO029445,2025-02-11,2025-02-19,2025-02-18,rail_disruption
RMREV007884,RMPO029478,2025-02-11,2025-02-20,2025-02-21,production_issue
RMREV007885,RMPO028210,2025-02-12,2025-02-15,2025-03-03,port_congestion
RMREV007886,RMPO028210,2025-02-12,2025-03-03,2025-02-27,expedite
RMREV007887,RMPO028370,2025-02-12,2025-02-12,2025-02-18,port_congestion
RMREV007888,RMPO028743,2025-02-12,2025-02-24,2025-03-06,port_congestion
RMREV007889,RMPO028845,2025-02-12,2025-02-19,2025-02-21,carrier_delay
RMREV007890,RMPO028926,2025-02-12,2025-02-16,2025-02-26,rail_disruption
RMREV007891,RMPO029090,2025-02-12,2025-02-22,2025-02-26,port_congestion
RMREV007892,RMPO029197,2025-02-12,2025-02-17,2025-03-02,port_congestion
RMREV007893,RMPO029197,2025-02-12,2025-03-02,2025-02-25,expedite
RMREV007894,RMPO029198,2025-02-12,2025-02-17,2025-02-25,port_congestion
RMREV007895,RMPO029284,2025-02-12,2025-02-23,2025-03-04,port_congestion
RMREV007896,RMPO029288,2025-02-12,2025-02-17,2025-03-03,port_congestion
RMREV007897,RMPO029291,2025-02-12,2025-02-19,2025-02-23,port_congestion
RMREV007898,RMPO027794,2025-02-13,2025-02-11,2025-02-20,expedite_missed
RMREV007899,RMPO028273,2025-02-13,2025-02-21,2025-02-28,port_congestion
RMREV007900,RMPO028273,2025-02-13,2025-02-28,2025-02-25,expedite
RMREV007901,RMPO028395,2025-02-13,2025-02-22,2025-03-02,port_congestion
RMREV007902,RMPO028420,2025-02-13,2025-02-14,2025-02-19,rail_disruption
RMREV007903,RMPO028420,2025-02-13,2025-02-19,2025-02-15,expedite
RMREV007904,RMPO028503,2025-02-13,2025-02-19,2025-02-21,port_congestion
RMREV007905,RMPO028539,2025-02-13,2025-02-11,2025-02-15,expedite_missed
RMREV007906,RMPO028670,2025-02-13,2025-02-14,2025-02-19,raw_material_shortage
RMREV007907,RMPO028788,2025-02-13,2025-02-19,2025-02-27,port_congestion
RMREV007908,RMPO028788,2025-02-13,2025-02-27,2025-02-24,expedite
RMREV007909,RMPO028825,2025-02-13,2025-02-15,2025-02-17,rail_disruption
RMREV007910,RMPO028925,2025-02-13,2025-02-16,2025-02-19,production_issue
RMREV007911,RMPO029080,2025-02-13,2025-02-16,2025-02-18,port_congestion
RMREV007912,RMPO029115,2025-02-13,2025-02-14,2025-02-16,raw_material_shortage
RMREV007913,RMPO029249,2025-02-13,2025-02-14,2025-03-01,port_congestion
RMREV007914,RMPO029249,2025-02-13,2025-03-01,2025-02-24,expedite
RMREV007915,RMPO029461,2025-02-13,2025-02-23,2025-03-01,port_congestion
RMREV007916,RMPO027076,2025-02-14,2025-02-15,2025-03-18,carrier_delay
RMREV007917,RMPO027926,2025-02-14,2025-02-26,2025-03-07,raw_material_shortage
RMREV007918,RMPO028369,2025-02-14,2025-02-16,2025-02-27,port_congestion
RMREV007919,RMPO028533,2025-02-14,2025-02-13,2025-02-24,port_congestion
RMREV007920,RMPO028611,2025-02-14,2025-02-22,2025-03-08,port_congestion
RMREV007921,RMPO028611,2025-02-14,2025-03-08,2025-03-02,expedite
RMREV007922,RMPO028698,2025-02-14,2025-02-20,2025-02-21,supplier_capacity
RMREV007923,RMPO028998,2025-02-14,2025-02-26,2025-03-03,port_congestion
RMREV007924,RMPO029305,2025-02-14,2025-02-20,2025-02-23,port_congestion
RMREV007925,RMPO029309,2025-02-14,2025-02-19,2025-02-24,port_congestion
RMREV007926,RMPO029364,2025-02-14,2025-02-21,2025-02-22,raw_material_shortage
RMREV007927,RMPO027675,2025-02-15,2025-02-12,2025-02-18,rail_disruption
RMREV007928,RMPO027998,2025-02-15,2025-02-21,2025-02-26,port_congestion
RMREV007929,RMPO028033,2025-02-15,2025-02-16,2025-03-02,port_congestion
RMREV007930,RMPO028033,2025-02-15,2025-03-02,2025-02-22,expedite
RMREV007931,RMPO028749,2025-02-15,2025-02-24,2025-03-02,port_congestion
RMREV007932,RMPO028803,2025-02-15,2025-02-20,2025-03-04,port_congestion
RMREV007933,RMPO028822,2025-02-15,2025-02-12,2025-02-17,expedite_missed
RMREV007934,RMPO028837,2025-02-15,2025-02-22,2025-02-24,expedite_missed
RMREV007935,RMPO028923,2025-02-15,2025-02-21,2025-02-26,expedite_missed
RMREV007936,RMPO029038,2025-02-15,2025-02-26,2025-03-01,port_congestion
RMREV007937,RMPO029063,2025-02-15,2025-02-13,2025-03-07,port_congestion
RMREV007938,RMPO029063,2025-02-15,2025-03-07,2025-03-02,expedite
RMREV007939,RMPO029077,2025-02-15,2025-02-19,2025-02-24,port_congestion
RMREV007940,RMPO029078,2025-02-15,2025-02-16,2025-02-20,port_congestion
RMREV007941,RMPO029287,2025-02-15,2025-02-19,2025-03-05,port_congestion
RMREV007942,RMPO029289,2025-02-15,2025-02-16,2025-02-21,port_congestion
RMREV007943,RMPO027836,2025-02-16,2025-02-17,2025-02-20,expedite_missed
RMREV007944,RMPO027914,2025-02-16,2025-02-17,2025-02-22,expedite_missed
RMREV007945,RMPO027948,2025-02-16,2025-02-23,2025-02-25,raw_material_shortage
RMREV007946,RMPO028610,2025-02-16,2025-02-22,2025-02-27,port_congestion
RMREV007947,RMPO028709,2025-02-16,2025-02-10,2025-02-18,expedite_missed
RMREV007948,RMPO028748,2025-02-16,2025-02-19,2025-02-24,port_congestion
RMREV007949,RMPO028750,2025-02-16,2025-02-19,2025-03-03,port_congestion
RMREV007950,RMPO029427,2025-02-16,2025-02-14,2025-02-25,port_congestion
RMREV007951,RMPO029428,2025-02-16,2025-02-22,2025-02-26,port_congestion
RMREV007952,RMPO029453,2025-02-16,2025-02-23,2025-02-24,supplier_capacity
RMREV007953,RMPO029460,2025-02-16,2025-02-24,2025-02-28,port_congestion
RMREV007954,RMPO028162,2025-02-17,2025-03-01,2025-03-16,supplier_capacity
RMREV007955,RMPO028162,2025-02-17,2025-03-16,2025-03-13,expedite
RMREV007956,RMPO028464,2025-02-17,2025-02-19,2025-02-26,port_congestion
RMREV007957,RMPO028626,2025-02-17,2025-02-26,2025-03-11,production_issue
RMREV007958,RMPO028744,2025-02-17,2025-02-24,2025-03-13,port_congestion
RMREV007959,RMPO028744,2025-02-17,2025-03-13,2025-03-06,expedite
RMREV007960,RMPO028751,2025-02-17,2025-02-25,2025-03-09,port_congestion
RMREV007961,RMPO028751,2025-02-17,2025-03-09,2025-03-05,expedite
RMREV007962,RMPO029047,2025-02-17,2025-02-27,2025-03-02,port_congestion
RMREV007963,RMPO029081,2025-02-17,2025-02-13,2025-02-27,expedite_missed
RMREV007964,RMPO029238,2025-02-17,2025-02-20,2025-02-23,expedite_missed
RMREV007965,RMPO027640,2025-02-18,2025-02-23,2025-02-24,expedite_missed
RMREV007966,RMPO027871,2025-02-18,2025-03-01,2025-03-11,carrier_delay
RMREV007967,RMPO027927,2025-02-18,2025-02-25,2025-03-09,carrier_delay
RMREV007968,RMPO028998,2025-02-18,2025-03-03,2025-03-04,port_congestion
RMREV007969,RMPO029038,2025-02-18,2025-03-01,2025-03-03,port_congestion
RMREV007970,RMPO029084,2025-02-18,2025-02-18,2025-02-20,port_congestion
RMREV007971,RMPO029251,2025-02-18,2025-02-21,2025-02-25,carrier_delay
RMREV007972,RMPO029292,2025-02-18,2025-02-16,2025-03-13,port_congestion
RMREV007973,RMPO029292,2025-02-18,2025-03-13,2025-03-06,expedite
RMREV007974,RMPO029380,2025-02-18,2025-03-02,2025-03-06,production_issue
RMREV007975,RMPO029429,2025-02-18,2025-02-20,2025-02-24,port_congestion
RMREV007976,RMPO029548,2025-02-18,2025-02-25,2025-03-06,port_congestion
RMREV007977,RMPO029550,2025-02-18,2025-02-23,2025-03-08,port_congestion
RMREV007978,RMPO029551,2025-02-18,2025-02-26,2025-03-13,port_congestion
RMREV007979,RMPO029552,2025-02-18,2025-02-25,2025-03-11,port_congestion
RMREV007980,RMPO029553,2025-02-18,2025-02-27,2025-03-13,port_congestion
RMREV007981,RMPO029555,2025-02-18,2025-02-26,2025-03-05,port_congestion
RMREV007982,RMPO029568,2025-02-18,2025-02-23,2025-03-03,port_congestion
RMREV007983,RMPO029569,2025-02-18,2025-02-24,2025-03-04,port_congestion
RMREV007984,RMPO029572,2025-02-18,2025-02-22,2025-03-05,port_congestion
RMREV007985,RMPO029621,2025-02-18,2025-02-22,2025-02-23,raw_material_shortage
RMREV007986,RMPO029622,2025-02-18,2025-02-22,2025-02-27,port_congestion
RMREV007987,RMPO029684,2025-02-18,2025-02-24,2025-03-05,port_congestion
RMREV007988,RMPO029686,2025-02-18,2025-02-24,2025-02-27,port_congestion
RMREV007989,RMPO029686,2025-02-18,2025-02-27,2025-02-20,expedite
RMREV007990,RMPO027613,2025-02-19,2025-02-22,2025-03-05,production_issue
RMREV007991,RMPO027672,2025-02-19,2025-02-16,2025-02-20,rail_disruption
RMREV007992,RMPO027673,2025-02-19,2025-02-17,2025-02-21,rail_disruption
RMREV007993,RMPO027955,2025-02-19,2025-02-23,2025-03-19,supplier_capacity
RMREV007994,RMPO028211,2025-02-19,2025-02-15,2025-03-07,port_congestion
RMREV007995,RMPO028211,2025-02-19,2025-03-07,2025-03-02,expedite
RMREV007996,RMPO028346,2025-02-19,2025-02-18,2025-02-21,rail_disruption
RMREV007997,RMPO028414,2025-02-19,2025-02-27,2025-03-03,production_issue
RMREV007998,RMPO028434,2025-02-19,2025-02-19,2025-02-21,supplier_capacity
RMREV007999,RMPO028487,2025-02-19,2025-02-25,2025-02-28,carrier_delay
RMREV008000,RMPO028512,2025-02-19,2025-02-27,2025-03-06,port_congestion
RMREV008001,RMPO028512,2025-02-19,2025-03-06,2025-02-27,expedite
RMREV008002,RMPO028625,2025-02-19,2025-03-02,2025-03-12,raw_material_shortage
RMREV008003,RMPO028749,2025-02-19,2025-03-02,2025-03-04,port_congestion
RMREV008004,RMPO028956,2025-02-19,2025-02-22,2025-02-25,supplier_capacity
RMREV008005,RMPO029039,2025-02-19,2025-02-25,2025-03-02,port_congestion
RMREV008006,RMPO029047,2025-02-19,2025-03-02,2025-03-04,port_congestion
RMREV008007,RMPO029194,2025-02-19,2025-02-19,2025-02-21,carrier_delay
RMREV008008,RMPO029247,2025-02-19,2025-02-18,2025-02-23,carrier_delay
RMREV008009,RMPO029549,2025-02-19,2025-02-23,2025-03-01,port_congestion
RMREV008010,RMPO029721,2025-02-19,2025-03-03,2025-03-14,production_issue
RMREV008011,RMPO027796,2025-02-20,2025-02-23,2025-02-26,expedite_missed
RMREV008012,RMPO028058,2025-02-20,2025-02-27,2025-03-11,supplier_capacity
RMREV008013,RMPO028163,2025-02-20,2025-02-26,2025-03-07,carrier_delay
RMREV008014,RMPO028486,2025-02-20,2025-02-26,2025-03-14,raw_material_shortage
RMREV008015,RMPO028893,2025-02-20,2025-03-01,2025-03-08,carrier_delay
RMREV008016,RMPO029090,2025-02-20,2025-02-26,2025-03-01,port_congestion
RMREV008017,RMPO029241,2025-02-20,2025-02-21,2025-02-23,port_congestion
RMREV008018,RMPO029554,2025-02-20,2025-02-25,2025-03-02,port_congestion
RMREV008019,RMPO029570,2025-02-20,2025-02-25,2025-03-08,port_congestion
RMREV008020,RMPO029767,2025-02-20,2025-02-25,2025-03-06,raw_material_shortage
RMREV008021,RMPO029767,2025-02-20,2025-03-06,2025-02-27,expedite
RMREV008022,RMPO028487,2025-02-21,2025-02-28,2025-03-01,carrier_delay
RMREV008023,RMPO029078,2025-02-21,2025-02-20,2025-02-22,port_congestion
RMREV008024,RMPO029240,2025-02-21,2025-02-26,2025-03-09,port_congestion
RMREV008025,RMPO029240,2025-02-21,2025-03-09,2025-03-02,expedite
RMREV008026,RMPO029348,2025-02-21,2025-02-23,2025-02-24,production_issue
RMREV008027,RMPO029381,2025-02-21,2025-03-02,2025-03-04,production_issue
RMREV008028,RMPO029454,2025-02-21,2025-02-22,2025-02-23,supplier_capacity
RMREV008029,RMPO029686,2025-02-21,2025-02-20,2025-02-27,expedite_missed
RMREV008030,RMPO029716,2025-02-21,2025-03-01,2025-03-02,carrier_delay
RMREV008031,RMPO028059,2025-02-22,2025-03-04,2025-03-08,supplier_capacity
RMREV008032,RMPO029241,2025-02-22,2025-02-23,2025-02-26,port_congestion
RMREV008033,RMPO029289,2025-02-22,2025-02-21,2025-02-27,port_congestion
RMREV008034,RMPO029314,2025-02-22,2025-02-16,2025-03-12,port_congestion
RMREV008035,RMPO029314,2025-02-22,2025-03-12,2025-03-06,expedite
RMREV008036,RMPO029320,2025-02-22,2025-02-26,2025-03-03,port_congestion
RMREV008037,RMPO029348,2025-02-22,2025-02-24,2025-02-25,production_issue
RMREV008038,RMPO029364,2025-02-22,2025-02-22,2025-02-23,raw_material_shortage
RMREV008039,RMPO029554,2025-02-22,2025-03-02,2025-03-04,port_congestion
RMREV008040,RMPO029571,2025-02-22,2025-02-24,2025-03-02,port_congestion
RMREV008041,RMPO029620,2025-02-22,2025-02-28,2025-03-01,raw_material_shortage
RMREV008042,RMPO029742,2025-02-22,2025-02-26,2025-02-28,production_issue
RMREV008043,RMPO029767,2025-02-22,2025-02-27,2025-03-06,expedite_missed
RMREV008044,RMPO028503,2025-02-23,2025-02-21,2025-02-24,port_congestion
RMREV008045,RMPO028515,2025-02-23,2025-02-25,2025-03-05,port_congestion
RMREV008046,RMPO028515,2025-02-23,2025-03-05,2025-03-01,expedite
RMREV008047,RMPO028741,2025-02-23,2025-02-24,2025-03-05,port_congestion
RMREV008048,RMPO028845,2025-02-23,2025-02-21,2025-02-24,carrier_delay
RMREV008049,RMPO028997,2025-02-23,2025-03-03,2025-03-10,supplier_capacity
RMREV008050,RMPO028997,2025-02-23,2025-03-10,2025-03-05,expedite
RMREV008051,RMPO029048,2025-02-23,2025-02-27,2025-03-06,port_congestion
RMREV008052,RMPO029291,2025-02-23,2025-02-23,2025-02-27,port_congestion
RMREV008053,RMPO029685,2025-02-23,2025-02-24,2025-03-01,port_congestion
RMREV008054,RMPO028161,2025-02-24,2025-02-25,2025-03-07,raw_material_shortage
RMREV008055,RMPO028370,2025-02-24,2025-02-18,2025-02-27,port_congestion
RMREV008056,RMPO028453,2025-02-24,2025-02-28,2025-03-08,port_congestion
RMREV008057,RMPO028559,2025-02-24,2025-03-02,2025-03-12,supplier_capacity
RMREV008058,RMPO028958,2025-02-24,2025-02-26,2025-03-01,carrier_delay
RMREV008059,RMPO029046,2025-02-24,2025-02-27,2025-03-05,port_congestion
RMREV008060,RMPO029106,2025-02-24,2025-03-04,2025-03-06,carrier_delay
RMREV008061,RMPO029180,2025-02-24,2025-03-01,2025-03-11,supplier_capacity
RMREV008062,RMPO029197,2025-02-24,2025-02-25,2025-03-02,expedite_missed
RMREV008063,RMPO029240,2025-02-24,2025-03-02,2025-03-07,expedite_missed
RMREV008064,RMPO029411,2025-02-24,2025-03-08,2025-03-12,carrier_delay
RMREV008065,RMPO029435,2025-02-24,2025-03-08,2025-03-10,supplier_capacity
RMREV008066,RMPO029716,2025-02-24,2025-03-02,2025-03-03,carrier_delay
RMREV008067,RMPO028137,2025-02-25,2025-03-05,2025-03-15,supplier_capacity
RMREV008068,RMPO028560,2025-02-25,2025-03-03,2025-03-13,production_issue
RMREV008069,RMPO028958,2025-02-25,2025-03-01,2025-03-04,carrier_delay
RMREV008070,RMPO028997,2025-02-25,2025-03-05,2025-03-09,expedite_missed
RMREV008071,RMPO029164,2025-02-25,2025-03-04,2025-03-05,supplier_capacity
RMREV008072,RMPO029488,2025-02-25,2025-02-28,2025-03-01,raw_material_shortage
RMREV008073,RMPO029772,2025-02-25,2025-02-28,2025-03-11,supplier_capacity
RMREV008074,RMPO029772,2025-02-25,2025-03-11,2025-03-06,expedite
RMREV008075,RMPO029796,2025-02-25,2025-03-08,2025-03-09,supplier_capacity
RMREV008076,RMPO029801,2025-02-25,2025-03-05,2025-03-08,lead_time_extension
RMREV008077,RMPO029802,2025-02-25,2025-03-02,2025-03-04,lead_time_extension
RMREV008078,RMPO029803,2025-02-25,2025-03-02,2025-03-04,lead_time_extension
RMREV008079,RMPO029804,2025-02-25,2025-03-03,2025-03-05,lead_time_extension
RMREV008080,RMPO029806,2025-02-25,2025-03-03,2025-03-04,lead_time_extension
RMREV008081,RMPO029807,2025-02-25,2025-03-05,2025-03-09,lead_time_extension
RMREV008082,RMPO029809,2025-02-25,2025-03-02,2025-03-06,port_congestion
RMREV008083,RMPO029836,2025-02-25,2025-02-27,2025-03-03,port_congestion
RMREV008084,RMPO029899,2025-02-25,2025-03-03,2025-03-06,port_congestion
RMREV008085,RMPO029959,2025-02-25,2025-02-28,2025-03-08,port_congestion
RMREV008086,RMPO029959,2025-02-25,2025-03-08,2025-03-02,expedite
RMREV008087,RMPO029961,2025-02-25,2025-02-27,2025-03-07,port_congestion
RMREV008088,RMPO028273,2025-02-26,2025-02-25,2025-03-05,expedite_missed
RMREV008089,RMPO028980,2025-02-26,2025-03-09,2025-03-19,raw_material_shortage
RMREV008090,RMPO029023,2025-02-26,2025-03-09,2025-03-10,production_issue
RMREV008091,RMPO029320,2025-02-26,2025-03-03,2025-03-07,port_congestion
RMREV008092,RMPO029457,2025-02-26,2025-03-04,2025-03-09,supplier_capacity
RMREV008093,RMPO029571,2025-02-26,2025-03-02,2025-03-08,port_congestion
RMREV008094,RMPO029677,2025-02-26,2025-03-02,2025-03-05,carrier_delay
RMREV008095,RMPO029805,2025-02-26,2025-03-02,2025-03-04,lead_time_extension
RMREV008096,RMPO029810,2025-02-26,2025-03-03,2025-03-05,lead_time_extension
RMREV008097,RMPO028136,2025-02-27,2025-03-08,2025-03-18,carrier_delay
RMREV008098,RMPO028164,2025-02-27,2025-02-28,2025-03-09,production_issue
RMREV008099,RMPO029036,2025-02-27,2025-03-01,2025-03-11,raw_material_shortage
RMREV008100,RMPO029036,2025-02-27,2025-03-11,2025-03-04,expedite
RMREV008101,RMPO029113,2025-02-27,2025-03-05,2025-03-18,supplier_capacity
RMREV008102,RMPO029165,2025-02-27,2025-03-04,2025-03-12,supplier_capacity
RMREV008103,RMPO029661,2025-02-27,2025-03-11,2025-03-12,supplier_capacity
RMREV008104,RMPO029743,2025-02-27,2025-03-03,2025-03-05,raw_material_shortage
RMREV008105,RMPO029760,2025-02-27,2025-03-06,2025-03-07,carrier_delay
RMREV008106,RMPO029772,2025-02-27,2025-03-06,2025-03-11,expedite_missed
RMREV008107,RMPO028033,2025-02-28,2025-02-22,2025-03-02,expedite_missed
RMREV008108,RMPO028161,2025-02-28,2025-03-07,2025-03-11,raw_material_shortage
RMREV008109,RMPO028210,2025-02-28,2025-02-27,2025-03-03,expedite_missed
RMREV008110,RMPO028211,2025-02-28,2025-03-02,2025-03-07,expedite_missed
RMREV008111,RMPO028505,2025-02-28,2025-03-08,2025-03-27,production_issue
RMREV008112,RMPO028505,2025-02-28,2025-03-27,2025-03-20,expedite
RMREV008113,RMPO028751,2025-02-28,2025-03-05,2025-03-09,expedite_missed
RMREV008114,RMPO029163,2025-02-28,2025-03-02,2025-03-03,carrier_delay
RMREV008115,RMPO029245,2025-02-28,2025-03-01,2025-03-04,expedite_missed
RMREV008116,RMPO029248,2025-02-28,2025-03-06,2025-03-24,carrier_delay
RMREV008117,RMPO029381,2025-02-28,2025-03-04,2025-03-06,production_issue
RMREV008118,RMPO029808,2025-02-28,2025-03-04,2025-03-07,lead_time_extension
RMREV008119,RMPO029810,2025-02-28,2025-03-05,2025-03-06,lead_time_extension
RMREV008120,RMPO029836,2025-02-28,2025-03-03,2025-03-04,port_congestion
RMREV008121,RMPO029878,2025-02-28,2025-03-09,2025-03-23,production_issue
RMREV008122,RMPO028512,2025-03-01,2025-02-27,2025-03-06,expedite_missed
RMREV008123,RMPO029036,2025-03-01,2025-03-04,2025-03-11,expedite_missed
RMREV008124,RMPO029322,2025-03-01,2025-03-04,2025-03-07,supplier_capacity
RMREV008125,RMPO029549,2025-03-01,2025-03-01,2025-03-08,port_congestion
RMREV008126,RMPO029946,2025-03-01,2025-03-09,2025-03-16,carrier_delay
RMREV008127,RMPO028112,2025-03-02,2025-03-07,2025-03-12,production_issue
RMREV008128,RMPO028393,2025-03-02,2025-03-04,2025-03-09,production_issue
RMREV008129,RMPO028470,2025-03-02,2025-03-12,2025-03-30,raw_material_shortage
RMREV008130,RMPO028866,2025-03-02,2025-03-10,2025-04-02,production_issue
RMREV008131,RMPO029165,2025-03-02,2025-03-12,2025-03-14,supplier_capacity
RMREV008132,RMPO029209,2025-03-02,2025-03-10,2025-03-29,carrier_delay
RMREV008133,RMPO028515,2025-03-03,2025-03-01,2025-03-05,expedite_missed
RMREV008134,RMPO028610,2025-03-03,2025-02-27,2025-03-04,port_congestion
RMREV008135,RMPO029460,2025-03-03,2025-02-28,2025-03-05,port_congestion
RMREV008136,RMPO029971,2025-03-03,2025-03-10,2025-03-11,raw_material_shortage
RMREV008137,RMPO027926,2025-03-04,2025-03-07,2025-03-11,raw_material_shortage
RMREV008138,RMPO029314,2025-03-04,2025-03-06,2025-03-09,expedite_missed
RMREV008139,RMPO029647,2025-03-04,2025-03-09,2025-03-10,production_issue
RMREV008140,RMPO029806,2025-03-04,2025-03-04,2025-03-05,lead_time_extension
RMREV008141,RMPO030074,2025-03-04,2025-03-11,2025-03-13,lead_time_extension
RMREV008142,RMPO030075,2025-03-04,2025-03-12,2025-03-15,lead_time_extension
RMREV008143,RMPO030098,2025-03-04,2025-03-14,2025-03-15,raw_material_shortage
RMREV008144,RMPO028686,2025-03-05,2025-03-15,2025-03-24,carrier_delay
RMREV008145,RMPO028744,2025-03-05,2025-03-06,2025-03-10,expedite_missed
RMREV008146,RMPO029341,2025-03-05,2025-03-09,2025-03-14,production_issue
RMREV008147,RMPO029343,2025-03-05,2025-03-06,2025-03-25,supplier_capacity
RMREV008148,RMPO029343,2025-03-05,2025-03-25,2025-03-18,expedite
RMREV008149,RMPO029461,2025-03-05,2025-03-01,2025-03-07,port_congestion
RMREV008150,RMPO029661,2025-03-05,2025-03-12,2025-03-13,supplier_capacity
RMREV008151,RMPO029672,2025-03-05,2025-03-16,2025-03-19,production_issue
RMREV008152,RMPO030073,2025-03-05,2025-03-09,2025-03-11,lead_time_extension
RMREV008153,RMPO030224,2025-03-05,2025-03-15,2025-03-16,production_issue
RMREV008154,RMPO028463,2025-03-06,2025-03-07,2025-03-16,carrier_delay
RMREV008155,RMPO028815,2025-03-06,2025-03-13,2025-03-26,raw_material_shortage
RMREV008156,RMPO028815,2025-03-06,2025-03-26,2025-03-20,expedite
RMREV008157,RMPO028908,2025-03-06,2025-03-18,2025-03-26,supplier_capacity
RMREV008158,RMPO029039,2025-03-06,2025-03-02,2025-03-07,port_congestion
RMREV008159,RMPO029057,2025-03-06,2025-03-20,2025-03-24,raw_material_shortage
RMREV008160,RMPO029583,2025-03-06,2025-03-13,2025-03-23,production_issue
RMREV008161,RMPO029727,2025-03-06,2025-03-18,2025-03-26,raw_material_shortage
RMREV008162,RMPO029869,2025-03-06,2025-03-11,2025-03-13,carrier_delay
RMREV008163,RMPO028546,2025-03-07,2025-03-16,2025-03-30,supplier_capacity
RMREV008164,RMPO029548,2025-03-07,2025-03-06,2025-03-10,port_congestion
RMREV008165,RMPO029876,2025-03-07,2025-03-09,2025-03-11,raw_material_shortage
RMREV008166,RMPO028867,2025-03-08,2025-03-10,2025-03-15,supplier_capacity
RMREV008167,RMPO029687,2025-03-08,2025-03-18,2025-03-19,supplier_capacity
RMREV008168,RMPO029719,2025-03-08,2025-03-11,2025-03-15,production_issue
RMREV008169,RMPO029728,2025-03-08,2025-03-18,2025-03-21,production_issue
RMREV008170,RMPO028059,2025-03-09,2025-03-08,2025-03-12,supplier_capacity
RMREV008171,RMPO028463,2025-03-09,2025-03-16,2025-03-21,carrier_delay
RMREV008172,RMPO029341,2025-03-09,2025-03-14,2025-03-16,production_issue
RMREV008173,RMPO029411,2025-03-09,2025-03-12,2025-03-16,carrier_delay
RMREV008174,RMPO029692,2025-03-09,2025-03-19,2025-03-31,supplier_capacity
RMREV008175,RMPO029796,2025-03-09,2025-03-09,2025-03-10,supplier_capacity
RMREV008176,RMPO028815,2025-03-10,2025-03-20,2025-03-24,expedite_missed
RMREV008177,RMPO028907,2025-03-10,2025-03-19,2025-03-21,raw_material_shortage
RMREV008178,RMPO029436,2025-03-10,2025-03-11,2025-03-14,supplier_capacity
RMREV008179,RMPO029451,2025-03-10,2025-03-16,2025-03-24,production_issue
RMREV008180,RMPO029647,2025-03-10,2025-03-10,2025-03-11,production_issue
RMREV008181,RMPO029692,2025-03-10,2025-03-31,2025-04-05,supplier_capacity
RMREV008182,RMPO029693,2025-03-10,2025-03-18,2025-03-21,supplier_capacity
RMREV008183,RMPO030061,2025-03-10,2025-03-20,2025-03-22,raw_material_shortage
RMREV008184,RMPO030233,2025-03-10,2025-03-12,2025-03-13,production_issue
RMREV008185,RMPO028545,2025-03-11,2025-03-13,2025-03-26,supplier_capacity
RMREV008186,RMPO028905,2025-03-11,2025-03-18,2025-03-21,production_issue
RMREV008187,RMPO029013,2025-03-11,2025-03-20,2025-03-26,production_issue
RMREV008188,RMPO029580,2025-03-11,2025-03-23,2025-03-26,supplier_capacity
RMREV008189,RMPO029673,2025-03-11,2025-03-15,2025-03-17,supplier_capacity
RMREV008190,RMPO029971,2025-03-11,2025-03-11,2025-03-12,raw_material_shortage
RMREV008191,RMPO030226,2025-03-11,2025-03-20,2025-03-21,raw_material_shortage
RMREV008192,RMPO030320,2025-03-11,2025-03-18,2025-03-21,lead_time_extension
RMREV008193,RMPO030321,2025-03-11,2025-03-16,2025-03-18,lead_time_extension
RMREV008194,RMPO030323,2025-03-11,2025-03-16,2025-03-18,lead_time_extension
RMREV008195,RMPO030471,2025-03-11,2025-03-14,2025-03-18,raw_material_shortage
RMREV008196,RMPO028893,2025-03-12,2025-03-08,2025-03-15,carrier_delay
RMREV008197,RMPO029009,2025-03-12,2025-03-20,2025-03-21,supplier_capacity
RMREV008198,RMPO029694,2025-03-12,2025-03-19,2025-03-22,supplier_capacity
RMREV008199,RMPO029711,2025-03-12,2025-03-16,2025-03-18,raw_material_shortage
RMREV008200,RMPO029876,2025-03-12,2025-03-11,2025-03-13,raw_material_shortage
RMREV008201,RMPO030033,2025-03-12,2025-03-13,2025-03-28,supplier_capacity
RMREV008202,RMPO030033,2025-03-12,2025-03-28,2025-03-22,expedite
RMREV008203,RMPO030449,2025-03-12,2025-03-23,2025-03-24,supplier_capacity
RMREV008204,RMPO028911,2025-03-13,2025-03-18,2025-03-22,production_issue
RMREV008205,RMPO028920,2025-03-13,2025-03-14,2025-03-20,production_issue
RMREV008206,RMPO029516,2025-03-13,2025-03-17,2025-03-27,quality_hold_at_supplier
RMREV008207,RMPO029516,2025-03-13,2025-03-27,2025-03-21,expedite
RMREV008208,RMPO027955,2025-03-14,2025-03-19,2025-04-14,supplier_capacity
RMREV008209,RMPO028911,2025-03-14,2025-03-22,2025-03-25,production_issue
RMREV008210,RMPO029009,2025-03-14,2025-03-21,2025-03-22,supplier_capacity
RMREV008211,RMPO029122,2025-03-14,2025-03-17,2025-03-24,raw_material_shortage
RMREV008212,RMPO029734,2025-03-14,2025-03-24,2025-04-03,production_issue
RMREV008213,RMPO029931,2025-03-14,2025-03-19,2025-03-24,supplier_capacity
RMREV008214,RMPO030230,2025-03-14,2025-03-16,2025-04-04,quality_hold_at_supplier
RMREV008215,RMPO030230,2025-03-14,2025-04-04,2025-03-27,expedite
RMREV008216,RMPO028505,2025-03-15,2025-03-20,2025-03-23,expedite_missed
RMREV008217,RMPO028591,2025-03-15,2025-03-22,2025-04-02,carrier_delay
RMREV008218,RMPO028622,2025-03-15,2025-03-22,2025-04-15,supplier_capacity
RMREV008219,RMPO028689,2025-03-15,2025-03-20,2025-03-24,carrier_delay
RMREV008220,RMPO029226,2025-03-15,2025-03-19,2025-03-22,supplier_capacity
RMREV008221,RMPO029516,2025-03-15,2025-03-21,2025-03-27,expedite_missed
RMREV008222,RMPO029711,2025-03-15,2025-03-18,2025-03-19,raw_material_shortage
RMREV008223,RMPO030081,2025-03-15,2025-03-16,2025-03-19,carrier_delay
RMREV008224,RMPO030098,2025-03-15,2025-03-15,2025-03-16,raw_material_shortage
RMREV008225,RMPO030230,2025-03-15,2025-03-27,2025-03-31,expedite_missed
RMREV008226,RMPO030322,2025-03-15,2025-03-18,2025-03-21,lead_time_extension
RMREV008227,RMPO028625,2025-03-16,2025-03-12,2025-03-17,raw_material_shortage
RMREV008228,RMPO028907,2025-03-16,2025-03-21,2025-03-22,raw_material_shortage
RMREV008229,RMPO029072,2025-03-16,2025-03-17,2025-04-02,carrier_delay
RMREV008230,RMPO029072,2025-03-16,2025-04-02,2025-03-28,expedite
RMREV008231,RMPO029403,2025-03-16,2025-03-27,2025-04-10,carrier_delay
RMREV008232,RMPO029965,2025-03-16,2025-03-26,2025-04-01,supplier_capacity
RMREV008233,RMPO030341,2025-03-16,2025-03-17,2025-03-18,raw_material_shortage
RMREV008234,RMPO030381,2025-03-16,2025-03-17,2025-03-18,supplier_capacity
RMREV008235,RMPO028622,2025-03-17,2025-04-15,2025-05-02,supplier_capacity
RMREV008236,RMPO029010,2025-03-17,2025-03-20,2025-03-22,raw_material_shortage
RMREV008237,RMPO029011,2025-03-17,2025-03-18,2025-03-21,supplier_capacity
RMREV008238,RMPO029136,2025-03-17,2025-03-26,2025-03-27,supplier_capacity
RMREV008239,RMPO029225,2025-03-17,2025-03-22,2025-04-07,carrier_delay
RMREV008240,RMPO029673,2025-03-17,2025-03-17,2025-03-18,supplier_capacity
RMREV008241,RMPO030471,2025-03-17,2025-03-18,2025-03-21,raw_material_shortage
RMREV008242,RMPO028919,2025-03-18,2025-03-19,2025-03-25,production_issue
RMREV008243,RMPO029688,2025-03-18,2025-03-19,2025-03-23,supplier_capacity
RMREV008244,RMPO029762,2025-03-18,2025-03-30,2025-04-11,production_issue
RMREV008245,RMPO029762,2025-03-18,2025-04-11,2025-04-07,expedite
RMREV008246,RMPO029982,2025-03-18,2025-03-23,2025-03-24,raw_material_shortage
RMREV008247,RMPO030198,2025-03-18,2025-03-30,2025-04-01,production_issue
RMREV008248,RMPO030449,2025-03-18,2025-03-24,2025-03-25,supplier_capacity
RMREV008249,RMPO030585,2025-03-18,2025-03-25,2025-03-28,lead_time_extension
RMREV008250,RMPO030586,2025-03-18,2025-03-23,2025-03-24,lead_time_extension
RMREV008251,RMPO030587,2025-03-18,2025-03-23,2025-03-25,lead_time_extension
RMREV008252,RMPO030588,2025-03-18,2025-03-23,2025-03-25,lead_time_extension
RMREV008253,RMPO030590,2025-03-18,2025-03-26,2025-03-29,lead_time_extension
RMREV008254,RMPO030653,2025-03-18,2025-03-22,2025-03-26,carrier_delay
RMREV008255,RMPO030726,2025-03-18,2025-03-26,2025-03-31,quality_hold_at_supplier
RMREV008256,RMPO028906,2025-03-19,2025-03-23,2025-03-26,carrier_delay
RMREV008257,RMPO028909,2025-03-19,2025-03-20,2025-03-31,supplier_capacity
RMREV008258,RMPO029130,2025-03-19,2025-03-26,2025-03-30,supplier_capacity
RMREV008259,RMPO029223,2025-03-19,2025-03-28,2025-04-03,production_issue
RMREV008260,RMPO029404,2025-03-19,2025-03-31,2025-04-19,production_issue
RMREV008261,RMPO029964,2025-03-19,2025-03-22,2025-03-27,supplier_capacity
RMREV008262,RMPO030654,2025-03-19,2025-03-21,2025-03-25,carrier_delay
RMREV008263,RMPO030654,2025-03-19,2025-03-25,2025-03-22,expedite
RMREV008264,RMPO028930,2025-03-20,2025-03-26,2025-04-09,supplier_capacity
RMREV008265,RMPO028930,2025-03-20,2025-04-09,2025-04-06,expedite
RMREV008266,RMPO029135,2025-03-20,2025-03-30,2025-04-01,supplier_capacity
RMREV008267,RMPO029451,2025-03-20,2025-03-24,2025-03-28,production_issue
RMREV008268,RMPO030161,2025-03-20,2025-03-24,2025-03-25,production_issue
RMREV008269,RMPO030701,2025-03-20,2025-03-30,2025-04-02,supplier_capacity
RMREV008270,RMPO028933,2025-03-21,2025-03-28,2025-04-04,supplier_capacity
RMREV008271,RMPO029010,2025-03-21,2025-03-22,2025-03-23,raw_material_shortage
RMREV008272,RMPO029131,2025-03-21,2025-03-25,2025-03-30,production_issue
RMREV008273,RMPO029132,2025-03-21,2025-03-26,2025-03-31,production_issue
RMREV008274,RMPO029133,2025-03-21,2025-03-25,2025-03-26,carrier_delay
RMREV008275,RMPO029371,2025-03-21,2025-04-01,2025-04-12,carrier_delay
RMREV008276,RMPO029787,2025-03-21,2025-03-30,2025-04-09,rail_disruption
RMREV008277,RMPO030212,2025-03-21,2025-04-01,2025-04-06,supplier_capacity
RMREV008278,RMPO030414,2025-03-21,2025-03-31,2025-04-07,rail_disruption
RMREV008279,RMPO030720,2025-03-21,2025-03-29,2025-04-03,production_issue
RMREV008280,RMPO028910,2025-03-22,2025-03-23,2025-04-04,carrier_delay
RMREV008281,RMPO028910,2025-03-22,2025-04-04,2025-03-28,expedite
RMREV008282,RMPO029298,2025-03-22,2025-03-23,2025-03-25,carrier_delay
RMREV008283,RMPO029328,2025-03-22,2025-03-24,2025-04-01,supplier_capacity
RMREV008284,RMPO029328,2025-03-22,2025-04-01,2025-03-25,expedite
RMREV008285,RMPO030107,2025-03-22,2025-03-25,2025-03-28,carrier_delay
RMREV008286,RMPO030340,2025-03-22,2025-04-03,2025-04-04,production_issue
RMREV008287,RMPO030702,2025-03-22,2025-04-01,2025-04-02,production_issue
RMREV008288,RMPO029299,2025-03-23,2025-04-02,2025-04-24,production_issue
RMREV008289,RMPO029299,2025-03-23,2025-04-24,2025-04-21,expedite
RMREV008290,RMPO029561,2025-03-23,2025-04-04,2025-04-11,production_issue
RMREV008291,RMPO029565,2025-03-23,2025-04-03,2025-04-05,raw_material_shortage
RMREV008292,RMPO029697,2025-03-23,2025-03-29,2025-04-13,carrier_delay
RMREV008293,RMPO029751,2025-03-23,2025-04-02,2025-04-04,raw_material_shortage
RMREV008294,RMPO029818,2025-03-23,2025-04-11,2025-04-18,production_issue
RMREV008295,RMPO029985,2025-03-23,2025-03-30,2025-04-03,production_issue
RMREV008296,RMPO030302,2025-03-23,2025-04-02,2025-04-05,production_issue
RMREV008297,RMPO030478,2025-03-23,2025-04-08,2025-04-15,production_issue
RMREV008298,RMPO030586,2025-03-23,2025-03-24,2025-03-25,lead_time_extension
RMREV008299,RMPO030589,2025-03-23,2025-03-25,2025-03-27,lead_time_extension
RMREV008300,RMPO030760,2025-03-23,2025-03-26,2025-03-27,carrier_delay
RMREV008301,RMPO029059,2025-03-24,2025-03-31,2025-04-12,carrier_delay
RMREV008302,RMPO029059,2025-03-24,2025-04-12,2025-04-04,expedite
RMREV008303,RMPO029221,2025-03-24,2025-03-28,2025-04-06,supplier_capacity
RMREV008304,RMPO029565,2025-03-24,2025-04-05,2025-04-07,raw_material_shortage
RMREV008305,RMPO029788,2025-03-24,2025-03-30,2025-04-04,rail_disruption
RMREV008306,RMPO030003,2025-03-24,2025-04-05,2025-04-10,raw_material_shortage
RMREV008307,RMPO030103,2025-03-24,2025-03-31,2025-04-04,raw_material_shortage
RMREV008308,RMPO030107,2025-03-24,2025-03-28,2025-03-30,carrier_delay
RMREV008309,RMPO030216,2025-03-24,2025-03-29,2025-03-30,supplier_capacity
RMREV008310,RMPO030782,2025-03-24,2025-03-31,2025-04-19,allocation_cut
RMREV008311,RMPO030782,2025-03-24,2025-04-19,2025-04-12,expedite
RMREV008312,RMPO029372,2025-03-25,2025-04-01,2025-04-22,raw_material_shortage
RMREV008313,RMPO029934,2025-03-25,2025-04-05,2025-04-13,raw_material_shortage
RMREV008314,RMPO029966,2025-03-25,2025-03-27,2025-04-02,supplier_capacity
RMREV008315,RMPO030100,2025-03-25,2025-04-05,2025-04-19,supplier_capacity
RMREV008316,RMPO030120,2025-03-25,2025-03-28,2025-04-04,raw_material_shortage
RMREV008317,RMPO030214,2025-03-25,2025-04-02,2025-04-05,supplier_capacity
RMREV008318,RMPO030302,2025-03-25,2025-04-05,2025-04-08,production_issue
RMREV008319,RMPO030464,2025-03-25,2025-04-05,2025-04-10,production_issue
RMREV008320,RMPO030855,2025-03-25,2025-03-31,2025-04-11,rail_disruption
RMREV008321,RMPO030909,2025-03-25,2025-03-29,2025-04-05,raw_material_shortage
RMREV008322,RMPO030910,2025-03-25,2025-03-29,2025-04-05,production_issue
RMREV008323,RMPO030967,2025-03-25,2025-03-28,2025-03-31,supplier_capacity
RMREV008324,RMPO031018,2025-03-25,2025-04-02,2025-04-04,production_issue
RMREV008325,RMPO028888,2025-03-26,2025-03-29,2025-04-04,rail_disruption
RMREV008326,RMPO028916,2025-03-26,2025-03-27,2025-04-05,production_issue
RMREV008327,RMPO029220,2025-03-26,2025-03-29,2025-03-31,raw_material_shortage
RMREV008328,RMPO029222,2025-03-26,2025-03-27,2025-04-16,raw_material_shortage
RMREV008329,RMPO030033,2025-03-26,2025-03-22,2025-03-28,expedite_missed
RMREV008330,RMPO030102,2025-03-26,2025-04-03,2025-04-07,supplier_capacity
RMREV008331,RMPO030829,2025-03-26,2025-04-01,2025-04-04,lead_time_extension
RMREV008332,RMPO030835,2025-03-26,2025-03-31,2025-04-03,lead_time_extension
RMREV008333,RMPO029531,2025-03-27,2025-04-01,2025-04-03,production_issue
RMREV008334,RMPO029817,2025-03-27,2025-04-07,2025-04-17,production_issue
RMREV008335,RMPO030215,2025-03-27,2025-04-02,2025-04-03,supplier_capacity
RMREV008336,RMPO030218,2025-03-27,2025-04-03,2025-04-04,supplier_capacity
RMREV008337,RMPO030474,2025-03-27,2025-04-05,2025-04-11,supplier_capacity
RMREV008338,RMPO030496,2025-03-27,2025-04-06,2025-04-12,production_issue
RMREV008339,RMPO030722,2025-03-27,2025-04-02,2025-04-04,production_issue
RMREV008340,RMPO030786,2025-03-27,2025-04-02,2025-04-07,allocation_cut
RMREV008341,RMPO030786,2025-03-27,2025-04-07,2025-03-30,expedite
RMREV008342,RMPO030830,2025-03-27,2025-03-30,2025-04-01,lead_time_extension
RMREV008343,RMPO030832,2025-03-27,2025-04-02,2025-04-05,lead_time_extension
RMREV008344,RMPO029373,2025-03-28,2025-04-01,2025-04-14,supplier_capacity
RMREV008345,RMPO029846,2025-03-28,2025-04-08,2025-04-12,rail_disruption
RMREV008346,RMPO030053,2025-03-28,2025-04-06,2025-04-15,rail_disruption
RMREV008347,RMPO030053,2025-03-28,2025-04-15,2025-04-08,expedite
RMREV008348,RMPO030106,2025-03-28,2025-03-29,2025-04-03,supplier_capacity
RMREV008349,RMPO030119,2025-03-28,2025-03-30,2025-04-05,raw_material_shortage
RMREV008350,RMPO030219,2025-03-28,2025-03-29,2025-04-04,supplier_capacity
RMREV008351,RMPO030251,2025-03-28,2025-03-31,2025-04-10,rail_disruption
RMREV008352,RMPO030252,2025-03-28,2025-03-31,2025-04-08,rail_disruption
RMREV008353,RMPO030609,2025-03-28,2025-04-09,2025-04-17,production_issue
RMREV008354,RMPO031019,2025-03-28,2025-04-03,2025-04-04,carrier_delay
RMREV008355,RMPO031020,2025-03-28,2025-04-04,2025-04-07,supplier_capacity
RMREV008356,RMPO029561,2025-03-29,2025-04-11,2025-04-18,production_issue
RMREV008357,RMPO029633,2025-03-29,2025-04-08,2025-04-09,production_issue
RMREV008358,RMPO029640,2025-03-29,2025-04-09,2025-04-13,raw_material_shortage
RMREV008359,RMPO029794,2025-03-29,2025-04-10,2025-04-12,raw_material_shortage
RMREV008360,RMPO029985,2025-03-29,2025-04-03,2025-04-04,production_issue
RMREV008361,RMPO030139,2025-03-29,2025-04-07,2025-04-10,raw_material_shortage
RMREV008362,RMPO030239,2025-03-29,2025-03-31,2025-04-01,raw_material_shortage
RMREV008363,RMPO030590,2025-03-29,2025-03-29,2025-03-30,lead_time_extension
RMREV008364,RMPO030831,2025-03-29,2025-03-31,2025-04-03,lead_time_extension
RMREV008365,RMPO030845,2025-03-29,2025-04-06,2025-04-16,rail_disruption
RMREV008366,RMPO031019,2025-03-29,2025-04-04,2025-04-06,carrier_delay
RMREV008367,RMPO029142,2025-03-30,2025-04-03,2025-04-04,carrier_delay
RMREV008368,RMPO029632,2025-03-30,2025-04-09,2025-04-13,supplier_capacity
RMREV008369,RMPO029707,2025-03-30,2025-03-31,2025-04-03,carrier_delay
RMREV008370,RMPO029850,2025-03-30,2025-04-08,2025-04-16,rail_disruption
RMREV008371,RMPO030339,2025-03-30,2025-04-05,2025-04-09,raw_material_shortage
RMREV008372,RMPO030355,2025-03-30,2025-04-01,2025-04-05,raw_material_shortage
RMREV008373,RMPO030482,2025-03-30,2025-04-07,2025-04-10,supplier_capacity
RMREV008374,RMPO030833,2025-03-30,2025-03-31,2025-04-03,lead_time_extension
RMREV008375,RMPO031043,2025-03-30,2025-04-06,2025-04-12,allocation_cut
RMREV008376,RMPO031043,2025-03-30,2025-04-12,2025-04-07,expedite
RMREV008377,RMPO029059,2025-03-31,2025-04-04,2025-04-09,expedite_missed
RMREV008378,RMPO028888,2025-04-01,2025-04-04,2025-04-10,rail_disruption
RMREV008379,RMPO028930,2025-04-01,2025-04-06,2025-04-07,expedite_missed
RMREV008380,RMPO029373,2025-04-01,2025-04-14,2025-04-18,supplier_capacity
RMREV008381,RMPO030734,2025-04-01,2025-04-08,2025-04-09,supplier_capacity
RMREV008382,RMPO030856,2025-04-01,2025-04-04,2025-04-11,rail_disruption
RMREV008383,RMPO031091,2025-04-01,2025-04-09,2025-04-12,lead_time_extension
RMREV008384,RMPO031092,2025-04-01,2025-04-08,2025-04-11,lead_time_extension
RMREV008385,RMPO031093,2025-04-01,2025-04-06,2025-04-07,lead_time_extension
RMREV008386,RMPO031095,2025-04-01,2025-04-08,2025-04-11,lead_time_extension
RMREV008387,RMPO031096,2025-04-01,2025-04-06,2025-04-08,lead_time_extension
RMREV008388,RMPO031182,2025-04-01,2025-04-05,2025-04-06,supplier_capacity
RMREV008389,RMPO031262,2025-04-01,2025-04-09,2025-04-27,allocation_cut
RMREV008390,RMPO029358,2025-04-02,2025-04-09,2025-04-13,rail_disruption
RMREV008391,RMPO029483,2025-04-02,2025-04-04,2025-04-09,supplier_capacity
RMREV008392,RMPO029630,2025-04-02,2025-04-08,2025-04-11,raw_material_shortage
RMREV008393,RMPO029820,2025-04-02,2025-04-04,2025-04-06,raw_material_shortage
RMREV008394,RMPO029849,2025-04-02,2025-04-08,2025-04-10,rail_disruption
RMREV008395,RMPO030018,2025-04-02,2025-04-14,2025-05-05,production_issue
RMREV008396,RMPO030119,2025-04-02,2025-04-05,2025-04-07,raw_material_shortage
RMREV008397,RMPO030355,2025-04-02,2025-04-05,2025-04-07,raw_material_shortage
RMREV008398,RMPO030685,2025-04-02,2025-04-04,2025-04-08,rail_disruption
RMREV008399,RMPO030733,2025-04-02,2025-04-08,2025-04-10,raw_material_shortage
RMREV008400,RMPO029630,2025-04-03,2025-04-11,2025-04-12,raw_material_shortage
RMREV008401,RMPO029631,2025-04-03,2025-04-09,2025-04-13,supplier_capacity
RMREV008402,RMPO029788,2025-04-03,2025-04-04,2025-04-06,rail_disruption
RMREV008403,RMPO029848,2025-04-03,2025-04-08,2025-04-12,rail_disruption
RMREV008404,RMPO030099,2025-04-03,2025-04-15,2025-04-27,rail_disruption
RMREV008405,RMPO030104,2025-04-03,2025-04-05,2025-04-11,production_issue
RMREV008406,RMPO030480,2025-04-03,2025-04-12,2025-04-15,supplier_capacity
RMREV008407,RMPO030494,2025-04-03,2025-04-06,2025-04-12,raw_material_shortage
RMREV008408,RMPO030671,2025-04-03,2025-04-05,2025-04-07,supplier_capacity
RMREV008409,RMPO030713,2025-04-03,2025-04-12,2025-04-16,supplier_capacity
RMREV008410,RMPO030834,2025-04-03,2025-04-04,2025-04-06,lead_time_extension
RMREV008411,RMPO031043,2025-04-03,2025-04-07,2025-04-10,expedite_missed
RMREV008412,RMPO031094,2025-04-03,2025-04-09,2025-04-11,lead_time_extension
RMREV008413,RMPO031098,2025-04-03,2025-04-06,2025-04-08,lead_time_extension
RMREV008414,RMPO031215,2025-04-03,2025-04-15,2025-04-22,rail_disruption
RMREV008415,RMPO029121,2025-04-04,2025-04-07,2025-04-11,rail_disruption
RMREV008416,RMPO029371,2025-04-04,2025-04-12,2025-04-22,carrier_delay
RMREV008417,RMPO029519,2025-04-04,2025-04-13,2025-04-20,production_issue
RMREV008418,RMPO029822,2025-04-04,2025-04-05,2025-04-26,production_issue
RMREV008419,RMPO029822,2025-04-04,2025-04-26,2025-04-21,expedite
RMREV008420,RMPO030222,2025-04-04,2025-04-12,2025-04-28,raw_material_shortage
RMREV008421,RMPO030473,2025-04-04,2025-04-07,2025-04-13,supplier_capacity
RMREV008422,RMPO030505,2025-04-04,2025-04-07,2025-04-17,rail_disruption
RMREV008423,RMPO031093,2025-04-04,2025-04-07,2025-04-08,lead_time_extension
RMREV008424,RMPO029356,2025-04-05,2025-04-14,2025-04-25,rail_disruption
RMREV008425,RMPO029633,2025-04-05,2025-04-09,2025-04-10,production_issue
RMREV008426,RMPO029794,2025-04-05,2025-04-12,2025-04-13,raw_material_shortage
RMREV008427,RMPO029799,2025-04-05,2025-04-17,2025-04-24,carrier_delay
RMREV008428,RMPO030058,2025-04-05,2025-04-15,2025-04-21,raw_material_shortage
RMREV008429,RMPO030109,2025-04-05,2025-04-14,2025-04-26,rail_disruption
RMREV008430,RMPO030269,2025-04-05,2025-04-15,2025-04-19,production_issue
RMREV008431,RMPO030352,2025-04-05,2025-04-13,2025-04-28,supplier_capacity
RMREV008432,RMPO031021,2025-04-05,2025-04-07,2025-04-09,production_issue
RMREV008433,RMPO031053,2025-04-05,2025-04-09,2025-04-27,raw_material_shortage
RMREV008434,RMPO031053,2025-04-05,2025-04-27,2025-04-19,expedite
RMREV008435,RMPO031293,2025-04-05,2025-04-09,2025-04-11,carrier_delay
RMREV008436,RMPO029424,2025-04-06,2025-04-10,2025-04-17,supplier_capacity
RMREV008437,RMPO029615,2025-04-06,2025-04-17,2025-04-29,rail_disruption
RMREV008438,RMPO029819,2025-04-06,2025-04-11,2025-04-12,production_issue
RMREV008439,RMPO029846,2025-04-06,2025-04-12,2025-04-17,rail_disruption
RMREV008440,RMPO030079,2025-04-06,2025-04-13,2025-04-16,production_issue
RMREV008441,RMPO030478,2025-04-06,2025-04-15,2025-04-18,production_issue
RMREV008442,RMPO030483,2025-04-06,2025-04-11,2025-04-12,supplier_capacity
RMREV008443,RMPO030663,2025-04-06,2025-04-07,2025-04-27,rail_disruption
RMREV008444,RMPO030922,2025-04-06,2025-04-14,2025-04-18,rail_disruption
RMREV008445,RMPO030941,2025-04-06,2025-04-08,2025-04-13,rail_disruption
RMREV008446,RMPO031097,2025-04-06,2025-04-07,2025-04-08,lead_time_extension
RMREV008447,RMPO031123,2025-04-06,2025-04-07,2025-04-17,rail_disruption
RMREV008448,RMPO029332,2025-04-07,2025-04-12,2025-04-16,raw_material_shortage
RMREV008449,RMPO029355,2025-04-07,2025-04-13,2025-04-24,rail_disruption
RMREV008450,RMPO029425,2025-04-07,2025-04-10,2025-04-14,supplier_capacity
RMREV008451,RMPO029614,2025-04-07,2025-04-19,2025-04-27,rail_disruption
RMREV008452,RMPO029616,2025-04-07,2025-04-17,2025-04-21,rail_disruption
RMREV008453,RMPO029729,2025-04-07,2025-04-16,2025-04-23,supplier_capacity
RMREV008454,RMPO029730,2025-04-07,2025-04-11,2025-04-16,supplier_capacity
RMREV008455,RMPO029749,2025-04-07,2025-04-10,2025-05-16,raw_material_shortage
RMREV008456,RMPO030137,2025-04-07,2025-04-13,2025-04-25,carrier_delay
RMREV008457,RMPO030618,2025-04-07,2025-04-08,2025-04-11,supplier_capacity
RMREV008458,RMPO031097,2025-04-07,2025-04-08,2025-04-10,lead_time_extension
RMREV008459,RMPO031277,2025-04-07,2025-04-14,2025-04-15,supplier_capacity
RMREV008460,RMPO029849,2025-04-08,2025-04-10,2025-04-12,rail_disruption
RMREV008461,RMPO031124,2025-04-08,2025-04-11,2025-04-15,rail_disruption
RMREV008462,RMPO031263,2025-04-08,2025-04-09,2025-04-18,allocation_cut
RMREV008463,RMPO031372,2025-04-08,2025-04-18,2025-04-20,lead_time_extension
RMREV008464,RMPO031432,2025-04-08,2025-04-18,2025-04-21,carrier_delay
RMREV008465,RMPO031457,2025-04-08,2025-04-13,2025-04-14,production_issue
RMREV008466,RMPO031532,2025-04-08,2025-04-16,2025-04-29,allocation_cut
RMREV008467,RMPO031533,2025-04-08,2025-04-16,2025-05-05,allocation_cut
RMREV008468,RMPO031578,2025-04-08,2025-04-13,2025-04-15,carrier_delay
RMREV008469,RMPO029221,2025-04-09,2025-04-06,2025-04-17,supplier_capacity
RMREV008470,RMPO029403,2025-04-09,2025-04-10,2025-04-19,carrier_delay
RMREV008471,RMPO029483,2025-04-09,2025-04-09,2025-04-13,supplier_capacity
RMREV008472,RMPO029520,2025-04-09,2025-04-17,2025-04-24,production_issue
RMREV008473,RMPO030353,2025-04-09,2025-04-10,2025-04-24,production_issue
RMREV008474,RMPO030396,2025-04-09,2025-04-12,2025-05-01,production_issue
RMREV008475,RMPO030511,2025-04-09,2025-04-14,2025-04-22,supplier_capacity
RMREV008476,RMPO030695,2025-04-09,2025-04-10,2025-04-13,raw_material_shortage
RMREV008477,RMPO030951,2025-04-09,2025-04-19,2025-04-23,carrier_delay
RMREV008478,RMPO031124,2025-04-09,2025-04-15,2025-04-17,rail_disruption
RMREV008479,RMPO031497,2025-04-09,2025-04-20,2025-04-21,production_issue
RMREV008480,RMPO029425,2025-04-10,2025-04-14,2025-04-17,supplier_capacity
RMREV008481,RMPO030169,2025-04-10,2025-04-18,2025-05-30,carrier_delay
RMREV008482,RMPO031277,2025-04-10,2025-04-15,2025-04-16,supplier_capacity
RMREV008483,RMPO031458,2025-04-10,2025-04-13,2025-04-14,carrier_delay
RMREV008484,RMPO029358,2025-04-11,2025-04-13,2025-04-17,rail_disruption
RMREV008485,RMPO029404,2025-04-11,2025-04-19,2025-04-25,production_issue
RMREV008486,RMPO029697,2025-04-11,2025-04-13,2025-04-18,carrier_delay
RMREV008487,RMPO030733,2025-04-11,2025-04-10,2025-04-12,raw_material_shortage
RMREV008488,RMPO030740,2025-04-11,2025-04-14,2025-04-19,rail_disruption
RMREV008489,RMPO030741,2025-04-11,2025-04-14,2025-05-07,rail_disruption
RMREV008490,RMPO030741,2025-04-11,2025-05-07,2025-05-01,expedite
RMREV008491,RMPO031094,2025-04-11,2025-04-11,2025-04-13,lead_time_extension
RMREV008492,RMPO031373,2025-04-11,2025-04-14,2025-04-16,lead_time_extension
RMREV008493,RMPO029611,2025-04-12,2025-04-16,2025-04-23,rail_disruption
RMREV008494,RMPO029819,2025-04-12,2025-04-12,2025-04-13,production_issue
RMREV008495,RMPO030473,2025-04-12,2025-04-13,2025-04-19,supplier_capacity
RMREV008496,RMPO030932,2025-04-12,2025-04-13,2025-04-14,production_issue
RMREV008497,RMPO030977,2025-04-12,2025-04-22,2025-04-29,supplier_capacity
RMREV008498,RMPO030977,2025-04-12,2025-04-29,2025-04-23,expedite
RMREV008499,RMPO030998,2025-04-12,2025-04-21,2025-04-26,rail_disruption
RMREV008500,RMPO031374,2025-04-12,2025-04-14,2025-04-16,lead_time_extension
RMREV008501,RMPO029332,2025-04-13,2025-04-16,2025-04-18,raw_material_shortage
RMREV008502,RMPO029587,2025-04-13,2025-04-14,2025-04-25,supplier_capacity
RMREV008503,RMPO029612,2025-04-13,2025-04-17,2025-04-23,rail_disruption
RMREV008504,RMPO029904,2025-04-13,2025-04-15,2025-05-11,carrier_delay
RMREV008505,RMPO030510,2025-04-13,2025-04-14,2025-04-20,supplier_capacity
RMREV008506,RMPO030786,2025-04-13,2025-03-30,2025-04-15,expedite_missed
RMREV008507,RMPO030923,2025-04-13,2025-04-14,2025-04-18,rail_disruption
RMREV008508,RMPO031358,2025-04-13,2025-04-25,2025-04-28,production_issue
RMREV008509,RMPO029613,2025-04-14,2025-04-19,2025-04-25,rail_disruption
RMREV008510,RMPO029905,2025-04-14,2025-04-15,2025-04-30,carrier_delay
RMREV008511,RMPO029905,2025-04-14,2025-04-30,2025-04-25,expedite
RMREV008512,RMPO029949,2025-04-14,2025-04-15,2025-04-20,raw_material_shortage
RMREV008513,RMPO030358,2025-04-14,2025-04-21,2025-04-27,rail_disruption
RMREV008514,RMPO030740,2025-04-14,2025-04-19,2025-04-24,rail_disruption
RMREV008515,RMPO030880,2025-04-14,2025-04-18,2025-04-19,production_issue
RMREV008516,RMPO030932,2025-04-14,2025-04-14,2025-04-15,production_issue
RMREV008517,RMPO030972,2025-04-14,2025-04-19,2025-04-21,carrier_delay
RMREV008518,RMPO030999,2025-04-14,2025-04-21,2025-04-29,rail_disruption
RMREV008519,RMPO031053,2025-04-14,2025-04-19,2025-04-21,expedite_missed
RMREV008520,RMPO031072,2025-04-14,2025-04-23,2025-04-28,production_issue
RMREV008521,RMPO031109,2025-04-14,2025-04-18,2025-04-24,rail_disruption
RMREV008522,RMPO031227,2025-04-14,2025-04-26,2025-04-30,carrier_delay
RMREV008523,RMPO031374,2025-04-14,2025-04-16,2025-04-17,lead_time_extension
RMREV008524,RMPO029907,2025-04-15,2025-04-19,2025-05-02,carrier_delay
RMREV008525,RMPO030051,2025-04-15,2025-04-24,2025-05-10,carrier_delay
RMREV008526,RMPO030567,2025-04-15,2025-04-19,2025-05-12,rail_disruption
RMREV008527,RMPO030643,2025-04-15,2025-04-27,2025-05-03,carrier_delay
RMREV008528,RMPO030730,2025-04-15,2025-04-23,2025-04-29,raw_material_shortage
RMREV008529,RMPO031239,2025-04-15,2025-04-25,2025-05-01,supplier_capacity
RMREV008530,RMPO031639,2025-04-15,2025-04-20,2025-04-22,lead_time_extension
RMREV008531,RMPO031640,2025-04-15,2025-04-20,2025-04-22,lead_time_extension
RMREV008532,RMPO031769,2025-04-15,2025-04-18,2025-04-20,production_issue
RMREV008533,RMPO029850,2025-04-16,2025-04-16,2025-04-19,rail_disruption
RMREV008534,RMPO029921,2025-04-16,2025-04-26,2025-05-09,supplier_capacity
RMREV008535,RMPO029921,2025-04-16,2025-05-09,2025-05-01,expedite
RMREV008536,RMPO030167,2025-04-16,2025-04-23,2025-05-29,raw_material_shortage
RMREV008537,RMPO030529,2025-04-16,2025-04-22,2025-04-26,carrier_delay
RMREV008538,RMPO030730,2025-04-16,2025-04-29,2025-05-02,raw_material_shortage
RMREV008539,RMPO030741,2025-04-16,2025-05-01,2025-05-03,expedite_missed
RMREV008540,RMPO031663,2025-04-16,2025-04-21,2025-04-30,rail_disruption
RMREV008541,RMPO030168,2025-04-17,2025-04-21,2025-06-05,supplier_capacity
RMREV008542,RMPO030168,2025-04-17,2025-06-05,2025-05-28,expedite
RMREV008543,RMPO030356,2025-04-17,2025-04-21,2025-04-27,rail_disruption
RMREV008544,RMPO030417,2025-04-17,2025-04-19,2025-04-26,raw_material_shortage
RMREV008545,RMPO030566,2025-04-17,2025-04-19,2025-04-23,rail_disruption
RMREV008546,RMPO030950,2025-04-17,2025-04-22,2025-04-26,raw_material_shortage
RMREV008547,RMPO031274,2025-04-17,2025-04-22,2025-04-24,raw_material_shortage
RMREV008548,RMPO031472,2025-04-17,2025-04-27,2025-05-02,carrier_delay
RMREV008549,RMPO031637,2025-04-17,2025-04-26,2025-04-30,lead_time_extension
RMREV008550,RMPO031638,2025-04-17,2025-04-20,2025-04-22,lead_time_extension
RMREV008551,RMPO031777,2025-04-17,2025-04-26,2025-04-28,production_issue
RMREV008552,RMPO031832,2025-04-17,2025-04-27,2025-04-30,carrier_delay
RMREV008553,RMPO029614,2025-04-18,2025-04-27,2025-04-29,rail_disruption
RMREV008554,RMPO029783,2025-04-18,2025-04-20,2025-05-05,carrier_delay
RMREV008555,RMPO029783,2025-04-18,2025-05-05,2025-05-01,expedite
RMREV008556,RMPO030203,2025-04-18,2025-04-25,2025-05-16,carrier_delay
RMREV008557,RMPO030976,2025-04-18,2025-04-23,2025-04-30,supplier_capacity
RMREV008558,RMPO031251,2025-04-18,2025-04-30,2025-05-03,supplier_capacity
RMREV008559,RMPO031254,2025-04-18,2025-04-30,2025-05-09,supplier_capacity
RMREV008560,RMPO031770,2025-04-18,2025-04-19,2025-04-21,supplier_capacity
RMREV008561,RMPO029424,2025-04-19,2025-04-17,2025-04-22,supplier_capacity
RMREV008562,RMPO030566,2025-04-19,2025-04-23,2025-04-24,rail_disruption
RMREV008563,RMPO030970,2025-04-19,2025-04-26,2025-04-30,carrier_delay
RMREV008564,RMPO030971,2025-04-19,2025-04-22,2025-04-26,supplier_capacity
RMREV008565,RMPO031471,2025-04-19,2025-04-26,2025-04-30,carrier_delay
RMREV008566,RMPO030052,2025-04-20,2025-04-22,2025-05-08,production_issue
RMREV008567,RMPO030972,2025-04-20,2025-04-21,2025-04-23,carrier_delay
RMREV008568,RMPO031122,2025-04-20,2025-04-23,2025-04-25,supplier_capacity
RMREV008569,RMPO031193,2025-04-20,2025-04-21,2025-04-26,rail_disruption
RMREV008570,RMPO031263,2025-04-20,2025-04-18,2025-04-25,allocation_cut
RMREV008571,RMPO031576,2025-04-20,2025-04-21,2025-04-23,production_issue
RMREV008572,RMPO031577,2025-04-20,2025-04-22,2025-04-24,raw_material_shortage
RMREV008573,RMPO031662,2025-04-20,2025-04-25,2025-04-29,raw_material_shortage
RMREV008574,RMPO030347,2025-04-21,2025-04-22,2025-04-28,rail_disruption
RMREV008575,RMPO030444,2025-04-21,2025-04-24,2025-05-03,supplier_capacity
RMREV008576,RMPO030510,2025-04-21,2025-04-20,2025-04-26,supplier_capacity
RMREV008577,RMPO030969,2025-04-21,2025-04-23,2025-04-28,supplier_capacity
RMREV008578,RMPO030973,2025-04-21,2025-04-23,2025-04-26,supplier_capacity
RMREV008579,RMPO031134,2025-04-21,2025-05-01,2025-05-03,supplier_capacity
RMREV008580,RMPO031419,2025-04-21,2025-05-01,2025-05-02,production_issue
RMREV008581,RMPO031483,2025-04-21,2025-04-22,2025-04-27,production_issue
RMREV008582,RMPO031825,2025-04-21,2025-04-29,2025-04-30,production_issue
RMREV008583,RMPO030165,2025-04-22,2025-04-23,2025-04-29,carrier_delay
RMREV008584,RMPO030319,2025-04-22,2025-05-01,2025-05-23,raw_material_shortage
RMREV008585,RMPO030999,2025-04-22,2025-04-29,2025-05-02,rail_disruption
RMREV008586,RMPO031193,2025-04-22,2025-04-26,2025-05-02,rail_disruption
RMREV008587,RMPO031226,2025-04-22,2025-04-27,2025-05-04,supplier_capacity
RMREV008588,RMPO031279,2025-04-22,2025-04-29,2025-05-07,production_issue
RMREV008589,RMPO031432,2025-04-22,2025-04-21,2025-04-23,carrier_delay
RMREV008590,RMPO031732,2025-04-22,2025-05-01,2025-05-03,production_issue
RMREV008591,RMPO031824,2025-04-22,2025-04-24,2025-04-25,raw_material_shortage
RMREV008592,RMPO031892,2025-04-22,2025-04-27,2025-04-29,lead_time_extension
RMREV008593,RMPO031893,2025-04-22,2025-04-29,2025-05-01,lead_time_extension
RMREV008594,RMPO031895,2025-04-22,2025-04-27,2025-04-29,lead_time_extension
RMREV008595,RMPO031896,2025-04-22,2025-04-28,2025-04-30,lead_time_extension
RMREV008596,RMPO031986,2025-04-22,2025-04-26,2025-04-27,raw_material_shortage
RMREV008597,RMPO031989,2025-04-22,2025-04-26,2025-04-27,raw_material_shortage
RMREV008598,RMPO031274,2025-04-23,2025-04-24,2025-04-26,raw_material_shortage
RMREV008599,RMPO031282,2025-04-23,2025-04-28,2025-05-02,supplier_capacity
RMREV008600,RMPO031521,2025-04-23,2025-05-03,2025-05-20,supplier_capacity
RMREV008601,RMPO031894,2025-04-23,2025-04-29,2025-05-01,lead_time_extension
RMREV008602,RMPO030347,2025-04-24,2025-04-28,2025-04-30,rail_disruption
RMREV008603,RMPO030718,2025-04-24,2025-04-26,2025-05-02,supplier_capacity
RMREV008604,RMPO030718,2025-04-24,2025-05-02,2025-04-26,expedite
RMREV008605,RMPO031240,2025-04-24,2025-04-26,2025-05-02,supplier_capacity
RMREV008606,RMPO031643,2025-04-24,2025-05-05,2025-05-07,supplier_capacity
RMREV008607,RMPO031653,2025-04-24,2025-04-27,2025-05-01,supplier_capacity
RMREV008608,RMPO031890,2025-04-24,2025-04-28,2025-04-30,lead_time_extension
RMREV008609,RMPO031912,2025-04-24,2025-05-05,2025-05-06,production_issue
RMREV008610,RMPO032053,2025-04-24,2025-04-30,2025-05-13,allocation_cut
RMREV008611,RMPO030137,2025-04-25,2025-04-25,2025-05-05,carrier_delay
RMREV008612,RMPO030137,2025-04-25,2025-05-05,2025-04-30,expedite
RMREV008613,RMPO030296,2025-04-25,2025-05-04,2025-05-12,carrier_delay
RMREV008614,RMPO030417,2025-04-25,2025-04-26,2025-04-29,raw_material_shortage
RMREV008615,RMPO030657,2025-04-25,2025-05-07,2025-05-15,port_congestion
RMREV008616,RMPO030657,2025-04-25,2025-05-15,2025-05-11,expedite
RMREV008617,RMPO030659,2025-04-25,2025-05-06,2025-05-15,port_congestion
RMREV008618,RMPO030844,2025-04-25,2025-05-04,2025-05-09,production_issue
RMREV008619,RMPO030973,2025-04-25,2025-04-26,2025-04-28,supplier_capacity
RMREV008620,RMPO031250,2025-04-25,2025-04-26,2025-05-01,supplier_capacity
RMREV008621,RMPO031285,2025-04-25,2025-05-05,2025-05-11,supplier_capacity
RMREV008622,RMPO031447,2025-04-25,2025-05-06,2025-05-17,port_congestion
RMREV008623,RMPO029921,2025-04-26,2025-05-01,2025-05-09,expedite_missed
RMREV008624,RMPO030407,2025-04-26,2025-05-04,2025-05-13,port_congestion
RMREV008625,RMPO031226,2025-04-26,2025-05-04,2025-05-06,supplier_capacity
RMREV008626,RMPO031255,2025-04-26,2025-04-29,2025-05-04,supplier_capacity
RMREV008627,RMPO031928,2025-04-26,2025-04-28,2025-04-30,raw_material_shortage
RMREV008628,RMPO031963,2025-04-26,2025-04-27,2025-04-29,carrier_delay
RMREV008629,RMPO030563,2025-04-27,2025-05-06,2025-05-14,port_congestion
RMREV008630,RMPO030902,2025-04-27,2025-04-28,2025-05-02,supplier_capacity
RMREV008631,RMPO031038,2025-04-27,2025-05-06,2025-05-14,port_congestion
RMREV008632,RMPO031246,2025-04-27,2025-05-01,2025-05-04,supplier_capacity
RMREV008633,RMPO031419,2025-04-27,2025-05-02,2025-05-03,production_issue
RMREV008634,RMPO031493,2025-04-27,2025-05-06,2025-05-13,port_congestion
RMREV008635,RMPO031556,2025-04-27,2025-05-06,2025-05-14,port_congestion
RMREV008636,RMPO031754,2025-04-27,2025-05-09,2025-05-17,port_congestion
RMREV008637,RMPO031897,2025-04-27,2025-05-07,2025-05-08,raw_material_shortage
RMREV008638,RMPO030420,2025-04-28,2025-04-30,2025-05-17,supplier_capacity
RMREV008639,RMPO030420,2025-04-28,2025-05-17,2025-05-09,expedite
RMREV008640,RMPO030512,2025-04-28,2025-05-07,2025-05-20,raw_material_shortage
RMREV008641,RMPO030581,2025-04-28,2025-05-04,2025-05-09,port_congestion
RMREV008642,RMPO030655,2025-04-28,2025-05-08,2025-05-16,port_congestion
RMREV008643,RMPO030658,2025-04-28,2025-05-07,2025-05-16,port_congestion
RMREV008644,RMPO030660,2025-04-28,2025-05-08,2025-05-17,port_congestion
RMREV008645,RMPO030660,2025-04-28,2025-05-17,2025-05-13,expedite
RMREV008646,RMPO030662,2025-04-28,2025-05-06,2025-05-11,port_congestion
RMREV008647,RMPO030824,2025-04-28,2025-05-08,2025-05-12,port_congestion
RMREV008648,RMPO031251,2025-04-28,2025-05-03,2025-05-05,supplier_capacity
RMREV008649,RMPO031401,2025-04-28,2025-05-02,2025-05-11,port_congestion
RMREV008650,RMPO031517,2025-04-28,2025-05-07,2025-05-11,supplier_capacity
RMREV008651,RMPO031891,2025-04-28,2025-04-30,2025-05-03,lead_time_extension
RMREV008652,RMPO031988,2025-04-28,2025-05-01,2025-05-02,raw_material_shortage
RMREV008653,RMPO032051,2025-04-28,2025-04-30,2025-05-10,allocation_cut
RMREV008654,RMPO030420,2025-04-29,2025-05-09,2025-05-14,expedite_missed
RMREV008655,RMPO030467,2025-04-29,2025-05-08,2025-05-13,raw_material_shortage
RMREV008656,RMPO031027,2025-04-29,2025-05-06,2025-05-13,port_congestion
RMREV008657,RMPO031103,2025-04-29,2025-05-11,2025-05-16,production_issue
RMREV008658,RMPO031132,2025-04-29,2025-05-04,2025-05-08,production_issue
RMREV008659,RMPO031176,2025-04-29,2025-05-03,2025-05-14,port_congestion
RMREV008660,RMPO031313,2025-04-29,2025-05-07,2025-05-09,carrier_delay
RMREV008661,RMPO031642,2025-04-29,2025-05-02,2025-05-03,raw_material_shortage
RMREV008662,RMPO031644,2025-04-29,2025-05-03,2025-05-14,raw_material_shortage
RMREV008663,RMPO031644,2025-04-29,2025-05-14,2025-05-06,expedite
RMREV008664,RMPO031912,2025-04-29,2025-05-06,2025-05-07,production_issue
RMREV008665,RMPO032092,2025-04-29,2025-05-06,2025-05-08,raw_material_shortage
RMREV008666,RMPO032147,2025-04-29,2025-05-04,2025-05-05,lead_time_extension
RMREV008667,RMPO032148,2025-04-29,2025-05-05,2025-05-08,lead_time_extension
RMREV008668,RMPO032151,2025-04-29,2025-05-09,2025-05-10,lead_time_extension
RMREV008669,RMPO032221,2025-04-29,2025-05-03,2025-05-04,production_issue
RMREV008670,RMPO032299,2025-04-29,2025-05-07,2025-05-27,allocation_cut
RMREV008671,RMPO030886,2025-04-30,2025-05-02,2025-05-10,carrier_delay
RMREV008672,RMPO031037,2025-04-30,2025-05-04,2025-05-15,port_congestion
RMREV008673,RMPO031037,2025-04-30,2025-05-15,2025-05-12,expedite
RMREV008674,RMPO031287,2025-04-30,2025-05-08,2025-05-18,port_congestion
RMREV008675,RMPO031308,2025-04-30,2025-05-12,2025-05-31,port_congestion
RMREV008676,RMPO031492,2025-04-30,2025-05-03,2025-05-05,carrier_delay
RMREV008677,RMPO032006,2025-04-30,2025-05-11,2025-05-18,carrier_delay
RMREV008678,RMPO032049,2025-04-30,2025-05-03,2025-05-08,port_congestion
RMREV008679,RMPO030418,2025-05-01,2025-05-13,2025-05-26,supplier_capacity
RMREV008680,RMPO030564,2025-05-01,2025-05-08,2025-05-18,port_congestion
RMREV008681,RMPO030611,2025-05-01,2025-05-07,2025-05-17,port_congestion
RMREV008682,RMPO030704,2025-05-01,2025-05-06,2025-05-13,raw_material_shortage
RMREV008683,RMPO030804,2025-05-01,2025-05-13,2025-05-20,port_congestion
RMREV008684,RMPO030825,2025-05-01,2025-05-11,2025-05-22,port_congestion
RMREV008685,RMPO031255,2025-05-01,2025-05-04,2025-05-07,supplier_capacity
RMREV008686,RMPO031286,2025-05-01,2025-05-06,2025-05-11,port_congestion
RMREV008687,RMPO031286,2025-05-01,2025-05-11,2025-05-04,expedite
RMREV008688,RMPO031519,2025-05-01,2025-05-07,2025-05-13,supplier_capacity
RMREV008689,RMPO031676,2025-05-01,2025-05-06,2025-05-14,production_issue
RMREV008690,RMPO032149,2025-05-01,2025-05-09,2025-05-11,lead_time_extension
RMREV008691,RMPO032150,2025-05-01,2025-05-07,2025-05-11,lead_time_extension
RMREV008692,RMPO029905,2025-05-02,2025-04-25,2025-05-06,expedite_missed
RMREV008693,RMPO030360,2025-05-02,2025-05-10,2025-05-31,raw_material_shortage
RMREV008694,RMPO030409,2025-05-02,2025-05-03,2025-05-11,port_congestion
RMREV008695,RMPO030467,2025-05-02,2025-05-13,2025-05-17,raw_material_shortage
RMREV008696,RMPO030541,2025-05-02,2025-05-07,2025-05-17,raw_material_shortage
RMREV008697,RMPO030541,2025-05-02,2025-05-17,2025-05-10,expedite
RMREV008698,RMPO030549,2025-05-02,2025-05-04,2025-05-12,carrier_delay
RMREV008699,RMPO030549,2025-05-02,2025-05-12,2025-05-06,expedite
RMREV008700,RMPO031342,2025-05-02,2025-05-05,2025-05-12,raw_material_shortage
RMREV008701,RMPO031517,2025-05-02,2025-05-11,2025-05-12,supplier_capacity
RMREV008702,RMPO031518,2025-05-02,2025-05-03,2025-05-08,supplier_capacity
RMREV008703,RMPO031700,2025-05-02,2025-05-14,2025-05-16,production_issue
RMREV008704,RMPO032050,2025-05-02,2025-05-06,2025-05-07,production_issue
RMREV008705,RMPO032296,2025-05-02,2025-05-07,2025-05-17,allocation_cut
RMREV008706,RMPO030601,2025-05-03,2025-05-04,2025-05-12,raw_material_shortage
RMREV008707,RMPO030657,2025-05-03,2025-05-11,2025-05-15,expedite_missed
RMREV008708,RMPO030661,2025-05-03,2025-05-07,2025-05-11,port_congestion
RMREV008709,RMPO030781,2025-05-03,2025-05-09,2025-05-19,raw_material_shortage
RMREV008710,RMPO030781,2025-05-03,2025-05-19,2025-05-14,expedite
RMREV008711,RMPO030920,2025-05-03,2025-05-14,2025-05-22,port_congestion
RMREV008712,RMPO031227,2025-05-03,2025-04-30,2025-05-05,carrier_delay
RMREV008713,RMPO031283,2025-05-03,2025-05-06,2025-05-08,supplier_capacity
RMREV008714,RMPO031492,2025-05-03,2025-05-05,2025-05-07,carrier_delay
RMREV008715,RMPO031708,2025-05-03,2025-05-13,2025-05-17,port_congestion
RMREV008716,RMPO031774,2025-05-03,2025-05-13,2025-05-18,supplier_capacity
RMREV008717,RMPO031803,2025-05-03,2025-05-13,2025-05-22,port_congestion
RMREV008718,RMPO032147,2025-05-03,2025-05-05,2025-05-06,lead_time_extension
RMREV008719,RMPO032206,2025-05-03,2025-05-11,2025-05-18,raw_material_shortage
RMREV008720,RMPO032314,2025-05-03,2025-05-08,2025-05-14,production_issue
RMREV008721,RMPO032326,2025-05-03,2025-05-07,2025-05-13,port_congestion
RMREV008722,RMPO030667,2025-05-04,2025-05-15,2025-05-20,raw_material_shortage
RMREV008723,RMPO031195,2025-05-04,2025-05-10,2025-05-16,carrier_delay
RMREV008724,RMPO031304,2025-05-04,2025-05-14,2025-05-26,supplier_capacity
RMREV008725,RMPO031675,2025-05-04,2025-05-06,2025-05-13,port_congestion
RMREV008726,RMPO031675,2025-05-04,2025-05-13,2025-05-06,expedite
RMREV008727,RMPO031756,2025-05-04,2025-05-11,2025-05-20,port_congestion
RMREV008728,RMPO031775,2025-05-04,2025-05-15,2025-05-19,supplier_capacity
RMREV008729,RMPO031954,2025-05-04,2025-05-15,2025-05-20,raw_material_shortage
RMREV008730,RMPO032012,2025-05-04,2025-05-13,2025-05-16,production_issue
RMREV008731,RMPO032297,2025-05-04,2025-05-07,2025-05-17,allocation_cut
RMREV008732,RMPO030844,2025-05-05,2025-05-09,2025-05-12,production_issue
RMREV008733,RMPO030857,2025-05-05,2025-05-14,2025-05-21,port_congestion
RMREV008734,RMPO030915,2025-05-05,2025-05-15,2025-05-19,port_congestion
RMREV008735,RMPO031082,2025-05-05,2025-05-15,2025-05-31,port_congestion
RMREV008736,RMPO031219,2025-05-05,2025-05-15,2025-05-22,raw_material_shortage
RMREV008737,RMPO031219,2025-05-05,2025-05-22,2025-05-19,expedite
RMREV008738,RMPO031286,2025-05-05,2025-05-04,2025-05-07,expedite_missed
RMREV008739,RMPO031309,2025-05-05,2025-05-12,2025-05-16,port_congestion
RMREV008740,RMPO031448,2025-05-05,2025-05-07,2025-05-15,port_congestion
RMREV008741,RMPO031644,2025-05-05,2025-05-06,2025-05-09,expedite_missed
RMREV008742,RMPO031675,2025-05-05,2025-05-06,2025-05-13,expedite_missed
RMREV008743,RMPO032049,2025-05-05,2025-05-08,2025-05-15,port_congestion
RMREV008744,RMPO032055,2025-05-05,2025-04-30,2025-05-30,allocation_cut
RMREV008745,RMPO032055,2025-05-05,2025-05-30,2025-05-26,expedite
RMREV008746,RMPO032286,2025-05-05,2025-05-10,2025-05-16,port_congestion
RMREV008747,RMPO032325,2025-05-05,2025-05-07,2025-05-08,raw_material_shortage
RMREV008748,RMPO030549,2025-05-06,2025-05-06,2025-05-14,expedite_missed
RMREV008749,RMPO031322,2025-05-06,2025-05-12,2025-05-20,port_congestion
RMREV008750,RMPO031449,2025-05-06,2025-05-10,2025-05-17,port_congestion
RMREV008751,RMPO032050,2025-05-06,2025-05-07,2025-05-08,production_issue
RMREV008752,RMPO032091,2025-05-06,2025-05-08,2025-05-14,supplier_capacity
RMREV008753,RMPO032386,2025-05-06,2025-05-14,2025-05-16,lead_time_extension
RMREV008754,RMPO032387,2025-05-06,2025-05-14,2025-05-17,lead_time_extension
RMREV008755,RMPO032443,2025-05-06,2025-05-08,2025-05-12,port_congestion
RMREV008756,RMPO032445,2025-05-06,2025-05-08,2025-05-21,port_congestion
RMREV008757,RMPO032463,2025-05-06,2025-05-10,2025-05-12,raw_material_shortage
RMREV008758,RMPO032519,2025-05-06,2025-05-08,2025-05-09,carrier_delay
RMREV008759,RMPO032578,2025-05-06,2025-05-14,2025-05-22,port_congestion
RMREV008760,RMPO030541,2025-05-07,2025-05-10,2025-05-17,expedite_missed
RMREV008761,RMPO031105,2025-05-07,2025-05-12,2025-05-15,production_issue
RMREV008762,RMPO031621,2025-05-07,2025-05-12,2025-05-17,port_congestion
RMREV008763,RMPO031688,2025-05-07,2025-05-17,2025-05-20,raw_material_shortage
RMREV008764,RMPO031869,2025-05-07,2025-05-08,2025-05-11,port_congestion
RMREV008765,RMPO032056,2025-05-07,2025-04-30,2025-05-20,allocation_cut
RMREV008766,RMPO032056,2025-05-07,2025-05-20,2025-05-12,expedite
RMREV008767,RMPO032133,2025-05-07,2025-05-16,2025-05-18,production_issue
RMREV008768,RMPO032325,2025-05-07,2025-05-08,2025-05-09,raw_material_shortage
RMREV008769,RMPO030167,2025-05-08,2025-05-29,2025-06-09,raw_material_shortage
RMREV008770,RMPO030661,2025-05-08,2025-05-11,2025-05-16,port_congestion
RMREV008771,RMPO031083,2025-05-08,2025-05-15,2025-05-23,port_congestion
RMREV008772,RMPO031488,2025-05-08,2025-05-12,2025-05-21,raw_material_shortage
RMREV008773,RMPO031752,2025-05-08,2025-05-13,2025-05-17,port_congestion
RMREV008774,RMPO031775,2025-05-08,2025-05-19,2025-05-20,supplier_capacity
RMREV008775,RMPO031869,2025-05-08,2025-05-11,2025-05-14,port_congestion
RMREV008776,RMPO031898,2025-05-08,2025-05-12,2025-05-13,raw_material_shortage
RMREV008777,RMPO032022,2025-05-08,2025-05-16,2025-05-25,port_congestion
RMREV008778,RMPO030919,2025-05-09,2025-05-15,2025-05-23,port_congestion
RMREV008779,RMPO031081,2025-05-09,2025-05-15,2025-05-26,port_congestion
RMREV008780,RMPO031698,2025-05-09,2025-05-18,2025-05-20,supplier_capacity
RMREV008781,RMPO031773,2025-05-09,2025-05-15,2025-05-25,supplier_capacity
RMREV008782,RMPO031925,2025-05-09,2025-05-14,2025-05-25,production_issue
RMREV008783,RMPO031943,2025-05-09,2025-05-13,2025-05-25,port_congestion
RMREV008784,RMPO032152,2025-05-09,2025-05-19,2025-05-21,carrier_delay
RMREV008785,RMPO032577,2025-05-09,2025-05-14,2025-05-17,port_congestion
RMREV008786,RMPO030656,2025-05-10,2025-05-16,2025-05-21,port_congestion
RMREV008787,RMPO030915,2025-05-10,2025-05-19,2025-05-21,port_congestion
RMREV008788,RMPO031047,2025-05-10,2025-05-19,2025-06-04,carrier_delay
RMREV008789,RMPO031047,2025-05-10,2025-06-04,2025-05-28,expedite
RMREV008790,RMPO031266,2025-05-10,2025-05-12,2025-05-18,carrier_delay
RMREV008791,RMPO031753,2025-05-10,2025-05-14,2025-05-22,carrier_delay
RMREV008792,RMPO031755,2025-05-10,2025-05-13,2025-05-21,port_congestion
RMREV008793,RMPO032151,2025-05-10,2025-05-10,2025-05-12,lead_time_extension
RMREV008794,RMPO032538,2025-05-10,2025-05-14,2025-05-31,allocation_cut
RMREV008795,RMPO030630,2025-05-11,2025-05-17,2025-05-27,raw_material_shortage
RMREV008796,RMPO030914,2025-05-11,2025-05-13,2025-05-19,port_congestion
RMREV008797,RMPO031141,2025-05-11,2025-05-15,2025-05-27,production_issue
RMREV008798,RMPO031199,2025-05-11,2025-05-16,2025-05-19,production_issue
RMREV008799,RMPO031306,2025-05-11,2025-05-13,2025-05-21,port_congestion
RMREV008800,RMPO031367,2025-05-11,2025-05-22,2025-06-02,carrier_delay
RMREV008801,RMPO031697,2025-05-11,2025-05-19,2025-05-21,raw_material_shortage
RMREV008802,RMPO031942,2025-05-11,2025-05-13,2025-05-24,port_congestion
RMREV008803,RMPO032045,2025-05-11,2025-05-23,2025-05-25,supplier_capacity
RMREV008804,RMPO032193,2025-05-11,2025-05-22,2025-05-29,supplier_capacity
RMREV008805,RMPO032296,2025-05-11,2025-05-17,2025-05-20,allocation_cut
RMREV008806,RMPO030886,2025-05-12,2025-05-10,2025-05-13,carrier_delay
RMREV008807,RMPO030921,2025-05-12,2025-05-14,2025-05-22,port_congestion
RMREV008808,RMPO031104,2025-05-12,2025-05-16,2025-05-22,raw_material_shortage
RMREV008809,RMPO031105,2025-05-12,2025-05-15,2025-05-18,production_issue
RMREV008810,RMPO031188,2025-05-12,2025-05-22,2025-06-02,supplier_capacity
RMREV008811,RMPO031220,2025-05-12,2025-05-19,2025-05-26,raw_material_shortage
RMREV008812,RMPO031355,2025-05-12,2025-05-20,2025-05-24,supplier_capacity
RMREV008813,RMPO031707,2025-05-12,2025-05-23,2025-05-29,raw_material_shortage
RMREV008814,RMPO031707,2025-05-12,2025-05-29,2025-05-24,expedite
RMREV008815,RMPO031868,2025-05-12,2025-05-14,2025-06-02,port_congestion
RMREV008816,RMPO032006,2025-05-12,2025-05-18,2025-05-22,carrier_delay
RMREV008817,RMPO032006,2025-05-12,2025-05-22,2025-05-15,expedite
RMREV008818,RMPO032056,2025-05-12,2025-05-12,2025-05-18,expedite_missed
RMREV008819,RMPO032250,2025-05-12,2025-05-15,2025-05-18,carrier_delay
RMREV008820,RMPO032544,2025-05-12,2025-05-14,2025-05-25,allocation_cut
RMREV008821,RMPO032577,2025-05-12,2025-05-17,2025-05-18,port_congestion
RMREV008822,RMPO030898,2025-05-13,2025-05-24,2025-06-02,carrier_delay
RMREV008823,RMPO032076,2025-05-13,2025-05-21,2025-05-29,supplier_capacity
RMREV008824,RMPO032294,2025-05-13,2025-05-16,2025-05-17,raw_material_shortage
RMREV008825,RMPO032308,2025-05-13,2025-05-20,2025-05-22,production_issue
RMREV008826,RMPO032637,2025-05-13,2025-05-18,2025-05-21,lead_time_extension
RMREV008827,RMPO032638,2025-05-13,2025-05-19,2025-05-21,lead_time_extension
RMREV008828,RMPO032639,2025-05-13,2025-05-21,2025-05-23,lead_time_extension
RMREV008829,RMPO032718,2025-05-13,2025-05-18,2025-05-19,carrier_delay
RMREV008830,RMPO032719,2025-05-13,2025-05-17,2025-05-18,raw_material_shortage
RMREV008831,RMPO032804,2025-05-13,2025-05-21,2025-05-22,allocation_cut
RMREV008832,RMPO030667,2025-05-14,2025-05-20,2025-05-23,raw_material_shortage
RMREV008833,RMPO031219,2025-05-14,2025-05-19,2025-05-22,expedite_missed
RMREV008834,RMPO031752,2025-05-14,2025-05-17,2025-05-20,port_congestion
RMREV008835,RMPO031836,2025-05-14,2025-05-21,2025-05-22,production_issue
RMREV008836,RMPO032006,2025-05-14,2025-05-15,2025-05-20,expedite_missed
RMREV008837,RMPO032316,2025-05-14,2025-05-26,2025-05-31,production_issue
RMREV008838,RMPO030781,2025-05-15,2025-05-14,2025-05-19,expedite_missed
RMREV008839,RMPO030801,2025-05-15,2025-05-19,2025-05-22,production_issue
RMREV008840,RMPO030928,2025-05-15,2025-05-18,2025-07-01,carrier_delay
RMREV008841,RMPO031844,2025-05-15,2025-05-23,2025-06-04,quality_hold_at_supplier
RMREV008842,RMPO031844,2025-05-15,2025-06-04,2025-05-30,expedite
RMREV008843,RMPO031939,2025-05-15,2025-05-25,2025-05-26,production_issue
RMREV008844,RMPO032119,2025-05-15,2025-05-22,2025-05-23,carrier_delay
RMREV008845,RMPO032194,2025-05-15,2025-05-22,2025-05-27,production_issue
RMREV008846,RMPO032385,2025-05-15,2025-05-17,2025-05-19,carrier_delay
RMREV008847,RMPO032640,2025-05-15,2025-05-21,2025-05-24,lead_time_extension
RMREV008848,RMPO032864,2025-05-15,2025-05-22,2025-05-26,lead_time_extension
RMREV008849,RMPO030804,2025-05-16,2025-05-20,2025-05-24,port_congestion
RMREV008850,RMPO031083,2025-05-17,2025-05-23,2025-05-26,port_congestion
RMREV008851,RMPO031355,2025-05-17,2025-05-24,2025-05-29,supplier_capacity
RMREV008852,RMPO031449,2025-05-17,2025-05-17,2025-05-21,port_congestion
RMREV008853,RMPO031621,2025-05-17,2025-05-17,2025-05-23,port_congestion
RMREV008854,RMPO031628,2025-05-17,2025-05-29,2025-06-20,carrier_delay
RMREV008855,RMPO032306,2025-05-17,2025-05-20,2025-05-22,carrier_delay
RMREV008856,RMPO032307,2025-05-17,2025-05-20,2025-05-22,production_issue
RMREV008857,RMPO031189,2025-05-18,2025-05-21,2025-05-31,raw_material_shortage
RMREV008858,RMPO031189,2025-05-18,2025-05-31,2025-05-26,expedite
RMREV008859,RMPO031952,2025-05-18,2025-05-24,2025-05-29,raw_material_shortage
RMREV008860,RMPO032119,2025-05-18,2025-05-23,2025-05-24,carrier_delay
RMREV008861,RMPO032638,2025-05-18,2025-05-21,2025-05-22,lead_time_extension
RMREV008862,RMPO032845,2025-05-18,2025-05-21,2025-05-22,carrier_delay
RMREV008863,RMPO030656,2025-05-19,2025-05-21,2025-05-24,port_congestion
RMREV008864,RMPO030802,2025-05-19,2025-05-24,2025-05-27,raw_material_shortage
RMREV008865,RMPO031192,2025-05-19,2025-05-24,2025-06-13,raw_material_shortage
RMREV008866,RMPO031750,2025-05-19,2025-05-30,2025-06-03,supplier_capacity
RMREV008867,RMPO032802,2025-05-19,2025-05-29,2025-06-01,carrier_delay
RMREV008868,RMPO031235,2025-05-20,2025-05-25,2025-06-07,production_issue
RMREV008869,RMPO031649,2025-05-20,2025-05-25,2025-05-30,carrier_delay
RMREV008870,RMPO032800,2025-05-20,2025-05-24,2025-05-26,carrier_delay
RMREV008871,RMPO032898,2025-05-20,2025-05-25,2025-05-28,lead_time_extension
RMREV008872,RMPO032902,2025-05-20,2025-05-25,2025-05-27,lead_time_extension
RMREV008873,RMPO032903,2025-05-20,2025-05-25,2025-05-28,lead_time_extension
RMREV008874,RMPO032904,2025-05-20,2025-05-26,2025-05-29,lead_time_extension
RMREV008875,RMPO032968,2025-05-20,2025-05-30,2025-06-02,supplier_capacity
RMREV008876,RMPO031047,2025-05-21,2025-05-28,2025-05-31,expedite_missed
RMREV008877,RMPO031052,2025-05-21,2025-05-21,2025-06-07,quality_hold_at_supplier
RMREV008878,RMPO031052,2025-05-21,2025-06-07,2025-05-31,expedite
RMREV008879,RMPO032864,2025-05-21,2025-05-26,2025-05-31,lead_time_extension
RMREV008880,RMPO032899,2025-05-21,2025-05-26,2025-05-28,lead_time_extension
RMREV008881,RMPO031500,2025-05-22,2025-05-30,2025-06-26,carrier_delay
RMREV008882,RMPO031751,2025-05-22,2025-06-01,2025-06-03,supplier_capacity
RMREV008883,RMPO032899,2025-05-22,2025-05-28,2025-05-29,lead_time_extension
RMREV008884,RMPO032900,2025-05-22,2025-05-28,2025-06-01,lead_time_extension
RMREV008885,RMPO033085,2025-05-22,2025-05-26,2025-06-09,allocation_cut
RMREV008886,RMPO033085,2025-05-22,2025-06-09,2025-06-03,expedite
RMREV008887,RMPO032117,2025-05-23,2025-05-31,2025-06-02,production_issue
RMREV008888,RMPO032170,2025-05-23,2025-05-26,2025-06-01,supplier_capacity
RMREV008889,RMPO032308,2025-05-23,2025-05-22,2025-05-24,production_issue
RMREV008890,RMPO032508,2025-05-23,2025-06-03,2025-06-06,production_issue
RMREV008891,RMPO032901,2025-05-23,2025-05-27,2025-05-30,lead_time_extension
RMREV008892,RMPO031627,2025-05-24,2025-05-29,2025-06-15,raw_material_shortage
RMREV008893,RMPO031627,2025-05-24,2025-06-15,2025-06-08,expedite
RMREV008894,RMPO031144,2025-05-25,2025-05-26,2025-06-17,raw_material_shortage
RMREV008895,RMPO031145,2025-05-25,2025-05-31,2025-06-12,carrier_delay
RMREV008896,RMPO031145,2025-05-25,2025-06-12,2025-06-05,expedite
RMREV008897,RMPO031406,2025-05-25,2025-06-02,2025-06-14,raw_material_shortage
RMREV008898,RMPO031476,2025-05-25,2025-06-01,2025-06-06,carrier_delay
RMREV008899,RMPO031629,2025-05-25,2025-06-01,2025-06-17,supplier_capacity
RMREV008900,RMPO032743,2025-05-25,2025-06-01,2025-06-05,production_issue
RMREV008901,RMPO032743,2025-05-25,2025-06-05,2025-05-28,expedite
RMREV008902,RMPO032984,2025-05-25,2025-05-30,2025-05-31,raw_material_shortage
RMREV008903,RMPO031731,2025-05-26,2025-05-30,2025-06-09,production_issue
RMREV008904,RMPO031828,2025-05-26,2025-05-28,2025-05-30,supplier_capacity
RMREV008905,RMPO031945,2025-05-26,2025-06-02,2025-06-15,supplier_capacity
RMREV008906,RMPO031947,2025-05-26,2025-06-02,2025-06-15,supplier_capacity
RMREV008907,RMPO032414,2025-05-26,2025-05-28,2025-06-06,raw_material_shortage
RMREV008908,RMPO032422,2025-05-26,2025-06-05,2025-06-08,production_issue
RMREV008909,RMPO032521,2025-05-26,2025-05-31,2025-06-03,supplier_capacity
RMREV008910,RMPO032742,2025-05-26,2025-05-29,2025-05-30,supplier_capacity
RMREV008911,RMPO032194,2025-05-27,2025-05-27,2025-05-29,production_issue
RMREV008912,RMPO032743,2025-05-27,2025-05-28,2025-05-30,expedite_missed
RMREV008913,RMPO032969,2025-05-27,2025-05-28,2025-05-31,carrier_delay
RMREV008914,RMPO033096,2025-05-27,2025-06-01,2025-06-06,raw_material_shortage
RMREV008915,RMPO033191,2025-05-27,2025-06-02,2025-06-03,lead_time_extension
RMREV008916,RMPO033194,2025-05-27,2025-06-02,2025-06-05,lead_time_extension
RMREV008917,RMPO033195,2025-05-27,2025-06-01,2025-06-02,lead_time_extension
RMREV008918,RMPO033196,2025-05-27,2025-06-03,2025-06-06,lead_time_extension
RMREV008919,RMPO033197,2025-05-27,2025-06-03,2025-06-05,lead_time_extension
RMREV008920,RMPO033198,2025-05-27,2025-06-04,2025-06-07,lead_time_extension
RMREV008921,RMPO033200,2025-05-27,2025-06-03,2025-06-06,lead_time_extension
RMREV008922,RMPO033248,2025-05-27,2025-06-06,2025-06-09,supplier_capacity
RMREV008923,RMPO033275,2025-05-27,2025-05-30,2025-05-31,raw_material_shortage
RMREV008924,RMPO033364,2025-05-27,2025-06-04,2025-06-07,allocation_cut
RMREV008925,RMPO032285,2025-05-28,2025-05-29,2025-05-31,supplier_capacity
RMREV008926,RMPO032524,2025-05-28,2025-06-05,2025-06-11,supplier_capacity
RMREV008927,RMPO032567,2025-05-28,2025-06-03,2025-06-04,supplier_capacity
RMREV008928,RMPO033053,2025-05-28,2025-06-03,2025-06-04,production_issue
RMREV008929,RMPO031751,2025-05-29,2025-06-03,2025-06-05,supplier_capacity
RMREV008930,RMPO032520,2025-05-29,2025-06-06,2025-06-11,supplier_capacity
RMREV008931,RMPO032527,2025-05-29,2025-06-04,2025-06-08,supplier_capacity
RMREV008932,RMPO032548,2025-05-29,2025-06-01,2025-06-06,supplier_capacity
RMREV008933,RMPO032886,2025-05-29,2025-06-05,2025-06-06,raw_material_shortage
RMREV008934,RMPO032946,2025-05-29,2025-06-10,2025-06-20,raw_material_shortage
RMREV008935,RMPO033038,2025-05-29,2025-06-03,2025-06-04,raw_material_shortage
RMREV008936,RMPO033043,2025-05-29,2025-06-09,2025-06-15,production_issue
RMREV008937,RMPO033361,2025-05-29,2025-06-09,2025-06-10,carrier_delay
RMREV008938,RMPO031052,2025-05-30,2025-05-31,2025-06-01,expedite_missed
RMREV008939,RMPO031715,2025-05-30,2025-06-05,2025-06-10,raw_material_shortage
RMREV008940,RMPO031761,2025-05-30,2025-06-08,2025-06-11,supplier_capacity
RMREV008941,RMPO032665,2025-05-30,2025-06-07,2025-06-12,carrier_delay
RMREV008942,RMPO032983,2025-05-30,2025-06-01,2025-06-02,supplier_capacity
RMREV008943,RMPO033199,2025-05-30,2025-06-07,2025-06-10,lead_time_extension
RMREV008944,RMPO033273,2025-05-30,2025-06-11,2025-06-13,carrier_delay
RMREV008945,RMPO031730,2025-05-31,2025-06-04,2025-06-15,production_issue
RMREV008946,RMPO031828,2025-05-31,2025-05-30,2025-06-02,supplier_capacity
RMREV008947,RMPO031888,2025-05-31,2025-06-12,2025-06-17,production_issue
RMREV008948,RMPO032076,2025-05-31,2025-05-29,2025-06-05,supplier_capacity
RMREV008949,RMPO032285,2025-05-31,2025-05-31,2025-06-01,supplier_capacity
RMREV008950,RMPO032322,2025-05-31,2025-06-02,2025-06-07,carrier_delay
RMREV008951,RMPO032522,2025-05-31,2025-06-04,2025-06-06,supplier_capacity
RMREV008952,RMPO032551,2025-05-31,2025-06-08,2025-06-11,carrier_delay
RMREV008953,RMPO032567,2025-05-31,2025-06-04,2025-06-05,supplier_capacity
RMREV008954,RMPO032790,2025-05-31,2025-06-09,2025-06-15,supplier_capacity
RMREV008955,RMPO033138,2025-05-31,2025-06-07,2025-06-08,supplier_capacity
RMREV008956,RMPO033195,2025-05-31,2025-06-02,2025-06-03,lead_time_extension
RMREV008957,RMPO033222,2025-05-31,2025-06-11,2025-06-12,supplier_capacity
RMREV008958,RMPO033360,2025-05-31,2025-06-07,2025-06-08,supplier_capacity
RMREV008959,RMPO031761,2025-06-01,2025-06-11,2025-06-12,supplier_capacity
RMREV008960,RMPO031844,2025-06-01,2025-05-30,2025-06-04,expedite_missed
RMREV008961,RMPO032520,2025-06-01,2025-06-11,2025-06-13,supplier_capacity
RMREV008962,RMPO033121,2025-06-01,2025-06-02,2025-06-03,supplier_capacity
RMREV008963,RMPO033176,2025-06-01,2025-06-07,2025-06-09,supplier_capacity
RMREV008964,RMPO033193,2025-06-01,2025-06-04,2025-06-06,lead_time_extension
RMREV008965,RMPO033389,2025-06-01,2025-06-04,2025-06-05,raw_material_shortage
RMREV008966,RMPO031762,2025-06-02,2025-06-09,2025-06-12,production_issue
RMREV008967,RMPO031855,2025-06-02,2025-06-14,2025-06-15,carrier_delay
RMREV008968,RMPO032082,2025-06-02,2025-06-04,2025-06-18,carrier_delay
RMREV008969,RMPO032712,2025-06-02,2025-06-14,2025-06-19,supplier_capacity
RMREV008970,RMPO032789,2025-06-02,2025-06-11,2025-06-17,supplier_capacity
RMREV008971,RMPO033415,2025-06-02,2025-06-08,2025-06-18,raw_material_shortage
RMREV008972,RMPO033415,2025-06-02,2025-06-18,2025-06-13,expedite
RMREV008973,RMPO031475,2025-06-03,2025-06-04,2025-06-09,carrier_delay
RMREV008974,RMPO031627,2025-06-03,2025-06-08,2025-06-13,expedite_missed
RMREV008975,RMPO031855,2025-06-03,2025-06-15,2025-06-16,carrier_delay
RMREV008976,RMPO032522,2025-06-03,2025-06-06,2025-06-08,supplier_capacity
RMREV008977,RMPO032833,2025-06-03,2025-06-13,2025-06-21,production_issue
RMREV008978,RMPO033085,2025-06-03,2025-06-03,2025-06-07,expedite_missed
RMREV008979,RMPO033140,2025-06-03,2025-06-05,2025-06-10,production_issue
RMREV008980,RMPO033191,2025-06-03,2025-06-03,2025-06-04,lead_time_extension
RMREV008981,RMPO033192,2025-06-03,2025-06-04,2025-06-07,lead_time_extension
RMREV008982,RMPO033197,2025-06-03,2025-06-05,2025-06-07,lead_time_extension
RMREV008983,RMPO033223,2025-06-03,2025-06-14,2025-06-16,raw_material_shortage
RMREV008984,RMPO033270,2025-06-03,2025-06-12,2025-06-16,supplier_capacity
RMREV008985,RMPO033447,2025-06-03,2025-06-10,2025-06-11,lead_time_extension
RMREV008986,RMPO033448,2025-06-03,2025-06-08,2025-06-10,lead_time_extension
RMREV008987,RMPO033449,2025-06-03,2025-06-08,2025-06-10,lead_time_extension
RMREV008988,RMPO033467,2025-06-03,2025-06-13,2025-06-16,supplier_capacity
RMREV008989,RMPO031510,2025-06-04,2025-06-05,2025-06-10,carrier_delay
RMREV008990,RMPO032256,2025-06-04,2025-06-13,2025-07-02,supplier_capacity
RMREV008991,RMPO032439,2025-06-04,2025-06-09,2025-06-14,raw_material_shortage
RMREV008992,RMPO032442,2025-06-04,2025-06-07,2025-06-08,carrier_delay
RMREV008993,RMPO032525,2025-06-04,2025-06-07,2025-06-14,supplier_capacity
RMREV008994,RMPO032525,2025-06-04,2025-06-14,2025-06-07,expedite
RMREV008995,RMPO032710,2025-06-04,2025-06-10,2025-06-12,carrier_delay
RMREV008996,RMPO033492,2025-06-04,2025-06-15,2025-06-17,carrier_delay
RMREV008997,RMPO033506,2025-06-04,2025-06-10,2025-06-13,raw_material_shortage
RMREV008998,RMPO032350,2025-06-05,2025-06-08,2025-07-04,raw_material_shortage
RMREV008999,RMPO033229,2025-06-05,2025-06-16,2025-06-21,production_issue
RMREV009000,RMPO031879,2025-06-06,2025-06-08,2025-06-11,carrier_delay
RMREV009001,RMPO032288,2025-06-06,2025-06-07,2025-06-20,raw_material_shortage
RMREV009002,RMPO032422,2025-06-06,2025-06-08,2025-06-11,production_issue
RMREV009003,RMPO032795,2025-06-06,2025-06-10,2025-06-15,supplier_capacity
RMREV009004,RMPO032967,2025-06-06,2025-06-13,2025-06-20,production_issue
RMREV009005,RMPO033221,2025-06-06,2025-06-14,2025-06-16,production_issue
RMREV009006,RMPO033610,2025-06-06,2025-06-13,2025-06-16,production_issue
RMREV009007,RMPO032005,2025-06-07,2025-06-11,2025-06-20,supplier_capacity
RMREV009008,RMPO032525,2025-06-07,2025-06-07,2025-06-19,expedite_missed
RMREV009009,RMPO032713,2025-06-07,2025-06-14,2025-06-21,production_issue
RMREV009010,RMPO032793,2025-06-07,2025-06-09,2025-06-17,supplier_capacity
RMREV009011,RMPO032795,2025-06-07,2025-06-15,2025-06-17,supplier_capacity
RMREV009012,RMPO033256,2025-06-07,2025-06-17,2025-06-24,labor_strike
RMREV009013,RMPO033446,2025-06-07,2025-06-08,2025-06-10,lead_time_extension
RMREV009014,RMPO033592,2025-06-07,2025-06-18,2025-06-23,carrier_delay
RMREV009015,RMPO031308,2025-06-08,2025-05-31,2025-06-12,port_congestion
RMREV009016,RMPO031510,2025-06-08,2025-06-10,2025-06-11,carrier_delay
RMREV009017,RMPO031854,2025-06-08,2025-06-16,2025-06-17,carrier_delay
RMREV009018,RMPO032124,2025-06-08,2025-06-10,2025-06-14,production_issue
RMREV009019,RMPO032135,2025-06-08,2025-06-12,2025-06-27,carrier_delay
RMREV009020,RMPO032135,2025-06-08,2025-06-27,2025-06-24,expedite
RMREV009021,RMPO032137,2025-06-08,2025-06-12,2025-06-22,carrier_delay
RMREV009022,RMPO033071,2025-06-08,2025-06-17,2025-06-28,labor_strike
RMREV009023,RMPO033247,2025-06-08,2025-06-10,2025-06-11,supplier_capacity
RMREV009024,RMPO033506,2025-06-08,2025-06-13,2025-06-14,raw_material_shortage
RMREV009025,RMPO031762,2025-06-09,2025-06-12,2025-06-13,production_issue
RMREV009026,RMPO031888,2025-06-09,2025-06-17,2025-06-20,production_issue
RMREV009027,RMPO032264,2025-06-09,2025-06-20,2025-06-26,labor_strike
RMREV009028,RMPO032382,2025-06-09,2025-06-19,2025-06-26,production_issue
RMREV009029,RMPO032453,2025-06-09,2025-06-11,2025-06-15,raw_material_shortage
RMREV009030,RMPO032587,2025-06-09,2025-06-18,2025-06-19,raw_material_shortage
RMREV009031,RMPO033216,2025-06-09,2025-06-18,2025-06-27,labor_strike
RMREV009032,RMPO033244,2025-06-09,2025-06-19,2025-06-26,production_issue
RMREV009033,RMPO031629,2025-06-10,2025-06-17,2025-06-24,supplier_capacity
RMREV009034,RMPO031629,2025-06-10,2025-06-24,2025-06-18,expedite
RMREV009035,RMPO031997,2025-06-10,2025-06-12,2025-06-14,raw_material_shortage
RMREV009036,RMPO032138,2025-06-10,2025-06-15,2025-06-25,raw_material_shortage
RMREV009037,RMPO032382,2025-06-10,2025-06-26,2025-06-30,production_issue
RMREV009038,RMPO032794,2025-06-10,2025-06-11,2025-06-18,supplier_capacity
RMREV009039,RMPO033203,2025-06-10,2025-06-11,2025-06-12,raw_material_shortage
RMREV009040,RMPO033244,2025-06-10,2025-06-26,2025-06-28,production_issue
RMREV009041,RMPO033415,2025-06-10,2025-06-13,2025-06-18,expedite_missed
RMREV009042,RMPO033445,2025-06-10,2025-06-11,2025-06-14,lead_time_extension
RMREV009043,RMPO033447,2025-06-10,2025-06-11,2025-06-12,lead_time_extension
RMREV009044,RMPO033630,2025-06-10,2025-06-17,2025-06-19,raw_material_shortage
RMREV009045,RMPO033754,2025-06-10,2025-06-13,2025-06-14,carrier_delay
RMREV009046,RMPO033755,2025-06-10,2025-06-14,2025-06-16,production_issue
RMREV009047,RMPO032136,2025-06-11,2025-06-12,2025-06-22,carrier_delay
RMREV009048,RMPO032136,2025-06-11,2025-06-22,2025-06-19,expedite
RMREV009049,RMPO032244,2025-06-11,2025-06-22,2025-07-03,raw_material_shortage
RMREV009050,RMPO032244,2025-06-11,2025-07-03,2025-06-28,expedite
RMREV009051,RMPO032257,2025-06-11,2025-06-16,2025-07-04,raw_material_shortage
RMREV009052,RMPO032257,2025-06-11,2025-07-04,2025-06-27,expedite
RMREV009053,RMPO032499,2025-06-11,2025-06-20,2025-06-22,carrier_delay
RMREV009054,RMPO033072,2025-06-11,2025-06-19,2025-06-30,labor_strike
RMREV009055,RMPO033367,2025-06-11,2025-06-22,2025-06-23,raw_material_shortage
RMREV009056,RMPO033839,2025-06-11,2025-06-21,2025-06-24,raw_material_shortage
RMREV009057,RMPO032135,2025-06-12,2025-06-24,2025-06-29,expedite_missed
RMREV009058,RMPO032647,2025-06-12,2025-06-22,2025-06-26,carrier_delay
RMREV009059,RMPO032711,2025-06-12,2025-06-14,2025-06-19,production_issue
RMREV009060,RMPO033247,2025-06-12,2025-06-11,2025-06-13,supplier_capacity
RMREV009061,RMPO033347,2025-06-12,2025-06-24,2025-06-30,labor_strike
RMREV009062,RMPO033491,2025-06-12,2025-06-13,2025-06-15,production_issue
RMREV009063,RMPO033738,2025-06-12,2025-06-20,2025-07-01,production_issue
RMREV009064,RMPO032243,2025-06-13,2025-06-25,2025-07-06,carrier_delay
RMREV009065,RMPO032257,2025-06-13,2025-06-27,2025-07-10,expedite_missed
RMREV009066,RMPO032710,2025-06-13,2025-06-12,2025-06-14,carrier_delay
RMREV009067,RMPO033094,2025-06-13,2025-06-22,2025-06-25,carrier_delay
RMREV009068,RMPO033216,2025-06-13,2025-06-27,2025-06-29,labor_strike
RMREV009069,RMPO033352,2025-06-13,2025-06-23,2025-07-04,supplier_capacity
RMREV009070,RMPO033629,2025-06-13,2025-06-19,2025-06-21,supplier_capacity
RMREV009071,RMPO033637,2025-06-13,2025-06-26,2025-07-08,carrier_delay
RMREV009072,RMPO033675,2025-06-13,2025-06-16,2025-06-18,lead_time_extension
RMREV009073,RMPO033804,2025-06-13,2025-06-22,2025-06-26,production_issue
RMREV009074,RMPO033873,2025-06-13,2025-06-18,2025-06-19,production_issue
RMREV009075,RMPO032498,2025-06-14,2025-06-19,2025-06-21,raw_material_shortage
RMREV009076,RMPO032584,2025-06-14,2025-06-24,2025-06-30,labor_strike
RMREV009077,RMPO032648,2025-06-14,2025-06-23,2025-06-27,raw_material_shortage
RMREV009078,RMPO033074,2025-06-14,2025-06-18,2025-07-03,labor_strike
RMREV009079,RMPO033074,2025-06-14,2025-07-03,2025-06-25,expedite
RMREV009080,RMPO033075,2025-06-14,2025-06-19,2025-07-01,labor_strike
RMREV009081,RMPO033204,2025-06-14,2025-06-16,2025-06-18,production_issue
RMREV009082,RMPO033218,2025-06-14,2025-06-21,2025-06-30,labor_strike
RMREV009083,RMPO033490,2025-06-14,2025-06-24,2025-07-03,labor_strike
RMREV009084,RMPO033686,2025-06-14,2025-06-23,2025-06-28,carrier_delay
RMREV009085,RMPO033877,2025-06-14,2025-06-20,2025-06-26,labor_strike
RMREV009086,RMPO033895,2025-06-14,2025-06-24,2025-07-03,carrier_delay
RMREV009087,RMPO032146,2025-06-15,2025-06-19,2025-06-20,production_issue
RMREV009088,RMPO032264,2025-06-15,2025-06-26,2025-07-01,labor_strike
RMREV009089,RMPO032806,2025-06-15,2025-06-25,2025-07-02,supplier_capacity
RMREV009090,RMPO032806,2025-06-15,2025-07-02,2025-06-24,expedite
RMREV009091,RMPO032975,2025-06-15,2025-06-21,2025-07-04,supplier_capacity
RMREV009092,RMPO033077,2025-06-15,2025-06-20,2025-06-26,supplier_capacity
RMREV009093,RMPO033350,2025-06-15,2025-06-24,2025-07-05,supplier_capacity
RMREV009094,RMPO033450,2025-06-15,2025-06-18,2025-06-21,raw_material_shortage
RMREV009095,RMPO033843,2025-06-15,2025-06-22,2025-07-02,carrier_delay
RMREV009096,RMPO031854,2025-06-16,2025-06-17,2025-06-18,carrier_delay
RMREV009097,RMPO032780,2025-06-16,2025-06-27,2025-06-30,production_issue
RMREV009098,RMPO033073,2025-06-16,2025-06-18,2025-06-30,labor_strike
RMREV009099,RMPO033073,2025-06-16,2025-06-30,2025-06-22,expedite
RMREV009100,RMPO033353,2025-06-16,2025-06-26,2025-06-30,labor_strike
RMREV009101,RMPO033640,2025-06-16,2025-06-18,2025-07-03,production_issue
RMREV009102,RMPO033640,2025-06-16,2025-07-03,2025-06-25,expedite
RMREV009103,RMPO033874,2025-06-16,2025-06-18,2025-06-24,labor_strike
RMREV009104,RMPO032143,2025-06-17,2025-06-19,2025-07-01,production_issue
RMREV009105,RMPO032590,2025-06-17,2025-06-21,2025-06-25,labor_strike
RMREV009106,RMPO032996,2025-06-17,2025-06-21,2025-06-26,raw_material_shortage
RMREV009107,RMPO033348,2025-06-17,2025-06-25,2025-07-11,labor_strike
RMREV009108,RMPO033367,2025-06-17,2025-06-23,2025-06-24,raw_material_shortage
RMREV009109,RMPO033660,2025-06-17,2025-06-26,2025-06-30,supplier_capacity
RMREV009110,RMPO033895,2025-06-17,2025-07-03,2025-07-08,carrier_delay
RMREV009111,RMPO033925,2025-06-17,2025-06-24,2025-06-26,lead_time_extension
RMREV009112,RMPO033926,2025-06-17,2025-06-23,2025-06-25,lead_time_extension
RMREV009113,RMPO033972,2025-06-17,2025-06-19,2025-06-20,raw_material_shortage
RMREV009114,RMPO033984,2025-06-17,2025-06-21,2025-06-28,labor_strike
RMREV009115,RMPO033985,2025-06-17,2025-06-21,2025-06-24,labor_strike
RMREV009116,RMPO033986,2025-06-17,2025-06-21,2025-07-03,labor_strike
RMREV009117,RMPO033986,2025-06-17,2025-07-03,2025-06-29,expedite
RMREV009118,RMPO033987,2025-06-17,2025-06-21,2025-06-29,labor_strike
RMREV009119,RMPO033988,2025-06-17,2025-06-20,2025-07-01,labor_strike
RMREV009120,RMPO032265,2025-06-18,2025-06-20,2025-07-02,labor_strike
RMREV009121,RMPO032355,2025-06-18,2025-06-23,2025-07-09,supplier_capacity
RMREV009122,RMPO032355,2025-06-18,2025-07-09,2025-07-05,expedite
RMREV009123,RMPO032995,2025-06-18,2025-06-23,2025-06-29,carrier_delay
RMREV009124,RMPO033018,2025-06-18,2025-06-28,2025-07-08,supplier_capacity
RMREV009125,RMPO033217,2025-06-18,2025-06-21,2025-07-02,labor_strike
RMREV009126,RMPO033226,2025-06-18,2025-06-23,2025-06-26,supplier_capacity
RMREV009127,RMPO033450,2025-06-18,2025-06-21,2025-06-22,raw_material_shortage
RMREV009128,RMPO033985,2025-06-18,2025-06-24,2025-06-26,labor_strike
RMREV009129,RMPO033989,2025-06-18,2025-06-21,2025-07-02,labor_strike
RMREV009130,RMPO032210,2025-06-19,2025-06-30,2025-07-15,production_issue
RMREV009131,RMPO032500,2025-06-19,2025-06-20,2025-06-25,raw_material_shortage
RMREV009132,RMPO032724,2025-06-19,2025-07-01,2025-07-04,supplier_capacity
RMREV009133,RMPO033226,2025-06-19,2025-06-26,2025-06-27,supplier_capacity
RMREV009134,RMPO033660,2025-06-19,2025-06-30,2025-07-01,supplier_capacity
RMREV009135,RMPO033832,2025-06-19,2025-06-21,2025-06-24,raw_material_shortage
RMREV009136,RMPO033984,2025-06-19,2025-06-28,2025-07-02,labor_strike
RMREV009137,RMPO032182,2025-06-20,2025-06-23,2025-06-25,production_issue
RMREV009138,RMPO032272,2025-06-20,2025-06-21,2025-07-03,raw_material_shortage
RMREV009139,RMPO033354,2025-06-20,2025-06-26,2025-06-30,labor_strike
RMREV009140,RMPO033585,2025-06-20,2025-06-24,2025-07-01,raw_material_shortage
RMREV009141,RMPO033670,2025-06-20,2025-06-27,2025-07-03,supplier_capacity
RMREV009142,RMPO033928,2025-06-20,2025-06-25,2025-06-27,lead_time_extension
RMREV009143,RMPO034060,2025-06-20,2025-06-25,2025-06-26,raw_material_shortage
RMREV009144,RMPO034090,2025-06-20,2025-06-26,2025-07-05,labor_strike
RMREV009145,RMPO034090,2025-06-20,2025-07-05,2025-06-30,expedite
RMREV009146,RMPO034091,2025-06-20,2025-06-26,2025-06-30,labor_strike
RMREV009147,RMPO034091,2025-06-20,2025-06-30,2025-06-24,expedite
RMREV009148,RMPO032451,2025-06-21,2025-07-02,2025-07-08,raw_material_shortage
RMREV009149,RMPO032469,2025-06-21,2025-06-26,2025-06-30,raw_material_shortage
RMREV009150,RMPO032469,2025-06-21,2025-06-30,2025-06-23,expedite
RMREV009151,RMPO032586,2025-06-21,2025-07-02,2025-07-09,labor_strike
RMREV009152,RMPO032712,2025-06-21,2025-06-19,2025-06-22,supplier_capacity
RMREV009153,RMPO033586,2025-06-21,2025-06-24,2025-06-29,raw_material_shortage
RMREV009154,RMPO034089,2025-06-21,2025-06-22,2025-06-26,labor_strike
RMREV009155,RMPO031971,2025-06-22,2025-06-23,2025-06-30,raw_material_shortage
RMREV009156,RMPO032383,2025-06-22,2025-06-24,2025-07-02,quality_hold_at_supplier
RMREV009157,RMPO032383,2025-06-22,2025-07-02,2025-06-28,expedite
RMREV009158,RMPO032560,2025-06-22,2025-06-24,2025-07-03,carrier_delay
RMREV009159,RMPO032560,2025-06-22,2025-07-03,2025-06-29,expedite
RMREV009160,RMPO033420,2025-06-22,2025-06-24,2025-06-27,carrier_delay
RMREV009161,RMPO033466,2025-06-22,2025-06-25,2025-07-04,labor_strike
RMREV009162,RMPO033563,2025-06-22,2025-07-01,2025-07-17,supplier_capacity
RMREV009163,RMPO033587,2025-06-22,2025-06-24,2025-06-29,supplier_capacity
RMREV009164,RMPO033875,2025-06-22,2025-06-23,2025-06-30,labor_strike
RMREV009165,RMPO033927,2025-06-22,2025-06-23,2025-06-25,lead_time_extension
RMREV009166,RMPO034111,2025-06-22,2025-06-28,2025-07-14,carrier_delay
RMREV009167,RMPO032182,2025-06-24,2025-06-25,2025-06-26,production_issue
RMREV009168,RMPO032324,2025-06-24,2025-06-25,2025-06-30,labor_strike
RMREV009169,RMPO032745,2025-06-24,2025-07-05,2025-07-20,supplier_capacity
RMREV009170,RMPO033355,2025-06-24,2025-06-25,2025-07-07,labor_strike
RMREV009171,RMPO033640,2025-06-24,2025-06-25,2025-06-28,expedite_missed
RMREV009172,RMPO034054,2025-06-24,2025-07-03,2025-07-05,supplier_capacity
RMREV009173,RMPO034088,2025-06-24,2025-06-25,2025-06-26,production_issue
RMREV009174,RMPO034155,2025-06-24,2025-06-30,2025-07-02,lead_time_extension
RMREV009175,RMPO034158,2025-06-24,2025-07-02,2025-07-05,lead_time_extension
RMREV009176,RMPO034210,2025-06-24,2025-07-04,2025-07-06,production_issue
RMREV009177,RMPO034228,2025-06-24,2025-06-27,2025-06-29,raw_material_shortage
RMREV009178,RMPO034332,2025-06-24,2025-06-29,2025-07-11,labor_strike
RMREV009179,RMPO032209,2025-06-25,2025-06-26,2025-07-18,raw_material_shortage
RMREV009180,RMPO032209,2025-06-25,2025-07-18,2025-07-12,expedite
RMREV009181,RMPO032948,2025-06-25,2025-06-30,2025-07-03,carrier_delay
RMREV009182,RMPO033022,2025-06-25,2025-07-04,2025-07-18,production_issue
RMREV009183,RMPO033135,2025-06-25,2025-07-05,2025-07-07,labor_strike
RMREV009184,RMPO033317,2025-06-25,2025-06-30,2025-07-23,production_issue
RMREV009185,RMPO033661,2025-06-25,2025-07-05,2025-07-09,carrier_delay
RMREV009186,RMPO033914,2025-06-25,2025-07-03,2025-07-04,production_issue
RMREV009187,RMPO034156,2025-06-25,2025-07-02,2025-07-05,lead_time_extension
RMREV009188,RMPO032383,2025-06-26,2025-06-28,2025-07-05,expedite_missed
RMREV009189,RMPO032572,2025-06-26,2025-07-03,2025-07-08,labor_strike
RMREV009190,RMPO033073,2025-06-26,2025-06-22,2025-06-27,expedite_missed
RMREV009191,RMPO033351,2025-06-26,2025-06-28,2025-07-10,supplier_capacity
RMREV009192,RMPO033557,2025-06-26,2025-07-01,2025-07-10,labor_strike
RMREV009193,RMPO033825,2025-06-26,2025-07-07,2025-07-19,labor_strike
RMREV009194,RMPO034051,2025-06-26,2025-06-28,2025-06-30,production_issue
RMREV009195,RMPO034157,2025-06-26,2025-07-05,2025-07-07,lead_time_extension
RMREV009196,RMPO034228,2025-06-26,2025-06-29,2025-06-30,raw_material_shortage
RMREV009197,RMPO034331,2025-06-26,2025-07-04,2025-07-10,labor_strike
RMREV009198,RMPO032842,2025-06-27,2025-07-09,2025-07-16,labor_strike
RMREV009199,RMPO032852,2025-06-27,2025-06-28,2025-07-13,raw_material_shortage
RMREV009200,RMPO033562,2025-06-27,2025-07-02,2025-07-19,supplier_capacity
RMREV009201,RMPO033562,2025-06-27,2025-07-19,2025-07-14,expedite
RMREV009202,RMPO033644,2025-06-27,2025-07-01,2025-07-17,carrier_delay
RMREV009203,RMPO033737,2025-06-27,2025-07-01,2025-07-06,labor_strike
RMREV009204,RMPO033737,2025-06-27,2025-07-06,2025-06-29,expedite
RMREV009205,RMPO033987,2025-06-27,2025-06-29,2025-07-02,labor_strike
RMREV009206,RMPO034002,2025-06-27,2025-07-06,2025-07-08,raw_material_shortage
RMREV009207,RMPO034209,2025-06-27,2025-07-06,2025-07-10,production_issue
RMREV009208,RMPO033091,2025-06-28,2025-07-02,2025-07-08,supplier_capacity
RMREV009209,RMPO033398,2025-06-28,2025-07-09,2025-07-16,supplier_capacity
RMREV009210,RMPO033659,2025-06-28,2025-06-29,2025-07-05,raw_material_shortage
RMREV009211,RMPO033659,2025-06-28,2025-07-05,2025-06-30,expedite
RMREV009212,RMPO033711,2025-06-28,2025-07-01,2025-07-04,carrier_delay
RMREV009213,RMPO033737,2025-06-28,2025-06-29,2025-07-05,expedite_missed
RMREV009214,RMPO033828,2025-06-28,2025-07-07,2025-07-17,labor_strike
RMREV009215,RMPO033859,2025-06-28,2025-07-03,2025-07-06,production_issue
RMREV009216,RMPO032862,2025-06-29,2025-07-07,2025-07-18,supplier_capacity
RMREV009217,RMPO032862,2025-06-29,2025-07-18,2025-07-12,expedite
RMREV009218,RMPO033135,2025-06-29,2025-07-07,2025-07-09,labor_strike
RMREV009219,RMPO033323,2025-06-29,2025-07-10,2025-07-25,production_issue
RMREV009220,RMPO033368,2025-06-29,2025-07-02,2025-07-12,supplier_capacity
RMREV009221,RMPO033402,2025-06-29,2025-07-10,2025-07-18,labor_strike
RMREV009222,RMPO033402,2025-06-29,2025-07-18,2025-07-15,expedite
RMREV009223,RMPO033560,2025-06-29,2025-07-01,2025-07-11,labor_strike
RMREV009224,RMPO033696,2025-06-29,2025-07-02,2025-07-07,labor_strike
RMREV009225,RMPO033973,2025-06-29,2025-07-08,2025-07-12,labor_strike
RMREV009226,RMPO034087,2025-06-29,2025-07-10,2025-07-18,supplier_capacity
RMREV009227,RMPO032619,2025-06-30,2025-07-04,2025-07-14,supplier_capacity
RMREV009228,RMPO032619,2025-06-30,2025-07-14,2025-07-07,expedite
RMREV009229,RMPO032772,2025-06-30,2025-07-01,2025-07-07,raw_material_shortage
RMREV009230,RMPO033403,2025-06-30,2025-07-12,2025-07-16,supplier_capacity
RMREV009231,RMPO033559,2025-06-30,2025-07-03,2025-07-13,labor_strike
RMREV009232,RMPO033940,2025-06-30,2025-07-12,2025-07-15,labor_strike
RMREV009233,RMPO034205,2025-06-30,2025-07-02,2025-07-06,supplier_capacity
RMREV009234,RMPO034297,2025-06-30,2025-07-08,2025-07-11,carrier_delay
RMREV009235,RMPO032324,2025-07-01,2025-06-30,2025-07-03,labor_strike
RMREV009236,RMPO032619,2025-07-01,2025-07-07,2025-07-19,expedite_missed
RMREV009237,RMPO033057,2025-07-01,2025-07-11,2025-07-17,labor_strike
RMREV009238,RMPO033129,2025-07-01,2025-07-11,2025-07-23,labor_strike
RMREV009239,RMPO033748,2025-07-01,2025-07-12,2025-07-16,carrier_delay
RMREV009240,RMPO033826,2025-07-01,2025-07-12,2025-07-22,labor_strike
RMREV009241,RMPO033830,2025-07-01,2025-07-09,2025-07-26,labor_strike
RMREV009242,RMPO033940,2025-07-01,2025-07-15,2025-07-18,labor_strike
RMREV009243,RMPO034204,2025-07-01,2025-07-05,2025-07-10,production_issue
RMREV009244,RMPO034333,2025-07-01,2025-07-03,2025-07-14,labor_strike
RMREV009245,RMPO034356,2025-07-01,2025-07-03,2025-07-19,raw_material_shortage
RMREV009246,RMPO034356,2025-07-01,2025-07-19,2025-07-16,expedite
RMREV009247,RMPO034409,2025-07-01,2025-07-06,2025-07-08,lead_time_extension
RMREV009248,RMPO034410,2025-07-01,2025-07-06,2025-07-09,lead_time_extension
RMREV009249,RMPO034411,2025-07-01,2025-07-08,2025-07-11,lead_time_extension
RMREV009250,RMPO034478,2025-07-01,2025-07-06,2025-07-15,labor_strike
RMREV009251,RMPO034480,2025-07-01,2025-07-05,2025-07-10,labor_strike
RMREV009252,RMPO034484,2025-07-01,2025-07-05,2025-07-17,labor_strike
RMREV009253,RMPO034486,2025-07-01,2025-07-04,2025-07-13,labor_strike
RMREV009254,RMPO034610,2025-07-01,2025-07-09,2025-07-21,labor_strike
RMREV009255,RMPO032744,2025-07-02,2025-07-05,2025-07-26,raw_material_shortage
RMREV009256,RMPO032744,2025-07-02,2025-07-26,2025-07-23,expedite
RMREV009257,RMPO032772,2025-07-02,2025-07-07,2025-07-12,raw_material_shortage
RMREV009258,RMPO033476,2025-07-02,2025-07-14,2025-07-22,raw_material_shortage
RMREV009259,RMPO033708,2025-07-02,2025-07-10,2025-07-17,carrier_delay
RMREV009260,RMPO033710,2025-07-02,2025-07-05,2025-07-08,carrier_delay
RMREV009261,RMPO033827,2025-07-02,2025-07-10,2025-07-21,labor_strike
RMREV009262,RMPO033827,2025-07-02,2025-07-21,2025-07-13,expedite
RMREV009263,RMPO033862,2025-07-02,2025-07-14,2025-07-23,supplier_capacity
RMREV009264,RMPO034214,2025-07-02,2025-07-04,2025-07-06,raw_material_shortage
RMREV009265,RMPO034485,2025-07-02,2025-07-08,2025-07-14,labor_strike
RMREV009266,RMPO032724,2025-07-03,2025-07-04,2025-07-06,supplier_capacity
RMREV009267,RMPO032841,2025-07-03,2025-07-09,2025-07-16,labor_strike
RMREV009268,RMPO032917,2025-07-03,2025-07-04,2025-07-05,supplier_capacity
RMREV009269,RMPO033057,2025-07-03,2025-07-17,2025-07-19,labor_strike
RMREV009270,RMPO033399,2025-07-03,2025-07-07,2025-07-09,production_issue
RMREV009271,RMPO033797,2025-07-03,2025-07-08,2025-07-10,carrier_delay
RMREV009272,RMPO033829,2025-07-03,2025-07-07,2025-07-13,labor_strike
RMREV009273,RMPO034002,2025-07-03,2025-07-08,2025-07-09,raw_material_shortage
RMREV009274,RMPO034003,2025-07-03,2025-07-06,2025-07-10,supplier_capacity
RMREV009275,RMPO034048,2025-07-03,2025-07-12,2025-07-21,labor_strike
RMREV009276,RMPO034296,2025-07-03,2025-07-10,2025-07-13,supplier_capacity
RMREV009277,RMPO034479,2025-07-03,2025-07-11,2025-07-16,labor_strike
RMREV009278,RMPO034483,2025-07-03,2025-07-05,2025-07-17,labor_strike
RMREV009279,RMPO032746,2025-07-04,2025-07-09,2025-08-14,supplier_capacity
RMREV009280,RMPO033281,2025-07-04,2025-07-15,2025-07-29,supplier_capacity
RMREV009281,RMPO033476,2025-07-04,2025-07-22,2025-08-03,raw_material_shortage
RMREV009282,RMPO033518,2025-07-04,2025-07-11,2025-07-16,production_issue
RMREV009283,RMPO033796,2025-07-04,2025-07-06,2025-07-08,raw_material_shortage
RMREV009284,RMPO033816,2025-07-04,2025-07-08,2025-07-12,production_issue
RMREV009285,RMPO033823,2025-07-04,2025-07-09,2025-07-15,labor_strike
RMREV009286,RMPO033824,2025-07-04,2025-07-10,2025-07-15,labor_strike
RMREV009287,RMPO033961,2025-07-04,2025-07-10,2025-07-11,supplier_capacity
RMREV009288,RMPO034045,2025-07-04,2025-07-16,2025-07-27,supplier_capacity
RMREV009289,RMPO034210,2025-07-04,2025-07-06,2025-07-07,production_issue
RMREV009290,RMPO032917,2025-07-05,2025-07-05,2025-07-07,supplier_capacity
RMREV009291,RMPO033058,2025-07-05,2025-07-11,2025-07-17,labor_strike
RMREV009292,RMPO033598,2025-07-05,2025-07-07,2025-07-13,supplier_capacity
RMREV009293,RMPO033712,2025-07-05,2025-07-07,2025-07-10,supplier_capacity
RMREV009294,RMPO033824,2025-07-05,2025-07-15,2025-07-22,labor_strike
RMREV009295,RMPO033858,2025-07-05,2025-07-07,2025-07-08,raw_material_shortage
RMREV009296,RMPO034156,2025-07-05,2025-07-05,2025-07-06,lead_time_extension
RMREV009297,RMPO034157,2025-07-05,2025-07-07,2025-07-09,lead_time_extension
RMREV009298,RMPO034467,2025-07-05,2025-07-13,2025-07-18,carrier_delay
RMREV009299,RMPO034478,2025-07-05,2025-07-15,2025-07-18,labor_strike
RMREV009300,RMPO034609,2025-07-05,2025-07-16,2025-07-17,production_issue
RMREV009301,RMPO032786,2025-07-06,2025-07-10,2025-07-15,production_issue
RMREV009302,RMPO033401,2025-07-06,2025-07-07,2025-07-15,labor_strike
RMREV009303,RMPO033823,2025-07-06,2025-07-15,2025-07-21,labor_strike
RMREV009304,RMPO034145,2025-07-06,2025-07-13,2025-07-18,supplier_capacity
RMREV009305,RMPO034563,2025-07-06,2025-07-12,2025-07-15,production_issue
RMREV009306,RMPO032745,2025-07-07,2025-07-20,2025-08-09,supplier_capacity
RMREV009307,RMPO033277,2025-07-07,2025-07-15,2025-08-01,carrier_delay
RMREV009308,RMPO033520,2025-07-07,2025-07-18,2025-07-27,carrier_delay
RMREV009309,RMPO033578,2025-07-07,2025-07-14,2025-07-18,carrier_delay
RMREV009310,RMPO033578,2025-07-07,2025-07-18,2025-07-10,expedite
RMREV009311,RMPO034564,2025-07-07,2025-07-17,2025-07-21,raw_material_shortage
RMREV009312,RMPO032572,2025-07-08,2025-07-08,2025-07-10,labor_strike
RMREV009313,RMPO032841,2025-07-08,2025-07-16,2025-07-21,labor_strike
RMREV009314,RMPO032938,2025-07-08,2025-07-12,2025-07-31,carrier_delay
RMREV009315,RMPO032938,2025-07-08,2025-07-31,2025-07-24,expedite
RMREV009316,RMPO033220,2025-07-08,2025-07-16,2025-07-24,carrier_delay
RMREV009317,RMPO033403,2025-07-08,2025-07-16,2025-07-18,supplier_capacity
RMREV009318,RMPO033858,2025-07-08,2025-07-08,2025-07-10,raw_material_shortage
RMREV009319,RMPO033945,2025-07-08,2025-07-17,2025-07-20,raw_material_shortage
RMREV009320,RMPO034116,2025-07-08,2025-07-15,2025-07-20,quality_hold_at_supplier
RMREV009321,RMPO034116,2025-07-08,2025-07-20,2025-07-16,expedite
RMREV009322,RMPO034388,2025-07-08,2025-07-17,2025-07-19,supplier_capacity
RMREV009323,RMPO034530,2025-07-08,2025-07-15,2025-07-17,production_issue
RMREV009324,RMPO034675,2025-07-08,2025-07-13,2025-07-16,lead_time_extension
RMREV009325,RMPO034757,2025-07-08,2025-07-12,2025-07-21,labor_strike
RMREV009326,RMPO034758,2025-07-08,2025-07-12,2025-07-19,labor_strike
RMREV009327,RMPO034759,2025-07-08,2025-07-11,2025-07-15,labor_strike
RMREV009328,RMPO034829,2025-07-08,2025-07-12,2025-07-13,raw_material_shortage
RMREV009329,RMPO033034,2025-07-09,2025-07-16,2025-07-26,production_issue
RMREV009330,RMPO033278,2025-07-09,2025-07-16,2025-08-03,production_issue
RMREV009331,RMPO033355,2025-07-09,2025-07-07,2025-07-16,labor_strike
RMREV009332,RMPO033399,2025-07-09,2025-07-09,2025-07-10,production_issue
RMREV009333,RMPO032862,2025-07-10,2025-07-12,2025-07-18,expedite_missed
RMREV009334,RMPO033108,2025-07-10,2025-07-11,2025-07-21,carrier_delay
RMREV009335,RMPO033219,2025-07-10,2025-07-19,2025-08-01,production_issue
RMREV009336,RMPO033724,2025-07-10,2025-07-12,2025-07-22,raw_material_shortage
RMREV009337,RMPO033745,2025-07-10,2025-07-16,2025-07-28,raw_material_shortage
RMREV009338,RMPO033941,2025-07-10,2025-07-12,2025-07-17,labor_strike
RMREV009339,RMPO033945,2025-07-10,2025-07-20,2025-07-23,raw_material_shortage
RMREV009340,RMPO034367,2025-07-10,2025-07-22,2025-07-26,production_issue
RMREV009341,RMPO034477,2025-07-10,2025-07-17,2025-07-20,carrier_delay
RMREV009342,RMPO034676,2025-07-10,2025-07-16,2025-07-20,lead_time_extension
RMREV009343,RMPO034759,2025-07-10,2025-07-15,2025-07-18,labor_strike
RMREV009344,RMPO032677,2025-07-11,2025-07-12,2025-08-12,production_issue
RMREV009345,RMPO033440,2025-07-11,2025-07-20,2025-08-08,carrier_delay
RMREV009346,RMPO034208,2025-07-11,2025-07-23,2025-08-05,production_issue
RMREV009347,RMPO034208,2025-07-11,2025-08-05,2025-07-29,expedite
RMREV009348,RMPO034287,2025-07-11,2025-07-21,2025-07-25,supplier_capacity
RMREV009349,RMPO034485,2025-07-11,2025-07-14,2025-07-20,labor_strike
RMREV009350,RMPO033509,2025-07-12,2025-07-24,2025-07-27,production_issue
RMREV009351,RMPO033578,2025-07-12,2025-07-10,2025-07-17,expedite_missed
RMREV009352,RMPO033667,2025-07-12,2025-07-24,2025-07-27,production_issue
RMREV009353,RMPO034286,2025-07-12,2025-07-23,2025-07-25,supplier_capacity
RMREV009354,RMPO034442,2025-07-12,2025-07-22,2025-07-23,carrier_delay
RMREV009355,RMPO034753,2025-07-12,2025-07-24,2025-07-25,carrier_delay
RMREV009356,RMPO034754,2025-07-12,2025-07-23,2025-07-24,raw_material_shortage
RMREV009357,RMPO034895,2025-07-12,2025-07-24,2025-07-27,carrier_delay
RMREV009358,RMPO034911,2025-07-12,2025-07-20,2025-08-01,supplier_capacity
RMREV009359,RMPO034911,2025-07-12,2025-08-01,2025-07-28,expedite
RMREV009360,RMPO033515,2025-07-13,2025-07-23,2025-08-16,raw_material_shortage
RMREV009361,RMPO034084,2025-07-13,2025-07-16,2025-07-21,production_issue
RMREV009362,RMPO034084,2025-07-13,2025-07-21,2025-07-18,expedite
RMREV009363,RMPO034187,2025-07-13,2025-07-24,2025-07-28,carrier_delay
RMREV009364,RMPO033166,2025-07-14,2025-07-17,2025-08-11,quality_hold_at_supplier
RMREV009365,RMPO033766,2025-07-14,2025-07-24,2025-07-27,production_issue
RMREV009366,RMPO034286,2025-07-14,2025-07-25,2025-07-27,supplier_capacity
RMREV009367,RMPO034415,2025-07-14,2025-07-21,2025-07-22,production_issue
RMREV009368,RMPO034733,2025-07-14,2025-07-18,2025-07-24,raw_material_shortage
RMREV009369,RMPO033766,2025-07-15,2025-07-27,2025-07-28,production_issue
RMREV009370,RMPO034112,2025-07-15,2025-07-20,2025-08-11,raw_material_shortage
RMREV009371,RMPO034743,2025-07-15,2025-07-22,2025-07-23,carrier_delay
RMREV009372,RMPO034782,2025-07-15,2025-07-27,2025-07-28,production_issue
RMREV009373,RMPO034949,2025-07-15,2025-07-26,2025-07-28,production_issue
RMREV009374,RMPO034959,2025-07-15,2025-07-20,2025-07-21,lead_time_extension
RMREV009375,RMPO034960,2025-07-15,2025-07-21,2025-07-24,lead_time_extension
RMREV009376,RMPO034961,2025-07-15,2025-07-22,2025-07-24,lead_time_extension
RMREV009377,RMPO034962,2025-07-15,2025-07-20,2025-07-21,lead_time_extension
RMREV009378,RMPO034993,2025-07-15,2025-07-21,2025-07-22,supplier_capacity
RMREV009379,RMPO034995,2025-07-15,2025-07-25,2025-07-26,supplier_capacity
RMREV009380,RMPO035020,2025-07-15,2025-07-24,2025-07-27,production_issue
RMREV009381,RMPO035021,2025-07-15,2025-07-27,2025-07-30,production_issue
RMREV009382,RMPO035033,2025-07-15,2025-07-20,2025-07-21,carrier_delay
RMREV009383,RMPO035034,2025-07-15,2025-07-17,2025-07-18,raw_material_shortage
RMREV009384,RMPO035047,2025-07-15,2025-07-19,2025-07-21,supplier_capacity
RMREV009385,RMPO035048,2025-07-15,2025-07-18,2025-07-20,carrier_delay
RMREV009386,RMPO035106,2025-07-15,2025-07-27,2025-08-06,carrier_delay
RMREV009387,RMPO035107,2025-07-15,2025-07-27,2025-08-06,quality_hold_at_supplier
RMREV009388,RMPO034049,2025-07-16,2025-07-18,2025-07-22,supplier_capacity
RMREV009389,RMPO034443,2025-07-16,2025-07-25,2025-07-26,carrier_delay
RMREV009390,RMPO034530,2025-07-16,2025-07-17,2025-07-20,production_issue
RMREV009391,RMPO034957,2025-07-16,2025-07-22,2025-07-24,lead_time_extension
RMREV009392,RMPO034959,2025-07-16,2025-07-21,2025-07-22,lead_time_extension
RMREV009393,RMPO033160,2025-07-17,2025-07-24,2025-08-01,supplier_capacity
RMREV009394,RMPO033167,2025-07-17,2025-07-19,2025-07-26,carrier_delay
RMREV009395,RMPO033189,2025-07-17,2025-07-20,2025-07-22,raw_material_shortage
RMREV009396,RMPO033261,2025-07-17,2025-07-24,2025-07-28,carrier_delay
RMREV009397,RMPO033519,2025-07-17,2025-07-23,2025-08-09,carrier_delay
RMREV009398,RMPO033520,2025-07-17,2025-07-27,2025-08-03,carrier_delay
RMREV009399,RMPO033794,2025-07-17,2025-07-24,2025-07-26,raw_material_shortage
RMREV009400,RMPO034957,2025-07-17,2025-07-24,2025-07-25,lead_time_extension
RMREV009401,RMPO035021,2025-07-17,2025-07-30,2025-07-31,production_issue
RMREV009402,RMPO033829,2025-07-18,2025-07-13,2025-07-20,labor_strike
RMREV009403,RMPO034084,2025-07-18,2025-07-18,2025-07-23,expedite_missed
RMREV009404,RMPO034116,2025-07-18,2025-07-16,2025-07-24,expedite_missed
RMREV009405,RMPO034303,2025-07-18,2025-07-20,2025-07-27,supplier_capacity
RMREV009406,RMPO033641,2025-07-19,2025-07-20,2025-08-05,production_issue
RMREV009407,RMPO033641,2025-07-19,2025-08-05,2025-07-31,expedite
RMREV009408,RMPO033792,2025-07-19,2025-07-24,2025-08-13,production_issue
RMREV009409,RMPO033792,2025-07-19,2025-08-13,2025-08-06,expedite
RMREV009410,RMPO033862,2025-07-19,2025-07-23,2025-07-29,supplier_capacity
RMREV009411,RMPO033933,2025-07-19,2025-07-25,2025-08-01,production_issue
RMREV009412,RMPO034053,2025-07-19,2025-07-26,2025-08-02,production_issue
RMREV009413,RMPO034557,2025-07-19,2025-07-30,2025-08-03,supplier_capacity
RMREV009414,RMPO034782,2025-07-19,2025-07-28,2025-07-29,production_issue
RMREV009415,RMPO033261,2025-07-20,2025-07-28,2025-07-29,carrier_delay
RMREV009416,RMPO033641,2025-07-20,2025-07-31,2025-08-05,expedite_missed
RMREV009417,RMPO033667,2025-07-20,2025-07-27,2025-08-01,production_issue
RMREV009418,RMPO033714,2025-07-20,2025-07-24,2025-08-04,supplier_capacity
RMREV009419,RMPO033714,2025-07-20,2025-08-04,2025-08-01,expedite
RMREV009420,RMPO033794,2025-07-20,2025-07-26,2025-07-28,raw_material_shortage
RMREV009421,RMPO034440,2025-07-20,2025-07-31,2025-08-06,carrier_delay
RMREV009422,RMPO034440,2025-07-20,2025-08-06,2025-07-29,expedite
RMREV009423,RMPO034728,2025-07-20,2025-08-01,2025-08-06,supplier_capacity
RMREV009424,RMPO034783,2025-07-20,2025-07-22,2025-07-23,carrier_delay
RMREV009425,RMPO034958,2025-07-20,2025-07-22,2025-07-24,lead_time_extension
RMREV009426,RMPO034962,2025-07-20,2025-07-21,2025-07-22,lead_time_extension
RMREV009427,RMPO034992,2025-07-20,2025-07-25,2025-07-26,carrier_delay
RMREV009428,RMPO035208,2025-07-20,2025-07-27,2025-07-30,lead_time_extension
RMREV009429,RMPO033882,2025-07-21,2025-07-27,2025-08-19,raw_material_shortage
RMREV009430,RMPO033932,2025-07-21,2025-08-01,2025-08-14,carrier_delay
RMREV009431,RMPO034224,2025-07-21,2025-07-22,2025-07-27,carrier_delay
RMREV009432,RMPO034285,2025-07-21,2025-07-24,2025-07-27,supplier_capacity
RMREV009433,RMPO034697,2025-07-21,2025-08-02,2025-08-08,production_issue
RMREV009434,RMPO034711,2025-07-21,2025-08-01,2025-08-07,supplier_capacity
RMREV009435,RMPO034711,2025-07-21,2025-08-07,2025-08-03,expedite
RMREV009436,RMPO034745,2025-07-21,2025-07-23,2025-07-26,production_issue
RMREV009437,RMPO034783,2025-07-21,2025-07-23,2025-07-24,carrier_delay
RMREV009438,RMPO033793,2025-07-22,2025-07-27,2025-08-18,production_issue
RMREV009439,RMPO033857,2025-07-22,2025-08-01,2025-08-13,carrier_delay
RMREV009440,RMPO033934,2025-07-22,2025-07-28,2025-08-09,carrier_delay
RMREV009441,RMPO034528,2025-07-22,2025-07-27,2025-08-04,carrier_delay
RMREV009442,RMPO034553,2025-07-22,2025-07-29,2025-08-08,supplier_capacity
RMREV009443,RMPO034806,2025-07-22,2025-08-03,2025-08-14,raw_material_shortage
RMREV009444,RMPO035079,2025-07-22,2025-08-03,2025-08-12,production_issue
RMREV009445,RMPO035210,2025-07-22,2025-07-29,2025-08-13,production_issue
RMREV009446,RMPO035210,2025-07-22,2025-08-13,2025-08-05,expedite
RMREV009447,RMPO035253,2025-07-22,2025-07-27,2025-07-29,lead_time_extension
RMREV009448,RMPO035255,2025-07-22,2025-07-27,2025-07-29,lead_time_extension
RMREV009449,RMPO035343,2025-07-22,2025-08-01,2025-08-03,production_issue
RMREV009450,RMPO035344,2025-07-22,2025-07-26,2025-07-27,supplier_capacity
RMREV009451,RMPO035345,2025-07-22,2025-07-25,2025-07-26,production_issue
RMREV009452,RMPO035346,2025-07-22,2025-07-26,2025-07-27,production_issue
RMREV009453,RMPO035435,2025-07-22,2025-07-30,2025-08-01,supplier_capacity
RMREV009454,RMPO035447,2025-07-22,2025-08-03,2025-08-06,production_issue
RMREV009455,RMPO035472,2025-07-22,2025-07-30,2025-08-01,raw_material_shortage
RMREV009456,RMPO033756,2025-07-23,2025-07-30,2025-08-07,raw_material_shortage
RMREV009457,RMPO034285,2025-07-23,2025-07-27,2025-07-28,supplier_capacity
RMREV009458,RMPO034325,2025-07-23,2025-07-28,2025-08-04,production_issue
RMREV009459,RMPO034439,2025-07-23,2025-08-03,2025-08-10,carrier_delay
RMREV009460,RMPO034570,2025-07-23,2025-07-27,2025-07-31,raw_material_shortage
RMREV009461,RMPO034781,2025-07-23,2025-07-24,2025-07-26,carrier_delay
RMREV009462,RMPO035252,2025-07-23,2025-07-29,2025-08-01,lead_time_extension
RMREV009463,RMPO033672,2025-07-24,2025-08-03,2025-08-10,production_issue
RMREV009464,RMPO034307,2025-07-24,2025-07-27,2025-07-29,supplier_capacity
RMREV009465,RMPO035139,2025-07-24,2025-07-26,2025-07-27,carrier_delay
RMREV009466,RMPO035281,2025-07-24,2025-08-01,2025-08-05,carrier_delay
RMREV009467,RMPO033516,2025-07-25,2025-07-27,2025-08-10,raw_material_shortage
RMREV009468,RMPO033516,2025-07-25,2025-08-10,2025-08-03,expedite
RMREV009469,RMPO034552,2025-07-25,2025-07-30,2025-08-04,supplier_capacity
RMREV009470,RMPO034579,2025-07-25,2025-08-06,2025-08-12,supplier_capacity
RMREV009471,RMPO034619,2025-07-25,2025-08-06,2025-08-09,production_issue
RMREV009472,RMPO034712,2025-07-25,2025-07-29,2025-08-03,production_issue
RMREV009473,RMPO035254,2025-07-25,2025-07-29,2025-07-31,lead_time_extension
RMREV009474,RMPO035472,2025-07-25,2025-08-01,2025-08-02,raw_material_shortage
RMREV009475,RMPO032938,2025-07-26,2025-07-24,2025-07-29,expedite_missed
RMREV009476,RMPO033508,2025-07-26,2025-07-27,2025-07-30,raw_material_shortage
RMREV009477,RMPO033993,2025-07-26,2025-08-05,2025-08-06,supplier_capacity
RMREV009478,RMPO034521,2025-07-26,2025-08-04,2025-08-12,carrier_delay
RMREV009479,RMPO034976,2025-07-26,2025-07-27,2025-07-30,supplier_capacity
RMREV009480,RMPO033949,2025-07-27,2025-07-28,2025-08-01,supplier_capacity
RMREV009481,RMPO033993,2025-07-27,2025-08-06,2025-08-07,supplier_capacity
RMREV009482,RMPO034001,2025-07-27,2025-08-06,2025-08-13,supplier_capacity
RMREV009483,RMPO034696,2025-07-27,2025-07-30,2025-08-06,production_issue
RMREV009484,RMPO034911,2025-07-28,2025-07-28,2025-08-01,expedite_missed
RMREV009485,RMPO035026,2025-07-28,2025-08-07,2025-08-10,supplier_capacity
RMREV009486,RMPO034307,2025-07-29,2025-07-29,2025-07-30,supplier_capacity
RMREV009487,RMPO034556,2025-07-29,2025-07-30,2025-08-01,supplier_capacity
RMREV009488,RMPO034807,2025-07-29,2025-08-01,2025-08-06,supplier_capacity
RMREV009489,RMPO035103,2025-07-29,2025-08-09,2025-08-22,production_issue
RMREV009490,RMPO035103,2025-07-29,2025-08-22,2025-08-16,expedite
RMREV009491,RMPO035543,2025-07-29,2025-08-04,2025-08-07,lead_time_extension
RMREV009492,RMPO035544,2025-07-29,2025-08-05,2025-08-08,lead_time_extension
RMREV009493,RMPO035545,2025-07-29,2025-08-04,2025-08-06,lead_time_extension
RMREV009494,RMPO035556,2025-07-29,2025-08-06,2025-08-07,raw_material_shortage
RMREV009495,RMPO035557,2025-07-29,2025-07-31,2025-08-01,raw_material_shortage
RMREV009496,RMPO035750,2025-07-29,2025-08-06,2025-08-09,production_issue
RMREV009497,RMPO034031,2025-07-30,2025-08-08,2025-08-19,carrier_delay
RMREV009498,RMPO034580,2025-07-30,2025-08-03,2025-08-09,production_issue
RMREV009499,RMPO034807,2025-07-30,2025-08-06,2025-08-12,supplier_capacity
RMREV009500,RMPO035336,2025-07-30,2025-08-09,2025-08-12,production_issue
RMREV009501,RMPO033807,2025-07-31,2025-08-01,2025-08-23,supplier_capacity
RMREV009502,RMPO034032,2025-07-31,2025-08-08,2025-08-19,production_issue
RMREV009503,RMPO034148,2025-07-31,2025-08-10,2025-08-13,raw_material_shortage
RMREV009504,RMPO034712,2025-07-31,2025-08-03,2025-08-04,production_issue
RMREV009505,RMPO035100,2025-07-31,2025-08-10,2025-08-23,carrier_delay
RMREV009506,RMPO035563,2025-07-31,2025-08-09,2025-08-29,raw_material_shortage
RMREV009507,RMPO035563,2025-07-31,2025-08-29,2025-08-25,expedite
RMREV009508,RMPO034498,2025-08-01,2025-08-06,2025-08-12,raw_material_shortage
RMREV009509,RMPO034697,2025-08-01,2025-08-08,2025-08-10,production_issue
RMREV009510,RMPO034937,2025-08-01,2025-08-02,2025-08-04,raw_material_shortage
RMREV009511,RMPO035542,2025-08-01,2025-08-05,2025-08-08,lead_time_extension
RMREV009512,RMPO032744,2025-08-03,2025-07-23,2025-08-06,expedite_missed
RMREV009513,RMPO034337,2025-08-03,2025-08-06,2025-08-13,carrier_delay
RMREV009514,RMPO034552,2025-08-03,2025-08-04,2025-08-09,supplier_capacity
RMREV009515,RMPO034752,2025-08-03,2025-08-09,2025-08-14,carrier_delay
RMREV009516,RMPO034937,2025-08-03,2025-08-04,2025-08-07,raw_material_shortage
RMREV009517,RMPO035210,2025-08-03,2025-08-05,2025-08-08,expedite_missed
RMREV009518,RMPO035364,2025-08-03,2025-08-10,2025-08-13,raw_material_shortage
RMREV009519,RMPO035378,2025-08-03,2025-08-05,2025-08-06,carrier_delay
RMREV009520,RMPO034181,2025-08-04,2025-08-13,2025-08-21,supplier_capacity
RMREV009521,RMPO034232,2025-08-04,2025-08-12,2025-08-18,supplier_capacity
RMREV009522,RMPO035005,2025-08-04,2025-08-05,2025-08-06,supplier_capacity
RMREV009523,RMPO035077,2025-08-04,2025-08-05,2025-08-06,raw_material_shortage
RMREV009524,RMPO035494,2025-08-04,2025-08-11,2025-08-23,supplier_capacity
RMREV009525,RMPO035494,2025-08-04,2025-08-23,2025-08-19,expedite
RMREV009526,RMPO035546,2025-08-04,2025-08-07,2025-08-10,lead_time_extension
RMREV009527,RMPO035749,2025-08-04,2025-08-07,2025-08-10,production_issue
RMREV009528,RMPO033952,2025-08-05,2025-08-11,2025-09-08,production_issue
RMREV009529,RMPO033992,2025-08-05,2025-08-12,2025-08-14,carrier_delay
RMREV009530,RMPO034035,2025-08-05,2025-08-10,2025-08-14,carrier_delay
RMREV009531,RMPO034148,2025-08-05,2025-08-13,2025-08-16,raw_material_shortage
RMREV009532,RMPO034230,2025-08-05,2025-08-15,2025-08-21,carrier_delay
RMREV009533,RMPO034521,2025-08-05,2025-08-12,2025-08-15,carrier_delay
RMREV009534,RMPO034751,2025-08-05,2025-08-09,2025-08-29,carrier_delay
RMREV009535,RMPO035101,2025-08-05,2025-08-12,2025-08-26,raw_material_shortage
RMREV009536,RMPO035802,2025-08-05,2025-08-11,2025-08-14,lead_time_extension
RMREV009537,RMPO035804,2025-08-05,2025-08-12,2025-08-15,lead_time_extension
RMREV009538,RMPO035805,2025-08-05,2025-08-12,2025-08-13,lead_time_extension
RMREV009539,RMPO035806,2025-08-05,2025-08-14,2025-08-15,lead_time_extension
RMREV009540,RMPO035856,2025-08-05,2025-08-10,2025-08-12,carrier_delay
RMREV009541,RMPO035860,2025-08-05,2025-08-15,2025-08-16,raw_material_shortage
RMREV009542,RMPO034229,2025-08-06,2025-08-12,2025-08-18,production_issue
RMREV009543,RMPO034276,2025-08-06,2025-08-15,2025-08-20,production_issue
RMREV009544,RMPO034340,2025-08-06,2025-08-09,2025-08-29,supplier_capacity
RMREV009545,RMPO034869,2025-08-06,2025-08-11,2025-08-21,raw_material_shortage
RMREV009546,RMPO035102,2025-08-06,2025-08-07,2025-08-14,supplier_capacity
RMREV009547,RMPO035488,2025-08-06,2025-08-07,2025-08-12,carrier_delay
RMREV009548,RMPO035500,2025-08-06,2025-08-12,2025-09-02,supplier_capacity
RMREV009549,RMPO035500,2025-08-06,2025-09-02,2025-08-29,expedite
RMREV009550,RMPO035806,2025-08-06,2025-08-15,2025-08-16,lead_time_extension
RMREV009551,RMPO034445,2025-08-07,2025-08-11,2025-08-25,carrier_delay
RMREV009552,RMPO035005,2025-08-07,2025-08-06,2025-08-08,supplier_capacity
RMREV009553,RMPO035118,2025-08-07,2025-08-11,2025-08-17,supplier_capacity
RMREV009554,RMPO035488,2025-08-07,2025-08-12,2025-08-13,carrier_delay
RMREV009555,RMPO035527,2025-08-07,2025-08-17,2025-08-25,raw_material_shortage
RMREV009556,RMPO035700,2025-08-07,2025-08-12,2025-08-14,supplier_capacity
RMREV009557,RMPO035917,2025-08-07,2025-08-17,2025-08-19,raw_material_shortage
RMREV009558,RMPO036009,2025-08-07,2025-08-19,2025-08-22,raw_material_shortage
RMREV009559,RMPO034120,2025-08-08,2025-08-12,2025-09-02,raw_material_shortage
RMREV009560,RMPO034120,2025-08-08,2025-09-02,2025-08-28,expedite
RMREV009561,RMPO034832,2025-08-08,2025-08-09,2025-08-12,supplier_capacity
RMREV009562,RMPO035040,2025-08-08,2025-08-20,2025-08-23,carrier_delay
RMREV009563,RMPO035715,2025-08-08,2025-08-19,2025-08-21,raw_material_shortage
RMREV009564,RMPO035803,2025-08-08,2025-08-13,2025-08-15,lead_time_extension
RMREV009565,RMPO035950,2025-08-08,2025-08-18,2025-08-19,supplier_capacity
RMREV009566,RMPO034612,2025-08-09,2025-08-17,2025-08-19,supplier_capacity
RMREV009567,RMPO034615,2025-08-09,2025-08-11,2025-08-22,supplier_capacity
RMREV009568,RMPO035102,2025-08-09,2025-08-14,2025-08-19,supplier_capacity
RMREV009569,RMPO035164,2025-08-09,2025-08-19,2025-09-05,supplier_capacity
RMREV009570,RMPO035164,2025-08-09,2025-09-05,2025-08-29,expedite
RMREV009571,RMPO035494,2025-08-09,2025-08-19,2025-08-20,expedite_missed
RMREV009572,RMPO035530,2025-08-09,2025-08-18,2025-09-01,production_issue
RMREV009573,RMPO033960,2025-08-10,2025-08-18,2025-08-24,supplier_capacity
RMREV009574,RMPO034180,2025-08-10,2025-08-16,2025-08-24,raw_material_shortage
RMREV009575,RMPO034231,2025-08-10,2025-08-13,2025-08-17,carrier_delay
RMREV009576,RMPO035121,2025-08-10,2025-08-12,2025-08-19,supplier_capacity
RMREV009577,RMPO035295,2025-08-10,2025-08-12,2025-08-14,carrier_delay
RMREV009578,RMPO035419,2025-08-10,2025-08-18,2025-08-21,supplier_capacity
RMREV009579,RMPO035421,2025-08-10,2025-08-20,2025-08-26,supplier_capacity
RMREV009580,RMPO035585,2025-08-10,2025-08-18,2025-08-26,raw_material_shortage
RMREV009581,RMPO035585,2025-08-10,2025-08-26,2025-08-23,expedite
RMREV009582,RMPO035805,2025-08-10,2025-08-13,2025-08-14,lead_time_extension
RMREV009583,RMPO035995,2025-08-10,2025-08-15,2025-08-19,supplier_capacity
RMREV009584,RMPO035995,2025-08-10,2025-08-19,2025-08-14,expedite
RMREV009585,RMPO036016,2025-08-10,2025-08-19,2025-08-30,carrier_delay
RMREV009586,RMPO036016,2025-08-10,2025-08-30,2025-08-23,expedite
RMREV009587,RMPO033978,2025-08-11,2025-08-18,2025-09-15,carrier_delay
RMREV009588,RMPO034525,2025-08-11,2025-08-14,2025-08-17,supplier_capacity
RMREV009589,RMPO035296,2025-08-11,2025-08-12,2025-08-15,raw_material_shortage
RMREV009590,RMPO034040,2025-08-12,2025-08-14,2025-09-01,supplier_capacity
RMREV009591,RMPO034277,2025-08-12,2025-08-16,2025-08-25,supplier_capacity
RMREV009592,RMPO035320,2025-08-12,2025-08-20,2025-08-24,carrier_delay
RMREV009593,RMPO035320,2025-08-12,2025-08-24,2025-08-16,expedite
RMREV009594,RMPO035700,2025-08-12,2025-08-14,2025-08-15,supplier_capacity
RMREV009595,RMPO035803,2025-08-12,2025-08-15,2025-08-16,lead_time_extension
RMREV009596,RMPO036043,2025-08-12,2025-08-17,2025-08-20,lead_time_extension
RMREV009597,RMPO036067,2025-08-12,2025-08-21,2025-08-22,raw_material_shortage
RMREV009598,RMPO036112,2025-08-12,2025-08-22,2025-08-23,carrier_delay
RMREV009599,RMPO036116,2025-08-12,2025-08-24,2025-08-25,raw_material_shortage
RMREV009600,RMPO036205,2025-08-12,2025-08-20,2025-08-22,production_issue
RMREV009601,RMPO033516,2025-08-13,2025-08-03,2025-08-15,expedite_missed
RMREV009602,RMPO033977,2025-08-13,2025-08-14,2025-08-27,production_issue
RMREV009603,RMPO034276,2025-08-13,2025-08-20,2025-08-26,production_issue
RMREV009604,RMPO034535,2025-08-13,2025-08-22,2025-08-29,raw_material_shortage
RMREV009605,RMPO034539,2025-08-13,2025-08-25,2025-10-02,raw_material_shortage
RMREV009606,RMPO035320,2025-08-13,2025-08-16,2025-08-23,expedite_missed
RMREV009607,RMPO035331,2025-08-13,2025-08-19,2025-08-27,production_issue
RMREV009608,RMPO035650,2025-08-13,2025-08-18,2025-08-20,supplier_capacity
RMREV009609,RMPO036111,2025-08-13,2025-08-24,2025-08-25,carrier_delay
RMREV009610,RMPO036231,2025-08-13,2025-08-20,2025-08-23,production_issue
RMREV009611,RMPO034771,2025-08-14,2025-08-20,2025-08-25,supplier_capacity
RMREV009612,RMPO034883,2025-08-14,2025-08-20,2025-08-25,supplier_capacity
RMREV009613,RMPO034930,2025-08-14,2025-08-26,2025-09-20,production_issue
RMREV009614,RMPO036016,2025-08-14,2025-08-23,2025-08-25,expedite_missed
RMREV009615,RMPO036044,2025-08-14,2025-08-20,2025-08-23,lead_time_extension
RMREV009616,RMPO036129,2025-08-14,2025-08-15,2025-08-17,production_issue
RMREV009617,RMPO035118,2025-08-15,2025-08-17,2025-08-18,supplier_capacity
RMREV009618,RMPO035181,2025-08-15,2025-08-27,2025-08-31,carrier_delay
RMREV009619,RMPO035416,2025-08-15,2025-08-21,2025-08-24,supplier_capacity
RMREV009620,RMPO036099,2025-08-15,2025-08-24,2025-08-27,raw_material_shortage
RMREV009621,RMPO034447,2025-08-16,2025-08-25,2025-09-02,carrier_delay
RMREV009622,RMPO034541,2025-08-16,2025-08-25,2025-08-29,supplier_capacity
RMREV009623,RMPO034972,2025-08-16,2025-08-24,2025-08-27,carrier_delay
RMREV009624,RMPO035010,2025-08-16,2025-08-25,2025-09-07,raw_material_shortage
RMREV009625,RMPO035466,2025-08-16,2025-08-25,2025-09-02,production_issue
RMREV009626,RMPO035696,2025-08-16,2025-08-28,2025-08-31,supplier_capacity
RMREV009627,RMPO035995,2025-08-16,2025-08-14,2025-08-18,expedite_missed
RMREV009628,RMPO036001,2025-08-16,2025-08-17,2025-08-25,raw_material_shortage
RMREV009629,RMPO036001,2025-08-16,2025-08-25,2025-08-20,expedite
RMREV009630,RMPO035420,2025-08-17,2025-08-20,2025-08-26,supplier_capacity
RMREV009631,RMPO035423,2025-08-17,2025-08-19,2025-08-24,supplier_capacity
RMREV009632,RMPO035547,2025-08-17,2025-08-18,2025-08-21,production_issue
RMREV009633,RMPO035548,2025-08-17,2025-08-19,2025-08-22,raw_material_shortage
RMREV009634,RMPO036008,2025-08-17,2025-08-21,2025-08-23,supplier_capacity
RMREV009635,RMPO036102,2025-08-17,2025-08-20,2025-08-22,raw_material_shortage
RMREV009636,RMPO033960,2025-08-18,2025-08-24,2025-08-28,supplier_capacity
RMREV009637,RMPO033960,2025-08-18,2025-08-28,2025-08-24,expedite
RMREV009638,RMPO034231,2025-08-18,2025-08-17,2025-08-19,carrier_delay
RMREV009639,RMPO035848,2025-08-18,2025-08-28,2025-09-03,supplier_capacity
RMREV009640,RMPO036008,2025-08-18,2025-08-23,2025-08-25,supplier_capacity
RMREV009641,RMPO036045,2025-08-18,2025-08-27,2025-09-01,raw_material_shortage
RMREV009642,RMPO036102,2025-08-18,2025-08-22,2025-08-23,raw_material_shortage
RMREV009643,RMPO036130,2025-08-18,2025-08-21,2025-08-23,carrier_delay
RMREV009644,RMPO034763,2025-08-19,2025-08-28,2025-08-31,carrier_delay
RMREV009645,RMPO034883,2025-08-19,2025-08-25,2025-08-31,supplier_capacity
RMREV009646,RMPO034947,2025-08-19,2025-08-28,2025-09-01,supplier_capacity
RMREV009647,RMPO035917,2025-08-19,2025-08-19,2025-08-22,raw_material_shortage
RMREV009648,RMPO036204,2025-08-19,2025-08-22,2025-08-27,quality_hold_at_supplier
RMREV009649,RMPO036204,2025-08-19,2025-08-27,2025-08-24,expedite
RMREV009650,RMPO036290,2025-08-19,2025-08-24,2025-08-26,lead_time_extension
RMREV009651,RMPO036292,2025-08-19,2025-08-24,2025-08-26,lead_time_extension
RMREV009652,RMPO036293,2025-08-19,2025-08-25,2025-08-26,lead_time_extension
RMREV009653,RMPO036294,2025-08-19,2025-08-24,2025-08-26,lead_time_extension
RMREV009654,RMPO036346,2025-08-19,2025-08-24,2025-08-25,production_issue
RMREV009655,RMPO035662,2025-08-20,2025-09-01,2025-09-03,supplier_capacity
RMREV009656,RMPO035684,2025-08-20,2025-08-21,2025-08-23,raw_material_shortage
RMREV009657,RMPO036262,2025-08-20,2025-08-26,2025-09-04,raw_material_shortage
RMREV009658,RMPO034377,2025-08-21,2025-08-28,2025-09-08,production_issue
RMREV009659,RMPO034591,2025-08-21,2025-08-22,2025-08-27,carrier_delay
RMREV009660,RMPO034763,2025-08-21,2025-08-31,2025-09-03,carrier_delay
RMREV009661,RMPO035585,2025-08-21,2025-08-23,2025-08-29,expedite_missed
RMREV009662,RMPO036293,2025-08-21,2025-08-26,2025-08-27,lead_time_extension
RMREV009663,RMPO036432,2025-08-21,2025-09-01,2025-09-06,raw_material_shortage
RMREV009664,RMPO034202,2025-08-22,2025-08-23,2025-09-01,supplier_capacity
RMREV009665,RMPO034540,2025-08-22,2025-08-24,2025-08-28,supplier_capacity
RMREV009666,RMPO035185,2025-08-22,2025-08-26,2025-09-06,production_issue
RMREV009667,RMPO035185,2025-08-22,2025-09-06,2025-08-31,expedite
RMREV009668,RMPO035298,2025-08-22,2025-09-01,2025-09-06,raw_material_shortage
RMREV009669,RMPO035609,2025-08-22,2025-08-31,2025-09-11,carrier_delay
RMREV009670,RMPO035684,2025-08-22,2025-08-23,2025-08-25,raw_material_shortage
RMREV009671,RMPO035694,2025-08-22,2025-08-25,2025-09-07,supplier_capacity
RMREV009672,RMPO036040,2025-08-22,2025-08-25,2025-08-30,raw_material_shortage
RMREV009673,RMPO036040,2025-08-22,2025-08-30,2025-08-24,expedite
RMREV009674,RMPO036128,2025-08-22,2025-08-27,2025-09-03,supplier_capacity
RMREV009675,RMPO036204,2025-08-22,2025-08-24,2025-08-31,expedite_missed
RMREV009676,RMPO036255,2025-08-22,2025-08-24,2025-09-03,supplier_capacity
RMREV009677,RMPO036255,2025-08-22,2025-09-03,2025-08-27,expedite
RMREV009678,RMPO036384,2025-08-22,2025-08-31,2025-09-02,raw_material_shortage
RMREV009679,RMPO034627,2025-08-23,2025-08-26,2025-09-11,production_issue
RMREV009680,RMPO034627,2025-08-23,2025-09-11,2025-09-04,expedite
RMREV009681,RMPO035124,2025-08-23,2025-08-25,2025-08-27,supplier_capacity
RMREV009682,RMPO035991,2025-08-23,2025-08-26,2025-09-11,production_issue
RMREV009683,RMPO036291,2025-08-23,2025-08-24,2025-08-26,lead_time_extension
RMREV009684,RMPO036430,2025-08-23,2025-09-02,2025-09-09,supplier_capacity
RMREV009685,RMPO036430,2025-08-23,2025-09-09,2025-09-03,expedite
RMREV009686,RMPO034627,2025-08-24,2025-09-04,2025-09-11,expedite_missed
RMREV009687,RMPO034762,2025-08-24,2025-08-30,2025-09-04,raw_material_shortage
RMREV009688,RMPO034947,2025-08-24,2025-09-01,2025-09-07,supplier_capacity
RMREV009689,RMPO035058,2025-08-24,2025-09-02,2025-09-06,raw_material_shortage
RMREV009690,RMPO035121,2025-08-24,2025-08-19,2025-08-28,supplier_capacity
RMREV009691,RMPO035124,2025-08-24,2025-08-27,2025-08-29,supplier_capacity
RMREV009692,RMPO035363,2025-08-24,2025-09-05,2025-09-18,supplier_capacity
RMREV009693,RMPO035936,2025-08-24,2025-09-02,2025-09-04,supplier_capacity
RMREV009694,RMPO035942,2025-08-24,2025-08-30,2025-09-02,supplier_capacity
RMREV009695,RMPO036099,2025-08-24,2025-08-27,2025-08-30,raw_material_shortage
RMREV009696,RMPO036295,2025-08-24,2025-08-26,2025-08-28,lead_time_extension
RMREV009697,RMPO034634,2025-08-25,2025-08-31,2025-09-05,raw_material_shortage
RMREV009698,RMPO035059,2025-08-25,2025-09-04,2025-09-08,production_issue
RMREV009699,RMPO036343,2025-08-25,2025-08-31,2025-09-01,raw_material_shortage
RMREV009700,RMPO036431,2025-08-25,2025-09-04,2025-09-14,raw_material_shortage
RMREV009701,RMPO033960,2025-08-26,2025-08-24,2025-08-27,expedite_missed
RMREV009702,RMPO034540,2025-08-26,2025-08-28,2025-08-30,supplier_capacity
RMREV009703,RMPO034549,2025-08-26,2025-08-28,2025-09-07,carrier_delay
RMREV009704,RMPO034771,2025-08-26,2025-08-25,2025-08-27,supplier_capacity
RMREV009705,RMPO035243,2025-08-26,2025-09-04,2025-09-11,production_issue
RMREV009706,RMPO035243,2025-08-26,2025-09-11,2025-09-08,expedite
RMREV009707,RMPO035695,2025-08-26,2025-08-28,2025-09-13,supplier_capacity
RMREV009708,RMPO035736,2025-08-26,2025-09-01,2025-09-02,raw_material_shortage
RMREV009709,RMPO035845,2025-08-26,2025-08-31,2025-09-02,raw_material_shortage
RMREV009710,RMPO036153,2025-08-26,2025-08-28,2025-08-30,production_issue
RMREV009711,RMPO036296,2025-08-26,2025-08-28,2025-09-01,lead_time_extension
RMREV009712,RMPO036300,2025-08-26,2025-09-03,2025-09-05,production_issue
RMREV009713,RMPO036548,2025-08-26,2025-09-02,2025-09-04,lead_time_extension
RMREV009714,RMPO036550,2025-08-26,2025-08-31,2025-09-02,lead_time_extension
RMREV009715,RMPO036615,2025-08-26,2025-09-05,2025-09-06,production_issue
RMREV009716,RMPO034787,2025-08-27,2025-09-03,2025-09-25,carrier_delay
RMREV009717,RMPO035181,2025-08-27,2025-08-31,2025-09-04,carrier_delay
RMREV009718,RMPO035240,2025-08-27,2025-09-04,2025-09-11,supplier_capacity
RMREV009719,RMPO035943,2025-08-27,2025-09-03,2025-09-07,supplier_capacity
RMREV009720,RMPO035980,2025-08-27,2025-09-08,2025-09-12,raw_material_shortage
RMREV009721,RMPO036295,2025-08-27,2025-08-28,2025-08-29,lead_time_extension
RMREV009722,RMPO036449,2025-08-27,2025-09-04,2025-09-09,raw_material_shortage
RMREV009723,RMPO036475,2025-08-27,2025-09-01,2025-09-02,production_issue
RMREV009724,RMPO036546,2025-08-27,2025-09-04,2025-09-06,lead_time_extension
RMREV009725,RMPO036549,2025-08-27,2025-08-31,2025-09-02,lead_time_extension
RMREV009726,RMPO033977,2025-08-28,2025-08-27,2025-09-09,production_issue
RMREV009727,RMPO034541,2025-08-28,2025-08-29,2025-08-31,supplier_capacity
RMREV009728,RMPO035552,2025-08-28,2025-09-07,2025-09-13,production_issue
RMREV009729,RMPO036040,2025-08-28,2025-08-24,2025-08-29,expedite_missed
RMREV009730,RMPO036547,2025-08-28,2025-09-03,2025-09-06,lead_time_extension
RMREV009731,RMPO036655,2025-08-28,2025-09-09,2025-09-12,production_issue
RMREV009732,RMPO034721,2025-08-29,2025-09-01,2025-09-17,production_issue
RMREV009733,RMPO035110,2025-08-29,2025-09-02,2025-09-05,raw_material_shortage
RMREV009734,RMPO035185,2025-08-29,2025-08-31,2025-09-04,expedite_missed
RMREV009735,RMPO035484,2025-08-29,2025-09-02,2025-09-08,supplier_capacity
RMREV009736,RMPO035755,2025-08-29,2025-09-03,2025-09-12,carrier_delay
RMREV009737,RMPO035940,2025-08-29,2025-09-05,2025-09-08,supplier_capacity
RMREV009738,RMPO036153,2025-08-29,2025-08-30,2025-08-31,production_issue
RMREV009739,RMPO036255,2025-08-29,2025-08-27,2025-09-03,expedite_missed
RMREV009740,RMPO036384,2025-08-29,2025-09-02,2025-09-03,raw_material_shortage
RMREV009741,RMPO036493,2025-08-29,2025-09-02,2025-09-04,production_issue
RMREV009742,RMPO035060,2025-08-30,2025-09-02,2025-09-06,production_issue
RMREV009743,RMPO035242,2025-08-30,2025-09-04,2025-09-11,raw_material_shortage
RMREV009744,RMPO035937,2025-08-30,2025-09-03,2025-09-06,supplier_capacity
RMREV009745,RMPO036343,2025-08-30,2025-09-01,2025-09-02,raw_material_shortage
RMREV009746,RMPO035241,2025-08-31,2025-09-09,2025-09-16,supplier_capacity
RMREV009747,RMPO035300,2025-08-31,2025-09-01,2025-09-06,raw_material_shortage
RMREV009748,RMPO035300,2025-08-31,2025-09-06,2025-09-02,expedite
RMREV009749,RMPO035736,2025-08-31,2025-09-02,2025-09-04,raw_material_shortage
RMREV009750,RMPO036551,2025-08-31,2025-09-04,2025-09-07,lead_time_extension
RMREV009751,RMPO036656,2025-08-31,2025-09-11,2025-09-12,carrier_delay
RMREV009752,RMPO036782,2025-08-31,2025-09-07,2025-09-17,supplier_capacity
RMREV009753,RMPO036782,2025-08-31,2025-09-17,2025-09-11,expedite
RMREV009754,RMPO035244,2025-09-01,2025-09-07,2025-09-11,supplier_capacity
RMREV009755,RMPO036127,2025-09-01,2025-09-13,2025-09-17,supplier_capacity
RMREV009756,RMPO036162,2025-09-01,2025-09-02,2025-09-10,supplier_capacity
RMREV009757,RMPO036223,2025-09-01,2025-09-04,2025-09-07,raw_material_shortage
RMREV009758,RMPO036548,2025-09-01,2025-09-04,2025-09-05,lead_time_extension
RMREV009759,RMPO034634,2025-09-02,2025-09-05,2025-09-08,raw_material_shortage
RMREV009760,RMPO035157,2025-09-02,2025-09-05,2025-10-06,production_issue
RMREV009761,RMPO035218,2025-09-02,2025-09-13,2025-09-14,carrier_delay
RMREV009762,RMPO035755,2025-09-02,2025-09-12,2025-09-15,carrier_delay
RMREV009763,RMPO036320,2025-09-02,2025-09-13,2025-09-17,raw_material_shortage
RMREV009764,RMPO036416,2025-09-02,2025-09-13,2025-09-14,supplier_capacity
RMREV009765,RMPO036430,2025-09-02,2025-09-03,2025-09-10,expedite_missed
RMREV009766,RMPO036432,2025-09-02,2025-09-06,2025-09-10,raw_material_shortage
RMREV009767,RMPO036835,2025-09-02,2025-09-08,2025-09-11,lead_time_extension
RMREV009768,RMPO036996,2025-09-02,2025-09-10,2025-09-12,supplier_capacity
RMREV009769,RMPO036997,2025-09-02,2025-09-10,2025-09-12,carrier_delay
RMREV009770,RMPO037034,2025-09-02,2025-09-10,2025-09-12,supplier_capacity
RMREV009771,RMPO037035,2025-09-02,2025-09-10,2025-09-17,carrier_delay
RMREV009772,RMPO035108,2025-09-03,2025-09-05,2025-09-16,production_issue
RMREV009773,RMPO035459,2025-09-03,2025-09-12,2025-09-15,carrier_delay
RMREV009774,RMPO035979,2025-09-03,2025-09-08,2025-09-13,supplier_capacity
RMREV009775,RMPO037036,2025-09-03,2025-09-10,2025-09-14,production_issue
RMREV009776,RMPO035110,2025-09-04,2025-09-05,2025-09-09,raw_material_shortage
RMREV009777,RMPO036730,2025-09-04,2025-09-06,2025-09-08,supplier_capacity
RMREV009778,RMPO036836,2025-09-04,2025-09-10,2025-09-13,lead_time_extension
RMREV009779,RMPO037036,2025-09-04,2025-09-14,2025-09-17,production_issue
RMREV009780,RMPO035538,2025-09-05,2025-09-11,2025-09-24,production_issue
RMREV009781,RMPO036449,2025-09-05,2025-09-09,2025-09-11,raw_material_shortage
RMREV009782,RMPO036530,2025-09-05,2025-09-11,2025-09-16,production_issue
RMREV009783,RMPO037040,2025-09-05,2025-09-12,2025-09-13,carrier_delay
RMREV009784,RMPO035906,2025-09-06,2025-09-08,2025-09-09,carrier_delay
RMREV009785,RMPO036332,2025-09-06,2025-09-09,2025-09-18,raw_material_shortage
RMREV009786,RMPO036339,2025-09-06,2025-09-11,2025-09-12,carrier_delay
RMREV009787,RMPO036414,2025-09-06,2025-09-18,2025-10-06,supplier_capacity
RMREV009788,RMPO036418,2025-09-06,2025-09-16,2025-09-19,supplier_capacity
RMREV009789,RMPO035244,2025-09-07,2025-09-11,2025-09-15,supplier_capacity
RMREV009790,RMPO035645,2025-09-07,2025-09-12,2025-10-02,carrier_delay
RMREV009791,RMPO035645,2025-09-07,2025-10-02,2025-09-25,expedite
RMREV009792,RMPO035708,2025-09-07,2025-09-09,2025-09-17,raw_material_shortage
RMREV009793,RMPO035708,2025-09-07,2025-09-17,2025-09-10,expedite
RMREV009794,RMPO036610,2025-09-07,2025-09-18,2025-09-22,production_issue
RMREV009795,RMPO036997,2025-09-07,2025-09-12,2025-09-13,carrier_delay
RMREV009796,RMPO034930,2025-09-08,2025-09-20,2025-09-27,production_issue
RMREV009797,RMPO034930,2025-09-08,2025-09-27,2025-09-19,expedite
RMREV009798,RMPO035010,2025-09-08,2025-09-07,2025-09-11,raw_material_shortage
RMREV009799,RMPO035218,2025-09-08,2025-09-14,2025-09-15,carrier_delay
RMREV009800,RMPO035393,2025-09-08,2025-09-12,2025-09-25,carrier_delay
RMREV009801,RMPO036192,2025-09-08,2025-09-10,2025-09-15,supplier_capacity
RMREV009802,RMPO036223,2025-09-08,2025-09-07,2025-09-11,raw_material_shortage
RMREV009803,RMPO036706,2025-09-08,2025-09-20,2025-09-26,supplier_capacity
RMREV009804,RMPO036126,2025-09-09,2025-09-15,2025-09-20,supplier_capacity
RMREV009805,RMPO036319,2025-09-09,2025-09-13,2025-09-18,raw_material_shortage
RMREV009806,RMPO036421,2025-09-09,2025-09-17,2025-09-18,supplier_capacity
RMREV009807,RMPO036426,2025-09-09,2025-09-15,2025-09-16,supplier_capacity
RMREV009808,RMPO036653,2025-09-09,2025-09-11,2025-09-14,raw_material_shortage
RMREV009809,RMPO037119,2025-09-09,2025-09-16,2025-09-18,lead_time_extension
RMREV009810,RMPO037121,2025-09-09,2025-09-14,2025-09-16,lead_time_extension
RMREV009811,RMPO037122,2025-09-09,2025-09-17,2025-09-19,lead_time_extension
RMREV009812,RMPO037124,2025-09-09,2025-09-14,2025-09-15,lead_time_extension
RMREV009813,RMPO036079,2025-09-10,2025-09-11,2025-09-15,carrier_delay
RMREV009814,RMPO037123,2025-09-10,2025-09-16,2025-09-19,lead_time_extension
RMREV009815,RMPO035541,2025-09-11,2025-09-18,2025-09-29,carrier_delay
RMREV009816,RMPO035553,2025-09-11,2025-09-17,2025-09-23,carrier_delay
RMREV009817,RMPO035839,2025-09-11,2025-09-15,2025-09-21,supplier_capacity
RMREV009818,RMPO036326,2025-09-11,2025-09-21,2025-09-24,supplier_capacity
RMREV009819,RMPO036700,2025-09-11,2025-09-23,2025-09-24,supplier_capacity
RMREV009820,RMPO036731,2025-09-11,2025-09-16,2025-09-21,carrier_delay
RMREV009821,RMPO035360,2025-09-12,2025-09-23,2025-10-08,raw_material_shortage
RMREV009822,RMPO035484,2025-09-12,2025-09-08,2025-09-16,supplier_capacity
RMREV009823,RMPO035538,2025-09-12,2025-09-24,2025-10-03,production_issue
RMREV009824,RMPO035652,2025-09-12,2025-09-24,2025-10-01,production_issue
RMREV009825,RMPO035882,2025-09-12,2025-09-24,2025-10-10,carrier_delay
RMREV009826,RMPO036103,2025-09-12,2025-09-13,2025-09-14,supplier_capacity
RMREV009827,RMPO036416,2025-09-12,2025-09-14,2025-09-16,supplier_capacity
RMREV009828,RMPO036425,2025-09-12,2025-09-17,2025-09-20,supplier_capacity
RMREV009829,RMPO036442,2025-09-12,2025-09-14,2025-09-24,supplier_capacity
RMREV009830,RMPO036654,2025-09-12,2025-09-14,2025-09-18,production_issue
RMREV009831,RMPO036680,2025-09-12,2025-09-18,2025-09-21,supplier_capacity
RMREV009832,RMPO036327,2025-09-13,2025-09-15,2025-09-17,production_issue
RMREV009833,RMPO036387,2025-09-13,2025-09-23,2025-09-25,production_issue
RMREV009834,RMPO036417,2025-09-13,2025-09-17,2025-09-20,supplier_capacity
RMREV009835,RMPO036426,2025-09-13,2025-09-16,2025-09-18,supplier_capacity
RMREV009836,RMPO036469,2025-09-13,2025-09-17,2025-09-25,carrier_delay
RMREV009837,RMPO036609,2025-09-13,2025-09-18,2025-09-19,carrier_delay
RMREV009838,RMPO036860,2025-09-13,2025-09-24,2025-09-30,supplier_capacity
RMREV009839,RMPO036860,2025-09-13,2025-09-30,2025-09-23,expedite
RMREV009840,RMPO037118,2025-09-13,2025-09-16,2025-09-19,lead_time_extension
RMREV009841,RMPO037120,2025-09-13,2025-09-14,2025-09-16,lead_time_extension
RMREV009842,RMPO036611,2025-09-14,2025-09-18,2025-09-19,carrier_delay
RMREV009843,RMPO036680,2025-09-14,2025-09-21,2025-09-24,supplier_capacity
RMREV009844,RMPO037122,2025-09-14,2025-09-19,2025-09-20,lead_time_extension
RMREV009845,RMPO037145,2025-09-14,2025-09-23,2025-09-25,supplier_capacity
RMREV009846,RMPO036242,2025-09-15,2025-09-22,2025-09-27,carrier_delay
RMREV009847,RMPO036242,2025-09-15,2025-09-27,2025-09-23,expedite
RMREV009848,RMPO036243,2025-09-15,2025-09-24,2025-09-26,carrier_delay
RMREV009849,RMPO036522,2025-09-15,2025-09-27,2025-10-01,supplier_capacity
RMREV009850,RMPO036723,2025-09-15,2025-09-21,2025-09-29,carrier_delay
RMREV009851,RMPO036723,2025-09-15,2025-09-29,2025-09-25,expedite
RMREV009852,RMPO036732,2025-09-15,2025-09-16,2025-09-21,supplier_capacity
RMREV009853,RMPO037124,2025-09-15,2025-09-15,2025-09-16,lead_time_extension
RMREV009854,RMPO037278,2025-09-15,2025-09-20,2025-10-10,raw_material_shortage
RMREV009855,RMPO035467,2025-09-16,2025-09-17,2025-09-20,carrier_delay
RMREV009856,RMPO037387,2025-09-16,2025-09-23,2025-09-26,lead_time_extension
RMREV009857,RMPO037389,2025-09-16,2025-09-22,2025-09-25,lead_time_extension
RMREV009858,RMPO037390,2025-09-16,2025-09-21,2025-09-23,lead_time_extension
RMREV009859,RMPO037392,2025-09-16,2025-09-21,2025-09-23,lead_time_extension
RMREV009860,RMPO037395,2025-09-16,2025-09-24,2025-09-26,lead_time_extension
RMREV009861,RMPO037450,2025-09-16,2025-09-28,2025-09-30,carrier_delay
RMREV009862,RMPO037456,2025-09-16,2025-09-26,2025-09-29,carrier_delay
RMREV009863,RMPO037457,2025-09-16,2025-09-26,2025-09-29,raw_material_shortage
RMREV009864,RMPO037477,2025-09-16,2025-09-20,2025-09-21,supplier_capacity
RMREV009865,RMPO037478,2025-09-16,2025-09-25,2025-09-26,raw_material_shortage
RMREV009866,RMPO037479,2025-09-16,2025-09-19,2025-09-20,production_issue
RMREV009867,RMPO037599,2025-09-16,2025-09-25,2025-10-02,supplier_capacity
RMREV009868,RMPO035497,2025-09-17,2025-09-22,2025-10-03,supplier_capacity
RMREV009869,RMPO035497,2025-09-17,2025-10-03,2025-09-27,expedite
RMREV009870,RMPO035679,2025-09-17,2025-09-20,2025-09-22,carrier_delay
RMREV009871,RMPO035731,2025-09-17,2025-09-23,2025-09-24,raw_material_shortage
RMREV009872,RMPO035769,2025-09-17,2025-09-23,2025-10-10,supplier_capacity
RMREV009873,RMPO035769,2025-09-17,2025-10-10,2025-10-06,expedite
RMREV009874,RMPO035812,2025-09-17,2025-09-19,2025-09-30,production_issue
RMREV009875,RMPO036192,2025-09-17,2025-09-15,2025-09-18,supplier_capacity
RMREV009876,RMPO036429,2025-09-17,2025-09-27,2025-10-10,production_issue
RMREV009877,RMPO036611,2025-09-17,2025-09-19,2025-09-20,carrier_delay
RMREV009878,RMPO036617,2025-09-17,2025-09-27,2025-10-02,supplier_capacity
RMREV009879,RMPO037388,2025-09-17,2025-09-24,2025-09-26,lead_time_extension
RMREV009880,RMPO036448,2025-09-18,2025-09-21,2025-10-03,production_issue
RMREV009881,RMPO036521,2025-09-18,2025-09-28,2025-10-02,carrier_delay
RMREV009882,RMPO036860,2025-09-18,2025-09-23,2025-09-26,expedite_missed
RMREV009883,RMPO036886,2025-09-18,2025-09-25,2025-09-26,raw_material_shortage
RMREV009884,RMPO037394,2025-09-18,2025-09-21,2025-09-23,lead_time_extension
RMREV009885,RMPO035679,2025-09-19,2025-09-22,2025-09-23,carrier_delay
RMREV009886,RMPO035695,2025-09-19,2025-09-13,2025-09-21,supplier_capacity
RMREV009887,RMPO035918,2025-09-19,2025-10-01,2025-10-10,carrier_delay
RMREV009888,RMPO035919,2025-09-19,2025-09-26,2025-10-12,supplier_capacity
RMREV009889,RMPO036238,2025-09-19,2025-09-30,2025-10-03,production_issue
RMREV009890,RMPO036618,2025-09-19,2025-09-24,2025-09-27,raw_material_shortage
RMREV009891,RMPO036982,2025-09-19,2025-10-01,2025-10-06,supplier_capacity
RMREV009892,RMPO037158,2025-09-19,2025-09-30,2025-10-07,raw_material_shortage
RMREV009893,RMPO037457,2025-09-19,2025-09-29,2025-10-02,raw_material_shortage
RMREV009894,RMPO036859,2025-09-20,2025-09-27,2025-09-30,supplier_capacity
RMREV009895,RMPO036981,2025-09-20,2025-09-29,2025-10-12,supplier_capacity
RMREV009896,RMPO036981,2025-09-20,2025-10-12,2025-10-09,expedite
RMREV009897,RMPO037017,2025-09-20,2025-09-25,2025-10-01,supplier_capacity
RMREV009898,RMPO037391,2025-09-20,2025-09-24,2025-09-27,lead_time_extension
RMREV009899,RMPO036284,2025-09-21,2025-10-02,2025-10-05,supplier_capacity
RMREV009900,RMPO036619,2025-09-21,2025-09-24,2025-09-27,supplier_capacity
RMREV009901,RMPO037451,2025-09-21,2025-09-26,2025-09-27,raw_material_shortage
RMREV009902,RMPO037455,2025-09-21,2025-09-26,2025-09-28,production_issue
RMREV009903,RMPO035766,2025-09-22,2025-09-29,2025-10-15,production_issue
RMREV009904,RMPO036387,2025-09-22,2025-09-25,2025-09-26,production_issue
RMREV009905,RMPO037394,2025-09-22,2025-09-23,2025-09-24,lead_time_extension
RMREV009906,RMPO035798,2025-09-23,2025-09-28,2025-10-06,supplier_capacity
RMREV009907,RMPO036168,2025-09-23,2025-09-28,2025-10-04,raw_material_shortage
RMREV009908,RMPO036817,2025-09-23,2025-09-25,2025-09-26,carrier_delay
RMREV009909,RMPO037102,2025-09-23,2025-10-01,2025-10-02,raw_material_shortage
RMREV009910,RMPO037393,2025-09-23,2025-09-24,2025-09-28,lead_time_extension
RMREV009911,RMPO037455,2025-09-23,2025-09-28,2025-09-30,production_issue
RMREV009912,RMPO037508,2025-09-23,2025-10-01,2025-10-02,supplier_capacity
RMREV009913,RMPO037609,2025-09-23,2025-10-03,2025-10-05,raw_material_shortage
RMREV009914,RMPO037662,2025-09-23,2025-09-30,2025-10-03,lead_time_extension
RMREV009915,RMPO037663,2025-09-23,2025-09-28,2025-09-30,lead_time_extension
RMREV009916,RMPO037664,2025-09-23,2025-09-29,2025-10-01,lead_time_extension
RMREV009917,RMPO037665,2025-09-23,2025-09-28,2025-09-29,lead_time_extension
RMREV009918,RMPO037666,2025-09-23,2025-10-01,2025-10-03,lead_time_extension
RMREV009919,RMPO037667,2025-09-23,2025-09-29,2025-10-02,lead_time_extension
RMREV009920,RMPO037729,2025-09-23,2025-09-28,2025-10-04,carrier_delay
RMREV009921,RMPO035588,2025-09-24,2025-09-26,2025-10-12,supplier_capacity
RMREV009922,RMPO035839,2025-09-24,2025-09-21,2025-09-25,supplier_capacity
RMREV009923,RMPO036749,2025-09-24,2025-09-29,2025-10-01,production_issue
RMREV009924,RMPO037232,2025-09-24,2025-10-05,2025-10-07,raw_material_shortage
RMREV009925,RMPO037322,2025-09-24,2025-09-26,2025-09-30,production_issue
RMREV009926,RMPO036617,2025-09-25,2025-10-02,2025-10-04,supplier_capacity
RMREV009927,RMPO036634,2025-09-25,2025-09-29,2025-10-06,supplier_capacity
RMREV009928,RMPO036728,2025-09-25,2025-10-01,2025-10-08,carrier_delay
RMREV009929,RMPO036749,2025-09-25,2025-10-01,2025-10-03,production_issue
RMREV009930,RMPO036773,2025-09-25,2025-10-01,2025-10-03,production_issue
RMREV009931,RMPO036886,2025-09-25,2025-09-26,2025-09-27,raw_material_shortage
RMREV009932,RMPO037102,2025-09-25,2025-10-02,2025-10-03,raw_material_shortage
RMREV009933,RMPO037159,2025-09-25,2025-10-03,2025-10-14,production_issue
RMREV009934,RMPO037257,2025-09-25,2025-10-07,2025-10-11,supplier_capacity
RMREV009935,RMPO037322,2025-09-25,2025-09-30,2025-10-01,production_issue
RMREV009936,RMPO037526,2025-09-25,2025-09-29,2025-10-06,carrier_delay
RMREV009937,RMPO037668,2025-09-25,2025-09-29,2025-10-01,lead_time_extension
RMREV009938,RMPO037690,2025-09-25,2025-10-03,2025-10-04,supplier_capacity
RMREV009939,RMPO035918,2025-09-26,2025-10-10,2025-10-17,carrier_delay
RMREV009940,RMPO036021,2025-09-26,2025-10-02,2025-10-03,carrier_delay
RMREV009941,RMPO036618,2025-09-26,2025-09-27,2025-09-30,raw_material_shortage
RMREV009942,RMPO036817,2025-09-26,2025-09-26,2025-09-27,carrier_delay
RMREV009943,RMPO037233,2025-09-26,2025-10-02,2025-10-05,production_issue
RMREV009944,RMPO037574,2025-09-26,2025-09-28,2025-10-01,carrier_delay
RMREV009945,RMPO037661,2025-09-26,2025-09-30,2025-10-03,lead_time_extension
RMREV009946,RMPO036242,2025-09-27,2025-09-23,2025-09-29,expedite_missed
RMREV009947,RMPO036773,2025-09-27,2025-10-03,2025-10-04,production_issue
RMREV009948,RMPO037214,2025-09-27,2025-09-28,2025-10-08,supplier_capacity
RMREV009949,RMPO037508,2025-09-27,2025-10-02,2025-10-03,supplier_capacity
RMREV009950,RMPO037807,2025-09-27,2025-10-04,2025-10-08,supplier_capacity
RMREV009951,RMPO035497,2025-09-28,2025-09-27,2025-10-01,expedite_missed
RMREV009952,RMPO035880,2025-09-28,2025-09-23,2025-10-25,supplier_capacity
RMREV009953,RMPO035880,2025-09-28,2025-10-25,2025-10-22,expedite
RMREV009954,RMPO036333,2025-09-28,2025-09-29,2025-10-02,supplier_capacity
RMREV009955,RMPO036364,2025-09-28,2025-10-07,2025-10-13,supplier_capacity
RMREV009956,RMPO036400,2025-09-28,2025-10-10,2025-10-12,carrier_delay
RMREV009957,RMPO036485,2025-09-28,2025-09-29,2025-10-05,carrier_delay
RMREV009958,RMPO036769,2025-09-28,2025-10-07,2025-10-17,supplier_capacity
RMREV009959,RMPO037232,2025-09-28,2025-10-07,2025-10-09,raw_material_shortage
RMREV009960,RMPO037357,2025-09-28,2025-10-08,2025-10-10,production_issue
RMREV009961,RMPO037441,2025-09-28,2025-10-12,2025-10-15,supplier_capacity
RMREV009962,RMPO037547,2025-09-28,2025-09-29,2025-09-30,production_issue
RMREV009963,RMPO037650,2025-09-28,2025-10-09,2025-10-11,carrier_delay
RMREV009964,RMPO037665,2025-09-28,2025-09-29,2025-09-30,lead_time_extension
RMREV009965,RMPO037666,2025-09-28,2025-10-03,2025-10-05,lead_time_extension
RMREV009966,RMPO037729,2025-09-28,2025-10-04,2025-10-08,carrier_delay
RMREV009967,RMPO037079,2025-09-29,2025-09-30,2025-10-03,supplier_capacity
RMREV009968,RMPO037291,2025-09-29,2025-10-06,2025-10-07,supplier_capacity
RMREV009969,RMPO037578,2025-09-29,2025-10-07,2025-10-12,supplier_capacity
RMREV009970,RMPO035588,2025-09-30,2025-10-12,2025-10-19,supplier_capacity
RMREV009971,RMPO036985,2025-09-30,2025-10-01,2025-10-04,supplier_capacity
RMREV009972,RMPO037176,2025-09-30,2025-10-08,2025-10-12,carrier_delay
RMREV009973,RMPO037249,2025-09-30,2025-10-08,2025-10-09,supplier_capacity
RMREV009974,RMPO037291,2025-09-30,2025-10-07,2025-10-08,supplier_capacity
RMREV009975,RMPO037419,2025-09-30,2025-10-08,2025-10-14,carrier_delay
RMREV009976,RMPO037912,2025-09-30,2025-10-08,2025-10-12,lead_time_extension
RMREV009977,RMPO037913,2025-09-30,2025-10-05,2025-10-07,lead_time_extension
RMREV009978,RMPO037915,2025-09-30,2025-10-05,2025-10-06,lead_time_extension
RMREV009979,RMPO037916,2025-09-30,2025-10-06,2025-10-08,lead_time_extension
RMREV009980,RMPO037917,2025-09-30,2025-10-05,2025-10-06,lead_time_extension
RMREV009981,RMPO036400,2025-10-01,2025-10-12,2025-10-13,carrier_delay
RMREV009982,RMPO036985,2025-10-01,2025-10-04,2025-10-06,supplier_capacity
RMREV009983,RMPO037258,2025-10-01,2025-10-08,2025-10-17,supplier_capacity
RMREV009984,RMPO037456,2025-10-01,2025-09-29,2025-10-02,carrier_delay
RMREV009985,RMPO036333,2025-10-02,2025-10-02,2025-10-03,supplier_capacity
RMREV009986,RMPO037807,2025-10-02,2025-10-08,2025-10-11,supplier_capacity
RMREV009987,RMPO037913,2025-10-02,2025-10-07,2025-10-08,lead_time_extension
RMREV009988,RMPO036372,2025-10-03,2025-10-08,2025-10-16,production_issue
RMREV009989,RMPO036403,2025-10-03,2025-10-11,2025-10-12,production_issue
RMREV009990,RMPO037176,2025-10-03,2025-10-12,2025-10-16,carrier_delay
RMREV009991,RMPO037914,2025-10-03,2025-10-07,2025-10-09,lead_time_extension
RMREV009992,RMPO037915,2025-10-03,2025-10-06,2025-10-07,lead_time_extension
RMREV009993,RMPO037917,2025-10-03,2025-10-06,2025-10-07,lead_time_extension
RMREV009994,RMPO036284,2025-10-04,2025-10-05,2025-10-08,supplier_capacity
RMREV009995,RMPO036508,2025-10-04,2025-10-12,2025-10-16,production_issue
RMREV009996,RMPO036734,2025-10-04,2025-10-14,2025-10-26,supplier_capacity
RMREV009997,RMPO036734,2025-10-04,2025-10-26,2025-10-22,expedite
RMREV009998,RMPO036986,2025-10-04,2025-10-05,2025-10-07,supplier_capacity
RMREV009999,RMPO037257,2025-10-04,2025-10-11,2025-10-14,supplier_capacity
RMREV010000,RMPO037829,2025-10-04,2025-10-14,2025-10-21,supplier_capacity
RMREV010001,RMPO037844,2025-10-04,2025-10-16,2025-10-19,raw_material_shortage
RMREV010002,RMPO036414,2025-10-05,2025-10-06,2025-10-15,supplier_capacity
RMREV010003,RMPO036772,2025-10-05,2025-10-14,2025-10-20,raw_material_shortage
RMREV010004,RMPO036986,2025-10-05,2025-10-07,2025-10-09,supplier_capacity
RMREV010005,RMPO037158,2025-10-05,2025-10-07,2025-10-10,raw_material_shortage
RMREV010006,RMPO037545,2025-10-05,2025-10-15,2025-10-17,supplier_capacity
RMREV010007,RMPO037609,2025-10-05,2025-10-05,2025-10-07,raw_material_shortage
RMREV010008,RMPO038069,2025-10-05,2025-10-13,2025-10-14,carrier_delay
RMREV010009,RMPO038130,2025-10-05,2025-10-14,2025-11-01,raw_material_shortage
RMREV010010,RMPO038130,2025-10-05,2025-11-01,2025-10-25,expedite
RMREV010011,RMPO036048,2025-10-06,2025-10-11,2025-10-13,carrier_delay
RMREV010012,RMPO036154,2025-10-06,2025-10-08,2025-10-17,raw_material_shortage
RMREV010013,RMPO036154,2025-10-06,2025-10-17,2025-10-13,expedite
RMREV010014,RMPO036380,2025-10-06,2025-10-13,2025-10-20,raw_material_shortage
RMREV010015,RMPO036380,2025-10-06,2025-10-20,2025-10-14,expedite
RMREV010016,RMPO036403,2025-10-06,2025-10-12,2025-10-13,production_issue
RMREV010017,RMPO036658,2025-10-06,2025-10-22,2025-10-24,raw_material_shortage
RMREV010018,RMPO036334,2025-10-07,2025-10-13,2025-10-15,raw_material_shortage
RMREV010019,RMPO037250,2025-10-07,2025-10-09,2025-10-10,supplier_capacity
RMREV010020,RMPO037253,2025-10-07,2025-10-08,2025-10-16,supplier_capacity
RMREV010021,RMPO037846,2025-10-07,2025-10-16,2025-10-18,supplier_capacity
RMREV010022,RMPO037916,2025-10-07,2025-10-08,2025-10-09,lead_time_extension
RMREV010023,RMPO038127,2025-10-07,2025-10-13,2025-10-19,production_issue
RMREV010024,RMPO038127,2025-10-07,2025-10-19,2025-10-16,expedite
RMREV010025,RMPO038165,2025-10-07,2025-10-16,2025-10-17,lead_time_extension
RMREV010026,RMPO038166,2025-10-07,2025-10-15,2025-10-16,lead_time_extension
RMREV010027,RMPO038167,2025-10-07,2025-10-12,2025-10-13,lead_time_extension
RMREV010028,RMPO038226,2025-10-07,2025-10-17,2025-10-18,carrier_delay
RMREV010029,RMPO038333,2025-10-07,2025-10-16,2025-10-18,raw_material_shortage
RMREV010030,RMPO036982,2025-10-08,2025-10-06,2025-10-10,supplier_capacity
RMREV010031,RMPO037060,2025-10-08,2025-10-15,2025-10-21,production_issue
RMREV010032,RMPO037060,2025-10-08,2025-10-21,2025-10-18,expedite
RMREV010033,RMPO037130,2025-10-08,2025-10-19,2025-10-30,carrier_delay
RMREV010034,RMPO037130,2025-10-08,2025-10-30,2025-10-24,expedite
RMREV010035,RMPO037543,2025-10-08,2025-10-13,2025-10-15,supplier_capacity
RMREV010036,RMPO037688,2025-10-08,2025-10-15,2025-10-16,carrier_delay
RMREV010037,RMPO037914,2025-10-08,2025-10-09,2025-10-10,lead_time_extension
RMREV010038,RMPO038069,2025-10-08,2025-10-14,2025-10-15,carrier_delay
RMREV010039,RMPO036048,2025-10-09,2025-10-13,2025-10-14,carrier_delay
RMREV010040,RMPO036334,2025-10-09,2025-10-15,2025-10-17,raw_material_shortage
RMREV010041,RMPO037688,2025-10-09,2025-10-16,2025-10-17,carrier_delay
RMREV010042,RMPO037781,2025-10-09,2025-10-19,2025-10-25,raw_material_shortage
RMREV010043,RMPO037963,2025-10-09,2025-10-10,2025-10-11,production_issue
RMREV010044,RMPO038055,2025-10-09,2025-10-14,2025-10-17,supplier_capacity
RMREV010045,RMPO036364,2025-10-10,2025-10-13,2025-10-18,supplier_capacity
RMREV010046,RMPO036379,2025-10-10,2025-10-15,2025-10-22,production_issue
RMREV010047,RMPO036685,2025-10-10,2025-10-20,2025-10-25,supplier_capacity
RMREV010048,RMPO036844,2025-10-10,2025-10-17,2025-10-18,raw_material_shortage
RMREV010049,RMPO037419,2025-10-10,2025-10-14,2025-10-18,carrier_delay
RMREV010050,RMPO037543,2025-10-10,2025-10-15,2025-10-16,supplier_capacity
RMREV010051,RMPO037545,2025-10-10,2025-10-17,2025-10-18,supplier_capacity
RMREV010052,RMPO037591,2025-10-10,2025-10-22,2025-10-24,supplier_capacity
RMREV010053,RMPO037855,2025-10-10,2025-10-19,2025-10-26,production_issue
RMREV010054,RMPO038169,2025-10-10,2025-10-22,2025-10-23,raw_material_shortage
RMREV010055,RMPO036372,2025-10-11,2025-10-16,2025-10-22,production_issue
RMREV010056,RMPO036380,2025-10-11,2025-10-14,2025-10-20,expedite_missed
RMREV010057,RMPO036514,2025-10-11,2025-10-19,2025-10-27,carrier_delay
RMREV010058,RMPO036825,2025-10-11,2025-10-19,2025-10-23,carrier_delay
RMREV010059,RMPO036846,2025-10-11,2025-10-17,2025-10-21,production_issue
RMREV010060,RMPO037843,2025-10-11,2025-10-20,2025-10-22,production_issue
RMREV010061,RMPO038167,2025-10-11,2025-10-13,2025-10-14,lead_time_extension
RMREV010062,RMPO038235,2025-10-11,2025-10-17,2025-10-19,production_issue
RMREV010063,RMPO036120,2025-10-12,2025-10-13,2025-10-21,raw_material_shortage
RMREV010064,RMPO036514,2025-10-12,2025-10-27,2025-11-03,carrier_delay
RMREV010065,RMPO036515,2025-10-12,2025-10-18,2025-10-26,supplier_capacity
RMREV010066,RMPO036686,2025-10-12,2025-10-18,2025-10-21,supplier_capacity
RMREV010067,RMPO036754,2025-10-12,2025-10-23,2025-11-04,production_issue
RMREV010068,RMPO037184,2025-10-12,2025-10-17,2025-10-18,supplier_capacity
RMREV010069,RMPO037253,2025-10-12,2025-10-16,2025-10-22,supplier_capacity
RMREV010070,RMPO037317,2025-10-12,2025-10-21,2025-10-29,carrier_delay
RMREV010071,RMPO037453,2025-10-12,2025-10-15,2025-10-29,supplier_capacity
RMREV010072,RMPO037782,2025-10-12,2025-10-19,2025-10-24,supplier_capacity
RMREV010073,RMPO037804,2025-10-12,2025-10-20,2025-10-23,supplier_capacity
RMREV010074,RMPO037805,2025-10-12,2025-10-20,2025-10-26,supplier_capacity
RMREV010075,RMPO037825,2025-10-12,2025-10-19,2025-10-24,production_issue
RMREV010076,RMPO038055,2025-10-13,2025-10-17,2025-10-19,supplier_capacity
RMREV010077,RMPO038250,2025-10-13,2025-10-22,2025-10-24,raw_material_shortage
RMREV010078,RMPO038333,2025-10-13,2025-10-18,2025-10-19,raw_material_shortage
RMREV010079,RMPO036379,2025-10-14,2025-10-22,2025-10-28,production_issue
RMREV010080,RMPO036696,2025-10-14,2025-10-23,2025-10-30,supplier_capacity
RMREV010081,RMPO036825,2025-10-14,2025-10-23,2025-10-26,carrier_delay
RMREV010082,RMPO036863,2025-10-14,2025-10-25,2025-11-08,supplier_capacity
RMREV010083,RMPO037651,2025-10-14,2025-10-15,2025-10-17,carrier_delay
RMREV010084,RMPO038165,2025-10-14,2025-10-17,2025-10-18,lead_time_extension
RMREV010085,RMPO038253,2025-10-14,2025-10-15,2025-10-16,production_issue
RMREV010086,RMPO036508,2025-10-15,2025-10-16,2025-10-19,production_issue
RMREV010087,RMPO036967,2025-10-15,2025-10-24,2025-10-31,supplier_capacity
RMREV010088,RMPO036967,2025-10-15,2025-10-31,2025-10-24,expedite
RMREV010089,RMPO037420,2025-10-15,2025-10-16,2025-10-27,production_issue
RMREV010090,RMPO037420,2025-10-15,2025-10-27,2025-10-21,expedite
RMREV010091,RMPO037441,2025-10-15,2025-10-15,2025-10-18,supplier_capacity
RMREV010092,RMPO037578,2025-10-15,2025-10-12,2025-10-16,supplier_capacity
RMREV010093,RMPO037651,2025-10-15,2025-10-17,2025-10-18,carrier_delay
RMREV010094,RMPO037850,2025-10-15,2025-10-22,2025-10-23,production_issue
RMREV010095,RMPO037855,2025-10-15,2025-10-26,2025-11-01,production_issue
RMREV010096,RMPO037964,2025-10-15,2025-10-16,2025-10-17,raw_material_shortage
RMREV010097,RMPO038449,2025-10-15,2025-10-20,2025-10-22,lead_time_extension
RMREV010098,RMPO038451,2025-10-15,2025-10-19,2025-10-20,lead_time_extension
RMREV010099,RMPO038537,2025-10-15,2025-10-21,2025-10-23,production_issue
RMREV010100,RMPO036120,2025-10-16,2025-10-21,2025-10-28,raw_material_shortage
RMREV010101,RMPO036154,2025-10-16,2025-10-13,2025-10-24,expedite_missed
RMREV010102,RMPO037129,2025-10-16,2025-10-20,2025-10-29,supplier_capacity
RMREV010103,RMPO037184,2025-10-16,2025-10-18,2025-10-19,supplier_capacity
RMREV010104,RMPO037805,2025-10-16,2025-10-26,2025-10-31,supplier_capacity
RMREV010105,RMPO037843,2025-10-16,2025-10-22,2025-10-24,production_issue
RMREV010106,RMPO037851,2025-10-16,2025-10-27,2025-10-28,production_issue
RMREV010107,RMPO038080,2025-10-16,2025-10-23,2025-10-25,carrier_delay
RMREV010108,RMPO038166,2025-10-16,2025-10-16,2025-10-17,lead_time_extension
RMREV010109,RMPO038449,2025-10-16,2025-10-22,2025-10-23,lead_time_extension
RMREV010110,RMPO038451,2025-10-16,2025-10-20,2025-10-21,lead_time_extension
RMREV010111,RMPO038454,2025-10-16,2025-10-19,2025-10-21,lead_time_extension
RMREV010112,RMPO036780,2025-10-17,2025-10-19,2025-10-27,quality_hold_at_supplier
RMREV010113,RMPO037131,2025-10-17,2025-10-24,2025-10-31,supplier_capacity
RMREV010114,RMPO038206,2025-10-17,2025-10-27,2025-10-28,production_issue
RMREV010115,RMPO038235,2025-10-17,2025-10-19,2025-10-21,production_issue
RMREV010116,RMPO038325,2025-10-17,2025-10-21,2025-10-23,carrier_delay
RMREV010117,RMPO038536,2025-10-17,2025-10-18,2025-10-20,production_issue
RMREV010118,RMPO036585,2025-10-18,2025-10-19,2025-10-27,production_issue
RMREV010119,RMPO036687,2025-10-18,2025-10-19,2025-11-01,supplier_capacity
RMREV010120,RMPO036844,2025-10-18,2025-10-18,2025-10-19,raw_material_shortage
RMREV010121,RMPO037741,2025-10-18,2025-10-29,2025-11-05,production_issue
RMREV010122,RMPO037781,2025-10-18,2025-10-25,2025-10-30,raw_material_shortage
RMREV010123,RMPO038450,2025-10-18,2025-10-19,2025-10-21,lead_time_extension
RMREV010124,RMPO038618,2025-10-18,2025-10-22,2025-11-10,supplier_capacity
RMREV010125,RMPO038618,2025-10-18,2025-11-10,2025-11-04,expedite
RMREV010126,RMPO038683,2025-10-18,2025-10-23,2025-10-29,carrier_delay
RMREV010127,RMPO036754,2025-10-19,2025-11-04,2025-11-13,production_issue
RMREV010128,RMPO036846,2025-10-19,2025-10-21,2025-10-24,production_issue
RMREV010129,RMPO037089,2025-10-19,2025-10-31,2025-11-02,carrier_delay
RMREV010130,RMPO037228,2025-10-19,2025-10-24,2025-10-25,carrier_delay
RMREV010131,RMPO037782,2025-10-19,2025-10-24,2025-10-28,supplier_capacity
RMREV010132,RMPO037846,2025-10-19,2025-10-18,2025-10-20,supplier_capacity
RMREV010133,RMPO037866,2025-10-19,2025-10-29,2025-11-01,raw_material_shortage
RMREV010134,RMPO037960,2025-10-19,2025-10-23,2025-10-26,carrier_delay
RMREV010135,RMPO038074,2025-10-19,2025-10-28,2025-10-31,raw_material_shortage
RMREV010136,RMPO038536,2025-10-19,2025-10-20,2025-10-21,production_issue
RMREV010137,RMPO038537,2025-10-19,2025-10-23,2025-10-24,production_issue
RMREV010138,RMPO038555,2025-10-19,2025-10-28,2025-11-01,raw_material_shortage
RMREV010139,RMPO038586,2025-10-19,2025-10-26,2025-10-27,supplier_capacity
RMREV010140,RMPO036685,2025-10-20,2025-10-25,2025-10-29,supplier_capacity
RMREV010141,RMPO036686,2025-10-20,2025-10-21,2025-10-24,supplier_capacity
RMREV010142,RMPO037129,2025-10-20,2025-10-29,2025-11-05,supplier_capacity
RMREV010143,RMPO037783,2025-10-20,2025-10-21,2025-10-27,supplier_capacity
RMREV010144,RMPO037825,2025-10-20,2025-10-24,2025-10-28,production_issue
RMREV010145,RMPO037866,2025-10-20,2025-11-01,2025-11-04,raw_material_shortage
RMREV010146,RMPO037960,2025-10-20,2025-10-26,2025-10-28,carrier_delay
RMREV010147,RMPO038127,2025-10-20,2025-10-16,2025-10-24,expedite_missed
RMREV010148,RMPO038239,2025-10-20,2025-10-21,2025-10-22,production_issue
RMREV010149,RMPO038448,2025-10-20,2025-10-21,2025-10-23,lead_time_extension
RMREV010150,RMPO038453,2025-10-20,2025-10-21,2025-10-23,lead_time_extension
RMREV010151,RMPO037130,2025-10-21,2025-10-24,2025-10-30,expedite_missed
RMREV010152,RMPO037399,2025-10-21,2025-10-24,2025-10-26,raw_material_shortage
RMREV010153,RMPO037420,2025-10-21,2025-10-21,2025-10-27,expedite_missed
RMREV010154,RMPO037698,2025-10-21,2025-10-26,2025-10-28,production_issue
RMREV010155,RMPO037699,2025-10-21,2025-10-23,2025-10-25,carrier_delay
RMREV010156,RMPO037849,2025-10-21,2025-10-27,2025-10-30,production_issue
RMREV010157,RMPO038022,2025-10-21,2025-10-24,2025-10-26,raw_material_shortage
RMREV010158,RMPO038223,2025-10-21,2025-10-30,2025-11-06,supplier_capacity
RMREV010159,RMPO038223,2025-10-21,2025-11-06,2025-11-03,expedite
RMREV010160,RMPO038239,2025-10-21,2025-10-22,2025-10-23,production_issue
RMREV010161,RMPO038249,2025-10-21,2025-10-23,2025-10-24,production_issue
RMREV010162,RMPO038453,2025-10-21,2025-10-23,2025-10-24,lead_time_extension
RMREV010163,RMPO038621,2025-10-21,2025-10-25,2025-10-31,carrier_delay
RMREV010164,RMPO038621,2025-10-21,2025-10-31,2025-10-26,expedite
RMREV010165,RMPO038739,2025-10-21,2025-10-26,2025-10-27,lead_time_extension
RMREV010166,RMPO038740,2025-10-21,2025-10-29,2025-10-30,lead_time_extension
RMREV010167,RMPO038765,2025-10-21,2025-10-31,2025-11-01,carrier_delay
RMREV010168,RMPO038808,2025-10-21,2025-10-26,2025-10-30,quality_hold_at_supplier
RMREV010169,RMPO038809,2025-10-21,2025-10-26,2025-10-27,carrier_delay
RMREV010170,RMPO038902,2025-10-21,2025-10-29,2025-11-04,supplier_capacity
RMREV010171,RMPO036772,2025-10-22,2025-10-20,2025-10-25,raw_material_shortage
RMREV010172,RMPO036879,2025-10-22,2025-11-01,2025-11-17,supplier_capacity
RMREV010173,RMPO036898,2025-10-22,2025-10-30,2025-11-04,quality_hold_at_supplier
RMREV010174,RMPO036898,2025-10-22,2025-11-04,2025-10-30,expedite
RMREV010175,RMPO037228,2025-10-22,2025-10-25,2025-10-26,carrier_delay
RMREV010176,RMPO037776,2025-10-22,2025-10-27,2025-11-01,carrier_delay
RMREV010177,RMPO037804,2025-10-22,2025-10-23,2025-10-26,supplier_capacity
RMREV010178,RMPO038074,2025-10-22,2025-10-31,2025-11-02,raw_material_shortage
RMREV010179,RMPO038452,2025-10-22,2025-10-23,2025-10-25,lead_time_extension
RMREV010180,RMPO038501,2025-10-22,2025-10-23,2025-10-24,carrier_delay
RMREV010181,RMPO038554,2025-10-22,2025-11-02,2025-11-05,carrier_delay
RMREV010182,RMPO038808,2025-10-22,2025-10-30,2025-11-02,quality_hold_at_supplier
RMREV010183,RMPO036585,2025-10-23,2025-10-27,2025-11-02,production_issue
RMREV010184,RMPO037060,2025-10-23,2025-10-18,2025-10-25,expedite_missed
RMREV010185,RMPO038249,2025-10-23,2025-10-24,2025-10-25,production_issue
RMREV010186,RMPO038448,2025-10-23,2025-10-23,2025-10-24,lead_time_extension
RMREV010187,RMPO038452,2025-10-23,2025-10-25,2025-10-26,lead_time_extension
RMREV010188,RMPO038740,2025-10-23,2025-10-30,2025-10-31,lead_time_extension
RMREV010189,RMPO036899,2025-10-24,2025-11-03,2025-11-16,peak_season_capacity
RMREV010190,RMPO036901,2025-10-24,2025-11-03,2025-11-08,peak_season_capacity
RMREV010191,RMPO036967,2025-10-24,2025-10-24,2025-10-29,expedite_missed
RMREV010192,RMPO037212,2025-10-24,2025-10-29,2025-11-14,supplier_capacity
RMREV010193,RMPO037591,2025-10-24,2025-10-24,2025-10-26,supplier_capacity
RMREV010194,RMPO037776,2025-10-24,2025-11-01,2025-11-05,carrier_delay
RMREV010195,RMPO037783,2025-10-24,2025-10-27,2025-10-31,supplier_capacity
RMREV010196,RMPO037867,2025-10-24,2025-10-29,2025-10-31,carrier_delay
RMREV010197,RMPO038032,2025-10-24,2025-10-26,2025-10-27,production_issue
RMREV010198,RMPO038612,2025-10-24,2025-10-25,2025-10-26,production_issue
RMREV010199,RMPO038683,2025-10-24,2025-10-29,2025-11-02,carrier_delay
RMREV010200,RMPO036515,2025-10-25,2025-10-26,2025-11-02,supplier_capacity
RMREV010201,RMPO036696,2025-10-25,2025-10-30,2025-11-04,supplier_capacity
RMREV010202,RMPO036946,2025-10-25,2025-10-29,2025-11-07,carrier_delay
RMREV010203,RMPO037090,2025-10-25,2025-10-28,2025-10-29,carrier_delay
RMREV010204,RMPO037208,2025-10-25,2025-11-06,2025-11-10,production_issue
RMREV010205,RMPO037399,2025-10-25,2025-10-26,2025-10-28,raw_material_shortage
RMREV010206,RMPO037434,2025-10-25,2025-10-27,2025-10-30,production_issue
RMREV010207,RMPO037435,2025-10-25,2025-10-27,2025-10-29,supplier_capacity
RMREV010208,RMPO037762,2025-10-25,2025-10-29,2025-11-03,raw_material_shortage
RMREV010209,RMPO037829,2025-10-25,2025-10-21,2025-10-26,supplier_capacity
RMREV010210,RMPO038022,2025-10-25,2025-10-26,2025-10-27,raw_material_shortage
RMREV010211,RMPO038080,2025-10-25,2025-10-25,2025-10-27,carrier_delay
RMREV010212,RMPO038207,2025-10-25,2025-10-28,2025-10-29,supplier_capacity
RMREV010213,RMPO038322,2025-10-25,2025-11-05,2025-11-09,supplier_capacity
RMREV010214,RMPO038736,2025-10-25,2025-10-28,2025-10-30,lead_time_extension
RMREV010215,RMPO038737,2025-10-25,2025-10-29,2025-10-31,lead_time_extension
RMREV010216,RMPO038738,2025-10-25,2025-10-26,2025-10-27,lead_time_extension
RMREV010217,RMPO038739,2025-10-25,2025-10-27,2025-10-28,lead_time_extension
RMREV010218,RMPO036901,2025-10-26,2025-11-08,2025-11-12,peak_season_capacity
RMREV010219,RMPO037183,2025-10-26,2025-11-06,2025-11-11,peak_season_capacity
RMREV010220,RMPO037213,2025-10-26,2025-10-27,2025-11-23,supplier_capacity
RMREV010221,RMPO037434,2025-10-26,2025-10-30,2025-11-01,production_issue
RMREV010222,RMPO037582,2025-10-26,2025-11-03,2025-11-06,raw_material_shortage
RMREV010223,RMPO037698,2025-10-26,2025-10-28,2025-10-30,production_issue
RMREV010224,RMPO037705,2025-10-26,2025-11-03,2025-11-10,carrier_delay
RMREV010225,RMPO038034,2025-10-26,2025-10-28,2025-10-30,carrier_delay
RMREV010226,RMPO038047,2025-10-26,2025-10-28,2025-10-29,supplier_capacity
RMREV010227,RMPO038569,2025-10-26,2025-11-04,2025-11-07,carrier_delay
RMREV010228,RMPO038586,2025-10-26,2025-10-27,2025-10-28,supplier_capacity
RMREV010229,RMPO038618,2025-10-26,2025-11-04,2025-11-08,expedite_missed
RMREV010230,RMPO037703,2025-10-27,2025-11-03,2025-11-08,carrier_delay
RMREV010231,RMPO037867,2025-10-27,2025-10-31,2025-11-01,carrier_delay
RMREV010232,RMPO038000,2025-10-27,2025-11-08,2025-11-20,raw_material_shortage
RMREV010233,RMPO038034,2025-10-27,2025-10-30,2025-10-31,carrier_delay
RMREV010234,RMPO038320,2025-10-27,2025-11-07,2025-11-14,severe_weather
RMREV010235,RMPO038738,2025-10-27,2025-10-27,2025-10-28,lead_time_extension
RMREV010236,RMPO036898,2025-10-28,2025-10-30,2025-11-08,expedite_missed
RMREV010237,RMPO036946,2025-10-28,2025-11-07,2025-11-14,carrier_delay
RMREV010238,RMPO036946,2025-10-28,2025-11-14,2025-11-07,expedite
RMREV010239,RMPO037583,2025-10-28,2025-11-03,2025-11-06,production_issue
RMREV010240,RMPO037862,2025-10-28,2025-11-09,2025-11-12,supplier_capacity
RMREV010241,RMPO038000,2025-10-28,2025-11-20,2025-11-30,raw_material_shortage
RMREV010242,RMPO038047,2025-10-28,2025-10-29,2025-10-30,supplier_capacity
RMREV010243,RMPO038227,2025-10-28,2025-11-08,2025-11-12,supplier_capacity
RMREV010244,RMPO038246,2025-10-28,2025-11-04,2025-11-06,carrier_delay
RMREV010245,RMPO038621,2025-10-28,2025-10-26,2025-11-05,expedite_missed
RMREV010246,RMPO038737,2025-10-28,2025-10-31,2025-11-01,lead_time_extension
RMREV010247,RMPO039002,2025-10-28,2025-11-03,2025-11-04,lead_time_extension
RMREV010248,RMPO039005,2025-10-28,2025-11-05,2025-11-07,lead_time_extension
RMREV010249,RMPO039006,2025-10-28,2025-11-03,2025-11-04,lead_time_extension
RMREV010250,RMPO039028,2025-10-28,2025-11-03,2025-11-04,supplier_capacity
RMREV010251,RMPO039171,2025-10-28,2025-11-05,2025-11-07,supplier_capacity
RMREV010252,RMPO039204,2025-10-28,2025-11-07,2025-11-13,severe_weather
RMREV010253,RMPO039206,2025-10-28,2025-11-08,2025-11-14,severe_weather
RMREV010254,RMPO036946,2025-10-29,2025-11-07,2025-11-12,expedite_missed
RMREV010255,RMPO037090,2025-10-29,2025-10-29,2025-10-30,carrier_delay
RMREV010256,RMPO037312,2025-10-29,2025-10-31,2025-11-04,carrier_delay
RMREV010257,RMPO037435,2025-10-29,2025-10-29,2025-10-30,supplier_capacity
RMREV010258,RMPO037703,2025-10-29,2025-11-08,2025-11-12,carrier_delay
RMREV010259,RMPO037703,2025-10-29,2025-11-12,2025-11-09,expedite
RMREV010260,RMPO038557,2025-10-29,2025-11-02,2025-11-03,production_issue
RMREV010261,RMPO039002,2025-10-29,2025-11-04,2025-11-05,lead_time_extension
RMREV010262,RMPO039206,2025-10-29,2025-11-14,2025-11-18,severe_weather
RMREV010263,RMPO037131,2025-10-30,2025-10-31,2025-11-05,supplier_capacity
RMREV010264,RMPO037512,2025-10-30,2025-10-31,2025-11-05,raw_material_shortage
RMREV010265,RMPO037758,2025-10-30,2025-11-11,2025-11-18,raw_material_shortage
RMREV010266,RMPO038322,2025-10-30,2025-11-09,2025-11-12,supplier_capacity
RMREV010267,RMPO038360,2025-10-30,2025-11-10,2025-11-18,raw_material_shortage
RMREV010268,RMPO038490,2025-10-30,2025-11-06,2025-11-07,carrier_delay
RMREV010269,RMPO038736,2025-10-30,2025-10-30,2025-10-31,lead_time_extension
RMREV010270,RMPO039003,2025-10-30,2025-11-05,2025-11-07,lead_time_extension
RMREV010271,RMPO037589,2025-10-31,2025-11-12,2025-11-27,carrier_delay
RMREV010272,RMPO037741,2025-10-31,2025-11-05,2025-11-10,production_issue
RMREV010273,RMPO037741,2025-10-31,2025-11-10,2025-11-05,expedite
RMREV010274,RMPO037762,2025-10-31,2025-11-03,2025-11-07,raw_material_shortage
RMREV010275,RMPO037849,2025-10-31,2025-10-30,2025-11-02,production_issue
RMREV010276,RMPO038246,2025-10-31,2025-11-06,2025-11-08,carrier_delay
RMREV010277,RMPO038611,2025-10-31,2025-11-12,2025-11-17,severe_weather
RMREV010278,RMPO039072,2025-10-31,2025-11-07,2025-11-08,supplier_capacity
RMREV010279,RMPO038318,2025-11-01,2025-11-06,2025-11-08,supplier_capacity
RMREV010280,RMPO038557,2025-11-01,2025-11-03,2025-11-04,production_issue
RMREV010281,RMPO038607,2025-11-01,2025-11-12,2025-11-13,supplier_capacity
RMREV010282,RMPO038609,2025-11-01,2025-11-13,2025-11-20,supplier_capacity
RMREV010283,RMPO038902,2025-11-01,2025-11-04,2025-11-08,supplier_capacity
RMREV010284,RMPO038960,2025-11-01,2025-11-06,2025-11-13,raw_material_shortage
RMREV010285,RMPO038960,2025-11-01,2025-11-13,2025-11-10,expedite
RMREV010286,RMPO037512,2025-11-02,2025-11-05,2025-11-09,raw_material_shortage
RMREV010287,RMPO037925,2025-11-02,2025-11-09,2025-11-10,carrier_delay
RMREV010288,RMPO038606,2025-11-02,2025-11-11,2025-11-13,severe_weather
RMREV010289,RMPO038609,2025-11-02,2025-11-20,2025-11-25,supplier_capacity
RMREV010290,RMPO038903,2025-11-02,2025-11-03,2025-11-12,supplier_capacity
RMREV010291,RMPO038903,2025-11-02,2025-11-12,2025-11-08,expedite
RMREV010292,RMPO039006,2025-11-02,2025-11-04,2025-11-05,lead_time_extension
RMREV010293,RMPO039173,2025-11-02,2025-11-05,2025-11-13,supplier_capacity
RMREV010294,RMPO037070,2025-11-03,2025-11-10,2025-11-12,peak_season_capacity
RMREV010295,RMPO037345,2025-11-03,2025-11-08,2025-11-16,production_issue
RMREV010296,RMPO037461,2025-11-03,2025-11-12,2025-11-22,peak_season_capacity
RMREV010297,RMPO037528,2025-11-03,2025-11-07,2025-11-15,severe_weather
RMREV010298,RMPO037582,2025-11-03,2025-11-06,2025-11-08,raw_material_shortage
RMREV010299,RMPO037777,2025-11-03,2025-11-06,2025-11-13,carrier_delay
RMREV010300,RMPO037789,2025-11-03,2025-11-14,2025-11-21,severe_weather
RMREV010301,RMPO038103,2025-11-03,2025-11-10,2025-11-17,severe_weather
RMREV010302,RMPO038320,2025-11-03,2025-11-14,2025-11-20,severe_weather
RMREV010303,RMPO038487,2025-11-03,2025-11-13,2025-11-18,carrier_delay
RMREV010304,RMPO038596,2025-11-03,2025-11-08,2025-11-09,carrier_delay
RMREV010305,RMPO038604,2025-11-03,2025-11-08,2025-11-18,severe_weather
RMREV010306,RMPO038607,2025-11-03,2025-11-13,2025-11-14,supplier_capacity
RMREV010307,RMPO038629,2025-11-03,2025-11-04,2025-11-10,supplier_capacity
RMREV010308,RMPO039203,2025-11-03,2025-11-07,2025-11-11,severe_weather
RMREV010309,RMPO039204,2025-11-03,2025-11-13,2025-11-18,severe_weather
RMREV010310,RMPO037527,2025-11-04,2025-11-07,2025-11-09,raw_material_shortage
RMREV010311,RMPO037583,2025-11-04,2025-11-06,2025-11-08,production_issue
RMREV010312,RMPO037765,2025-11-04,2025-11-07,2025-11-11,raw_material_shortage
RMREV010313,RMPO037788,2025-11-04,2025-11-14,2025-11-21,severe_weather
RMREV010314,RMPO038488,2025-11-04,2025-11-13,2025-11-18,supplier_capacity
RMREV010315,RMPO038531,2025-11-04,2025-11-15,2025-11-18,carrier_delay
RMREV010316,RMPO038629,2025-11-04,2025-11-10,2025-11-15,supplier_capacity
RMREV010317,RMPO038903,2025-11-04,2025-11-08,2025-11-19,expedite_missed
RMREV010318,RMPO039265,2025-11-04,2025-11-09,2025-11-11,lead_time_extension
RMREV010319,RMPO039268,2025-11-04,2025-11-09,2025-11-10,lead_time_extension
RMREV010320,RMPO039269,2025-11-04,2025-11-10,2025-11-11,lead_time_extension
RMREV010321,RMPO039270,2025-11-04,2025-11-09,2025-11-10,lead_time_extension
RMREV010322,RMPO039272,2025-11-04,2025-11-12,2025-11-14,lead_time_extension
RMREV010323,RMPO039341,2025-11-04,2025-11-09,2025-11-16,carrier_delay
RMREV010324,RMPO039342,2025-11-04,2025-11-09,2025-11-16,production_issue
RMREV010325,RMPO039354,2025-11-04,2025-11-09,2025-11-16,severe_weather
RMREV010326,RMPO039355,2025-11-04,2025-11-08,2025-11-15,severe_weather
RMREV010327,RMPO039357,2025-11-04,2025-11-12,2025-11-17,severe_weather
RMREV010328,RMPO039358,2025-11-04,2025-11-07,2025-11-13,severe_weather
RMREV010329,RMPO039359,2025-11-04,2025-11-14,2025-11-18,severe_weather
RMREV010330,RMPO039360,2025-11-04,2025-11-07,2025-11-11,severe_weather
RMREV010331,RMPO039361,2025-11-04,2025-11-08,2025-11-12,severe_weather
RMREV010332,RMPO039422,2025-11-04,2025-11-17,2025-11-19,supplier_capacity
RMREV010333,RMPO039436,2025-11-04,2025-11-12,2025-11-13,production_issue
RMREV010334,RMPO039455,2025-11-04,2025-11-09,2025-11-13,severe_weather
RMREV010335,RMPO037162,2025-11-05,2025-11-08,2025-11-16,supplier_capacity
RMREV010336,RMPO037183,2025-11-05,2025-11-11,2025-11-15,peak_season_capacity
RMREV010337,RMPO037638,2025-11-05,2025-11-13,2025-11-17,raw_material_shortage
RMREV010338,RMPO038318,2025-11-05,2025-11-08,2025-11-09,supplier_capacity
RMREV010339,RMPO038392,2025-11-05,2025-11-17,2025-11-21,severe_weather
RMREV010340,RMPO038392,2025-11-05,2025-11-21,2025-11-14,expedite
RMREV010341,RMPO038610,2025-11-05,2025-11-08,2025-11-20,severe_weather
RMREV010342,RMPO038610,2025-11-05,2025-11-20,2025-11-17,expedite
RMREV010343,RMPO038685,2025-11-05,2025-11-13,2025-11-21,supplier_capacity
RMREV010344,RMPO038685,2025-11-05,2025-11-21,2025-11-17,expedite
RMREV010345,RMPO039027,2025-11-05,2025-11-07,2025-11-08,raw_material_shortage
RMREV010346,RMPO039029,2025-11-05,2025-11-07,2025-11-09,supplier_capacity
RMREV010347,RMPO039071,2025-11-05,2025-11-13,2025-11-14,raw_material_shortage
RMREV010348,RMPO039184,2025-11-05,2025-11-10,2025-11-12,raw_material_shortage
RMREV010349,RMPO039205,2025-11-05,2025-11-07,2025-11-11,severe_weather
RMREV010350,RMPO039270,2025-11-05,2025-11-10,2025-11-11,lead_time_extension
RMREV010351,RMPO039273,2025-11-05,2025-11-12,2025-11-14,lead_time_extension
RMREV010352,RMPO037312,2025-11-06,2025-11-04,2025-11-08,carrier_delay
RMREV010353,RMPO037536,2025-11-06,2025-11-13,2025-11-14,carrier_delay
RMREV010354,RMPO037600,2025-11-06,2025-11-07,2025-11-13,severe_weather
RMREV010355,RMPO037759,2025-11-06,2025-11-12,2025-11-19,carrier_delay
RMREV010356,RMPO037765,2025-11-06,2025-11-11,2025-11-14,raw_material_shortage
RMREV010357,RMPO038176,2025-11-06,2025-11-16,2025-11-18,supplier_capacity
RMREV010358,RMPO038554,2025-11-06,2025-11-05,2025-11-07,carrier_delay
RMREV010359,RMPO038569,2025-11-06,2025-11-07,2025-11-10,carrier_delay
RMREV010360,RMPO038605,2025-11-06,2025-11-12,2025-11-23,severe_weather
RMREV010361,RMPO038888,2025-11-06,2025-11-17,2025-11-20,supplier_capacity
RMREV010362,RMPO038985,2025-11-06,2025-11-17,2025-11-19,supplier_capacity
RMREV010363,RMPO039004,2025-11-06,2025-11-07,2025-11-08,lead_time_extension
RMREV010364,RMPO039085,2025-11-06,2025-11-12,2025-11-14,raw_material_shortage
RMREV010365,RMPO039171,2025-11-06,2025-11-07,2025-11-08,supplier_capacity
RMREV010366,RMPO039265,2025-11-06,2025-11-11,2025-11-12,lead_time_extension
RMREV010367,RMPO039266,2025-11-06,2025-11-12,2025-11-13,lead_time_extension
RMREV010368,RMPO039268,2025-11-06,2025-11-10,2025-11-11,lead_time_extension
RMREV010369,RMPO039271,2025-11-06,2025-11-14,2025-11-16,lead_time_extension
RMREV010370,RMPO039361,2025-11-06,2025-11-12,2025-11-16,severe_weather
RMREV010371,RMPO039473,2025-11-06,2025-11-18,2025-11-19,carrier_delay
RMREV010372,RMPO037624,2025-11-07,2025-11-11,2025-11-26,quality_hold_at_supplier
RMREV010373,RMPO037624,2025-11-07,2025-11-26,2025-11-22,expedite
RMREV010374,RMPO037638,2025-11-07,2025-11-17,2025-11-21,raw_material_shortage
RMREV010375,RMPO037741,2025-11-07,2025-11-05,2025-11-10,expedite_missed
RMREV010376,RMPO038223,2025-11-07,2025-11-03,2025-11-09,expedite_missed
RMREV010377,RMPO038487,2025-11-07,2025-11-18,2025-11-22,carrier_delay
RMREV010378,RMPO038596,2025-11-07,2025-11-09,2025-11-10,carrier_delay
RMREV010379,RMPO038605,2025-11-07,2025-11-23,2025-12-02,severe_weather
RMREV010380,RMPO038888,2025-11-07,2025-11-20,2025-11-22,supplier_capacity
RMREV010381,RMPO039003,2025-11-07,2025-11-07,2025-11-08,lead_time_extension
RMREV010382,RMPO039004,2025-11-07,2025-11-08,2025-11-09,lead_time_extension
RMREV010383,RMPO039005,2025-11-07,2025-11-07,2025-11-08,lead_time_extension
RMREV010384,RMPO039267,2025-11-07,2025-11-11,2025-11-13,lead_time_extension
RMREV010385,RMPO039332,2025-11-07,2025-11-14,2025-11-16,supplier_capacity
RMREV010386,RMPO039359,2025-11-07,2025-11-18,2025-11-22,severe_weather
RMREV010387,RMPO037208,2025-11-08,2025-11-10,2025-11-13,production_issue
RMREV010388,RMPO037527,2025-11-08,2025-11-09,2025-11-11,raw_material_shortage
RMREV010389,RMPO037621,2025-11-08,2025-11-14,2025-11-22,raw_material_shortage
RMREV010390,RMPO037621,2025-11-08,2025-11-22,2025-11-14,expedite
RMREV010391,RMPO037758,2025-11-08,2025-11-18,2025-11-23,raw_material_shortage
RMREV010392,RMPO037759,2025-11-08,2025-11-19,2025-11-24,carrier_delay
RMREV010393,RMPO037759,2025-11-08,2025-11-24,2025-11-18,expedite
RMREV010394,RMPO037789,2025-11-08,2025-11-21,2025-11-26,severe_weather
RMREV010395,RMPO037796,2025-11-08,2025-11-16,2025-11-22,carrier_delay
RMREV010396,RMPO037906,2025-11-08,2025-11-16,2025-12-02,carrier_delay
RMREV010397,RMPO037922,2025-11-08,2025-11-09,2025-11-16,production_issue
RMREV010398,RMPO038096,2025-11-08,2025-11-17,2025-11-19,supplier_capacity
RMREV010399,RMPO038245,2025-11-08,2025-11-10,2025-11-11,supplier_capacity
RMREV010400,RMPO038531,2025-11-08,2025-11-18,2025-11-20,carrier_delay
RMREV010401,RMPO038649,2025-11-08,2025-11-17,2025-11-20,carrier_delay
RMREV010402,RMPO038810,2025-11-08,2025-11-11,2025-11-16,severe_weather
RMREV010403,RMPO038885,2025-11-08,2025-11-19,2025-11-25,supplier_capacity
RMREV010404,RMPO038886,2025-11-08,2025-11-19,2025-11-22,supplier_capacity
RMREV010405,RMPO039294,2025-11-08,2025-11-16,2025-11-18,carrier_delay
RMREV010406,RMPO039332,2025-11-08,2025-11-16,2025-11-17,supplier_capacity
RMREV010407,RMPO039472,2025-11-08,2025-11-20,2025-11-21,carrier_delay
RMREV010408,RMPO037777,2025-11-09,2025-11-13,2025-11-18,carrier_delay
RMREV010409,RMPO037790,2025-11-09,2025-11-14,2025-11-20,severe_weather
RMREV010410,RMPO037800,2025-11-09,2025-11-20,2025-11-22,carrier_delay
RMREV010411,RMPO038096,2025-11-09,2025-11-19,2025-11-21,supplier_capacity
RMREV010412,RMPO038104,2025-11-09,2025-11-15,2025-11-18,severe_weather
RMREV010413,RMPO038484,2025-11-09,2025-11-13,2025-11-14,raw_material_shortage
RMREV010414,RMPO038488,2025-11-09,2025-11-18,2025-11-22,supplier_capacity
RMREV010415,RMPO038603,2025-11-09,2025-11-11,2025-11-17,severe_weather
RMREV010416,RMPO038608,2025-11-09,2025-11-11,2025-11-17,supplier_capacity
RMREV010417,RMPO038649,2025-11-09,2025-11-20,2025-11-23,carrier_delay
RMREV010418,RMPO038685,2025-11-09,2025-11-17,2025-11-28,expedite_missed
RMREV010419,RMPO039029,2025-11-09,2025-11-09,2025-11-11,supplier_capacity
RMREV010420,RMPO039044,2025-11-09,2025-11-21,2025-11-25,raw_material_shortage
RMREV010421,RMPO039127,2025-11-09,2025-11-21,2025-11-22,carrier_delay
RMREV010422,RMPO039131,2025-11-09,2025-11-17,2025-11-22,supplier_capacity
RMREV010423,RMPO039269,2025-11-09,2025-11-11,2025-11-12,lead_time_extension
RMREV010424,RMPO039355,2025-11-09,2025-11-15,2025-11-21,severe_weather
RMREV010425,RMPO039355,2025-11-09,2025-11-21,2025-11-13,expedite
RMREV010426,RMPO039357,2025-11-09,2025-11-17,2025-11-21,severe_weather
RMREV010427,RMPO039460,2025-11-09,2025-11-14,2025-11-18,severe_weather
RMREV010428,RMPO036900,2025-11-10,2025-11-03,2025-11-17,peak_season_capacity
RMREV010429,RMPO037879,2025-11-10,2025-11-23,2025-11-27,raw_material_shortage
RMREV010430,RMPO037879,2025-11-10,2025-11-27,2025-11-22,expedite
RMREV010431,RMPO038178,2025-11-10,2025-11-14,2025-11-16,raw_material_shortage
RMREV010432,RMPO038245,2025-11-10,2025-11-11,2025-11-12,supplier_capacity
RMREV010433,RMPO038575,2025-11-10,2025-11-17,2025-11-23,supplier_capacity
RMREV010434,RMPO038715,2025-11-10,2025-11-14,2025-11-17,carrier_delay
RMREV010435,RMPO038893,2025-11-10,2025-11-22,2025-11-27,severe_weather
RMREV010436,RMPO039024,2025-11-10,2025-11-19,2025-11-21,severe_weather
RMREV010437,RMPO039173,2025-11-10,2025-11-13,2025-11-19,supplier_capacity
RMREV010438,RMPO039272,2025-11-10,2025-11-14,2025-11-15,lead_time_extension
RMREV010439,RMPO039273,2025-11-10,2025-11-14,2025-11-15,lead_time_extension
RMREV010440,RMPO039354,2025-11-10,2025-11-16,2025-11-22,severe_weather
RMREV010441,RMPO039453,2025-11-10,2025-11-12,2025-11-14,carrier_delay
RMREV010442,RMPO039460,2025-11-10,2025-11-18,2025-11-21,severe_weather
RMREV010443,RMPO037624,2025-11-11,2025-11-22,2025-11-23,expedite_missed
RMREV010444,RMPO037703,2025-11-11,2025-11-09,2025-11-12,expedite_missed
RMREV010445,RMPO037796,2025-11-11,2025-11-22,2025-11-27,carrier_delay
RMREV010446,RMPO038099,2025-11-11,2025-11-12,2025-11-17,raw_material_shortage
RMREV010447,RMPO038227,2025-11-11,2025-11-12,2025-11-15,supplier_capacity
RMREV010448,RMPO038269,2025-11-11,2025-11-14,2025-11-18,raw_material_shortage
RMREV010449,RMPO038391,2025-11-11,2025-11-17,2025-11-20,severe_weather
RMREV010450,RMPO038393,2025-11-11,2025-11-12,2025-11-28,raw_material_shortage
RMREV010451,RMPO038575,2025-11-11,2025-11-23,2025-11-27,supplier_capacity
RMREV010452,RMPO038715,2025-11-11,2025-11-17,2025-11-20,carrier_delay
RMREV010453,RMPO038763,2025-11-11,2025-11-12,2025-11-16,severe_weather
RMREV010454,RMPO039026,2025-11-11,2025-11-19,2025-11-21,severe_weather
RMREV010455,RMPO039203,2025-11-11,2025-11-11,2025-11-15,severe_weather
RMREV010456,RMPO039358,2025-11-11,2025-11-13,2025-11-17,severe_weather
RMREV010457,RMPO039517,2025-11-11,2025-11-19,2025-11-20,lead_time_extension
RMREV010458,RMPO039518,2025-11-11,2025-11-16,2025-11-17,lead_time_extension
RMREV010459,RMPO039519,2025-11-11,2025-11-16,2025-11-17,lead_time_extension
RMREV010460,RMPO039520,2025-11-11,2025-11-22,2025-11-25,lead_time_extension
RMREV010461,RMPO039530,2025-11-11,2025-11-23,2025-11-25,carrier_delay
RMREV010462,RMPO039586,2025-11-11,2025-11-21,2025-11-22,carrier_delay
RMREV010463,RMPO039589,2025-11-11,2025-11-15,2025-11-16,supplier_capacity
RMREV010464,RMPO039590,2025-11-11,2025-11-14,2025-11-15,carrier_delay
RMREV010465,RMPO039620,2025-11-11,2025-11-14,2025-11-15,production_issue
RMREV010466,RMPO039621,2025-11-11,2025-11-15,2025-11-16,production_issue
RMREV010467,RMPO039681,2025-11-11,2025-11-16,2025-11-22,severe_weather
RMREV010468,RMPO037182,2025-11-12,2025-11-13,2025-12-06,peak_season_capacity
RMREV010469,RMPO037460,2025-11-12,2025-11-21,2025-11-28,peak_season_capacity
RMREV010470,RMPO037738,2025-11-12,2025-11-24,2025-12-15,peak_season_capacity
RMREV010471,RMPO038244,2025-11-12,2025-11-16,2025-11-23,production_issue
RMREV010472,RMPO038459,2025-11-12,2025-11-21,2025-11-30,supplier_capacity
RMREV010473,RMPO038459,2025-11-12,2025-11-30,2025-11-24,expedite
RMREV010474,RMPO038606,2025-11-12,2025-11-13,2025-11-15,severe_weather
RMREV010475,RMPO038611,2025-11-12,2025-11-17,2025-11-21,severe_weather
RMREV010476,RMPO038714,2025-11-12,2025-11-13,2025-11-17,raw_material_shortage
RMREV010477,RMPO038960,2025-11-12,2025-11-10,2025-11-19,expedite_missed
RMREV010478,RMPO039184,2025-11-12,2025-11-12,2025-11-13,raw_material_shortage
RMREV010479,RMPO039271,2025-11-12,2025-11-16,2025-11-17,lead_time_extension
RMREV010480,RMPO039355,2025-11-12,2025-11-13,2025-11-20,expedite_missed
RMREV010481,RMPO039360,2025-11-12,2025-11-11,2025-11-15,severe_weather
RMREV010482,RMPO039398,2025-11-12,2025-11-18,2025-11-20,production_issue
RMREV010483,RMPO039432,2025-11-12,2025-11-19,2025-11-22,raw_material_shortage
RMREV010484,RMPO039455,2025-11-12,2025-11-13,2025-11-17,severe_weather
RMREV010485,RMPO039456,2025-11-12,2025-11-14,2025-11-20,severe_weather
RMREV010486,RMPO039592,2025-11-12,2025-11-15,2025-11-22,severe_weather
RMREV010487,RMPO037070,2025-11-13,2025-11-12,2025-11-14,peak_season_capacity
RMREV010488,RMPO037790,2025-11-13,2025-11-20,2025-11-24,severe_weather
RMREV010489,RMPO037924,2025-11-13,2025-11-14,2025-11-17,supplier_capacity
RMREV010490,RMPO038036,2025-11-13,2025-11-21,2025-11-25,severe_weather
RMREV010491,RMPO038037,2025-11-13,2025-11-21,2025-11-24,severe_weather
RMREV010492,RMPO038177,2025-11-13,2025-11-21,2025-11-23,carrier_delay
RMREV010493,RMPO038178,2025-11-13,2025-11-16,2025-11-17,raw_material_shortage
RMREV010494,RMPO038493,2025-11-13,2025-11-24,2025-11-28,carrier_delay
RMREV010495,RMPO038604,2025-11-13,2025-11-18,2025-11-26,severe_weather
RMREV010496,RMPO039085,2025-11-13,2025-11-14,2025-11-15,raw_material_shortage
RMREV010497,RMPO039205,2025-11-13,2025-11-11,2025-11-15,severe_weather
RMREV010498,RMPO039266,2025-11-13,2025-11-13,2025-11-14,lead_time_extension
RMREV010499,RMPO039356,2025-11-13,2025-11-14,2025-11-19,severe_weather
RMREV010500,RMPO039382,2025-11-13,2025-11-25,2025-11-26,raw_material_shortage
RMREV010501,RMPO039453,2025-11-13,2025-11-14,2025-11-15,carrier_delay
RMREV010502,RMPO039472,2025-11-13,2025-11-21,2025-11-22,carrier_delay
RMREV010503,RMPO039519,2025-11-13,2025-11-17,2025-11-18,lead_time_extension
RMREV010504,RMPO039638,2025-11-13,2025-11-22,2025-11-25,supplier_capacity
RMREV010505,RMPO037212,2025-11-14,2025-11-14,2025-11-28,supplier_capacity
RMREV010506,RMPO037862,2025-11-14,2025-11-12,2025-11-15,supplier_capacity
RMREV010507,RMPO038066,2025-11-14,2025-11-17,2025-11-29,raw_material_shortage
RMREV010508,RMPO038104,2025-11-14,2025-11-18,2025-11-21,severe_weather
RMREV010509,RMPO038176,2025-11-14,2025-11-18,2025-11-19,supplier_capacity
RMREV010510,RMPO038177,2025-11-14,2025-11-23,2025-11-24,carrier_delay
RMREV010511,RMPO038360,2025-11-14,2025-11-18,2025-11-24,raw_material_shortage
RMREV010512,RMPO038646,2025-11-14,2025-11-17,2025-11-19,carrier_delay
RMREV010513,RMPO038714,2025-11-14,2025-11-17,2025-11-20,raw_material_shortage
RMREV010514,RMPO038810,2025-11-14,2025-11-16,2025-11-20,severe_weather
RMREV010515,RMPO038894,2025-11-14,2025-11-23,2025-11-28,severe_weather
RMREV010516,RMPO038985,2025-11-14,2025-11-19,2025-11-21,supplier_capacity
RMREV010517,RMPO039025,2025-11-14,2025-11-19,2025-11-23,severe_weather
RMREV010518,RMPO039026,2025-11-14,2025-11-21,2025-11-23,severe_weather
RMREV010519,RMPO039316,2025-11-14,2025-11-24,2025-11-25,supplier_capacity
RMREV010520,RMPO039342,2025-11-14,2025-11-16,2025-11-22,production_issue
RMREV010521,RMPO039587,2025-11-14,2025-11-16,2025-11-17,raw_material_shortage
RMREV010522,RMPO039620,2025-11-14,2025-11-15,2025-11-16,production_issue
RMREV010523,RMPO037740,2025-11-15,2025-11-24,2025-12-17,peak_season_capacity
RMREV010524,RMPO037996,2025-11-15,2025-11-18,2025-11-19,carrier_delay
RMREV010525,RMPO038086,2025-11-15,2025-11-26,2025-12-08,severe_weather
RMREV010526,RMPO038160,2025-11-15,2025-11-25,2025-12-14,supplier_capacity
RMREV010527,RMPO038383,2025-11-15,2025-11-25,2025-11-30,severe_weather
RMREV010528,RMPO038383,2025-11-15,2025-11-30,2025-11-25,expedite
RMREV010529,RMPO038392,2025-11-15,2025-11-14,2025-11-18,expedite_missed
RMREV010530,RMPO038603,2025-11-15,2025-11-17,2025-11-21,severe_weather
RMREV010531,RMPO039007,2025-11-15,2025-11-17,2025-11-19,carrier_delay
RMREV010532,RMPO039158,2025-11-15,2025-11-22,2025-11-24,supplier_capacity
RMREV010533,RMPO039255,2025-11-15,2025-11-25,2025-11-30,carrier_delay
RMREV010534,RMPO039432,2025-11-15,2025-11-22,2025-11-24,raw_material_shortage
RMREV010535,RMPO039517,2025-11-15,2025-11-20,2025-11-21,lead_time_extension
RMREV010536,RMPO039518,2025-11-15,2025-11-17,2025-11-18,lead_time_extension
RMREV010537,RMPO039592,2025-11-15,2025-11-22,2025-11-27,severe_weather
RMREV010538,RMPO039621,2025-11-15,2025-11-16,2025-11-17,production_issue
RMREV010539,RMPO037181,2025-11-16,2025-11-10,2025-11-22,peak_season_capacity
RMREV010540,RMPO037600,2025-11-16,2025-11-13,2025-11-18,severe_weather
RMREV010541,RMPO037713,2025-11-16,2025-11-22,2025-12-06,raw_material_shortage
RMREV010542,RMPO037739,2025-11-16,2025-11-23,2026-01-01,peak_season_capacity
RMREV010543,RMPO037788,2025-11-16,2025-11-21,2025-11-26,severe_weather
RMREV010544,RMPO037977,2025-11-16,2025-11-27,2025-12-04,peak_season_capacity
RMREV010545,RMPO037977,2025-11-16,2025-12-04,2025-11-30,expedite
RMREV010546,RMPO038003,2025-11-16,2025-11-27,2025-11-29,production_issue
RMREV010547,RMPO038391,2025-11-16,2025-11-20,2025-11-22,severe_weather
RMREV010548,RMPO038404,2025-11-16,2025-11-23,2025-12-14,carrier_delay
RMREV010549,RMPO038404,2025-11-16,2025-12-14,2025-12-10,expedite
RMREV010550,RMPO038646,2025-11-16,2025-11-19,2025-11-20,carrier_delay
RMREV010551,RMPO039044,2025-11-16,2025-11-25,2025-11-28,raw_material_shortage
RMREV010552,RMPO039161,2025-11-16,2025-11-24,2025-11-26,supplier_capacity
RMREV010553,RMPO039317,2025-11-16,2025-11-25,2025-11-26,supplier_capacity
RMREV010554,RMPO039435,2025-11-16,2025-11-17,2025-11-18,carrier_delay
RMREV010555,RMPO039454,2025-11-16,2025-11-17,2025-11-21,severe_weather
RMREV010556,RMPO036879,2025-11-17,2025-11-17,2025-11-30,supplier_capacity
RMREV010557,RMPO038269,2025-11-17,2025-11-18,2025-11-21,raw_material_shortage
RMREV010558,RMPO038608,2025-11-17,2025-11-17,2025-11-22,supplier_capacity
RMREV010559,RMPO038661,2025-11-17,2025-11-24,2025-12-06,severe_weather
RMREV010560,RMPO038672,2025-11-17,2025-11-23,2025-12-02,supplier_capacity
RMREV010561,RMPO038672,2025-11-17,2025-12-02,2025-11-29,expedite
RMREV010562,RMPO038763,2025-11-17,2025-11-16,2025-11-20,severe_weather
RMREV010563,RMPO039161,2025-11-17,2025-11-26,2025-11-28,supplier_capacity
RMREV010564,RMPO039512,2025-11-17,2025-11-29,2025-12-03,supplier_capacity
RMREV010565,RMPO039587,2025-11-17,2025-11-17,2025-11-18,raw_material_shortage
RMREV010566,RMPO039638,2025-11-17,2025-11-25,2025-11-27,supplier_capacity
RMREV010567,RMPO037996,2025-11-18,2025-11-19,2025-11-20,carrier_delay
RMREV010568,RMPO038307,2025-11-18,2025-11-29,2025-12-04,carrier_delay
RMREV010569,RMPO038383,2025-11-18,2025-11-25,2025-12-04,expedite_missed
RMREV010570,RMPO039007,2025-11-18,2025-11-19,2025-11-21,carrier_delay
RMREV010571,RMPO039039,2025-11-18,2025-11-27,2025-11-29,carrier_delay
RMREV010572,RMPO039127,2025-11-18,2025-11-22,2025-11-23,carrier_delay
RMREV010573,RMPO039159,2025-11-18,2025-11-28,2025-11-30,supplier_capacity
RMREV010574,RMPO039435,2025-11-18,2025-11-18,2025-11-19,carrier_delay
RMREV010575,RMPO039640,2025-11-18,2025-11-24,2025-11-27,supplier_capacity
RMREV010576,RMPO039726,2025-11-18,2025-11-26,2025-11-28,lead_time_extension
RMREV010577,RMPO039727,2025-11-18,2025-11-23,2025-11-25,lead_time_extension
RMREV010578,RMPO039728,2025-11-18,2025-11-23,2025-11-24,lead_time_extension
RMREV010579,RMPO039753,2025-11-18,2025-11-26,2025-11-28,peak_season_capacity
RMREV010580,RMPO039791,2025-11-18,2025-11-21,2025-11-27,severe_weather
RMREV010581,RMPO037737,2025-11-19,2025-11-20,2025-12-10,peak_season_capacity
RMREV010582,RMPO037906,2025-11-19,2025-12-02,2025-12-15,carrier_delay
RMREV010583,RMPO037906,2025-11-19,2025-12-15,2025-12-08,expedite
RMREV010584,RMPO037976,2025-11-19,2025-11-27,2025-12-05,peak_season_capacity
RMREV010585,RMPO038036,2025-11-19,2025-11-25,2025-11-28,severe_weather
RMREV010586,RMPO038099,2025-11-19,2025-11-17,2025-11-21,raw_material_shortage
RMREV010587,RMPO038663,2025-11-19,2025-11-29,2025-12-04,severe_weather
RMREV010588,RMPO038663,2025-11-19,2025-12-04,2025-11-28,expedite
RMREV010589,RMPO038889,2025-11-19,2025-11-20,2025-11-22,supplier_capacity
RMREV010590,RMPO039039,2025-11-19,2025-11-29,2025-11-30,carrier_delay
RMREV010591,RMPO039160,2025-11-19,2025-11-27,2025-11-29,supplier_capacity
RMREV010592,RMPO039438,2025-11-19,2025-12-01,2025-12-02,supplier_capacity
RMREV010593,RMPO039473,2025-11-19,2025-11-19,2025-11-20,carrier_delay
RMREV010594,RMPO039586,2025-11-19,2025-11-22,2025-11-23,carrier_delay
RMREV010595,RMPO039640,2025-11-19,2025-11-27,2025-11-30,supplier_capacity
RMREV010596,RMPO039681,2025-11-19,2025-11-22,2025-11-26,severe_weather
RMREV010597,RMPO039787,2025-11-19,2025-11-25,2025-11-27,severe_weather
RMREV010598,RMPO037162,2025-11-20,2025-11-16,2025-11-22,supplier_capacity
RMREV010599,RMPO037906,2025-11-20,2025-12-08,2025-12-13,expedite_missed
RMREV010600,RMPO038258,2025-11-20,2025-11-26,2025-11-28,raw_material_shortage
RMREV010601,RMPO038886,2025-11-20,2025-11-22,2025-11-25,supplier_capacity
RMREV010602,RMPO038894,2025-11-20,2025-11-28,2025-12-02,severe_weather
RMREV010603,RMPO039132,2025-11-20,2025-12-01,2025-12-03,raw_material_shortage
RMREV010604,RMPO039398,2025-11-20,2025-11-20,2025-11-22,production_issue
RMREV010605,RMPO039412,2025-11-20,2025-12-02,2025-12-07,severe_weather
RMREV010606,RMPO039725,2025-11-20,2025-11-23,2025-11-24,lead_time_extension
RMREV010607,RMPO039729,2025-11-20,2025-11-23,2025-11-24,lead_time_extension
RMREV010608,RMPO039787,2025-11-20,2025-11-27,2025-11-29,severe_weather
RMREV010609,RMPO037922,2025-11-21,2025-11-16,2025-11-22,production_issue
RMREV010610,RMPO038037,2025-11-21,2025-11-24,2025-11-27,severe_weather
RMREV010611,RMPO038258,2025-11-21,2025-11-28,2025-11-29,raw_material_shortage
RMREV010612,RMPO038384,2025-11-21,2025-11-29,2025-12-01,severe_weather
RMREV010613,RMPO038889,2025-11-21,2025-11-22,2025-11-23,supplier_capacity
RMREV010614,RMPO039129,2025-11-21,2025-11-22,2025-11-25,carrier_delay
RMREV010615,RMPO039158,2025-11-21,2025-11-24,2025-11-25,supplier_capacity
RMREV010616,RMPO039341,2025-11-21,2025-11-16,2025-11-22,carrier_delay
RMREV010617,RMPO039356,2025-11-21,2025-11-19,2025-11-23,severe_weather
RMREV010618,RMPO039443,2025-11-21,2025-11-27,2025-11-30,supplier_capacity
RMREV010619,RMPO039454,2025-11-21,2025-11-21,2025-11-25,severe_weather
RMREV010620,RMPO039530,2025-11-21,2025-11-25,2025-11-26,carrier_delay
RMREV010621,RMPO039727,2025-11-21,2025-11-25,2025-11-26,lead_time_extension
RMREV010622,RMPO039728,2025-11-21,2025-11-24,2025-11-25,lead_time_extension
RMREV010623,RMPO039729,2025-11-21,2025-11-24,2025-11-25,lead_time_extension
RMREV010624,RMPO037800,2025-11-22,2025-11-22,2025-11-23,carrier_delay
RMREV010625,RMPO037879,2025-11-22,2025-11-22,2025-11-30,expedite_missed
RMREV010626,RMPO038528,2025-11-22,2025-11-25,2025-11-28,production_issue
RMREV010627,RMPO039024,2025-11-22,2025-11-21,2025-11-23,severe_weather
RMREV010628,RMPO039414,2025-11-22,2025-12-03,2025-12-09,severe_weather
RMREV010629,RMPO039730,2025-11-22,2025-12-03,2025-12-04,carrier_delay
RMREV010630,RMPO039781,2025-11-22,2025-12-02,2025-12-05,carrier_delay
RMREV010631,RMPO039889,2025-11-22,2025-11-27,2025-12-03,severe_weather
RMREV010632,RMPO037181,2025-11-23,2025-11-22,2025-12-02,peak_season_capacity
RMREV010633,RMPO037182,2025-11-23,2025-12-06,2025-12-24,peak_season_capacity
RMREV010634,RMPO037997,2025-11-23,2025-11-24,2025-11-25,production_issue
RMREV010635,RMPO038494,2025-11-23,2025-11-24,2025-12-06,raw_material_shortage
RMREV010636,RMPO038610,2025-11-23,2025-11-17,2025-11-26,expedite_missed
RMREV010637,RMPO039162,2025-11-23,2025-11-28,2025-12-02,supplier_capacity
RMREV010638,RMPO039316,2025-11-23,2025-11-25,2025-11-26,supplier_capacity
RMREV010639,RMPO039413,2025-11-23,2025-11-29,2025-12-05,severe_weather
RMREV010640,RMPO039443,2025-11-23,2025-11-30,2025-12-03,supplier_capacity
RMREV010641,RMPO039639,2025-11-23,2025-11-25,2025-11-29,carrier_delay
RMREV010642,RMPO039725,2025-11-23,2025-11-24,2025-11-25,lead_time_extension
RMREV010643,RMPO039781,2025-11-23,2025-12-05,2025-12-07,carrier_delay
RMREV010644,RMPO037997,2025-11-24,2025-11-25,2025-11-26,production_issue
RMREV010645,RMPO038005,2025-11-24,2025-11-27,2025-11-29,carrier_delay
RMREV010646,RMPO038364,2025-11-24,2025-12-03,2025-12-07,production_issue
RMREV010647,RMPO038385,2025-11-24,2025-11-25,2025-11-27,severe_weather
RMREV010648,RMPO038964,2025-11-24,2025-11-30,2025-12-02,supplier_capacity
RMREV010649,RMPO039025,2025-11-24,2025-11-23,2025-11-27,severe_weather
RMREV010650,RMPO039132,2025-11-24,2025-12-03,2025-12-05,raw_material_shortage
RMREV010651,RMPO039159,2025-11-24,2025-11-30,2025-12-02,supplier_capacity
RMREV010652,RMPO039350,2025-11-24,2025-12-02,2025-12-17,carrier_delay
RMREV010653,RMPO039350,2025-11-24,2025-12-17,2025-12-14,expedite
RMREV010654,RMPO039509,2025-11-24,2025-11-30,2025-12-03,production_issue
RMREV010655,RMPO039726,2025-11-24,2025-11-28,2025-11-30,lead_time_extension
RMREV010656,RMPO039772,2025-11-24,2025-12-02,2025-12-03,production_issue
RMREV010657,RMPO039801,2025-11-24,2025-12-04,2025-12-07,production_issue
RMREV010658,RMPO037621,2025-11-25,2025-11-14,2025-11-29,expedite_missed
RMREV010659,RMPO038365,2025-11-25,2025-12-03,2025-12-09,severe_weather
RMREV010660,RMPO038365,2025-11-25,2025-12-09,2025-12-03,expedite
RMREV010661,RMPO038493,2025-11-25,2025-11-28,2025-12-01,carrier_delay
RMREV010662,RMPO038783,2025-11-25,2025-12-01,2025-12-07,production_issue
RMREV010663,RMPO038783,2025-11-25,2025-12-07,2025-11-29,expedite
RMREV010664,RMPO039157,2025-11-25,2025-11-26,2025-12-05,supplier_capacity
RMREV010665,RMPO039160,2025-11-25,2025-11-29,2025-12-01,supplier_capacity
RMREV010666,RMPO039255,2025-11-25,2025-11-30,2025-12-04,carrier_delay
RMREV010667,RMPO039304,2025-11-25,2025-11-26,2025-12-08,severe_weather
RMREV010668,RMPO039840,2025-11-25,2025-12-04,2025-12-08,production_issue
RMREV010669,RMPO039947,2025-11-25,2025-12-01,2025-12-02,peak_season_capacity
RMREV010670,RMPO039977,2025-11-25,2025-11-29,2025-12-02,severe_weather
RMREV010671,RMPO039979,2025-11-25,2025-11-29,2025-12-05,severe_weather
RMREV010672,RMPO038005,2025-11-26,2025-11-29,2025-11-30,carrier_delay
RMREV010673,RMPO038240,2025-11-26,2025-12-03,2025-12-09,peak_season_capacity
RMREV010674,RMPO038241,2025-11-26,2025-12-08,2025-12-19,peak_season_capacity
RMREV010675,RMPO038385,2025-11-26,2025-11-27,2025-11-29,severe_weather
RMREV010676,RMPO038458,2025-11-26,2025-11-28,2025-12-02,raw_material_shortage
RMREV010677,RMPO038588,2025-11-26,2025-12-05,2025-12-07,raw_material_shortage
RMREV010678,RMPO038726,2025-11-26,2025-12-04,2025-12-08,supplier_capacity
RMREV010679,RMPO038893,2025-11-26,2025-11-27,2025-12-01,severe_weather
RMREV010680,RMPO039411,2025-11-26,2025-11-29,2025-12-02,severe_weather
RMREV010681,RMPO039772,2025-11-26,2025-12-03,2025-12-04,production_issue
RMREV010682,RMPO039890,2025-11-26,2025-11-28,2025-12-03,severe_weather
RMREV010683,RMPO039930,2025-11-26,2025-12-02,2025-12-04,lead_time_extension
RMREV010684,RMPO039979,2025-11-26,2025-12-05,2025-12-10,severe_weather
RMREV010685,RMPO036900,2025-11-27,2025-11-17,2025-11-28,peak_season_capacity
RMREV010686,RMPO037978,2025-11-27,2025-11-26,2025-12-06,peak_season_capacity
RMREV010687,RMPO037978,2025-11-27,2025-12-06,2025-12-03,expedite
RMREV010688,RMPO038495,2025-11-27,2025-12-08,2026-01-01,carrier_delay
RMREV010689,RMPO038751,2025-11-27,2025-12-05,2025-12-08,production_issue
RMREV010690,RMPO039080,2025-11-27,2025-12-07,2025-12-20,quality_hold_at_supplier
RMREV010691,RMPO039155,2025-11-27,2025-11-28,2025-12-05,supplier_capacity
RMREV010692,RMPO039157,2025-11-27,2025-12-05,2025-12-12,supplier_capacity
RMREV010693,RMPO039157,2025-11-27,2025-12-12,2025-12-04,expedite
RMREV010694,RMPO039791,2025-11-27,2025-11-27,2025-12-01,severe_weather
RMREV010695,RMPO039890,2025-11-27,2025-12-03,2025-12-07,severe_weather
RMREV010696,RMPO039932,2025-11-27,2025-12-03,2025-12-05,lead_time_extension
RMREV010697,RMPO037589,2025-11-28,2025-11-27,2025-12-09,carrier_delay
RMREV010698,RMPO037979,2025-11-28,2025-12-01,2025-12-09,peak_season_capacity
RMREV010699,RMPO038401,2025-11-28,2025-12-10,2025-12-19,peak_season_capacity
RMREV010700,RMPO038401,2025-11-28,2025-12-19,2025-12-15,expedite
RMREV010701,RMPO038459,2025-11-28,2025-11-24,2025-12-07,expedite_missed
RMREV010702,RMPO039010,2025-11-28,2025-12-05,2025-12-25,carrier_delay
RMREV010703,RMPO039047,2025-11-28,2025-12-10,2025-12-12,carrier_delay
RMREV010704,RMPO039450,2025-11-28,2025-12-04,2025-12-07,carrier_delay
RMREV010705,RMPO039556,2025-11-28,2025-12-07,2025-12-10,raw_material_shortage
RMREV010706,RMPO039633,2025-11-28,2025-12-09,2025-12-10,supplier_capacity
RMREV010707,RMPO039639,2025-11-28,2025-11-29,2025-12-02,carrier_delay
RMREV010708,RMPO039706,2025-11-28,2025-12-10,2025-12-13,carrier_delay
RMREV010709,RMPO039732,2025-11-28,2025-12-08,2025-12-10,supplier_capacity
RMREV010710,RMPO039746,2025-11-28,2025-12-10,2025-12-12,raw_material_shortage
RMREV010711,RMPO039907,2025-11-28,2025-12-03,2025-12-15,allocation_cut
RMREV010712,RMPO039907,2025-11-28,2025-12-15,2025-12-11,expedite
RMREV010713,RMPO039931,2025-11-28,2025-12-01,2025-12-03,lead_time_extension
RMREV010714,RMPO039933,2025-11-28,2025-11-30,2025-12-01,lead_time_extension
RMREV010715,RMPO040051,2025-11-28,2025-12-09,2025-12-12,carrier_delay
RMREV010716,RMPO037713,2025-11-29,2025-12-06,2025-12-18,raw_material_shortage
RMREV010717,RMPO038210,2025-11-29,2025-12-05,2025-12-16,raw_material_shortage
RMREV010718,RMPO038210,2025-11-29,2025-12-16,2025-12-09,expedite
RMREV010719,RMPO038240,2025-11-29,2025-12-09,2025-12-14,peak_season_capacity
RMREV010720,RMPO038240,2025-11-29,2025-12-14,2025-12-06,expedite
RMREV010721,RMPO038362,2025-11-29,2025-12-03,2025-12-05,severe_weather
RMREV010722,RMPO038363,2025-11-29,2025-12-03,2025-12-05,severe_weather
RMREV010723,RMPO038458,2025-11-29,2025-12-02,2025-12-05,raw_material_shortage
RMREV010724,RMPO038527,2025-11-29,2025-12-10,2025-12-16,peak_season_capacity
RMREV010725,RMPO038964,2025-11-29,2025-12-02,2025-12-04,supplier_capacity
RMREV010726,RMPO039047,2025-11-29,2025-12-12,2025-12-14,carrier_delay
RMREV010727,RMPO039162,2025-11-29,2025-12-02,2025-12-06,supplier_capacity
RMREV010728,RMPO039511,2025-11-29,2025-12-01,2025-12-03,supplier_capacity
RMREV010729,RMPO039623,2025-11-29,2025-12-11,2025-12-14,supplier_capacity
RMREV010730,RMPO039626,2025-11-29,2025-12-09,2025-12-14,supplier_capacity
RMREV010731,RMPO039719,2025-11-29,2025-12-04,2025-12-07,supplier_capacity
RMREV010732,RMPO039930,2025-11-29,2025-12-04,2025-12-05,lead_time_extension
RMREV010733,RMPO039933,2025-11-29,2025-12-01,2025-12-02,lead_time_extension
RMREV010734,RMPO039948,2025-11-29,2025-12-05,2025-12-06,carrier_delay
RMREV010735,RMPO040051,2025-11-29,2025-12-12,2025-12-14,carrier_delay
RMREV010736,RMPO037977,2025-11-30,2025-11-30,2025-12-08,expedite_missed
RMREV010737,RMPO038364,2025-11-30,2025-12-07,2025-12-11,production_issue
RMREV010738,RMPO038403,2025-11-30,2025-12-05,2025-12-26,peak_season_capacity
RMREV010739,RMPO038403,2025-11-30,2025-12-26,2025-12-18,expedite
RMREV010740,RMPO038783,2025-11-30,2025-11-29,2025-12-10,expedite_missed
RMREV010741,RMPO038834,2025-11-30,2025-12-10,2025-12-15,supplier_capacity
RMREV010742,RMPO039283,2025-11-30,2025-12-12,2025-12-16,carrier_delay
RMREV010743,RMPO039350,2025-11-30,2025-12-14,2025-12-30,expedite_missed
RMREV010744,RMPO039411,2025-11-30,2025-12-02,2025-12-05,severe_weather
RMREV010745,RMPO039446,2025-11-30,2025-12-08,2025-12-09,carrier_delay
RMREV010746,RMPO039449,2025-11-30,2025-12-08,2025-12-10,raw_material_shortage
RMREV010747,RMPO039450,2025-11-30,2025-12-07,2025-12-10,carrier_delay
RMREV010748,RMPO039631,2025-11-30,2025-12-11,2025-12-17,supplier_capacity
RMREV010749,RMPO039840,2025-11-30,2025-12-08,2025-12-11,production_issue
RMREV010750,RMPO039949,2025-11-30,2025-12-05,2025-12-06,raw_material_shortage
RMREV010751,RMPO040030,2025-11-30,2025-12-04,2025-12-05,raw_material_shortage
RMREV010752,RMPO040053,2025-11-30,2025-12-09,2025-12-17,allocation_cut
RMREV010753,RMPO040053,2025-11-30,2025-12-17,2025-12-11,expedite
RMREV010754,RMPO038242,2025-12-01,2025-12-04,2025-12-15,peak_season_capacity
RMREV010755,RMPO038363,2025-12-01,2025-12-05,2025-12-07,severe_weather
RMREV010756,RMPO038868,2025-12-01,2025-12-12,2025-12-24,production_issue
RMREV010757,RMPO038981,2025-12-01,2025-12-09,2025-12-12,raw_material_shortage
RMREV010758,RMPO039009,2025-12-01,2025-12-13,2025-12-26,carrier_delay
RMREV010759,RMPO039410,2025-12-01,2025-12-04,2025-12-06,supplier_capacity
RMREV010760,RMPO039415,2025-12-01,2025-12-04,2025-12-05,supplier_capacity
RMREV010761,RMPO039446,2025-12-01,2025-12-09,2025-12-10,carrier_delay
RMREV010762,RMPO039629,2025-12-01,2025-12-12,2025-12-20,supplier_capacity
RMREV010763,RMPO039761,2025-12-01,2025-12-11,2025-12-14,raw_material_shortage
RMREV010764,RMPO039931,2025-12-01,2025-12-03,2025-12-04,lead_time_extension
RMREV010765,RMPO039977,2025-12-01,2025-12-02,2025-12-04,severe_weather
RMREV010766,RMPO040052,2025-12-01,2025-12-08,2025-12-10,allocation_cut
RMREV010767,RMPO040052,2025-12-01,2025-12-10,2025-12-07,expedite
RMREV010768,RMPO037460,2025-12-02,2025-11-28,2025-12-04,peak_season_capacity
RMREV010769,RMPO037976,2025-12-02,2025-12-05,2025-12-11,peak_season_capacity
RMREV010770,RMPO038384,2025-12-02,2025-12-01,2025-12-03,severe_weather
RMREV010771,RMPO038981,2025-12-02,2025-12-12,2025-12-15,raw_material_shortage
RMREV010772,RMPO039410,2025-12-02,2025-12-06,2025-12-07,supplier_capacity
RMREV010773,RMPO039415,2025-12-02,2025-12-05,2025-12-06,supplier_capacity
RMREV010774,RMPO039578,2025-12-02,2025-12-13,2025-12-15,supplier_capacity
RMREV010775,RMPO039580,2025-12-02,2025-12-13,2025-12-17,supplier_capacity
RMREV010776,RMPO039625,2025-12-02,2025-12-06,2025-12-10,supplier_capacity
RMREV010777,RMPO039630,2025-12-02,2025-12-09,2025-12-14,carrier_delay
RMREV010778,RMPO039731,2025-12-02,2025-12-03,2025-12-05,carrier_delay
RMREV010779,RMPO039839,2025-12-02,2025-12-07,2025-12-11,supplier_capacity
RMREV010780,RMPO039922,2025-12-02,2025-12-13,2025-12-14,carrier_delay
RMREV010781,RMPO039948,2025-12-02,2025-12-06,2025-12-07,carrier_delay
RMREV010782,RMPO040082,2025-12-02,2025-12-08,2025-12-10,lead_time_extension
RMREV010783,RMPO040084,2025-12-02,2025-12-07,2025-12-09,lead_time_extension
RMREV010784,RMPO040085,2025-12-02,2025-12-12,2025-12-14,lead_time_extension
RMREV010785,RMPO040086,2025-12-02,2025-12-09,2025-12-11,lead_time_extension
RMREV010786,RMPO040087,2025-12-02,2025-12-08,2025-12-11,lead_time_extension
RMREV010787,RMPO040088,2025-12-02,2025-12-09,2025-12-12,lead_time_extension
RMREV010788,RMPO040089,2025-12-02,2025-12-07,2025-12-08,lead_time_extension
RMREV010789,RMPO040097,2025-12-02,2025-12-14,2025-12-18,supplier_capacity
RMREV010790,RMPO040139,2025-12-02,2025-12-06,2025-12-07,carrier_delay
RMREV010791,RMPO040140,2025-12-02,2025-12-06,2025-12-07,raw_material_shortage
RMREV010792,RMPO040141,2025-12-02,2025-12-05,2025-12-06,raw_material_shortage
RMREV010793,RMPO040142,2025-12-02,2025-12-05,2025-12-07,raw_material_shortage
RMREV010794,RMPO040157,2025-12-02,2025-12-13,2025-12-14,quality_hold_at_supplier
RMREV010795,RMPO040168,2025-12-02,2025-12-10,2025-12-18,allocation_cut
RMREV010796,RMPO038240,2025-12-03,2025-12-06,2025-12-13,expedite_missed
RMREV010797,RMPO038307,2025-12-03,2025-12-04,2025-12-08,carrier_delay
RMREV010798,RMPO038307,2025-12-03,2025-12-08,2025-12-05,expedite
RMREV010799,RMPO038525,2025-12-03,2025-12-10,2025-12-16,peak_season_capacity
RMREV010800,RMPO038687,2025-12-03,2025-12-12,2025-12-17,raw_material_shortage
RMREV010801,RMPO038687,2025-12-03,2025-12-17,2025-12-11,expedite
RMREV010802,RMPO038707,2025-12-03,2025-12-11,2025-12-17,raw_material_shortage
RMREV010803,RMPO039009,2025-12-03,2025-12-26,2026-01-06,carrier_delay
RMREV010804,RMPO039623,2025-12-03,2025-12-14,2025-12-16,supplier_capacity
RMREV010805,RMPO039628,2025-12-03,2025-12-10,2025-12-18,carrier_delay
RMREV010806,RMPO039634,2025-12-03,2025-12-08,2025-12-09,supplier_capacity
RMREV010807,RMPO039664,2025-12-03,2025-12-08,2025-12-12,raw_material_shortage
RMREV010808,RMPO039889,2025-12-03,2025-12-03,2025-12-07,severe_weather
RMREV010809,RMPO039889,2025-12-03,2025-12-07,2025-12-05,expedite
RMREV010810,RMPO040030,2025-12-03,2025-12-05,2025-12-06,raw_material_shortage
RMREV010811,RMPO040083,2025-12-03,2025-12-09,2025-12-11,lead_time_extension
RMREV010812,RMPO038211,2025-12-04,2025-12-06,2025-12-26,production_issue
RMREV010813,RMPO038362,2025-12-04,2025-12-05,2025-12-07,severe_weather
RMREV010814,RMPO038393,2025-12-04,2025-11-28,2025-12-12,raw_material_shortage
RMREV010815,RMPO038663,2025-12-04,2025-11-28,2025-12-07,expedite_missed
RMREV010816,RMPO039155,2025-12-04,2025-12-05,2025-12-11,supplier_capacity
RMREV010817,RMPO039207,2025-12-04,2025-12-10,2025-12-11,supplier_capacity
RMREV010818,RMPO039511,2025-12-04,2025-12-03,2025-12-05,supplier_capacity
RMREV010819,RMPO039626,2025-12-04,2025-12-14,2025-12-18,supplier_capacity
RMREV010820,RMPO039731,2025-12-04,2025-12-05,2025-12-06,carrier_delay
RMREV010821,RMPO039828,2025-12-04,2025-12-15,2025-12-18,supplier_capacity
RMREV010822,RMPO039872,2025-12-04,2025-12-16,2025-12-20,raw_material_shortage
RMREV010823,RMPO039949,2025-12-04,2025-12-06,2025-12-07,raw_material_shortage
RMREV010824,RMPO040127,2025-12-04,2025-12-10,2025-12-11,carrier_delay
RMREV010825,RMPO038365,2025-12-05,2025-12-03,2025-12-14,expedite_missed
RMREV010826,RMPO038496,2025-12-05,2025-12-13,2026-01-29,raw_material_shortage
RMREV010827,RMPO038598,2025-12-05,2025-12-11,2025-12-24,production_issue
RMREV010828,RMPO038672,2025-12-05,2025-11-29,2025-12-09,expedite_missed
RMREV010829,RMPO038751,2025-12-05,2025-12-08,2025-12-10,production_issue
RMREV010830,RMPO038834,2025-12-05,2025-12-15,2025-12-19,supplier_capacity
RMREV010831,RMPO038867,2025-12-05,2025-12-13,2025-12-14,production_issue
RMREV010832,RMPO039208,2025-12-05,2025-12-09,2025-12-12,carrier_delay
RMREV010833,RMPO039281,2025-12-05,2025-12-14,2025-12-21,production_issue
RMREV010834,RMPO039321,2025-12-05,2025-12-15,2025-12-17,carrier_delay
RMREV010835,RMPO039627,2025-12-05,2025-12-11,2025-12-17,supplier_capacity
RMREV010836,RMPO039706,2025-12-05,2025-12-13,2025-12-15,carrier_delay
RMREV010837,RMPO039707,2025-12-05,2025-12-10,2025-12-11,production_issue
RMREV010838,RMPO039932,2025-12-05,2025-12-05,2025-12-06,lead_time_extension
RMREV010839,RMPO039941,2025-12-05,2025-12-07,2025-12-09,carrier_delay
RMREV010840,RMPO040005,2025-12-05,2025-12-09,2025-12-12,raw_material_shortage
RMREV010841,RMPO040016,2025-12-05,2025-12-06,2025-12-07,raw_material_shortage
RMREV010842,RMPO040081,2025-12-05,2025-12-14,2025-12-16,lead_time_extension
RMREV010843,RMPO040082,2025-12-05,2025-12-10,2025-12-11,lead_time_extension
RMREV010844,RMPO040083,2025-12-05,2025-12-11,2025-12-12,lead_time_extension
RMREV010845,RMPO037978,2025-12-06,2025-12-03,2025-12-15,expedite_missed
RMREV010846,RMPO037979,2025-12-06,2025-12-09,2025-12-16,peak_season_capacity
RMREV010847,RMPO038066,2025-12-06,2025-11-29,2025-12-08,raw_material_shortage
RMREV010848,RMPO038526,2025-12-06,2025-12-16,2025-12-22,peak_season_capacity
RMREV010849,RMPO038588,2025-12-06,2025-12-07,2025-12-08,raw_material_shortage
RMREV010850,RMPO039112,2025-12-06,2025-12-17,2026-01-11,supplier_capacity
RMREV010851,RMPO039134,2025-12-06,2025-12-11,2025-12-13,supplier_capacity
RMREV010852,RMPO039208,2025-12-06,2025-12-12,2025-12-14,carrier_delay
RMREV010853,RMPO039413,2025-12-06,2025-12-05,2025-12-09,severe_weather
RMREV010854,RMPO039827,2025-12-06,2025-12-17,2025-12-20,production_issue
RMREV010855,RMPO039833,2025-12-06,2025-12-16,2025-12-18,supplier_capacity
RMREV010856,RMPO039872,2025-12-06,2025-12-20,2025-12-23,raw_material_shortage
RMREV010857,RMPO039889,2025-12-06,2025-12-05,2025-12-07,expedite_missed
RMREV010858,RMPO039907,2025-12-06,2025-12-11,2025-12-13,expedite_missed
RMREV010859,RMPO040016,2025-12-06,2025-12-07,2025-12-08,raw_material_shortage
RMREV010860,RMPO040085,2025-12-06,2025-12-14,2025-12-15,lead_time_extension
RMREV010861,RMPO040089,2025-12-06,2025-12-08,2025-12-09,lead_time_extension
RMREV010862,RMPO040142,2025-12-06,2025-12-07,2025-12-08,raw_material_shortage
RMREV010863,RMPO038523,2025-12-07,2025-12-11,2025-12-29,peak_season_capacity
RMREV010864,RMPO038525,2025-12-07,2025-12-16,2025-12-20,peak_season_capacity
RMREV010865,RMPO039092,2025-12-07,2025-12-16,2025-12-20,production_issue
RMREV010866,RMPO039137,2025-12-07,2025-12-12,2025-12-16,production_issue
RMREV010867,RMPO039283,2025-12-07,2025-12-16,2025-12-19,carrier_delay
RMREV010868,RMPO039449,2025-12-07,2025-12-10,2025-12-11,raw_material_shortage
RMREV010869,RMPO039578,2025-12-07,2025-12-15,2025-12-17,supplier_capacity
RMREV010870,RMPO039732,2025-12-07,2025-12-10,2025-12-12,supplier_capacity
RMREV010871,RMPO039760,2025-12-07,2025-12-09,2025-12-12,supplier_capacity
RMREV010872,RMPO040091,2025-12-07,2025-12-17,2025-12-19,raw_material_shortage
RMREV010873,RMPO040126,2025-12-07,2025-12-17,2025-12-18,supplier_capacity
RMREV010874,RMPO040169,2025-12-07,2025-12-11,2025-12-17,allocation_cut
RMREV010875,RMPO039414,2025-12-08,2025-12-09,2025-12-13,severe_weather
RMREV010876,RMPO039579,2025-12-08,2025-12-13,2025-12-15,supplier_capacity
RMREV010877,RMPO039760,2025-12-08,2025-12-12,2025-12-14,supplier_capacity
RMREV010878,RMPO039801,2025-12-08,2025-12-07,2025-12-10,production_issue
RMREV010879,RMPO040052,2025-12-08,2025-12-07,2025-12-10,expedite_missed
RMREV010880,RMPO040081,2025-12-08,2025-12-16,2025-12-18,lead_time_extension
RMREV010881,RMPO038677,2025-12-09,2025-12-16,2025-12-20,peak_season_capacity
RMREV010882,RMPO039580,2025-12-09,2025-12-17,2025-12-20,supplier_capacity
RMREV010883,RMPO039746,2025-12-09,2025-12-12,2025-12-13,raw_material_shortage
RMREV010884,RMPO039779,2025-12-09,2025-12-17,2025-12-18,raw_material_shortage
RMREV010885,RMPO039834,2025-12-09,2025-12-15,2025-12-17,supplier_capacity
RMREV010886,RMPO039873,2025-12-09,2025-12-16,2025-12-23,carrier_delay
RMREV010887,RMPO039941,2025-12-09,2025-12-09,2025-12-10,carrier_delay
RMREV010888,RMPO040079,2025-12-09,2025-12-13,2025-12-15,production_issue
RMREV010889,RMPO040169,2025-12-09,2025-12-17,2025-12-21,allocation_cut
RMREV010890,RMPO040221,2025-12-09,2025-12-16,2025-12-18,lead_time_extension
RMREV010891,RMPO040222,2025-12-09,2025-12-14,2025-12-15,lead_time_extension
RMREV010892,RMPO040223,2025-12-09,2025-12-17,2025-12-19,lead_time_extension
RMREV010893,RMPO040226,2025-12-09,2025-12-14,2025-12-15,lead_time_extension
RMREV010894,RMPO040227,2025-12-09,2025-12-15,2025-12-16,lead_time_extension
RMREV010895,RMPO040255,2025-12-09,2025-12-15,2025-12-16,production_issue
RMREV010896,RMPO040291,2025-12-09,2025-12-18,2025-12-27,allocation_cut
RMREV010897,RMPO040293,2025-12-09,2025-12-17,2025-12-23,allocation_cut
RMREV010898,RMPO037740,2025-12-10,2025-12-17,2026-01-04,peak_season_capacity
RMREV010899,RMPO038242,2025-12-10,2025-12-15,2025-12-24,peak_season_capacity
RMREV010900,RMPO038598,2025-12-10,2025-12-24,2026-01-03,production_issue
RMREV010901,RMPO038598,2025-12-10,2026-01-03,2025-12-26,expedite
RMREV010902,RMPO039761,2025-12-10,2025-12-14,2025-12-16,raw_material_shortage
RMREV010903,RMPO039827,2025-12-10,2025-12-20,2025-12-23,production_issue
RMREV010904,RMPO039995,2025-12-10,2025-12-15,2025-12-18,carrier_delay
RMREV010905,RMPO040086,2025-12-10,2025-12-11,2025-12-12,lead_time_extension
RMREV010906,RMPO040125,2025-12-10,2025-12-16,2025-12-17,raw_material_shortage
RMREV010907,RMPO040290,2025-12-10,2025-12-17,2025-12-31,allocation_cut
RMREV010908,RMPO039134,2025-12-11,2025-12-13,2025-12-15,supplier_capacity
RMREV010909,RMPO039138,2025-12-11,2025-12-14,2025-12-18,supplier_capacity
RMREV010910,RMPO039424,2025-12-11,2025-12-15,2025-12-17,raw_material_shortage
RMREV010911,RMPO039629,2025-12-11,2025-12-20,2025-12-27,supplier_capacity
RMREV010912,RMPO039834,2025-12-11,2025-12-17,2025-12-19,supplier_capacity
RMREV010913,RMPO039920,2025-12-11,2025-12-14,2025-12-15,raw_material_shortage
RMREV010914,RMPO040017,2025-12-11,2025-12-16,2025-12-17,carrier_delay
RMREV010915,RMPO040079,2025-12-11,2025-12-15,2025-12-16,production_issue
RMREV010916,RMPO040080,2025-12-11,2025-12-13,2025-12-15,carrier_delay
RMREV010917,RMPO040091,2025-12-11,2025-12-19,2025-12-21,raw_material_shortage
RMREV010918,RMPO040125,2025-12-11,2025-12-17,2025-12-18,raw_material_shortage
RMREV010919,RMPO040204,2025-12-11,2025-12-13,2025-12-19,raw_material_shortage
RMREV010920,RMPO040204,2025-12-11,2025-12-19,2025-12-15,expedite
RMREV010921,RMPO040225,2025-12-11,2025-12-14,2025-12-16,lead_time_extension
RMREV010922,RMPO040233,2025-12-11,2025-12-21,2025-12-22,supplier_capacity
RMREV010923,RMPO040241,2025-12-11,2025-12-17,2025-12-20,raw_material_shortage
RMREV010924,RMPO038598,2025-12-12,2025-12-26,2026-01-02,expedite_missed
RMREV010925,RMPO038687,2025-12-12,2025-12-11,2025-12-21,expedite_missed
RMREV010926,RMPO039090,2025-12-12,2025-12-16,2025-12-23,raw_material_shortage
RMREV010927,RMPO039092,2025-12-12,2025-12-20,2025-12-23,production_issue
RMREV010928,RMPO039625,2025-12-12,2025-12-10,2025-12-14,supplier_capacity
RMREV010929,RMPO039779,2025-12-12,2025-12-18,2025-12-19,raw_material_shortage
RMREV010930,RMPO039833,2025-12-12,2025-12-18,2025-12-20,supplier_capacity
RMREV010931,RMPO039839,2025-12-12,2025-12-11,2025-12-14,supplier_capacity
RMREV010932,RMPO040292,2025-12-12,2025-12-17,2025-12-25,allocation_cut
RMREV010933,RMPO040292,2025-12-12,2025-12-25,2025-12-20,expedite
RMREV010934,RMPO037737,2025-12-13,2025-12-10,2025-12-27,peak_season_capacity
RMREV010935,RMPO038210,2025-12-13,2025-12-09,2025-12-18,expedite_missed
RMREV010936,RMPO038494,2025-12-13,2025-12-06,2025-12-16,raw_material_shortage
RMREV010937,RMPO038495,2025-12-13,2026-01-01,2026-01-20,carrier_delay
RMREV010938,RMPO038526,2025-12-13,2025-12-22,2025-12-26,peak_season_capacity
RMREV010939,RMPO038786,2025-12-13,2025-12-15,2025-12-31,raw_material_shortage
RMREV010940,RMPO039319,2025-12-13,2025-12-20,2025-12-29,production_issue
RMREV010941,RMPO039319,2025-12-13,2025-12-29,2025-12-25,expedite
RMREV010942,RMPO039579,2025-12-13,2025-12-15,2025-12-17,supplier_capacity
RMREV010943,RMPO039595,2025-12-13,2025-12-17,2025-12-25,raw_material_shortage
RMREV010944,RMPO039920,2025-12-13,2025-12-15,2025-12-16,raw_material_shortage
RMREV010945,RMPO039985,2025-12-13,2025-12-14,2025-12-18,carrier_delay
RMREV010946,RMPO040005,2025-12-13,2025-12-12,2025-12-14,raw_material_shortage
RMREV010947,RMPO040221,2025-12-13,2025-12-18,2025-12-19,lead_time_extension
RMREV010948,RMPO040222,2025-12-13,2025-12-15,2025-12-16,lead_time_extension
RMREV010949,RMPO040224,2025-12-13,2025-12-15,2025-12-17,lead_time_extension
RMREV010950,RMPO040289,2025-12-13,2025-12-17,2025-12-23,allocation_cut
RMREV010951,RMPO040293,2025-12-13,2025-12-23,2025-12-28,allocation_cut
RMREV010952,RMPO037738,2025-12-14,2025-12-15,2026-01-02,peak_season_capacity
RMREV010953,RMPO039284,2025-12-14,2025-12-15,2025-12-19,carrier_delay
RMREV010954,RMPO039321,2025-12-14,2025-12-17,2025-12-19,carrier_delay
RMREV010955,RMPO039424,2025-12-14,2025-12-17,2025-12-18,raw_material_shortage
RMREV010956,RMPO039628,2025-12-14,2025-12-18,2025-12-25,carrier_delay
RMREV010957,RMPO039836,2025-12-14,2025-12-19,2025-12-26,supplier_capacity
RMREV010958,RMPO039837,2025-12-14,2025-12-16,2025-12-23,supplier_capacity
RMREV010959,RMPO040017,2025-12-14,2025-12-17,2025-12-18,carrier_delay
RMREV010960,RMPO040226,2025-12-14,2025-12-15,2025-12-16,lead_time_extension
RMREV010961,RMPO040227,2025-12-14,2025-12-16,2025-12-17,lead_time_extension
RMREV010962,RMPO040228,2025-12-14,2025-12-16,2025-12-18,lead_time_extension
RMREV010963,RMPO040312,2025-12-14,2025-12-19,2025-12-20,carrier_delay
RMREV010964,RMPO038524,2025-12-15,2025-12-18,2026-01-06,peak_season_capacity
RMREV010965,RMPO038524,2025-12-15,2026-01-06,2025-12-29,expedite
RMREV010966,RMPO038677,2025-12-15,2025-12-20,2025-12-23,peak_season_capacity
RMREV010967,RMPO038769,2025-12-15,2025-12-16,2025-12-26,production_issue
RMREV010968,RMPO038813,2025-12-15,2025-12-22,2025-12-29,peak_season_capacity
RMREV010969,RMPO038813,2025-12-15,2025-12-29,2025-12-22,expedite
RMREV010970,RMPO038880,2025-12-15,2025-12-18,2025-12-21,supplier_capacity
RMREV010971,RMPO039091,2025-12-15,2025-12-17,2025-12-21,raw_material_shortage
RMREV010972,RMPO039093,2025-12-15,2025-12-17,2025-12-21,raw_material_shortage
RMREV010973,RMPO039190,2025-12-15,2025-12-21,2025-12-24,raw_material_shortage
RMREV010974,RMPO039630,2025-12-15,2025-12-14,2025-12-18,carrier_delay
RMREV010975,RMPO039995,2025-12-15,2025-12-18,2025-12-20,carrier_delay
RMREV010976,RMPO040080,2025-12-15,2025-12-15,2025-12-17,carrier_delay
RMREV010977,RMPO040137,2025-12-15,2025-12-18,2025-12-20,carrier_delay
RMREV010978,RMPO040204,2025-12-15,2025-12-15,2025-12-23,expedite_missed
RMREV010979,RMPO040224,2025-12-15,2025-12-17,2025-12-18,lead_time_extension
RMREV010980,RMPO040305,2025-12-15,2025-12-17,2025-12-19,production_issue
RMREV010981,RMPO038707,2025-12-16,2025-12-17,2025-12-21,raw_material_shortage
RMREV010982,RMPO038880,2025-12-16,2025-12-21,2025-12-23,supplier_capacity
RMREV010983,RMPO039091,2025-12-16,2025-12-21,2025-12-24,raw_material_shortage
RMREV010984,RMPO039137,2025-12-16,2025-12-16,2025-12-19,production_issue
RMREV010985,RMPO039190,2025-12-16,2025-12-24,2025-12-26,raw_material_shortage
RMREV010986,RMPO039778,2025-12-16,2025-12-20,2025-12-21,supplier_capacity
RMREV010987,RMPO039795,2025-12-16,2025-12-27,2026-01-03,carrier_delay
RMREV010988,RMPO040137,2025-12-16,2025-12-20,2025-12-22,carrier_delay
RMREV010989,RMPO040228,2025-12-16,2025-12-18,2025-12-19,lead_time_extension
RMREV010990,RMPO040241,2025-12-16,2025-12-20,2025-12-23,raw_material_shortage
RMREV010991,RMPO038879,2025-12-17,2025-12-18,2025-12-20,supplier_capacity
RMREV010992,RMPO039093,2025-12-17,2025-12-21,2025-12-24,raw_material_shortage
RMREV010993,RMPO039282,2025-12-17,2025-12-19,2025-12-23,raw_material_shortage
RMREV010994,RMPO039828,2025-12-17,2025-12-18,2025-12-21,supplier_capacity
RMREV010995,RMPO039836,2025-12-17,2025-12-26,2025-12-31,supplier_capacity
RMREV010996,RMPO039997,2025-12-17,2025-12-19,2026-01-06,carrier_delay
RMREV010997,RMPO040123,2025-12-17,2025-12-28,2025-12-31,production_issue
RMREV010998,RMPO040219,2025-12-17,2025-12-29,2025-12-30,supplier_capacity
RMREV010999,RMPO040245,2025-12-17,2025-12-19,2025-12-20,carrier_delay
RMREV011000,RMPO040305,2025-12-17,2025-12-19,2025-12-20,production_issue
RMREV011001,RMPO038879,2025-12-18,2025-12-20,2025-12-22,supplier_capacity
RMREV011002,RMPO039076,2025-12-18,2025-12-25,2025-12-30,peak_season_capacity
RMREV011003,RMPO039112,2025-12-18,2026-01-11,2026-01-31,supplier_capacity
RMREV011004,RMPO039138,2025-12-18,2025-12-18,2025-12-21,supplier_capacity
RMREV011005,RMPO039282,2025-12-18,2025-12-23,2025-12-27,raw_material_shortage
RMREV011006,RMPO039829,2025-12-18,2025-12-20,2025-12-26,supplier_capacity
RMREV011007,RMPO040126,2025-12-18,2025-12-18,2025-12-19,supplier_capacity
RMREV011008,RMPO038527,2025-12-19,2025-12-16,2025-12-21,peak_season_capacity
RMREV011009,RMPO039284,2025-12-19,2025-12-19,2025-12-22,carrier_delay
RMREV011010,RMPO039627,2025-12-19,2025-12-17,2025-12-21,supplier_capacity
RMREV011011,RMPO039631,2025-12-19,2025-12-17,2025-12-21,supplier_capacity
RMREV011012,RMPO039970,2025-12-19,2025-12-27,2025-12-29,carrier_delay
RMREV011013,RMPO039985,2025-12-19,2025-12-18,2025-12-21,carrier_delay
RMREV011014,RMPO040223,2025-12-19,2025-12-19,2025-12-20,lead_time_extension
RMREV011015,RMPO040245,2025-12-19,2025-12-20,2025-12-21,carrier_delay
RMREV011016,RMPO038523,2025-12-20,2025-12-29,2026-01-13,peak_season_capacity
RMREV011017,RMPO040114,2025-12-20,2025-12-23,2025-12-25,raw_material_shortage
RMREV011018,RMPO040168,2025-12-20,2025-12-18,2025-12-24,allocation_cut
RMREV011019,RMPO040312,2025-12-20,2025-12-20,2025-12-21,carrier_delay
RMREV011020,RMPO039599,2025-12-21,2025-12-31,2026-01-21,production_issue
RMREV011021,RMPO039599,2025-12-21,2026-01-21,2026-01-16,expedite
RMREV011022,RMPO039778,2025-12-21,2025-12-21,2025-12-22,supplier_capacity
RMREV011023,RMPO040053,2025-12-21,2025-12-11,2025-12-24,expedite_missed
RMREV011024,RMPO040276,2025-12-21,2025-12-23,2025-12-27,raw_material_shortage
RMREV011025,RMPO040289,2025-12-21,2025-12-23,2025-12-27,allocation_cut
RMREV011026,RMPO040311,2025-12-21,2025-12-23,2025-12-24,carrier_delay
RMREV011027,RMPO039077,2025-12-22,2025-12-24,2026-01-02,peak_season_capacity
RMREV011028,RMPO039078,2025-12-22,2025-12-25,2026-01-02,peak_season_capacity
RMREV011029,RMPO039078,2025-12-22,2026-01-02,2025-12-27,expedite
RMREV011030,RMPO040124,2025-12-22,2025-12-26,2025-12-28,production_issue
RMREV011031,RMPO040291,2025-12-22,2025-12-27,2026-01-04,allocation_cut
RMREV011032,RMPO038813,2025-12-23,2025-12-22,2026-01-02,expedite_missed
RMREV011033,RMPO040345,2025-12-23,2025-12-28,2025-12-29,lead_time_extension
RMREV011034,RMPO039607,2025-12-24,2025-12-29,2026-01-05,supplier_capacity
RMREV011035,RMPO039663,2025-12-24,2026-01-02,2026-01-10,raw_material_shortage
RMREV011036,RMPO040229,2025-12-24,2025-12-29,2025-12-30,raw_material_shortage
RMREV011037,RMPO040275,2025-12-24,2025-12-28,2026-01-02,production_issue
RMREV011038,RMPO040311,2025-12-24,2025-12-24,2025-12-25,carrier_delay
RMREV011039,RMPO038524,2025-12-25,2025-12-29,2026-01-19,expedite_missed
RMREV011040,RMPO039829,2025-12-25,2025-12-26,2025-12-31,supplier_capacity
RMREV011041,RMPO039829,2025-12-25,2025-12-31,2025-12-27,expedite
RMREV011042,RMPO039837,2025-12-25,2025-12-23,2025-12-28,supplier_capacity
RMREV011043,RMPO039901,2025-12-25,2025-12-28,2025-12-30,production_issue
RMREV011044,RMPO040114,2025-12-25,2025-12-25,2025-12-26,raw_material_shortage
RMREV011045,RMPO039595,2025-12-26,2025-12-25,2025-12-31,raw_material_shortage
RMREV011046,RMPO039764,2025-12-26,2025-12-29,2026-01-12,raw_material_shortage
RMREV011047,RMPO039829,2025-12-26,2025-12-27,2025-12-31,expedite_missed
RMREV011048,RMPO039970,2025-12-26,2025-12-29,2025-12-31,carrier_delay
RMREV011049,RMPO039864,2025-12-27,2026-01-05,2026-01-13,production_issue
RMREV011050,RMPO040276,2025-12-27,2025-12-27,2025-12-30,raw_material_shortage
RMREV011051,RMPO040345,2025-12-27,2025-12-29,2025-12-30,lead_time_extension
RMREV011052,RMPO040124,2025-12-28,2025-12-28,2025-12-29,production_issue
RMREV011053,RMPO040292,2025-12-28,2025-12-20,2025-12-30,expedite_missed
RMREV011054,RMPO039076,2025-12-30,2025-12-30,2026-01-03,peak_season_capacity
RMREV011055,RMPO039864,2025-12-30,2026-01-13,2026-01-18,production_issue
RMREV011056,RMPO040275,2025-12-30,2026-01-02,2026-01-06,production_issue
RMREV011057,RMPO038868,2025-12-31,2025-12-24,2026-01-02,production_issue
RMREV011058,RMPO039901,2025-12-31,2025-12-30,2026-01-01,production_issue
