supplier_id,month,po_count,otif_rate,avg_delay_days,fill_rate,quality_ppm,commitments_made,commitments_kept
SUP0001,2023-02,1,0.0,11.0,1.0,0.0,0,0
SUP0001,2023-03,2,0.0,13.5,0.7084,0.0,0,0
SUP0001,2023-04,3,0.0,6.0,1.0,0.0,0,0
SUP0001,2023-05,2,0.5,4.0,1.0,0.0,0,0
SUP0001,2023-06,3,0.6667,0.67,1.0,0.0,0,0
SUP0001,2023-07,2,0.0,3.5,0.8554,0.0,0,0
SUP0001,2023-08,3,0.0,8.33,1.0,0.0,0,0
SUP0001,2023-09,1,1.0,-3.0,1.0,0.0,0,0
SUP0001,2023-10,4,0.25,7.25,1.0,0.0,0,0
SUP0001,2023-11,2,0.0,7.5,1.0,0.0,0,0
SUP0001,2023-12,3,0.6667,3.33,1.0,0.0,0,0
SUP0001,2024-01,1,1.0,-2.0,1.0,0.0,0,0
SUP0001,2024-02,2,1.0,-2.0,1.0,0.0,0,0
SUP0001,2024-03,2,0.0,6.5,1.0,0.0,0,0
SUP0001,2024-04,4,0.25,3.0,1.0,0.0,0,0
SUP0001,2024-05,1,1.0,-2.0,1.0,0.0,0,0
SUP0001,2024-06,2,0.5,6.0,1.0,0.0,0,0
SUP0001,2024-07,2,0.0,8.5,1.0,0.0,0,0
SUP0001,2024-08,2,0.5,2.5,1.0,0.0,0,0
SUP0001,2024-09,2,0.5,3.0,1.0,0.0,0,0
SUP0001,2024-11,2,0.5,1.0,1.0,0.0,0,0
SUP0001,2024-12,2,0.0,8.5,1.0,0.0,0,0
SUP0001,2025-01,4,0.25,3.5,1.0,0.0,0,0
SUP0001,2025-02,3,0.3333,7.33,1.0,0.0,0,0
SUP0001,2025-03,3,0.3333,5.0,1.0,0.0,0,0
SUP0001,2025-06,3,0.3333,2.67,1.0,0.0,0,0
SUP0001,2025-07,1,1.0,-1.0,1.0,0.0,0,0
SUP0001,2025-08,2,0.0,6.5,1.0,0.0,0,0
SUP0001,2025-09,2,0.0,10.0,0.6053,0.0,0,0
SUP0001,2025-10,2,0.0,11.5,1.0,0.0,0,0
SUP0001,2025-11,2,0.0,8.0,1.0,0.0,0,0
SUP0001,2025-12,2,0.0,9.0,1.0,0.0,0,0
SUP0002,2023-03,1,0.0,3.0,1.0,0.0,0,0
SUP0002,2023-04,3,0.3333,6.33,1.0,0.0,0,0
SUP0002,2023-05,2,1.0,-0.5,1.0,0.0,0,0
SUP0002,2023-07,2,0.5,2.0,1.0,0.0,0,0
SUP0002,2023-08,1,0.0,3.0,1.0,0.0,0,0
SUP0002,2023-10,1,0.0,6.0,1.0,0.0,0,0
SUP0002,2023-11,3,0.0,10.0,1.0,0.0,0,0
SUP0002,2024-02,3,0.0,8.33,1.0,0.0,0,0
SUP0002,2024-03,1,0.0,6.0,1.0,0.0,0,0
SUP0002,2024-05,2,0.5,5.5,1.0,0.0,0,0
SUP0002,2024-06,3,0.0,5.67,1.0,0.0,0,0
SUP0002,2024-08,2,0.0,5.5,0.4642,0.0,0,0
SUP0002,2024-09,3,0.6667,3.0,1.0,0.0,0,0
SUP0002,2024-11,3,0.0,9.67,1.0,0.0,0,0
SUP0002,2024-12,1,0.0,9.0,1.0,0.0,0,0
SUP0002,2025-01,2,0.0,5.0,1.0,0.0,0,0
SUP0002,2025-03,1,0.0,9.0,1.0,0.0,0,0
SUP0002,2025-04,2,0.0,6.5,1.0,0.0,0,0
SUP0002,2025-05,1,1.0,0.0,1.0,0.0,0,0
SUP0002,2025-06,1,0.0,7.0,1.0,0.0,0,0
SUP0002,2025-07,1,0.0,12.0,0.7785,0.0,0,0
SUP0002,2025-09,2,0.0,9.5,1.0,0.0,0,0
SUP0002,2025-11,3,0.3333,8.67,1.0,0.0,0,0
SUP0002,2025-12,4,0.6667,2.0,1.0,0.0,0,0
SUP0003,2023-02,4,0.25,3.75,1.0,0.0,0,0
SUP0003,2023-03,2,1.0,-1.5,1.0,0.0,0,0
SUP0003,2023-04,2,0.0,5.0,1.0,0.0,0,0
SUP0003,2023-05,4,0.0,8.25,1.0,0.0,0,0
SUP0003,2023-06,3,0.6667,-1.0,1.0,0.0,0,0
SUP0003,2023-07,3,0.0,8.67,1.0,0.0,0,0
SUP0003,2023-08,2,0.5,3.5,1.0,0.0,0,0
SUP0003,2023-09,3,0.0,8.67,0.8924,0.0,0,0
SUP0003,2023-10,1,0.0,4.0,1.0,0.0,0,0
SUP0003,2023-12,2,0.0,12.0,1.0,0.0,0,0
SUP0003,2024-01,1,0.0,5.0,1.0,0.0,0,0
SUP0003,2024-02,2,0.0,10.0,1.0,0.0,0,0
SUP0003,2024-03,2,0.0,7.5,1.0,0.0,0,0
SUP0003,2024-04,3,1.0,-3.0,1.0,0.0,0,0
SUP0003,2024-06,2,0.0,12.0,1.0,0.0,0,0
SUP0003,2024-08,2,0.0,9.5,1.0,0.0,0,0
SUP0003,2024-09,3,0.0,7.33,0.9284,0.0,0,0
SUP0003,2024-10,3,0.0,8.0,1.0,0.0,0,0
SUP0003,2024-11,6,0.3333,4.33,1.0,0.0,0,0
SUP0003,2024-12,5,0.0,7.4,1.0,0.0,0,0
SUP0003,2025-01,3,0.3333,4.67,1.0,0.0,0,0
SUP0003,2025-02,3,0.3333,1.67,1.0,0.0,0,0
SUP0003,2025-03,1,1.0,0.0,1.0,0.0,0,0
SUP0003,2025-06,2,0.5,1.5,0.8951,0.0,0,0
SUP0003,2025-08,3,0.0,6.67,1.0,0.0,0,0
SUP0003,2025-09,3,0.3333,6.67,1.0,0.0,0,0
SUP0003,2025-10,2,0.0,7.0,1.0,0.0,0,0
SUP0003,2025-11,3,0.0,7.33,1.0,0.0,0,0
SUP0003,2025-12,4,0.0,8.0,1.0,0.0,0,0
SUP0004,2023-01,1,1.0,-3.0,1.0,0.0,0,0
SUP0004,2023-02,1,0.0,2.0,1.0,0.0,0,0
SUP0004,2023-04,1,0.0,5.0,0.186,0.0,0,0
SUP0004,2023-05,4,0.25,4.25,1.0,0.0,0,0
SUP0004,2023-06,2,0.5,-1.5,0.7787,0.0,0,0
SUP0004,2023-07,1,1.0,-2.0,1.0,0.0,0,0
SUP0004,2023-08,1,0.0,5.0,1.0,0.0,0,0
SUP0004,2023-09,3,0.0,4.67,1.0,0.0,0,0
SUP0004,2023-10,4,0.25,5.5,1.0,0.0,0,0
SUP0004,2023-11,4,0.25,5.0,1.0,0.0,0,0
SUP0004,2023-12,3,0.0,5.67,1.0,0.0,0,0
SUP0004,2024-01,1,0.0,12.0,1.0,0.0,0,0
SUP0004,2024-03,3,0.0,9.67,1.0,0.0,0,0
SUP0004,2024-04,5,0.4,3.0,0.9443,0.0,0,0
SUP0004,2024-05,5,0.0,8.6,1.0,0.0,0,0
SUP0004,2024-06,2,0.5,0.5,1.0,0.0,0,0
SUP0004,2024-07,3,0.0,3.33,1.0,0.0,0,0
SUP0004,2024-08,1,0.0,9.0,1.0,0.0,0,0
SUP0004,2024-09,1,0.0,6.0,1.0,0.0,0,0
SUP0004,2024-10,3,0.0,7.33,0.8343,0.0,0,0
SUP0004,2024-11,5,0.2,5.0,1.0,0.0,0,0
SUP0004,2024-12,2,0.0,8.5,1.0,0.0,0,0
SUP0004,2025-01,3,0.0,6.67,1.0,0.0,0,0
SUP0004,2025-02,1,0.0,13.0,1.0,0.0,0,0
SUP0004,2025-03,3,0.6667,3.0,1.0,0.0,0,0
SUP0004,2025-06,2,0.0,13.0,1.0,0.0,0,0
SUP0004,2025-09,3,0.0,6.0,1.0,0.0,0,0
SUP0004,2025-10,3,0.3333,5.0,1.0,0.0,0,0
SUP0004,2025-11,3,0.0,7.67,0.9153,0.0,0,0
SUP0004,2025-12,2,,,,0.0,0,0
SUP0005,2023-01,2,0.5,0.0,0.8317,0.0,0,0
SUP0005,2023-02,6,0.0,8.67,1.0,0.0,0,0
SUP0005,2023-03,8,0.75,0.62,1.0,54775.5,0,0
SUP0005,2023-04,9,0.4444,6.0,1.0,0.0,0,0
SUP0005,2023-05,8,0.5,1.62,0.9878,0.0,0,0
SUP0005,2023-06,11,0.7273,2.18,1.0,0.0,0,0
SUP0005,2023-07,12,0.5833,2.17,1.0,0.0,0,0
SUP0005,2023-08,12,0.6667,1.83,0.9983,0.0,0,0
SUP0005,2023-09,3,1.0,-0.67,1.0,0.0,0,0
SUP0005,2023-10,10,0.6,2.5,0.9914,0.0,0,0
SUP0005,2023-11,7,0.5714,0.57,0.9151,0.0,0,0
SUP0005,2023-12,10,0.7,1.4,1.0,0.0,0,0
SUP0005,2024-01,9,0.8889,1.11,0.8599,0.0,0,0
SUP0005,2024-02,5,0.2,7.0,0.9898,0.0,0,0
SUP0005,2024-03,7,0.8571,1.14,1.0,0.0,0,0
SUP0005,2024-04,9,0.5556,2.56,1.0,0.0,0,0
SUP0005,2024-05,5,0.8,0.6,1.0,0.0,0,0
SUP0005,2024-06,7,0.7143,1.71,1.0,0.0,0,0
SUP0005,2024-07,8,0.875,0.25,1.0,0.0,0,0
SUP0005,2024-08,7,0.8571,0.43,1.0,0.0,0,0
SUP0005,2024-09,4,0.75,2.25,1.0,0.0,0,0
SUP0005,2024-10,9,0.6667,2.0,1.0,43678.2,0,0
SUP0005,2024-11,4,0.75,-0.5,0.9094,0.0,0,0
SUP0005,2024-12,10,0.8,1.1,1.0,0.0,0,0
SUP0005,2025-01,7,0.8571,0.14,0.9827,0.0,0,0
SUP0005,2025-02,7,0.1429,7.57,1.0,0.0,0,0
SUP0005,2025-03,6,0.6667,0.33,1.0,0.0,0,0
SUP0005,2025-04,11,0.6364,2.09,0.8547,0.0,0,0
SUP0005,2025-05,11,0.5455,4.0,1.0,0.0,0,0
SUP0005,2025-06,9,0.7778,1.89,1.0,0.0,0,0
SUP0005,2025-07,13,0.8462,1.15,1.0,0.0,0,0
SUP0005,2025-08,16,0.8125,0.5,0.9799,0.0,0,0
SUP0005,2025-09,14,0.8571,1.07,1.0,0.0,0,0
SUP0005,2025-10,11,0.7273,0.91,0.9814,0.0,0,0
SUP0005,2025-11,11,0.7273,2.09,1.0,0.0,0,0
SUP0005,2025-12,16,0.8571,0.36,1.0,0.0,0,0
SUP0006,2023-04,2,0.5,-1.0,1.0,0.0,0,0
SUP0006,2023-05,2,0.0,9.5,1.0,0.0,0,0
SUP0006,2023-06,1,1.0,-2.0,1.0,0.0,0,0
SUP0006,2023-07,2,0.5,-1.0,1.0,0.0,0,0
SUP0006,2023-08,3,0.3333,5.33,1.0,0.0,0,0
SUP0006,2023-09,6,0.1667,6.5,1.0,0.0,0,0
SUP0006,2023-11,3,0.0,10.33,1.0,0.0,0,0
SUP0006,2023-12,3,0.0,6.33,0.8514,0.0,0,0
SUP0006,2024-01,1,0.0,8.0,1.0,0.0,0,0
SUP0006,2024-02,6,0.0,8.67,1.0,0.0,0,0
SUP0006,2024-04,2,0.0,8.5,1.0,0.0,0,0
SUP0006,2024-05,1,1.0,0.0,1.0,0.0,0,0
SUP0006,2024-06,2,0.0,8.0,1.0,0.0,0,0
SUP0006,2024-08,1,1.0,-1.0,1.0,0.0,0,0
SUP0006,2024-09,3,0.6667,3.33,0.7762,0.0,0,0
SUP0006,2024-11,1,0.0,3.0,1.0,0.0,0,0
SUP0006,2024-12,2,1.0,-1.5,1.0,0.0,0,0
SUP0006,2025-01,5,0.0,9.0,0.9544,0.0,0,0
SUP0006,2025-02,2,0.5,4.5,1.0,0.0,0,0
SUP0006,2025-03,2,0.0,7.5,0.6236,0.0,0,0
SUP0006,2025-05,2,0.5,5.0,1.0,0.0,0,0
SUP0006,2025-06,2,0.0,2.5,1.0,0.0,0,0
SUP0006,2025-07,1,0.0,11.0,1.0,0.0,0,0
SUP0006,2025-09,2,0.5,0.5,1.0,0.0,0,0
SUP0006,2025-10,2,0.5,3.5,1.0,0.0,0,0
SUP0006,2025-12,3,0.5,5.5,1.0,0.0,0,0
SUP0007,2023-04,2,0.5,4.0,1.0,0.0,0,0
SUP0007,2023-05,5,0.0,7.8,0.8862,0.0,0,0
SUP0007,2023-06,2,0.0,11.5,1.0,0.0,0,0
SUP0007,2023-07,2,0.5,6.0,1.0,0.0,0,0
SUP0007,2023-08,1,0.0,7.0,1.0,0.0,0,0
SUP0007,2023-09,2,0.5,6.0,1.0,0.0,0,0
SUP0007,2023-10,1,0.0,3.0,0.2574,0.0,0,0
SUP0007,2023-11,1,0.0,14.0,1.0,0.0,0,0
SUP0007,2023-12,3,0.3333,2.67,0.7082,0.0,0,0
SUP0007,2024-01,3,0.0,7.33,1.0,0.0,0,0
SUP0007,2024-03,2,0.0,10.5,1.0,0.0,0,0
SUP0007,2024-04,2,0.0,5.5,0.9266,0.0,0,0
SUP0007,2024-05,2,0.0,6.0,1.0,0.0,0,0
SUP0007,2024-06,2,0.0,10.0,1.0,0.0,0,0
SUP0007,2024-08,2,0.5,6.0,0.7145,0.0,0,0
SUP0007,2024-09,3,0.3333,6.0,1.0,0.0,0,0
SUP0007,2024-10,1,0.0,6.0,1.0,0.0,0,0
SUP0007,2024-12,1,0.0,10.0,1.0,0.0,0,0
SUP0007,2025-01,3,0.3333,6.0,1.0,0.0,0,0
SUP0007,2025-02,3,0.0,5.67,1.0,0.0,0,0
SUP0007,2025-03,2,1.0,-1.0,1.0,0.0,0,0
SUP0007,2025-04,2,0.0,9.5,1.0,0.0,0,0
SUP0007,2025-05,4,0.25,3.25,1.0,0.0,0,0
SUP0007,2025-06,1,0.0,2.0,1.0,0.0,0,0
SUP0007,2025-07,1,0.0,11.0,1.0,0.0,0,0
SUP0007,2025-09,3,0.3333,3.33,0.9851,0.0,0,0
SUP0007,2025-10,2,0.0,4.5,1.0,0.0,0,0
SUP0007,2025-12,4,0.3333,4.33,1.0,0.0,0,0
SUP0008,2023-02,2,0.0,8.5,1.0,0.0,0,0
SUP0008,2023-03,2,0.0,1.5,1.0,0.0,0,0
SUP0008,2023-04,3,0.3333,4.67,1.0,0.0,0,0
SUP0008,2023-05,2,0.5,-0.5,1.0,0.0,0,0
SUP0008,2023-06,3,0.0,7.67,1.0,0.0,0,0
SUP0008,2023-07,1,0.0,7.0,1.0,0.0,0,0
SUP0008,2023-08,1,0.0,13.0,1.0,0.0,0,0
SUP0008,2023-09,3,0.0,3.0,1.0,0.0,0,0
SUP0008,2023-10,5,0.4,4.6,0.9581,0.0,0,0
SUP0008,2023-11,4,0.0,6.75,1.0,0.0,0,0
SUP0008,2023-12,3,0.0,4.67,1.0,0.0,0,0
SUP0008,2024-01,2,0.0,3.0,1.0,0.0,0,0
SUP0008,2024-02,1,0.0,-3.0,0.7479,0.0,0,0
SUP0008,2024-04,2,0.0,12.0,1.0,0.0,0,0
SUP0008,2024-05,2,0.0,7.0,1.0,0.0,0,0
SUP0008,2024-07,2,0.0,11.0,1.0,0.0,0,0
SUP0008,2024-08,1,0.0,6.0,1.0,0.0,0,0
SUP0008,2024-09,2,0.5,6.5,1.0,0.0,0,0
SUP0008,2024-10,2,0.0,7.5,1.0,0.0,0,0
SUP0008,2024-11,1,0.0,14.0,1.0,0.0,0,0
SUP0008,2024-12,3,0.6667,-1.67,0.9757,0.0,0,0
SUP0008,2025-01,1,0.0,-2.0,0.3367,0.0,0,0
SUP0008,2025-02,3,0.3333,4.33,1.0,0.0,0,0
SUP0008,2025-03,2,0.0,8.0,1.0,0.0,0,0
SUP0008,2025-04,1,0.0,3.0,1.0,0.0,0,0
SUP0008,2025-05,2,0.0,8.0,1.0,0.0,0,0
SUP0008,2025-06,4,0.0,9.0,1.0,0.0,0,0
SUP0008,2025-07,2,0.5,2.0,1.0,0.0,0,0
SUP0008,2025-08,2,0.0,9.5,1.0,0.0,0,0
SUP0008,2025-09,1,0.0,5.0,1.0,0.0,0,0
SUP0008,2025-10,2,0.0,5.5,1.0,0.0,0,0
SUP0008,2025-12,7,0.0,6.0,1.0,0.0,0,0
SUP0009,2023-02,1,1.0,-1.0,1.0,0.0,0,0
SUP0009,2023-03,2,0.0,5.5,0.8094,0.0,0,0
SUP0009,2023-04,2,0.0,10.0,1.0,0.0,0,0
SUP0009,2023-05,1,0.0,13.0,1.0,0.0,0,0
SUP0009,2023-06,2,0.5,2.0,1.0,0.0,0,0
SUP0009,2023-07,4,0.5,1.0,0.8711,0.0,0,0
SUP0009,2023-08,2,0.0,3.5,1.0,0.0,0,0
SUP0009,2023-09,1,0.0,6.0,1.0,0.0,0,0
SUP0009,2023-11,3,0.3333,4.67,1.0,0.0,0,0
SUP0009,2023-12,5,0.4,4.0,1.0,0.0,0,0
SUP0009,2024-01,1,1.0,-2.0,1.0,0.0,0,0
SUP0009,2024-02,3,0.0,2.67,0.8216,0.0,0,0
SUP0009,2024-03,1,0.0,5.0,1.0,0.0,0,0
SUP0009,2024-04,2,0.0,3.0,1.0,0.0,0,0
SUP0009,2024-05,1,1.0,-1.0,1.0,0.0,0,0
SUP0009,2024-06,4,0.25,8.5,1.0,0.0,0,0
SUP0009,2024-07,1,0.0,1.0,1.0,0.0,0,0
SUP0009,2024-08,2,0.0,4.0,1.0,0.0,0,0
SUP0009,2024-09,3,0.0,9.33,1.0,0.0,0,0
SUP0009,2024-11,1,0.0,4.0,1.0,0.0,0,0
SUP0009,2024-12,2,0.0,2.5,0.9628,0.0,0,0
SUP0009,2025-01,5,0.2,8.8,1.0,0.0,0,0
SUP0009,2025-02,2,0.0,9.5,1.0,0.0,0,0
SUP0009,2025-03,6,0.1667,7.17,1.0,0.0,0,0
SUP0009,2025-04,4,0.0,7.25,1.0,0.0,0,0
SUP0009,2025-05,3,0.3333,4.33,1.0,0.0,0,0
SUP0009,2025-06,3,0.6667,2.0,1.0,0.0,0,0
SUP0009,2025-07,6,0.0,8.67,1.0,0.0,0,0
SUP0009,2025-08,2,0.0,9.0,1.0,0.0,0,0
SUP0009,2025-09,4,0.0,7.75,0.962,0.0,0,0
SUP0009,2025-11,1,0.0,3.0,1.0,0.0,0,0
SUP0009,2025-12,8,0.5,2.75,1.0,0.0,0,0
SUP0010,2023-01,12,0.8333,1.33,1.0,0.0,0,0
SUP0010,2023-02,17,0.8824,0.29,1.0,0.0,0,0
SUP0010,2023-03,24,1.0,-0.21,1.0,0.0,0,0
SUP0010,2023-04,23,0.8261,1.48,0.9998,740.4,1,1
SUP0010,2023-05,22,0.9091,0.41,1.0,172614.4,1,0
SUP0010,2023-06,29,0.8966,0.83,1.0,0.0,0,0
SUP0010,2023-07,28,0.8929,0.68,0.996,207646.1,2,1
SUP0010,2023-08,30,0.7667,2.0,0.9991,280268.2,1,0
SUP0010,2023-09,26,0.9231,0.96,1.0,0.0,0,0
SUP0010,2023-10,24,0.875,0.17,1.0,0.0,0,0
SUP0010,2023-11,26,0.8077,0.88,0.9982,0.0,0,0
SUP0010,2023-12,29,0.8621,1.03,1.0,0.0,0,0
SUP0010,2024-01,26,0.8462,0.35,1.0,0.0,0,0
SUP0010,2024-02,24,0.875,0.71,0.9562,0.0,0,0
SUP0010,2024-03,29,0.8276,0.28,0.9952,0.0,0,0
SUP0010,2024-04,32,0.875,0.56,1.0,3869.3,0,0
SUP0010,2024-05,29,0.8966,0.24,0.9791,3914.3,0,0
SUP0010,2024-06,32,0.8438,0.69,1.0,218150.2,2,1
SUP0010,2024-07,22,0.8636,2.27,1.0,0.0,0,0
SUP0010,2024-08,31,0.871,0.74,0.9562,0.0,0,0
SUP0010,2024-09,28,0.8929,1.14,1.0,0.0,0,0
SUP0010,2024-10,24,0.8333,0.58,0.9474,51282.7,0,0
SUP0010,2024-11,29,0.8276,1.17,1.0,133531.8,1,0
SUP0010,2024-12,30,0.8333,0.67,0.9814,0.0,0,0
SUP0010,2025-01,23,0.7826,0.87,0.9831,0.0,0,0
SUP0010,2025-02,25,0.96,-0.36,1.0,70157.1,2,0
SUP0010,2025-03,18,0.8889,1.0,1.0,0.0,0,0
SUP0010,2025-04,20,0.8,1.3,1.0,0.0,2,2
SUP0010,2025-05,24,0.75,1.5,0.9948,279471.5,1,0
SUP0010,2025-06,34,0.9118,0.18,1.0,0.0,2,1
SUP0010,2025-07,25,0.84,1.12,0.9963,142089.1,0,0
SUP0010,2025-08,32,0.875,0.84,1.0,147232.9,3,2
SUP0010,2025-09,27,0.8519,1.15,0.9874,0.0,0,0
SUP0010,2025-10,24,0.7917,2.38,0.9957,0.0,0,0
SUP0010,2025-11,24,1.0,0.0,1.0,0.0,0,0
SUP0010,2025-12,30,0.9286,0.36,1.0,0.0,0,0
SUP0011,2023-01,5,1.0,-0.4,1.0,0.0,0,0
SUP0011,2023-02,11,0.7273,3.0,0.9736,356765.1,2,0
SUP0011,2023-03,14,0.7143,1.14,0.9732,261096.4,1,0
SUP0011,2023-04,15,0.8,1.4,1.0,2446.6,0,0
SUP0011,2023-05,16,0.8125,1.5,0.9886,134103.7,0,0
SUP0011,2023-06,12,0.9167,0.58,1.0,0.0,0,0
SUP0011,2023-07,14,0.8571,0.5,1.0,0.0,0,0
SUP0011,2023-08,18,0.7222,1.06,1.0,0.0,2,0
SUP0011,2023-09,12,1.0,-0.67,1.0,0.0,0,0
SUP0011,2023-10,12,0.9167,0.83,1.0,161549.4,0,0
SUP0011,2023-11,13,0.6923,2.54,0.9914,0.0,0,0
SUP0011,2023-12,17,1.0,-0.12,1.0,231852.8,0,0
SUP0011,2024-01,13,0.3846,3.77,0.973,0.0,0,0
SUP0011,2024-02,10,0.8,1.1,0.9539,0.0,0,0
SUP0011,2024-03,12,0.75,1.0,0.9943,58753.5,2,1
SUP0011,2024-04,14,0.7143,2.36,0.9886,0.0,2,2
SUP0011,2024-05,16,0.6875,2.56,1.0,225603.2,1,0
SUP0011,2024-06,12,1.0,-0.08,1.0,0.0,0,0
SUP0011,2024-07,8,0.75,3.88,1.0,72332.8,0,0
SUP0011,2024-08,14,0.8571,0.79,1.0,0.0,0,0
SUP0011,2024-09,16,0.8125,0.75,1.0,0.0,0,0
SUP0011,2024-10,14,0.7143,2.0,0.9858,217163.5,2,0
SUP0011,2024-11,9,0.7778,2.78,1.0,0.0,0,0
SUP0011,2024-12,14,0.7857,1.71,1.0,0.0,0,0
SUP0011,2025-01,14,0.8571,0.0,0.9867,0.0,0,0
SUP0011,2025-02,7,0.7143,2.14,0.9819,580979.3,0,0
SUP0011,2025-03,11,1.0,0.0,1.0,0.0,0,0
SUP0011,2025-04,8,0.75,4.0,1.0,0.0,0,0
SUP0011,2025-05,10,0.4,5.2,1.0,266314.5,2,1
SUP0011,2025-06,14,0.7857,1.36,0.9819,0.0,2,0
SUP0011,2025-07,18,0.6111,2.61,1.0,127766.2,0,0
SUP0011,2025-08,13,0.8462,0.62,1.0,23386.0,0,0
SUP0011,2025-09,14,0.7857,0.64,0.945,0.0,0,0
SUP0011,2025-10,18,0.7222,0.44,1.0,0.0,0,0
SUP0011,2025-11,15,0.7333,1.93,0.9609,0.0,0,0
SUP0011,2025-12,19,0.6111,2.11,0.9893,249017.4,2,0
SUP0012,2023-01,6,1.0,0.0,1.0,0.0,0,0
SUP0012,2023-02,8,0.625,3.38,1.0,0.0,0,0
SUP0012,2023-03,15,0.7333,1.13,0.9852,23533.6,0,0
SUP0012,2023-04,7,0.4286,4.57,1.0,0.0,0,0
SUP0012,2023-05,9,0.8889,-0.22,1.0,0.0,0,0
SUP0012,2023-06,12,0.9167,0.25,1.0,0.0,0,0
SUP0012,2023-07,12,0.8333,1.92,1.0,0.0,0,0
SUP0012,2023-08,13,0.8462,-0.23,1.0,0.0,0,0
SUP0012,2023-09,9,0.7778,2.67,1.0,0.0,0,0
SUP0012,2023-10,6,0.8333,0.17,1.0,0.0,0,0
SUP0012,2023-11,7,1.0,0.0,1.0,0.0,0,0
SUP0012,2023-12,11,0.7273,1.82,1.0,102106.4,0,0
SUP0012,2024-01,10,0.7,3.0,1.0,117817.7,0,0
SUP0012,2024-02,10,0.8,2.0,1.0,0.0,0,0
SUP0012,2024-03,9,0.6667,2.22,1.0,0.0,0,0
SUP0012,2024-04,12,0.8333,1.25,1.0,0.0,0,0
SUP0012,2024-05,13,1.0,-0.69,1.0,0.0,0,0
SUP0012,2024-06,15,0.8,1.13,1.0,0.0,0,0
SUP0012,2024-07,13,0.6154,2.92,1.0,0.0,0,0
SUP0012,2024-08,12,0.8333,-0.75,1.0,0.0,0,0
SUP0012,2024-09,11,0.8182,0.82,0.8932,61024.9,0,0
SUP0012,2024-10,11,1.0,-0.73,1.0,0.0,0,0
SUP0012,2024-11,10,0.8,0.3,1.0,314.4,0,0
SUP0012,2024-12,13,0.6923,1.38,1.0,0.0,0,0
SUP0012,2025-01,6,1.0,-0.33,1.0,0.0,0,0
SUP0012,2025-02,9,0.7778,1.56,1.0,0.0,0,0
SUP0012,2025-03,11,0.7273,1.73,1.0,0.0,0,0
SUP0012,2025-04,10,0.5,4.2,0.9997,0.0,0,0
SUP0012,2025-05,10,0.9,0.2,1.0,0.0,0,0
SUP0012,2025-06,11,0.9091,1.0,1.0,0.0,0,0
SUP0012,2025-07,11,0.9091,0.09,1.0,0.0,0,0
SUP0012,2025-08,9,0.8889,0.67,1.0,0.0,0,0
SUP0012,2025-09,9,0.7778,0.78,1.0,0.0,0,0
SUP0012,2025-10,11,0.6364,0.55,0.9013,0.0,0,0
SUP0012,2025-11,12,0.9167,0.17,1.0,0.0,0,0
SUP0012,2025-12,15,0.9231,-0.15,0.9078,409.2,0,0
SUP0013,2023-01,4,1.0,0.0,1.0,0.0,2,1
SUP0013,2023-02,8,0.125,6.5,1.0,485299.4,4,2
SUP0013,2023-03,20,0.95,0.1,1.0,7389.9,0,0
SUP0013,2023-04,19,0.8947,0.42,1.0,0.0,0,0
SUP0013,2023-05,16,0.875,0.06,1.0,0.0,0,0
SUP0013,2023-06,17,0.7059,1.59,0.9586,0.0,0,0
SUP0013,2023-07,13,0.9231,0.31,1.0,0.0,0,0
SUP0013,2023-08,14,0.7857,0.64,0.9687,0.0,0,0
SUP0013,2023-09,12,0.8333,0.75,1.0,0.0,0,0
SUP0013,2023-10,14,0.6429,3.36,1.0,0.0,0,0
SUP0013,2023-11,13,0.8462,0.46,0.9904,0.0,0,0
SUP0013,2023-12,17,0.8824,-0.41,0.9629,0.0,0,0
SUP0013,2024-01,13,0.8462,0.77,0.9902,60962.4,2,1
SUP0013,2024-02,17,0.2941,6.88,0.996,158725.5,3,1
SUP0013,2024-03,12,0.75,2.92,0.9552,0.0,0,0
SUP0013,2024-04,12,0.8333,1.08,1.0,0.0,0,0
SUP0013,2024-05,16,0.875,0.81,1.0,0.0,0,0
SUP0013,2024-06,13,0.7692,1.85,1.0,0.0,0,0
SUP0013,2024-07,19,1.0,-0.11,1.0,0.0,0,0
SUP0013,2024-08,15,0.6667,2.6,1.0,0.0,0,0
SUP0013,2024-09,13,0.9231,0.54,1.0,0.0,0,0
SUP0013,2024-10,15,0.8667,1.13,1.0,0.0,0,0
SUP0013,2024-11,17,0.8824,0.47,0.7807,0.0,0,0
SUP0013,2024-12,15,0.9333,0.07,1.0,0.0,0,0
SUP0013,2025-01,12,0.9167,0.5,0.7944,0.0,4,2
SUP0013,2025-02,16,0.3125,4.94,1.0,271115.9,3,3
SUP0013,2025-03,11,0.9091,1.0,1.0,0.0,0,0
SUP0013,2025-04,17,0.8235,1.53,1.0,37493.7,0,0
SUP0013,2025-05,14,0.8571,0.86,1.0,25548.8,0,0
SUP0013,2025-06,14,0.7857,2.36,1.0,0.0,0,0
SUP0013,2025-07,15,1.0,-0.2,1.0,0.0,0,0
SUP0013,2025-08,11,0.9091,0.55,1.0,0.0,0,0
SUP0013,2025-09,13,0.9231,0.08,1.0,0.0,0,0
SUP0013,2025-10,16,0.9375,0.06,0.8867,67107.0,0,0
SUP0013,2025-11,15,0.8667,0.6,1.0,0.0,0,0
SUP0013,2025-12,14,0.8571,0.0,0.99,0.0,0,0
SUP0014,2023-01,2,0.0,8.0,1.0,0.0,0,0
SUP0014,2023-02,3,0.0,5.0,1.0,0.0,0,0
SUP0014,2023-03,1,0.0,10.0,1.0,0.0,0,0
SUP0014,2023-04,2,0.0,6.5,1.0,0.0,0,0
SUP0014,2023-05,1,0.0,13.0,1.0,0.0,0,0
SUP0014,2023-06,4,0.0,5.5,1.0,0.0,0,0
SUP0014,2023-07,1,0.0,2.0,1.0,0.0,0,0
SUP0014,2023-08,4,0.5,0.75,0.8653,0.0,0,0
SUP0014,2023-09,2,0.5,5.0,1.0,0.0,0,0
SUP0014,2023-11,1,0.0,14.0,1.0,0.0,0,0
SUP0014,2023-12,1,1.0,-1.0,1.0,0.0,0,0
SUP0014,2024-02,1,0.0,14.0,1.0,0.0,0,0
SUP0014,2024-03,3,0.0,6.0,1.0,0.0,0,0
SUP0014,2024-04,4,0.0,7.0,1.0,0.0,0,0
SUP0014,2024-05,5,0.4,3.2,1.0,0.0,0,0
SUP0014,2024-06,2,0.0,8.0,1.0,0.0,0,0
SUP0014,2024-07,1,0.0,13.0,1.0,0.0,0,0
SUP0014,2024-08,4,0.5,1.25,1.0,0.0,0,0
SUP0014,2024-10,2,0.0,3.0,0.7823,0.0,0,0
SUP0014,2024-11,1,0.0,1.0,1.0,0.0,0,0
SUP0014,2024-12,1,0.0,9.0,1.0,0.0,0,0
SUP0014,2025-01,2,0.5,1.5,1.0,0.0,0,0
SUP0014,2025-02,2,0.5,0.5,1.0,0.0,0,0
SUP0014,2025-03,1,0.0,9.0,1.0,0.0,0,0
SUP0014,2025-05,3,0.6667,1.0,1.0,0.0,0,0
SUP0014,2025-06,1,0.0,14.0,1.0,0.0,0,0
SUP0014,2025-07,1,0.0,11.0,1.0,0.0,0,0
SUP0014,2025-08,1,0.0,8.0,1.0,0.0,0,0
SUP0014,2025-09,1,1.0,-3.0,1.0,0.0,0,0
SUP0014,2025-10,1,0.0,13.0,1.0,0.0,0,0
SUP0014,2025-11,2,0.0,7.0,1.0,0.0,0,0
SUP0014,2025-12,1,,,,0.0,0,0
SUP0015,2023-02,3,0.6667,0.67,1.0,0.0,0,0
SUP0015,2023-03,1,0.0,1.0,1.0,0.0,0,0
SUP0015,2023-04,3,0.3333,5.33,1.0,0.0,0,0
SUP0015,2023-05,1,0.0,12.0,1.0,0.0,0,0
SUP0015,2023-06,3,0.3333,8.0,0.7726,0.0,0,0
SUP0015,2023-07,3,0.0,3.67,0.8614,0.0,0,0
SUP0015,2023-08,1,0.0,3.0,1.0,0.0,0,0
SUP0015,2023-09,2,0.0,8.5,1.0,0.0,0,0
SUP0015,2023-10,5,0.4,1.0,1.0,0.0,0,0
SUP0015,2023-11,1,0.0,7.0,1.0,0.0,0,0
SUP0015,2023-12,3,0.6667,4.67,1.0,0.0,0,0
SUP0015,2024-01,2,0.0,4.5,1.0,0.0,0,0
SUP0015,2024-02,1,0.0,4.0,1.0,0.0,0,0
SUP0015,2024-03,3,0.0,5.0,0.8034,0.0,0,0
SUP0015,2024-04,3,0.0,10.0,1.0,0.0,0,0
SUP0015,2024-05,1,0.0,7.0,1.0,0.0,0,0
SUP0015,2024-06,3,0.3333,4.33,1.0,0.0,0,0
SUP0015,2024-07,3,0.0,7.33,0.7097,0.0,0,0
SUP0015,2024-09,2,0.0,7.5,0.5654,0.0,0,0
SUP0015,2024-10,2,0.0,10.5,1.0,0.0,0,0
SUP0015,2024-11,2,0.0,7.0,1.0,0.0,0,0
SUP0015,2024-12,3,0.0,5.33,0.984,0.0,0,0
SUP0015,2025-01,1,0.0,-1.0,0.5764,0.0,0,0
SUP0015,2025-02,2,0.5,2.5,1.0,0.0,0,0
SUP0015,2025-03,2,0.5,0.5,1.0,0.0,0,0
SUP0015,2025-04,1,0.0,1.0,1.0,0.0,0,0
SUP0015,2025-05,3,0.3333,0.67,1.0,0.0,0,0
SUP0015,2025-06,2,0.0,9.5,1.0,0.0,0,0
SUP0015,2025-07,2,0.5,2.0,1.0,0.0,0,0
SUP0015,2025-08,2,0.0,11.5,0.5779,0.0,0,0
SUP0015,2025-09,2,0.5,2.5,1.0,0.0,0,0
SUP0015,2025-10,3,0.3333,1.67,1.0,0.0,0,0
SUP0015,2025-11,3,0.3333,6.33,1.0,0.0,0,0
SUP0016,2023-03,4,0.25,4.75,1.0,0.0,0,0
SUP0016,2023-04,1,0.0,12.0,1.0,0.0,0,0
SUP0016,2023-05,1,0.0,5.0,1.0,0.0,0,0
SUP0016,2023-06,4,0.25,3.25,0.9281,0.0,0,0
SUP0016,2023-09,1,0.0,8.0,1.0,0.0,0,0
SUP0016,2023-10,1,1.0,-3.0,1.0,0.0,0,0
SUP0016,2023-11,3,0.6667,2.33,1.0,0.0,0,0
SUP0016,2023-12,4,0.5,2.75,1.0,0.0,0,0
SUP0016,2024-01,3,0.0,6.0,0.9101,0.0,0,0
SUP0016,2024-02,3,0.3333,1.67,1.0,0.0,0,0
SUP0016,2024-03,1,0.0,11.0,0.3828,0.0,0,0
SUP0016,2024-05,2,0.0,8.5,1.0,0.0,0,0
SUP0016,2024-06,3,0.3333,3.67,1.0,0.0,0,0
SUP0016,2024-07,3,0.3333,6.67,1.0,0.0,0,0
SUP0016,2024-08,4,0.5,1.25,1.0,0.0,0,0
SUP0016,2024-09,2,0.0,8.0,0.7291,0.0,0,0
SUP0016,2024-10,4,0.5,1.75,0.8181,0.0,0,0
SUP0016,2024-11,1,1.0,-1.0,1.0,0.0,0,0
SUP0016,2024-12,2,0.5,1.0,1.0,0.0,0,0
SUP0016,2025-01,6,0.3333,4.0,0.9384,0.0,0,0
SUP0016,2025-02,3,0.0,13.33,1.0,0.0,0,0
SUP0016,2025-03,4,0.0,4.75,1.0,0.0,0,0
SUP0016,2025-04,1,0.0,13.0,1.0,0.0,0,0
SUP0016,2025-05,3,0.0,8.0,0.4906,0.0,0,0
SUP0016,2025-06,3,0.0,1.0,0.9415,0.0,0,0
SUP0016,2025-07,5,0.4,3.6,1.0,0.0,0,0
SUP0016,2025-08,2,0.0,4.5,1.0,0.0,0,0
SUP0016,2025-10,1,0.0,8.0,1.0,0.0,0,0
SUP0016,2025-11,1,1.0,-2.0,1.0,0.0,0,0
SUP0016,2025-12,1,1.0,-2.0,1.0,0.0,0,0
SUP0017,2023-03,9,0.4444,3.78,1.0,0.0,0,0
SUP0017,2023-04,2,0.5,1.5,1.0,0.0,0,0
SUP0017,2023-05,5,0.6,3.6,0.8598,97125.1,0,0
SUP0017,2023-06,1,1.0,0.0,1.0,0.0,0,0
SUP0017,2023-07,3,1.0,0.0,1.0,0.0,0,0
SUP0017,2023-08,10,0.3,6.9,0.9974,0.0,0,0
SUP0017,2023-09,6,0.6667,2.0,1.0,138906.9,0,0
SUP0017,2023-10,9,0.5556,5.44,1.0,0.0,0,0
SUP0017,2023-11,3,0.6667,4.0,1.0,0.0,0,0
SUP0017,2023-12,8,0.625,0.75,0.91,0.0,0,0
SUP0017,2024-01,4,0.25,5.75,1.0,0.0,0,0
SUP0017,2024-02,6,0.3333,4.33,1.0,0.0,0,0
SUP0017,2024-03,11,1.0,-0.09,1.0,0.0,0,0
SUP0017,2024-04,7,0.5714,3.86,1.0,0.0,0,0
SUP0017,2024-05,11,0.4545,2.82,0.9888,0.0,0,0
SUP0017,2024-06,2,0.5,6.0,1.0,0.0,0,0
SUP0017,2024-07,7,0.5714,2.0,1.0,0.0,0,0
SUP0017,2024-08,5,0.6,1.6,1.0,0.0,0,0
SUP0017,2024-09,5,0.6,3.6,0.9495,0.0,0,0
SUP0017,2024-10,5,0.8,1.4,1.0,0.0,0,0
SUP0017,2024-11,5,0.4,4.2,0.9101,0.0,0,0
SUP0017,2024-12,4,0.75,3.25,1.0,0.0,0,0
SUP0017,2025-01,6,0.5,1.67,0.7887,0.0,0,0
SUP0017,2025-02,4,0.75,-1.0,0.9244,0.0,0,0
SUP0017,2025-03,7,0.5714,1.0,1.0,0.0,0,0
SUP0017,2025-04,4,0.5,1.25,1.0,0.0,0,0
SUP0017,2025-05,8,0.375,2.75,1.0,0.0,0,0
SUP0017,2025-06,7,0.5714,3.57,1.0,0.0,0,0
SUP0017,2025-07,5,0.8,1.0,1.0,0.0,0,0
SUP0017,2025-08,4,0.5,9.0,1.0,0.0,0,0
SUP0017,2025-09,8,0.875,0.38,1.0,0.0,0,0
SUP0017,2025-10,8,0.375,3.25,0.9697,0.0,0,0
SUP0017,2025-11,10,0.7,3.1,1.0,0.0,0,0
SUP0017,2025-12,18,0.4167,3.5,0.991,0.0,0,0
SUP0018,2023-03,3,0.0,7.67,0.7419,0.0,0,0
SUP0018,2023-04,3,0.0,10.0,0.9012,0.0,0,0
SUP0018,2023-05,3,0.0,5.33,1.0,0.0,0,0
SUP0018,2023-06,4,0.25,5.5,1.0,0.0,0,0
SUP0018,2023-07,1,0.0,9.0,1.0,0.0,0,0
SUP0018,2023-08,4,0.0,7.5,1.0,0.0,0,0
SUP0018,2023-09,2,0.0,7.5,1.0,0.0,0,0
SUP0018,2023-10,2,0.5,2.0,0.6905,0.0,0,0
SUP0018,2023-11,4,0.25,3.25,0.9171,0.0,0,0
SUP0018,2023-12,1,0.0,5.0,1.0,0.0,0,0
SUP0018,2024-01,1,0.0,7.0,1.0,0.0,0,0
SUP0018,2024-02,4,0.5,3.75,0.9627,0.0,0,0
SUP0018,2024-03,3,0.0,5.33,1.0,0.0,0,0
SUP0018,2024-04,2,0.0,9.0,1.0,0.0,0,0
SUP0018,2024-05,2,0.0,11.5,1.0,0.0,0,0
SUP0018,2024-06,3,0.3333,7.0,1.0,0.0,0,0
SUP0018,2024-07,1,0.0,6.0,1.0,0.0,0,0
SUP0018,2024-08,2,0.5,0.0,1.0,0.0,0,0
SUP0018,2024-09,2,0.5,3.0,1.0,0.0,0,0
SUP0018,2024-10,3,0.0,9.0,1.0,0.0,0,0
SUP0018,2024-11,2,0.5,2.0,1.0,0.0,0,0
SUP0018,2024-12,3,0.6667,1.33,1.0,0.0,0,0
SUP0018,2025-01,2,0.0,5.0,1.0,0.0,0,0
SUP0018,2025-03,2,0.5,6.0,1.0,0.0,0,0
SUP0018,2025-05,4,0.25,3.5,1.0,0.0,0,0
SUP0018,2025-06,1,0.0,10.0,1.0,0.0,0,0
SUP0018,2025-07,2,0.0,5.5,1.0,0.0,0,0
SUP0018,2025-08,2,0.5,4.5,1.0,0.0,0,0
SUP0018,2025-09,2,0.5,0.0,0.7521,0.0,0,0
SUP0018,2025-10,2,0.5,0.5,1.0,0.0,0,0
SUP0018,2025-11,1,0.0,11.0,1.0,0.0,0,0
SUP0018,2025-12,3,0.3333,1.67,1.0,0.0,0,0
SUP0019,2023-01,4,0.5,3.5,1.0,0.0,0,0
SUP0019,2023-02,3,0.6667,4.33,1.0,0.0,0,0
SUP0019,2023-03,6,0.3333,2.67,1.0,0.0,0,0
SUP0019,2023-04,12,0.75,2.92,0.9276,0.0,0,0
SUP0019,2023-05,2,1.0,0.0,1.0,0.0,0,0
SUP0019,2023-06,4,0.75,1.0,1.0,0.0,0,0
SUP0019,2023-07,6,0.3333,4.67,1.0,0.0,0,0
SUP0019,2023-08,7,0.5714,2.14,1.0,0.0,0,0
SUP0019,2023-09,6,0.6667,0.67,1.0,0.0,0,0
SUP0019,2023-10,7,0.8571,0.43,1.0,0.0,0,0
SUP0019,2023-11,5,0.6,3.2,1.0,0.0,0,0
SUP0019,2023-12,7,0.5714,2.71,1.0,0.0,0,0
SUP0019,2024-01,8,0.75,1.38,1.0,0.0,0,0
SUP0019,2024-02,6,0.5,4.33,1.0,0.0,0,0
SUP0019,2024-03,3,0.3333,3.67,1.0,0.0,0,0
SUP0019,2024-04,4,1.0,-0.25,1.0,0.0,0,0
SUP0019,2024-05,7,0.5714,3.71,1.0,0.0,0,0
SUP0019,2024-06,5,0.8,2.2,1.0,0.0,0,0
SUP0019,2024-07,4,0.75,2.25,0.9864,0.0,0,0
SUP0019,2024-08,3,0.3333,7.0,1.0,0.0,0,0
SUP0019,2024-09,3,0.3333,2.33,1.0,0.0,0,0
SUP0019,2024-10,6,0.6667,2.0,0.8876,0.0,0,0
SUP0019,2024-11,6,0.6667,2.33,1.0,0.0,0,0
SUP0019,2024-12,6,0.6667,2.67,0.8992,0.0,0,0
SUP0019,2025-01,7,0.4286,2.57,1.0,0.0,0,0
SUP0019,2025-02,7,0.5714,1.86,0.9625,0.0,0,0
SUP0019,2025-03,3,0.6667,4.67,1.0,0.0,0,0
SUP0019,2025-04,4,0.5,4.0,1.0,0.0,0,0
SUP0019,2025-05,7,0.5714,3.43,1.0,107881.6,0,0
SUP0019,2025-06,5,0.6,0.4,1.0,0.0,0,0
SUP0019,2025-07,6,0.6667,1.83,1.0,0.0,0,0
SUP0019,2025-08,3,0.3333,6.0,1.0,0.0,0,0
SUP0019,2025-09,6,0.8333,0.17,1.0,0.0,0,0
SUP0019,2025-10,5,0.6,2.6,0.8372,0.0,0,0
SUP0019,2025-11,5,1.0,-0.6,1.0,0.0,0,0
SUP0019,2025-12,3,1.0,0.0,1.0,0.0,0,0
SUP0020,2023-02,2,0.0,13.5,1.0,0.0,0,0
SUP0020,2023-03,1,0.0,7.0,1.0,0.0,0,0
SUP0020,2023-04,1,0.0,10.0,1.0,0.0,0,0
SUP0020,2023-05,3,0.0,5.67,0.8267,0.0,0,0
SUP0020,2023-06,1,0.0,14.0,0.3434,0.0,0,0
SUP0020,2023-08,3,0.0,5.0,1.0,0.0,0,0
SUP0020,2023-09,2,0.0,8.5,1.0,0.0,0,0
SUP0020,2023-10,1,0.0,13.0,1.0,0.0,0,0
SUP0020,2023-11,1,0.0,14.0,1.0,0.0,0,0
SUP0020,2023-12,3,0.3333,6.67,1.0,0.0,0,0
SUP0020,2024-02,1,0.0,1.0,1.0,0.0,0,0
SUP0020,2024-03,3,0.0,3.33,1.0,0.0,0,0
SUP0020,2024-04,1,1.0,-2.0,1.0,0.0,0,0
SUP0020,2024-05,1,0.0,13.0,1.0,0.0,0,0
SUP0020,2024-06,1,0.0,10.0,1.0,0.0,0,0
SUP0020,2024-07,1,0.0,13.0,1.0,0.0,0,0
SUP0020,2024-08,2,0.0,8.5,1.0,0.0,0,0
SUP0020,2024-09,4,0.25,2.25,1.0,0.0,0,0
SUP0020,2024-11,2,0.0,7.5,0.9031,0.0,0,0
SUP0020,2024-12,1,1.0,0.0,1.0,0.0,0,0
SUP0020,2025-04,1,0.0,3.0,1.0,0.0,0,0
SUP0020,2025-05,3,0.6667,-0.33,1.0,0.0,0,0
SUP0020,2025-07,2,0.0,6.0,1.0,0.0,0,0
SUP0020,2025-08,4,0.0,8.25,1.0,0.0,0,0
SUP0020,2025-09,2,0.5,-1.0,1.0,0.0,0,0
SUP0020,2025-10,1,0.0,4.0,1.0,0.0,0,0
SUP0021,2023-01,1,0.0,8.0,1.0,0.0,0,0
SUP0021,2023-02,3,0.0,9.0,1.0,0.0,0,0
SUP0021,2023-05,1,1.0,-3.0,1.0,0.0,0,0
SUP0021,2023-06,2,1.0,-0.5,1.0,0.0,0,0
SUP0021,2023-07,2,0.0,6.0,0.7264,0.0,0,0
SUP0021,2023-08,2,0.0,4.0,1.0,0.0,0,0
SUP0021,2023-09,1,1.0,-2.0,1.0,0.0,0,0
SUP0021,2023-10,3,0.0,7.33,1.0,0.0,0,0
SUP0021,2023-11,1,0.0,7.0,1.0,0.0,0,0
SUP0021,2023-12,1,1.0,-1.0,1.0,0.0,0,0
SUP0021,2024-02,3,0.0,8.67,1.0,0.0,0,0
SUP0021,2024-03,1,0.0,7.0,1.0,0.0,0,0
SUP0021,2024-04,2,0.0,-2.0,0.6303,0.0,0,0
SUP0021,2024-05,3,0.6667,-1.0,0.698,0.0,0,0
SUP0021,2024-06,2,0.0,7.5,1.0,0.0,0,0
SUP0021,2024-07,1,0.0,10.0,1.0,0.0,0,0
SUP0021,2024-08,1,0.0,5.0,1.0,0.0,0,0
SUP0021,2024-09,1,1.0,-2.0,1.0,0.0,0,0
SUP0021,2024-10,4,0.0,8.25,1.0,0.0,0,0
SUP0021,2024-11,2,0.0,10.0,1.0,0.0,0,0
SUP0021,2024-12,1,0.0,11.0,1.0,0.0,0,0
SUP0021,2025-02,2,0.0,10.0,0.7994,0.0,0,0
SUP0021,2025-03,3,0.0,8.0,1.0,0.0,0,0
SUP0021,2025-05,4,0.25,7.75,0.8323,0.0,0,0
SUP0021,2025-07,2,0.0,4.5,1.0,0.0,0,0
SUP0021,2025-12,1,,,,0.0,0,0
SUP0022,2023-02,4,0.25,3.25,1.0,0.0,0,0
SUP0022,2023-03,1,0.0,-1.0,0.5122,0.0,0,0
SUP0022,2023-04,3,0.3333,6.67,1.0,0.0,0,0
SUP0022,2023-06,1,0.0,6.0,1.0,0.0,0,0
SUP0022,2023-07,3,0.0,12.33,0.6356,0.0,0,0
SUP0022,2023-08,4,0.0,7.25,0.8446,0.0,0,0
SUP0022,2023-10,2,0.0,3.5,0.7755,0.0,0,0
SUP0022,2023-11,2,0.5,4.0,1.0,0.0,0,0
SUP0022,2023-12,1,0.0,11.0,1.0,0.0,0,0
SUP0022,2024-01,1,0.0,10.0,1.0,0.0,0,0
SUP0022,2024-03,5,0.2,4.4,1.0,0.0,0,0
SUP0022,2024-04,1,0.0,3.0,1.0,0.0,0,0
SUP0022,2024-05,2,0.5,2.0,1.0,0.0,0,0
SUP0022,2024-06,1,0.0,2.0,0.6983,0.0,0,0
SUP0022,2024-07,1,0.0,14.0,1.0,0.0,0,0
SUP0022,2024-08,3,0.3333,1.33,1.0,0.0,0,0
SUP0022,2024-09,4,0.0,7.0,1.0,0.0,0,0
SUP0022,2024-10,1,1.0,-3.0,1.0,0.0,0,0
SUP0022,2024-11,2,0.0,9.0,0.8037,0.0,0,0
SUP0022,2024-12,3,0.0,5.0,1.0,0.0,0,0
SUP0022,2025-01,3,0.6667,0.0,1.0,0.0,0,0
SUP0022,2025-02,1,1.0,-1.0,1.0,0.0,0,0
SUP0022,2025-03,4,0.0,10.75,1.0,0.0,0,0
SUP0022,2025-04,2,0.0,12.0,1.0,0.0,0,0
SUP0022,2025-05,2,0.0,9.0,1.0,0.0,0,0
SUP0022,2025-06,3,0.3333,2.33,1.0,0.0,0,0
SUP0022,2025-07,3,0.0,4.33,0.8891,0.0,0,0
SUP0022,2025-08,3,0.3333,2.67,1.0,0.0,0,0
SUP0022,2025-09,1,0.0,9.0,1.0,0.0,0,0
SUP0022,2025-10,3,0.0,9.33,0.7684,0.0,0,0
SUP0022,2025-11,3,0.0,5.0,1.0,0.0,0,0
SUP0022,2025-12,6,0.0,8.0,1.0,0.0,0,0
SUP0023,2023-02,1,0.0,3.0,1.0,0.0,0,0
SUP0023,2023-03,3,0.3333,2.33,1.0,0.0,0,0
SUP0023,2023-05,3,0.0,6.0,1.0,0.0,0,0
SUP0023,2023-06,1,1.0,-2.0,1.0,0.0,0,0
SUP0023,2023-07,1,0.0,9.0,1.0,0.0,0,0
SUP0023,2023-09,1,0.0,4.0,1.0,0.0,0,0
SUP0023,2023-10,1,0.0,13.0,1.0,0.0,0,0
SUP0023,2023-12,3,0.0,6.0,1.0,0.0,0,0
SUP0023,2024-01,2,0.0,6.5,1.0,0.0,0,0
SUP0023,2024-02,6,0.3333,5.0,0.8975,0.0,0,0
SUP0023,2024-03,2,0.0,10.0,1.0,0.0,0,0
SUP0023,2024-04,4,0.0,9.75,1.0,0.0,0,0
SUP0023,2024-05,1,1.0,-1.0,1.0,0.0,0,0
SUP0023,2024-06,2,0.0,7.5,1.0,0.0,0,0
SUP0023,2024-07,3,0.0,7.33,1.0,0.0,0,0
SUP0023,2024-08,1,0.0,13.0,1.0,0.0,0,0
SUP0023,2024-10,2,0.0,14.0,1.0,0.0,0,0
SUP0023,2024-11,3,0.3333,5.33,1.0,0.0,0,0
SUP0023,2024-12,3,0.3333,8.67,0.8351,0.0,0,0
SUP0023,2025-01,2,0.5,7.0,1.0,0.0,0,0
SUP0023,2025-02,1,1.0,-1.0,1.0,0.0,0,0
SUP0023,2025-03,3,0.0,9.67,1.0,0.0,0,0
SUP0023,2025-04,1,0.0,8.0,1.0,0.0,0,0
SUP0023,2025-05,2,0.0,9.5,1.0,0.0,0,0
SUP0023,2025-06,1,1.0,-2.0,1.0,0.0,0,0
SUP0023,2025-07,2,0.0,5.5,1.0,0.0,0,0
SUP0023,2025-08,2,0.5,1.0,1.0,0.0,0,0
SUP0023,2025-11,1,1.0,-3.0,1.0,0.0,0,0
SUP0023,2025-12,2,,,,0.0,0,0
SUP0024,2023-01,2,0.0,13.0,1.0,0.0,0,0
SUP0024,2023-03,4,0.5,0.5,0.824,0.0,0,0
SUP0024,2023-04,2,0.0,10.5,1.0,0.0,0,0
SUP0024,2023-05,1,1.0,0.0,1.0,0.0,0,0
SUP0024,2023-06,2,1.0,-2.0,1.0,0.0,0,0
SUP0024,2023-08,2,0.0,8.5,1.0,0.0,0,0
SUP0024,2023-10,1,0.0,2.0,1.0,0.0,0,0
SUP0024,2023-11,1,0.0,6.0,1.0,0.0,0,0
SUP0024,2023-12,1,0.0,7.0,1.0,0.0,0,0
SUP0024,2024-01,4,0.0,6.25,1.0,0.0,0,0
SUP0024,2024-02,4,0.0,8.0,1.0,0.0,0,0
SUP0024,2024-03,2,0.0,7.5,1.0,0.0,0,0
SUP0024,2024-05,2,0.0,6.0,1.0,0.0,0,0
SUP0024,2024-06,3,0.0,10.0,1.0,0.0,0,0
SUP0024,2024-07,3,0.0,6.0,1.0,0.0,0,0
SUP0024,2024-09,3,0.0,4.67,1.0,0.0,0,0
SUP0024,2024-10,2,0.5,1.0,1.0,0.0,0,0
SUP0024,2024-11,2,0.5,3.0,1.0,0.0,0,0
SUP0024,2024-12,1,0.0,7.0,1.0,0.0,0,0
SUP0024,2025-01,1,1.0,-2.0,1.0,0.0,0,0
SUP0024,2025-02,4,0.0,9.5,1.0,0.0,0,0
SUP0024,2025-03,1,0.0,8.0,1.0,0.0,0,0
SUP0024,2025-04,2,1.0,-3.0,1.0,0.0,0,0
SUP0024,2025-06,2,0.0,1.5,0.805,0.0,0,0
SUP0024,2025-07,1,0.0,10.0,1.0,0.0,0,0
SUP0024,2025-08,2,0.5,1.5,1.0,0.0,0,0
SUP0024,2025-09,2,0.5,6.0,1.0,0.0,0,0
SUP0024,2025-10,1,1.0,0.0,1.0,0.0,0,0
SUP0024,2025-12,2,,,,0.0,0,0
SUP0025,2023-01,10,0.8,1.0,1.0,0.0,0,0
SUP0025,2023-02,9,0.4444,5.11,0.9898,0.0,0,0
SUP0025,2023-03,11,0.7273,2.09,0.9395,412.1,0,0
SUP0025,2023-04,15,0.8,0.27,1.0,0.0,0,0
SUP0025,2023-05,14,0.8571,0.43,1.0,0.0,0,0
SUP0025,2023-06,11,0.7273,-0.36,0.8291,0.0,0,0
SUP0025,2023-07,16,0.9375,0.56,1.0,0.0,0,0
SUP0025,2023-08,12,0.8333,1.42,1.0,0.0,0,0
SUP0025,2023-09,12,0.75,0.83,0.9997,0.0,0,0
SUP0025,2023-10,14,0.7857,1.79,1.0,0.0,0,0
SUP0025,2023-11,16,0.8125,1.62,1.0,265531.8,0,0
SUP0025,2023-12,12,1.0,-0.08,1.0,0.0,0,0
SUP0025,2024-01,22,0.6364,2.45,1.0,0.0,0,0
SUP0025,2024-02,12,0.5833,3.0,1.0,0.0,0,0
SUP0025,2024-03,12,1.0,-0.17,1.0,0.0,0,0
SUP0025,2024-04,8,0.875,1.25,1.0,0.0,0,0
SUP0025,2024-05,9,0.7778,1.11,1.0,0.0,0,0
SUP0025,2024-06,16,0.75,0.62,1.0,0.0,0,0
SUP0025,2024-07,18,0.6667,2.11,1.0,36637.6,0,0
SUP0025,2024-08,12,0.6667,0.92,0.9687,0.0,0,0
SUP0025,2024-09,7,0.5714,3.29,1.0,0.0,0,0
SUP0025,2024-10,18,0.4444,2.78,0.9905,0.0,0,0
SUP0025,2024-11,16,0.5625,0.19,0.928,0.0,0,0
SUP0025,2024-12,15,0.6667,0.87,0.9799,46177.2,0,0
SUP0025,2025-01,10,0.4,3.5,0.9446,202.7,0,0
SUP0025,2025-02,11,0.7273,1.0,0.7519,0.0,0,0
SUP0025,2025-03,14,0.7857,0.86,1.0,0.0,0,0
SUP0025,2025-04,18,0.7778,0.94,1.0,0.0,0,0
SUP0025,2025-05,11,0.7273,3.27,1.0,0.0,0,0
SUP0025,2025-06,9,0.5556,0.56,0.9871,0.0,0,0
SUP0025,2025-07,16,0.6875,0.75,0.9882,0.0,0,0
SUP0025,2025-08,16,0.8125,0.56,0.9992,0.0,0,0
SUP0025,2025-09,17,0.5882,2.94,1.0,0.0,0,0
SUP0025,2025-10,15,0.6,1.87,0.8924,0.0,0,0
SUP0025,2025-11,8,0.625,2.88,1.0,0.0,0,0
SUP0025,2025-12,4,0.3333,1.67,0.9815,0.0,0,0
SUP0026,2023-01,10,1.0,-0.2,1.0,0.0,0,0
SUP0026,2023-02,11,0.8182,0.36,0.9688,0.0,0,0
SUP0026,2023-03,12,0.6667,1.75,0.8235,0.0,0,0
SUP0026,2023-04,15,0.8,1.27,1.0,0.0,0,0
SUP0026,2023-05,15,0.7333,0.4,0.9999,0.0,0,0
SUP0026,2023-06,17,0.3529,5.88,1.0,0.0,0,0
SUP0026,2023-07,14,0.7143,1.21,0.9997,0.0,0,0
SUP0026,2023-08,7,0.8571,0.29,1.0,0.0,0,0
SUP0026,2023-09,6,0.6667,3.17,1.0,0.0,1,1
SUP0026,2023-10,10,0.6,3.0,1.0,785793.6,0,0
SUP0026,2023-11,15,0.8667,0.6,1.0,0.0,0,0
SUP0026,2023-12,12,0.9167,-0.17,0.9995,539103.9,0,0
SUP0026,2024-01,13,0.6154,1.92,0.9871,0.0,0,0
SUP0026,2024-02,19,0.7895,1.16,0.8335,0.0,0,0
SUP0026,2024-03,16,0.9375,-1.12,0.9972,0.0,0,0
SUP0026,2024-04,15,0.7333,0.67,1.0,3991.8,0,0
SUP0026,2024-05,11,0.9091,-0.64,0.9992,0.0,0,0
SUP0026,2024-06,14,0.7143,1.07,0.9748,0.0,0,0
SUP0026,2024-07,11,0.7273,0.27,1.0,0.0,0,0
SUP0026,2024-08,20,0.75,1.45,0.9992,0.0,0,0
SUP0026,2024-09,23,0.7826,1.3,0.9939,0.0,0,0
SUP0026,2024-10,17,0.6471,1.59,0.8757,0.0,0,0
SUP0026,2024-11,16,1.0,0.0,1.0,0.0,0,0
SUP0026,2024-12,19,0.7895,0.42,1.0,0.0,0,0
SUP0026,2025-01,16,0.75,1.62,1.0,0.0,0,0
SUP0026,2025-02,20,0.4,4.15,0.9868,0.0,0,0
SUP0026,2025-03,19,0.8421,0.42,0.8924,0.0,0,0
SUP0026,2025-04,20,0.8,-0.25,0.9462,0.0,0,0
SUP0026,2025-05,22,0.7273,1.5,0.9354,0.0,0,0
SUP0026,2025-06,21,0.9524,0.05,1.0,0.0,0,0
SUP0026,2025-07,20,0.85,0.8,1.0,29630.4,0,0
SUP0026,2025-08,23,0.7826,1.91,1.0,0.0,0,0
SUP0026,2025-09,29,0.8966,0.17,0.9941,0.0,0,0
SUP0026,2025-10,13,0.8462,0.38,1.0,1103.6,0,0
SUP0026,2025-11,26,0.8077,0.69,0.9929,0.0,0,0
SUP0026,2025-12,14,0.6923,0.0,0.9019,0.0,0,0
SUP0027,2023-01,2,1.0,0.0,1.0,0.0,0,0
SUP0027,2023-02,2,1.0,-1.5,1.0,0.0,0,0
SUP0027,2023-03,7,1.0,-0.29,1.0,0.0,0,0
SUP0027,2023-04,4,1.0,0.0,1.0,0.0,0,0
SUP0027,2023-05,9,0.8889,0.33,1.0,0.0,0,0
SUP0027,2023-06,7,0.5714,1.57,0.9989,0.0,0,0
SUP0027,2023-07,7,0.8571,-0.43,1.0,0.0,0,0
SUP0027,2023-08,7,0.5714,1.29,1.0,0.0,0,0
SUP0027,2023-09,5,0.4,5.0,1.0,0.0,0,0
SUP0027,2023-10,11,0.8182,0.45,1.0,0.0,0,0
SUP0027,2023-11,8,0.875,0.75,1.0,0.0,0,0
SUP0027,2023-12,8,0.75,2.88,1.0,0.0,0,0
SUP0027,2024-01,10,0.8,0.7,1.0,0.0,0,0
SUP0027,2024-02,4,0.5,2.75,1.0,0.0,0,0
SUP0027,2024-03,6,0.5,2.67,1.0,0.0,0,0
SUP0027,2024-04,6,0.6667,3.5,1.0,0.0,0,0
SUP0027,2024-05,9,0.7778,-0.44,0.4223,0.0,0,0
SUP0027,2024-06,5,1.0,-1.0,1.0,0.0,0,0
SUP0027,2024-07,7,0.5714,4.14,1.0,0.0,0,0
SUP0027,2024-08,8,0.75,1.62,0.9985,0.0,0,0
SUP0027,2024-09,7,0.5714,3.29,1.0,0.0,0,0
SUP0027,2024-10,7,0.7143,1.43,1.0,0.0,0,0
SUP0027,2024-11,7,0.8571,1.43,1.0,0.0,0,0
SUP0027,2024-12,8,0.75,0.5,0.9561,0.0,0,0
SUP0027,2025-01,9,0.8889,-0.33,1.0,0.0,0,0
SUP0027,2025-02,7,0.8571,0.14,1.0,0.0,0,0
SUP0027,2025-03,7,0.7143,1.86,1.0,0.0,0,0
SUP0027,2025-04,8,1.0,-0.12,1.0,0.0,0,0
SUP0027,2025-05,5,0.4,5.0,1.0,0.0,0,0
SUP0027,2025-06,5,0.6,0.6,0.546,0.0,0,0
SUP0027,2025-07,3,0.6667,4.67,1.0,0.0,0,0
SUP0027,2025-08,6,0.8333,0.33,1.0,0.0,0,0
SUP0027,2025-09,7,0.8571,0.86,1.0,0.0,0,0
SUP0027,2025-10,6,0.6667,1.33,0.6396,0.0,0,0
SUP0027,2025-11,9,0.5556,4.89,0.8784,0.0,0,0
SUP0027,2025-12,10,0.7143,2.14,1.0,164226.3,0,0
SUP0028,2023-01,5,0.6,3.6,1.0,0.0,0,0
SUP0028,2023-02,10,0.4,7.0,0.9779,0.0,0,0
SUP0028,2023-03,20,0.8,0.9,1.0,51985.8,0,0
SUP0028,2023-04,19,0.5789,1.37,0.9335,0.0,0,0
SUP0028,2023-05,18,0.8333,0.78,0.9942,0.0,0,0
SUP0028,2023-06,13,0.8462,1.15,1.0,205923.7,0,0
SUP0028,2023-07,15,0.5333,1.13,0.9296,11103.6,0,0
SUP0028,2023-08,17,0.7647,1.29,0.9965,0.0,0,0
SUP0028,2023-09,14,0.6429,3.71,1.0,0.0,0,0
SUP0028,2023-10,13,0.8462,1.15,1.0,0.0,0,0
SUP0028,2023-11,13,0.5385,3.85,0.9553,0.0,0,0
SUP0028,2023-12,10,0.6,2.5,1.0,0.0,0,0
SUP0028,2024-01,10,0.1,7.8,0.9708,0.0,0,0
SUP0028,2024-02,20,0.55,1.55,0.9717,0.0,0,0
SUP0028,2024-03,15,0.6667,1.8,0.9994,0.0,0,0
SUP0028,2024-04,20,0.75,1.5,0.9964,0.0,0,0
SUP0028,2024-05,24,0.6667,2.0,1.0,0.0,0,0
SUP0028,2024-06,15,0.4667,3.67,0.9635,12097.2,0,0
SUP0028,2024-07,11,0.3636,5.55,0.8696,551149.2,1,1
SUP0028,2024-08,14,0.5,4.43,1.0,0.0,0,0
SUP0028,2024-09,12,0.6667,0.33,0.9921,0.0,0,0
SUP0028,2024-10,21,0.5238,5.24,0.9679,0.0,0,0
SUP0028,2024-11,20,0.55,1.5,0.9588,0.0,0,0
SUP0028,2024-12,17,0.7647,2.35,0.994,0.0,0,0
SUP0028,2025-01,19,0.5789,1.79,0.9793,0.0,2,1
SUP0028,2025-02,15,0.8,0.53,1.0,125117.4,1,1
SUP0028,2025-03,13,0.6923,1.08,0.9809,185269.0,2,1
SUP0028,2025-04,12,0.6667,2.25,0.9629,0.0,0,0
SUP0028,2025-05,13,0.2308,7.92,0.8927,0.0,0,0
SUP0028,2025-06,17,0.4706,5.06,0.9917,60405.4,2,0
SUP0028,2025-07,9,0.6667,3.33,1.0,0.0,0,0
SUP0028,2025-08,21,0.7143,2.14,0.973,6638.2,0,0
SUP0028,2025-09,18,0.4444,3.67,0.9681,3859.8,0,0
SUP0028,2025-10,18,0.6111,2.11,0.9836,0.0,0,0
SUP0028,2025-11,20,0.65,3.6,0.9882,0.0,0,0
SUP0028,2025-12,16,0.8462,0.62,1.0,0.0,0,0
SUP0029,2023-02,6,0.1667,6.0,1.0,0.0,0,0
SUP0029,2023-03,1,0.0,9.0,1.0,0.0,0,0
SUP0029,2023-04,4,0.25,6.5,1.0,0.0,0,0
SUP0029,2023-05,2,0.5,0.0,1.0,0.0,0,0
SUP0029,2023-06,5,0.0,6.8,1.0,0.0,0,0
SUP0029,2023-07,3,0.3333,5.0,1.0,0.0,0,0
SUP0029,2023-08,1,1.0,0.0,1.0,0.0,0,0
SUP0029,2023-09,4,0.25,9.25,1.0,0.0,0,0
SUP0029,2023-10,1,0.0,7.0,1.0,0.0,0,0
SUP0029,2023-11,1,0.0,1.0,1.0,0.0,0,0
SUP0029,2023-12,3,0.3333,7.33,1.0,0.0,0,0
SUP0029,2024-01,2,0.0,13.0,1.0,0.0,0,0
SUP0029,2024-02,1,0.0,5.0,1.0,0.0,0,0
SUP0029,2024-03,1,0.0,14.0,1.0,0.0,0,0
SUP0029,2024-04,1,1.0,-1.0,1.0,0.0,0,0
SUP0029,2024-07,5,0.2,5.0,1.0,0.0,0,0
SUP0029,2024-10,2,0.5,4.5,1.0,0.0,0,0
SUP0029,2024-11,1,0.0,13.0,0.7123,0.0,0,0
SUP0029,2024-12,1,0.0,12.0,1.0,0.0,0,0
SUP0029,2025-01,1,1.0,-1.0,1.0,0.0,0,0
SUP0029,2025-02,2,0.0,7.5,1.0,0.0,0,0
SUP0029,2025-03,3,0.0,10.33,1.0,0.0,0,0
SUP0029,2025-04,2,0.0,7.0,1.0,0.0,0,0
SUP0029,2025-05,2,0.0,4.0,1.0,0.0,0,0
SUP0029,2025-06,2,0.5,0.0,1.0,0.0,0,0
SUP0029,2025-07,3,0.0,7.67,1.0,0.0,0,0
SUP0029,2025-08,5,0.2,4.2,1.0,0.0,0,0
SUP0029,2025-09,3,0.3333,4.0,0.8498,0.0,0,0
SUP0029,2025-11,3,0.0,6.67,0.5922,0.0,0,0
SUP0029,2025-12,3,1.0,0.0,1.0,0.0,0,0
SUP0030,2023-01,3,0.3333,4.33,1.0,0.0,0,0
SUP0030,2023-02,8,0.75,1.75,1.0,0.0,0,0
SUP0030,2023-03,4,0.5,0.75,1.0,0.0,0,0
SUP0030,2023-04,11,0.8182,0.55,0.5784,0.0,0,0
SUP0030,2023-05,7,0.5714,1.86,1.0,0.0,0,0
SUP0030,2023-06,4,0.5,3.25,1.0,0.0,0,0
SUP0030,2023-07,5,1.0,-0.2,1.0,0.0,0,0
SUP0030,2023-08,11,0.4545,4.55,0.9996,0.0,0,0
SUP0030,2023-09,9,0.4444,2.22,1.0,0.0,0,0
SUP0030,2023-10,10,0.5,1.2,0.9528,12244.8,0,0
SUP0030,2023-11,8,0.5,1.62,1.0,0.0,0,0
SUP0030,2023-12,13,0.3077,2.92,0.9911,0.0,0,0
SUP0030,2024-01,11,0.1818,2.55,0.7626,0.0,0,0
SUP0030,2024-02,8,0.875,-0.38,0.9986,0.0,0,0
SUP0030,2024-03,12,0.5,3.0,0.8126,0.0,0,0
SUP0030,2024-04,11,0.7273,0.55,1.0,0.0,0,0
SUP0030,2024-05,9,0.6667,1.89,0.8846,0.0,0,0
SUP0030,2024-06,8,1.0,-0.75,1.0,40504.1,0,0
SUP0030,2024-07,11,0.5455,1.82,0.9963,0.0,0,0
SUP0030,2024-08,13,0.5385,2.62,0.7609,5414.0,0,0
SUP0030,2024-09,10,0.8,0.7,0.659,0.0,0,0
SUP0030,2024-10,9,0.5556,2.89,1.0,0.0,0,0
SUP0030,2024-11,14,0.5,2.0,0.9977,0.0,0,0
SUP0030,2024-12,6,0.6667,0.17,0.999,24579.5,0,0
SUP0030,2025-01,8,0.875,1.25,1.0,0.0,0,0
SUP0030,2025-02,6,0.6667,0.33,1.0,0.0,0,0
SUP0030,2025-03,10,0.5,2.4,0.9746,0.0,0,0
SUP0030,2025-04,6,1.0,0.0,1.0,0.0,0,0
SUP0030,2025-05,12,0.6667,0.83,0.7802,0.0,0,0
SUP0030,2025-06,10,0.6,1.7,0.9646,0.0,0,0
SUP0030,2025-07,8,0.625,2.75,1.0,0.0,0,0
SUP0030,2025-08,12,0.5,3.0,0.8719,0.0,0,0
SUP0030,2025-09,7,0.7143,0.0,0.9627,0.0,0,0
SUP0030,2025-10,7,0.8571,0.0,0.9854,0.0,0,0
SUP0030,2025-11,6,1.0,0.0,1.0,0.0,0,0
SUP0030,2025-12,5,0.0,3.5,1.0,0.0,0,0
SUP0031,2023-02,3,0.0,8.67,1.0,0.0,0,0
SUP0031,2023-03,1,0.0,12.0,1.0,0.0,0,0
SUP0031,2023-04,2,0.0,2.0,1.0,0.0,0,0
SUP0031,2023-05,2,0.0,9.5,1.0,0.0,0,0
SUP0031,2023-06,1,0.0,9.0,1.0,0.0,0,0
SUP0031,2023-07,3,0.3333,4.67,1.0,0.0,0,0
SUP0031,2023-08,2,0.0,8.0,1.0,0.0,0,0
SUP0031,2023-09,6,0.0,6.0,1.0,0.0,0,0
SUP0031,2023-10,4,0.0,4.5,1.0,0.0,0,0
SUP0031,2023-11,2,0.5,4.0,1.0,0.0,0,0
SUP0031,2023-12,1,1.0,-2.0,1.0,0.0,0,0
SUP0031,2024-01,2,0.0,11.0,1.0,0.0,0,0
SUP0031,2024-02,5,0.2,5.4,0.9617,0.0,0,0
SUP0031,2024-04,2,0.5,4.5,1.0,0.0,0,0
SUP0031,2024-05,1,0.0,14.0,1.0,0.0,0,0
SUP0031,2024-06,2,0.5,5.5,1.0,0.0,0,0
SUP0031,2024-07,3,0.3333,-0.33,0.8792,0.0,0,0
SUP0031,2024-08,3,0.3333,5.0,1.0,0.0,0,0
SUP0031,2024-10,3,0.0,7.67,0.7832,0.0,0,0
SUP0031,2024-11,2,0.0,9.5,1.0,0.0,0,0
SUP0031,2024-12,3,0.3333,5.67,1.0,0.0,0,0
SUP0031,2025-01,2,0.5,7.0,1.0,0.0,0,0
SUP0031,2025-03,1,0.0,12.0,1.0,0.0,0,0
SUP0031,2025-04,3,0.0,5.33,1.0,0.0,0,0
SUP0031,2025-05,1,0.0,9.0,1.0,0.0,0,0
SUP0031,2025-07,1,0.0,14.0,1.0,0.0,0,0
SUP0031,2025-08,2,0.0,11.0,0.6538,0.0,0,0
SUP0031,2025-09,3,0.0,4.0,0.8106,0.0,0,0
SUP0031,2025-10,5,0.4,5.2,1.0,0.0,0,0
SUP0031,2025-11,2,0.0,9.5,1.0,0.0,0,0
SUP0031,2025-12,5,0.0,12.0,1.0,0.0,0,0
SUP0032,2023-02,3,0.0,5.33,0.758,0.0,0,0
SUP0032,2023-03,1,1.0,-3.0,1.0,0.0,0,0
SUP0032,2023-05,4,0.5,1.75,1.0,0.0,0,0
SUP0032,2023-07,3,0.0,6.67,1.0,0.0,0,0
SUP0032,2023-08,4,0.25,5.5,0.7667,0.0,0,0
SUP0032,2023-09,1,0.0,4.0,1.0,0.0,0,0
SUP0032,2023-10,1,1.0,0.0,1.0,0.0,0,0
SUP0032,2023-11,1,0.0,13.0,1.0,0.0,0,0
SUP0032,2023-12,3,0.3333,6.0,1.0,0.0,0,0
SUP0032,2024-01,2,0.0,9.0,1.0,0.0,0,0
SUP0032,2024-02,2,0.0,5.0,1.0,0.0,0,0
SUP0032,2024-03,2,0.0,10.0,1.0,0.0,0,0
SUP0032,2024-04,3,0.0,8.0,1.0,0.0,0,0
SUP0032,2024-05,5,0.4,7.2,0.947,0.0,0,0
SUP0032,2024-06,2,0.0,7.5,1.0,0.0,0,0
SUP0032,2024-07,3,0.6667,0.0,1.0,0.0,0,0
SUP0032,2024-08,2,0.0,5.5,1.0,0.0,0,0
SUP0032,2024-09,1,0.0,9.0,1.0,0.0,0,0
SUP0032,2024-10,3,0.6667,1.67,1.0,0.0,0,0
SUP0032,2024-11,2,0.5,5.5,1.0,0.0,0,0
SUP0032,2024-12,2,0.0,13.0,1.0,0.0,0,0
SUP0032,2025-01,2,0.0,6.0,1.0,0.0,0,0
SUP0032,2025-02,2,0.5,2.0,1.0,0.0,0,0
SUP0032,2025-03,1,0.0,13.0,1.0,0.0,0,0
SUP0032,2025-06,3,0.0,7.33,1.0,0.0,0,0
SUP0032,2025-07,4,0.0,5.25,1.0,0.0,0,0
SUP0032,2025-08,1,0.0,7.0,1.0,0.0,0,0
SUP0032,2025-09,1,0.0,8.0,1.0,0.0,0,0
SUP0032,2025-10,1,0.0,4.0,1.0,0.0,0,0
SUP0032,2025-11,1,0.0,13.0,1.0,0.0,0,0
SUP0032,2025-12,1,0.0,10.0,1.0,0.0,0,0
SUP0033,2023-01,12,0.9167,0.08,1.0,14141.5,0,0
SUP0033,2023-02,11,0.7273,1.55,1.0,18375.9,0,0
SUP0033,2023-03,15,0.8667,0.73,0.9978,0.0,0,0
SUP0033,2023-04,16,0.8125,1.25,0.9886,0.0,2,0
SUP0033,2023-05,12,0.75,2.75,0.9968,33503.1,0,0
SUP0033,2023-06,18,0.7778,1.33,0.9536,14875.9,2,1
SUP0033,2023-07,14,0.9286,0.14,1.0,0.0,0,0
SUP0033,2023-08,17,0.9412,0.24,0.9365,0.0,0,0
SUP0033,2023-09,13,0.8462,2.08,1.0,24250.4,1,0
SUP0033,2023-10,15,0.6667,3.07,0.9665,0.0,2,2
SUP0033,2023-11,20,0.8,1.0,0.9405,0.0,0,0
SUP0033,2023-12,16,0.8125,2.88,1.0,0.0,0,0
SUP0033,2024-01,13,0.6154,2.0,0.9277,0.0,0,0
SUP0033,2024-02,13,1.0,-0.08,1.0,17855.5,0,0
SUP0033,2024-03,16,0.75,2.5,0.9732,0.0,0,0
SUP0033,2024-04,16,0.75,2.06,1.0,0.0,0,0
SUP0033,2024-05,11,0.6364,4.0,0.9877,0.0,1,1
SUP0033,2024-06,8,0.875,2.0,1.0,0.0,0,0
SUP0033,2024-07,12,0.4167,3.67,0.6854,0.0,0,0
SUP0033,2024-08,18,0.7778,2.33,1.0,47032.3,2,1
SUP0033,2024-09,10,0.6,1.2,0.996,0.0,0,0
SUP0033,2024-10,18,0.7222,3.83,1.0,0.0,2,0
SUP0033,2024-11,14,0.7857,1.71,0.9762,0.0,0,0
SUP0033,2024-12,12,0.6667,1.75,0.844,0.0,0,0
SUP0033,2025-01,13,0.5385,3.46,0.9454,6645.7,0,0
SUP0033,2025-02,14,0.7857,1.29,0.9941,0.0,2,1
SUP0033,2025-03,12,0.5833,4.67,1.0,68796.9,2,1
SUP0033,2025-04,12,0.75,2.5,1.0,7662.4,0,0
SUP0033,2025-05,19,0.8421,1.74,0.8124,7030.0,0,0
SUP0033,2025-06,14,0.7143,1.5,0.9664,0.0,0,0
SUP0033,2025-07,15,0.8,0.4,0.9972,0.0,0,0
SUP0033,2025-08,18,0.5556,4.22,0.8579,40961.8,2,2
SUP0033,2025-09,18,0.8889,1.06,1.0,0.0,0,0
SUP0033,2025-10,17,1.0,-0.29,1.0,0.0,0,0
SUP0033,2025-11,17,0.7059,1.88,0.9868,0.0,1,0
SUP0033,2025-12,14,1.0,-0.25,1.0,0.0,0,0
SUP0034,2023-02,4,0.0,5.0,0.7692,0.0,0,0
SUP0034,2023-03,1,0.0,6.0,1.0,0.0,0,0
SUP0034,2023-04,4,0.0,8.5,1.0,0.0,0,0
SUP0034,2023-05,1,0.0,6.0,1.0,0.0,0,0
SUP0034,2023-06,3,0.0,10.0,1.0,0.0,0,0
SUP0034,2023-09,2,0.0,7.5,1.0,0.0,0,0
SUP0034,2023-10,2,0.0,6.0,1.0,0.0,0,0
SUP0034,2023-11,3,0.0,5.67,0.8437,0.0,0,0
SUP0034,2024-01,2,0.5,0.0,1.0,0.0,0,0
SUP0034,2024-02,4,0.5,3.5,1.0,0.0,0,0
SUP0034,2024-03,2,0.0,8.0,1.0,0.0,0,0
SUP0034,2024-04,2,0.5,2.0,1.0,0.0,0,0
SUP0034,2024-05,4,0.25,8.0,1.0,0.0,0,0
SUP0034,2024-06,3,0.0,7.67,1.0,0.0,0,0
SUP0034,2024-08,3,0.3333,5.33,1.0,0.0,0,0
SUP0034,2024-09,1,0.0,14.0,1.0,0.0,0,0
SUP0034,2024-10,2,0.0,3.5,0.8116,0.0,0,0
SUP0034,2024-11,3,0.6667,1.33,1.0,0.0,0,0
SUP0034,2024-12,1,1.0,0.0,1.0,0.0,0,0
SUP0034,2025-01,2,0.0,3.5,1.0,0.0,0,0
SUP0034,2025-02,2,0.0,2.5,1.0,0.0,0,0
SUP0034,2025-04,5,0.2,8.8,1.0,0.0,0,0
SUP0034,2025-06,2,0.5,2.5,1.0,0.0,0,0
SUP0034,2025-07,2,0.0,8.0,1.0,0.0,0,0
SUP0034,2025-08,2,0.0,8.0,1.0,0.0,0,0
SUP0034,2025-09,2,0.0,-0.5,0.7416,0.0,0,0
SUP0034,2025-10,2,0.0,3.5,1.0,0.0,0,0
SUP0034,2025-11,2,0.0,3.5,1.0,0.0,0,0
SUP0034,2025-12,1,,,,0.0,0,0
SUP0035,2023-03,6,0.1667,2.5,0.8359,0.0,0,0
SUP0035,2023-04,5,0.0,7.2,1.0,0.0,0,0
SUP0035,2023-05,2,0.0,10.0,0.9051,0.0,0,0
SUP0035,2023-06,2,0.5,0.0,1.0,0.0,0,0
SUP0035,2023-09,1,0.0,10.0,1.0,0.0,0,0
SUP0035,2023-10,2,0.0,11.0,1.0,0.0,0,0
SUP0035,2023-11,4,0.25,3.25,1.0,0.0,0,0
SUP0035,2023-12,1,0.0,1.0,1.0,0.0,0,0
SUP0035,2024-01,3,0.3333,7.33,1.0,0.0,0,0
SUP0035,2024-02,3,0.0,3.67,0.8634,0.0,0,0
SUP0035,2024-04,1,1.0,-3.0,1.0,0.0,0,0
SUP0035,2024-05,2,0.0,11.5,0.9599,0.0,0,0
SUP0035,2024-06,2,0.0,2.5,1.0,0.0,0,0
SUP0035,2024-07,3,0.3333,4.33,1.0,0.0,0,0
SUP0035,2024-08,2,0.0,11.0,1.0,0.0,0,0
SUP0035,2024-09,3,0.6667,4.33,1.0,0.0,0,0
SUP0035,2024-10,2,0.0,7.0,1.0,0.0,0,0
SUP0035,2024-11,3,0.0,3.67,1.0,0.0,0,0
SUP0035,2024-12,1,1.0,0.0,1.0,0.0,0,0
SUP0035,2025-01,2,0.5,1.0,1.0,0.0,0,0
SUP0035,2025-02,1,0.0,7.0,1.0,0.0,0,0
SUP0035,2025-04,1,1.0,-3.0,1.0,0.0,0,0
SUP0035,2025-05,2,0.0,10.0,1.0,0.0,0,0
SUP0035,2025-06,3,0.3333,1.33,1.0,0.0,0,0
SUP0035,2025-08,2,1.0,-2.5,1.0,0.0,0,0
SUP0035,2025-09,3,0.6667,1.67,1.0,0.0,0,0
SUP0035,2025-10,4,0.25,3.75,0.9192,0.0,0,0
SUP0035,2025-11,2,0.0,9.0,1.0,0.0,0,0
SUP0035,2025-12,2,,,,0.0,0,0
SUP0036,2023-04,5,0.4,4.6,0.8104,0.0,0,0
SUP0036,2023-05,3,0.6667,-1.0,1.0,0.0,0,0
SUP0036,2023-06,3,0.0,8.67,0.7317,0.0,0,0
SUP0036,2023-07,1,0.0,14.0,1.0,0.0,0,0
SUP0036,2023-09,3,0.3333,5.0,1.0,0.0,0,0
SUP0036,2023-11,1,1.0,-3.0,1.0,0.0,0,0
SUP0036,2023-12,2,0.0,8.0,0.9889,0.0,0,0
SUP0036,2024-01,1,0.0,14.0,0.1422,0.0,0,0
SUP0036,2024-02,1,0.0,10.0,1.0,0.0,0,0
SUP0036,2024-03,1,0.0,9.0,1.0,0.0,0,0
SUP0036,2024-04,1,0.0,10.0,1.0,0.0,0,0
SUP0036,2024-05,1,0.0,3.0,1.0,0.0,0,0
SUP0036,2024-06,2,0.5,0.5,1.0,0.0,0,0
SUP0036,2024-07,1,0.0,7.0,1.0,0.0,0,0
SUP0036,2024-08,1,1.0,-3.0,1.0,0.0,0,0
SUP0036,2024-09,1,0.0,-2.0,0.4838,0.0,0,0
SUP0036,2024-10,2,0.0,7.5,1.0,0.0,0,0
SUP0036,2024-11,1,0.0,1.0,1.0,0.0,0,0
SUP0036,2024-12,3,0.3333,-0.33,0.8878,0.0,0,0
SUP0036,2025-01,3,0.3333,3.0,0.8812,0.0,0,0
SUP0036,2025-04,1,0.0,5.0,0.3742,0.0,0,0
SUP0036,2025-05,5,0.2,7.0,1.0,0.0,0,0
SUP0036,2025-07,1,0.0,9.0,1.0,0.0,0,0
SUP0036,2025-08,2,1.0,-2.5,1.0,0.0,0,0
SUP0036,2025-09,1,0.0,4.0,1.0,0.0,0,0
SUP0036,2025-11,1,0.0,5.0,1.0,0.0,0,0
SUP0036,2025-12,4,0.5,2.0,1.0,0.0,0,0
SUP0037,2023-03,2,0.0,12.0,0.6477,0.0,0,0
SUP0037,2023-04,7,0.0,6.0,0.7906,0.0,0,0
SUP0037,2023-05,3,0.0,5.67,1.0,0.0,0,0
SUP0037,2023-06,2,0.5,4.5,1.0,0.0,0,0
SUP0037,2023-07,2,0.5,3.0,1.0,0.0,0,0
SUP0037,2023-08,3,0.0,12.0,0.8856,0.0,0,0
SUP0037,2023-09,7,0.4286,2.71,0.8018,0.0,0,0
SUP0037,2023-10,1,0.0,13.0,1.0,0.0,0,0
SUP0037,2023-11,2,0.0,7.5,1.0,0.0,0,0
SUP0037,2024-01,2,0.0,12.0,1.0,0.0,0,0
SUP0037,2024-02,1,0.0,2.0,1.0,0.0,0,0
SUP0037,2024-03,3,0.3333,7.33,1.0,0.0,0,0
SUP0037,2024-05,1,0.0,5.0,1.0,0.0,0,0
SUP0037,2024-07,4,0.0,5.0,0.9301,0.0,0,0
SUP0037,2024-08,1,0.0,2.0,1.0,0.0,0,0
SUP0037,2024-10,2,0.0,5.0,1.0,0.0,0,0
SUP0037,2024-11,1,0.0,3.0,1.0,0.0,0,0
SUP0037,2025-01,2,0.0,10.0,1.0,0.0,0,0
SUP0037,2025-02,1,1.0,0.0,1.0,0.0,0,0
SUP0037,2025-03,1,1.0,-2.0,1.0,0.0,0,0
SUP0037,2025-07,3,0.0,6.0,1.0,0.0,0,0
SUP0037,2025-08,2,0.0,11.0,1.0,0.0,0,0
SUP0037,2025-09,1,1.0,-3.0,1.0,0.0,0,0
SUP0037,2025-10,5,0.0,6.8,1.0,0.0,0,0
SUP0037,2025-11,1,0.0,1.0,0.6154,0.0,0,0
SUP0037,2025-12,6,0.0,5.5,0.5827,0.0,0,0
SUP0038,2023-02,2,0.0,7.5,1.0,0.0,0,0
SUP0038,2023-03,3,0.3333,2.33,0.9586,0.0,0,0
SUP0038,2023-04,2,0.5,5.0,1.0,0.0,0,0
SUP0038,2023-05,4,0.25,5.25,0.8988,0.0,0,0
SUP0038,2023-06,2,0.0,8.5,1.0,0.0,0,0
SUP0038,2023-07,4,0.0,7.75,1.0,0.0,0,0
SUP0038,2023-08,2,0.0,2.5,1.0,0.0,0,0
SUP0038,2023-09,2,0.0,9.0,0.4854,0.0,0,0
SUP0038,2023-10,4,0.0,3.75,0.9,0.0,0,0
SUP0038,2023-12,2,0.5,5.0,1.0,0.0,0,0
SUP0038,2024-01,3,0.3333,5.0,1.0,0.0,0,0
SUP0038,2024-03,3,0.3333,4.0,1.0,0.0,0,0
SUP0038,2024-04,3,0.6667,1.0,1.0,0.0,0,0
SUP0038,2024-05,1,0.0,-2.0,0.5696,0.0,0,0
SUP0038,2024-06,2,0.0,6.0,1.0,0.0,0,0
SUP0038,2024-07,1,0.0,9.0,1.0,0.0,0,0
SUP0038,2024-08,2,0.0,4.5,1.0,0.0,0,0
SUP0038,2024-10,1,0.0,8.0,1.0,0.0,0,0
SUP0038,2024-11,3,0.0,8.67,0.8185,0.0,0,0
SUP0038,2024-12,2,0.5,0.5,1.0,0.0,0,0
SUP0038,2025-01,5,0.4,5.2,1.0,0.0,0,0
SUP0038,2025-02,1,0.0,7.0,1.0,0.0,0,0
SUP0038,2025-03,4,0.25,6.0,0.8334,0.0,0,0
SUP0038,2025-04,2,0.5,2.5,1.0,0.0,0,0
SUP0038,2025-05,3,0.0,6.0,0.7241,0.0,0,0
SUP0038,2025-06,4,0.25,6.5,1.0,0.0,0,0
SUP0038,2025-07,6,0.0,8.17,1.0,0.0,0,0
SUP0038,2025-08,2,0.5,1.5,1.0,0.0,0,0
SUP0038,2025-09,1,0.0,8.0,1.0,0.0,0,0
SUP0038,2025-11,1,0.0,11.0,1.0,0.0,0,0
SUP0038,2025-12,3,0.0,10.0,1.0,0.0,0,0
SUP0039,2023-01,17,0.7647,2.18,1.0,331554.4,4,0
SUP0039,2023-02,23,0.0435,9.61,1.0,501886.4,16,8
SUP0039,2023-03,22,0.8636,0.27,1.0,0.0,0,0
SUP0039,2023-04,26,0.8846,0.88,1.0,0.0,0,0
SUP0039,2023-05,26,0.9231,0.31,1.0,1038.1,0,0
SUP0039,2023-06,32,0.9688,0.19,1.0,19065.9,0,0
SUP0039,2023-07,30,0.9667,-0.07,1.0,0.0,0,0
SUP0039,2023-08,27,0.963,0.3,1.0,0.0,0,0
SUP0039,2023-09,21,1.0,-0.33,1.0,0.0,0,0
SUP0039,2023-10,22,1.0,-0.09,1.0,0.0,0,0
SUP0039,2023-11,24,0.8333,0.21,1.0,853.4,0,0
SUP0039,2023-12,39,0.9487,0.18,1.0,0.0,0,0
SUP0039,2024-01,29,0.931,0.14,1.0,117712.5,6,2
SUP0039,2024-02,34,0.0588,8.79,1.0,728341.7,11,3
SUP0039,2024-03,33,0.9091,-0.15,1.0,0.0,0,0
SUP0039,2024-04,30,0.9333,-0.23,1.0,0.0,0,0
SUP0039,2024-05,33,0.9091,0.15,0.9882,0.0,0,0
SUP0039,2024-06,27,0.963,0.33,1.0,0.0,0,0
SUP0039,2024-07,26,0.3077,2.15,0.9971,0.0,0,0
SUP0039,2024-08,19,0.0,3.53,0.9709,0.0,2,1
SUP0039,2024-09,28,0.0357,2.79,0.9729,0.0,0,0
SUP0039,2024-10,23,0.0,3.13,1.0,0.0,0,0
SUP0039,2024-11,28,0.0714,2.25,1.0,0.0,0,0
SUP0039,2024-12,30,0.0,2.97,1.0,0.0,0,0
SUP0039,2025-01,32,0.0,4.19,0.9846,70240.1,12,6
SUP0039,2025-02,34,0.0588,10.32,0.9914,542381.1,9,6
SUP0039,2025-03,29,0.0,3.21,1.0,0.0,0,0
SUP0039,2025-04,27,0.037,2.48,0.9999,0.0,0,0
SUP0039,2025-05,25,0.08,3.68,1.0,1841.0,1,0
SUP0039,2025-06,23,0.0435,2.17,1.0,0.0,0,0
SUP0039,2025-07,20,0.0,3.3,1.0,48.7,0,0
SUP0039,2025-08,24,0.0833,2.25,1.0,0.0,2,0
SUP0039,2025-09,31,0.0,2.71,1.0,0.0,0,0
SUP0039,2025-10,26,0.0385,3.15,1.0,17810.3,0,0
SUP0039,2025-11,25,0.0,2.88,1.0,0.0,0,0
SUP0039,2025-12,24,0.0,2.71,0.9999,0.0,0,0
SUP0040,2023-01,1,0.0,14.0,1.0,0.0,0,0
SUP0040,2023-03,3,0.0,7.0,1.0,0.0,0,0
SUP0040,2023-04,1,0.0,10.0,1.0,0.0,0,0
SUP0040,2023-05,1,0.0,14.0,1.0,0.0,0,0
SUP0040,2023-06,3,0.0,10.67,1.0,0.0,0,0
SUP0040,2023-07,3,0.0,4.67,1.0,0.0,0,0
SUP0040,2023-08,1,0.0,3.0,1.0,0.0,0,0
SUP0040,2023-09,2,0.0,7.0,1.0,0.0,0,0
SUP0040,2023-10,2,0.5,1.5,1.0,0.0,0,0
SUP0040,2024-01,4,0.5,2.5,1.0,0.0,0,0
SUP0040,2024-02,2,0.0,4.5,1.0,0.0,0,0
SUP0040,2024-03,3,0.0,12.33,1.0,0.0,0,0
SUP0040,2024-04,3,0.0,2.0,0.7888,0.0,0,0
SUP0040,2024-05,6,0.1667,7.83,1.0,0.0,0,0
SUP0040,2024-07,2,1.0,-1.5,1.0,0.0,0,0
SUP0040,2024-08,1,1.0,-2.0,1.0,0.0,0,0
SUP0040,2024-09,2,0.0,8.5,1.0,0.0,0,0
SUP0040,2024-11,3,0.0,7.67,1.0,0.0,0,0
SUP0040,2024-12,3,0.0,4.67,1.0,0.0,0,0
SUP0040,2025-01,4,0.0,9.75,0.8027,0.0,0,0
SUP0040,2025-02,6,0.3333,4.17,1.0,0.0,0,0
SUP0040,2025-03,6,0.3333,2.0,0.8098,0.0,0,0
SUP0040,2025-04,2,0.0,11.0,1.0,0.0,0,0
SUP0040,2025-05,3,0.3333,3.33,0.9233,0.0,0,0
SUP0040,2025-06,1,0.0,1.0,1.0,0.0,0,0
SUP0040,2025-08,3,0.3333,3.0,1.0,0.0,0,0
SUP0040,2025-09,2,0.5,0.0,1.0,0.0,0,0
SUP0040,2025-10,1,0.0,14.0,0.4804,0.0,0,0
SUP0040,2025-11,1,0.0,11.0,1.0,0.0,0,0
SUP0040,2025-12,1,,,,0.0,0,0
SUP0041,2023-02,2,0.0,6.5,1.0,0.0,0,0
SUP0041,2023-03,2,0.5,5.0,1.0,0.0,0,0
SUP0041,2023-07,3,0.3333,4.33,1.0,0.0,0,0
SUP0041,2023-08,1,1.0,-3.0,1.0,0.0,0,0
SUP0041,2023-09,4,0.25,4.5,0.9792,0.0,0,0
SUP0041,2023-10,2,0.0,7.0,1.0,0.0,0,0
SUP0041,2023-11,3,0.0,5.33,0.9232,0.0,0,0
SUP0041,2023-12,5,0.0,8.2,0.9652,0.0,0,0
SUP0041,2024-01,2,0.5,0.5,1.0,0.0,0,0
SUP0041,2024-03,1,1.0,-1.0,1.0,0.0,0,0
SUP0041,2024-04,2,0.5,6.0,1.0,0.0,0,0
SUP0041,2024-07,2,0.0,2.5,0.732,0.0,0,0
SUP0041,2024-08,2,0.0,4.5,1.0,0.0,0,0
SUP0041,2024-09,2,0.0,5.5,1.0,0.0,0,0
SUP0041,2024-10,3,0.3333,6.33,1.0,0.0,0,0
SUP0041,2024-11,1,0.0,7.0,1.0,0.0,0,0
SUP0041,2024-12,2,0.0,8.5,1.0,0.0,0,0
SUP0041,2025-01,2,0.0,6.0,1.0,0.0,0,0
SUP0041,2025-02,2,0.0,11.5,1.0,0.0,0,0
SUP0041,2025-03,4,0.25,7.5,1.0,0.0,0,0
SUP0041,2025-04,3,0.6667,2.0,0.8009,0.0,0,0
SUP0041,2025-05,2,0.0,0.5,0.7688,0.0,0,0
SUP0041,2025-06,1,1.0,-3.0,1.0,0.0,0,0
SUP0041,2025-07,3,0.0,8.0,1.0,0.0,0,0
SUP0041,2025-08,1,0.0,5.0,1.0,0.0,0,0
SUP0041,2025-09,4,0.0,6.25,1.0,0.0,0,0
SUP0041,2025-11,1,1.0,-1.0,1.0,0.0,0,0
SUP0041,2025-12,4,0.5,6.5,1.0,0.0,0,0
SUP0042,2023-01,8,0.75,1.5,0.9987,424919.9,0,0
SUP0042,2023-02,10,0.8,0.3,0.9117,322764.1,3,2
SUP0042,2023-03,19,0.8421,0.95,0.9857,0.0,0,0
SUP0042,2023-04,14,0.7857,0.36,0.9843,39744.3,0,0
SUP0042,2023-05,20,0.85,0.4,1.0,0.0,0,0
SUP0042,2023-06,15,0.6,3.33,1.0,25937.6,0,0
SUP0042,2023-07,18,0.6111,3.67,1.0,22381.4,0,0
SUP0042,2023-08,14,0.7143,0.43,0.9915,0.0,0,0
SUP0042,2023-09,13,0.6154,3.54,1.0,0.0,3,0
SUP0042,2023-10,18,0.3889,6.78,0.9442,461896.7,2,0
SUP0042,2023-11,15,0.8,1.33,0.985,26147.6,2,0
SUP0042,2023-12,14,0.9286,-0.14,1.0,0.0,0,0
SUP0042,2024-01,19,0.8421,0.95,0.9914,116942.4,1,0
SUP0042,2024-02,18,0.9444,-0.11,1.0,0.0,0,0
SUP0042,2024-03,15,0.8667,0.13,1.0,222171.9,0,0
SUP0042,2024-04,12,0.9167,0.5,1.0,0.0,0,0
SUP0042,2024-05,26,0.6154,1.0,0.992,0.0,0,0
SUP0042,2024-06,13,0.8462,1.0,1.0,52374.0,0,0
SUP0042,2024-07,14,0.7857,0.0,0.9945,0.0,0,0
SUP0042,2024-08,11,0.5455,2.27,0.9614,0.0,0,0
SUP0042,2024-09,18,0.8889,0.5,0.9527,0.0,0,0
SUP0042,2024-10,15,0.8667,0.13,0.9678,0.0,0,0
SUP0042,2024-11,17,0.7647,0.88,1.0,6173.8,0,0
SUP0042,2024-12,15,0.6667,1.33,0.9812,0.0,0,0
SUP0042,2025-01,18,0.7222,1.72,1.0,43840.5,0,0
SUP0042,2025-02,15,0.7333,1.8,1.0,0.0,0,0
SUP0042,2025-03,8,0.875,1.88,1.0,234050.0,2,1
SUP0042,2025-04,18,0.7778,1.28,1.0,0.0,1,0
SUP0042,2025-05,15,0.5333,1.6,1.0,12272.7,0,0
SUP0042,2025-06,16,0.8125,0.38,1.0,222602.2,0,0
SUP0042,2025-07,15,0.8,0.2,0.9979,0.0,0,0
SUP0042,2025-08,15,0.5333,1.53,0.9645,0.0,0,0
SUP0042,2025-09,19,0.8947,0.42,1.0,0.0,0,0
SUP0042,2025-10,11,0.7273,1.0,0.885,0.0,0,0
SUP0042,2025-11,17,0.8824,0.59,1.0,0.0,0,0
SUP0042,2025-12,16,0.6154,0.92,1.0,0.0,0,0
SUP0043,2023-01,1,0.0,1.0,1.0,0.0,0,0
SUP0043,2023-02,3,0.3333,3.0,0.5821,0.0,0,0
SUP0043,2023-03,5,0.0,6.4,0.9671,0.0,0,0
SUP0043,2023-04,3,0.3333,7.33,1.0,0.0,0,0
SUP0043,2023-05,1,1.0,-2.0,1.0,0.0,0,0
SUP0043,2023-07,2,0.5,1.0,1.0,0.0,0,0
SUP0043,2023-08,2,0.5,4.0,1.0,0.0,0,0
SUP0043,2023-09,1,0.0,3.0,1.0,0.0,0,0
SUP0043,2023-10,3,0.3333,6.0,1.0,0.0,0,0
SUP0043,2023-11,3,0.0,4.67,1.0,0.0,0,0
SUP0043,2023-12,3,0.6667,4.33,1.0,0.0,0,0
SUP0043,2024-01,3,0.3333,1.67,1.0,0.0,0,0
SUP0043,2024-03,5,0.2,3.6,1.0,0.0,0,0
SUP0043,2024-04,4,0.25,6.5,1.0,0.0,0,0
SUP0043,2024-05,2,0.0,5.5,1.0,0.0,0,0
SUP0043,2024-06,1,1.0,-1.0,1.0,0.0,0,0
SUP0043,2024-07,1,0.0,8.0,1.0,0.0,0,0
SUP0043,2024-09,1,0.0,7.0,1.0,0.0,0,0
SUP0043,2024-11,1,0.0,8.0,1.0,0.0,0,0
SUP0043,2024-12,5,0.2,5.8,1.0,0.0,0,0
SUP0043,2025-01,3,0.0,7.0,1.0,0.0,0,0
SUP0043,2025-02,1,0.0,1.0,1.0,0.0,0,0
SUP0043,2025-05,1,1.0,-1.0,1.0,0.0,0,0
SUP0043,2025-06,4,0.0,7.0,1.0,0.0,0,0
SUP0043,2025-07,5,0.4,2.6,1.0,0.0,0,0
SUP0043,2025-08,2,0.0,8.5,1.0,0.0,0,0
SUP0043,2025-09,3,0.6667,2.67,0.8791,0.0,0,0
SUP0043,2025-10,1,0.0,8.0,0.2478,0.0,0,0
SUP0043,2025-11,4,0.25,5.25,1.0,0.0,0,0
SUP0043,2025-12,1,,,,0.0,0,0
SUP0044,2023-03,9,0.7778,2.22,1.0,0.0,0,0
SUP0044,2023-04,10,1.0,-0.2,1.0,0.0,0,0
SUP0044,2023-05,10,0.8,0.9,1.0,0.0,0,0
SUP0044,2023-06,12,0.9167,0.92,1.0,0.0,0,0
SUP0044,2023-07,21,0.7143,2.14,0.9359,0.0,0,0
SUP0044,2023-08,17,0.7059,1.53,0.9982,0.0,0,0
SUP0044,2023-09,10,0.9,0.9,1.0,0.0,0,0
SUP0044,2023-10,9,0.8889,0.56,1.0,0.0,0,0
SUP0044,2023-11,12,0.75,2.42,1.0,0.0,0,0
SUP0044,2023-12,13,0.9231,0.15,1.0,0.0,0,0
SUP0044,2024-01,15,0.8,3.07,0.9996,0.0,0,0
SUP0044,2024-02,13,0.9231,0.15,1.0,0.0,2,1
SUP0044,2024-03,13,0.7692,1.15,1.0,0.0,0,0
SUP0044,2024-04,16,0.875,1.0,1.0,0.0,0,0
SUP0044,2024-05,21,0.8571,1.48,1.0,0.0,0,0
SUP0044,2024-06,20,0.8,1.45,1.0,0.0,0,0
SUP0044,2024-07,19,0.9474,0.63,1.0,0.0,0,0
SUP0044,2024-08,21,0.8571,1.38,1.0,0.0,0,0
SUP0044,2024-09,14,0.8571,1.43,1.0,0.0,0,0
SUP0044,2024-10,8,0.75,3.0,0.4836,0.0,0,0
SUP0044,2024-11,14,0.9286,0.43,1.0,0.0,0,0
SUP0044,2024-12,18,0.8333,1.0,0.9907,0.0,0,0
SUP0044,2025-01,12,0.75,3.0,1.0,0.0,0,0
SUP0044,2025-02,11,0.7273,2.36,1.0,0.0,2,1
SUP0044,2025-03,11,0.7273,2.0,0.8001,0.0,0,0
SUP0044,2025-04,4,1.0,0.0,1.0,0.0,0,0
SUP0044,2025-05,17,0.8824,0.18,1.0,0.0,0,0
SUP0044,2025-06,21,0.9524,0.0,1.0,0.0,0,0
SUP0044,2025-07,12,0.75,1.17,0.9978,0.0,0,0
SUP0044,2025-08,7,0.1429,4.0,1.0,0.0,0,0
SUP0044,2025-09,16,0.9375,0.75,1.0,0.0,0,0
SUP0044,2025-10,20,0.85,0.5,1.0,0.0,0,0
SUP0044,2025-11,10,0.9,0.7,1.0,0.0,0,0
SUP0044,2025-12,8,0.875,1.12,0.8037,0.0,0,0
SUP0045,2023-01,2,0.0,9.0,1.0,0.0,0,0
SUP0045,2023-02,1,0.0,4.0,1.0,0.0,0,0
SUP0045,2023-03,2,0.5,4.5,1.0,0.0,0,0
SUP0045,2023-04,5,0.0,11.6,1.0,0.0,0,0
SUP0045,2023-05,2,0.0,5.5,0.8383,0.0,0,0
SUP0045,2023-06,2,0.5,0.5,1.0,0.0,0,0
SUP0045,2023-07,1,0.0,13.0,1.0,0.0,0,0
SUP0045,2023-08,1,1.0,-3.0,1.0,0.0,0,0
SUP0045,2023-09,1,0.0,8.0,1.0,0.0,0,0
SUP0045,2023-10,2,0.5,0.0,1.0,0.0,0,0
SUP0045,2023-11,1,0.0,8.0,1.0,0.0,0,0
SUP0045,2023-12,1,0.0,7.0,0.0435,0.0,0,0
SUP0045,2024-01,2,0.5,1.0,1.0,0.0,0,0
SUP0045,2024-02,2,1.0,-2.0,1.0,0.0,0,0
SUP0045,2024-03,4,0.0,10.25,1.0,0.0,0,0
SUP0045,2024-04,1,0.0,11.0,1.0,0.0,0,0
SUP0045,2024-05,2,0.0,8.0,1.0,0.0,0,0
SUP0045,2024-06,1,1.0,-2.0,1.0,0.0,0,0
SUP0045,2024-07,1,0.0,13.0,1.0,0.0,0,0
SUP0045,2024-09,2,0.0,6.5,1.0,0.0,0,0
SUP0045,2024-10,2,0.5,4.0,1.0,0.0,0,0
SUP0045,2024-11,2,0.0,9.0,1.0,0.0,0,0
SUP0045,2024-12,1,0.0,14.0,1.0,0.0,0,0
SUP0045,2025-01,4,0.25,7.75,1.0,0.0,0,0
SUP0045,2025-02,3,0.0,5.67,1.0,0.0,0,0
SUP0045,2025-03,5,0.2,3.6,1.0,0.0,0,0
SUP0045,2025-04,1,0.0,10.0,1.0,0.0,0,0
SUP0045,2025-05,2,0.0,5.0,1.0,0.0,0,0
SUP0045,2025-06,2,0.0,6.0,1.0,0.0,0,0
SUP0045,2025-07,4,0.0,8.5,1.0,0.0,0,0
SUP0045,2025-08,2,0.0,8.0,1.0,0.0,0,0
SUP0045,2025-10,3,0.6667,-0.33,1.0,0.0,0,0
SUP0045,2025-11,1,0.0,12.0,1.0,0.0,0,0
SUP0045,2025-12,3,,,,0.0,0,0
SUP0046,2023-03,3,0.3333,5.33,1.0,0.0,0,0
SUP0046,2023-04,1,0.0,1.0,1.0,0.0,0,0
SUP0046,2023-05,3,0.3333,5.0,1.0,0.0,0,0
SUP0046,2023-06,2,0.0,8.5,1.0,0.0,0,0
SUP0046,2023-07,1,0.0,7.0,1.0,0.0,0,0
SUP0046,2023-08,4,0.0,5.25,1.0,0.0,0,0
SUP0046,2023-09,3,0.3333,8.67,0.9004,0.0,0,0
SUP0046,2023-11,1,1.0,-1.0,1.0,0.0,0,0
SUP0046,2023-12,3,0.3333,4.67,1.0,0.0,0,0
SUP0046,2024-01,2,0.5,2.5,1.0,0.0,0,0
SUP0046,2024-02,3,0.0,5.33,1.0,0.0,0,0
SUP0046,2024-05,1,0.0,7.0,1.0,0.0,0,0
SUP0046,2024-07,2,0.0,9.0,1.0,0.0,0,0
SUP0046,2024-08,1,0.0,4.0,0.6822,0.0,0,0
SUP0046,2024-09,3,0.6667,0.0,1.0,0.0,0,0
SUP0046,2024-10,1,0.0,7.0,1.0,0.0,0,0
SUP0046,2024-11,1,0.0,3.0,1.0,0.0,0,0
SUP0046,2024-12,5,0.2,5.8,1.0,0.0,0,0
SUP0046,2025-01,1,1.0,0.0,1.0,0.0,0,0
SUP0046,2025-03,4,0.5,2.5,1.0,0.0,0,0
SUP0046,2025-04,1,0.0,0.0,0.4915,0.0,0,0
SUP0046,2025-05,2,1.0,0.0,1.0,0.0,0,0
SUP0046,2025-06,1,1.0,-2.0,1.0,0.0,0,0
SUP0046,2025-07,4,0.25,5.25,1.0,0.0,0,0
SUP0046,2025-10,2,0.0,14.0,0.9296,0.0,0,0
SUP0046,2025-11,1,0.0,5.0,1.0,0.0,0,0
SUP0046,2025-12,4,0.0,10.0,1.0,0.0,0,0
SUP0047,2023-01,3,1.0,-1.67,1.0,0.0,0,0
SUP0047,2023-02,8,0.5,5.75,1.0,0.0,0,0
SUP0047,2023-03,18,0.5556,3.39,0.9216,0.0,2,1
SUP0047,2023-04,25,0.6,1.0,0.846,38621.6,0,0
SUP0047,2023-05,21,0.7619,2.19,0.9959,0.0,0,0
SUP0047,2023-06,27,0.7407,1.04,0.9939,0.0,0,0
SUP0047,2023-07,23,0.5217,1.91,0.9994,184.8,0,0
SUP0047,2023-08,15,0.5333,0.33,0.813,0.0,0,0
SUP0047,2023-09,15,0.6667,1.93,0.9945,0.0,0,0
SUP0047,2023-10,22,0.7273,3.18,0.9945,101.8,0,0
SUP0047,2023-11,25,0.84,1.24,0.9957,1932.4,0,0
SUP0047,2023-12,22,0.5909,1.5,0.9753,135713.8,0,0
SUP0047,2024-01,23,0.8261,0.61,0.9854,0.0,2,2
SUP0047,2024-02,17,0.7647,1.59,0.8882,0.0,2,1
SUP0047,2024-03,25,0.64,1.4,0.9829,7820.0,0,0
SUP0047,2024-04,15,0.7333,1.6,0.8919,0.0,0,0
SUP0047,2024-05,26,0.7308,1.15,0.9531,177.2,0,0
SUP0047,2024-06,15,0.8667,0.4,0.9682,0.0,0,0
SUP0047,2024-07,20,0.65,1.3,0.8849,0.0,2,1
SUP0047,2024-08,15,0.8,1.6,1.0,0.0,0,0
SUP0047,2024-09,20,0.7,2.5,0.9292,0.0,0,0
SUP0047,2024-10,19,0.6316,2.0,0.9437,0.0,0,0
SUP0047,2024-11,27,0.7037,1.37,0.9199,0.0,0,0
SUP0047,2024-12,20,0.75,1.65,1.0,0.0,0,0
SUP0047,2025-01,24,0.7917,1.12,0.986,0.0,2,2
SUP0047,2025-02,16,0.9375,0.06,1.0,199674.8,0,0
SUP0047,2025-03,23,0.6522,2.26,0.9801,13072.7,2,2
SUP0047,2025-04,19,0.4737,3.53,1.0,0.0,0,0
SUP0047,2025-05,28,0.7143,1.39,0.9809,0.0,0,0
SUP0047,2025-06,20,0.7,0.55,0.9281,0.0,0,0
SUP0047,2025-07,14,0.8571,0.86,1.0,10618.4,0,0
SUP0047,2025-08,21,0.7619,0.9,0.9471,0.0,0,0
SUP0047,2025-09,23,0.7391,1.78,1.0,0.0,0,0
SUP0047,2025-10,24,0.5833,2.5,0.9145,0.0,0,0
SUP0047,2025-11,27,0.5926,2.04,0.9464,0.0,0,0
SUP0047,2025-12,25,0.6818,2.32,0.9883,6342.0,0,0
SUP0048,2023-03,2,0.0,4.5,1.0,0.0,0,0
SUP0048,2023-04,1,0.0,13.0,1.0,0.0,0,0
SUP0048,2023-05,1,1.0,0.0,1.0,0.0,0,0
SUP0048,2023-06,1,1.0,-1.0,1.0,0.0,0,0
SUP0048,2023-07,1,0.0,8.0,1.0,0.0,0,0
SUP0048,2023-08,2,0.0,2.0,1.0,0.0,0,0
SUP0048,2023-09,1,1.0,0.0,1.0,0.0,0,0
SUP0048,2023-10,4,0.0,8.25,1.0,0.0,0,0
SUP0048,2023-11,2,0.0,10.0,1.0,0.0,0,0
SUP0048,2023-12,3,0.0,6.33,0.711,0.0,0,0
SUP0048,2024-01,1,0.0,13.0,1.0,0.0,0,0
SUP0048,2024-03,1,0.0,5.0,0.654,0.0,0,0
SUP0048,2024-05,2,0.5,1.5,1.0,0.0,0,0
SUP0048,2024-07,1,0.0,7.0,1.0,0.0,0,0
SUP0048,2024-08,2,0.5,0.0,0.7674,0.0,0,0
SUP0048,2024-09,4,0.5,5.25,1.0,0.0,0,0
SUP0048,2024-11,2,0.0,4.0,1.0,0.0,0,0
SUP0048,2025-02,2,0.5,2.0,1.0,0.0,0,0
SUP0048,2025-03,1,0.0,11.0,1.0,0.0,0,0
SUP0048,2025-04,4,0.25,5.75,1.0,0.0,0,0
SUP0048,2025-06,4,0.0,6.25,1.0,0.0,0,0
SUP0048,2025-07,3,0.0,5.33,1.0,0.0,0,0
SUP0048,2025-08,2,0.0,9.0,1.0,0.0,0,0
SUP0048,2025-09,1,0.0,6.0,1.0,0.0,0,0
SUP0048,2025-10,3,0.3333,5.33,0.8421,0.0,0,0
SUP0048,2025-11,2,0.0,11.5,1.0,0.0,0,0
SUP0049,2023-03,6,0.1667,3.17,1.0,0.0,0,0
SUP0049,2023-04,4,0.25,2.75,0.8925,0.0,0,0
SUP0049,2023-07,1,0.0,9.0,1.0,0.0,0,0
SUP0049,2023-08,3,0.3333,4.0,1.0,0.0,0,0
SUP0049,2023-09,2,0.5,4.0,1.0,0.0,0,0
SUP0049,2023-11,5,0.0,7.6,1.0,0.0,0,0
SUP0049,2024-03,2,0.0,3.5,1.0,0.0,0,0
SUP0049,2024-04,2,0.0,7.5,1.0,0.0,0,0
SUP0049,2024-05,4,0.5,1.0,1.0,0.0,0,0
SUP0049,2024-07,2,0.0,7.5,1.0,0.0,0,0
SUP0049,2024-08,3,0.0,8.0,1.0,0.0,0,0
SUP0049,2024-09,1,1.0,0.0,1.0,0.0,0,0
SUP0049,2024-10,4,0.25,2.25,0.9098,0.0,0,0
SUP0049,2024-11,2,0.0,8.5,0.4599,0.0,0,0
SUP0049,2024-12,2,0.0,2.0,1.0,0.0,0,0
SUP0049,2025-01,1,0.0,10.0,1.0,0.0,0,0
SUP0049,2025-02,1,1.0,0.0,1.0,0.0,0,0
SUP0049,2025-04,3,0.3333,7.33,0.7686,0.0,0,0
SUP0049,2025-05,4,0.0,5.5,1.0,0.0,0,0
SUP0049,2025-06,3,0.3333,4.67,1.0,0.0,0,0
SUP0049,2025-07,2,0.0,1.5,1.0,0.0,0,0
SUP0049,2025-08,3,0.3333,1.33,1.0,0.0,0,0
SUP0049,2025-09,1,1.0,-3.0,1.0,0.0,0,0
SUP0049,2025-10,2,0.0,10.0,1.0,0.0,0,0
SUP0049,2025-11,3,0.3333,4.67,1.0,0.0,0,0
SUP0049,2025-12,2,0.0,4.0,0.4053,0.0,0,0
SUP0050,2023-02,3,0.3333,1.33,1.0,0.0,0,0
SUP0050,2023-03,1,0.0,10.0,1.0,0.0,0,0
SUP0050,2023-05,3,0.0,4.0,1.0,0.0,0,0
SUP0050,2023-06,5,0.2,5.6,1.0,0.0,0,0
SUP0050,2023-07,1,0.0,13.0,0.6925,0.0,0,0
SUP0050,2023-08,1,0.0,11.0,1.0,0.0,0,0
SUP0050,2023-09,1,0.0,9.0,1.0,0.0,0,0
SUP0050,2023-12,2,0.5,5.0,1.0,0.0,0,0
SUP0050,2024-01,1,0.0,10.0,1.0,0.0,0,0
SUP0050,2024-02,1,0.0,5.0,1.0,0.0,0,0
SUP0050,2024-03,2,0.0,3.5,0.5987,0.0,0,0
SUP0050,2024-04,2,0.0,13.5,1.0,0.0,0,0
SUP0050,2024-05,2,0.0,3.0,0.9005,0.0,0,0
SUP0050,2024-06,1,0.0,6.0,1.0,0.0,0,0
SUP0050,2024-07,1,0.0,14.0,1.0,0.0,0,0
SUP0050,2024-08,2,0.5,-1.0,1.0,0.0,0,0
SUP0050,2024-09,3,0.3333,4.33,1.0,0.0,0,0
SUP0050,2024-10,2,0.0,1.0,0.8914,0.0,0,0
SUP0050,2024-11,1,1.0,-2.0,1.0,0.0,0,0
SUP0050,2025-01,2,0.5,1.5,1.0,0.0,0,0
SUP0050,2025-02,2,0.0,10.0,1.0,0.0,0,0
SUP0050,2025-03,4,0.25,3.75,1.0,0.0,0,0
SUP0050,2025-05,2,0.0,11.0,1.0,0.0,0,0
SUP0050,2025-06,1,0.0,10.0,1.0,0.0,0,0
SUP0050,2025-07,2,0.0,9.0,1.0,0.0,0,0
SUP0050,2025-08,3,0.3333,7.0,0.7679,0.0,0,0
SUP0050,2025-09,2,0.0,10.5,1.0,0.0,0,0
SUP0050,2025-10,1,1.0,-1.0,1.0,0.0,0,0
SUP0050,2025-11,2,0.0,14.0,1.0,0.0,0,0
SUP0050,2025-12,1,,,,0.0,0,0
SUP0051,2023-01,5,1.0,0.0,1.0,0.0,4,4
SUP0051,2023-02,6,0.0,10.33,1.0,752506.7,6,2
SUP0051,2023-03,10,0.9,1.0,1.0,0.0,0,0
SUP0051,2023-04,8,0.625,2.75,1.0,0.0,0,0
SUP0051,2023-05,6,0.5,5.5,0.9429,256857.3,4,1
SUP0051,2023-06,6,0.8333,0.83,1.0,0.0,1,1
SUP0051,2023-07,12,0.9167,0.58,1.0,0.0,1,1
SUP0051,2023-08,10,0.7,3.7,1.0,62650.2,2,0
SUP0051,2023-09,6,0.6667,2.83,1.0,0.0,1,0
SUP0051,2023-10,12,0.75,2.0,1.0,0.0,0,0
SUP0051,2023-11,6,1.0,-0.17,1.0,0.0,0,0
SUP0051,2023-12,7,1.0,0.0,1.0,0.0,0,0
SUP0051,2024-01,9,0.6667,4.56,1.0,643015.2,6,2
SUP0051,2024-02,5,0.2,9.2,1.0,441472.7,4,3
SUP0051,2024-03,9,0.8889,0.44,1.0,25844.8,0,0
SUP0051,2024-04,8,0.75,1.75,1.0,260721.6,0,0
SUP0051,2024-05,8,0.75,3.38,1.0,0.0,0,0
SUP0051,2024-06,6,0.5,5.33,1.0,77934.9,2,1
SUP0051,2024-07,10,0.8,2.3,1.0,0.0,0,0
SUP0051,2024-08,7,1.0,-0.43,1.0,0.0,0,0
SUP0051,2024-09,13,0.5385,1.85,0.9733,0.0,0,0
SUP0051,2024-10,9,0.6667,3.89,1.0,0.0,0,0
SUP0051,2024-11,10,0.8,1.7,1.0,0.0,0,0
SUP0051,2024-12,10,0.9,0.8,1.0,0.0,0,0
SUP0051,2025-01,7,0.7143,2.57,0.9968,0.0,4,2
SUP0051,2025-02,8,0.125,9.0,1.0,176624.7,6,2
SUP0051,2025-03,8,0.75,1.12,0.9248,0.0,0,0
SUP0051,2025-04,6,0.3333,3.83,1.0,0.0,1,1
SUP0051,2025-05,6,0.8333,0.33,1.0,0.0,0,0
SUP0051,2025-06,13,0.8462,1.46,1.0,0.0,0,0
SUP0051,2025-07,10,0.6,3.8,0.8833,0.0,2,1
SUP0051,2025-08,9,1.0,0.0,1.0,0.0,0,0
SUP0051,2025-09,7,1.0,-0.43,1.0,0.0,0,0
SUP0051,2025-10,7,0.5714,1.86,1.0,440099.0,2,0
SUP0051,2025-11,12,0.6667,2.08,1.0,205226.1,2,2
SUP0051,2025-12,9,0.8571,0.14,1.0,0.0,0,0
SUP0052,2023-01,3,0.6667,-1.0,0.8718,0.0,0,0
SUP0052,2023-02,4,0.75,1.5,1.0,0.0,0,0
SUP0052,2023-03,10,0.3,3.4,0.9858,0.0,0,0
SUP0052,2023-04,4,0.5,3.5,1.0,0.0,0,0
SUP0052,2023-05,2,0.0,3.5,1.0,0.0,0,0
SUP0052,2023-06,8,0.625,1.38,1.0,0.0,0,0
SUP0052,2023-07,3,1.0,-1.67,1.0,0.0,0,0
SUP0052,2023-08,9,0.4444,2.11,0.993,0.0,0,0
SUP0052,2023-09,4,0.75,0.5,1.0,0.0,0,0
SUP0052,2023-10,6,0.1667,2.5,1.0,0.0,0,0
SUP0052,2023-11,6,0.5,2.0,1.0,0.0,0,0
SUP0052,2023-12,8,0.5,5.75,1.0,0.0,0,0
SUP0052,2024-01,8,0.375,3.38,0.9852,21155.7,0,0
SUP0052,2024-02,4,0.75,0.75,1.0,145546.8,0,0
SUP0052,2024-03,5,0.8,2.4,1.0,0.0,0,0
SUP0052,2024-04,5,0.6,1.6,1.0,0.0,0,0
SUP0052,2024-05,3,0.6667,0.33,1.0,0.0,0,0
SUP0052,2024-06,5,0.6,1.0,1.0,0.0,0,0
SUP0052,2024-07,4,0.75,3.0,1.0,0.0,0,0
SUP0052,2024-08,6,0.3333,4.5,0.9814,0.0,0,0
SUP0052,2024-09,5,0.6,1.2,0.9854,0.0,0,0
SUP0052,2024-10,6,0.6667,2.67,1.0,0.0,0,0
SUP0052,2024-11,8,0.5,2.0,0.9753,0.0,0,0
SUP0052,2024-12,12,0.5,2.0,1.0,0.0,0,0
SUP0052,2025-01,9,0.6667,1.78,0.9917,0.0,0,0
SUP0052,2025-02,3,0.6667,1.67,1.0,0.0,0,0
SUP0052,2025-03,9,0.4444,2.11,0.9886,0.0,0,0
SUP0052,2025-04,5,0.0,6.0,1.0,0.0,0,0
SUP0052,2025-05,5,0.6,1.6,1.0,0.0,0,0
SUP0052,2025-06,4,0.5,1.25,0.9739,0.0,0,0
SUP0052,2025-07,3,0.6667,1.0,1.0,0.0,0,0
SUP0052,2025-08,6,1.0,-0.33,1.0,0.0,0,0
SUP0052,2025-09,3,0.6667,1.67,1.0,0.0,0,0
SUP0052,2025-10,8,0.5,5.38,0.9559,0.0,0,0
SUP0052,2025-11,8,0.625,0.5,0.9914,0.0,0,0
SUP0052,2025-12,6,0.4,1.6,1.0,0.0,0,0
SUP0053,2023-02,1,0.0,11.0,1.0,0.0,0,0
SUP0053,2023-03,3,0.3333,2.67,1.0,0.0,0,0
SUP0053,2023-04,1,0.0,11.0,1.0,0.0,0,0
SUP0053,2023-05,1,0.0,12.0,1.0,0.0,0,0
SUP0053,2023-06,1,0.0,6.0,0.1643,0.0,0,0
SUP0053,2023-07,3,0.0,12.33,1.0,0.0,0,0
SUP0053,2023-08,2,0.0,5.0,0.8841,0.0,0,0
SUP0053,2023-09,1,0.0,6.0,1.0,0.0,0,0
SUP0053,2023-10,3,0.0,13.0,1.0,0.0,0,0
SUP0053,2023-11,1,0.0,3.0,1.0,0.0,0,0
SUP0053,2023-12,4,0.25,4.25,1.0,0.0,0,0
SUP0053,2024-02,4,0.0,9.0,1.0,0.0,0,0
SUP0053,2024-03,3,0.3333,6.0,1.0,0.0,0,0
SUP0053,2024-04,1,1.0,0.0,1.0,0.0,0,0
SUP0053,2024-05,3,0.0,7.67,1.0,0.0,0,0
SUP0053,2024-06,1,0.0,8.0,1.0,0.0,0,0
SUP0053,2024-07,3,0.0,2.33,1.0,0.0,0,0
SUP0053,2024-08,2,0.0,6.0,1.0,0.0,0,0
SUP0053,2024-09,1,0.0,4.0,1.0,0.0,0,0
SUP0053,2024-12,1,0.0,5.0,1.0,0.0,0,0
SUP0053,2025-01,2,0.5,1.0,1.0,0.0,0,0
SUP0053,2025-02,1,1.0,0.0,1.0,0.0,0,0
SUP0053,2025-03,1,0.0,10.0,1.0,0.0,0,0
SUP0053,2025-04,3,0.0,5.67,1.0,0.0,0,0
SUP0053,2025-05,4,0.0,8.75,1.0,0.0,0,0
SUP0053,2025-06,1,0.0,7.0,1.0,0.0,0,0
SUP0053,2025-08,1,0.0,2.0,1.0,0.0,0,0
SUP0053,2025-09,3,0.0,3.0,1.0,0.0,0,0
SUP0053,2025-10,3,0.3333,4.0,1.0,0.0,0,0
SUP0053,2025-11,3,0.0,8.33,1.0,0.0,0,0
SUP0053,2025-12,3,0.0,12.0,1.0,0.0,0,0
SUP0054,2023-01,22,0.9091,1.18,1.0,574845.3,11,10
SUP0054,2023-02,42,0.0952,8.9,1.0,239698.9,13,6
SUP0054,2023-03,29,1.0,-0.34,1.0,23896.3,1,0
SUP0054,2023-04,43,0.9535,0.07,1.0,0.0,1,1
SUP0054,2023-05,38,0.9211,0.47,1.0,0.0,2,1
SUP0054,2023-06,34,0.9706,0.24,1.0,1431.1,0,0
SUP0054,2023-07,36,0.9722,0.22,0.8311,2543.7,0,0
SUP0054,2023-08,45,0.8444,1.27,0.9969,63305.1,5,3
SUP0054,2023-09,39,0.9744,-0.08,1.0,8361.1,0,0
SUP0054,2023-10,39,1.0,-0.15,1.0,0.0,0,0
SUP0054,2023-11,37,0.973,0.03,1.0,139960.8,3,0
SUP0054,2023-12,38,0.8421,0.92,1.0,0.0,0,0
SUP0054,2024-01,38,0.8684,1.32,1.0,57937.3,9,5
SUP0054,2024-02,42,0.119,8.55,1.0,215532.8,15,7
SUP0054,2024-03,38,0.9474,0.39,1.0,0.0,2,1
SUP0054,2024-04,39,1.0,-0.36,1.0,0.0,0,0
SUP0054,2024-05,40,0.95,0.2,1.0,0.0,0,0
SUP0054,2024-06,40,0.85,1.05,1.0,21096.8,2,2
SUP0054,2024-07,37,0.8919,1.03,0.9954,78719.7,2,0
SUP0054,2024-08,41,0.878,1.1,1.0,26037.0,3,1
SUP0054,2024-09,28,0.8571,1.07,1.0,68103.5,2,0
SUP0054,2024-10,46,0.8913,0.59,0.9996,1472.2,0,0
SUP0054,2024-11,39,1.0,-0.15,1.0,508.5,0,0
SUP0054,2024-12,36,0.9167,0.03,0.9987,0.0,2,0
SUP0054,2025-01,43,0.8372,1.93,0.9507,182631.6,11,4
SUP0054,2025-02,39,0.1282,8.33,1.0,66155.1,8,2
SUP0054,2025-03,38,1.0,-0.03,1.0,2260.5,0,0
SUP0054,2025-04,38,0.9737,0.05,1.0,0.0,2,1
SUP0054,2025-05,46,0.9783,0.07,0.9589,0.0,0,0
SUP0054,2025-06,23,0.913,0.0,1.0,0.0,0,0
SUP0054,2025-07,41,0.9024,0.37,1.0,19887.7,3,3
SUP0054,2025-08,42,0.881,0.36,0.9977,20337.1,2,1
SUP0054,2025-09,41,0.9268,0.24,1.0,14653.7,0,0
SUP0054,2025-10,30,0.9667,0.07,1.0,56257.0,2,2
SUP0054,2025-11,32,0.9688,-0.5,1.0,0.0,0,0
SUP0054,2025-12,25,0.9167,0.54,1.0,0.0,2,0
SUP0055,2023-01,9,1.0,-0.11,1.0,0.0,0,0
SUP0055,2023-02,8,0.5,2.5,0.9935,1345928.2,2,1
SUP0055,2023-03,11,0.7273,0.64,1.0,0.0,0,0
SUP0055,2023-04,9,0.5556,4.11,1.0,0.0,0,0
SUP0055,2023-05,13,0.6923,0.77,1.0,0.0,0,0
SUP0055,2023-06,9,0.6667,1.44,1.0,0.0,0,0
SUP0055,2023-07,10,0.8,1.3,1.0,0.0,0,0
SUP0055,2023-08,8,0.75,2.75,1.0,0.0,0,0
SUP0055,2023-09,11,0.5455,1.27,0.8894,0.0,0,0
SUP0055,2023-10,10,0.7,2.9,1.0,0.0,0,0
SUP0055,2023-11,16,0.5,2.88,1.0,45811.9,0,0
SUP0055,2023-12,6,0.3333,5.0,1.0,0.0,2,0
SUP0055,2024-01,15,0.6,2.07,0.9849,39947.5,0,0
SUP0055,2024-02,14,0.3571,5.14,0.9389,0.0,0,0
SUP0055,2024-03,15,0.5333,4.2,1.0,20515.8,0,0
SUP0055,2024-04,14,0.2857,3.43,0.9635,0.0,0,0
SUP0055,2024-05,14,0.6429,2.93,1.0,0.0,0,0
SUP0055,2024-06,11,0.8182,-0.45,0.9743,0.0,0,0
SUP0055,2024-07,9,0.5556,2.78,1.0,0.0,0,0
SUP0055,2024-08,13,0.5385,1.85,1.0,0.0,0,0
SUP0055,2024-09,7,0.7143,0.14,0.9872,0.0,0,0
SUP0055,2024-10,15,0.8,0.6,1.0,0.0,0,0
SUP0055,2024-11,8,0.75,1.75,0.882,132132.8,2,0
SUP0055,2024-12,12,0.5833,1.67,0.9968,0.0,0,0
SUP0055,2025-01,13,0.6923,1.15,0.9651,0.0,0,0
SUP0055,2025-02,7,0.7143,0.71,0.9828,0.0,0,0
SUP0055,2025-03,7,0.4286,1.71,0.8785,0.0,0,0
SUP0055,2025-04,12,0.5,3.5,0.9099,0.0,0,0
SUP0055,2025-05,13,0.5385,3.54,1.0,0.0,0,0
SUP0055,2025-06,10,0.5,4.5,1.0,0.0,0,0
SUP0055,2025-07,12,0.5,3.33,0.984,66223.0,2,0
SUP0055,2025-08,12,0.5,0.67,0.8947,0.0,0,0
SUP0055,2025-09,12,0.5,3.25,1.0,0.0,0,0
SUP0055,2025-10,14,0.5,2.79,0.9756,0.0,0,0
SUP0055,2025-11,9,0.3333,5.22,1.0,0.0,0,0
SUP0055,2025-12,9,0.5714,1.71,0.959,0.0,0,0
SUP0056,2023-01,3,0.3333,3.0,1.0,0.0,0,0
SUP0056,2023-02,3,0.0,6.67,0.8448,0.0,0,0
SUP0056,2023-03,2,0.5,0.0,1.0,0.0,0,0
SUP0056,2023-04,3,0.0,9.0,0.7171,0.0,0,0
SUP0056,2023-05,3,0.6667,1.33,1.0,0.0,0,0
SUP0056,2023-06,4,0.0,11.0,1.0,0.0,0,0
SUP0056,2023-07,2,0.5,6.5,1.0,0.0,0,0
SUP0056,2023-08,3,0.3333,5.33,0.9937,0.0,0,0
SUP0056,2023-09,2,0.0,6.0,1.0,0.0,0,0
SUP0056,2023-10,3,0.3333,5.67,1.0,0.0,0,0
SUP0056,2023-11,4,0.25,9.5,1.0,0.0,0,0
SUP0056,2023-12,2,0.0,9.0,1.0,0.0,0,0
SUP0056,2024-01,2,0.0,2.5,0.7898,0.0,0,0
SUP0056,2024-02,1,0.0,12.0,1.0,0.0,0,0
SUP0056,2024-03,1,1.0,0.0,1.0,0.0,0,0
SUP0056,2024-04,1,1.0,0.0,1.0,0.0,0,0
SUP0056,2024-05,1,0.0,11.0,1.0,0.0,0,0
SUP0056,2024-06,2,0.0,8.0,1.0,0.0,0,0
SUP0056,2024-07,1,0.0,3.0,1.0,0.0,0,0
SUP0056,2024-08,1,1.0,0.0,1.0,0.0,0,0
SUP0056,2024-10,1,1.0,-3.0,1.0,0.0,0,0
SUP0056,2024-11,1,0.0,2.0,1.0,0.0,0,0
SUP0056,2024-12,3,0.0,7.0,1.0,0.0,0,0
SUP0056,2025-01,3,0.0,4.67,1.0,0.0,0,0
SUP0056,2025-02,1,0.0,12.0,1.0,0.0,0,0
SUP0056,2025-03,3,0.3333,7.33,1.0,0.0,0,0
SUP0056,2025-04,3,0.0,9.33,1.0,0.0,0,0
SUP0056,2025-05,4,0.0,3.25,1.0,0.0,0,0
SUP0056,2025-06,4,0.0,8.25,0.6421,0.0,0,0
SUP0056,2025-07,3,0.3333,-0.67,0.7362,0.0,0,0
SUP0056,2025-08,2,1.0,-1.0,1.0,0.0,0,0
SUP0056,2025-09,3,0.0,4.0,0.6258,0.0,0,0
SUP0056,2025-10,4,0.5,2.25,0.9702,0.0,0,0
SUP0056,2025-11,1,0.0,12.0,1.0,0.0,0,0
SUP0056,2025-12,1,,,,0.0,0,0
SUP0057,2023-01,1,0.0,1.0,1.0,0.0,0,0
SUP0057,2023-02,4,0.25,7.25,1.0,0.0,0,0
SUP0057,2023-03,5,0.6,2.2,1.0,0.0,0,0
SUP0057,2023-04,3,0.0,7.67,1.0,0.0,0,0
SUP0057,2023-05,4,0.25,0.75,1.0,0.0,0,0
SUP0057,2023-06,4,0.0,8.0,0.9345,0.0,0,0
SUP0057,2023-07,2,0.0,2.0,1.0,0.0,0,0
SUP0057,2023-08,1,1.0,-2.0,1.0,0.0,0,0
SUP0057,2023-09,4,0.5,0.75,0.8242,0.0,0,0
SUP0057,2023-10,1,0.0,2.0,1.0,0.0,0,0
SUP0057,2023-11,2,0.0,9.5,1.0,0.0,0,0
SUP0057,2023-12,1,0.0,7.0,1.0,0.0,0,0
SUP0057,2024-02,2,1.0,-1.5,1.0,0.0,0,0
SUP0057,2024-03,1,0.0,8.0,1.0,0.0,0,0
SUP0057,2024-04,2,0.0,8.5,1.0,0.0,0,0
SUP0057,2024-05,4,0.25,4.25,1.0,0.0,0,0
SUP0057,2024-06,3,0.3333,6.33,0.6271,0.0,0,0
SUP0057,2024-07,3,0.6667,3.67,1.0,0.0,0,0
SUP0057,2024-08,1,0.0,0.0,0.6151,0.0,0,0
SUP0057,2024-09,2,0.5,0.5,1.0,0.0,0,0
SUP0057,2024-10,1,0.0,1.0,1.0,0.0,0,0
SUP0057,2024-11,2,0.0,3.5,1.0,0.0,0,0
SUP0057,2024-12,1,0.0,11.0,1.0,0.0,0,0
SUP0057,2025-01,4,0.25,8.25,1.0,0.0,0,0
SUP0057,2025-02,3,0.0,7.33,1.0,0.0,0,0
SUP0057,2025-03,1,0.0,11.0,1.0,0.0,0,0
SUP0057,2025-05,5,0.4,2.8,1.0,0.0,0,0
SUP0057,2025-06,3,0.3333,6.33,1.0,0.0,0,0
SUP0057,2025-07,2,0.5,-0.5,1.0,0.0,0,0
SUP0057,2025-08,1,0.0,2.0,1.0,0.0,0,0
SUP0057,2025-10,2,1.0,-2.0,1.0,0.0,0,0
SUP0057,2025-11,3,0.3333,6.0,1.0,0.0,0,0
SUP0057,2025-12,2,,,,0.0,0,0
SUP0058,2023-01,9,0.5556,3.44,1.0,0.0,0,0
SUP0058,2023-02,6,0.8333,1.67,1.0,0.0,0,0
SUP0058,2023-03,8,0.875,0.62,1.0,0.0,0,0
SUP0058,2023-04,11,0.5455,1.73,0.9862,0.0,0,0
SUP0058,2023-05,5,0.2,2.8,0.9686,0.0,0,0
SUP0058,2023-06,5,1.0,0.0,1.0,0.0,0,0
SUP0058,2023-07,5,0.4,3.2,1.0,0.0,0,0
SUP0058,2023-08,7,0.7143,0.14,0.9054,0.0,0,0
SUP0058,2023-09,13,0.4615,1.69,0.9616,0.0,0,0
SUP0058,2023-10,10,0.7,0.8,1.0,43198.3,0,0
SUP0058,2023-11,10,0.8,1.7,1.0,1847751.1,0,0
SUP0058,2023-12,16,0.6875,0.62,1.0,442949.4,0,0
SUP0058,2024-01,11,0.6364,0.55,0.9909,0.0,0,0
SUP0058,2024-02,10,0.6,2.2,1.0,0.0,0,0
SUP0058,2024-03,9,0.2222,4.33,1.0,0.0,0,0
SUP0058,2024-04,14,0.7857,0.21,0.98,0.0,0,0
SUP0058,2024-05,11,0.8182,1.27,1.0,0.0,0,0
SUP0058,2024-06,9,0.5556,2.0,0.9783,0.0,0,0
SUP0058,2024-07,7,0.7143,0.43,0.9097,0.0,0,0
SUP0058,2024-08,12,0.5,2.5,1.0,50580.4,0,0
SUP0058,2024-09,7,0.8571,-0.14,0.9933,0.0,0,0
SUP0058,2024-10,14,0.5,2.64,0.9848,0.0,0,0
SUP0058,2024-11,11,0.5455,2.64,1.0,1653182.9,0,0
SUP0058,2024-12,24,0.6667,1.67,1.0,156174.8,0,0
SUP0058,2025-01,11,0.7273,0.82,1.0,0.0,0,0
SUP0058,2025-02,10,0.7,1.6,0.9146,0.0,0,0
SUP0058,2025-03,9,0.4444,2.78,0.9771,0.0,0,0
SUP0058,2025-04,10,0.2,4.5,1.0,0.0,0,0
SUP0058,2025-05,2,0.5,1.0,0.8444,0.0,0,0
SUP0058,2025-06,5,0.6,2.2,1.0,0.0,0,0
SUP0058,2025-07,15,0.8,0.2,1.0,0.0,0,0
SUP0058,2025-08,18,0.8889,0.44,1.0,0.0,0,0
SUP0058,2025-09,14,0.8571,1.07,1.0,10287.3,0,0
SUP0058,2025-10,22,0.6818,1.14,1.0,0.0,0,0
SUP0058,2025-11,13,0.6154,1.15,1.0,109877.7,0,0
SUP0058,2025-12,11,0.6,0.7,1.0,0.0,0,0
SUP0059,2023-02,1,1.0,0.0,1.0,0.0,0,0
SUP0059,2023-03,2,0.5,1.0,1.0,0.0,0,0
SUP0059,2023-05,1,0.0,-2.0,0.7357,0.0,0,0
SUP0059,2023-06,4,0.25,8.25,1.0,0.0,0,0
SUP0059,2023-07,1,0.0,8.0,1.0,0.0,0,0
SUP0059,2023-08,1,0.0,8.0,1.0,0.0,0,0
SUP0059,2023-09,1,0.0,10.0,1.0,0.0,0,0
SUP0059,2023-10,3,0.6667,0.0,1.0,0.0,0,0
SUP0059,2023-11,1,0.0,12.0,1.0,0.0,0,0
SUP0059,2023-12,1,0.0,6.0,1.0,0.0,0,0
SUP0059,2024-02,2,0.0,7.5,1.0,0.0,0,0
SUP0059,2024-03,2,0.0,12.5,1.0,0.0,0,0
SUP0059,2024-04,2,0.0,4.0,1.0,0.0,0,0
SUP0059,2024-05,1,1.0,-1.0,1.0,0.0,0,0
SUP0059,2024-06,4,0.25,5.25,0.9785,0.0,0,0
SUP0059,2024-07,1,0.0,10.0,1.0,0.0,0,0
SUP0059,2024-08,6,0.3333,3.5,1.0,0.0,0,0
SUP0059,2024-09,3,0.3333,1.67,1.0,0.0,0,0
SUP0059,2024-10,4,0.0,4.75,1.0,0.0,0,0
SUP0059,2024-11,1,0.0,5.0,1.0,0.0,0,0
SUP0059,2024-12,1,0.0,8.0,1.0,0.0,0,0
SUP0059,2025-01,1,0.0,13.0,1.0,0.0,0,0
SUP0059,2025-03,5,0.2,5.8,0.9492,0.0,0,0
SUP0059,2025-04,1,0.0,4.0,1.0,0.0,0,0
SUP0059,2025-05,1,0.0,3.0,1.0,0.0,0,0
SUP0059,2025-06,2,0.0,3.5,1.0,0.0,0,0
SUP0059,2025-07,2,0.5,-0.5,1.0,0.0,0,0
SUP0059,2025-08,2,0.5,1.0,1.0,0.0,0,0
SUP0059,2025-09,2,0.5,2.0,1.0,0.0,0,0
SUP0059,2025-10,4,0.0,3.75,1.0,0.0,0,0
SUP0059,2025-11,1,0.0,14.0,1.0,0.0,0,0
SUP0059,2025-12,2,0.0,11.0,1.0,0.0,0,0
SUP0060,2023-01,1,0.0,0.0,0.4317,0.0,0,0
SUP0060,2023-02,1,0.0,6.0,1.0,0.0,0,0
SUP0060,2023-03,3,0.3333,0.0,1.0,0.0,0,0
SUP0060,2023-04,4,0.0,5.5,1.0,0.0,0,0
SUP0060,2023-05,2,0.5,2.0,1.0,0.0,0,0
SUP0060,2023-06,2,0.5,2.5,1.0,0.0,0,0
SUP0060,2023-07,3,0.3333,6.33,1.0,0.0,0,0
SUP0060,2023-08,3,0.0,7.67,0.893,0.0,0,0
SUP0060,2023-09,2,0.0,11.5,0.6563,0.0,0,0
SUP0060,2023-10,2,0.0,7.0,1.0,0.0,0,0
SUP0060,2023-11,2,0.0,6.5,0.7527,0.0,0,0
SUP0060,2023-12,3,0.0,8.0,1.0,0.0,0,0
SUP0060,2024-01,2,0.5,5.0,1.0,0.0,0,0
SUP0060,2024-03,1,1.0,0.0,1.0,0.0,0,0
SUP0060,2024-04,3,0.0,11.0,1.0,0.0,0,0
SUP0060,2024-05,3,0.0,9.67,1.0,0.0,0,0
SUP0060,2024-06,3,0.0,7.33,1.0,0.0,0,0
SUP0060,2024-07,1,1.0,-3.0,1.0,0.0,0,0
SUP0060,2024-08,2,0.0,1.5,1.0,0.0,0,0
SUP0060,2024-09,2,0.5,3.5,1.0,0.0,0,0
SUP0060,2024-10,1,0.0,11.0,1.0,0.0,0,0
SUP0060,2024-11,3,0.0,8.0,1.0,0.0,0,0
SUP0060,2024-12,3,0.3333,3.67,1.0,0.0,0,0
SUP0060,2025-01,1,0.0,11.0,0.2407,0.0,0,0
SUP0060,2025-02,1,0.0,8.0,1.0,0.0,0,0
SUP0060,2025-03,2,0.5,0.5,0.6966,0.0,0,0
SUP0060,2025-04,3,0.0,8.0,1.0,0.0,0,0
SUP0060,2025-05,1,1.0,-1.0,1.0,0.0,0,0
SUP0060,2025-06,2,0.0,12.0,1.0,0.0,0,0
SUP0060,2025-07,2,0.0,12.0,1.0,0.0,0,0
SUP0060,2025-08,1,1.0,-1.0,1.0,0.0,0,0
SUP0060,2025-09,1,0.0,6.0,0.2351,0.0,0,0
SUP0060,2025-10,2,0.0,12.5,1.0,0.0,0,0
SUP0060,2025-11,1,1.0,-1.0,1.0,0.0,0,0
SUP0060,2025-12,1,,,,0.0,0,0
SUP0061,2023-03,2,0.0,4.0,0.8528,0.0,0,0
SUP0061,2023-04,2,0.0,1.5,1.0,0.0,0,0
SUP0061,2023-05,1,0.0,8.0,1.0,0.0,0,0
SUP0061,2023-06,2,0.0,8.0,0.9154,0.0,0,0
SUP0061,2023-07,2,1.0,-1.5,1.0,0.0,0,0
SUP0061,2023-08,2,0.0,11.0,1.0,0.0,0,0
SUP0061,2023-09,3,0.0,3.33,0.8198,0.0,0,0
SUP0061,2023-10,1,0.0,7.0,1.0,0.0,0,0
SUP0061,2023-11,2,1.0,-1.5,1.0,0.0,0,0
SUP0061,2023-12,6,0.3333,3.17,1.0,0.0,0,0
SUP0061,2024-01,7,0.2857,4.43,0.9015,0.0,0,0
SUP0061,2024-02,1,0.0,10.0,1.0,0.0,0,0
SUP0061,2024-03,2,0.0,5.5,1.0,0.0,0,0
SUP0061,2024-04,1,1.0,-2.0,1.0,0.0,0,0
SUP0061,2024-07,1,0.0,11.0,1.0,0.0,0,0
SUP0061,2024-08,1,0.0,11.0,1.0,0.0,0,0
SUP0061,2024-10,3,0.3333,6.67,1.0,0.0,0,0
SUP0061,2024-11,1,0.0,1.0,1.0,0.0,0,0
SUP0061,2024-12,3,0.0,3.67,1.0,0.0,0,0
SUP0061,2025-01,1,1.0,0.0,1.0,0.0,0,0
SUP0061,2025-02,1,1.0,-1.0,1.0,0.0,0,0
SUP0061,2025-04,3,0.3333,5.0,1.0,0.0,0,0
SUP0061,2025-05,1,1.0,-3.0,1.0,0.0,0,0
SUP0061,2025-06,1,0.0,6.0,1.0,0.0,0,0
SUP0061,2025-07,2,0.0,14.0,1.0,0.0,0,0
SUP0061,2025-08,2,0.0,1.5,0.6508,0.0,0,0
SUP0061,2025-09,2,1.0,-1.5,1.0,0.0,0,0
SUP0061,2025-10,2,0.5,0.0,0.8023,0.0,0,0
SUP0061,2025-11,2,0.0,5.5,0.2904,0.0,0,0
SUP0061,2025-12,2,,,,0.0,0,0
SUP0062,2023-01,3,0.6667,0.0,0.8752,0.0,0,0
SUP0062,2023-02,6,1.0,-0.5,1.0,0.0,0,0
SUP0062,2023-03,12,0.5833,2.08,0.913,0.0,0,0
SUP0062,2023-04,11,0.8182,0.82,0.9853,0.0,0,0
SUP0062,2023-05,8,0.75,1.5,1.0,0.0,0,0
SUP0062,2023-06,12,0.75,0.92,0.9526,13723.4,0,0
SUP0062,2023-07,15,0.6667,2.07,0.9475,0.0,0,0
SUP0062,2023-08,10,0.6,2.2,0.9046,0.0,0,0
SUP0062,2023-09,16,0.75,0.12,0.9961,0.0,0,0
SUP0062,2023-10,12,0.5833,2.0,1.0,0.0,0,0
SUP0062,2023-11,8,0.75,2.88,1.0,0.0,0,0
SUP0062,2023-12,21,0.9524,-0.48,0.9865,0.0,0,0
SUP0062,2024-01,13,0.4615,4.23,1.0,0.0,0,0
SUP0062,2024-02,12,0.6667,1.33,1.0,0.0,0,0
SUP0062,2024-03,12,0.8333,1.25,1.0,0.0,0,0
SUP0062,2024-04,8,0.5,3.75,1.0,0.0,0,0
SUP0062,2024-05,10,0.7,2.3,1.0,0.0,0,0
SUP0062,2024-06,7,0.5714,4.29,1.0,0.0,0,0
SUP0062,2024-07,17,0.5882,2.88,1.0,0.0,0,0
SUP0062,2024-08,11,0.9091,-0.27,0.9686,0.0,0,0
SUP0062,2024-09,16,0.6875,1.0,0.9999,0.0,0,0
SUP0062,2024-10,13,0.7692,1.92,0.9743,0.0,0,0
SUP0062,2024-11,17,0.8235,2.0,0.9155,0.0,0,0
SUP0062,2024-12,8,0.875,1.0,1.0,0.0,0,0
SUP0062,2025-01,13,0.9231,0.08,1.0,24654.9,0,0
SUP0062,2025-02,11,0.9091,0.64,1.0,70562.9,2,1
SUP0062,2025-03,15,0.9333,-0.47,0.9468,0.0,0,0
SUP0062,2025-04,14,0.7857,0.07,0.9929,0.0,0,0
SUP0062,2025-05,7,0.4286,3.43,1.0,0.0,0,0
SUP0062,2025-06,10,0.9,0.5,1.0,0.0,0,0
SUP0062,2025-07,8,0.5,5.12,1.0,0.0,0,0
SUP0062,2025-08,9,0.4444,4.78,1.0,0.0,0,0
SUP0062,2025-09,8,0.75,2.5,1.0,0.0,0,0
SUP0062,2025-10,13,0.4615,3.54,0.9821,0.0,0,0
SUP0062,2025-11,12,0.6667,0.17,0.8564,0.0,0,0
SUP0062,2025-12,9,0.875,1.12,1.0,0.0,0,0
SUP0063,2023-01,5,0.4,3.0,1.0,0.0,0,0
SUP0063,2023-02,7,0.2857,3.0,1.0,0.0,0,0
SUP0063,2023-03,6,1.0,-0.5,1.0,194683.3,0,0
SUP0063,2023-04,4,0.75,0.25,1.0,0.0,0,0
SUP0063,2023-05,7,0.5714,3.29,1.0,0.0,0,0
SUP0063,2023-06,8,0.75,2.38,1.0,93423.3,0,0
SUP0063,2023-07,3,1.0,-1.0,1.0,0.0,0,0
SUP0063,2023-08,5,0.6,1.6,1.0,0.0,0,0
SUP0063,2023-09,7,0.8571,1.43,1.0,0.0,0,0
SUP0063,2023-10,8,0.5,1.38,0.8258,0.0,0,0
SUP0063,2023-11,4,0.5,2.25,1.0,0.0,0,0
SUP0063,2023-12,4,0.5,4.0,1.0,0.0,0,0
SUP0063,2024-01,3,0.6667,-0.67,0.9312,0.0,0,0
SUP0063,2024-02,8,0.75,0.62,0.8286,0.0,0,0
SUP0063,2024-03,5,1.0,-1.0,1.0,0.0,0,0
SUP0063,2024-04,9,0.6667,0.78,0.999,128851.7,0,0
SUP0063,2024-05,9,0.6667,3.11,1.0,0.0,0,0
SUP0063,2024-06,6,0.8333,0.33,1.0,0.0,0,0
SUP0063,2024-07,8,0.5,1.38,1.0,0.0,0,0
SUP0063,2024-08,3,0.6667,4.67,1.0,0.0,0,0
SUP0063,2024-09,6,0.6667,2.83,1.0,0.0,0,0
SUP0063,2024-10,8,0.875,1.12,0.8291,0.0,0,0
SUP0063,2024-11,4,0.75,0.75,1.0,0.0,0,0
SUP0063,2024-12,6,0.8333,1.17,1.0,0.0,0,0
SUP0063,2025-01,4,0.75,0.25,1.0,0.0,0,0
SUP0063,2025-02,3,0.3333,0.67,1.0,0.0,0,0
SUP0063,2025-03,5,0.4,4.4,0.995,0.0,0,0
SUP0063,2025-04,8,0.5,1.62,0.9955,0.0,0,0
SUP0063,2025-05,7,0.8571,1.57,1.0,0.0,0,0
SUP0063,2025-06,3,0.0,3.67,1.0,0.0,0,0
SUP0063,2025-07,3,0.3333,6.33,0.739,0.0,0,0
SUP0063,2025-08,6,0.6667,0.5,1.0,0.0,0,0
SUP0063,2025-09,9,0.6667,2.0,0.8692,0.0,0,0
SUP0063,2025-10,2,0.5,1.5,0.8188,0.0,0,0
SUP0063,2025-11,5,0.8,1.8,1.0,0.0,0,0
SUP0063,2025-12,1,,,,0.0,0,0
SUP0064,2023-04,1,0.0,12.0,1.0,0.0,0,0
SUP0064,2023-05,1,1.0,-1.0,1.0,0.0,0,0
SUP0064,2023-06,2,0.5,0.0,1.0,0.0,0,0
SUP0064,2023-07,2,0.0,10.0,1.0,0.0,0,0
SUP0064,2023-08,1,0.0,5.0,1.0,0.0,0,0
SUP0064,2023-09,4,0.25,3.75,1.0,0.0,0,0
SUP0064,2023-11,1,0.0,2.0,1.0,0.0,0,0
SUP0064,2023-12,1,1.0,0.0,1.0,0.0,0,0
SUP0064,2024-01,2,0.5,-0.5,1.0,0.0,0,0
SUP0064,2024-03,3,0.6667,3.67,1.0,0.0,0,0
SUP0064,2024-04,6,0.1667,6.17,1.0,0.0,0,0
SUP0064,2024-05,2,0.0,8.5,0.8158,0.0,0,0
SUP0064,2024-06,3,0.0,2.33,1.0,0.0,0,0
SUP0064,2024-07,2,0.0,9.0,1.0,0.0,0,0
SUP0064,2024-08,2,0.0,9.0,1.0,0.0,0,0
SUP0064,2024-09,2,0.0,3.5,0.8071,0.0,0,0
SUP0064,2024-10,1,0.0,13.0,1.0,0.0,0,0
SUP0064,2024-11,4,0.0,6.0,1.0,0.0,0,0
SUP0064,2024-12,4,0.25,8.25,1.0,0.0,0,0
SUP0064,2025-01,4,0.25,4.5,1.0,0.0,0,0
SUP0064,2025-02,1,1.0,-3.0,1.0,0.0,0,0
SUP0064,2025-03,1,0.0,13.0,1.0,0.0,0,0
SUP0064,2025-04,2,0.0,4.5,1.0,0.0,0,0
SUP0064,2025-05,3,0.3333,4.67,1.0,0.0,0,0
SUP0064,2025-06,1,0.0,3.0,1.0,0.0,0,0
SUP0064,2025-08,1,1.0,0.0,1.0,0.0,0,0
SUP0064,2025-09,5,0.2,3.2,0.9991,0.0,0,0
SUP0064,2025-10,2,0.5,6.0,1.0,0.0,0,0
SUP0064,2025-11,3,0.6667,1.33,1.0,0.0,0,0
SUP0064,2025-12,4,0.3333,4.67,1.0,0.0,0,0
SUP0065,2023-01,2,1.0,-1.5,1.0,0.0,2,1
SUP0065,2023-02,11,0.0909,5.91,1.0,25198.4,2,1
SUP0065,2023-03,16,0.5625,3.56,0.9607,0.0,0,0
SUP0065,2023-04,14,0.7857,0.07,1.0,0.0,0,0
SUP0065,2023-05,17,0.8824,0.29,1.0,0.0,0,0
SUP0065,2023-06,12,0.8333,1.25,1.0,0.0,0,0
SUP0065,2023-07,12,1.0,0.0,1.0,0.0,0,0
SUP0065,2023-08,15,0.8667,0.27,1.0,0.0,0,0
SUP0065,2023-09,12,0.8333,0.58,1.0,30167.3,0,0
SUP0065,2023-10,8,0.75,1.12,0.8984,0.0,0,0
SUP0065,2023-11,9,1.0,-0.56,1.0,0.0,0,0
SUP0065,2023-12,10,1.0,0.0,1.0,0.0,0,0
SUP0065,2024-01,12,0.75,1.58,1.0,258480.9,4,2
SUP0065,2024-02,9,0.2222,6.78,1.0,44722.4,2,1
SUP0065,2024-03,16,0.875,0.62,1.0,0.0,0,0
SUP0065,2024-04,9,0.8889,0.33,1.0,0.0,0,0
SUP0065,2024-05,15,0.8667,0.73,1.0,0.0,0,0
SUP0065,2024-06,9,0.8889,0.22,1.0,0.0,0,0
SUP0065,2024-07,15,0.8,0.53,1.0,0.0,0,0
SUP0065,2024-08,5,0.6,0.8,1.0,0.0,0,0
SUP0065,2024-09,20,0.8,1.05,0.9969,0.0,0,0
SUP0065,2024-10,10,0.8,2.6,1.0,0.0,0,0
SUP0065,2024-11,13,0.9231,0.38,0.9999,0.0,0,0
SUP0065,2024-12,11,0.8182,0.64,1.0,0.0,0,0
SUP0065,2025-01,7,0.8571,0.29,1.0,0.0,0,0
SUP0065,2025-02,10,0.0,9.4,1.0,40091.9,2,1
SUP0065,2025-03,9,0.7778,2.89,1.0,0.0,0,0
SUP0065,2025-04,12,0.75,0.92,1.0,0.0,0,0
SUP0065,2025-05,10,0.8,1.0,0.9845,0.0,0,0
SUP0065,2025-06,10,0.5,1.7,1.0,0.0,0,0
SUP0065,2025-07,11,0.9091,0.82,1.0,0.0,0,0
SUP0065,2025-08,11,0.9091,-0.09,1.0,0.0,0,0
SUP0065,2025-09,5,0.8,0.4,1.0,0.0,0,0
SUP0065,2025-10,10,0.8,0.7,1.0,0.0,0,0
SUP0065,2025-11,12,0.75,2.0,1.0,0.0,0,0
SUP0065,2025-12,10,0.75,0.5,0.8544,0.0,0,0
SUP0066,2023-03,1,0.0,13.0,1.0,0.0,0,0
SUP0066,2023-04,5,0.2,5.0,1.0,0.0,0,0
SUP0066,2023-05,1,0.0,9.0,1.0,0.0,0,0
SUP0066,2023-06,1,0.0,14.0,1.0,0.0,0,0
SUP0066,2023-07,6,0.1667,8.33,0.8683,0.0,0,0
SUP0066,2023-08,1,1.0,-1.0,1.0,0.0,0,0
SUP0066,2023-09,3,0.0,5.0,1.0,0.0,0,0
SUP0066,2023-10,1,1.0,-2.0,1.0,0.0,0,0
SUP0066,2023-11,1,1.0,-3.0,1.0,0.0,0,0
SUP0066,2023-12,2,0.5,6.0,1.0,0.0,0,0
SUP0066,2024-01,3,0.0,3.33,0.9638,0.0,0,0
SUP0066,2024-02,1,0.0,12.0,0.3573,0.0,0,0
SUP0066,2024-03,3,0.3333,5.33,1.0,0.0,0,0
SUP0066,2024-05,2,0.5,1.5,1.0,0.0,0,0
SUP0066,2024-06,1,1.0,-2.0,1.0,0.0,0,0
SUP0066,2024-07,1,0.0,11.0,1.0,0.0,0,0
SUP0066,2024-08,2,0.0,5.5,1.0,0.0,0,0
SUP0066,2024-09,3,0.6667,2.33,1.0,0.0,0,0
SUP0066,2024-10,2,0.0,7.5,1.0,0.0,0,0
SUP0066,2024-11,2,0.0,8.0,1.0,0.0,0,0
SUP0066,2024-12,2,0.5,1.5,1.0,0.0,0,0
SUP0066,2025-01,3,0.0,7.67,1.0,0.0,0,0
SUP0066,2025-02,1,0.0,8.0,1.0,0.0,0,0
SUP0066,2025-03,1,0.0,11.0,1.0,0.0,0,0
SUP0066,2025-04,2,0.0,8.0,1.0,0.0,0,0
SUP0066,2025-05,2,0.5,5.0,1.0,0.0,0,0
SUP0066,2025-06,6,0.1667,5.17,1.0,0.0,0,0
SUP0066,2025-07,2,0.5,-2.5,0.857,0.0,0,0
SUP0066,2025-08,3,0.0,7.33,1.0,0.0,0,0
SUP0066,2025-09,3,0.3333,7.33,1.0,0.0,0,0
SUP0066,2025-10,4,0.25,5.5,1.0,0.0,0,0
SUP0066,2025-11,3,0.3333,6.67,0.5764,0.0,0,0
SUP0066,2025-12,6,1.0,0.0,1.0,0.0,0,0
SUP0067,2023-02,1,1.0,-3.0,1.0,0.0,0,0
SUP0067,2023-03,1,0.0,11.0,1.0,0.0,0,0
SUP0067,2023-04,2,0.0,12.0,1.0,0.0,0,0
SUP0067,2023-06,4,0.0,6.5,1.0,0.0,0,0
SUP0067,2023-07,3,0.3333,3.33,1.0,0.0,0,0
SUP0067,2023-08,1,1.0,-3.0,1.0,0.0,0,0
SUP0067,2023-09,5,0.4,5.2,1.0,0.0,0,0
SUP0067,2023-10,2,0.0,8.0,1.0,0.0,0,0
SUP0067,2023-11,4,0.25,6.5,1.0,0.0,0,0
SUP0067,2023-12,4,0.5,4.0,1.0,0.0,0,0
SUP0067,2024-01,4,0.5,-0.25,0.9966,0.0,0,0
SUP0067,2024-02,3,0.0,10.33,1.0,0.0,0,0
SUP0067,2024-03,3,0.0,7.0,0.9554,0.0,0,0
SUP0067,2024-05,1,0.0,2.0,0.2532,0.0,0,0
SUP0067,2024-06,4,0.0,5.25,1.0,0.0,0,0
SUP0067,2024-07,3,0.0,9.0,1.0,0.0,0,0
SUP0067,2024-08,3,0.0,11.33,1.0,0.0,0,0
SUP0067,2024-09,1,0.0,7.0,1.0,0.0,0,0
SUP0067,2024-11,4,0.25,4.75,0.8102,0.0,0,0
SUP0067,2024-12,3,0.0,5.67,1.0,0.0,0,0
SUP0067,2025-01,6,0.5,3.83,1.0,0.0,0,0
SUP0067,2025-02,3,0.3333,-1.0,0.834,0.0,0,0
SUP0067,2025-03,1,0.0,6.0,0.7613,0.0,0,0
SUP0067,2025-04,2,0.0,5.0,1.0,0.0,0,0
SUP0067,2025-05,2,0.5,3.0,1.0,0.0,0,0
SUP0067,2025-06,1,0.0,2.0,1.0,0.0,0,0
SUP0067,2025-07,2,0.0,7.0,1.0,0.0,0,0
SUP0067,2025-08,2,0.0,5.5,1.0,0.0,0,0
SUP0067,2025-09,1,0.0,4.0,1.0,0.0,0,0
SUP0067,2025-10,2,0.0,10.0,1.0,0.0,0,0
SUP0067,2025-11,1,0.0,1.0,1.0,0.0,0,0
SUP0067,2025-12,2,0.5,4.0,1.0,0.0,0,0
SUP0068,2023-01,1,0.0,9.0,0.6279,0.0,0,0
SUP0068,2023-02,1,0.0,4.0,1.0,0.0,0,0
SUP0068,2023-03,2,0.0,3.5,1.0,0.0,0,0
SUP0068,2023-04,1,0.0,8.0,0.2923,0.0,0,0
SUP0068,2023-05,1,0.0,5.0,1.0,0.0,0,0
SUP0068,2023-06,4,0.25,6.5,1.0,0.0,0,0
SUP0068,2023-07,3,0.0,5.67,1.0,0.0,0,0
SUP0068,2023-09,2,0.0,6.5,1.0,0.0,0,0
SUP0068,2023-10,5,0.4,4.4,1.0,0.0,0,0
SUP0068,2023-11,2,0.0,8.0,1.0,0.0,0,0
SUP0068,2023-12,2,0.0,12.0,1.0,0.0,0,0
SUP0068,2024-02,1,0.0,12.0,1.0,0.0,0,0
SUP0068,2024-03,3,0.3333,5.0,1.0,0.0,0,0
SUP0068,2024-04,5,0.0,9.2,1.0,0.0,0,0
SUP0068,2024-05,2,0.0,4.5,1.0,0.0,0,0
SUP0068,2024-06,3,0.0,6.33,1.0,0.0,0,0
SUP0068,2024-08,1,0.0,6.0,1.0,0.0,0,0
SUP0068,2024-09,4,0.25,3.75,1.0,0.0,0,0
SUP0068,2024-10,2,0.0,6.5,1.0,0.0,0,0
SUP0068,2024-11,2,0.5,5.0,1.0,0.0,0,0
SUP0068,2024-12,2,0.0,12.0,1.0,0.0,0,0
SUP0068,2025-01,1,0.0,1.0,1.0,0.0,0,0
SUP0068,2025-02,2,0.5,1.5,1.0,0.0,0,0
SUP0068,2025-04,5,0.2,3.4,1.0,0.0,0,0
SUP0068,2025-05,2,0.5,6.5,1.0,0.0,0,0
SUP0068,2025-06,4,0.5,3.5,1.0,0.0,0,0
SUP0068,2025-07,3,0.3333,2.67,1.0,0.0,0,0
SUP0068,2025-09,2,0.0,10.0,1.0,0.0,0,0
SUP0068,2025-11,4,0.0,6.67,0.7881,0.0,0,0
SUP0068,2025-12,1,,,,0.0,0,0
SUP0069,2023-03,2,1.0,-1.5,1.0,0.0,0,0
SUP0069,2023-04,1,0.0,3.0,0.553,0.0,0,0
SUP0069,2023-05,3,0.3333,0.67,0.8131,0.0,0,0
SUP0069,2023-06,2,0.0,14.0,0.8233,0.0,0,0
SUP0069,2023-07,3,0.0,8.33,1.0,0.0,0,0
SUP0069,2023-08,1,0.0,4.0,1.0,0.0,0,0
SUP0069,2023-09,1,0.0,5.0,1.0,0.0,0,0
SUP0069,2023-10,3,0.0,9.33,0.9984,0.0,0,0
SUP0069,2023-11,2,0.0,8.5,0.5836,0.0,0,0
SUP0069,2024-01,3,0.0,7.0,1.0,0.0,0,0
SUP0069,2024-02,2,0.5,5.5,1.0,0.0,0,0
SUP0069,2024-03,1,0.0,12.0,1.0,0.0,0,0
SUP0069,2024-04,3,0.0,6.33,1.0,0.0,0,0
SUP0069,2024-05,3,0.0,6.67,1.0,0.0,0,0
SUP0069,2024-06,5,0.4,3.2,1.0,0.0,0,0
SUP0069,2024-07,2,0.0,13.0,1.0,0.0,0,0
SUP0069,2024-08,2,0.5,3.0,1.0,0.0,0,0
SUP0069,2024-10,2,0.0,4.5,1.0,0.0,0,0
SUP0069,2024-11,5,0.4,1.0,0.8636,0.0,0,0
SUP0069,2024-12,3,0.3333,0.33,0.8202,0.0,0,0
SUP0069,2025-01,2,0.0,7.0,1.0,0.0,0,0
SUP0069,2025-02,3,0.3333,4.0,1.0,0.0,0,0
SUP0069,2025-04,2,0.0,8.5,1.0,0.0,0,0
SUP0069,2025-05,1,0.0,6.0,1.0,0.0,0,0
SUP0069,2025-06,1,0.0,12.0,1.0,0.0,0,0
SUP0069,2025-07,7,0.1429,5.29,1.0,0.0,0,0
SUP0069,2025-08,3,0.3333,2.67,1.0,0.0,0,0
SUP0069,2025-09,1,0.0,7.0,0.4492,0.0,0,0
SUP0069,2025-10,3,0.3333,5.0,1.0,0.0,0,0
SUP0069,2025-11,3,0.0,6.33,1.0,0.0,0,0
SUP0069,2025-12,3,1.0,0.0,1.0,0.0,0,0
SUP0070,2023-02,1,1.0,-1.0,1.0,0.0,0,0
SUP0070,2023-03,2,0.5,5.5,1.0,0.0,0,0
SUP0070,2023-04,3,0.0,6.33,0.7933,0.0,0,0
SUP0070,2023-06,5,0.2,6.0,1.0,0.0,0,0
SUP0070,2023-07,5,0.4,3.6,0.8823,0.0,0,0
SUP0070,2023-08,1,0.0,2.0,1.0,0.0,0,0
SUP0070,2023-09,3,0.0,9.67,1.0,0.0,0,0
SUP0070,2023-11,4,0.25,4.5,1.0,0.0,0,0
SUP0070,2023-12,3,0.3333,8.0,1.0,0.0,0,0
SUP0070,2024-01,1,0.0,2.0,1.0,0.0,0,0
SUP0070,2024-02,1,1.0,-3.0,1.0,0.0,0,0
SUP0070,2024-04,1,0.0,8.0,1.0,0.0,0,0
SUP0070,2024-05,4,0.0,3.25,1.0,0.0,0,0
SUP0070,2024-06,1,0.0,7.0,1.0,0.0,0,0
SUP0070,2024-07,3,0.6667,-1.33,0.8426,0.0,0,0
SUP0070,2024-08,5,0.0,6.0,0.6362,0.0,0,0
SUP0070,2024-09,1,0.0,12.0,1.0,0.0,0,0
SUP0070,2024-10,1,0.0,3.0,1.0,0.0,0,0
SUP0070,2024-11,3,0.3333,1.0,0.7544,0.0,0,0
SUP0070,2025-02,4,0.5,1.5,1.0,0.0,0,0
SUP0070,2025-03,2,0.0,4.5,1.0,0.0,0,0
SUP0070,2025-04,4,0.25,1.75,0.7965,0.0,0,0
SUP0070,2025-05,4,0.25,6.5,0.9319,0.0,0,0
SUP0070,2025-06,2,0.0,3.0,0.707,0.0,0,0
SUP0070,2025-07,5,0.0,7.8,1.0,0.0,0,0
SUP0070,2025-08,2,0.0,12.0,1.0,0.0,0,0
SUP0070,2025-09,1,0.0,13.0,1.0,0.0,0,0
SUP0070,2025-10,1,0.0,5.0,1.0,0.0,0,0
SUP0070,2025-11,1,0.0,4.0,1.0,0.0,0,0
SUP0071,2023-02,2,0.0,8.5,1.0,0.0,0,0
SUP0071,2023-03,2,0.0,13.0,0.8957,0.0,0,0
SUP0071,2023-04,2,0.5,3.0,1.0,0.0,0,0
SUP0071,2023-05,4,0.5,1.75,0.7849,0.0,0,0
SUP0071,2023-06,2,1.0,-2.0,1.0,0.0,0,0
SUP0071,2023-07,1,0.0,1.0,0.3269,0.0,0,0
SUP0071,2023-08,2,0.0,7.0,1.0,0.0,0,0
SUP0071,2023-12,5,0.4,1.8,1.0,0.0,0,0
SUP0071,2024-01,3,0.0,6.33,0.7789,0.0,0,0
SUP0071,2024-02,1,0.0,1.0,1.0,0.0,0,0
SUP0071,2024-03,4,0.5,4.5,1.0,0.0,0,0
SUP0071,2024-04,1,0.0,9.0,1.0,0.0,0,0
SUP0071,2024-05,1,0.0,2.0,1.0,0.0,0,0
SUP0071,2024-06,2,0.5,1.5,1.0,0.0,0,0
SUP0071,2024-07,1,0.0,3.0,1.0,0.0,0,0
SUP0071,2024-09,1,0.0,2.0,1.0,0.0,0,0
SUP0071,2024-10,2,0.0,6.5,1.0,0.0,0,0
SUP0071,2024-11,3,0.3333,7.0,0.9125,0.0,0,0
SUP0071,2025-01,1,0.0,11.0,1.0,0.0,0,0
SUP0071,2025-02,2,0.5,5.0,1.0,0.0,0,0
SUP0071,2025-05,1,0.0,-2.0,0.1721,0.0,0,0
SUP0071,2025-06,1,1.0,-1.0,1.0,0.0,0,0
SUP0071,2025-08,2,0.0,7.5,1.0,0.0,0,0
SUP0071,2025-09,1,0.0,1.0,1.0,0.0,0,0
SUP0071,2025-10,2,0.5,1.0,1.0,0.0,0,0
SUP0071,2025-11,1,0.0,12.0,1.0,0.0,0,0
SUP0071,2025-12,3,0.0,8.0,1.0,0.0,0,0
SUP0072,2023-02,1,1.0,-3.0,1.0,0.0,0,0
SUP0072,2023-03,6,0.1667,5.67,0.8914,0.0,0,0
SUP0072,2023-04,2,0.0,4.0,1.0,0.0,0,0
SUP0072,2023-06,1,0.0,13.0,1.0,0.0,0,0
SUP0072,2023-08,2,0.0,3.0,1.0,0.0,0,0
SUP0072,2023-09,1,0.0,7.0,1.0,0.0,0,0
SUP0072,2023-11,3,0.3333,6.0,1.0,0.0,0,0
SUP0072,2023-12,2,0.0,3.0,1.0,0.0,0,0
SUP0072,2024-01,1,0.0,12.0,1.0,0.0,0,0
SUP0072,2024-02,3,0.0,9.67,0.848,0.0,0,0
SUP0072,2024-03,2,0.5,2.0,1.0,0.0,0,0
SUP0072,2024-04,3,0.3333,3.67,1.0,0.0,0,0
SUP0072,2024-05,3,0.3333,5.0,0.8405,0.0,0,0
SUP0072,2024-06,3,0.3333,4.33,0.97,0.0,0,0
SUP0072,2024-07,2,0.0,4.0,1.0,0.0,0,0
SUP0072,2024-08,2,0.0,11.5,1.0,0.0,0,0
SUP0072,2024-09,3,0.0,10.0,0.9361,0.0,0,0
SUP0072,2024-10,2,0.0,8.0,1.0,0.0,0,0
SUP0072,2024-11,4,0.0,7.5,1.0,0.0,0,0
SUP0072,2024-12,2,1.0,-1.0,1.0,0.0,0,0
SUP0072,2025-01,3,0.0,11.33,1.0,0.0,0,0
SUP0072,2025-02,1,0.0,14.0,1.0,0.0,0,0
SUP0072,2025-03,1,0.0,13.0,1.0,0.0,0,0
SUP0072,2025-06,3,0.0,3.33,1.0,0.0,0,0
SUP0072,2025-07,3,0.3333,4.0,1.0,0.0,0,0
SUP0072,2025-08,3,0.0,10.67,0.8398,0.0,0,0
SUP0072,2025-09,5,0.2,4.2,0.8856,0.0,0,0
SUP0072,2025-10,1,0.0,14.0,1.0,0.0,0,0
SUP0072,2025-11,3,0.0,5.67,0.8662,0.0,0,0
SUP0072,2025-12,7,0.2,2.8,1.0,0.0,0,0
SUP0073,2023-03,3,0.0,8.33,1.0,0.0,0,0
SUP0073,2023-04,3,0.3333,5.33,1.0,0.0,0,0
SUP0073,2023-05,2,0.5,2.5,1.0,0.0,0,0
SUP0073,2023-06,4,0.0,7.75,1.0,0.0,0,0
SUP0073,2023-07,2,0.0,3.5,1.0,0.0,0,0
SUP0073,2023-08,1,0.0,12.0,1.0,0.0,0,0
SUP0073,2023-09,4,0.5,0.75,1.0,0.0,0,0
SUP0073,2023-10,1,0.0,13.0,1.0,0.0,0,0
SUP0073,2023-11,2,0.5,5.5,0.8435,0.0,0,0
SUP0073,2024-01,3,0.0,4.67,1.0,0.0,0,0
SUP0073,2024-02,1,0.0,3.0,1.0,0.0,0,0
SUP0073,2024-04,2,0.0,8.5,0.7423,0.0,0,0
SUP0073,2024-05,5,0.4,3.4,0.8772,0.0,0,0
SUP0073,2024-06,2,0.0,8.5,1.0,0.0,0,0
SUP0073,2024-08,1,0.0,14.0,0.5302,0.0,0,0
SUP0073,2024-09,1,0.0,8.0,1.0,0.0,0,0
SUP0073,2024-11,3,0.0,4.67,1.0,0.0,0,0
SUP0073,2024-12,2,0.0,3.0,1.0,0.0,0,0
SUP0073,2025-01,3,0.0,8.67,1.0,0.0,0,0
SUP0073,2025-03,1,0.0,8.0,1.0,0.0,0,0
SUP0073,2025-04,3,0.3333,4.0,1.0,0.0,0,0
SUP0073,2025-05,4,0.5,3.0,0.5862,0.0,0,0
SUP0073,2025-06,3,0.6667,2.67,1.0,0.0,0,0
SUP0073,2025-07,1,0.0,14.0,1.0,0.0,0,0
SUP0073,2025-08,4,0.5,1.0,1.0,0.0,0,0
SUP0073,2025-09,3,0.0,3.67,0.7442,0.0,0,0
SUP0073,2025-10,1,0.0,1.0,1.0,0.0,0,0
SUP0073,2025-11,1,0.0,7.0,1.0,0.0,0,0
SUP0073,2025-12,1,1.0,0.0,1.0,0.0,0,0
SUP0074,2023-03,2,0.5,1.5,1.0,0.0,0,0
SUP0074,2023-04,1,0.0,4.0,1.0,0.0,0,0
SUP0074,2023-05,3,0.3333,2.0,1.0,0.0,0,0
SUP0074,2023-06,1,0.0,1.0,1.0,0.0,0,0
SUP0074,2023-07,2,0.0,7.5,1.0,0.0,0,0
SUP0074,2023-08,3,0.0,6.67,1.0,0.0,0,0
SUP0074,2023-10,6,0.3333,1.33,0.6771,0.0,0,0
SUP0074,2023-11,4,0.75,-2.5,0.9102,0.0,0,0
SUP0074,2023-12,1,0.0,11.0,0.6269,0.0,0,0
SUP0074,2024-01,3,0.3333,3.67,1.0,0.0,0,0
SUP0074,2024-02,1,0.0,3.0,0.6222,0.0,0,0
SUP0074,2024-04,4,0.25,5.75,0.9942,0.0,0,0
SUP0074,2024-05,3,0.0,7.67,0.9585,0.0,0,0
SUP0074,2024-06,6,0.1667,4.67,0.9864,0.0,0,0
SUP0074,2024-07,1,0.0,10.0,1.0,0.0,0,0
SUP0074,2024-08,3,0.0,5.67,1.0,0.0,0,0
SUP0074,2024-09,2,0.0,6.0,1.0,0.0,0,0
SUP0074,2024-11,1,0.0,4.0,1.0,0.0,0,0
SUP0074,2024-12,1,0.0,12.0,1.0,0.0,0,0
SUP0074,2025-01,2,0.0,4.0,0.9163,0.0,0,0
SUP0074,2025-02,2,0.0,10.0,0.5269,0.0,0,0
SUP0074,2025-03,1,0.0,14.0,1.0,0.0,0,0
SUP0074,2025-04,1,0.0,3.0,1.0,0.0,0,0
SUP0074,2025-05,1,1.0,0.0,1.0,0.0,0,0
SUP0074,2025-06,1,0.0,5.0,1.0,0.0,0,0
SUP0074,2025-07,1,0.0,14.0,1.0,0.0,0,0
SUP0074,2025-09,2,0.0,2.0,1.0,0.0,0,0
SUP0074,2025-10,2,0.5,0.5,1.0,0.0,0,0
SUP0074,2025-11,3,1.0,-0.67,1.0,0.0,0,0
SUP0074,2025-12,4,0.0,2.0,1.0,0.0,0,0
SUP0075,2023-02,3,0.0,4.67,1.0,0.0,0,0
SUP0075,2023-03,3,0.0,9.67,1.0,0.0,0,0
SUP0075,2023-05,1,1.0,0.0,1.0,0.0,0,0
SUP0075,2023-06,1,0.0,2.0,1.0,0.0,0,0
SUP0075,2023-07,2,1.0,-1.5,1.0,0.0,0,0
SUP0075,2023-09,2,1.0,-3.0,1.0,0.0,0,0
SUP0075,2023-11,4,0.25,5.75,1.0,0.0,0,0
SUP0075,2024-01,4,0.0,4.5,1.0,0.0,0,0
SUP0075,2024-02,2,0.0,9.0,0.6376,0.0,0,0
SUP0075,2024-03,2,0.0,8.5,1.0,0.0,0,0
SUP0075,2024-04,2,0.0,10.5,1.0,0.0,0,0
SUP0075,2024-05,1,0.0,13.0,1.0,0.0,0,0
SUP0075,2024-06,3,0.0,4.33,1.0,0.0,0,0
SUP0075,2024-07,2,0.5,2.0,1.0,0.0,0,0
SUP0075,2024-08,4,0.0,6.5,0.8988,0.0,0,0
SUP0075,2024-10,2,0.5,0.0,1.0,0.0,0,0
SUP0075,2024-11,3,0.0,9.0,1.0,0.0,0,0
SUP0075,2024-12,1,0.0,7.0,1.0,0.0,0,0
SUP0075,2025-02,2,0.0,6.5,1.0,0.0,0,0
SUP0075,2025-03,2,0.5,2.5,1.0,0.0,0,0
SUP0075,2025-04,2,0.0,9.0,1.0,0.0,0,0
SUP0075,2025-05,1,0.0,10.0,1.0,0.0,0,0
SUP0075,2025-06,3,0.0,3.67,1.0,0.0,0,0
SUP0075,2025-07,2,0.5,3.5,1.0,0.0,0,0
SUP0075,2025-08,4,0.25,5.5,1.0,0.0,0,0
SUP0075,2025-09,2,0.5,1.5,1.0,0.0,0,0
SUP0075,2025-10,2,0.0,10.5,1.0,0.0,0,0
SUP0075,2025-11,6,0.0,4.67,0.8151,0.0,0,0
SUP0075,2025-12,3,,,,0.0,0,0
SUP0076,2023-01,4,1.0,0.0,1.0,0.0,0,0
SUP0076,2023-02,7,0.8571,0.57,1.0,0.0,0,0
SUP0076,2023-03,11,0.6364,2.09,1.0,0.0,0,0
SUP0076,2023-04,15,0.8667,1.0,1.0,0.0,0,0
SUP0076,2023-05,16,0.875,0.94,1.0,0.0,0,0
SUP0076,2023-06,10,0.9,0.4,1.0,0.0,0,0
SUP0076,2023-07,8,0.75,0.62,0.8658,0.0,0,0
SUP0076,2023-08,13,0.6923,2.92,1.0,0.0,0,0
SUP0076,2023-09,11,0.8182,1.45,1.0,0.0,0,0
SUP0076,2023-10,8,1.0,0.0,1.0,0.0,0,0
SUP0076,2023-11,12,0.75,1.42,0.9906,0.0,0,0
SUP0076,2023-12,10,0.6,3.5,1.0,195333.7,0,0
SUP0076,2024-01,16,0.8125,0.88,0.9677,0.0,0,0
SUP0076,2024-02,9,0.8889,0.44,1.0,0.0,0,0
SUP0076,2024-03,18,0.8889,0.94,1.0,0.0,0,0
SUP0076,2024-04,14,0.9286,0.29,1.0,25575.5,0,0
SUP0076,2024-05,19,0.8947,0.58,1.0,0.0,0,0
SUP0076,2024-06,9,1.0,0.0,1.0,0.0,0,0
SUP0076,2024-07,10,0.8,1.4,1.0,0.0,0,0
SUP0076,2024-08,10,0.9,0.8,1.0,0.0,0,0
SUP0076,2024-09,8,1.0,-0.12,1.0,0.0,0,0
SUP0076,2024-10,11,1.0,0.0,1.0,0.0,0,0
SUP0076,2024-11,10,0.8,1.2,1.0,0.0,0,0
SUP0076,2024-12,13,1.0,-0.23,1.0,0.0,0,0
SUP0076,2025-01,14,0.9286,0.43,1.0,0.0,0,0
SUP0076,2025-02,11,0.6364,3.45,1.0,1333631.4,0,0
SUP0076,2025-03,11,0.8182,2.0,1.0,0.0,0,0
SUP0076,2025-04,10,0.2,6.0,1.0,0.0,0,0
SUP0076,2025-05,11,0.9091,1.27,1.0,0.0,0,0
SUP0076,2025-06,9,0.7778,1.56,1.0,0.0,0,0
SUP0076,2025-07,9,1.0,0.0,1.0,0.0,0,0
SUP0076,2025-08,11,0.9091,0.36,1.0,0.0,0,0
SUP0076,2025-09,8,0.875,0.38,1.0,0.0,0,0
SUP0076,2025-10,15,0.8,1.6,1.0,0.0,0,0
SUP0076,2025-11,19,0.9474,0.32,1.0,0.0,0,0
SUP0076,2025-12,10,0.8571,1.43,1.0,0.0,0,0
SUP0077,2023-02,1,0.0,2.0,1.0,0.0,0,0
SUP0077,2023-03,4,0.25,7.25,1.0,0.0,0,0
SUP0077,2023-04,2,0.0,11.5,1.0,0.0,0,0
SUP0077,2023-05,7,0.2857,5.57,1.0,0.0,0,0
SUP0077,2023-07,2,0.5,3.0,1.0,0.0,0,0
SUP0077,2023-08,3,0.3333,6.33,1.0,0.0,0,0
SUP0077,2023-09,6,0.1667,5.83,1.0,0.0,0,0
SUP0077,2023-10,1,0.0,10.0,1.0,0.0,0,0
SUP0077,2023-11,5,0.0,4.6,1.0,0.0,0,0
SUP0077,2024-01,4,0.5,2.75,1.0,0.0,0,0
SUP0077,2024-02,1,0.0,10.0,1.0,0.0,0,0
SUP0077,2024-03,1,0.0,5.0,1.0,0.0,0,0
SUP0077,2024-04,3,0.3333,2.33,0.7589,0.0,0,0
SUP0077,2024-05,2,0.0,8.0,1.0,0.0,0,0
SUP0077,2024-06,6,0.3333,6.17,1.0,0.0,0,0
SUP0077,2024-07,1,0.0,3.0,0.3498,0.0,0,0
SUP0077,2024-08,1,1.0,-1.0,1.0,0.0,0,0
SUP0077,2024-11,2,0.0,7.5,1.0,0.0,0,0
SUP0077,2024-12,1,0.0,4.0,1.0,0.0,0,0
SUP0077,2025-01,1,0.0,2.0,1.0,0.0,0,0
SUP0077,2025-02,1,0.0,7.0,1.0,0.0,0,0
SUP0077,2025-03,3,0.3333,4.67,1.0,0.0,0,0
SUP0077,2025-04,2,0.5,1.0,1.0,0.0,0,0
SUP0077,2025-05,4,0.25,5.25,1.0,0.0,0,0
SUP0077,2025-06,1,0.0,7.0,1.0,0.0,0,0
SUP0077,2025-07,1,0.0,13.0,1.0,0.0,0,0
SUP0077,2025-08,2,0.5,2.0,1.0,0.0,0,0
SUP0077,2025-09,3,0.0,7.0,1.0,0.0,0,0
SUP0077,2025-10,1,0.0,6.0,1.0,0.0,0,0
SUP0077,2025-11,5,0.4,3.2,0.9593,0.0,0,0
SUP0078,2023-03,2,0.5,1.5,1.0,0.0,0,0
SUP0078,2023-04,3,0.3333,8.0,1.0,0.0,0,0
SUP0078,2023-06,1,0.0,6.0,1.0,0.0,0,0
SUP0078,2023-07,2,0.5,4.0,1.0,0.0,0,0
SUP0078,2023-08,1,0.0,4.0,1.0,0.0,0,0
SUP0078,2023-09,1,0.0,9.0,1.0,0.0,0,0
SUP0078,2023-10,1,0.0,10.0,1.0,0.0,0,0
SUP0078,2023-11,3,0.0,8.67,1.0,0.0,0,0
SUP0078,2023-12,2,0.0,10.0,1.0,0.0,0,0
SUP0078,2024-01,1,1.0,0.0,1.0,0.0,0,0
SUP0078,2024-02,2,0.0,9.5,1.0,0.0,0,0
SUP0078,2024-03,4,0.0,6.0,1.0,0.0,0,0
SUP0078,2024-04,5,0.0,5.0,0.8534,0.0,0,0
SUP0078,2024-05,4,0.0,5.0,0.7494,0.0,0,0
SUP0078,2024-06,3,0.3333,7.0,1.0,0.0,0,0
SUP0078,2024-07,3,0.0,7.33,1.0,0.0,0,0
SUP0078,2024-08,1,0.0,13.0,1.0,0.0,0,0
SUP0078,2024-09,2,0.5,0.0,1.0,0.0,0,0
SUP0078,2024-10,5,0.0,6.8,1.0,0.0,0,0
SUP0078,2024-11,3,0.3333,2.67,1.0,0.0,0,0
SUP0078,2025-01,1,1.0,-3.0,1.0,0.0,0,0
SUP0078,2025-02,2,0.0,8.5,1.0,0.0,0,0
SUP0078,2025-03,3,0.0,7.0,0.6977,0.0,0,0
SUP0078,2025-04,2,0.0,7.5,0.682,0.0,0,0
SUP0078,2025-05,1,0.0,7.0,1.0,0.0,0,0
SUP0078,2025-06,2,0.0,8.5,1.0,0.0,0,0
SUP0078,2025-07,1,0.0,10.0,1.0,0.0,0,0
SUP0078,2025-08,1,0.0,10.0,1.0,0.0,0,0
SUP0078,2025-09,1,0.0,5.0,1.0,0.0,0,0
SUP0078,2025-10,1,0.0,8.0,1.0,0.0,0,0
SUP0078,2025-11,3,0.3333,1.33,1.0,0.0,0,0
SUP0078,2025-12,3,1.0,0.0,1.0,0.0,0,0
SUP0079,2023-01,5,1.0,0.0,1.0,976293.8,0,0
SUP0079,2023-02,8,0.625,4.12,0.9852,494345.5,0,0
SUP0079,2023-03,18,0.8889,0.17,1.0,8056.6,0,0
SUP0079,2023-04,26,0.7308,0.92,0.9981,0.0,0,0
SUP0079,2023-05,14,0.8571,0.71,0.9898,160889.9,0,0
SUP0079,2023-06,20,0.55,2.95,0.9648,0.0,0,0
SUP0079,2023-07,20,0.55,2.8,0.9911,8497.2,0,0
SUP0079,2023-08,16,0.9375,0.06,1.0,395788.6,0,0
SUP0079,2023-09,12,0.5,3.83,1.0,0.0,0,0
SUP0079,2023-10,22,0.7273,2.23,0.943,0.0,0,0
SUP0079,2023-11,21,0.6667,2.14,0.9037,0.0,0,0
SUP0079,2023-12,15,0.8,0.6,0.9472,0.0,0,0
SUP0079,2024-01,23,0.7826,0.39,0.9905,138560.2,0,0
SUP0079,2024-02,9,0.6667,1.89,1.0,247912.6,0,0
SUP0079,2024-03,17,0.8235,1.12,0.9609,8461.6,0,0
SUP0079,2024-04,17,0.6471,1.41,0.9985,0.0,0,0
SUP0079,2024-05,20,0.85,0.35,1.0,0.0,0,0
SUP0079,2024-06,10,0.8,0.6,0.9909,233614.7,0,0
SUP0079,2024-07,15,0.5333,3.8,0.9854,0.0,0,0
SUP0079,2024-08,16,0.3125,4.69,0.8952,0.0,0,0
SUP0079,2024-09,11,0.8182,0.45,0.8421,0.0,0,0
SUP0079,2024-10,16,0.5625,3.38,0.9524,0.0,0,0
SUP0079,2024-11,17,0.7647,0.71,1.0,0.0,0,0
SUP0079,2024-12,14,0.7143,1.14,1.0,0.0,0,0
SUP0079,2025-01,27,0.7407,0.81,0.9946,89630.8,0,0
SUP0079,2025-02,18,0.7222,1.78,1.0,1171537.8,0,0
SUP0079,2025-03,24,0.8333,1.29,0.9259,77960.2,0,0
SUP0079,2025-04,19,0.6842,2.89,0.986,316921.6,0,0
SUP0079,2025-05,23,0.8261,-0.13,1.0,0.0,0,0
SUP0079,2025-06,13,0.6923,1.46,0.9597,0.0,0,0
SUP0079,2025-07,16,0.6875,2.19,0.997,242464.2,0,0
SUP0079,2025-08,22,0.6818,1.18,0.9843,0.0,0,0
SUP0079,2025-09,18,0.7222,0.67,0.9762,10077.8,0,0
SUP0079,2025-10,13,0.6154,1.38,1.0,0.0,0,0
SUP0079,2025-11,22,0.7727,0.59,1.0,0.0,0,0
SUP0079,2025-12,9,0.8333,0.0,0.9711,0.0,0,0
SUP0080,2023-01,3,0.3333,0.0,0.9124,0.0,0,0
SUP0080,2023-03,2,0.0,8.0,1.0,0.0,0,0
SUP0080,2023-04,2,0.5,6.5,1.0,0.0,0,0
SUP0080,2023-05,2,0.0,7.0,1.0,0.0,0,0
SUP0080,2023-06,4,0.25,8.0,1.0,0.0,0,0
SUP0080,2023-07,1,0.0,8.0,1.0,0.0,0,0
SUP0080,2023-08,2,0.0,4.5,0.7008,0.0,0,0
SUP0080,2023-09,3,0.3333,6.0,1.0,0.0,0,0
SUP0080,2023-10,1,0.0,9.0,1.0,0.0,0,0
SUP0080,2024-01,3,0.0,5.67,0.7925,0.0,0,0
SUP0080,2024-02,2,0.0,2.5,1.0,0.0,0,0
SUP0080,2024-03,3,0.3333,6.67,1.0,0.0,0,0
SUP0080,2024-05,5,0.4,4.0,0.8864,0.0,0,0
SUP0080,2024-08,4,0.75,-0.5,1.0,0.0,0,0
SUP0080,2024-09,2,0.0,8.0,1.0,0.0,0,0
SUP0080,2024-11,3,0.3333,6.0,1.0,0.0,0,0
SUP0080,2025-01,2,0.5,6.0,0.8011,0.0,0,0
SUP0080,2025-02,1,0.0,3.0,0.4783,0.0,0,0
SUP0080,2025-03,1,0.0,4.0,1.0,0.0,0,0
SUP0080,2025-04,4,0.5,2.0,1.0,0.0,0,0
SUP0080,2025-05,1,0.0,5.0,1.0,0.0,0,0
SUP0080,2025-06,5,0.0,8.6,1.0,0.0,0,0
SUP0080,2025-07,4,0.25,8.25,1.0,0.0,0,0
SUP0080,2025-08,1,0.0,12.0,1.0,0.0,0,0
SUP0080,2025-09,2,0.0,9.5,1.0,0.0,0,0
SUP0080,2025-10,2,0.0,8.5,1.0,0.0,0,0
SUP0080,2025-11,1,0.0,6.0,1.0,0.0,0,0
SUP0080,2025-12,2,,,,0.0,0,0
SUP0081,2023-01,7,0.5714,1.0,1.0,0.0,0,0
SUP0081,2023-02,11,0.5455,1.27,1.0,0.0,0,0
SUP0081,2023-03,19,0.5263,1.74,0.9621,1191.0,0,0
SUP0081,2023-04,16,0.4375,3.19,1.0,0.0,0,0
SUP0081,2023-05,16,0.6875,1.44,0.9952,38629.0,0,0
SUP0081,2023-06,15,0.8667,1.0,1.0,0.0,0,0
SUP0081,2023-07,20,0.5,2.35,0.9702,0.0,0,0
SUP0081,2023-08,23,0.5652,2.3,0.9922,0.0,0,0
SUP0081,2023-09,21,0.7619,1.0,1.0,617.9,0,0
SUP0081,2023-10,19,0.7895,1.11,0.9879,50223.0,0,0
SUP0081,2023-11,15,0.7333,0.13,0.9951,0.0,0,0
SUP0081,2023-12,16,0.375,2.56,0.9076,0.0,0,0
SUP0081,2024-01,24,0.625,2.75,1.0,0.0,0,0
SUP0081,2024-02,15,0.7333,0.73,0.9994,0.0,0,0
SUP0081,2024-03,16,0.4375,3.56,0.9496,0.0,0,0
SUP0081,2024-04,24,0.625,0.92,0.9746,0.0,0,0
SUP0081,2024-05,19,0.6316,1.32,1.0,26452.9,0,0
SUP0081,2024-06,11,0.7273,1.82,1.0,0.0,0,0
SUP0081,2024-07,20,0.5,1.8,0.9909,61773.1,0,0
SUP0081,2024-08,19,0.5263,2.63,1.0,0.0,0,0
SUP0081,2024-09,20,0.65,1.7,1.0,0.0,0,0
SUP0081,2024-10,19,0.6316,0.84,0.9529,12798.1,0,0
SUP0081,2024-11,18,0.6111,1.33,0.9622,0.0,0,0
SUP0081,2024-12,19,0.5789,4.11,0.9672,0.0,0,0
SUP0081,2025-01,19,0.4737,3.63,0.9985,11695.2,0,0
SUP0081,2025-02,15,0.8,2.27,1.0,0.0,0,0
SUP0081,2025-03,15,0.4,2.6,0.9279,0.0,0,0
SUP0081,2025-04,18,0.7778,1.5,1.0,0.0,0,0
SUP0081,2025-05,8,0.375,5.88,1.0,0.0,0,0
SUP0081,2025-06,17,0.7059,1.18,0.896,0.0,0,0
SUP0081,2025-07,22,0.5909,1.55,0.9995,0.0,0,0
SUP0081,2025-08,17,0.5882,2.47,1.0,0.0,0,0
SUP0081,2025-09,17,0.8235,1.06,0.9753,0.0,0,0
SUP0081,2025-10,9,0.6667,1.44,1.0,0.0,0,0
SUP0081,2025-11,19,0.5263,3.11,1.0,38061.1,0,0
SUP0081,2025-12,17,0.7143,0.93,0.9766,0.0,0,0
SUP0082,2023-02,2,0.0,9.0,1.0,0.0,0,0
SUP0082,2023-03,3,0.6667,2.0,1.0,0.0,0,0
SUP0082,2023-04,2,0.5,5.5,0.7454,0.0,0,0
SUP0082,2023-05,1,0.0,1.0,1.0,0.0,0,0
SUP0082,2023-06,4,0.25,3.25,0.8158,0.0,0,0
SUP0082,2023-07,3,0.0,7.67,0.7842,0.0,0,0
SUP0082,2023-08,3,0.0,5.33,1.0,0.0,0,0
SUP0082,2023-11,1,0.0,5.0,1.0,0.0,0,0
SUP0082,2023-12,1,0.0,6.0,1.0,0.0,0,0
SUP0082,2024-01,1,0.0,4.0,1.0,0.0,0,0
SUP0082,2024-02,1,1.0,0.0,1.0,0.0,0,0
SUP0082,2024-03,4,0.0,7.0,1.0,0.0,0,0
SUP0082,2024-04,3,0.0,6.67,1.0,0.0,0,0
SUP0082,2024-05,2,0.0,3.5,0.758,0.0,0,0
SUP0082,2024-06,3,0.0,10.33,1.0,0.0,0,0
SUP0082,2024-07,2,0.5,0.5,1.0,0.0,0,0
SUP0082,2024-08,1,0.0,3.0,1.0,0.0,0,0
SUP0082,2024-09,2,0.5,4.0,1.0,0.0,0,0
SUP0082,2024-10,1,0.0,0.0,0.4048,0.0,0,0
SUP0082,2024-11,2,0.0,12.0,0.8426,0.0,0,0
SUP0082,2024-12,5,0.2,7.8,0.8528,0.0,0,0
SUP0082,2025-01,2,0.0,12.0,1.0,0.0,0,0
SUP0082,2025-02,3,0.0,11.0,1.0,0.0,0,0
SUP0082,2025-03,3,0.0,3.0,0.9713,0.0,0,0
SUP0082,2025-04,3,0.6667,0.0,1.0,0.0,0,0
SUP0082,2025-05,1,0.0,9.0,1.0,0.0,0,0
SUP0082,2025-06,1,0.0,10.0,1.0,0.0,0,0
SUP0082,2025-08,3,0.0,5.33,0.7997,0.0,0,0
SUP0082,2025-09,1,0.0,10.0,1.0,0.0,0,0
SUP0082,2025-10,6,0.1667,7.17,1.0,0.0,0,0
SUP0082,2025-11,1,1.0,-3.0,1.0,0.0,0,0
SUP0082,2025-12,4,1.0,0.0,1.0,0.0,0,0
SUP0083,2023-02,1,0.0,13.0,1.0,0.0,0,0
SUP0083,2023-03,7,0.1429,4.57,1.0,0.0,0,0
SUP0083,2023-05,1,0.0,6.0,1.0,0.0,0,0
SUP0083,2023-06,3,0.3333,5.67,1.0,0.0,0,0
SUP0083,2023-07,2,0.0,3.0,1.0,0.0,0,0
SUP0083,2023-10,3,0.3333,4.67,1.0,0.0,0,0
SUP0083,2023-11,3,0.0,10.0,1.0,0.0,0,0
SUP0083,2023-12,2,0.0,3.5,1.0,0.0,0,0
SUP0083,2024-01,3,0.0,6.33,1.0,0.0,0,0
SUP0083,2024-02,3,0.0,9.67,1.0,0.0,0,0
SUP0083,2024-03,1,0.0,2.0,1.0,0.0,0,0
SUP0083,2024-05,2,0.5,-1.0,0.9943,0.0,0,0
SUP0083,2024-06,3,0.0,4.0,0.704,0.0,0,0
SUP0083,2024-07,3,0.6667,1.33,0.9803,0.0,0,0
SUP0083,2024-08,2,0.0,9.5,1.0,0.0,0,0
SUP0083,2024-09,1,1.0,-2.0,1.0,0.0,0,0
SUP0083,2024-10,2,0.0,9.5,1.0,0.0,0,0
SUP0083,2024-11,4,0.5,0.25,1.0,0.0,0,0
SUP0083,2025-01,2,0.0,7.0,1.0,0.0,0,0
SUP0083,2025-02,4,0.0,8.0,1.0,0.0,0,0
SUP0083,2025-03,2,0.0,11.5,1.0,0.0,0,0
SUP0083,2025-04,1,0.0,3.0,1.0,0.0,0,0
SUP0083,2025-05,2,0.0,7.5,1.0,0.0,0,0
SUP0083,2025-07,1,0.0,5.0,0.6754,0.0,0,0
SUP0083,2025-08,2,0.0,8.0,0.8855,0.0,0,0
SUP0083,2025-09,2,0.0,13.5,1.0,0.0,0,0
SUP0083,2025-10,4,0.0,4.75,1.0,0.0,0,0
SUP0083,2025-11,2,0.0,6.0,1.0,0.0,0,0
SUP0083,2025-12,2,,,,0.0,0,0
SUP0084,2023-01,5,1.0,-0.6,1.0,0.0,0,0
SUP0084,2023-02,4,0.75,1.0,1.0,0.0,0,0
SUP0084,2023-03,11,0.5455,2.45,1.0,0.0,0,0
SUP0084,2023-04,13,0.6154,3.46,1.0,0.0,0,0
SUP0084,2023-05,18,0.7222,2.0,0.9995,0.0,0,0
SUP0084,2023-06,13,0.6923,0.46,0.7372,9735.9,0,0
SUP0084,2023-07,14,0.7143,1.93,0.9725,0.0,0,0
SUP0084,2023-08,12,0.8333,0.67,1.0,0.0,0,0
SUP0084,2023-09,10,0.7,2.4,0.9988,0.0,0,0
SUP0084,2023-10,8,0.5,5.5,0.7328,0.0,0,0
SUP0084,2023-11,9,0.5556,4.44,0.9981,0.0,0,0
SUP0084,2023-12,16,0.6875,1.94,0.999,0.0,0,0
SUP0084,2024-01,16,0.75,2.19,0.9997,0.0,0,0
SUP0084,2024-02,14,0.5714,3.07,0.999,0.0,0,0
SUP0084,2024-03,11,0.6364,3.0,1.0,0.0,0,0
SUP0084,2024-04,17,0.6471,4.12,1.0,0.0,0,0
SUP0084,2024-05,15,0.6667,1.4,0.9994,0.0,0,0
SUP0084,2024-06,5,0.8,0.0,0.9424,0.0,0,0
SUP0084,2024-07,14,0.6429,2.36,0.9995,0.0,0,0
SUP0084,2024-08,12,0.6667,2.0,1.0,0.0,0,0
SUP0084,2024-09,8,0.625,2.38,1.0,126265.4,0,0
SUP0084,2024-10,14,0.6429,3.29,1.0,0.0,0,0
SUP0084,2024-11,13,0.8462,2.77,1.0,0.0,0,0
SUP0084,2024-12,14,0.9286,0.14,1.0,0.0,0,0
SUP0084,2025-01,11,0.7273,1.36,1.0,0.0,0,0
SUP0084,2025-02,14,0.7143,1.71,0.9997,114097.8,0,0
SUP0084,2025-03,17,0.7059,1.88,1.0,0.0,0,0
SUP0084,2025-04,10,0.5,4.2,1.0,0.0,0,0
SUP0084,2025-05,10,0.7,2.7,1.0,0.0,0,0
SUP0084,2025-06,10,0.5,3.4,0.9999,0.0,0,0
SUP0084,2025-07,5,0.4,6.4,1.0,0.0,0,0
SUP0084,2025-08,15,0.7333,2.07,0.8153,0.0,0,0
SUP0084,2025-09,18,0.5,3.44,0.9999,0.0,0,0
SUP0084,2025-10,9,0.6667,2.0,1.0,0.0,0,0
SUP0084,2025-11,9,0.5556,5.0,1.0,0.0,0,0
SUP0084,2025-12,16,0.5,2.33,1.0,0.0,0,0
SUP0085,2023-02,1,0.0,8.0,1.0,0.0,0,0
SUP0085,2023-03,3,0.6667,3.33,1.0,0.0,0,0
SUP0085,2023-04,1,0.0,8.0,0.4349,0.0,0,0
SUP0085,2023-05,1,0.0,13.0,1.0,0.0,0,0
SUP0085,2023-06,3,0.3333,4.33,1.0,0.0,0,0
SUP0085,2023-07,4,0.25,3.25,1.0,0.0,0,0
SUP0085,2023-08,2,0.0,2.0,1.0,0.0,0,0
SUP0085,2023-09,2,0.0,7.0,1.0,0.0,0,0
SUP0085,2023-10,3,0.3333,4.0,1.0,0.0,0,0
SUP0085,2023-11,4,0.5,4.25,1.0,0.0,0,0
SUP0085,2023-12,1,0.0,6.0,1.0,0.0,0,0
SUP0085,2024-01,2,0.5,-1.5,0.9349,0.0,0,0
SUP0085,2024-02,4,0.0,6.75,0.9884,0.0,0,0
SUP0085,2024-03,1,0.0,12.0,1.0,0.0,0,0
SUP0085,2024-04,1,1.0,-2.0,1.0,0.0,0,0
SUP0085,2024-05,2,0.0,11.0,1.0,0.0,0,0
SUP0085,2024-07,2,0.0,1.5,1.0,0.0,0,0
SUP0085,2024-10,1,0.0,12.0,1.0,0.0,0,0
SUP0085,2024-11,2,0.0,6.5,1.0,0.0,0,0
SUP0085,2024-12,3,0.6667,3.0,1.0,0.0,0,0
SUP0085,2025-01,5,0.2,5.2,1.0,0.0,0,0
SUP0085,2025-02,1,0.0,9.0,1.0,0.0,0,0
SUP0085,2025-03,2,0.0,11.0,1.0,0.0,0,0
SUP0085,2025-04,2,0.5,2.0,1.0,0.0,0,0
SUP0085,2025-06,1,0.0,7.0,0.4364,0.0,0,0
SUP0085,2025-07,5,0.2,8.4,1.0,0.0,0,0
SUP0085,2025-08,2,0.0,8.0,0.8076,0.0,0,0
SUP0085,2025-10,4,0.25,7.75,1.0,0.0,0,0
SUP0085,2025-11,1,0.0,11.0,1.0,0.0,0,0
SUP0085,2025-12,2,0.0,2.0,1.0,0.0,0,0
SUP0086,2023-01,9,0.6667,6.0,1.0,802880.6,0,0
SUP0086,2023-02,6,0.6667,4.83,1.0,1098573.8,0,0
SUP0086,2023-03,12,0.5833,3.25,0.9591,0.0,0,0
SUP0086,2023-04,12,0.5833,0.33,0.9912,1221.6,0,0
SUP0086,2023-05,18,0.6667,2.44,0.9905,4188.6,0,0
SUP0086,2023-06,17,0.5882,4.06,1.0,0.0,0,0
SUP0086,2023-07,15,0.5333,2.53,0.9986,0.0,0,0
SUP0086,2023-08,8,0.625,2.0,1.0,2719.1,0,0
SUP0086,2023-09,14,0.3571,7.43,0.7693,0.0,0,0
SUP0086,2023-10,17,0.3529,8.29,0.9959,0.0,2,0
SUP0086,2023-11,10,0.6,3.2,0.9947,0.0,0,0
SUP0086,2023-12,17,0.7059,1.24,0.9999,349345.4,0,0
SUP0086,2024-01,22,0.5455,5.45,0.9766,0.0,1,0
SUP0086,2024-02,13,0.6923,3.54,1.0,0.0,0,0
SUP0086,2024-03,20,0.55,3.65,0.8963,940845.0,0,0
SUP0086,2024-04,14,0.6429,4.07,0.9584,0.0,0,0
SUP0086,2024-05,17,0.5882,4.76,0.9997,0.0,0,0
SUP0086,2024-06,20,0.75,2.0,0.9994,0.0,0,0
SUP0086,2024-07,12,0.75,0.75,0.9982,0.0,0,0
SUP0086,2024-08,18,0.6111,4.28,0.977,0.0,0,0
SUP0086,2024-09,17,0.7647,0.76,0.9552,0.0,0,0
SUP0086,2024-10,11,0.8182,0.82,1.0,0.0,0,0
SUP0086,2024-11,13,0.5385,2.23,0.9225,48015.5,0,0
SUP0086,2024-12,10,0.7,4.5,1.0,0.0,0,0
SUP0086,2025-01,21,0.619,1.86,0.9764,0.0,0,0
SUP0086,2025-02,14,0.6429,1.14,0.9123,0.0,0,0
SUP0086,2025-03,12,0.6667,2.08,0.9969,0.0,0,0
SUP0086,2025-04,17,0.8235,0.65,0.9898,0.0,0,0
SUP0086,2025-05,14,0.7143,3.43,0.9235,0.0,0,0
SUP0086,2025-06,15,0.7333,1.33,0.9856,2155.9,0,0
SUP0086,2025-07,16,0.8125,2.06,0.9792,0.0,0,0
SUP0086,2025-08,18,0.6111,3.83,0.9571,0.0,0,0
SUP0086,2025-09,17,0.7059,2.41,0.9289,236011.7,0,0
SUP0086,2025-10,16,0.6875,1.81,1.0,287770.3,0,0
SUP0086,2025-11,12,0.75,3.83,1.0,298282.8,0,0
SUP0086,2025-12,17,0.6667,4.0,0.966,0.0,0,0
SUP0087,2023-01,1,0.0,12.0,1.0,0.0,0,0
SUP0087,2023-02,1,0.0,13.0,0.4899,0.0,0,0
SUP0087,2023-03,4,0.25,0.25,0.6744,0.0,0,0
SUP0087,2023-04,1,0.0,12.0,1.0,0.0,0,0
SUP0087,2023-05,1,0.0,6.0,1.0,0.0,0,0
SUP0087,2023-06,2,0.0,8.0,1.0,0.0,0,0
SUP0087,2023-07,3,0.0,7.67,1.0,0.0,0,0
SUP0087,2023-08,2,0.0,11.0,1.0,0.0,0,0
SUP0087,2023-09,3,0.0,7.0,1.0,0.0,0,0
SUP0087,2023-10,2,0.0,2.0,0.7602,0.0,0,0
SUP0087,2023-11,3,0.3333,4.67,1.0,0.0,0,0
SUP0087,2023-12,1,0.0,11.0,1.0,0.0,0,0
SUP0087,2024-01,2,0.0,9.0,1.0,0.0,0,0
SUP0087,2024-02,2,0.0,12.0,1.0,0.0,0,0
SUP0087,2024-03,3,0.3333,7.67,1.0,0.0,0,0
SUP0087,2024-04,1,1.0,0.0,1.0,0.0,0,0
SUP0087,2024-05,2,0.5,-0.5,1.0,0.0,0,0
SUP0087,2024-06,1,0.0,12.0,1.0,0.0,0,0
SUP0087,2024-07,2,0.0,5.5,1.0,0.0,0,0
SUP0087,2024-08,2,0.0,7.5,1.0,0.0,0,0
SUP0087,2024-09,1,1.0,0.0,1.0,0.0,0,0
SUP0087,2024-10,3,0.0,5.33,1.0,0.0,0,0
SUP0087,2024-11,2,0.0,8.5,1.0,0.0,0,0
SUP0087,2024-12,3,0.0,3.67,1.0,0.0,0,0
SUP0087,2025-01,1,0.0,4.0,1.0,0.0,0,0
SUP0087,2025-02,6,0.1667,4.67,1.0,0.0,0,0
SUP0087,2025-03,3,0.0,5.0,0.8123,0.0,0,0
SUP0087,2025-05,1,1.0,0.0,1.0,0.0,0,0
SUP0087,2025-06,1,1.0,-2.0,1.0,0.0,0,0
SUP0087,2025-07,1,0.0,12.0,1.0,0.0,0,0
SUP0087,2025-08,3,0.6667,-0.33,1.0,0.0,0,0
SUP0087,2025-09,3,0.3333,5.0,0.9061,0.0,0,0
SUP0087,2025-10,4,0.5,4.25,1.0,0.0,0,0
SUP0087,2025-12,2,,,,0.0,0,0
SUP0088,2023-01,8,0.5,3.12,1.0,0.0,0,0
SUP0088,2023-02,8,0.5,4.0,0.8012,0.0,0,0
SUP0088,2023-03,10,0.8,0.6,1.0,0.0,0,0
SUP0088,2023-04,8,0.875,0.0,0.9849,0.0,0,0
SUP0088,2023-05,7,0.8571,-0.57,1.0,0.0,0,0
SUP0088,2023-06,6,0.8333,1.33,1.0,0.0,0,0
SUP0088,2023-07,12,0.8333,0.67,1.0,0.0,0,0
SUP0088,2023-08,10,0.8,1.3,1.0,0.0,0,0
SUP0088,2023-09,10,0.9,0.0,1.0,34236.0,0,0
SUP0088,2023-10,6,0.8333,1.67,1.0,0.0,0,0
SUP0088,2023-11,9,0.5556,2.0,0.9729,0.0,0,0
SUP0088,2023-12,10,0.8,1.0,1.0,0.0,0,0
SUP0088,2024-01,6,0.6667,2.5,1.0,0.0,0,0
SUP0088,2024-02,12,0.4167,3.58,0.8619,0.0,0,0
SUP0088,2024-03,8,0.75,1.38,1.0,0.0,0,0
SUP0088,2024-04,13,0.9231,0.38,1.0,0.0,0,0
SUP0088,2024-05,12,0.9167,-0.08,1.0,0.0,0,0
SUP0088,2024-06,12,0.8333,1.17,0.9845,0.0,0,0
SUP0088,2024-07,13,0.9231,0.23,1.0,0.0,0,0
SUP0088,2024-08,22,0.8182,1.18,1.0,18310.7,0,0
SUP0088,2024-09,5,0.8,2.8,1.0,0.0,0,0
SUP0088,2024-10,17,0.8235,0.59,1.0,0.0,0,0
SUP0088,2024-11,14,0.7857,0.79,0.9923,0.0,0,0
SUP0088,2024-12,16,0.75,0.94,0.8829,0.0,0,0
SUP0088,2025-01,17,0.7647,1.29,1.0,0.0,0,0
SUP0088,2025-02,10,0.9,0.7,1.0,0.0,0,0
SUP0088,2025-03,17,0.7647,1.59,1.0,0.0,0,0
SUP0088,2025-04,5,1.0,-0.6,1.0,0.0,0,0
SUP0088,2025-05,13,0.9231,0.54,1.0,0.0,0,0
SUP0088,2025-06,12,0.8333,1.92,1.0,0.0,0,0
SUP0088,2025-07,13,0.7692,1.0,1.0,0.0,0,0
SUP0088,2025-08,9,0.8889,1.22,1.0,10422.8,0,0
SUP0088,2025-09,6,1.0,0.0,1.0,0.0,0,0
SUP0088,2025-10,10,0.8,0.5,1.0,0.0,0,0
SUP0088,2025-11,12,1.0,-0.25,1.0,0.0,0,0
SUP0088,2025-12,14,1.0,-0.08,1.0,115134.6,0,0
SUP0089,2023-01,14,0.9286,0.14,1.0,39099.4,0,0
SUP0089,2023-02,19,0.4737,2.79,0.9762,0.0,2,1
SUP0089,2023-03,24,0.7917,1.0,0.9985,29821.3,0,0
SUP0089,2023-04,25,0.76,0.36,0.9996,113322.6,0,0
SUP0089,2023-05,27,0.7778,1.78,1.0,39156.2,0,0
SUP0089,2023-06,25,0.4,7.16,0.977,0.0,2,2
SUP0089,2023-07,33,0.6364,2.67,1.0,66345.1,0,0
SUP0089,2023-08,27,0.7407,1.37,0.9999,222102.5,2,1
SUP0089,2023-09,22,0.6364,2.77,0.9998,45346.9,0,0
SUP0089,2023-10,29,0.5172,3.59,1.0,136863.9,1,0
SUP0089,2023-11,29,0.7241,1.03,1.0,0.0,0,0
SUP0089,2023-12,25,0.84,0.04,0.9812,94906.6,0,0
SUP0089,2024-01,27,0.8889,0.85,1.0,291349.0,4,2
SUP0089,2024-02,26,0.8462,0.58,0.9969,26014.1,0,0
SUP0089,2024-03,18,0.6667,1.83,0.9844,101508.0,1,1
SUP0089,2024-04,31,0.6774,1.32,1.0,47395.4,0,0
SUP0089,2024-05,28,0.7857,1.96,1.0,39332.2,0,0
SUP0089,2024-06,25,0.8,0.88,0.9767,37996.7,2,2
SUP0089,2024-07,20,0.95,-0.2,0.9995,1270.4,0,0
SUP0089,2024-08,25,0.6,2.88,0.9807,26072.0,0,0
SUP0089,2024-09,24,0.75,1.88,1.0,56586.3,0,0
SUP0089,2024-10,26,0.8846,-0.5,0.9709,31327.2,0,0
SUP0089,2024-11,16,0.75,1.75,1.0,0.0,0,0
SUP0089,2024-12,25,0.6,2.76,1.0,24810.9,0,0
SUP0089,2025-01,21,0.8095,0.71,0.943,1156.0,0,0
SUP0089,2025-02,16,0.4375,3.56,0.9772,398449.1,2,2
SUP0089,2025-03,24,0.7917,1.42,0.9732,23828.2,0,0
SUP0089,2025-04,21,0.8571,1.29,1.0,101849.9,0,0
SUP0089,2025-05,20,0.85,0.4,0.9763,24179.0,0,0
SUP0089,2025-06,18,0.8333,0.61,0.9994,0.0,2,0
SUP0089,2025-07,27,0.8519,1.04,1.0,44331.4,0,0
SUP0089,2025-08,19,0.8421,0.63,1.0,131954.8,0,0
SUP0089,2025-09,15,0.7333,1.87,0.9541,26445.3,0,0
SUP0089,2025-10,31,0.8065,0.74,0.9925,18636.1,0,0
SUP0089,2025-11,25,0.92,0.72,1.0,41140.1,0,0
SUP0089,2025-12,14,0.6,0.5,0.9811,35499.3,0,0
SUP0090,2023-01,2,1.0,0.0,1.0,0.0,0,0
SUP0090,2023-02,2,0.5,0.0,0.9148,0.0,0,0
SUP0090,2023-03,3,1.0,-1.0,1.0,0.0,0,0
SUP0090,2023-04,6,0.8333,0.83,1.0,0.0,0,0
SUP0090,2023-05,7,0.5714,2.86,1.0,0.0,0,0
SUP0090,2023-06,3,0.3333,6.33,1.0,0.0,0,0
SUP0090,2023-07,5,0.6,2.2,1.0,0.0,0,0
SUP0090,2023-08,5,0.6,1.0,1.0,0.0,0,0
SUP0090,2023-09,5,0.2,5.8,1.0,0.0,0,0
SUP0090,2023-10,6,0.3333,6.0,1.0,0.0,0,0
SUP0090,2023-11,4,1.0,0.0,1.0,0.0,0,0
SUP0090,2023-12,8,0.5,9.0,1.0,0.0,0,0
SUP0090,2024-01,6,0.8333,0.67,1.0,0.0,0,0
SUP0090,2024-02,2,1.0,-1.0,1.0,0.0,0,0
SUP0090,2024-03,6,0.3333,4.33,0.7361,0.0,0,0
SUP0090,2024-04,5,0.6,2.8,0.2197,0.0,0,0
SUP0090,2024-05,7,0.2857,7.71,1.0,0.0,0,0
SUP0090,2024-06,4,0.5,3.75,1.0,0.0,0,0
SUP0090,2024-07,4,0.5,2.0,0.3368,0.0,0,0
SUP0090,2024-08,6,0.8333,1.67,1.0,49375.0,0,0
SUP0090,2024-09,5,0.4,8.0,1.0,0.0,0,0
SUP0090,2024-10,5,0.8,13.0,1.0,0.0,0,0
SUP0090,2024-11,7,0.5714,3.57,1.0,0.0,0,0
SUP0090,2024-12,3,1.0,0.0,1.0,0.0,0,0
SUP0090,2025-01,7,0.7143,0.71,1.0,39325.7,0,0
SUP0090,2025-02,3,0.3333,2.0,1.0,0.0,0,0
SUP0090,2025-03,7,0.7143,3.71,1.0,0.0,0,0
SUP0090,2025-04,4,0.75,1.0,0.5348,0.0,0,0
SUP0090,2025-05,8,0.625,1.62,0.7239,0.0,0,0
SUP0090,2025-06,6,0.8333,2.0,1.0,0.0,0,0
SUP0090,2025-07,8,0.875,1.5,1.0,0.0,0,0
SUP0090,2025-08,7,0.5714,3.57,1.0,0.0,0,0
SUP0090,2025-09,7,0.8571,0.86,1.0,0.0,0,0
SUP0090,2025-10,5,0.6,1.2,1.0,0.0,0,0
SUP0090,2025-11,13,0.2308,4.77,0.8154,0.0,0,0
SUP0090,2025-12,8,0.8333,1.5,1.0,0.0,0,0
SUP0091,2023-02,4,0.0,7.75,1.0,0.0,0,0
SUP0091,2023-03,1,1.0,0.0,1.0,0.0,0,0
SUP0091,2023-04,2,0.0,11.5,1.0,0.0,0,0
SUP0091,2023-05,1,0.0,9.0,1.0,0.0,0,0
SUP0091,2023-06,1,0.0,9.0,1.0,0.0,0,0
SUP0091,2023-07,2,0.0,9.0,1.0,0.0,0,0
SUP0091,2023-08,2,0.5,1.0,1.0,0.0,0,0
SUP0091,2023-09,2,0.0,5.0,1.0,0.0,0,0
SUP0091,2023-12,1,0.0,11.0,1.0,0.0,0,0
SUP0091,2024-01,5,0.0,5.2,1.0,0.0,0,0
SUP0091,2024-02,2,0.0,10.5,1.0,0.0,0,0
SUP0091,2024-03,1,0.0,13.0,1.0,0.0,0,0
SUP0091,2024-05,1,0.0,13.0,1.0,0.0,0,0
SUP0091,2024-06,2,0.0,10.0,1.0,0.0,0,0
SUP0091,2024-07,2,0.5,6.0,1.0,0.0,0,0
SUP0091,2024-08,3,0.0,5.33,1.0,0.0,0,0
SUP0091,2024-09,6,0.0,8.5,0.999,0.0,0,0
SUP0091,2024-10,3,0.0,7.0,1.0,0.0,0,0
SUP0091,2024-11,3,0.0,5.0,1.0,0.0,0,0
SUP0091,2024-12,1,1.0,0.0,1.0,0.0,0,0
SUP0091,2025-01,3,0.0,6.0,0.7342,0.0,0,0
SUP0091,2025-02,1,0.0,1.0,1.0,0.0,0,0
SUP0091,2025-03,1,0.0,2.0,1.0,0.0,0,0
SUP0091,2025-04,2,0.5,0.5,1.0,0.0,0,0
SUP0091,2025-05,1,0.0,10.0,1.0,0.0,0,0
SUP0091,2025-06,3,0.3333,6.0,1.0,0.0,0,0
SUP0091,2025-07,2,0.0,5.0,1.0,0.0,0,0
SUP0091,2025-08,3,0.0,12.67,1.0,0.0,0,0
SUP0091,2025-10,3,0.3333,6.0,0.7925,0.0,0,0
SUP0091,2025-11,1,0.0,1.0,1.0,0.0,0,0
SUP0091,2025-12,2,0.0,13.0,1.0,0.0,0,0
SUP0092,2023-03,1,0.0,1.0,1.0,0.0,0,0
SUP0092,2023-04,2,0.5,0.5,1.0,0.0,0,0
SUP0092,2023-05,2,0.0,6.0,1.0,0.0,0,0
SUP0092,2023-06,1,0.0,13.0,1.0,0.0,0,0
SUP0092,2023-07,4,0.25,7.5,1.0,0.0,0,0
SUP0092,2023-08,2,0.0,9.0,1.0,0.0,0,0
SUP0092,2023-10,2,0.5,4.0,1.0,0.0,0,0
SUP0092,2023-12,4,0.0,6.75,1.0,0.0,0,0
SUP0092,2024-01,1,0.0,3.0,1.0,0.0,0,0
SUP0092,2024-02,1,1.0,-3.0,1.0,0.0,0,0
SUP0092,2024-03,2,0.5,4.5,1.0,0.0,0,0
SUP0092,2024-05,2,0.5,4.0,1.0,0.0,0,0
SUP0092,2024-06,2,0.5,1.0,1.0,0.0,0,0
SUP0092,2024-07,1,0.0,9.0,1.0,0.0,0,0
SUP0092,2024-08,3,0.3333,6.67,0.7989,0.0,0,0
SUP0092,2024-10,4,0.0,9.5,1.0,0.0,0,0
SUP0092,2024-11,1,0.0,5.0,1.0,0.0,0,0
SUP0092,2025-01,1,0.0,1.0,1.0,0.0,0,0
SUP0092,2025-02,1,0.0,3.0,1.0,0.0,0,0
SUP0092,2025-03,3,0.3333,3.67,1.0,0.0,0,0
SUP0092,2025-04,3,0.0,8.33,1.0,0.0,0,0
SUP0092,2025-05,1,1.0,0.0,1.0,0.0,0,0
SUP0092,2025-06,1,1.0,0.0,1.0,0.0,0,0
SUP0092,2025-07,2,0.0,5.5,1.0,0.0,0,0
SUP0092,2025-08,3,0.3333,3.67,1.0,0.0,0,0
SUP0092,2025-09,2,0.0,11.0,1.0,0.0,0,0
SUP0092,2025-11,2,0.0,6.0,1.0,0.0,0,0
SUP0092,2025-12,2,,,,0.0,0,0
SUP0093,2023-03,4,0.25,6.0,0.8773,0.0,0,0
SUP0093,2023-04,1,0.0,14.0,0.2007,0.0,0,0
SUP0093,2023-05,2,0.5,3.5,0.7327,0.0,0,0
SUP0093,2023-06,4,0.25,6.75,0.9043,0.0,0,0
SUP0093,2023-08,1,0.0,12.0,1.0,0.0,0,0
SUP0093,2023-09,4,0.0,4.0,1.0,0.0,0,0
SUP0093,2023-10,2,0.0,4.5,1.0,0.0,0,0
SUP0093,2023-11,3,0.0,6.67,0.7672,0.0,0,0
SUP0093,2023-12,2,0.5,6.5,1.0,0.0,0,0
SUP0093,2024-01,4,0.5,4.75,1.0,0.0,0,0
SUP0093,2024-02,4,0.25,0.75,1.0,0.0,0,0
SUP0093,2024-03,2,0.5,6.0,1.0,0.0,0,0
SUP0093,2024-04,1,0.0,14.0,1.0,0.0,0,0
SUP0093,2024-05,1,0.0,-2.0,0.4739,0.0,0,0
SUP0093,2024-06,2,0.0,4.5,1.0,0.0,0,0
SUP0093,2024-07,3,0.0,12.33,1.0,0.0,0,0
SUP0093,2024-08,1,0.0,13.0,1.0,0.0,0,0
SUP0093,2024-10,2,0.0,7.0,1.0,0.0,0,0
SUP0093,2024-11,1,0.0,6.0,1.0,0.0,0,0
SUP0093,2024-12,3,0.3333,3.33,1.0,0.0,0,0
SUP0093,2025-01,8,0.25,5.0,1.0,0.0,0,0
SUP0093,2025-02,1,0.0,6.0,1.0,0.0,0,0
SUP0093,2025-04,3,0.0,8.33,1.0,0.0,0,0
SUP0093,2025-06,1,0.0,11.0,1.0,0.0,0,0
SUP0093,2025-07,2,0.0,11.0,1.0,0.0,0,0
SUP0093,2025-09,1,0.0,9.0,1.0,0.0,0,0
SUP0093,2025-10,1,0.0,7.0,1.0,0.0,0,0
SUP0093,2025-11,1,1.0,-2.0,1.0,0.0,0,0
SUP0093,2025-12,4,1.0,-1.5,1.0,0.0,0,0
SUP0094,2023-02,1,0.0,9.0,0.5553,0.0,0,0
SUP0094,2023-03,4,0.0,4.0,0.9377,0.0,0,0
SUP0094,2023-04,1,0.0,4.0,0.3842,0.0,0,0
SUP0094,2023-05,2,0.0,4.5,1.0,0.0,0,0
SUP0094,2023-06,4,0.25,4.75,1.0,0.0,0,0
SUP0094,2023-07,1,0.0,4.0,1.0,0.0,0,0
SUP0094,2023-08,3,0.0,8.33,0.8277,0.0,0,0
SUP0094,2023-09,5,0.0,5.6,1.0,0.0,0,0
SUP0094,2023-10,3,0.3333,2.0,1.0,0.0,0,0
SUP0094,2023-11,3,0.0,10.67,0.7977,0.0,0,0
SUP0094,2024-01,4,0.0,11.5,0.9287,0.0,0,0
SUP0094,2024-02,5,0.2,3.4,1.0,0.0,0,0
SUP0094,2024-03,2,0.0,8.0,1.0,0.0,0,0
SUP0094,2024-04,3,0.0,10.67,1.0,0.0,0,0
SUP0094,2024-06,3,0.3333,3.33,1.0,0.0,0,0
SUP0094,2024-07,1,0.0,5.0,1.0,0.0,0,0
SUP0094,2024-08,3,0.0,7.67,1.0,0.0,0,0
SUP0094,2024-10,3,0.3333,7.33,1.0,0.0,0,0
SUP0094,2024-12,1,0.0,11.0,1.0,0.0,0,0
SUP0094,2025-01,1,1.0,-3.0,1.0,0.0,0,0
SUP0094,2025-02,1,0.0,5.0,1.0,0.0,0,0
SUP0094,2025-04,5,0.2,3.6,0.8448,0.0,0,0
SUP0094,2025-05,3,0.0,9.67,1.0,0.0,0,0
SUP0094,2025-06,3,0.3333,4.0,1.0,0.0,0,0
SUP0094,2025-07,2,0.0,3.0,0.8396,0.0,0,0
SUP0094,2025-08,2,0.5,0.0,1.0,0.0,0,0
SUP0094,2025-09,1,0.0,10.0,0.7422,0.0,0,0
SUP0094,2025-10,3,0.3333,4.0,1.0,0.0,0,0
SUP0094,2025-11,1,0.0,14.0,1.0,0.0,0,0
SUP0094,2025-12,4,0.5,1.0,1.0,0.0,0,0
SUP0095,2023-01,3,0.6667,0.0,0.9234,0.0,0,0
SUP0095,2023-02,9,0.5556,2.89,1.0,0.0,0,0
SUP0095,2023-03,12,0.9167,0.5,1.0,6675.0,0,0
SUP0095,2023-04,10,0.7,1.7,1.0,0.0,0,0
SUP0095,2023-05,11,0.5455,2.45,1.0,0.0,0,0
SUP0095,2023-06,10,0.5,4.3,1.0,43856.1,1,0
SUP0095,2023-07,14,0.6429,1.29,0.9857,0.0,0,0
SUP0095,2023-08,13,0.8462,1.15,1.0,0.0,0,0
SUP0095,2023-09,4,0.25,8.75,0.9891,0.0,0,0
SUP0095,2023-10,9,0.4444,3.0,0.9394,0.0,0,0
SUP0095,2023-11,12,0.8333,0.5,0.9402,0.0,0,0
SUP0095,2023-12,9,0.6667,1.78,0.9354,0.0,0,0
SUP0095,2024-01,9,0.5556,3.22,0.9099,0.0,0,0
SUP0095,2024-02,9,0.7778,0.11,1.0,0.0,0,0
SUP0095,2024-03,10,0.7,0.3,0.8986,0.0,0,0
SUP0095,2024-04,11,0.3636,3.09,0.9294,0.0,0,0
SUP0095,2024-05,10,0.7,1.9,0.9632,10379.1,0,0
SUP0095,2024-06,7,0.8571,1.29,1.0,0.0,2,1
SUP0095,2024-07,17,0.4118,3.59,0.9956,37584.7,0,0
SUP0095,2024-08,11,0.4545,2.55,0.9342,0.0,0,0
SUP0095,2024-09,10,0.8,1.0,1.0,0.0,0,0
SUP0095,2024-10,14,0.5,3.43,1.0,0.0,0,0
SUP0095,2024-11,6,0.8333,0.0,0.9463,0.0,0,0
SUP0095,2024-12,13,0.5385,2.46,0.9154,0.0,0,0
SUP0095,2025-01,11,0.5455,4.09,0.9829,86269.7,0,0
SUP0095,2025-02,7,0.2857,6.29,0.9697,0.0,0,0
SUP0095,2025-03,7,0.4286,5.43,0.9219,157404.6,0,0
SUP0095,2025-04,11,0.6364,0.18,0.9423,0.0,0,0
SUP0095,2025-05,11,0.5455,2.64,0.9944,0.0,0,0
SUP0095,2025-06,11,0.7273,1.36,0.9947,52599.6,0,0
SUP0095,2025-07,7,0.7143,0.57,1.0,0.0,0,0
SUP0095,2025-08,12,0.4167,3.33,0.9288,0.0,0,0
SUP0095,2025-09,10,0.5,0.7,1.0,73368.4,0,0
SUP0095,2025-10,12,0.5833,1.17,0.9508,0.0,0,0
SUP0095,2025-11,11,0.8182,1.55,1.0,100045.9,0,0
SUP0095,2025-12,10,1.0,0.0,1.0,0.0,0,0
SUP0096,2023-01,1,1.0,-3.0,1.0,0.0,0,0
SUP0096,2023-02,3,0.3333,6.67,1.0,0.0,0,0
SUP0096,2023-03,4,0.25,3.5,0.8777,0.0,0,0
SUP0096,2023-04,1,0.0,10.0,1.0,0.0,0,0
SUP0096,2023-05,1,0.0,2.0,1.0,0.0,0,0
SUP0096,2023-06,1,0.0,9.0,1.0,0.0,0,0
SUP0096,2023-07,1,0.0,3.0,1.0,0.0,0,0
SUP0096,2023-09,2,0.0,9.5,1.0,0.0,0,0
SUP0096,2023-10,3,0.0,11.33,1.0,0.0,0,0
SUP0096,2023-11,2,0.0,7.0,0.8545,0.0,0,0
SUP0096,2023-12,2,0.0,3.5,1.0,0.0,0,0
SUP0096,2024-01,1,0.0,1.0,1.0,0.0,0,0
SUP0096,2024-02,2,0.0,6.5,1.0,0.0,0,0
SUP0096,2024-03,3,0.3333,5.0,1.0,0.0,0,0
SUP0096,2024-05,1,0.0,10.0,1.0,0.0,0,0
SUP0096,2024-07,4,0.0,9.75,1.0,0.0,0,0
SUP0096,2024-08,2,0.0,11.5,1.0,0.0,0,0
SUP0096,2024-09,1,0.0,11.0,1.0,0.0,0,0
SUP0096,2024-10,2,0.0,7.0,1.0,0.0,0,0
SUP0096,2024-11,1,0.0,10.0,1.0,0.0,0,0
SUP0096,2024-12,2,0.5,5.0,1.0,0.0,0,0
SUP0096,2025-01,1,0.0,14.0,1.0,0.0,0,0
SUP0096,2025-02,3,0.6667,2.67,0.7767,0.0,0,0
SUP0096,2025-03,3,0.6667,0.0,1.0,0.0,0,0
SUP0096,2025-04,3,0.0,1.67,1.0,0.0,0,0
SUP0096,2025-05,3,0.0,8.33,1.0,0.0,0,0
SUP0096,2025-06,3,0.0,7.33,1.0,0.0,0,0
SUP0096,2025-07,3,0.3333,4.0,1.0,0.0,0,0
SUP0096,2025-09,1,0.0,12.0,1.0,0.0,0,0
SUP0096,2025-10,1,0.0,14.0,1.0,0.0,0,0
SUP0096,2025-11,2,0.0,11.0,0.6382,0.0,0,0
SUP0096,2025-12,2,,,,0.0,0,0
SUP0097,2023-01,5,0.6,-0.2,1.0,0.0,0,0
SUP0097,2023-03,1,0.0,11.0,1.0,0.0,0,0
SUP0097,2023-04,1,0.0,4.0,1.0,0.0,0,0
SUP0097,2023-06,4,0.25,2.75,1.0,0.0,0,0
SUP0097,2023-07,1,0.0,11.0,1.0,0.0,0,0
SUP0097,2023-08,3,0.6667,0.33,1.0,0.0,0,0
SUP0097,2023-09,2,0.5,6.0,1.0,0.0,0,0
SUP0097,2023-10,2,0.5,4.5,1.0,0.0,0,0
SUP0097,2023-11,1,0.0,14.0,1.0,0.0,0,0
SUP0097,2023-12,1,0.0,10.0,1.0,0.0,0,0
SUP0097,2024-01,2,0.0,7.5,1.0,0.0,0,0
SUP0097,2024-03,1,0.0,1.0,1.0,0.0,0,0
SUP0097,2024-04,1,1.0,-2.0,1.0,0.0,0,0
SUP0097,2024-05,2,0.5,0.0,1.0,0.0,0,0
SUP0097,2024-06,1,0.0,12.0,1.0,0.0,0,0
SUP0097,2024-07,4,0.0,4.5,1.0,0.0,0,0
SUP0097,2024-08,2,0.0,4.0,1.0,0.0,0,0
SUP0097,2024-09,4,0.75,1.25,1.0,0.0,0,0
SUP0097,2024-10,3,0.0,7.33,1.0,0.0,0,0
SUP0097,2024-11,2,0.0,9.0,0.6026,0.0,0,0
SUP0097,2024-12,3,0.0,6.33,1.0,0.0,0,0
SUP0097,2025-01,1,0.0,-2.0,0.7636,0.0,0,0
SUP0097,2025-02,6,0.3333,3.5,1.0,0.0,0,0
SUP0097,2025-03,1,0.0,3.0,1.0,0.0,0,0
SUP0097,2025-04,1,0.0,3.0,1.0,0.0,0,0
SUP0097,2025-05,4,0.0,8.0,0.9146,0.0,0,0
SUP0097,2025-06,1,0.0,4.0,1.0,0.0,0,0
SUP0097,2025-07,1,0.0,2.0,1.0,0.0,0,0
SUP0097,2025-08,3,0.3333,0.0,1.0,0.0,0,0
SUP0097,2025-09,3,0.3333,3.33,0.7131,0.0,0,0
SUP0097,2025-10,2,0.0,7.5,0.7782,0.0,0,0
SUP0097,2025-11,4,0.0,4.67,0.6042,0.0,0,0
SUP0097,2025-12,1,,,,0.0,0,0
SUP0098,2023-02,2,0.5,5.5,1.0,0.0,0,0
SUP0098,2023-03,1,0.0,4.0,1.0,0.0,0,0
SUP0098,2023-05,1,1.0,-2.0,1.0,0.0,0,0
SUP0098,2023-06,2,1.0,-0.5,1.0,0.0,0,0
SUP0098,2023-07,1,0.0,2.0,1.0,0.0,0,0
SUP0098,2023-08,2,0.0,7.0,1.0,0.0,0,0
SUP0098,2023-09,1,1.0,-3.0,1.0,0.0,0,0
SUP0098,2023-10,3,0.3333,3.0,0.8472,0.0,0,0
SUP0098,2023-11,1,0.0,7.0,1.0,0.0,0,0
SUP0098,2024-01,2,0.0,7.0,1.0,0.0,0,0
SUP0098,2024-02,6,0.3333,4.0,1.0,0.0,0,0
SUP0098,2024-03,3,0.0,7.0,1.0,0.0,0,0
SUP0098,2024-04,2,0.0,3.5,1.0,0.0,0,0
SUP0098,2024-05,3,0.6667,-0.67,1.0,0.0,0,0
SUP0098,2024-06,4,0.25,4.0,1.0,0.0,0,0
SUP0098,2024-07,2,0.5,6.0,0.8223,0.0,0,0
SUP0098,2024-08,2,0.0,4.0,1.0,0.0,0,0
SUP0098,2024-09,2,0.5,7.0,1.0,0.0,0,0
SUP0098,2024-10,4,0.25,3.0,1.0,0.0,0,0
SUP0098,2024-11,2,0.0,2.5,1.0,0.0,0,0
SUP0098,2024-12,2,0.0,10.0,0.8253,0.0,0,0
SUP0098,2025-01,3,0.0,8.67,1.0,0.0,0,0
SUP0098,2025-02,1,0.0,5.0,1.0,0.0,0,0
SUP0098,2025-03,1,0.0,7.0,1.0,0.0,0,0
SUP0098,2025-04,1,0.0,9.0,1.0,0.0,0,0
SUP0098,2025-05,2,0.5,2.5,1.0,0.0,0,0
SUP0098,2025-06,2,0.0,7.5,1.0,0.0,0,0
SUP0098,2025-07,1,1.0,-3.0,1.0,0.0,0,0
SUP0098,2025-08,3,0.3333,6.0,1.0,0.0,0,0
SUP0098,2025-09,4,0.0,11.0,0.8564,0.0,0,0
SUP0098,2025-10,2,0.0,7.5,1.0,0.0,0,0
SUP0098,2025-11,1,0.0,2.0,1.0,0.0,0,0
SUP0098,2025-12,5,,,,0.0,0,0
SUP0099,2023-03,4,0.0,4.0,1.0,0.0,0,0
SUP0099,2023-04,1,0.0,4.0,1.0,0.0,0,0
SUP0099,2023-05,5,0.0,3.8,0.9041,0.0,0,0
SUP0099,2023-06,2,0.5,4.0,1.0,0.0,0,0
SUP0099,2023-07,2,0.5,-2.5,0.8105,0.0,0,0
SUP0099,2023-08,2,0.5,3.5,1.0,0.0,0,0
SUP0099,2023-09,5,0.6,3.2,0.9887,0.0,0,0
SUP0099,2023-11,2,0.0,13.0,1.0,0.0,0,0
SUP0099,2023-12,1,0.0,3.0,1.0,0.0,0,0
SUP0099,2024-01,2,0.5,4.0,1.0,0.0,0,0
SUP0099,2024-02,1,0.0,8.0,0.2104,0.0,0,0
SUP0099,2024-03,1,0.0,12.0,1.0,0.0,0,0
SUP0099,2024-04,1,0.0,6.0,1.0,0.0,0,0
SUP0099,2024-05,1,0.0,-1.0,0.5065,0.0,0,0
SUP0099,2024-06,4,0.5,5.0,0.8397,0.0,0,0
SUP0099,2024-07,2,0.5,4.0,0.9833,0.0,0,0
SUP0099,2024-08,2,0.0,4.0,1.0,0.0,0,0
SUP0099,2024-09,1,0.0,4.0,1.0,0.0,0,0
SUP0099,2024-10,4,0.0,6.5,1.0,0.0,0,0
SUP0099,2024-11,2,1.0,-1.5,1.0,0.0,0,0
SUP0099,2024-12,3,0.3333,4.0,1.0,0.0,0,0
SUP0099,2025-01,2,0.0,8.5,1.0,0.0,0,0
SUP0099,2025-02,2,0.0,4.5,0.7317,0.0,0,0
SUP0099,2025-03,2,0.0,10.5,1.0,0.0,0,0
SUP0099,2025-06,3,0.3333,3.33,1.0,0.0,0,0
SUP0099,2025-07,1,0.0,8.0,1.0,0.0,0,0
SUP0099,2025-08,2,0.0,8.5,1.0,0.0,0,0
SUP0099,2025-10,2,0.0,9.0,1.0,0.0,0,0
SUP0099,2025-11,3,0.6667,0.0,1.0,0.0,0,0
SUP0099,2025-12,9,0.6,3.2,1.0,0.0,0,0
SUP0100,2023-03,3,0.0,5.0,1.0,0.0,0,0
SUP0100,2023-04,3,0.0,8.0,1.0,0.0,0,0
SUP0100,2023-05,3,0.3333,7.33,1.0,0.0,0,0
SUP0100,2023-06,2,0.0,5.5,1.0,0.0,0,0
SUP0100,2023-09,2,0.0,9.5,1.0,0.0,0,0
SUP0100,2023-10,3,0.0,9.33,0.7924,0.0,0,0
SUP0100,2023-11,3,0.3333,8.33,1.0,0.0,0,0
SUP0100,2023-12,4,0.25,6.0,1.0,0.0,0,0
SUP0100,2024-01,1,0.0,8.0,1.0,0.0,0,0
SUP0100,2024-02,1,0.0,12.0,1.0,0.0,0,0
SUP0100,2024-03,2,0.5,0.0,1.0,0.0,0,0
SUP0100,2024-04,1,0.0,9.0,1.0,0.0,0,0
SUP0100,2024-05,4,0.25,6.5,1.0,0.0,0,0
SUP0100,2024-06,1,0.0,7.0,1.0,0.0,0,0
SUP0100,2024-07,3,0.3333,8.0,1.0,0.0,0,0
SUP0100,2024-08,3,0.0,9.0,1.0,0.0,0,0
SUP0100,2024-09,2,0.5,5.0,1.0,0.0,0,0
SUP0100,2024-10,4,0.5,4.75,1.0,0.0,0,0
SUP0100,2024-11,1,0.0,6.0,1.0,0.0,0,0
SUP0100,2024-12,1,0.0,6.0,1.0,0.0,0,0
SUP0100,2025-01,2,0.0,0.5,0.6296,0.0,0,0
SUP0100,2025-02,1,0.0,6.0,1.0,0.0,0,0
SUP0100,2025-03,1,0.0,5.0,1.0,0.0,0,0
SUP0100,2025-04,1,0.0,2.0,1.0,0.0,0,0
SUP0100,2025-05,1,1.0,-2.0,1.0,0.0,0,0
SUP0100,2025-06,1,0.0,1.0,1.0,0.0,0,0
SUP0100,2025-07,1,0.0,9.0,1.0,0.0,0,0
SUP0100,2025-08,1,1.0,-1.0,1.0,0.0,0,0
SUP0100,2025-10,3,0.0,6.0,1.0,0.0,0,0
SUP0100,2025-11,1,1.0,-2.0,1.0,0.0,0,0
SUP0100,2025-12,6,0.2,6.2,1.0,0.0,0,0
SUP0101,2023-01,7,0.2857,3.43,1.0,0.0,1,0
SUP0101,2023-02,9,0.2222,5.67,0.9522,0.0,0,0
SUP0101,2023-03,23,0.8261,0.57,1.0,0.0,0,0
SUP0101,2023-04,14,0.7143,-0.43,0.9636,0.0,0,0
SUP0101,2023-05,19,0.6842,1.11,1.0,0.0,0,0
SUP0101,2023-06,15,0.8667,-0.2,1.0,0.0,0,0
SUP0101,2023-07,12,0.9167,0.0,1.0,0.0,0,0
SUP0101,2023-08,18,0.7778,0.67,0.9377,0.0,0,0
SUP0101,2023-09,21,0.6667,1.33,1.0,0.0,0,0
SUP0101,2023-10,21,0.7143,0.76,1.0,0.0,1,1
SUP0101,2023-11,15,0.8,0.27,0.9872,24814.2,0,0
SUP0101,2023-12,18,0.7778,0.0,0.9955,110791.2,0,0
SUP0101,2024-01,12,0.75,1.33,1.0,0.0,1,1
SUP0101,2024-02,20,0.8,0.95,0.9928,0.0,0,0
SUP0101,2024-03,15,0.8667,0.2,1.0,0.0,1,0
SUP0101,2024-04,10,0.8,0.7,1.0,0.0,0,0
SUP0101,2024-05,17,0.6471,2.18,1.0,0.0,0,0
SUP0101,2024-06,17,0.7647,1.0,0.936,0.0,1,0
SUP0101,2024-07,21,0.8095,1.14,1.0,66629.4,0,0
SUP0101,2024-08,20,0.85,-0.3,0.9836,0.0,0,0
SUP0101,2024-09,18,0.6667,2.11,1.0,0.0,0,0
SUP0101,2024-10,13,0.5385,2.62,0.9593,6812.8,0,0
SUP0101,2024-11,18,0.8889,0.28,1.0,0.0,0,0
SUP0101,2024-12,22,0.5909,1.0,0.9886,0.0,0,0
SUP0101,2025-01,21,0.8095,0.71,1.0,0.0,0,0
SUP0101,2025-02,15,0.7333,1.2,1.0,193831.2,0,0
SUP0101,2025-03,11,0.8182,0.82,0.9638,653.5,0,0
SUP0101,2025-04,16,1.0,-0.12,1.0,0.0,0,0
SUP0101,2025-05,21,0.8095,0.48,0.9905,92631.6,0,0
SUP0101,2025-06,17,0.7059,1.94,0.9941,0.0,1,0
SUP0101,2025-07,19,0.5789,2.11,0.9882,0.0,0,0
SUP0101,2025-08,18,0.7778,0.61,0.9957,0.0,0,0
SUP0101,2025-09,14,0.6429,0.43,0.8295,0.0,0,0
SUP0101,2025-10,22,0.7273,0.55,1.0,0.0,0,0
SUP0101,2025-11,19,0.8421,0.74,0.9601,0.0,0,0
SUP0101,2025-12,12,0.6364,0.64,1.0,0.0,0,0
SUP0102,2023-01,1,0.0,5.0,1.0,0.0,0,0
SUP0102,2023-02,5,0.2,4.6,1.0,0.0,0,0
SUP0102,2023-03,2,0.5,5.5,1.0,0.0,0,0
SUP0102,2023-04,2,0.0,5.0,1.0,0.0,0,0
SUP0102,2023-05,1,0.0,4.0,0.8409,0.0,0,0
SUP0102,2023-06,2,0.0,10.0,1.0,0.0,0,0
SUP0102,2023-07,2,0.0,13.5,1.0,0.0,0,0
SUP0102,2023-08,5,0.2,7.4,1.0,0.0,0,0
SUP0102,2023-09,1,0.0,12.0,1.0,0.0,0,0
SUP0102,2023-10,4,0.25,8.5,1.0,0.0,0,0
SUP0102,2023-11,4,0.0,10.25,1.0,0.0,0,0
SUP0102,2023-12,1,0.0,3.0,1.0,0.0,0,0
SUP0102,2024-03,1,0.0,12.0,1.0,0.0,0,0
SUP0102,2024-04,2,0.5,3.5,1.0,0.0,0,0
SUP0102,2024-05,2,0.5,3.5,1.0,0.0,0,0
SUP0102,2024-06,2,0.0,9.0,1.0,0.0,0,0
SUP0102,2024-07,2,0.0,11.0,0.7349,0.0,0,0
SUP0102,2024-08,1,0.0,6.0,1.0,0.0,0,0
SUP0102,2024-09,2,0.5,2.5,1.0,0.0,0,0
SUP0102,2024-10,2,0.0,5.0,1.0,0.0,0,0
SUP0102,2024-11,3,0.3333,5.0,1.0,0.0,0,0
SUP0102,2024-12,3,0.0,8.33,0.9403,0.0,0,0
SUP0102,2025-01,1,0.0,4.0,1.0,0.0,0,0
SUP0102,2025-02,1,0.0,10.0,1.0,0.0,0,0
SUP0102,2025-03,4,0.25,6.5,0.9414,0.0,0,0
SUP0102,2025-04,2,0.0,7.5,1.0,0.0,0,0
SUP0102,2025-05,2,0.5,5.0,0.7257,0.0,0,0
SUP0102,2025-06,1,0.0,11.0,1.0,0.0,0,0
SUP0102,2025-07,1,1.0,-2.0,1.0,0.0,0,0
SUP0102,2025-08,2,1.0,-0.5,1.0,0.0,0,0
SUP0102,2025-09,2,0.5,1.5,1.0,0.0,0,0
SUP0102,2025-10,3,0.3333,4.0,1.0,0.0,0,0
SUP0102,2025-11,2,0.0,2.0,1.0,0.0,0,0
SUP0102,2025-12,4,,,,0.0,0,0
SUP0103,2023-01,5,1.0,0.0,1.0,0.0,4,4
SUP0103,2023-02,11,0.1818,6.55,1.0,52778.8,4,3
SUP0103,2023-03,15,0.6667,2.53,0.9918,0.0,0,0
SUP0103,2023-04,17,0.7059,0.71,0.9934,24984.9,0,0
SUP0103,2023-05,17,0.8235,1.24,1.0,0.0,0,0
SUP0103,2023-06,17,0.9412,-0.12,1.0,0.0,0,0
SUP0103,2023-07,24,0.7917,1.0,0.91,37504.4,0,0
SUP0103,2023-08,23,0.7826,2.35,1.0,0.0,0,0
SUP0103,2023-09,18,0.7778,2.78,0.9831,0.0,0,0
SUP0103,2023-10,18,0.8889,0.94,1.0,0.0,0,0
SUP0103,2023-11,14,0.8571,-0.29,0.9976,0.0,0,0
SUP0103,2023-12,15,1.0,0.0,1.0,0.0,0,0
SUP0103,2024-01,16,0.875,1.06,1.0,27811.2,6,1
SUP0103,2024-02,16,0.0625,6.81,0.995,74030.7,3,1
SUP0103,2024-03,23,0.913,0.26,1.0,3642.7,0,0
SUP0103,2024-04,19,0.7895,2.21,1.0,0.0,0,0
SUP0103,2024-05,11,0.9091,0.64,1.0,0.0,0,0
SUP0103,2024-06,20,1.0,-0.1,1.0,0.0,0,0
SUP0103,2024-07,20,0.65,1.85,0.864,0.0,0,0
SUP0103,2024-08,12,0.8333,0.25,1.0,0.0,0,0
SUP0103,2024-09,20,0.8,1.25,0.9946,1930.7,0,0
SUP0103,2024-10,19,0.7368,2.21,0.9924,10721.3,0,0
SUP0103,2024-11,19,0.7368,1.53,0.9082,0.0,0,0
SUP0103,2024-12,19,0.8421,0.95,0.9954,0.0,0,0
SUP0103,2025-01,19,0.9474,-0.21,1.0,15614.5,2,1
SUP0103,2025-02,19,0.1053,8.47,0.9997,76232.7,5,3
SUP0103,2025-03,17,0.8235,1.06,0.9046,0.0,0,0
SUP0103,2025-04,17,0.8824,0.53,0.9915,0.0,2,0
SUP0103,2025-05,18,0.7778,0.83,0.9858,0.0,0,0
SUP0103,2025-06,15,0.6667,1.87,0.7951,0.0,0,0
SUP0103,2025-07,10,0.8,0.4,0.9976,0.0,0,0
SUP0103,2025-08,23,0.913,0.48,1.0,0.0,0,0
SUP0103,2025-09,10,0.6,2.7,0.8461,0.0,0,0
SUP0103,2025-10,22,0.8636,0.86,1.0,0.0,0,0
SUP0103,2025-11,16,0.75,1.69,1.0,0.0,0,0
SUP0103,2025-12,18,0.7059,1.12,0.9522,0.0,0,0
SUP0104,2023-03,1,0.0,4.0,1.0,0.0,0,0
SUP0104,2023-04,1,0.0,4.0,1.0,0.0,0,0
SUP0104,2023-05,1,0.0,5.0,1.0,0.0,0,0
SUP0104,2023-06,4,0.0,4.5,0.9661,0.0,0,0
SUP0104,2023-07,3,0.3333,6.0,1.0,0.0,0,0
SUP0104,2023-08,1,0.0,7.0,1.0,0.0,0,0
SUP0104,2023-09,2,0.5,2.5,1.0,0.0,0,0
SUP0104,2023-10,4,0.0,9.0,1.0,0.0,0,0
SUP0104,2023-12,6,0.1667,8.67,1.0,0.0,0,0
SUP0104,2024-01,2,0.0,5.5,1.0,0.0,0,0
SUP0104,2024-02,1,0.0,10.0,1.0,0.0,0,0
SUP0104,2024-03,3,0.0,4.33,1.0,0.0,0,0
SUP0104,2024-04,2,0.0,5.0,1.0,0.0,0,0
SUP0104,2024-05,2,0.0,12.5,1.0,0.0,0,0
SUP0104,2024-06,1,1.0,-2.0,1.0,0.0,0,0
SUP0104,2024-08,2,0.0,9.5,0.597,0.0,0,0
SUP0104,2024-09,1,0.0,11.0,1.0,0.0,0,0
SUP0104,2024-10,3,0.0,9.67,1.0,0.0,0,0
SUP0104,2024-11,2,1.0,-1.5,1.0,0.0,0,0
SUP0104,2024-12,4,0.25,2.0,0.9886,0.0,0,0
SUP0104,2025-01,2,0.0,7.0,1.0,0.0,0,0
SUP0104,2025-02,5,0.4,1.0,0.9649,0.0,0,0
SUP0104,2025-03,4,0.0,2.5,1.0,0.0,0,0
SUP0104,2025-07,1,1.0,-1.0,1.0,0.0,0,0
SUP0104,2025-08,1,1.0,-3.0,1.0,0.0,0,0
SUP0104,2025-09,3,0.0,7.67,1.0,0.0,0,0
SUP0104,2025-10,4,0.25,2.0,0.843,0.0,0,0
SUP0104,2025-11,1,,,,0.0,0,0
SUP0104,2025-12,1,,,,0.0,0,0
SUP0105,2023-01,2,0.0,0.0,0.8251,0.0,0,0
SUP0105,2023-02,3,0.6667,2.67,1.0,0.0,0,0
SUP0105,2023-03,5,0.4,5.0,0.9814,0.0,0,0
SUP0105,2023-04,5,0.4,2.8,0.9963,0.0,0,0
SUP0105,2023-05,9,0.3333,3.56,1.0,0.0,0,0
SUP0105,2023-06,6,0.3333,6.83,1.0,0.0,0,0
SUP0105,2023-07,2,1.0,0.0,1.0,0.0,0,0
SUP0105,2023-08,5,0.6,3.6,0.9927,0.0,0,0
SUP0105,2023-09,7,0.4286,3.0,0.7452,0.0,0,0
SUP0105,2023-10,3,0.3333,4.67,1.0,0.0,0,0
SUP0105,2023-11,4,0.5,3.5,1.0,0.0,0,0
SUP0105,2023-12,4,0.5,4.5,1.0,0.0,0,0
SUP0105,2024-01,7,0.4286,2.57,1.0,0.0,0,0
SUP0105,2024-02,5,0.6,1.6,1.0,0.0,0,0
SUP0105,2024-03,4,0.25,5.25,1.0,0.0,0,0
SUP0105,2024-04,4,0.5,3.5,1.0,0.0,0,0
SUP0105,2024-06,7,0.7143,0.71,1.0,0.0,0,0
SUP0105,2024-07,4,0.5,4.25,1.0,0.0,0,0
SUP0105,2024-08,7,0.2857,5.71,0.7258,0.0,0,0
SUP0105,2024-09,3,0.3333,11.0,1.0,0.0,0,0
SUP0105,2024-10,4,0.25,8.5,0.9938,0.0,0,0
SUP0105,2024-11,2,0.5,1.0,0.8762,0.0,0,0
SUP0105,2024-12,3,0.3333,5.67,1.0,0.0,0,0
SUP0105,2025-01,6,0.8333,0.17,1.0,0.0,0,0
SUP0105,2025-02,1,1.0,0.0,1.0,0.0,0,0
SUP0105,2025-03,5,0.4,4.6,1.0,0.0,0,0
SUP0105,2025-04,4,0.75,2.0,1.0,0.0,0,0
SUP0105,2025-05,3,0.6667,0.33,1.0,0.0,0,0
SUP0105,2025-06,5,0.6,2.0,0.6307,0.0,0,0
SUP0105,2025-07,5,0.4,2.8,1.0,0.0,0,0
SUP0105,2025-08,8,0.375,3.0,0.9389,0.0,0,0
SUP0105,2025-09,6,0.3333,1.5,0.9605,0.0,0,0
SUP0105,2025-10,4,0.25,8.25,1.0,0.0,0,0
SUP0105,2025-11,5,0.6,3.4,1.0,0.0,0,0
SUP0105,2025-12,1,0.0,10.0,1.0,0.0,0,0
SUP0106,2023-02,3,0.3333,0.67,1.0,0.0,0,0
SUP0106,2023-03,1,0.0,8.0,1.0,0.0,0,0
SUP0106,2023-04,1,0.0,3.0,1.0,0.0,0,0
SUP0106,2023-05,4,0.0,6.25,1.0,0.0,0,0
SUP0106,2023-06,2,0.0,11.5,1.0,0.0,0,0
SUP0106,2023-07,1,1.0,-3.0,1.0,0.0,0,0
SUP0106,2023-09,2,0.5,0.0,1.0,0.0,0,0
SUP0106,2023-10,1,0.0,5.0,1.0,0.0,0,0
SUP0106,2023-11,2,0.0,11.0,0.7221,0.0,0,0
SUP0106,2023-12,6,0.1667,9.33,0.8162,0.0,0,0
SUP0106,2024-01,1,0.0,1.0,1.0,0.0,0,0
SUP0106,2024-02,1,0.0,9.0,1.0,0.0,0,0
SUP0106,2024-03,2,0.0,4.0,1.0,0.0,0,0
SUP0106,2024-04,1,0.0,6.0,1.0,0.0,0,0
SUP0106,2024-05,4,0.0,10.5,1.0,0.0,0,0
SUP0106,2024-06,4,0.25,6.0,1.0,0.0,0,0
SUP0106,2024-07,1,0.0,3.0,1.0,0.0,0,0
SUP0106,2024-09,1,0.0,9.0,1.0,0.0,0,0
SUP0106,2024-10,4,0.25,1.25,1.0,0.0,0,0
SUP0106,2024-11,2,0.5,3.0,1.0,0.0,0,0
SUP0106,2024-12,2,0.0,7.0,0.7962,0.0,0,0
SUP0106,2025-02,3,0.3333,3.67,1.0,0.0,0,0
SUP0106,2025-03,1,0.0,14.0,1.0,0.0,0,0
SUP0106,2025-04,2,0.5,4.5,1.0,0.0,0,0
SUP0106,2025-05,1,0.0,13.0,1.0,0.0,0,0
SUP0106,2025-06,5,0.4,1.0,0.959,0.0,0,0
SUP0106,2025-07,3,0.6667,1.67,0.7704,0.0,0,0
SUP0106,2025-09,1,0.0,2.0,1.0,0.0,0,0
SUP0106,2025-11,3,0.0,9.67,0.9299,0.0,0,0
SUP0106,2025-12,1,,,,0.0,0,0
SUP0107,2023-01,1,0.0,13.0,1.0,0.0,0,0
SUP0107,2023-02,2,0.0,6.0,1.0,0.0,0,0
SUP0107,2023-03,3,0.3333,1.33,1.0,0.0,0,0
SUP0107,2023-04,1,0.0,12.0,1.0,0.0,0,0
SUP0107,2023-05,1,0.0,4.0,1.0,0.0,0,0
SUP0107,2023-06,1,1.0,-2.0,1.0,0.0,0,0
SUP0107,2023-07,1,0.0,2.0,1.0,0.0,0,0
SUP0107,2023-08,2,0.0,1.0,1.0,0.0,0,0
SUP0107,2023-10,2,0.0,5.0,0.6195,0.0,0,0
SUP0107,2023-11,4,0.25,6.0,1.0,0.0,0,0
SUP0107,2024-01,4,0.0,7.5,0.9265,0.0,0,0
SUP0107,2024-02,3,0.3333,2.33,1.0,0.0,0,0
SUP0107,2024-03,1,1.0,-2.0,1.0,0.0,0,0
SUP0107,2024-04,1,0.0,5.0,1.0,0.0,0,0
SUP0107,2024-05,3,0.6667,2.67,1.0,0.0,0,0
SUP0107,2024-06,1,0.0,1.0,1.0,0.0,0,0
SUP0107,2024-07,1,0.0,12.0,1.0,0.0,0,0
SUP0107,2024-08,2,0.5,2.5,1.0,0.0,0,0
SUP0107,2024-09,3,0.3333,4.33,1.0,0.0,0,0
SUP0107,2024-10,2,0.0,8.0,0.7898,0.0,0,0
SUP0107,2024-12,2,0.0,6.0,1.0,0.0,0,0
SUP0107,2025-01,3,0.3333,1.33,1.0,0.0,0,0
SUP0107,2025-02,2,0.0,6.0,1.0,0.0,0,0
SUP0107,2025-03,1,0.0,14.0,1.0,0.0,0,0
SUP0107,2025-04,1,0.0,6.0,1.0,0.0,0,0
SUP0107,2025-07,4,0.5,2.5,1.0,0.0,0,0
SUP0107,2025-08,3,0.3333,2.0,0.9631,0.0,0,0
SUP0107,2025-09,3,0.0,3.67,1.0,0.0,0,0
SUP0107,2025-10,3,0.0,6.67,1.0,0.0,0,0
SUP0107,2025-11,1,0.0,3.0,1.0,0.0,0,0
SUP0107,2025-12,2,,,,0.0,0,0
SUP0108,2023-02,2,0.0,8.0,1.0,0.0,0,0
SUP0108,2023-03,2,0.5,-1.5,0.7077,0.0,0,0
SUP0108,2023-04,1,0.0,12.0,1.0,0.0,0,0
SUP0108,2023-05,2,0.0,13.5,0.705,0.0,0,0
SUP0108,2023-07,2,0.0,8.5,1.0,0.0,0,0
SUP0108,2023-08,3,0.3333,2.0,0.5026,0.0,0,0
SUP0108,2023-09,3,0.3333,8.67,1.0,0.0,0,0
SUP0108,2023-10,4,0.25,5.5,1.0,0.0,0,0
SUP0108,2023-11,4,0.25,3.0,0.9927,0.0,0,0
SUP0108,2023-12,4,0.0,6.0,1.0,0.0,0,0
SUP0108,2024-01,1,0.0,4.0,1.0,0.0,0,0
SUP0108,2024-03,1,1.0,-3.0,1.0,0.0,0,0
SUP0108,2024-04,2,0.0,7.0,1.0,0.0,0,0
SUP0108,2024-05,2,0.0,4.0,1.0,0.0,0,0
SUP0108,2024-06,3,0.3333,3.67,1.0,0.0,0,0
SUP0108,2024-07,1,0.0,3.0,1.0,0.0,0,0
SUP0108,2024-08,4,0.0,3.75,1.0,0.0,0,0
SUP0108,2024-09,5,0.8,-0.4,1.0,0.0,0,0
SUP0108,2024-10,5,0.2,7.8,1.0,0.0,0,0
SUP0108,2024-11,1,0.0,14.0,1.0,0.0,0,0
SUP0108,2024-12,5,0.2,5.8,0.9488,0.0,0,0
SUP0108,2025-01,1,0.0,10.0,1.0,0.0,0,0
SUP0108,2025-02,3,0.0,8.33,1.0,0.0,0,0
SUP0108,2025-03,3,0.3333,2.67,1.0,0.0,0,0
SUP0108,2025-05,1,0.0,3.0,1.0,0.0,0,0
SUP0108,2025-06,1,0.0,13.0,1.0,0.0,0,0
SUP0108,2025-07,2,0.0,8.0,1.0,0.0,0,0
SUP0108,2025-08,1,0.0,14.0,1.0,0.0,0,0
SUP0108,2025-09,3,0.3333,4.0,1.0,0.0,0,0
SUP0108,2025-10,3,0.0,7.33,1.0,0.0,0,0
SUP0108,2025-11,3,0.6667,-1.0,1.0,0.0,0,0
SUP0108,2025-12,1,,,,0.0,0,0
SUP0109,2023-01,5,0.6,2.6,0.9237,0.0,1,0
SUP0109,2023-02,12,0.5,1.75,0.9609,62247.7,1,0
SUP0109,2023-03,16,0.6875,2.19,1.0,0.0,0,0
SUP0109,2023-04,25,0.96,0.36,1.0,0.0,0,0
SUP0109,2023-05,14,0.4286,3.86,1.0,0.0,0,0
SUP0109,2023-06,10,0.7,0.3,0.9688,72018.8,0,0
SUP0109,2023-07,8,0.5,3.38,1.0,509340.5,1,0
SUP0109,2023-08,9,0.7778,1.56,1.0,0.0,0,0
SUP0109,2023-09,9,0.7778,1.11,1.0,0.0,0,0
SUP0109,2023-10,12,0.75,0.92,0.9592,459724.8,0,0
SUP0109,2023-11,24,0.8333,0.42,0.9971,0.0,0,0
SUP0109,2023-12,14,0.5,3.93,1.0,0.0,1,0
SUP0109,2024-01,8,0.375,5.25,0.9994,0.0,0,0
SUP0109,2024-02,7,0.4286,-0.29,0.9561,0.0,0,0
SUP0109,2024-03,11,0.3636,4.82,1.0,0.0,2,0
SUP0109,2024-04,10,0.4,1.4,0.9827,0.0,0,0
SUP0109,2024-05,10,0.5,3.6,1.0,14041.2,1,0
SUP0109,2024-06,13,0.6923,1.15,1.0,0.0,0,0
SUP0109,2024-07,8,0.625,-0.12,0.9938,0.0,0,0
SUP0109,2024-08,12,0.4167,4.58,0.9731,0.0,0,0
SUP0109,2024-09,10,0.7,0.9,1.0,0.0,0,0
SUP0109,2024-10,4,0.25,1.25,0.891,0.0,0,0
SUP0109,2024-11,10,0.7,3.3,1.0,0.0,0,0
SUP0109,2024-12,4,0.75,0.0,1.0,0.0,1,0
SUP0109,2025-01,9,0.5556,1.78,1.0,154699.4,0,0
SUP0109,2025-02,5,0.8,2.6,1.0,0.0,0,0
SUP0109,2025-03,6,0.6667,1.83,1.0,0.0,0,0
SUP0109,2025-04,6,0.8333,-0.33,0.8755,0.0,0,0
SUP0109,2025-05,11,0.5455,4.27,0.991,0.0,0,0
SUP0109,2025-06,6,0.8333,-0.33,1.0,0.0,0,0
SUP0109,2025-07,7,0.5714,1.14,1.0,112047.3,0,0
SUP0109,2025-08,9,0.5556,1.33,1.0,0.0,0,0
SUP0109,2025-09,3,0.3333,3.67,1.0,0.0,1,0
SUP0109,2025-10,11,0.5455,2.09,0.9992,0.0,1,0
SUP0109,2025-11,5,0.6,5.2,1.0,0.0,1,0
SUP0109,2025-12,6,0.8,-0.2,1.0,0.0,0,0
SUP0110,2023-03,2,0.5,4.0,1.0,0.0,0,0
SUP0110,2023-04,4,0.25,8.5,1.0,0.0,0,0
SUP0110,2023-05,5,0.2,1.8,0.9643,0.0,0,0
SUP0110,2023-07,4,0.0,7.5,1.0,0.0,0,0
SUP0110,2023-08,2,0.0,10.0,1.0,0.0,0,0
SUP0110,2023-09,4,0.5,1.0,1.0,0.0,0,0
SUP0110,2023-10,1,0.0,7.0,1.0,0.0,0,0
SUP0110,2023-12,2,0.5,2.0,1.0,0.0,0,0
SUP0110,2024-01,3,0.0,5.67,1.0,0.0,0,0
SUP0110,2024-02,4,0.25,1.25,0.8881,0.0,0,0
SUP0110,2024-03,3,0.3333,3.0,1.0,0.0,0,0
SUP0110,2024-04,1,0.0,9.0,1.0,0.0,0,0
SUP0110,2024-06,1,0.0,13.0,1.0,0.0,0,0
SUP0110,2024-07,2,0.5,3.0,1.0,0.0,0,0
SUP0110,2024-09,2,0.0,9.5,1.0,0.0,0,0
SUP0110,2024-11,4,0.0,9.5,1.0,0.0,0,0
SUP0110,2024-12,2,0.0,8.5,1.0,0.0,0,0
SUP0110,2025-01,2,0.0,9.5,1.0,0.0,0,0
SUP0110,2025-02,3,0.3333,6.33,0.9139,0.0,0,0
SUP0110,2025-03,3,0.0,12.0,1.0,0.0,0,0
SUP0110,2025-04,1,0.0,13.0,1.0,0.0,0,0
SUP0110,2025-05,1,0.0,5.0,1.0,0.0,0,0
SUP0110,2025-06,2,0.0,8.0,1.0,0.0,0,0
SUP0110,2025-07,3,0.3333,6.0,1.0,0.0,0,0
SUP0110,2025-08,2,0.0,5.0,1.0,0.0,0,0
SUP0110,2025-09,3,0.0,12.67,1.0,0.0,0,0
SUP0110,2025-10,1,0.0,12.0,1.0,0.0,0,0
SUP0110,2025-11,9,0.1111,9.67,1.0,0.0,0,0
SUP0110,2025-12,4,0.0,12.0,1.0,0.0,0,0
SUP0111,2023-01,4,1.0,-0.25,1.0,0.0,0,0
SUP0111,2023-02,1,0.0,2.0,1.0,0.0,2,1
SUP0111,2023-03,2,0.5,-0.5,0.5725,0.0,0,0
SUP0111,2023-04,1,1.0,0.0,1.0,0.0,0,0
SUP0111,2023-05,5,0.6,2.8,0.4377,0.0,0,0
SUP0111,2023-06,11,0.6364,1.09,0.9974,0.0,0,0
SUP0111,2023-07,2,0.5,2.0,1.0,0.0,0,0
SUP0111,2023-08,6,0.3333,3.67,0.8736,0.0,0,0
SUP0111,2023-09,6,0.5,2.0,1.0,0.0,0,0
SUP0111,2023-10,2,1.0,0.0,1.0,0.0,0,0
SUP0111,2023-11,5,1.0,-0.6,1.0,0.0,0,0
SUP0111,2023-12,4,0.25,5.0,0.7175,0.0,0,0
SUP0111,2024-01,8,0.75,-0.25,1.0,0.0,0,0
SUP0111,2024-02,4,0.5,1.25,1.0,0.0,0,0
SUP0111,2024-03,3,0.6667,3.0,1.0,0.0,0,0
SUP0111,2024-04,5,0.8,0.8,1.0,0.0,0,0
SUP0111,2024-05,8,0.625,3.0,1.0,0.0,0,0
SUP0111,2024-06,5,0.6,1.0,0.615,0.0,0,0
SUP0111,2024-07,5,0.8,1.4,1.0,0.0,0,0
SUP0111,2024-08,1,1.0,0.0,1.0,0.0,0,0
SUP0111,2024-09,4,0.75,2.75,0.7922,0.0,0,0
SUP0111,2024-10,7,1.0,-1.0,1.0,0.0,0,0
SUP0111,2024-11,5,0.6,3.8,1.0,0.0,0,0
SUP0111,2024-12,4,1.0,0.0,1.0,0.0,0,0
SUP0111,2025-01,9,0.5556,3.11,0.9032,0.0,0,0
SUP0111,2025-02,7,0.5714,2.29,1.0,0.0,0,0
SUP0111,2025-03,3,0.0,6.67,1.0,0.0,0,0
SUP0111,2025-04,6,1.0,-0.33,1.0,0.0,0,0
SUP0111,2025-05,5,0.4,1.6,1.0,0.0,0,0
SUP0111,2025-06,4,0.5,4.0,1.0,0.0,0,0
SUP0111,2025-07,5,0.2,3.6,1.0,0.0,0,0
SUP0111,2025-08,1,0.0,2.0,0.6036,0.0,0,0
SUP0111,2025-09,6,0.8333,1.0,1.0,0.0,0,0
SUP0111,2025-10,6,0.3333,4.0,1.0,0.0,0,0
SUP0111,2025-11,3,0.6667,3.0,1.0,0.0,0,0
SUP0111,2025-12,3,1.0,0.0,1.0,0.0,0,0
SUP0112,2023-02,2,0.0,2.0,1.0,0.0,0,0
SUP0112,2023-03,3,0.0,7.0,1.0,0.0,0,0
SUP0112,2023-04,2,0.0,9.0,0.496,0.0,0,0
SUP0112,2023-05,2,0.5,2.5,1.0,0.0,0,0
SUP0112,2023-06,2,0.0,8.5,1.0,0.0,0,0
SUP0112,2023-07,1,0.0,12.0,1.0,0.0,0,0
SUP0112,2023-10,2,0.0,8.5,1.0,0.0,0,0
SUP0112,2023-11,4,0.25,5.75,1.0,0.0,0,0
SUP0112,2024-01,4,0.0,8.0,0.7902,0.0,0,0
SUP0112,2024-02,1,0.0,7.0,1.0,0.0,0,0
SUP0112,2024-03,2,0.0,9.5,1.0,0.0,0,0
SUP0112,2024-04,1,0.0,8.0,1.0,0.0,0,0
SUP0112,2024-06,1,0.0,8.0,1.0,0.0,0,0
SUP0112,2024-07,1,0.0,14.0,1.0,0.0,0,0
SUP0112,2024-08,2,0.0,7.0,1.0,0.0,0,0
SUP0112,2024-09,2,0.0,5.5,1.0,0.0,0,0
SUP0112,2024-12,1,1.0,-3.0,1.0,0.0,0,0
SUP0112,2025-01,2,0.0,11.0,0.8976,0.0,0,0
SUP0112,2025-02,2,0.5,1.5,0.7698,0.0,0,0
SUP0112,2025-05,1,0.0,11.0,1.0,0.0,0,0
SUP0112,2025-06,3,0.0,8.33,1.0,0.0,0,0
SUP0112,2025-07,2,0.5,-0.5,1.0,0.0,0,0
SUP0112,2025-08,7,0.1429,7.14,0.8853,0.0,0,0
SUP0112,2025-09,1,0.0,8.0,0.5906,0.0,0,0
SUP0112,2025-11,2,0.0,4.5,1.0,0.0,0,0
SUP0112,2025-12,3,1.0,-2.0,1.0,0.0,0,0
SUP0113,2023-04,3,0.3333,1.33,1.0,0.0,0,0
SUP0113,2023-05,3,0.0,7.0,1.0,0.0,0,0
SUP0113,2023-06,3,0.0,10.67,1.0,0.0,0,0
SUP0113,2023-08,4,0.5,2.25,1.0,0.0,0,0
SUP0113,2023-09,3,0.0,2.33,1.0,0.0,0,0
SUP0113,2023-11,1,0.0,10.0,1.0,0.0,0,0
SUP0113,2023-12,2,0.5,2.5,0.617,0.0,0,0
SUP0113,2024-01,1,1.0,-1.0,1.0,0.0,0,0
SUP0113,2024-03,3,0.3333,4.67,0.9297,0.0,0,0
SUP0113,2024-04,1,0.0,14.0,1.0,0.0,0,0
SUP0113,2024-05,3,0.3333,6.0,0.8751,0.0,0,0
SUP0113,2024-06,1,0.0,8.0,1.0,0.0,0,0
SUP0113,2024-07,2,0.0,7.5,1.0,0.0,0,0
SUP0113,2024-08,1,0.0,-1.0,0.5372,0.0,0,0
SUP0113,2024-09,1,1.0,-2.0,1.0,0.0,0,0
SUP0113,2024-10,1,0.0,8.0,1.0,0.0,0,0
SUP0113,2024-11,5,0.0,7.8,1.0,0.0,0,0
SUP0113,2024-12,2,0.0,6.0,1.0,0.0,0,0
SUP0113,2025-02,3,0.0,11.33,0.9404,0.0,0,0
SUP0113,2025-03,3,0.3333,7.0,1.0,0.0,0,0
SUP0113,2025-04,1,0.0,8.0,1.0,0.0,0,0
SUP0113,2025-05,2,0.0,12.5,1.0,0.0,0,0
SUP0113,2025-06,2,0.5,1.0,1.0,0.0,0,0
SUP0113,2025-07,3,0.0,9.0,1.0,0.0,0,0
SUP0113,2025-09,1,0.0,8.0,0.729,0.0,0,0
SUP0113,2025-10,3,0.6667,3.0,1.0,0.0,0,0
SUP0113,2025-11,1,0.0,13.0,1.0,0.0,0,0
SUP0113,2025-12,7,0.5,3.0,1.0,0.0,0,0
SUP0114,2023-04,3,0.0,8.33,0.563,0.0,0,0
SUP0114,2023-05,2,0.0,1.5,1.0,0.0,0,0
SUP0114,2023-06,3,0.0,7.0,1.0,0.0,0,0
SUP0114,2023-07,1,0.0,7.0,1.0,0.0,0,0
SUP0114,2023-09,2,0.0,9.0,1.0,0.0,0,0
SUP0114,2023-10,1,0.0,9.0,1.0,0.0,0,0
SUP0114,2023-12,1,0.0,10.0,1.0,0.0,0,0
SUP0114,2024-02,1,0.0,9.0,1.0,0.0,0,0
SUP0114,2024-03,4,0.25,8.25,1.0,0.0,0,0
SUP0114,2024-04,1,0.0,9.0,0.3914,0.0,0,0
SUP0114,2024-05,2,0.5,4.5,1.0,0.0,0,0
SUP0114,2024-09,3,0.6667,4.33,1.0,0.0,0,0
SUP0114,2024-10,5,0.0,4.6,1.0,0.0,0,0
SUP0114,2024-11,2,0.5,3.0,1.0,0.0,0,0
SUP0114,2024-12,3,0.3333,3.67,1.0,0.0,0,0
SUP0114,2025-01,5,0.2,4.6,1.0,0.0,0,0
SUP0114,2025-02,2,0.5,5.5,1.0,0.0,0,0
SUP0114,2025-03,4,0.0,7.25,0.8532,0.0,0,0
SUP0114,2025-04,4,0.25,3.25,1.0,0.0,0,0
SUP0114,2025-05,2,0.0,3.0,1.0,0.0,0,0
SUP0114,2025-06,4,0.0,9.0,1.0,0.0,0,0
SUP0114,2025-08,1,0.0,5.0,1.0,0.0,0,0
SUP0114,2025-09,3,0.6667,2.33,1.0,0.0,0,0
SUP0114,2025-10,2,0.0,6.0,0.6789,0.0,0,0
SUP0114,2025-11,3,0.3333,3.0,1.0,0.0,0,0
SUP0114,2025-12,5,0.5,3.0,1.0,0.0,0,0
SUP0115,2023-01,15,0.6,2.4,0.9991,0.0,0,0
SUP0115,2023-02,15,0.5333,3.07,1.0,0.0,0,0
SUP0115,2023-03,17,0.6471,0.29,1.0,0.0,0,0
SUP0115,2023-04,18,0.6667,1.39,1.0,0.0,0,0
SUP0115,2023-05,17,0.6471,1.53,0.9002,0.0,0,0
SUP0115,2023-06,14,0.8571,-0.14,0.9295,36872.9,0,0
SUP0115,2023-07,21,0.6667,1.71,1.0,0.0,0,0
SUP0115,2023-08,12,0.6667,1.25,1.0,0.0,0,0
SUP0115,2023-09,17,0.6471,1.76,0.9078,0.0,0,0
SUP0115,2023-10,17,0.7059,0.94,0.998,28213.1,0,0
SUP0115,2023-11,20,0.8,-0.1,0.9821,0.0,0,0
SUP0115,2023-12,21,0.8095,0.9,0.9928,0.0,0,0
SUP0115,2024-01,15,0.8,1.13,1.0,0.0,0,0
SUP0115,2024-02,18,0.7778,1.11,1.0,0.0,0,0
SUP0115,2024-03,18,0.7778,0.22,1.0,2565.9,0,0
SUP0115,2024-04,16,0.8125,0.56,0.9513,0.0,0,0
SUP0115,2024-05,16,0.5625,2.12,0.9942,23184.6,0,0
SUP0115,2024-06,22,0.5,1.41,0.9988,0.0,0,0
SUP0115,2024-07,17,0.8235,0.82,1.0,0.0,0,0
SUP0115,2024-08,17,0.8824,0.12,1.0,50211.3,0,0
SUP0115,2024-09,15,0.9333,-0.13,1.0,0.0,0,0
SUP0115,2024-10,14,0.9286,0.29,1.0,22330.2,0,0
SUP0115,2024-11,19,0.7368,1.32,1.0,0.0,0,0
SUP0115,2024-12,19,0.8421,0.79,0.9901,0.0,0,0
SUP0115,2025-01,21,0.5714,1.81,0.9917,0.0,0,0
SUP0115,2025-02,16,0.75,0.88,0.9939,0.0,0,0
SUP0115,2025-03,16,0.6875,2.31,0.9982,0.0,0,0
SUP0115,2025-04,16,0.8125,0.69,0.9962,0.0,0,0
SUP0115,2025-05,19,0.7368,0.79,0.9895,0.0,0,0
SUP0115,2025-06,22,0.7273,1.59,1.0,0.0,0,0
SUP0115,2025-07,17,0.4706,1.71,0.8231,0.0,0,0
SUP0115,2025-08,23,0.6957,0.78,0.9993,0.0,0,0
SUP0115,2025-09,16,0.75,0.31,0.9989,0.0,1,0
SUP0115,2025-10,19,0.6842,1.05,0.9986,0.0,0,0
SUP0115,2025-11,12,0.8333,-0.17,1.0,32505.5,0,0
SUP0115,2025-12,10,0.8571,0.71,0.9784,0.0,0,0
SUP0116,2023-02,1,1.0,-3.0,1.0,0.0,0,0
SUP0116,2023-03,2,0.5,4.0,1.0,0.0,0,0
SUP0116,2023-04,2,0.0,1.5,1.0,0.0,0,0
SUP0116,2023-05,2,0.0,9.5,1.0,0.0,0,0
SUP0116,2023-06,2,0.0,5.5,1.0,0.0,0,0
SUP0116,2023-07,1,0.0,4.0,1.0,0.0,0,0
SUP0116,2023-08,2,0.5,4.0,1.0,0.0,0,0
SUP0116,2023-09,1,0.0,3.0,1.0,0.0,0,0
SUP0116,2023-10,1,0.0,3.0,1.0,0.0,0,0
SUP0116,2023-11,2,0.0,9.0,1.0,0.0,0,0
SUP0116,2024-01,2,0.0,4.5,1.0,0.0,0,0
SUP0116,2024-02,1,0.0,5.0,1.0,0.0,0,0
SUP0116,2024-03,4,0.0,10.5,1.0,0.0,0,0
SUP0116,2024-05,3,0.3333,3.33,1.0,0.0,0,0
SUP0116,2024-06,1,0.0,4.0,1.0,0.0,0,0
SUP0116,2024-07,3,0.0,6.67,1.0,0.0,0,0
SUP0116,2024-08,4,0.25,2.5,0.8671,0.0,0,0
SUP0116,2024-09,1,1.0,-2.0,1.0,0.0,0,0
SUP0116,2024-10,1,0.0,5.0,1.0,0.0,0,0
SUP0116,2024-11,5,0.6,2.6,1.0,0.0,0,0
SUP0116,2025-01,1,0.0,5.0,1.0,0.0,0,0
SUP0116,2025-02,3,0.0,7.0,0.8803,0.0,0,0
SUP0116,2025-03,1,0.0,1.0,1.0,0.0,0,0
SUP0116,2025-05,1,0.0,4.0,1.0,0.0,0,0
SUP0116,2025-06,1,0.0,2.0,0.2138,0.0,0,0
SUP0116,2025-08,3,0.3333,4.67,1.0,0.0,0,0
SUP0116,2025-09,3,0.0,4.33,1.0,0.0,0,0
SUP0116,2025-10,2,0.0,4.5,1.0,0.0,0,0
SUP0116,2025-11,1,0.0,9.0,1.0,0.0,0,0
SUP0116,2025-12,5,0.3333,5.33,1.0,0.0,0,0
SUP0117,2023-01,1,0.0,1.0,1.0,0.0,0,0
SUP0117,2023-02,1,0.0,5.0,1.0,0.0,0,0
SUP0117,2023-03,2,0.0,6.0,1.0,0.0,0,0
SUP0117,2023-04,1,0.0,13.0,1.0,0.0,0,0
SUP0117,2023-05,4,0.75,-0.25,1.0,0.0,0,0
SUP0117,2023-06,1,0.0,10.0,1.0,0.0,0,0
SUP0117,2023-07,3,0.0,5.67,1.0,0.0,0,0
SUP0117,2023-08,1,0.0,1.0,1.0,0.0,0,0
SUP0117,2023-09,1,0.0,6.0,1.0,0.0,0,0
SUP0117,2023-10,4,0.25,4.0,0.9795,0.0,0,0
SUP0117,2023-11,1,0.0,9.0,1.0,0.0,0,0
SUP0117,2023-12,3,0.6667,3.33,1.0,0.0,0,0
SUP0117,2024-01,1,0.0,7.0,1.0,0.0,0,0
SUP0117,2024-02,2,0.5,2.0,1.0,0.0,0,0
SUP0117,2024-03,1,0.0,4.0,1.0,0.0,0,0
SUP0117,2024-04,1,0.0,3.0,1.0,0.0,0,0
SUP0117,2024-05,2,0.0,7.5,1.0,0.0,0,0
SUP0117,2024-06,2,0.5,6.5,1.0,0.0,0,0
SUP0117,2024-07,1,0.0,7.0,1.0,0.0,0,0
SUP0117,2024-08,5,0.4,3.4,1.0,0.0,0,0
SUP0117,2024-09,2,0.0,9.0,1.0,0.0,0,0
SUP0117,2024-10,1,0.0,7.0,1.0,0.0,0,0
SUP0117,2024-11,2,0.5,1.5,1.0,0.0,0,0
SUP0117,2024-12,4,0.0,5.75,1.0,0.0,0,0
SUP0117,2025-01,1,0.0,14.0,1.0,0.0,0,0
SUP0117,2025-03,3,0.6667,-0.67,1.0,0.0,0,0
SUP0117,2025-05,5,0.0,6.2,1.0,0.0,0,0
SUP0117,2025-06,1,0.0,8.0,1.0,0.0,0,0
SUP0117,2025-07,4,0.25,3.25,0.9969,0.0,0,0
SUP0117,2025-08,1,0.0,11.0,1.0,0.0,0,0
SUP0117,2025-09,1,0.0,11.0,1.0,0.0,0,0
SUP0117,2025-10,5,0.4,2.2,0.8194,0.0,0,0
SUP0117,2025-11,1,0.0,12.0,1.0,0.0,0,0
SUP0118,2023-01,10,0.9,0.0,0.9386,0.0,0,0
SUP0118,2023-02,13,1.0,0.0,1.0,0.0,0,0
SUP0118,2023-03,21,0.8095,1.76,1.0,0.0,0,0
SUP0118,2023-04,36,0.5833,2.72,0.9928,0.0,0,0
SUP0118,2023-05,22,0.7273,2.32,1.0,321.4,0,0
SUP0118,2023-06,31,0.8387,1.03,0.858,0.0,0,0
SUP0118,2023-07,35,0.9429,-0.11,0.9922,0.0,0,0
SUP0118,2023-08,34,0.8824,0.29,0.9548,5966.4,0,0
SUP0118,2023-09,28,0.75,1.75,0.9992,0.0,2,2
SUP0118,2023-10,25,0.84,0.2,0.9934,33902.3,6,1
SUP0118,2023-11,43,0.1628,9.58,1.0,494421.3,19,5
SUP0118,2023-12,34,0.2059,8.32,1.0,13733.3,10,0
SUP0118,2024-01,35,0.8571,1.23,0.9999,0.0,0,0
SUP0118,2024-02,33,0.8788,1.61,1.0,5070.4,6,2
SUP0118,2024-03,26,0.6538,3.23,0.9672,0.0,0,0
SUP0118,2024-04,27,0.8148,1.78,1.0,0.0,0,0
SUP0118,2024-05,31,0.9032,-0.1,0.9194,0.0,0,0
SUP0118,2024-06,28,0.8214,0.89,0.9741,0.0,0,0
SUP0118,2024-07,27,0.7407,1.04,1.0,0.0,0,0
SUP0118,2024-08,23,0.8261,-0.3,0.9522,0.0,0,0
SUP0118,2024-09,17,0.5882,5.76,0.9239,0.0,0,0
SUP0118,2024-10,35,0.8286,3.71,1.0,152985.3,6,2
SUP0118,2024-11,30,0.1667,10.67,0.9973,69349.5,11,1
SUP0118,2024-12,20,0.05,12.75,1.0,328883.2,8,3
SUP0118,2025-01,19,0.6316,2.26,0.991,0.0,4,2
SUP0118,2025-02,20,0.5,5.7,0.993,0.0,1,0
SUP0118,2025-03,16,0.625,5.31,1.0,0.0,0,0
SUP0118,2025-04,18,0.4444,4.39,1.0,0.0,0,0
SUP0118,2025-05,19,0.7895,1.37,0.9958,1852.1,0,0
SUP0118,2025-06,23,0.8696,1.57,1.0,0.0,1,1
SUP0118,2025-07,28,0.6786,1.32,0.9983,0.0,0,0
SUP0118,2025-08,17,0.8824,2.76,1.0,0.0,0,0
SUP0118,2025-09,11,0.8182,0.27,0.7251,0.0,0,0
SUP0118,2025-10,16,0.8125,1.5,1.0,128116.3,3,0
SUP0118,2025-11,27,0.375,9.5,0.9614,390790.3,6,2
SUP0118,2025-12,33,0.4348,5.43,0.9968,275542.6,1,0
SUP0119,2023-02,2,0.0,10.5,1.0,0.0,0,0
SUP0119,2023-03,1,0.0,11.0,1.0,0.0,0,0
SUP0119,2023-04,2,0.0,8.5,1.0,0.0,0,0
SUP0119,2023-05,3,0.3333,3.0,1.0,0.0,0,0
SUP0119,2023-06,2,0.5,-0.5,1.0,0.0,0,0
SUP0119,2023-07,2,0.0,10.0,1.0,0.0,0,0
SUP0119,2023-08,2,0.0,3.5,0.6754,0.0,0,0
SUP0119,2023-09,2,0.5,4.5,1.0,0.0,0,0
SUP0119,2023-10,3,0.3333,3.67,1.0,0.0,0,0
SUP0119,2023-11,2,0.0,14.0,1.0,0.0,0,0
SUP0119,2023-12,2,0.0,10.5,1.0,0.0,0,0
SUP0119,2024-01,1,0.0,8.0,1.0,0.0,0,0
SUP0119,2024-02,1,0.0,7.0,1.0,0.0,0,0
SUP0119,2024-03,2,0.0,4.5,1.0,0.0,0,0
SUP0119,2024-04,2,0.0,9.0,0.8463,0.0,0,0
SUP0119,2024-05,2,0.0,8.5,1.0,0.0,0,0
SUP0119,2024-07,1,0.0,14.0,1.0,0.0,0,0
SUP0119,2024-08,5,0.0,4.0,0.8962,0.0,0,0
SUP0119,2024-10,2,0.0,0.0,0.745,0.0,0,0
SUP0119,2024-11,1,0.0,7.0,1.0,0.0,0,0
SUP0119,2024-12,6,0.1667,7.0,0.7323,0.0,0,0
SUP0119,2025-01,2,0.0,7.5,1.0,0.0,0,0
SUP0119,2025-02,2,0.0,7.0,1.0,0.0,0,0
SUP0119,2025-03,3,0.0,6.33,0.892,0.0,0,0
SUP0119,2025-04,1,0.0,14.0,1.0,0.0,0,0
SUP0119,2025-05,4,0.25,3.75,1.0,0.0,0,0
SUP0119,2025-06,2,0.5,0.0,1.0,0.0,0,0
SUP0119,2025-07,3,0.6667,2.33,1.0,0.0,0,0
SUP0119,2025-08,4,0.25,7.75,1.0,0.0,0,0
SUP0119,2025-09,2,0.0,7.0,1.0,0.0,0,0
SUP0119,2025-11,1,0.0,9.0,1.0,0.0,0,0
SUP0119,2025-12,1,,,,0.0,0,0
SUP0120,2023-03,1,0.0,7.0,1.0,0.0,0,0
SUP0120,2023-07,1,0.0,13.0,1.0,0.0,0,0
SUP0120,2023-08,3,0.0,6.33,1.0,0.0,0,0
SUP0120,2023-09,2,1.0,-0.5,1.0,0.0,0,0
SUP0120,2023-10,4,0.25,6.75,1.0,0.0,0,0
SUP0120,2023-11,3,0.3333,6.0,1.0,0.0,0,0
SUP0120,2023-12,2,1.0,-1.0,1.0,0.0,0,0
SUP0120,2024-01,4,0.25,6.75,1.0,0.0,0,0
SUP0120,2024-02,4,0.25,4.0,1.0,0.0,0,0
SUP0120,2024-03,3,0.0,9.0,0.4714,0.0,0,0
SUP0120,2024-04,3,0.0,4.67,0.9294,0.0,0,0
SUP0120,2024-05,3,0.0,5.0,0.8244,0.0,0,0
SUP0120,2024-06,2,0.0,5.0,1.0,0.0,0,0
SUP0120,2024-07,1,0.0,12.0,1.0,0.0,0,0
SUP0120,2024-08,2,0.0,2.0,1.0,0.0,0,0
SUP0120,2024-09,4,0.25,5.0,1.0,0.0,0,0
SUP0120,2024-10,2,0.0,9.5,1.0,0.0,0,0
SUP0120,2024-11,1,1.0,-1.0,1.0,0.0,0,0
SUP0120,2024-12,3,0.0,4.0,1.0,0.0,0,0
SUP0120,2025-01,3,0.0,6.33,0.6188,0.0,0,0
SUP0120,2025-02,1,0.0,5.0,1.0,0.0,0,0
SUP0120,2025-03,1,0.0,11.0,1.0,0.0,0,0
SUP0120,2025-04,2,0.5,-0.5,1.0,0.0,0,0
SUP0120,2025-05,2,0.0,10.0,1.0,0.0,0,0
SUP0120,2025-06,2,0.5,-1.0,1.0,0.0,0,0
SUP0120,2025-08,2,0.5,-1.0,1.0,0.0,0,0
SUP0120,2025-09,6,0.1667,4.5,0.9184,0.0,0,0
SUP0120,2025-10,3,0.3333,6.0,1.0,0.0,0,0
SUP0120,2025-12,1,1.0,-1.0,1.0,0.0,0,0
SUP0121,2023-02,2,0.0,3.5,0.3855,0.0,0,0
SUP0121,2023-03,3,0.3333,5.67,0.9889,0.0,0,0
SUP0121,2023-04,4,0.5,4.25,1.0,0.0,0,0
SUP0121,2023-05,2,0.0,12.5,1.0,0.0,0,0
SUP0121,2023-06,1,0.0,2.0,1.0,0.0,0,0
SUP0121,2023-07,1,0.0,3.0,1.0,0.0,0,0
SUP0121,2023-08,3,0.0,6.67,1.0,0.0,0,0
SUP0121,2023-09,2,0.5,1.0,1.0,0.0,0,0
SUP0121,2023-10,1,0.0,9.0,1.0,0.0,0,0
SUP0121,2023-11,2,0.5,5.5,0.7117,0.0,0,0
SUP0121,2023-12,3,0.3333,4.33,0.9317,0.0,0,0
SUP0121,2024-01,2,0.0,7.0,1.0,0.0,0,0
SUP0121,2024-02,4,0.5,1.0,1.0,0.0,0,0
SUP0121,2024-03,4,0.25,5.25,1.0,0.0,0,0
SUP0121,2024-04,1,1.0,-1.0,1.0,0.0,0,0
SUP0121,2024-05,1,0.0,8.0,1.0,0.0,0,0
SUP0121,2024-06,3,0.0,8.67,1.0,0.0,0,0
SUP0121,2024-07,1,0.0,10.0,1.0,0.0,0,0
SUP0121,2024-08,1,1.0,0.0,1.0,0.0,0,0
SUP0121,2024-09,2,0.5,2.0,1.0,0.0,0,0
SUP0121,2024-10,3,0.3333,5.33,1.0,0.0,0,0
SUP0121,2024-11,2,0.0,4.0,1.0,0.0,0,0
SUP0121,2024-12,1,1.0,-3.0,1.0,0.0,0,0
SUP0121,2025-01,2,0.5,0.0,1.0,0.0,0,0
SUP0121,2025-02,2,0.0,5.5,1.0,0.0,0,0
SUP0121,2025-03,2,0.0,9.5,1.0,0.0,0,0
SUP0121,2025-05,2,0.0,7.0,1.0,0.0,0,0
SUP0121,2025-06,1,1.0,-1.0,1.0,0.0,0,0
SUP0121,2025-08,1,0.0,6.0,1.0,0.0,0,0
SUP0121,2025-09,1,0.0,4.0,1.0,0.0,0,0
SUP0121,2025-10,2,0.5,1.0,1.0,0.0,0,0
SUP0121,2025-11,4,0.5,2.75,1.0,0.0,0,0
SUP0121,2025-12,4,1.0,-1.5,1.0,0.0,0,0
SUP0122,2023-01,3,1.0,-1.0,1.0,0.0,0,0
SUP0122,2023-02,9,0.5556,2.33,0.9689,0.0,0,0
SUP0122,2023-03,7,1.0,0.0,1.0,0.0,0,0
SUP0122,2023-04,14,0.6429,1.64,0.9933,0.0,0,0
SUP0122,2023-05,16,0.6875,1.31,0.9795,0.0,0,0
SUP0122,2023-06,13,0.7692,1.77,0.9627,0.0,0,0
SUP0122,2023-07,18,0.9444,0.17,1.0,0.0,0,0
SUP0122,2023-08,10,1.0,0.0,1.0,0.0,0,0
SUP0122,2023-09,12,0.9167,1.25,1.0,0.0,0,0
SUP0122,2023-10,13,0.6154,2.08,1.0,160207.4,0,0
SUP0122,2023-11,9,0.7778,2.11,1.0,0.0,0,0
SUP0122,2023-12,19,0.6316,2.47,0.9603,0.0,0,0
SUP0122,2024-01,20,0.45,3.35,0.9459,75753.7,0,0
SUP0122,2024-02,16,0.75,2.0,0.9107,0.0,0,0
SUP0122,2024-03,13,0.6154,1.0,0.9893,0.0,0,0
SUP0122,2024-04,15,0.6,1.6,0.9792,0.0,0,0
SUP0122,2024-05,14,0.8571,0.5,0.9329,0.0,0,0
SUP0122,2024-06,11,0.9091,0.45,1.0,0.0,0,0
SUP0122,2024-07,13,0.5385,2.15,0.9803,0.0,2,1
SUP0122,2024-08,12,0.6667,5.08,0.968,0.0,0,0
SUP0122,2024-09,15,0.6,1.87,0.9973,28940.5,0,0
SUP0122,2024-10,8,0.625,3.62,1.0,0.0,0,0
SUP0122,2024-11,16,0.8125,0.56,0.9886,0.0,0,0
SUP0122,2024-12,19,0.8947,1.05,1.0,0.0,0,0
SUP0122,2025-01,11,0.9091,0.73,1.0,0.0,0,0
SUP0122,2025-02,10,0.7,2.6,1.0,0.0,0,0
SUP0122,2025-03,11,0.8182,2.0,1.0,0.0,0,0
SUP0122,2025-04,7,0.5714,3.71,1.0,0.0,0,0
SUP0122,2025-05,8,0.75,0.12,1.0,0.0,0,0
SUP0122,2025-06,18,0.9444,0.22,1.0,0.0,0,0
SUP0122,2025-07,11,0.7273,1.36,0.9909,0.0,0,0
SUP0122,2025-08,16,0.75,1.0,1.0,3920.5,0,0
SUP0122,2025-09,16,0.9375,0.0,0.9839,0.0,0,0
SUP0122,2025-10,8,0.625,2.12,1.0,0.0,0,0
SUP0122,2025-11,10,0.7,1.6,1.0,0.0,0,0
SUP0122,2025-12,10,0.8889,0.11,0.9958,820073.1,0,0
SUP0123,2023-01,10,0.6,0.4,0.8787,0.0,0,0
SUP0123,2023-02,10,0.8,0.4,1.0,0.0,0,0
SUP0123,2023-03,9,0.7778,1.78,1.0,0.0,0,0
SUP0123,2023-04,12,0.75,0.92,0.8055,0.0,0,0
SUP0123,2023-05,17,0.8235,-0.47,0.9988,30972.3,0,0
SUP0123,2023-06,8,0.875,1.38,1.0,0.0,0,0
SUP0123,2023-07,13,0.5385,3.85,1.0,0.0,0,0
SUP0123,2023-08,11,0.5455,2.73,0.9232,0.0,0,0
SUP0123,2023-09,15,0.6,1.67,0.9569,0.0,0,0
SUP0123,2023-10,14,0.7143,1.71,0.9776,0.0,0,0
SUP0123,2023-11,13,0.8462,-0.08,1.0,0.0,0,0
SUP0123,2023-12,14,0.6429,0.79,0.9136,0.0,0,0
SUP0123,2024-01,14,0.5,2.93,0.9546,0.0,0,0
SUP0123,2024-02,11,0.8182,0.18,0.9917,260731.4,0,0
SUP0123,2024-03,15,0.6,3.13,0.8255,0.0,0,0
SUP0123,2024-04,16,0.75,1.19,1.0,0.0,0,0
SUP0123,2024-05,12,0.8333,0.92,1.0,4552.0,0,0
SUP0123,2024-06,12,0.1667,2.75,0.9863,0.0,0,0
SUP0123,2024-07,16,0.75,1.81,1.0,0.0,0,0
SUP0123,2024-08,15,0.6,2.6,0.9997,0.0,0,0
SUP0123,2024-09,14,0.6429,2.07,0.9454,0.0,0,0
SUP0123,2024-10,9,0.6667,1.78,1.0,0.0,0,0
SUP0123,2024-11,14,0.9286,0.14,1.0,0.0,0,0
SUP0123,2024-12,15,0.6667,2.6,0.9074,2517.2,0,0
SUP0123,2025-01,17,0.6471,1.06,0.9516,0.0,0,0
SUP0123,2025-02,13,0.6923,1.46,0.9605,0.0,0,0
SUP0123,2025-03,14,0.5714,2.71,0.9946,0.0,0,0
SUP0123,2025-04,22,0.8182,0.86,0.9879,1659.7,1,1
SUP0123,2025-05,14,0.6429,2.93,1.0,0.0,0,0
SUP0123,2025-06,17,0.5882,1.71,1.0,0.0,0,0
SUP0123,2025-07,10,0.7,1.1,1.0,0.0,0,0
SUP0123,2025-08,19,0.6842,2.21,0.9689,0.0,0,0
SUP0123,2025-09,11,0.6364,1.64,1.0,0.0,0,0
SUP0123,2025-10,13,1.0,-0.08,1.0,0.0,0,0
SUP0123,2025-11,12,0.6667,1.92,1.0,0.0,0,0
SUP0123,2025-12,11,0.5,4.5,1.0,0.0,0,0
SUP0124,2023-01,4,1.0,-0.5,1.0,0.0,0,0
SUP0124,2023-02,8,1.0,-0.38,1.0,0.0,0,0
SUP0124,2023-03,14,0.6429,1.43,0.9273,0.0,0,0
SUP0124,2023-04,8,0.75,0.5,1.0,0.0,0,0
SUP0124,2023-05,8,0.875,0.62,1.0,0.0,0,0
SUP0124,2023-06,19,0.7895,1.21,0.9996,0.0,0,0
SUP0124,2023-07,8,0.5,2.12,1.0,0.0,0,0
SUP0124,2023-08,7,1.0,0.0,1.0,0.0,2,2
SUP0124,2023-09,15,0.6667,1.6,0.9985,0.0,0,0
SUP0124,2023-10,12,0.75,2.5,1.0,0.0,0,0
SUP0124,2023-11,9,0.7778,0.89,0.9258,0.0,0,0
SUP0124,2023-12,9,0.7778,1.11,0.9995,0.0,0,0
SUP0124,2024-01,10,0.6,2.5,0.8758,348228.9,0,0
SUP0124,2024-02,11,0.9091,0.45,1.0,0.0,0,0
SUP0124,2024-03,6,0.5,4.17,1.0,0.0,0,0
SUP0124,2024-04,12,0.75,1.25,1.0,0.0,0,0
SUP0124,2024-05,12,0.6667,0.67,1.0,0.0,0,0
SUP0124,2024-06,11,0.6364,1.27,0.9993,0.0,0,0
SUP0124,2024-07,8,0.75,1.38,0.9199,0.0,0,0
SUP0124,2024-08,16,0.625,2.19,0.9806,0.0,0,0
SUP0124,2024-09,13,0.6923,0.62,0.9342,224039.6,0,0
SUP0124,2024-10,12,0.5833,1.75,0.998,0.0,0,0
SUP0124,2024-11,7,0.5714,1.0,1.0,0.0,0,0
SUP0124,2024-12,10,0.5,3.2,1.0,0.0,0,0
SUP0124,2025-01,17,0.6471,0.12,0.9892,0.0,0,0
SUP0124,2025-02,4,1.0,0.0,1.0,2852521.5,0,0
SUP0124,2025-03,8,1.0,0.0,1.0,0.0,0,0
SUP0124,2025-04,10,0.6,3.9,1.0,0.0,0,0
SUP0124,2025-05,10,0.8,2.3,1.0,0.0,0,0
SUP0124,2025-06,14,0.7143,1.93,0.8566,0.0,0,0
SUP0124,2025-07,11,0.6364,0.82,1.0,0.0,0,0
SUP0124,2025-08,14,0.5,3.5,0.9999,3992.0,0,0
SUP0124,2025-09,10,0.8,0.4,0.9851,127112.2,0,0
SUP0124,2025-10,13,0.5385,1.54,0.851,0.0,0,0
SUP0124,2025-11,10,0.8,1.1,1.0,0.0,0,0
SUP0124,2025-12,9,0.875,0.25,1.0,0.0,0,0
SUP0125,2023-01,13,0.7692,0.0,0.8905,0.0,1,0
SUP0125,2023-02,16,0.375,1.56,0.9395,0.0,0,0
SUP0125,2023-03,24,0.625,0.33,1.0,13922.3,0,0
SUP0125,2023-04,25,0.6,0.4,0.9709,0.0,0,0
SUP0125,2023-05,31,0.5484,1.16,0.9991,0.0,0,0
SUP0125,2023-06,25,1.0,-0.16,1.0,27081.6,0,0
SUP0125,2023-07,35,0.6857,0.91,0.9978,2365.6,0,0
SUP0125,2023-08,23,0.6522,0.22,1.0,0.0,0,0
SUP0125,2023-09,26,0.5769,3.04,0.9988,4706.0,0,0
SUP0125,2023-10,23,0.2174,6.22,0.9687,0.0,1,0
SUP0125,2023-11,20,0.7,1.1,0.9123,0.0,0,0
SUP0125,2023-12,24,0.4167,4.67,0.9805,59185.6,0,0
SUP0125,2024-01,29,0.6207,1.48,0.932,5740.7,2,0
SUP0125,2024-02,21,0.381,3.76,0.9608,71529.7,1,0
SUP0125,2024-03,28,0.6429,1.14,0.9946,0.0,0,0
SUP0125,2024-04,24,0.7917,0.17,0.9903,0.0,0,0
SUP0125,2024-05,24,0.6667,0.96,0.9473,0.0,0,0
SUP0125,2024-06,20,0.65,1.05,0.9442,104187.0,1,1
SUP0125,2024-07,26,0.6538,0.65,0.9835,71282.9,0,0
SUP0125,2024-08,24,0.7917,0.21,0.9992,0.0,0,0
SUP0125,2024-09,23,0.6522,0.87,0.967,0.0,0,0
SUP0125,2024-10,23,0.5217,0.96,0.97,29501.0,0,0
SUP0125,2024-11,28,0.8214,0.14,0.9878,71322.7,0,0
SUP0125,2024-12,19,0.7368,1.58,1.0,0.0,0,0
SUP0125,2025-01,30,0.6333,0.93,0.9893,2252.2,0,0
SUP0125,2025-02,20,0.6,1.25,0.9528,0.0,1,0
SUP0125,2025-03,35,0.7714,0.66,0.9822,0.0,0,0
SUP0125,2025-04,30,0.5,1.17,0.9145,0.0,0,0
SUP0125,2025-05,25,0.68,0.16,0.9887,845.1,0,0
SUP0125,2025-06,27,0.3704,4.41,0.969,0.0,0,0
SUP0125,2025-07,35,0.4286,3.34,0.9778,0.0,1,1
SUP0125,2025-08,22,0.6364,0.27,0.9596,3630.7,0,0
SUP0125,2025-09,30,0.7667,0.4,0.9665,378.3,0,0
SUP0125,2025-10,28,0.75,0.43,0.9799,0.0,0,0
SUP0125,2025-11,28,0.2963,5.04,0.9772,0.0,0,0
SUP0125,2025-12,16,0.6429,-0.29,0.921,0.0,0,0
SUP0126,2023-01,2,0.0,8.0,1.0,0.0,0,0
SUP0126,2023-02,2,0.0,5.5,1.0,0.0,0,0
SUP0126,2023-03,3,0.0,12.0,1.0,0.0,0,0
SUP0126,2023-04,2,0.0,11.0,1.0,0.0,0,0
SUP0126,2023-06,2,0.0,13.0,0.473,0.0,0,0
SUP0126,2023-07,1,0.0,10.0,1.0,0.0,0,0
SUP0126,2023-08,2,0.5,3.5,1.0,0.0,0,0
SUP0126,2023-09,1,0.0,4.0,1.0,0.0,0,0
SUP0126,2023-10,3,0.0,4.0,1.0,0.0,0,0
SUP0126,2023-11,3,0.3333,4.0,1.0,0.0,0,0
SUP0126,2023-12,6,0.3333,6.67,1.0,0.0,0,0
SUP0126,2024-01,4,0.5,3.0,1.0,0.0,0,0
SUP0126,2024-02,3,0.0,10.0,1.0,0.0,0,0
SUP0126,2024-03,3,0.3333,2.67,1.0,0.0,0,0
SUP0126,2024-04,3,0.0,7.0,1.0,0.0,0,0
SUP0126,2024-05,2,0.0,14.0,0.6678,0.0,0,0
SUP0126,2024-06,1,0.0,9.0,1.0,0.0,0,0
SUP0126,2024-07,3,0.6667,1.67,1.0,0.0,0,0
SUP0126,2024-08,2,0.5,5.0,1.0,0.0,0,0
SUP0126,2024-09,4,0.25,4.25,1.0,0.0,0,0
SUP0126,2024-10,3,0.0,8.67,1.0,0.0,0,0
SUP0126,2024-11,3,0.0,9.33,0.7231,0.0,0,0
SUP0126,2025-01,1,0.0,1.0,1.0,0.0,0,0
SUP0126,2025-02,4,0.25,7.25,1.0,0.0,0,0
SUP0126,2025-03,1,0.0,4.0,1.0,0.0,0,0
SUP0126,2025-04,2,0.0,10.5,1.0,0.0,0,0
SUP0126,2025-05,2,0.0,3.0,1.0,0.0,0,0
SUP0126,2025-06,2,0.5,4.0,1.0,0.0,0,0
SUP0126,2025-07,1,1.0,-3.0,1.0,0.0,0,0
SUP0126,2025-09,1,0.0,7.0,1.0,0.0,0,0
SUP0126,2025-10,3,0.0,6.67,1.0,0.0,0,0
SUP0126,2025-11,2,0.5,2.5,1.0,0.0,0,0
SUP0126,2025-12,2,,,,0.0,0,0
SUP0127,2023-03,3,0.3333,5.0,1.0,0.0,0,0
SUP0127,2023-04,2,0.0,11.5,1.0,0.0,0,0
SUP0127,2023-05,1,0.0,3.0,1.0,0.0,0,0
SUP0127,2023-06,3,0.3333,5.67,1.0,0.0,0,0
SUP0127,2023-07,1,1.0,0.0,1.0,0.0,0,0
SUP0127,2023-08,4,0.25,3.75,0.6582,0.0,0,0
SUP0127,2023-09,3,0.0,3.67,1.0,0.0,0,0
SUP0127,2023-10,4,0.5,6.5,0.9151,0.0,0,0
SUP0127,2023-12,1,0.0,11.0,1.0,0.0,0,0
SUP0127,2024-01,2,0.0,8.0,0.7574,0.0,0,0
SUP0127,2024-02,4,0.25,7.0,1.0,0.0,0,0
SUP0127,2024-03,2,0.0,4.0,1.0,0.0,0,0
SUP0127,2024-06,1,0.0,10.0,1.0,0.0,0,0
SUP0127,2024-07,3,0.0,11.33,1.0,0.0,0,0
SUP0127,2024-08,4,0.0,5.5,0.985,0.0,0,0
SUP0127,2024-10,3,0.3333,1.67,1.0,0.0,0,0
SUP0127,2024-11,2,0.0,5.0,1.0,0.0,0,0
SUP0127,2025-01,5,0.0,7.8,0.885,0.0,0,0
SUP0127,2025-03,1,0.0,7.0,1.0,0.0,0,0
SUP0127,2025-04,1,0.0,10.0,1.0,0.0,0,0
SUP0127,2025-05,2,0.0,11.5,1.0,0.0,0,0
SUP0127,2025-06,1,0.0,9.0,1.0,0.0,0,0
SUP0127,2025-07,1,0.0,1.0,1.0,0.0,0,0
SUP0127,2025-08,2,1.0,-0.5,1.0,0.0,0,0
SUP0127,2025-09,2,0.5,5.5,1.0,0.0,0,0
SUP0127,2025-11,1,0.0,6.0,1.0,0.0,0,0
SUP0127,2025-12,3,,,,0.0,0,0
SUP0128,2023-02,2,0.0,9.5,1.0,0.0,0,0
SUP0128,2023-03,3,0.3333,6.67,1.0,0.0,0,0
SUP0128,2023-04,5,0.2,8.4,1.0,0.0,0,0
SUP0128,2023-05,4,0.5,2.5,0.8795,0.0,0,0
SUP0128,2023-06,5,0.2,3.8,1.0,0.0,0,0
SUP0128,2023-07,2,0.5,3.0,1.0,0.0,0,0
SUP0128,2023-08,3,0.3333,5.67,1.0,0.0,0,0
SUP0128,2023-09,1,1.0,-3.0,1.0,0.0,0,0
SUP0128,2023-11,2,0.5,3.0,1.0,0.0,0,0
SUP0128,2023-12,2,0.0,6.0,0.4619,0.0,0,0
SUP0128,2024-01,6,0.1667,6.5,0.8253,0.0,0,0
SUP0128,2024-02,4,0.0,3.5,0.7988,0.0,0,0
SUP0128,2024-03,4,0.0,4.75,1.0,0.0,0,0
SUP0128,2024-04,1,0.0,10.0,1.0,0.0,0,0
SUP0128,2024-05,2,0.0,8.5,0.5388,0.0,0,0
SUP0128,2024-06,2,0.0,6.5,0.5711,0.0,0,0
SUP0128,2024-07,2,0.0,6.0,0.885,0.0,0,0
SUP0128,2024-08,5,0.2,4.6,1.0,0.0,0,0
SUP0128,2024-09,2,0.5,0.5,1.0,0.0,0,0
SUP0128,2024-10,1,1.0,-2.0,1.0,0.0,0,0
SUP0128,2024-11,2,0.5,5.5,1.0,0.0,0,0
SUP0128,2024-12,1,0.0,2.0,1.0,0.0,0,0
SUP0128,2025-01,7,0.2857,7.57,1.0,0.0,0,0
SUP0128,2025-02,1,0.0,8.0,0.4674,0.0,0,0
SUP0128,2025-03,2,0.0,7.0,1.0,0.0,0,0
SUP0128,2025-04,2,0.5,0.0,0.9368,0.0,0,0
SUP0128,2025-05,4,0.5,4.0,1.0,0.0,0,0
SUP0128,2025-07,1,1.0,-1.0,1.0,0.0,0,0
SUP0128,2025-08,1,0.0,3.0,1.0,0.0,0,0
SUP0128,2025-09,4,0.25,7.5,1.0,0.0,0,0
SUP0128,2025-10,3,0.0,1.67,1.0,0.0,0,0
SUP0128,2025-11,2,0.5,5.0,1.0,0.0,0,0
SUP0128,2025-12,1,1.0,-3.0,1.0,0.0,0,0
SUP0129,2023-01,11,0.8182,0.64,1.0,96137.2,0,0
SUP0129,2023-02,13,0.8462,0.31,0.9944,1018724.0,0,0
SUP0129,2023-03,31,0.7742,1.26,0.9287,16570.3,0,0
SUP0129,2023-04,28,0.8214,-0.04,0.9426,3085.0,0,0
SUP0129,2023-05,43,0.5581,2.09,0.9617,0.0,0,0
SUP0129,2023-06,39,0.7949,0.59,0.9794,929.9,0,0
SUP0129,2023-07,30,0.8667,0.77,0.999,0.0,0,0
SUP0129,2023-08,36,0.6111,2.36,0.9995,0.0,0,0
SUP0129,2023-09,30,0.7,3.23,0.9876,2637.1,0,0
SUP0129,2023-10,36,0.6111,4.28,0.9726,6545.8,0,0
SUP0129,2023-11,36,0.7222,3.08,0.9743,0.0,0,0
SUP0129,2023-12,31,0.7419,1.45,0.9979,8099.5,0,0
SUP0129,2024-01,36,0.5556,4.39,0.934,0.0,0,0
SUP0129,2024-02,35,0.7714,0.2,0.937,2485.2,0,0
SUP0129,2024-03,25,0.96,-0.08,0.9962,1631.7,0,0
SUP0129,2024-04,39,0.641,2.67,0.9987,57435.1,2,2
SUP0129,2024-05,47,0.8511,0.81,0.9993,3445.6,0,0
SUP0129,2024-06,33,0.6667,1.24,0.952,0.0,1,1
SUP0129,2024-07,33,0.6667,2.21,0.9811,908.1,0,0
SUP0129,2024-08,35,0.5429,3.89,0.98,167219.0,2,1
SUP0129,2024-09,42,0.6667,2.95,1.0,0.0,0,0
SUP0129,2024-10,46,0.6304,2.37,0.9871,3174.8,0,0
SUP0129,2024-11,46,0.7826,0.67,0.997,0.0,0,0
SUP0129,2024-12,37,0.6757,3.14,0.9722,80.1,0,0
SUP0129,2025-01,38,0.5789,3.89,0.931,0.0,0,0
SUP0129,2025-02,42,0.7619,2.26,0.969,0.0,0,0
SUP0129,2025-03,37,0.5405,2.43,0.9636,0.0,0,0
SUP0129,2025-04,40,0.725,3.25,0.9613,0.0,0,0
SUP0129,2025-05,37,0.4054,4.81,0.9886,118450.6,4,3
SUP0129,2025-06,37,0.8649,0.0,0.9984,0.0,0,0
SUP0129,2025-07,45,0.7778,2.51,0.976,20321.8,0,0
SUP0129,2025-08,35,0.6857,1.03,0.9616,0.0,0,0
SUP0129,2025-09,35,0.8,1.69,0.9996,209430.6,3,3
SUP0129,2025-10,39,0.8718,0.33,0.9857,109753.5,0,0
SUP0129,2025-11,37,0.7838,0.81,0.9943,0.0,0,0
SUP0129,2025-12,31,0.8065,0.9,0.9849,1219.3,0,0
SUP0130,2023-01,4,0.25,2.5,1.0,0.0,0,0
SUP0130,2023-02,1,1.0,-2.0,1.0,0.0,0,0
SUP0130,2023-04,1,0.0,2.0,1.0,0.0,0,0
SUP0130,2023-05,2,0.0,8.0,0.5909,0.0,0,0
SUP0130,2023-06,1,0.0,1.0,1.0,0.0,0,0
SUP0130,2023-07,2,0.0,9.0,1.0,0.0,0,0
SUP0130,2023-08,2,0.0,12.0,0.402,0.0,0,0
SUP0130,2023-09,3,0.0,8.67,1.0,0.0,0,0
SUP0130,2023-10,1,0.0,11.0,1.0,0.0,0,0
SUP0130,2023-11,5,0.2,4.6,1.0,0.0,0,0
SUP0130,2023-12,3,0.0,9.33,1.0,0.0,0,0
SUP0130,2024-01,2,0.0,6.5,1.0,0.0,0,0
SUP0130,2024-02,2,0.5,2.5,1.0,0.0,0,0
SUP0130,2024-03,1,1.0,-1.0,1.0,0.0,0,0
SUP0130,2024-04,2,0.0,5.5,0.8036,0.0,0,0
SUP0130,2024-05,2,0.5,4.0,1.0,0.0,0,0
SUP0130,2024-06,2,0.0,8.5,1.0,0.0,0,0
SUP0130,2024-07,1,0.0,10.0,1.0,0.0,0,0
SUP0130,2024-08,4,0.25,6.75,1.0,0.0,0,0
SUP0130,2024-09,1,0.0,12.0,1.0,0.0,0,0
SUP0130,2024-10,1,0.0,5.0,1.0,0.0,0,0
SUP0130,2024-11,7,0.4286,2.71,0.9539,0.0,0,0
SUP0130,2025-02,4,0.5,1.5,1.0,0.0,0,0
SUP0130,2025-03,2,1.0,-2.5,1.0,0.0,0,0
SUP0130,2025-04,3,0.0,7.0,1.0,0.0,0,0
SUP0130,2025-05,2,0.0,5.5,1.0,0.0,0,0
SUP0130,2025-06,2,0.5,3.5,1.0,0.0,0,0
SUP0130,2025-09,1,0.0,7.0,1.0,0.0,0,0
SUP0130,2025-10,3,0.3333,2.0,1.0,0.0,0,0
SUP0130,2025-11,2,0.0,14.0,1.0,0.0,0,0
SUP0131,2023-03,1,1.0,-1.0,1.0,0.0,0,0
SUP0131,2023-04,4,0.25,4.25,1.0,0.0,0,0
SUP0131,2023-05,3,0.0,6.67,1.0,0.0,0,0
SUP0131,2023-06,5,0.4,3.4,1.0,0.0,0,0
SUP0131,2023-07,3,0.0,5.33,1.0,0.0,0,0
SUP0131,2023-08,3,0.3333,7.0,0.6565,0.0,0,0
SUP0131,2023-09,2,0.0,1.5,0.9928,0.0,0,0
SUP0131,2023-10,1,1.0,-1.0,1.0,0.0,0,0
SUP0131,2023-11,5,0.0,8.0,1.0,0.0,0,0
SUP0131,2023-12,2,1.0,-1.5,1.0,0.0,0,0
SUP0131,2024-01,2,0.0,6.0,1.0,0.0,0,0
SUP0131,2024-02,1,1.0,-1.0,1.0,0.0,0,0
SUP0131,2024-03,1,0.0,13.0,0.7129,0.0,0,0
SUP0131,2024-04,3,0.0,6.67,1.0,0.0,0,0
SUP0131,2024-05,5,0.2,3.0,0.9203,0.0,0,0
SUP0131,2024-06,2,0.5,-1.5,0.6711,0.0,0,0
SUP0131,2024-07,3,0.0,12.33,1.0,0.0,0,0
SUP0131,2024-08,2,0.0,4.5,0.7659,0.0,0,0
SUP0131,2024-09,3,0.0,6.67,1.0,0.0,0,0
SUP0131,2024-10,1,0.0,9.0,1.0,0.0,0,0
SUP0131,2024-11,3,0.3333,3.0,1.0,0.0,0,0
SUP0131,2024-12,1,0.0,7.0,1.0,0.0,0,0
SUP0131,2025-01,2,0.0,10.0,1.0,0.0,0,0
SUP0131,2025-02,2,0.5,3.5,1.0,0.0,0,0
SUP0131,2025-03,1,0.0,11.0,0.6149,0.0,0,0
SUP0131,2025-04,2,0.0,10.0,1.0,0.0,0,0
SUP0131,2025-05,2,0.5,6.5,1.0,0.0,0,0
SUP0131,2025-06,2,0.0,3.5,1.0,0.0,0,0
SUP0131,2025-07,3,0.0,7.67,0.5566,0.0,0,0
SUP0131,2025-08,1,0.0,5.0,1.0,0.0,0,0
SUP0131,2025-09,1,0.0,10.0,1.0,0.0,0,0
SUP0131,2025-10,3,0.3333,4.0,1.0,0.0,0,0
SUP0131,2025-11,2,0.5,6.5,1.0,0.0,0,0
SUP0131,2025-12,4,1.0,-1.0,1.0,0.0,0,0
SUP0132,2023-01,1,0.0,6.0,1.0,0.0,0,0
SUP0132,2023-02,4,0.0,6.25,0.927,0.0,0,0
SUP0132,2023-03,3,0.0,8.0,1.0,0.0,0,0
SUP0132,2023-04,1,0.0,6.0,1.0,0.0,0,0
SUP0132,2023-07,2,0.5,-2.0,0.9184,0.0,0,0
SUP0132,2023-08,3,0.0,11.33,1.0,0.0,0,0
SUP0132,2023-09,3,0.3333,7.0,0.8413,0.0,0,0
SUP0132,2023-10,1,0.0,1.0,1.0,0.0,0,0
SUP0132,2023-12,1,0.0,4.0,1.0,0.0,0,0
SUP0132,2024-01,3,0.3333,6.67,1.0,0.0,0,0
SUP0132,2024-02,4,0.25,4.5,1.0,0.0,0,0
SUP0132,2024-03,3,0.3333,5.33,1.0,0.0,0,0
SUP0132,2024-04,1,1.0,0.0,1.0,0.0,0,0
SUP0132,2024-05,2,0.0,7.0,1.0,0.0,0,0
SUP0132,2024-06,3,0.3333,5.0,1.0,0.0,0,0
SUP0132,2024-07,1,0.0,3.0,1.0,0.0,0,0
SUP0132,2024-08,1,1.0,-1.0,1.0,0.0,0,0
SUP0132,2024-09,3,0.0,9.0,0.8599,0.0,0,0
SUP0132,2024-10,1,0.0,14.0,1.0,0.0,0,0
SUP0132,2024-11,2,0.0,9.0,1.0,0.0,0,0
SUP0132,2024-12,3,0.3333,3.67,1.0,0.0,0,0
SUP0132,2025-01,1,0.0,12.0,1.0,0.0,0,0
SUP0132,2025-02,1,0.0,3.0,1.0,0.0,0,0
SUP0132,2025-03,2,0.5,5.0,1.0,0.0,0,0
SUP0132,2025-04,1,0.0,10.0,1.0,0.0,0,0
SUP0132,2025-06,2,0.5,3.0,1.0,0.0,0,0
SUP0132,2025-07,5,0.0,5.8,1.0,0.0,0,0
SUP0132,2025-08,5,0.4,4.6,1.0,0.0,0,0
SUP0132,2025-09,2,0.0,9.0,0.8169,0.0,0,0
SUP0132,2025-10,1,0.0,12.0,1.0,0.0,0,0
SUP0132,2025-11,1,0.0,-2.0,0.4202,0.0,0,0
SUP0133,2023-01,8,1.0,0.0,1.0,0.0,0,0
SUP0133,2023-02,6,0.8333,1.67,1.0,0.0,0,0
SUP0133,2023-03,8,0.375,2.75,0.8531,0.0,0,0
SUP0133,2023-04,8,0.375,4.25,1.0,0.0,0,0
SUP0133,2023-05,7,0.8571,1.43,1.0,0.0,0,0
SUP0133,2023-06,7,0.8571,1.14,1.0,0.0,0,0
SUP0133,2023-07,9,0.8889,0.78,1.0,0.0,0,0
SUP0133,2023-08,7,0.5714,3.57,1.0,0.0,0,0
SUP0133,2023-09,6,0.8333,0.33,1.0,0.0,0,0
SUP0133,2023-10,10,0.9,0.9,0.784,0.0,0,0
SUP0133,2023-11,10,0.7,1.4,1.0,0.0,0,0
SUP0133,2023-12,5,0.8,0.0,1.0,0.0,0,0
SUP0133,2024-01,12,0.6667,2.0,1.0,0.0,0,0
SUP0133,2024-02,6,0.6667,1.67,1.0,0.0,0,0
SUP0133,2024-03,8,0.625,1.5,1.0,0.0,0,0
SUP0133,2024-04,10,0.8,0.9,1.0,0.0,0,0
SUP0133,2024-05,9,0.4444,2.78,1.0,0.0,0,0
SUP0133,2024-06,4,1.0,0.0,1.0,0.0,0,0
SUP0133,2024-07,6,1.0,-0.33,1.0,132585.3,0,0
SUP0133,2024-08,8,0.75,2.12,1.0,0.0,0,0
SUP0133,2024-09,6,0.8333,0.0,1.0,654343.8,0,0
SUP0133,2024-10,5,1.0,-0.4,1.0,0.0,0,0
SUP0133,2024-11,10,0.8,2.4,0.8369,0.0,0,0
SUP0133,2024-12,8,0.875,0.75,1.0,0.0,0,0
SUP0133,2025-01,6,0.6667,2.33,1.0,0.0,0,0
SUP0133,2025-02,3,1.0,0.0,1.0,0.0,0,0
SUP0133,2025-03,8,0.75,1.0,1.0,0.0,0,0
SUP0133,2025-04,6,0.0,8.5,0.8873,0.0,0,0
SUP0133,2025-05,8,0.75,1.5,1.0,0.0,0,0
SUP0133,2025-06,8,0.625,4.5,1.0,0.0,0,0
SUP0133,2025-07,4,0.75,2.5,1.0,0.0,0,0
SUP0133,2025-08,5,0.8,0.6,1.0,0.0,0,0
SUP0133,2025-09,11,0.7273,1.73,1.0,0.0,0,0
SUP0133,2025-10,9,0.5556,2.78,0.9798,0.0,0,0
SUP0133,2025-11,8,0.875,-0.12,1.0,0.0,0,0
SUP0133,2025-12,1,0.0,0.0,0.7841,0.0,0,0
SUP0134,2023-01,3,0.3333,4.33,0.9469,0.0,2,1
SUP0134,2023-02,9,0.0,14.11,1.0,871158.5,6,3
SUP0134,2023-03,8,0.5,1.62,0.9802,0.0,0,0
SUP0134,2023-04,15,0.8667,0.27,0.9939,0.0,0,0
SUP0134,2023-05,13,0.7692,2.31,1.0,0.0,0,0
SUP0134,2023-06,15,0.6,4.13,0.9928,0.0,0,0
SUP0134,2023-07,15,0.7333,0.93,0.9712,0.0,0,0
SUP0134,2023-08,8,0.5,3.25,0.9899,0.0,0,0
SUP0134,2023-09,11,0.4545,2.73,0.9649,0.0,0,0
SUP0134,2023-10,6,1.0,-0.33,1.0,0.0,0,0
SUP0134,2023-11,11,0.7273,1.0,0.9677,0.0,0,0
SUP0134,2023-12,18,0.6667,2.22,0.972,0.0,0,0
SUP0134,2024-01,9,0.4444,3.44,0.8023,473573.0,4,3
SUP0134,2024-02,8,0.125,6.12,0.7284,749679.5,0,0
SUP0134,2024-03,18,0.6111,3.17,1.0,0.0,0,0
SUP0134,2024-04,14,0.5714,2.57,0.9781,0.0,0,0
SUP0134,2024-05,7,0.4286,4.0,1.0,0.0,0,0
SUP0134,2024-06,10,0.6,2.0,0.9724,0.0,0,0
SUP0134,2024-07,11,0.9091,0.27,0.9868,0.0,0,0
SUP0134,2024-08,12,0.4167,4.67,1.0,0.0,0,0
SUP0134,2024-09,13,0.6154,2.23,0.9636,22930.6,0,0
SUP0134,2024-10,10,0.9,-0.1,0.9342,0.0,0,0
SUP0134,2024-11,16,0.75,2.31,1.0,0.0,0,0
SUP0134,2024-12,13,0.6154,1.38,0.9619,0.0,0,0
SUP0134,2025-01,15,0.6667,4.47,1.0,0.0,0,0
SUP0134,2025-02,6,0.0,9.0,1.0,3935108.4,5,2
SUP0134,2025-03,11,0.8182,0.45,1.0,0.0,0,0
SUP0134,2025-04,7,0.8571,1.0,1.0,0.0,0,0
SUP0134,2025-05,19,0.7368,2.26,1.0,0.0,0,0
SUP0134,2025-06,10,0.7,1.9,0.9694,0.0,0,0
SUP0134,2025-07,9,0.4444,2.67,1.0,0.0,0,0
SUP0134,2025-08,16,0.6875,2.44,0.8891,24584.7,0,0
SUP0134,2025-09,12,0.75,0.83,0.9742,0.0,0,0
SUP0134,2025-10,14,0.7857,1.14,1.0,0.0,0,0
SUP0134,2025-11,13,0.6154,2.62,0.9489,0.0,0,0
SUP0134,2025-12,16,0.7692,1.46,0.9849,0.0,0,0
SUP0135,2023-01,5,0.8,0.0,0.9807,0.0,0,0
SUP0135,2023-02,4,1.0,0.0,1.0,0.0,0,0
SUP0135,2023-03,18,0.7778,0.56,1.0,0.0,0,0
SUP0135,2023-04,10,0.7,0.7,0.8191,0.0,0,0
SUP0135,2023-05,16,0.875,0.38,1.0,0.0,0,0
SUP0135,2023-06,23,0.6957,1.96,1.0,0.0,2,2
SUP0135,2023-07,11,0.6364,2.36,1.0,7136.5,0,0
SUP0135,2023-08,9,0.8889,0.56,1.0,0.0,0,0
SUP0135,2023-09,20,0.6,1.7,0.8947,0.0,1,0
SUP0135,2023-10,8,0.375,4.38,1.0,0.0,0,0
SUP0135,2023-11,13,0.6923,1.62,0.9439,0.0,0,0
SUP0135,2023-12,14,0.7857,2.21,0.9511,0.0,0,0
SUP0135,2024-01,12,0.5833,2.58,0.9532,0.0,0,0
SUP0135,2024-02,10,0.6,4.4,0.9766,0.0,0,0
SUP0135,2024-03,17,0.6471,3.76,1.0,0.0,0,0
SUP0135,2024-04,14,0.7143,1.57,1.0,0.0,0,0
SUP0135,2024-05,13,0.6923,0.62,0.9918,0.0,0,0
SUP0135,2024-06,17,0.7647,3.76,0.9665,0.0,0,0
SUP0135,2024-07,12,0.75,1.5,0.9939,0.0,0,0
SUP0135,2024-08,9,0.4444,3.67,0.9348,0.0,0,0
SUP0135,2024-09,9,0.8889,0.0,1.0,0.0,0,0
SUP0135,2024-10,21,0.9524,-0.1,0.9753,16934.6,0,0
SUP0135,2024-11,12,0.5833,2.67,0.9781,0.0,0,0
SUP0135,2024-12,10,0.7,2.9,1.0,0.0,0,0
SUP0135,2025-01,17,0.8235,1.06,0.9872,0.0,0,0
SUP0135,2025-02,10,0.3,3.8,0.9901,0.0,0,0
SUP0135,2025-03,8,0.625,3.75,1.0,0.0,0,0
SUP0135,2025-04,12,0.75,0.67,0.9854,0.0,0,0
SUP0135,2025-05,20,0.75,2.3,1.0,0.0,0,0
SUP0135,2025-06,10,0.9,0.6,1.0,0.0,0,0
SUP0135,2025-07,15,0.8,2.13,1.0,0.0,0,0
SUP0135,2025-08,9,1.0,0.0,1.0,0.0,0,0
SUP0135,2025-09,13,0.7692,2.08,1.0,0.0,0,0
SUP0135,2025-10,14,0.7143,2.93,0.9187,0.0,0,0
SUP0135,2025-11,19,0.6842,0.84,0.9871,0.0,0,0
SUP0135,2025-12,15,0.9,0.9,1.0,0.0,0,0
SUP0136,2023-01,9,0.7778,0.33,0.9359,0.0,0,0
SUP0136,2023-02,11,0.7273,2.27,1.0,0.0,0,0
SUP0136,2023-03,19,0.4737,1.95,0.9046,0.0,0,0
SUP0136,2023-04,12,0.6667,3.5,1.0,0.0,0,0
SUP0136,2023-05,22,0.6818,2.68,0.9784,23789.4,0,0
SUP0136,2023-06,16,0.4375,4.94,1.0,0.0,0,0
SUP0136,2023-07,17,0.5882,2.29,0.996,0.0,2,2
SUP0136,2023-08,16,0.75,1.62,0.9855,0.0,0,0
SUP0136,2023-09,14,0.5,2.64,0.9914,0.0,0,0
SUP0136,2023-10,23,0.4348,4.43,0.9367,134804.8,2,0
SUP0136,2023-11,20,0.9,-0.2,1.0,0.0,0,0
SUP0136,2023-12,19,0.7368,3.05,1.0,0.0,0,0
SUP0136,2024-01,19,0.8421,0.0,0.9763,0.0,0,0
SUP0136,2024-02,20,0.6,3.45,0.9893,209401.2,1,0
SUP0136,2024-03,17,0.7647,2.41,0.8598,22627.8,0,0
SUP0136,2024-04,14,0.7857,2.57,1.0,231888.5,2,2
SUP0136,2024-05,30,0.6667,3.1,0.9049,0.0,0,0
SUP0136,2024-06,18,0.7778,0.83,0.9704,0.0,0,0
SUP0136,2024-07,17,0.5294,2.47,0.9847,161344.8,2,2
SUP0136,2024-08,18,0.5556,4.06,0.9933,0.0,2,1
SUP0136,2024-09,20,0.65,1.7,0.8107,0.0,0,0
SUP0136,2024-10,18,0.6667,3.06,0.9685,140042.1,1,0
SUP0136,2024-11,20,0.7,0.95,0.9745,12954.4,0,0
SUP0136,2024-12,23,0.4783,4.61,0.9935,17729.9,0,0
SUP0136,2025-01,16,0.75,2.44,1.0,0.0,0,0
SUP0136,2025-02,22,0.4545,6.18,0.8769,0.0,0,0
SUP0136,2025-03,10,0.8,1.2,1.0,0.0,0,0
SUP0136,2025-04,27,0.5926,6.22,0.9018,205407.0,2,1
SUP0136,2025-05,19,0.5789,4.95,0.9905,407135.0,4,1
SUP0136,2025-06,16,0.625,2.06,0.9695,142641.3,2,2
SUP0136,2025-07,18,0.7778,2.61,0.8114,0.0,0,0
SUP0136,2025-08,24,0.8333,1.12,1.0,0.0,0,0
SUP0136,2025-09,21,0.7143,2.14,0.9842,0.0,0,0
SUP0136,2025-10,20,0.65,4.55,0.9819,0.0,1,0
SUP0136,2025-11,20,0.75,1.15,1.0,284051.8,2,1
SUP0136,2025-12,14,0.9167,0.58,1.0,0.0,0,0
SUP0137,2023-01,11,0.7273,0.91,0.9613,0.0,0,0
SUP0137,2023-02,21,0.8571,0.76,1.0,0.0,0,0
SUP0137,2023-03,19,0.7895,0.26,0.9993,42704.2,0,0
SUP0137,2023-04,20,0.55,2.25,0.9902,125226.6,0,0
SUP0137,2023-05,22,0.4545,1.73,0.9397,9962.2,0,0
SUP0137,2023-06,19,0.3684,4.11,1.0,8863.0,0,0
SUP0137,2023-07,21,0.619,3.19,0.989,0.0,0,0
SUP0137,2023-08,15,0.7333,1.27,0.9802,0.0,0,0
SUP0137,2023-09,26,0.7692,2.23,0.9666,0.0,0,0
SUP0137,2023-10,18,0.6667,2.28,1.0,15487.3,0,0
SUP0137,2023-11,20,0.5,1.75,0.955,0.0,0,0
SUP0137,2023-12,23,0.4783,1.83,0.9109,0.0,0,0
SUP0137,2024-01,21,0.8095,0.0,0.9518,8947.0,0,0
SUP0137,2024-02,23,0.6087,2.3,0.9834,0.0,0,0
SUP0137,2024-03,26,0.6538,2.62,1.0,29050.3,0,0
SUP0137,2024-04,24,0.6667,1.5,0.9814,21141.7,0,0
SUP0137,2024-05,16,0.8125,0.25,0.9831,0.0,0,0
SUP0137,2024-06,20,0.75,0.95,0.9717,0.0,0,0
SUP0137,2024-07,18,0.6111,1.94,0.9543,0.0,0,0
SUP0137,2024-08,17,0.7059,1.59,0.9737,0.0,0,0
SUP0137,2024-09,28,0.5,1.46,0.9818,0.0,0,0
SUP0137,2024-10,17,0.5882,1.0,0.9877,0.0,0,0
SUP0137,2024-11,21,0.5714,1.52,0.9858,0.0,0,0
SUP0137,2024-12,24,0.7917,1.12,1.0,29853.5,0,0
SUP0137,2025-01,20,0.7,0.85,0.9886,0.0,0,0
SUP0137,2025-02,23,0.4348,4.57,0.9849,132928.8,0,0
SUP0137,2025-03,25,0.72,0.64,0.987,0.0,0,0
SUP0137,2025-04,20,0.6,0.7,0.9795,0.0,0,0
SUP0137,2025-05,13,0.6154,0.69,0.9469,0.0,0,0
SUP0137,2025-06,23,0.8696,0.83,0.9969,0.0,0,0
SUP0137,2025-07,21,0.5714,1.43,0.982,0.0,0,0
SUP0137,2025-08,17,0.6471,1.18,0.9934,0.0,0,0
SUP0137,2025-09,18,0.7222,1.17,1.0,0.0,0,0
SUP0137,2025-10,14,0.8571,0.86,0.9472,23922.3,0,0
SUP0137,2025-11,18,0.8333,0.11,1.0,0.0,0,0
SUP0137,2025-12,17,0.7333,1.33,0.9893,0.0,0,0
SUP0138,2023-01,16,0.5625,3.25,0.9826,403689.8,3,2
SUP0138,2023-02,28,0.3929,5.89,1.0,0.0,0,0
SUP0138,2023-03,39,0.8205,1.33,0.9941,3388.0,0,0
SUP0138,2023-04,33,0.9091,0.33,0.9965,0.0,0,0
SUP0138,2023-05,46,0.8913,0.61,0.9977,29368.0,2,2
SUP0138,2023-06,34,0.7059,2.65,0.9923,19107.6,2,2
SUP0138,2023-07,29,0.7931,1.59,0.9968,0.0,0,0
SUP0138,2023-08,42,0.9286,0.24,1.0,74325.2,4,3
SUP0138,2023-09,31,0.7742,2.77,1.0,46575.4,2,0
SUP0138,2023-10,34,0.6765,4.26,0.9963,27408.9,2,0
SUP0138,2023-11,30,0.8333,2.6,1.0,19049.6,3,0
SUP0138,2023-12,36,0.9167,-0.06,1.0,0.0,0,0
SUP0138,2024-01,32,0.8125,1.44,0.9879,56753.6,3,1
SUP0138,2024-02,31,0.9677,0.35,1.0,83823.1,2,1
SUP0138,2024-03,38,0.8684,2.0,1.0,0.0,0,0
SUP0138,2024-04,26,0.8462,1.08,0.9962,0.0,0,0
SUP0138,2024-05,44,0.7955,1.39,0.9978,3244.3,0,0
SUP0138,2024-06,35,0.9143,0.34,0.9943,4489.9,0,0
SUP0138,2024-07,36,0.8611,1.0,1.0,48451.8,2,1
SUP0138,2024-08,34,0.8824,0.97,0.9881,0.0,0,0
SUP0138,2024-09,43,1.0,-0.07,1.0,1381.4,2,1
SUP0138,2024-10,36,0.8056,1.28,0.9931,29128.5,0,0
SUP0138,2024-11,41,0.8293,1.46,1.0,0.0,2,0
SUP0138,2024-12,35,0.7714,1.6,0.8888,24658.7,0,0
SUP0138,2025-01,42,0.8095,1.67,0.9943,2836.0,0,0
SUP0138,2025-02,28,0.7857,1.71,0.996,0.0,0,0
SUP0138,2025-03,29,0.8966,0.83,1.0,49330.4,2,1
SUP0138,2025-04,29,0.8621,0.21,0.9954,10426.0,2,1
SUP0138,2025-05,35,0.9143,0.09,0.9979,0.0,0,0
SUP0138,2025-06,30,0.8,0.67,0.9925,87491.0,0,0
SUP0138,2025-07,38,0.8684,2.84,0.9988,17700.1,0,0
SUP0138,2025-08,36,0.8611,0.31,0.992,27135.3,1,0
SUP0138,2025-09,43,0.8372,1.28,0.9937,17438.3,2,1
SUP0138,2025-10,37,0.8108,1.3,0.909,38832.7,2,0
SUP0138,2025-11,35,0.9143,0.66,0.9983,26126.7,2,0
SUP0138,2025-12,40,0.9474,0.32,1.0,0.0,0,0
SUP0139,2023-01,2,0.5,6.5,1.0,0.0,0,0
SUP0139,2023-02,4,0.75,0.5,1.0,0.0,0,0
SUP0139,2023-03,7,0.7143,2.29,1.0,0.0,0,0
SUP0139,2023-04,4,0.25,6.75,1.0,0.0,0,0
SUP0139,2023-05,10,0.7,0.2,0.9848,0.0,0,0
SUP0139,2023-06,7,1.0,0.0,1.0,0.0,0,0
SUP0139,2023-07,6,0.5,0.67,0.9968,0.0,0,0
SUP0139,2023-08,4,0.75,2.75,1.0,0.0,0,0
SUP0139,2023-09,5,0.8,2.0,1.0,0.0,0,0
SUP0139,2023-10,8,0.75,1.0,1.0,0.0,0,0
SUP0139,2023-11,7,0.7143,1.0,1.0,0.0,0,0
SUP0139,2023-12,4,0.5,2.0,0.9932,0.0,0,0
SUP0139,2024-01,11,0.7273,2.18,1.0,0.0,0,0
SUP0139,2024-02,10,0.5,2.8,0.9987,0.0,0,0
SUP0139,2024-03,8,0.625,2.25,0.9212,0.0,0,0
SUP0139,2024-04,10,0.8,1.4,1.0,0.0,0,0
SUP0139,2024-05,12,0.5833,1.83,0.9998,0.0,0,0
SUP0139,2024-06,5,0.8,1.4,0.438,94600.0,0,0
SUP0139,2024-07,9,0.5556,1.56,1.0,0.0,0,0
SUP0139,2024-08,7,0.4286,3.71,0.7655,0.0,0,0
SUP0139,2024-09,5,0.8,0.6,1.0,0.0,0,0
SUP0139,2024-10,11,1.0,-0.18,1.0,0.0,0,0
SUP0139,2024-11,7,1.0,-0.14,1.0,0.0,0,0
SUP0139,2024-12,6,0.8333,0.17,1.0,0.0,0,0
SUP0139,2025-01,7,0.7143,1.71,1.0,48622.4,0,0
SUP0139,2025-02,6,0.6667,3.17,1.0,553959.5,0,0
SUP0139,2025-03,8,1.0,0.0,1.0,0.0,0,0
SUP0139,2025-04,6,0.5,2.67,0.9368,0.0,0,0
SUP0139,2025-05,5,0.6,2.4,1.0,0.0,0,0
SUP0139,2025-06,11,0.8182,1.27,1.0,53334.4,0,0
SUP0139,2025-07,8,0.875,0.25,1.0,0.0,0,0
SUP0139,2025-08,10,0.5,3.7,0.9998,0.0,0,0
SUP0139,2025-09,6,0.8333,1.67,1.0,0.0,0,0
SUP0139,2025-10,2,0.5,1.0,1.0,0.0,0,0
SUP0139,2025-11,4,0.75,2.5,1.0,0.0,0,0
SUP0139,2025-12,4,1.0,0.0,1.0,0.0,0,0
SUP0140,2023-01,9,0.7778,1.89,1.0,0.0,0,0
SUP0140,2023-02,3,0.6667,3.0,1.0,0.0,0,0
SUP0140,2023-03,4,0.75,-0.25,1.0,0.0,0,0
SUP0140,2023-04,2,0.5,5.0,1.0,0.0,0,0
SUP0140,2023-05,6,0.3333,5.0,1.0,0.0,0,0
SUP0140,2023-06,5,0.4,2.4,1.0,0.0,0,0
SUP0140,2023-07,6,0.5,3.5,1.0,0.0,0,0
SUP0140,2023-08,5,0.6,1.4,0.8904,0.0,0,0
SUP0140,2023-09,5,1.0,0.0,1.0,0.0,0,0
SUP0140,2023-10,8,0.625,1.12,0.9766,0.0,0,0
SUP0140,2023-11,7,0.7143,0.86,1.0,0.0,0,0
SUP0140,2023-12,3,1.0,0.0,1.0,0.0,0,0
SUP0140,2024-01,6,0.8333,-0.5,1.0,0.0,0,0
SUP0140,2024-02,6,0.8333,1.17,1.0,135791.9,0,0
SUP0140,2024-03,6,0.6667,1.83,1.0,0.0,0,0
SUP0140,2024-04,6,0.3333,4.17,0.9827,0.0,0,0
SUP0140,2024-05,5,0.4,4.4,1.0,0.0,0,0
SUP0140,2024-06,7,0.8571,1.14,1.0,0.0,0,0
SUP0140,2024-07,6,0.5,3.5,0.8869,0.0,0,0
SUP0140,2024-08,5,0.2,3.4,0.9487,0.0,0,0
SUP0140,2024-09,4,0.25,4.25,1.0,0.0,0,0
SUP0140,2024-10,8,0.625,3.25,1.0,0.0,0,0
SUP0140,2024-11,8,0.75,0.12,1.0,0.0,0,0
SUP0140,2024-12,8,0.75,0.38,1.0,0.0,0,0
SUP0140,2025-01,4,0.5,4.75,1.0,0.0,0,0
SUP0140,2025-02,5,0.8,0.0,0.9926,129798.3,0,0
SUP0140,2025-03,8,0.75,1.62,1.0,0.0,0,0
SUP0140,2025-04,6,0.6667,0.17,0.9873,0.0,0,0
SUP0140,2025-05,4,0.5,0.75,0.9396,0.0,0,0
SUP0140,2025-06,5,0.8,1.8,1.0,0.0,0,0
SUP0140,2025-07,5,0.6,1.2,1.0,0.0,0,0
SUP0140,2025-08,4,0.5,3.5,1.0,0.0,0,0
SUP0140,2025-09,3,0.6667,2.33,1.0,0.0,0,0
SUP0140,2025-10,1,0.0,-1.0,0.2158,0.0,0,0
SUP0140,2025-11,7,0.4286,1.57,1.0,0.0,0,0
SUP0140,2025-12,4,1.0,0.0,1.0,0.0,0,0
SUP0141,2023-01,6,0.6667,1.83,1.0,0.0,0,0
SUP0141,2023-02,4,0.25,6.0,1.0,0.0,0,0
SUP0141,2023-03,3,0.3333,4.33,1.0,0.0,0,0
SUP0141,2023-04,7,0.8571,0.43,1.0,0.0,0,0
SUP0141,2023-05,9,0.5556,4.11,0.6175,0.0,0,0
SUP0141,2023-06,7,0.5714,2.0,1.0,0.0,0,0
SUP0141,2023-07,9,0.4444,3.56,1.0,0.0,0,0
SUP0141,2023-08,11,0.8182,0.18,1.0,0.0,0,0
SUP0141,2023-09,7,0.4286,4.29,0.7252,0.0,0,0
SUP0141,2023-10,5,0.0,5.0,1.0,0.0,0,0
SUP0141,2023-11,8,0.625,1.75,0.9981,14089.6,0,0
SUP0141,2023-12,5,0.4,0.2,0.7852,0.0,0,0
SUP0141,2024-01,10,0.6,1.2,0.904,0.0,0,0
SUP0141,2024-02,8,0.5,2.62,1.0,0.0,0,0
SUP0141,2024-03,7,0.4286,1.57,1.0,0.0,0,0
SUP0141,2024-04,8,0.875,0.62,1.0,0.0,0,0
SUP0141,2024-05,6,0.6667,1.67,0.9848,0.0,0,0
SUP0141,2024-06,8,0.875,0.0,1.0,0.0,0,0
SUP0141,2024-07,6,0.8333,-0.17,0.4723,0.0,0,0
SUP0141,2024-08,3,0.6667,2.33,1.0,0.0,0,0
SUP0141,2024-09,10,0.6,0.7,0.986,0.0,0,0
SUP0141,2024-10,8,0.75,1.12,1.0,0.0,0,0
SUP0141,2024-11,9,0.6667,2.11,1.0,13009.1,0,0
SUP0141,2024-12,7,0.8571,1.14,1.0,22284.4,0,0
SUP0141,2025-01,7,0.5714,1.14,1.0,0.0,1,1
SUP0141,2025-02,5,0.4,2.6,1.0,0.0,0,0
SUP0141,2025-03,13,0.8462,1.08,1.0,0.0,0,0
SUP0141,2025-04,4,0.75,0.5,1.0,120662.2,0,0
SUP0141,2025-05,14,0.8571,0.64,1.0,0.0,0,0
SUP0141,2025-06,10,0.8,0.1,0.996,0.0,0,0
SUP0141,2025-07,6,0.6667,2.5,1.0,0.0,0,0
SUP0141,2025-08,10,0.5,1.6,0.7895,0.0,0,0
SUP0141,2025-09,5,0.6,2.2,1.0,0.0,0,0
SUP0141,2025-10,11,0.8182,1.0,1.0,0.0,0,0
SUP0141,2025-11,10,0.7,1.0,0.9937,0.0,0,0
SUP0141,2025-12,12,1.0,0.0,1.0,0.0,0,0
SUP0142,2023-03,3,0.3333,4.67,1.0,0.0,0,0
SUP0142,2023-04,4,0.25,7.75,1.0,0.0,0,0
SUP0142,2023-05,1,0.0,1.0,1.0,0.0,0,0
SUP0142,2023-06,1,0.0,7.0,1.0,0.0,0,0
SUP0142,2023-07,1,1.0,-3.0,1.0,0.0,0,0
SUP0142,2023-08,6,0.1667,7.83,1.0,0.0,0,0
SUP0142,2023-09,3,0.3333,3.33,1.0,0.0,0,0
SUP0142,2023-11,1,0.0,5.0,1.0,0.0,0,0
SUP0142,2023-12,1,0.0,3.0,1.0,0.0,0,0
SUP0142,2024-01,1,0.0,11.0,1.0,0.0,0,0
SUP0142,2024-03,2,0.5,-1.0,0.8838,0.0,0,0
SUP0142,2024-04,3,0.0,8.0,1.0,0.0,0,0
SUP0142,2024-05,1,1.0,-1.0,1.0,0.0,0,0
SUP0142,2024-06,4,0.0,7.0,1.0,0.0,0,0
SUP0142,2024-07,1,0.0,12.0,1.0,0.0,0,0
SUP0142,2024-09,1,1.0,-2.0,1.0,0.0,0,0
SUP0142,2024-10,1,0.0,9.0,1.0,0.0,0,0
SUP0142,2024-11,1,0.0,4.0,1.0,0.0,0,0
SUP0142,2024-12,2,0.0,7.0,1.0,0.0,0,0
SUP0142,2025-01,1,0.0,12.0,1.0,0.0,0,0
SUP0142,2025-03,1,0.0,14.0,1.0,0.0,0,0
SUP0142,2025-04,3,0.3333,6.0,1.0,0.0,0,0
SUP0142,2025-06,2,0.0,5.5,1.0,0.0,0,0
SUP0142,2025-07,1,0.0,10.0,1.0,0.0,0,0
SUP0142,2025-10,1,0.0,12.0,1.0,0.0,0,0
SUP0142,2025-11,2,0.5,0.5,1.0,0.0,0,0
SUP0142,2025-12,5,0.0,1.5,1.0,0.0,0,0
SUP0143,2023-03,1,1.0,-2.0,1.0,0.0,0,0
SUP0143,2023-04,3,0.3333,6.0,1.0,0.0,0,0
SUP0143,2023-05,5,0.2,5.4,1.0,0.0,0,0
SUP0143,2023-06,1,0.0,5.0,1.0,0.0,0,0
SUP0143,2023-08,4,0.0,8.0,1.0,0.0,0,0
SUP0143,2023-09,3,0.0,7.67,1.0,0.0,0,0
SUP0143,2023-10,1,0.0,11.0,1.0,0.0,0,0
SUP0143,2023-11,1,0.0,6.0,1.0,0.0,0,0
SUP0143,2023-12,2,0.0,6.5,1.0,0.0,0,0
SUP0143,2024-01,1,0.0,8.0,1.0,0.0,0,0
SUP0143,2024-02,2,0.5,0.5,1.0,0.0,0,0
SUP0143,2024-03,5,0.0,7.2,1.0,0.0,0,0
SUP0143,2024-04,1,0.0,13.0,1.0,0.0,0,0
SUP0143,2024-05,3,0.0,10.67,0.9535,0.0,0,0
SUP0143,2024-06,3,0.6667,0.67,1.0,0.0,0,0
SUP0143,2024-07,2,1.0,-2.5,1.0,0.0,0,0
SUP0143,2024-08,2,0.0,9.0,1.0,0.0,0,0
SUP0143,2024-09,2,0.5,4.5,1.0,0.0,0,0
SUP0143,2024-10,2,0.5,3.5,1.0,0.0,0,0
SUP0143,2024-11,4,0.0,8.5,1.0,0.0,0,0
SUP0143,2024-12,2,0.0,12.5,1.0,0.0,0,0
SUP0143,2025-01,1,0.0,6.0,1.0,0.0,0,0
SUP0143,2025-03,2,0.0,2.5,0.8063,0.0,0,0
SUP0143,2025-04,2,0.0,7.0,1.0,0.0,0,0
SUP0143,2025-06,2,0.5,6.0,1.0,0.0,0,0
SUP0143,2025-07,2,0.0,10.0,1.0,0.0,0,0
SUP0143,2025-08,1,0.0,2.0,1.0,0.0,0,0
SUP0143,2025-09,2,0.5,0.5,1.0,0.0,0,0
SUP0143,2025-10,3,0.0,7.33,1.0,0.0,0,0
SUP0143,2025-11,1,0.0,7.0,1.0,0.0,0,0
SUP0143,2025-12,8,0.0,-0.5,0.5762,0.0,0,0
SUP0144,2023-01,1,1.0,0.0,1.0,0.0,0,0
SUP0144,2023-02,6,0.5,3.33,0.8341,0.0,0,0
SUP0144,2023-03,5,0.6,0.0,1.0,0.0,0,0
SUP0144,2023-04,6,0.6667,1.5,1.0,0.0,0,0
SUP0144,2023-05,5,0.6,2.0,1.0,0.0,0,0
SUP0144,2023-06,6,0.8333,-0.67,1.0,0.0,0,0
SUP0144,2023-07,4,1.0,0.0,1.0,0.0,0,0
SUP0144,2023-08,8,0.625,1.62,0.9682,0.0,0,0
SUP0144,2023-10,5,0.4,4.6,1.0,0.0,0,0
SUP0144,2023-11,8,0.5,2.5,0.9991,0.0,0,0
SUP0144,2023-12,4,0.75,1.25,1.0,0.0,0,0
SUP0144,2024-01,2,0.5,4.0,0.5475,312850.0,0,0
SUP0144,2024-02,5,0.8,0.2,1.0,0.0,0,0
SUP0144,2024-03,8,0.5,3.62,0.9846,0.0,0,0
SUP0144,2024-04,4,0.75,0.25,1.0,0.0,0,0
SUP0144,2024-05,4,0.75,1.0,1.0,0.0,0,0
SUP0144,2024-06,5,0.8,1.0,1.0,0.0,0,0
SUP0144,2024-07,1,0.0,10.0,1.0,0.0,0,0
SUP0144,2024-08,3,0.6667,2.33,1.0,0.0,0,0
SUP0144,2024-09,6,0.8333,1.5,1.0,0.0,0,0
SUP0144,2024-10,6,0.5,2.5,1.0,0.0,0,0
SUP0144,2024-11,5,0.4,5.6,1.0,0.0,0,0
SUP0144,2024-12,5,0.6,3.6,1.0,0.0,0,0
SUP0144,2025-01,4,0.25,8.25,1.0,0.0,0,0
SUP0144,2025-02,6,0.5,5.0,0.9465,0.0,0,0
SUP0144,2025-03,3,0.6667,1.67,1.0,0.0,0,0
SUP0144,2025-04,6,1.0,-1.17,1.0,51763.3,0,0
SUP0144,2025-05,4,0.5,2.5,0.7149,0.0,0,0
SUP0144,2025-06,6,0.6667,3.0,1.0,0.0,0,0
SUP0144,2025-07,3,1.0,-0.33,1.0,0.0,0,0
SUP0144,2025-08,3,1.0,-1.0,1.0,0.0,0,0
SUP0144,2025-09,6,0.5,5.33,1.0,0.0,0,0
SUP0144,2025-10,7,0.7143,0.14,1.0,0.0,0,0
SUP0144,2025-11,5,0.6,1.4,1.0,0.0,0,0
SUP0144,2025-12,4,0.0,6.33,0.998,0.0,0,0
SUP0145,2023-01,5,1.0,-0.2,1.0,0.0,0,0
SUP0145,2023-02,9,0.7778,0.78,1.0,0.0,0,0
SUP0145,2023-03,8,0.75,1.62,1.0,0.0,0,0
SUP0145,2023-04,3,0.6667,3.33,1.0,0.0,0,0
SUP0145,2023-05,4,0.5,2.0,1.0,0.0,0,0
SUP0145,2023-06,10,0.2,4.4,0.6422,0.0,0,0
SUP0145,2023-07,5,0.6,3.4,1.0,101733.8,1,1
SUP0145,2023-08,3,0.6667,-1.0,0.9687,0.0,0,0
SUP0145,2023-09,9,0.5556,3.0,1.0,0.0,0,0
SUP0145,2023-10,4,0.25,7.25,1.0,0.0,0,0
SUP0145,2023-11,6,0.3333,5.17,1.0,116415.9,0,0
SUP0145,2023-12,4,0.25,4.5,1.0,0.0,0,0
SUP0145,2024-01,11,0.7273,1.82,1.0,0.0,0,0
SUP0145,2024-02,8,0.5,2.88,0.9587,0.0,0,0
SUP0145,2024-03,5,0.8,1.0,1.0,0.0,0,0
SUP0145,2024-04,6,0.5,3.67,1.0,0.0,0,0
SUP0145,2024-05,8,0.625,2.0,1.0,0.0,0,0
SUP0145,2024-06,8,0.625,3.5,1.0,0.0,0,0
SUP0145,2024-07,10,0.7,1.0,0.8928,0.0,0,0
SUP0145,2024-08,5,0.6,3.0,0.8876,0.0,0,0
SUP0145,2024-09,12,0.5833,2.83,1.0,0.0,0,0
SUP0145,2024-10,6,0.6667,1.67,1.0,0.0,0,0
SUP0145,2024-11,7,0.8571,0.86,1.0,0.0,0,0
SUP0145,2024-12,9,0.3333,5.44,0.9183,0.0,0,0
SUP0145,2025-01,7,0.7143,2.57,1.0,0.0,0,0
SUP0145,2025-02,4,0.5,2.25,1.0,0.0,0,0
SUP0145,2025-03,4,1.0,-0.75,1.0,0.0,0,0
SUP0145,2025-04,7,0.4286,3.71,0.9904,0.0,0,0
SUP0145,2025-05,6,0.6667,1.17,0.9961,58770.8,0,0
SUP0145,2025-06,9,0.6667,5.0,1.0,0.0,0,0
SUP0145,2025-07,4,0.5,4.0,1.0,0.0,0,0
SUP0145,2025-08,5,0.4,4.8,1.0,0.0,0,0
SUP0145,2025-09,9,0.5556,1.11,0.9861,0.0,0,0
SUP0145,2025-10,8,0.625,2.88,1.0,0.0,0,0
SUP0145,2025-11,7,0.7143,1.86,1.0,0.0,0,0
SUP0145,2025-12,8,0.8,0.4,1.0,0.0,0,0
SUP0146,2023-01,5,0.6,5.6,1.0,245477.3,0,0
SUP0146,2023-02,11,0.3636,5.64,0.9801,0.0,0,0
SUP0146,2023-03,15,0.8667,1.27,1.0,0.0,0,0
SUP0146,2023-04,14,0.7857,2.14,1.0,0.0,0,0
SUP0146,2023-05,31,0.7097,2.19,0.9987,7767.0,0,0
SUP0146,2023-06,29,0.7931,0.9,1.0,20305.3,1,0
SUP0146,2023-07,27,0.5556,2.0,0.9196,0.0,0,0
SUP0146,2023-08,21,0.7143,1.14,0.9751,0.0,0,0
SUP0146,2023-09,22,0.8182,0.86,0.9943,0.0,0,0
SUP0146,2023-10,25,0.92,-0.28,0.9991,0.0,0,0
SUP0146,2023-11,21,0.8095,1.33,0.9858,0.0,0,0
SUP0146,2023-12,15,0.6667,1.27,0.892,0.0,0,0
SUP0146,2024-01,27,0.7037,3.11,0.9995,4567.0,0,0
SUP0146,2024-02,27,0.8889,1.44,0.9679,0.0,0,0
SUP0146,2024-03,26,0.5,3.15,0.9973,0.0,0,0
SUP0146,2024-04,24,0.5417,3.17,0.9939,42209.6,0,0
SUP0146,2024-05,29,0.8966,0.24,0.9989,24502.7,0,0
SUP0146,2024-06,21,0.6667,1.86,1.0,0.0,0,0
SUP0146,2024-07,22,0.9091,0.41,1.0,0.0,0,0
SUP0146,2024-08,14,0.8571,0.64,1.0,0.0,0,0
SUP0146,2024-09,17,0.8235,1.59,1.0,0.0,0,0
SUP0146,2024-10,25,0.84,0.92,0.9952,1369.7,0,0
SUP0146,2024-11,28,0.8571,0.61,0.8921,0.0,0,0
SUP0146,2024-12,22,0.7727,1.09,0.9987,0.0,0,0
SUP0146,2025-01,23,1.0,-0.04,1.0,0.0,0,0
SUP0146,2025-02,19,0.8421,0.68,0.9973,0.0,0,0
SUP0146,2025-03,20,0.7,2.85,0.9971,1428.4,0,0
SUP0146,2025-04,23,0.7826,1.74,0.9889,0.0,0,0
SUP0146,2025-05,28,0.8214,0.61,0.9976,0.0,0,0
SUP0146,2025-06,22,0.6364,2.77,0.9996,0.0,0,0
SUP0146,2025-07,26,0.8462,1.96,1.0,0.0,0,0
SUP0146,2025-08,22,0.9091,0.64,1.0,0.0,0,0
SUP0146,2025-09,22,0.9545,0.09,1.0,0.0,0,0
SUP0146,2025-10,18,0.8333,0.5,0.9867,60713.1,0,0
SUP0146,2025-11,20,0.95,0.35,1.0,0.0,0,0
SUP0146,2025-12,21,0.7059,1.35,0.9696,6544.5,1,0
SUP0147,2023-02,1,0.0,2.0,1.0,0.0,0,0
SUP0147,2023-03,2,0.0,9.5,1.0,0.0,0,0
SUP0147,2023-04,4,0.0,6.75,0.7971,0.0,0,0
SUP0147,2023-05,3,0.0,11.33,1.0,0.0,0,0
SUP0147,2023-06,4,0.25,5.25,1.0,0.0,0,0
SUP0147,2023-07,2,0.5,2.5,1.0,0.0,0,0
SUP0147,2023-08,2,0.0,8.5,1.0,0.0,0,0
SUP0147,2023-09,3,0.3333,3.0,1.0,0.0,0,0
SUP0147,2023-10,3,0.3333,3.33,1.0,0.0,0,0
SUP0147,2023-11,3,0.3333,4.33,1.0,0.0,0,0
SUP0147,2023-12,3,0.0,9.33,1.0,0.0,0,0
SUP0147,2024-01,2,0.5,0.0,0.8411,0.0,0,0
SUP0147,2024-03,1,0.0,2.0,1.0,0.0,0,0
SUP0147,2024-04,1,1.0,-1.0,1.0,0.0,0,0
SUP0147,2024-07,1,1.0,-3.0,1.0,0.0,0,0
SUP0147,2024-08,2,0.0,10.5,1.0,0.0,0,0
SUP0147,2024-09,6,0.3333,5.0,0.9828,0.0,0,0
SUP0147,2024-11,3,0.6667,3.67,1.0,0.0,0,0
SUP0147,2024-12,3,0.0,5.0,1.0,0.0,0,0
SUP0147,2025-01,2,0.5,1.5,1.0,0.0,0,0
SUP0147,2025-03,3,0.6667,0.33,1.0,0.0,0,0
SUP0147,2025-04,5,0.4,3.4,1.0,0.0,0,0
SUP0147,2025-07,3,0.3333,5.33,0.9263,0.0,0,0
SUP0147,2025-08,1,0.0,10.0,1.0,0.0,0,0
SUP0147,2025-09,1,0.0,12.0,1.0,0.0,0,0
SUP0147,2025-10,1,0.0,7.0,1.0,0.0,0,0
SUP0147,2025-12,2,0.0,7.0,1.0,0.0,0,0
SUP0148,2023-01,1,1.0,-1.0,1.0,0.0,0,0
SUP0148,2023-02,1,0.0,7.0,1.0,0.0,0,0
SUP0148,2023-03,3,0.0,10.67,1.0,0.0,0,0
SUP0148,2023-04,2,0.5,0.0,1.0,0.0,0,0
SUP0148,2023-05,3,0.3333,4.33,1.0,0.0,0,0
SUP0148,2023-06,4,0.0,8.75,0.9041,0.0,0,0
SUP0148,2023-07,2,1.0,-2.5,1.0,0.0,0,0
SUP0148,2023-08,3,0.0,9.67,1.0,0.0,0,0
SUP0148,2023-09,2,0.0,12.0,1.0,0.0,0,0
SUP0148,2023-10,2,0.5,6.5,0.7137,0.0,0,0
SUP0148,2023-11,1,0.0,5.0,1.0,0.0,0,0
SUP0148,2023-12,1,0.0,3.0,1.0,0.0,0,0
SUP0148,2024-01,1,0.0,3.0,1.0,0.0,0,0
SUP0148,2024-03,1,1.0,0.0,1.0,0.0,0,0
SUP0148,2024-04,5,0.2,6.2,1.0,0.0,0,0
SUP0148,2024-05,1,0.0,1.0,1.0,0.0,0,0
SUP0148,2024-06,1,1.0,-2.0,1.0,0.0,0,0
SUP0148,2024-07,2,0.0,5.0,0.8385,0.0,0,0
SUP0148,2024-08,2,1.0,-1.5,1.0,0.0,0,0
SUP0148,2024-09,3,0.0,6.33,1.0,0.0,0,0
SUP0148,2024-10,3,0.0,5.0,0.8873,0.0,0,0
SUP0148,2024-11,1,0.0,2.0,1.0,0.0,0,0
SUP0148,2024-12,4,0.25,3.75,1.0,0.0,0,0
SUP0148,2025-02,1,0.0,3.0,1.0,0.0,0,0
SUP0148,2025-03,2,0.5,6.0,1.0,0.0,0,0
SUP0148,2025-04,2,0.0,7.0,1.0,0.0,0,0
SUP0148,2025-05,2,0.0,11.5,1.0,0.0,0,0
SUP0148,2025-06,1,0.0,13.0,1.0,0.0,0,0
SUP0148,2025-07,1,0.0,5.0,0.4797,0.0,0,0
SUP0148,2025-09,1,0.0,1.0,1.0,0.0,0,0
SUP0148,2025-10,1,1.0,-3.0,1.0,0.0,0,0
SUP0148,2025-11,4,0.25,6.25,0.9483,0.0,0,0
SUP0148,2025-12,5,0.0,7.0,1.0,0.0,0,0
SUP0149,2023-01,1,0.0,14.0,1.0,0.0,0,0
SUP0149,2023-02,6,0.5,4.0,0.8859,0.0,0,0
SUP0149,2023-03,2,0.5,2.5,1.0,0.0,0,0
SUP0149,2023-04,4,0.0,7.25,1.0,0.0,0,0
SUP0149,2023-05,3,1.0,-0.67,1.0,0.0,0,0
SUP0149,2023-06,1,0.0,2.0,1.0,0.0,0,0
SUP0149,2023-07,4,0.25,6.25,1.0,0.0,0,0
SUP0149,2023-08,2,0.0,10.5,1.0,0.0,0,0
SUP0149,2023-09,3,0.0,5.67,0.8229,0.0,0,0
SUP0149,2023-10,1,0.0,8.0,1.0,0.0,0,0
SUP0149,2023-12,4,0.5,2.5,1.0,0.0,0,0
SUP0149,2024-01,2,0.0,10.5,1.0,0.0,0,0
SUP0149,2024-02,2,0.5,1.0,1.0,0.0,0,0
SUP0149,2024-03,4,0.0,9.5,1.0,0.0,0,0
SUP0149,2024-04,2,0.0,7.5,1.0,0.0,0,0
SUP0149,2024-05,1,0.0,11.0,1.0,0.0,0,0
SUP0149,2024-06,2,0.0,5.5,0.8634,0.0,0,0
SUP0149,2024-07,1,1.0,-2.0,1.0,0.0,0,0
SUP0149,2024-08,3,0.6667,3.0,1.0,0.0,0,0
SUP0149,2024-09,2,0.0,0.5,0.7414,0.0,0,0
SUP0149,2024-10,1,0.0,11.0,1.0,0.0,0,0
SUP0149,2024-12,1,1.0,-1.0,1.0,0.0,0,0
SUP0149,2025-01,2,0.0,11.0,1.0,0.0,0,0
SUP0149,2025-02,2,0.0,10.0,1.0,0.0,0,0
SUP0149,2025-03,1,0.0,6.0,1.0,0.0,0,0
SUP0149,2025-04,2,0.0,7.0,1.0,0.0,0,0
SUP0149,2025-06,2,0.0,6.0,1.0,0.0,0,0
SUP0149,2025-07,3,0.3333,5.0,0.8384,0.0,0,0
SUP0149,2025-08,2,0.0,11.0,0.5788,0.0,0,0
SUP0149,2025-09,6,0.0,9.5,0.9219,0.0,0,0
SUP0149,2025-10,2,0.0,4.5,1.0,0.0,0,0
SUP0149,2025-11,5,0.25,8.25,0.88,0.0,0,0
SUP0149,2025-12,1,,,,0.0,0,0
SUP0150,2023-01,1,0.0,5.0,1.0,0.0,0,0
SUP0150,2023-02,2,1.0,0.0,1.0,0.0,0,0
SUP0150,2023-03,2,0.0,4.0,1.0,0.0,0,0
SUP0150,2023-04,3,0.3333,3.67,1.0,0.0,0,0
SUP0150,2023-05,4,0.0,8.75,0.819,0.0,0,0
SUP0150,2023-06,1,0.0,4.0,1.0,0.0,0,0
SUP0150,2023-07,1,0.0,8.0,1.0,0.0,0,0
SUP0150,2023-08,3,0.3333,1.33,1.0,0.0,0,0
SUP0150,2023-09,1,0.0,3.0,1.0,0.0,0,0
SUP0150,2023-10,3,0.0,7.67,1.0,0.0,0,0
SUP0150,2023-11,1,0.0,7.0,1.0,0.0,0,0
SUP0150,2023-12,2,0.0,8.5,1.0,0.0,0,0
SUP0150,2024-01,3,0.0,7.0,1.0,0.0,0,0
SUP0150,2024-02,4,0.5,1.0,1.0,0.0,0,0
SUP0150,2024-03,4,0.0,8.25,1.0,0.0,0,0
SUP0150,2024-04,1,0.0,13.0,1.0,0.0,0,0
SUP0150,2024-05,1,0.0,1.0,1.0,0.0,0,0
SUP0150,2024-06,5,0.2,8.8,1.0,0.0,0,0
SUP0150,2024-07,2,0.0,11.5,1.0,0.0,0,0
SUP0150,2024-08,4,0.25,2.75,0.9088,0.0,0,0
SUP0150,2024-09,1,0.0,5.0,1.0,0.0,0,0
SUP0150,2024-10,1,0.0,6.0,1.0,0.0,0,0
SUP0150,2024-11,3,0.0,9.0,0.9322,0.0,0,0
SUP0150,2025-01,7,0.1429,4.86,0.947,0.0,0,0
SUP0150,2025-02,3,0.0,5.67,1.0,0.0,0,0
SUP0150,2025-03,2,0.5,3.5,1.0,0.0,0,0
SUP0150,2025-05,2,0.0,10.5,1.0,0.0,0,0
SUP0150,2025-06,4,0.5,1.0,1.0,0.0,0,0
SUP0150,2025-07,2,0.0,8.5,1.0,0.0,0,0
SUP0150,2025-08,1,0.0,5.0,1.0,0.0,0,0
SUP0150,2025-09,4,0.5,2.5,0.7932,0.0,0,0
SUP0150,2025-10,2,0.0,7.5,0.7141,0.0,0,0
SUP0150,2025-11,4,0.25,6.25,1.0,0.0,0,0
SUP0150,2025-12,6,0.0,10.5,0.6345,0.0,0,0
SUP0151,2023-01,20,0.95,-0.1,1.0,0.0,0,0
SUP0151,2023-02,19,0.8421,1.32,0.8983,1256.9,0,0
SUP0151,2023-03,23,0.7391,0.83,0.9996,0.0,0,0
SUP0151,2023-04,26,0.8846,-0.38,0.9492,4640.5,0,0
SUP0151,2023-05,34,0.6765,1.29,0.998,0.0,0,0
SUP0151,2023-06,35,0.9143,0.0,0.9993,0.0,0,0
SUP0151,2023-07,33,0.7273,1.42,0.9283,0.0,0,0
SUP0151,2023-08,29,0.6207,1.31,0.9336,468.1,0,0
SUP0151,2023-09,24,0.7917,0.5,0.9999,0.0,0,0
SUP0151,2023-10,23,0.7391,0.61,0.9715,0.0,0,0
SUP0151,2023-11,17,0.6471,1.24,0.9837,0.0,0,0
SUP0151,2023-12,26,0.9231,0.23,0.9962,0.0,0,0
SUP0151,2024-01,24,0.5,3.17,0.9966,0.0,0,0
SUP0151,2024-02,23,0.7391,0.74,0.9563,0.0,0,0
SUP0151,2024-03,29,0.8276,0.66,0.9661,3858.6,0,0
SUP0151,2024-04,23,0.5217,2.35,0.9327,0.0,0,0
SUP0151,2024-05,26,0.8846,0.92,1.0,0.0,0,0
SUP0151,2024-06,16,0.9375,0.38,1.0,0.0,0,0
SUP0151,2024-07,27,0.6667,1.85,0.9807,2084.1,0,0
SUP0151,2024-08,21,0.9048,0.1,0.9998,37848.1,0,0
SUP0151,2024-09,29,0.8966,1.07,1.0,159.3,0,0
SUP0151,2024-10,35,0.9143,0.17,0.9962,0.0,0,0
SUP0151,2024-11,26,0.8077,1.0,0.9482,12616.4,0,0
SUP0151,2024-12,25,0.8,0.96,0.9981,0.0,0,0
SUP0151,2025-01,25,0.8,0.64,1.0,0.0,0,0
SUP0151,2025-02,25,0.64,1.32,0.9653,0.0,2,1
SUP0151,2025-03,24,0.625,1.42,0.9985,9194.6,0,0
SUP0151,2025-04,22,0.5909,1.59,0.9992,0.0,0,0
SUP0151,2025-05,25,0.6,2.88,0.9934,0.0,0,0
SUP0151,2025-06,29,0.8621,0.21,0.9911,0.0,0,0
SUP0151,2025-07,23,0.6087,0.78,0.945,0.0,0,0
SUP0151,2025-08,31,0.7097,2.32,0.9962,2528.4,0,0
SUP0151,2025-09,20,0.85,0.85,0.9997,0.0,0,0
SUP0151,2025-10,28,0.6786,2.29,0.9224,0.0,0,0
SUP0151,2025-11,25,0.92,0.88,1.0,6946.7,2,0
SUP0151,2025-12,15,1.0,-0.83,1.0,4207.8,0,0
SUP0152,2023-02,2,0.5,-0.5,0.9929,0.0,0,0
SUP0152,2023-03,4,0.0,7.25,1.0,0.0,0,0
SUP0152,2023-04,3,0.3333,4.0,1.0,0.0,2,1
SUP0152,2023-05,6,0.5,1.83,0.9739,0.0,0,0
SUP0152,2023-06,4,0.25,8.75,1.0,0.0,0,0
SUP0152,2023-07,5,0.2,6.0,1.0,0.0,0,0
SUP0152,2023-08,5,1.0,0.0,1.0,0.0,0,0
SUP0152,2023-09,6,0.3333,4.67,1.0,0.0,0,0
SUP0152,2023-10,4,0.75,2.25,1.0,0.0,0,0
SUP0152,2023-11,11,0.3636,3.18,0.9951,0.0,0,0
SUP0152,2023-12,1,0.0,5.0,1.0,0.0,0,0
SUP0152,2024-01,3,0.6667,4.0,1.0,0.0,0,0
SUP0152,2024-02,7,0.4286,4.57,1.0,0.0,0,0
SUP0152,2024-03,2,0.0,3.5,1.0,0.0,0,0
SUP0152,2024-04,5,0.8,0.6,1.0,0.0,0,0
SUP0152,2024-05,6,0.6667,1.17,0.8227,40444.6,0,0
SUP0152,2024-06,2,0.5,3.0,0.5441,0.0,0,0
SUP0152,2024-07,7,0.4286,4.71,1.0,0.0,0,0
SUP0152,2024-08,5,0.8,-0.6,1.0,0.0,0,0
SUP0152,2024-09,8,0.375,3.25,0.8765,0.0,0,0
SUP0152,2024-10,7,0.2857,6.0,1.0,0.0,0,0
SUP0152,2024-11,4,0.75,2.5,1.0,0.0,0,0
SUP0152,2024-12,4,0.0,6.75,1.0,0.0,0,0
SUP0152,2025-01,6,0.5,1.5,0.7757,0.0,0,0
SUP0152,2025-02,7,0.8571,-0.14,1.0,0.0,0,0
SUP0152,2025-03,3,0.3333,2.33,0.9808,0.0,0,0
SUP0152,2025-04,1,1.0,0.0,1.0,0.0,0,0
SUP0152,2025-05,3,1.0,0.0,1.0,0.0,0,0
SUP0152,2025-06,6,0.3333,2.17,0.9951,0.0,0,0
SUP0152,2025-07,3,0.6667,3.67,1.0,0.0,0,0
SUP0152,2025-08,5,0.6,1.6,1.0,0.0,0,0
SUP0152,2025-09,4,0.75,-0.25,1.0,0.0,0,0
SUP0152,2025-10,5,0.6,0.8,1.0,0.0,0,0
SUP0152,2025-11,4,0.75,0.5,1.0,0.0,0,0
SUP0152,2025-12,3,1.0,-1.0,1.0,0.0,0,0
SUP0153,2023-01,13,0.6923,1.23,0.9282,0.0,0,0
SUP0153,2023-02,9,0.6667,2.22,0.9701,0.0,0,0
SUP0153,2023-03,14,0.7857,1.71,1.0,0.0,0,0
SUP0153,2023-04,14,0.8571,0.79,1.0,0.0,0,0
SUP0153,2023-05,14,0.7143,1.71,1.0,0.0,0,0
SUP0153,2023-06,16,0.5625,2.94,0.9964,24324.0,0,0
SUP0153,2023-07,7,0.8571,-0.14,0.8299,64296.9,0,0
SUP0153,2023-08,14,0.6429,1.0,1.0,590137.8,0,0
SUP0153,2023-09,11,0.6364,3.27,1.0,0.0,0,0
SUP0153,2023-10,10,0.0,7.2,1.0,0.0,1,0
SUP0153,2023-11,14,0.6429,0.36,0.9981,0.0,1,0
SUP0153,2023-12,16,0.625,1.56,1.0,0.0,0,0
SUP0153,2024-01,11,0.4545,2.55,1.0,0.0,0,0
SUP0153,2024-02,12,0.75,1.92,0.9923,0.0,0,0
SUP0153,2024-03,15,0.7333,0.87,0.9985,414852.1,0,0
SUP0153,2024-04,8,0.875,0.0,1.0,546010.7,0,0
SUP0153,2024-05,9,0.4444,2.67,0.9802,0.0,0,0
SUP0153,2024-06,11,0.7273,1.73,1.0,0.0,0,0
SUP0153,2024-07,8,0.75,0.75,0.919,0.0,0,0
SUP0153,2024-08,11,0.8182,1.09,1.0,43668.6,0,0
SUP0153,2024-09,10,0.8,1.6,1.0,0.0,0,0
SUP0153,2024-10,15,0.7333,0.27,1.0,0.0,0,0
SUP0153,2024-11,11,0.2727,2.64,0.9791,0.0,0,0
SUP0153,2024-12,19,0.7895,0.89,0.9788,0.0,0,0
SUP0153,2025-01,7,0.4286,1.0,0.8476,0.0,1,0
SUP0153,2025-02,14,0.5714,3.64,0.9807,2246.0,0,0
SUP0153,2025-03,16,0.5625,1.75,0.9637,0.0,0,0
SUP0153,2025-04,15,0.6667,1.8,1.0,0.0,0,0
SUP0153,2025-05,9,0.6667,2.67,1.0,0.0,0,0
SUP0153,2025-06,13,0.8462,0.23,1.0,0.0,0,0
SUP0153,2025-07,14,0.7143,2.07,1.0,871811.0,1,0
SUP0153,2025-08,10,0.8,0.9,1.0,2592.2,0,0
SUP0153,2025-09,11,0.7273,1.18,0.9684,0.0,0,0
SUP0153,2025-10,10,0.5,3.2,0.9964,20557.0,0,0
SUP0153,2025-11,10,0.6667,0.89,0.9939,0.0,0,0
SUP0153,2025-12,2,,,,0.0,0,0
SUP0154,2023-02,3,0.3333,6.0,1.0,0.0,0,0
SUP0154,2023-03,7,0.2857,5.71,0.9704,0.0,0,0
SUP0154,2023-05,1,0.0,9.0,1.0,0.0,0,0
SUP0154,2023-06,1,0.0,1.0,1.0,0.0,0,0
SUP0154,2023-08,2,0.0,9.0,1.0,0.0,0,0
SUP0154,2023-09,2,0.5,6.0,1.0,0.0,0,0
SUP0154,2023-10,3,0.3333,3.67,1.0,0.0,0,0
SUP0154,2023-11,3,0.0,7.67,1.0,0.0,0,0
SUP0154,2023-12,1,0.0,4.0,1.0,0.0,0,0
SUP0154,2024-01,3,0.0,5.67,0.8257,0.0,0,0
SUP0154,2024-02,3,0.3333,7.0,0.6574,0.0,0,0
SUP0154,2024-03,1,0.0,9.0,1.0,0.0,0,0
SUP0154,2024-04,3,0.0,6.33,1.0,0.0,0,0
SUP0154,2024-05,3,0.0,6.0,1.0,0.0,0,0
SUP0154,2024-06,2,0.5,3.0,1.0,0.0,0,0
SUP0154,2024-08,3,0.3333,0.67,1.0,0.0,0,0
SUP0154,2024-09,2,1.0,-3.0,1.0,0.0,0,0
SUP0154,2024-10,1,0.0,11.0,1.0,0.0,0,0
SUP0154,2024-12,3,0.0,11.0,1.0,0.0,0,0
SUP0154,2025-01,2,0.0,3.5,1.0,0.0,0,0
SUP0154,2025-02,3,0.6667,1.0,1.0,0.0,0,0
SUP0154,2025-03,4,0.0,7.75,0.9134,0.0,0,0
SUP0154,2025-04,3,0.0,3.33,1.0,0.0,0,0
SUP0154,2025-06,4,0.25,6.25,1.0,0.0,0,0
SUP0154,2025-08,2,0.5,2.5,1.0,0.0,0,0
SUP0154,2025-09,5,0.0,9.6,1.0,0.0,0,0
SUP0154,2025-10,2,0.5,1.0,1.0,0.0,0,0
SUP0154,2025-11,1,0.0,11.0,1.0,0.0,0,0
SUP0154,2025-12,2,,,,0.0,0,0
SUP0155,2023-02,1,0.0,1.0,1.0,0.0,0,0
SUP0155,2023-03,3,1.0,-2.0,1.0,0.0,0,0
SUP0155,2023-04,2,0.0,10.5,1.0,0.0,0,0
SUP0155,2023-05,2,0.0,4.5,1.0,0.0,0,0
SUP0155,2023-06,3,0.0,7.33,1.0,0.0,0,0
SUP0155,2023-07,5,0.4,1.8,1.0,0.0,0,0
SUP0155,2023-08,4,0.25,0.5,1.0,0.0,0,0
SUP0155,2023-09,1,1.0,-1.0,1.0,0.0,0,0
SUP0155,2023-10,2,0.0,5.0,1.0,0.0,0,0
SUP0155,2023-11,2,0.0,8.0,1.0,0.0,0,0
SUP0155,2023-12,2,0.0,7.5,0.6836,0.0,0,0
SUP0155,2024-02,2,0.5,2.0,1.0,0.0,0,0
SUP0155,2024-03,4,0.0,9.75,1.0,0.0,0,0
SUP0155,2024-04,6,0.1667,4.0,0.9878,0.0,0,0
SUP0155,2024-05,1,1.0,-3.0,1.0,0.0,0,0
SUP0155,2024-06,3,0.3333,4.0,1.0,0.0,0,0
SUP0155,2024-07,1,1.0,-3.0,1.0,0.0,0,0
SUP0155,2024-09,4,0.0,11.25,1.0,0.0,0,0
SUP0155,2024-10,2,0.0,4.0,1.0,0.0,0,0
SUP0155,2024-11,1,0.0,13.0,1.0,0.0,0,0
SUP0155,2024-12,2,0.0,7.0,1.0,0.0,0,0
SUP0155,2025-01,1,1.0,-3.0,1.0,0.0,0,0
SUP0155,2025-02,3,0.0,12.33,0.9514,0.0,0,0
SUP0155,2025-05,3,0.3333,3.67,0.9474,0.0,0,0
SUP0155,2025-06,2,0.0,5.0,1.0,0.0,0,0
SUP0155,2025-07,2,0.5,3.5,1.0,0.0,0,0
SUP0155,2025-08,3,0.3333,6.0,1.0,0.0,0,0
SUP0155,2025-09,3,0.3333,2.67,1.0,0.0,0,0
SUP0155,2025-10,4,0.5,3.0,1.0,0.0,0,0
SUP0155,2025-12,2,0.0,3.0,0.5516,0.0,0,0
SUP0156,2023-02,1,0.0,8.0,1.0,0.0,0,0
SUP0156,2023-03,1,0.0,9.0,1.0,0.0,0,0
SUP0156,2023-04,2,0.0,5.5,0.783,0.0,0,0
SUP0156,2023-05,2,0.5,1.5,1.0,0.0,0,0
SUP0156,2023-06,2,0.5,6.5,1.0,0.0,0,0
SUP0156,2023-07,1,0.0,6.0,1.0,0.0,0,0
SUP0156,2023-08,3,0.6667,-0.67,1.0,0.0,0,0
SUP0156,2023-09,4,0.0,10.5,1.0,0.0,0,0
SUP0156,2023-10,2,0.0,11.0,0.6858,0.0,0,0
SUP0156,2024-02,1,0.0,4.0,1.0,0.0,0,0
SUP0156,2024-03,1,0.0,12.0,1.0,0.0,0,0
SUP0156,2024-04,3,0.3333,4.33,1.0,0.0,0,0
SUP0156,2024-05,2,0.0,9.0,1.0,0.0,0,0
SUP0156,2024-06,1,0.0,2.0,1.0,0.0,0,0
SUP0156,2024-08,3,0.3333,2.0,1.0,0.0,0,0
SUP0156,2024-09,4,0.0,6.25,1.0,0.0,0,0
SUP0156,2024-10,1,1.0,-2.0,1.0,0.0,0,0
SUP0156,2024-12,3,0.0,8.33,1.0,0.0,0,0
SUP0156,2025-01,2,0.0,8.5,1.0,0.0,0,0
SUP0156,2025-02,3,0.0,10.33,1.0,0.0,0,0
SUP0156,2025-04,1,0.0,8.0,1.0,0.0,0,0
SUP0156,2025-06,1,1.0,-3.0,1.0,0.0,0,0
SUP0156,2025-07,1,0.0,5.0,1.0,0.0,0,0
SUP0156,2025-08,2,0.0,8.0,1.0,0.0,0,0
SUP0156,2025-09,3,0.0,5.67,1.0,0.0,0,0
SUP0156,2025-10,3,0.3333,8.33,0.8995,0.0,0,0
SUP0156,2025-11,4,0.25,8.5,1.0,0.0,0,0
SUP0156,2025-12,4,1.0,0.0,1.0,0.0,0,0
SUP0157,2023-01,4,0.5,6.75,1.0,0.0,0,0
SUP0157,2023-02,6,0.5,4.0,1.0,0.0,0,0
SUP0157,2023-03,12,0.5,2.08,0.9929,27054.5,0,0
SUP0157,2023-04,7,0.8571,-0.43,0.9804,32199.6,0,0
SUP0157,2023-05,13,0.6154,4.08,1.0,0.0,0,0
SUP0157,2023-06,10,0.6,2.3,0.9805,0.0,0,0
SUP0157,2023-07,8,0.75,1.88,1.0,0.0,0,0
SUP0157,2023-08,6,1.0,0.0,1.0,0.0,0,0
SUP0157,2023-09,12,0.5833,3.83,1.0,0.0,0,0
SUP0157,2023-10,9,0.3333,8.33,1.0,0.0,0,0
SUP0157,2023-11,12,0.75,2.42,1.0,54086.4,0,0
SUP0157,2023-12,11,0.6364,2.09,0.5822,0.0,0,0
SUP0157,2024-01,7,0.4286,1.57,0.9953,0.0,0,0
SUP0157,2024-02,11,0.5455,1.91,0.9971,0.0,0,0
SUP0157,2024-03,13,0.5385,2.62,0.9945,0.0,0,0
SUP0157,2024-04,11,0.8182,1.91,1.0,57629.2,0,0
SUP0157,2024-05,8,0.625,3.88,1.0,0.0,0,0
SUP0157,2024-06,8,0.625,5.5,0.9973,92288.8,2,0
SUP0157,2024-07,9,0.8889,1.22,1.0,28298.9,0,0
SUP0157,2024-08,15,0.4,3.4,0.949,0.0,0,0
SUP0157,2024-09,5,0.4,5.8,1.0,0.0,0,0
SUP0157,2024-10,7,0.5714,2.29,1.0,0.0,0,0
SUP0157,2024-11,15,0.7333,2.27,1.0,0.0,0,0
SUP0157,2024-12,4,0.75,0.25,1.0,0.0,0,0
SUP0157,2025-01,15,0.3333,3.07,0.9879,0.0,0,0
SUP0157,2025-02,5,1.0,0.0,1.0,0.0,0,0
SUP0157,2025-03,10,0.8,1.2,0.825,31092.9,0,0
SUP0157,2025-04,7,0.5714,4.86,1.0,0.0,0,0
SUP0157,2025-05,10,0.9,2.7,1.0,0.0,0,0
SUP0157,2025-06,6,0.3333,4.0,0.9911,0.0,0,0
SUP0157,2025-07,12,0.75,0.58,0.9739,0.0,0,0
SUP0157,2025-08,16,0.5625,3.62,0.9548,0.0,0,0
SUP0157,2025-09,8,0.625,4.62,1.0,0.0,0,0
SUP0157,2025-10,9,0.5556,3.67,1.0,0.0,0,0
SUP0157,2025-11,13,0.3846,4.38,1.0,44719.4,0,0
SUP0157,2025-12,10,0.5,1.0,1.0,0.0,0,0
SUP0158,2023-03,2,0.5,6.0,1.0,0.0,0,0
SUP0158,2023-05,4,0.25,6.75,1.0,0.0,0,0
SUP0158,2023-06,6,0.1667,3.33,0.9064,0.0,0,0
SUP0158,2023-07,2,0.5,2.5,1.0,0.0,0,0
SUP0158,2023-08,2,0.5,1.0,0.7916,0.0,0,0
SUP0158,2023-09,2,0.0,9.0,1.0,0.0,0,0
SUP0158,2023-10,5,0.2,6.0,1.0,0.0,0,0
SUP0158,2023-11,1,0.0,11.0,1.0,0.0,0,0
SUP0158,2023-12,2,0.5,5.5,1.0,0.0,0,0
SUP0158,2024-01,4,0.25,6.5,0.9762,0.0,0,0
SUP0158,2024-02,2,0.0,11.5,1.0,0.0,0,0
SUP0158,2024-04,3,0.3333,1.67,1.0,0.0,0,0
SUP0158,2024-05,5,0.0,4.0,0.8316,0.0,0,0
SUP0158,2024-06,2,0.0,6.0,1.0,0.0,0,0
SUP0158,2024-07,1,1.0,-3.0,1.0,0.0,0,0
SUP0158,2024-08,1,0.0,3.0,1.0,0.0,0,0
SUP0158,2024-09,2,0.5,1.5,1.0,0.0,0,0
SUP0158,2024-10,2,0.0,11.5,1.0,0.0,0,0
SUP0158,2024-12,1,0.0,5.0,1.0,0.0,0,0
SUP0158,2025-01,5,0.6,2.6,1.0,0.0,0,0
SUP0158,2025-02,4,0.0,7.75,1.0,0.0,0,0
SUP0158,2025-03,2,0.0,8.5,1.0,0.0,0,0
SUP0158,2025-04,1,0.0,4.0,1.0,0.0,0,0
SUP0158,2025-05,1,0.0,-1.0,0.7747,0.0,0,0
SUP0158,2025-06,2,0.5,3.5,1.0,0.0,0,0
SUP0158,2025-07,1,0.0,5.0,0.3086,0.0,0,0
SUP0158,2025-08,2,0.0,6.0,1.0,0.0,0,0
SUP0158,2025-09,2,0.0,11.5,1.0,0.0,0,0
SUP0158,2025-10,2,0.5,7.0,1.0,0.0,0,0
SUP0158,2025-11,2,0.5,5.5,1.0,0.0,0,0
SUP0158,2025-12,3,0.0,4.0,0.3873,0.0,0,0
SUP0159,2023-02,1,0.0,12.0,1.0,0.0,0,0
SUP0159,2023-03,2,0.0,5.5,1.0,0.0,0,0
SUP0159,2023-04,2,0.5,5.0,1.0,0.0,0,0
SUP0159,2023-05,4,0.5,5.5,1.0,0.0,0,0
SUP0159,2023-06,1,0.0,5.0,1.0,0.0,0,0
SUP0159,2023-07,1,0.0,7.0,1.0,0.0,0,0
SUP0159,2023-09,4,1.0,-0.75,1.0,0.0,0,0
SUP0159,2023-10,2,0.5,3.5,1.0,0.0,0,0
SUP0159,2023-11,2,0.0,7.0,0.8064,0.0,0,0
SUP0159,2023-12,1,0.0,13.0,1.0,0.0,0,0
SUP0159,2024-02,1,0.0,10.0,1.0,0.0,0,0
SUP0159,2024-03,6,0.0,9.0,1.0,0.0,0,0
SUP0159,2024-04,2,0.5,2.5,1.0,0.0,0,0
SUP0159,2024-05,1,0.0,9.0,1.0,0.0,0,0
SUP0159,2024-06,4,0.25,4.75,0.8186,0.0,0,0
SUP0159,2024-07,2,0.5,3.0,0.769,0.0,0,0
SUP0159,2024-08,2,0.0,9.0,1.0,0.0,0,0
SUP0159,2024-09,2,0.0,4.0,0.5239,0.0,0,0
SUP0159,2024-10,2,0.0,8.5,1.0,0.0,0,0
SUP0159,2024-11,4,0.25,4.5,1.0,0.0,0,0
SUP0159,2024-12,1,0.0,10.0,1.0,0.0,0,0
SUP0159,2025-01,1,0.0,11.0,1.0,0.0,0,0
SUP0159,2025-02,3,0.3333,4.33,1.0,0.0,0,0
SUP0159,2025-03,1,0.0,11.0,1.0,0.0,0,0
SUP0159,2025-05,2,0.0,12.5,1.0,0.0,0,0
SUP0159,2025-06,3,0.0,8.67,1.0,0.0,0,0
SUP0159,2025-07,3,0.3333,0.67,0.723,0.0,0,0
SUP0159,2025-08,2,0.0,8.5,1.0,0.0,0,0
SUP0159,2025-10,1,0.0,12.0,1.0,0.0,0,0
SUP0159,2025-11,3,0.0,8.67,1.0,0.0,0,0
SUP0159,2025-12,2,,,,0.0,0,0
SUP0160,2023-03,4,0.25,6.5,1.0,0.0,0,0
SUP0160,2023-05,3,0.3333,6.67,1.0,0.0,0,0
SUP0160,2023-06,3,0.0,12.0,1.0,0.0,0,0
SUP0160,2023-07,1,0.0,14.0,1.0,0.0,0,0
SUP0160,2023-08,1,0.0,6.0,1.0,0.0,0,0
SUP0160,2023-09,2,0.0,4.0,1.0,0.0,0,0
SUP0160,2023-11,2,0.0,10.5,1.0,0.0,0,0
SUP0160,2023-12,2,0.0,7.5,1.0,0.0,0,0
SUP0160,2024-01,1,1.0,0.0,1.0,0.0,0,0
SUP0160,2024-02,6,0.3333,4.17,1.0,0.0,0,0
SUP0160,2024-03,2,0.0,6.5,1.0,0.0,0,0
SUP0160,2024-04,1,0.0,5.0,1.0,0.0,0,0
SUP0160,2024-05,5,0.2,4.6,0.876,0.0,0,0
SUP0160,2024-06,1,0.0,1.0,1.0,0.0,0,0
SUP0160,2024-07,3,0.3333,5.0,1.0,0.0,0,0
SUP0160,2024-08,2,0.5,0.0,1.0,0.0,0,0
SUP0160,2024-09,2,0.0,2.0,0.9002,0.0,0,0
SUP0160,2024-10,3,0.3333,2.0,1.0,0.0,0,0
SUP0160,2024-12,1,0.0,11.0,1.0,0.0,0,0
SUP0160,2025-01,3,0.0,10.0,1.0,0.0,0,0
SUP0160,2025-03,2,0.0,6.0,1.0,0.0,0,0
SUP0160,2025-04,2,0.0,10.0,1.0,0.0,0,0
SUP0160,2025-05,4,0.25,7.75,1.0,0.0,0,0
SUP0160,2025-06,2,0.0,8.5,1.0,0.0,0,0
SUP0160,2025-07,2,0.0,10.0,1.0,0.0,0,0
SUP0160,2025-08,1,0.0,8.0,0.7591,0.0,0,0
SUP0160,2025-09,2,1.0,-2.5,1.0,0.0,0,0
SUP0160,2025-10,1,1.0,-3.0,1.0,0.0,0,0
SUP0160,2025-11,2,1.0,-3.0,1.0,0.0,0,0
SUP0160,2025-12,2,0.0,6.0,1.0,0.0,0,0
SUP0161,2023-02,2,0.5,5.5,1.0,0.0,0,0
SUP0161,2023-03,4,0.5,4.0,1.0,0.0,0,0
SUP0161,2023-04,9,1.0,-0.33,1.0,0.0,0,0
SUP0161,2023-05,10,1.0,0.0,1.0,0.0,0,0
SUP0161,2023-06,3,0.6667,3.67,1.0,107510.6,0,0
SUP0161,2023-07,3,0.6667,1.0,1.0,0.0,0,0
SUP0161,2023-08,12,0.75,2.42,1.0,0.0,0,0
SUP0161,2023-09,4,0.75,2.0,1.0,0.0,0,0
SUP0161,2023-10,9,0.7778,1.22,1.0,0.0,0,0
SUP0161,2023-11,6,0.6667,2.5,0.967,0.0,0,0
SUP0161,2023-12,4,0.5,5.5,1.0,0.0,0,0
SUP0161,2024-01,6,0.8333,1.0,1.0,0.0,0,0
SUP0161,2024-02,6,0.6667,3.0,1.0,1154514.8,0,0
SUP0161,2024-03,4,0.75,3.0,1.0,1060098.5,0,0
SUP0161,2024-04,7,1.0,-0.14,1.0,0.0,0,0
SUP0161,2024-05,4,0.5,1.25,1.0,0.0,0,0
SUP0161,2024-06,11,0.8182,0.73,1.0,99402.2,0,0
SUP0161,2024-07,8,0.375,5.75,0.9947,0.0,0,0
SUP0161,2024-08,8,1.0,-0.5,1.0,0.0,0,0
SUP0161,2024-09,6,0.6667,2.0,1.0,0.0,0,0
SUP0161,2024-10,6,0.8333,1.33,1.0,0.0,0,0
SUP0161,2024-11,6,0.5,6.17,1.0,0.0,0,0
SUP0161,2024-12,7,1.0,-0.14,1.0,0.0,0,0
SUP0161,2025-01,4,0.75,1.75,1.0,0.0,0,0
SUP0161,2025-02,12,0.4167,4.58,0.9573,0.0,0,0
SUP0161,2025-03,8,0.5,1.38,0.996,0.0,0,0
SUP0161,2025-04,7,0.5714,2.71,1.0,0.0,0,0
SUP0161,2025-05,8,0.625,2.88,1.0,0.0,0,0
SUP0161,2025-06,5,0.6,5.4,1.0,0.0,0,0
SUP0161,2025-07,7,0.7143,3.0,1.0,0.0,0,0
SUP0161,2025-08,9,0.5556,3.44,1.0,497348.3,0,0
SUP0161,2025-09,7,0.4286,3.43,1.0,0.0,0,0
SUP0161,2025-10,9,0.7778,1.78,1.0,0.0,0,0
SUP0161,2025-11,8,0.625,2.88,1.0,0.0,0,0
SUP0161,2025-12,11,0.6667,0.11,0.987,124136.0,0,0
SUP0162,2023-02,1,0.0,10.0,1.0,0.0,0,0
SUP0162,2023-03,2,0.0,10.5,1.0,0.0,0,0
SUP0162,2023-04,1,0.0,2.0,1.0,0.0,0,0
SUP0162,2023-05,1,0.0,12.0,1.0,0.0,0,0
SUP0162,2023-07,2,0.5,3.5,1.0,0.0,0,0
SUP0162,2023-08,3,0.3333,8.33,1.0,0.0,0,0
SUP0162,2023-09,2,0.0,6.0,1.0,0.0,0,0
SUP0162,2023-10,4,0.5,1.25,1.0,0.0,0,0
SUP0162,2023-12,4,0.25,6.0,0.6993,0.0,0,0
SUP0162,2024-01,1,0.0,8.0,1.0,0.0,0,0
SUP0162,2024-02,4,0.25,5.75,1.0,0.0,0,0
SUP0162,2024-03,2,0.0,3.5,0.9016,0.0,0,0
SUP0162,2024-04,1,0.0,7.0,1.0,0.0,0,0
SUP0162,2024-05,1,0.0,4.0,1.0,0.0,0,0
SUP0162,2024-07,4,0.5,2.5,1.0,0.0,0,0
SUP0162,2024-08,2,0.0,5.0,0.7039,0.0,0,0
SUP0162,2024-10,2,0.5,5.5,1.0,0.0,0,0
SUP0162,2024-11,1,0.0,2.0,1.0,0.0,0,0
SUP0162,2024-12,1,0.0,2.0,1.0,0.0,0,0
SUP0162,2025-01,5,0.2,6.2,1.0,0.0,0,0
SUP0162,2025-03,2,0.5,4.0,1.0,0.0,0,0
SUP0162,2025-04,2,0.0,9.0,1.0,0.0,0,0
SUP0162,2025-06,3,0.0,9.33,1.0,0.0,0,0
SUP0162,2025-07,1,0.0,2.0,1.0,0.0,0,0
SUP0162,2025-08,4,0.25,3.75,1.0,0.0,0,0
SUP0162,2025-10,1,0.0,10.0,1.0,0.0,0,0
SUP0162,2025-11,3,0.0,9.67,1.0,0.0,0,0
SUP0162,2025-12,5,0.0,5.0,1.0,0.0,0,0
SUP0163,2023-03,3,0.6667,2.33,1.0,0.0,0,0
SUP0163,2023-05,2,0.5,5.0,0.7858,0.0,0,0
SUP0163,2023-06,1,0.0,11.0,1.0,0.0,0,0
SUP0163,2023-07,1,0.0,1.0,1.0,0.0,0,0
SUP0163,2023-08,3,0.0,7.67,0.8567,0.0,0,0
SUP0163,2023-09,3,0.3333,3.67,1.0,0.0,0,0
SUP0163,2023-11,1,1.0,-2.0,1.0,0.0,0,0
SUP0163,2023-12,1,0.0,3.0,1.0,0.0,0,0
SUP0163,2024-01,1,0.0,4.0,1.0,0.0,0,0
SUP0163,2024-03,2,0.5,0.5,1.0,0.0,0,0
SUP0163,2024-04,5,0.4,2.8,1.0,0.0,0,0
SUP0163,2024-05,4,0.0,5.0,0.8355,0.0,0,0
SUP0163,2024-06,3,0.3333,5.0,1.0,0.0,0,0
SUP0163,2024-07,1,0.0,3.0,1.0,0.0,0,0
SUP0163,2024-08,2,0.0,13.0,1.0,0.0,0,0
SUP0163,2024-09,2,0.5,6.5,1.0,0.0,0,0
SUP0163,2024-10,3,0.3333,5.33,1.0,0.0,0,0
SUP0163,2024-11,4,0.0,6.0,0.6778,0.0,0,0
SUP0163,2024-12,2,0.0,9.0,0.9074,0.0,0,0
SUP0163,2025-01,2,0.5,0.5,1.0,0.0,0,0
SUP0163,2025-02,1,0.0,2.0,1.0,0.0,0,0
SUP0163,2025-03,6,0.1667,7.67,1.0,0.0,0,0
SUP0163,2025-04,4,0.25,2.5,1.0,0.0,0,0
SUP0163,2025-05,2,0.0,10.5,1.0,0.0,0,0
SUP0163,2025-06,1,1.0,-3.0,1.0,0.0,0,0
SUP0163,2025-07,1,0.0,4.0,1.0,0.0,0,0
SUP0163,2025-08,1,0.0,8.0,1.0,0.0,0,0
SUP0163,2025-09,1,0.0,3.0,1.0,0.0,0,0
SUP0163,2025-10,2,0.5,3.5,1.0,0.0,0,0
SUP0163,2025-12,6,0.3333,4.33,1.0,0.0,0,0
SUP0164,2023-01,7,0.7143,-0.71,0.8386,0.0,0,0
SUP0164,2023-02,9,0.8889,0.0,0.9774,0.0,0,0
SUP0164,2023-03,20,0.85,0.6,0.9948,0.0,0,0
SUP0164,2023-04,17,0.8235,0.82,0.9988,0.0,2,0
SUP0164,2023-05,15,0.8667,1.2,1.0,0.0,0,0
SUP0164,2023-06,15,0.6,2.93,0.9649,0.0,0,0
SUP0164,2023-07,27,0.4074,3.78,0.986,0.0,0,0
SUP0164,2023-08,20,0.9,0.65,1.0,63172.5,0,0
SUP0164,2023-09,15,0.4667,2.93,1.0,0.0,0,0
SUP0164,2023-10,20,0.55,5.35,1.0,0.0,0,0
SUP0164,2023-11,15,0.8,0.6,0.9765,0.0,0,0
SUP0164,2023-12,17,0.6471,3.41,0.9827,93618.3,0,0
SUP0164,2024-01,16,0.875,1.31,1.0,0.0,1,0
SUP0164,2024-02,17,0.7647,0.88,1.0,0.0,1,0
SUP0164,2024-03,13,0.7692,2.92,1.0,0.0,0,0
SUP0164,2024-04,22,0.7727,2.5,0.9942,0.0,1,1
SUP0164,2024-05,19,0.7368,1.05,0.9995,0.0,0,0
SUP0164,2024-06,15,0.9333,0.27,1.0,0.0,0,0
SUP0164,2024-07,8,0.625,2.38,1.0,0.0,0,0
SUP0164,2024-08,18,0.8333,1.44,0.9467,242246.7,2,0
SUP0164,2024-09,15,0.9333,-0.13,0.9922,0.0,0,0
SUP0164,2024-10,23,0.8696,0.74,0.868,0.0,0,0
SUP0164,2024-11,15,0.7333,1.93,1.0,0.0,0,0
SUP0164,2024-12,20,0.65,3.55,1.0,0.0,0,0
SUP0164,2025-01,16,0.8125,0.44,1.0,53971.3,2,1
SUP0164,2025-02,16,0.4375,5.25,0.9616,16770.7,0,0
SUP0164,2025-03,17,0.8824,1.12,1.0,0.0,0,0
SUP0164,2025-04,18,0.8333,0.83,0.9995,0.0,0,0
SUP0164,2025-05,17,0.8235,1.53,1.0,0.0,0,0
SUP0164,2025-06,17,0.7059,2.0,0.9976,0.0,0,0
SUP0164,2025-07,21,0.7619,0.71,0.8522,0.0,0,0
SUP0164,2025-08,18,0.5556,5.11,1.0,0.0,0,0
SUP0164,2025-09,21,0.8571,0.67,1.0,0.0,0,0
SUP0164,2025-10,17,0.7059,1.65,0.9802,0.0,0,0
SUP0164,2025-11,17,0.7647,1.71,1.0,14810.4,0,0
SUP0164,2025-12,16,0.8667,0.4,1.0,0.0,0,0
SUP0165,2023-02,4,0.0,3.0,0.7605,0.0,0,0
SUP0165,2023-03,1,0.0,3.0,1.0,0.0,0,0
SUP0165,2023-04,2,0.0,10.5,1.0,0.0,0,0
SUP0165,2023-05,3,0.3333,4.0,1.0,0.0,0,0
SUP0165,2023-06,1,0.0,14.0,1.0,0.0,0,0
SUP0165,2023-07,4,0.25,7.75,1.0,0.0,0,0
SUP0165,2023-08,1,0.0,14.0,1.0,0.0,0,0
SUP0165,2023-10,1,0.0,10.0,1.0,0.0,0,0
SUP0165,2023-11,3,0.3333,4.67,1.0,0.0,0,0
SUP0165,2023-12,1,1.0,0.0,1.0,0.0,0,0
SUP0165,2024-01,1,0.0,8.0,1.0,0.0,0,0
SUP0165,2024-02,1,0.0,2.0,1.0,0.0,0,0
SUP0165,2024-03,3,0.0,6.0,0.8296,0.0,0,0
SUP0165,2024-04,4,0.25,2.75,1.0,0.0,0,0
SUP0165,2024-05,2,0.0,8.5,1.0,0.0,0,0
SUP0165,2024-06,2,0.0,4.5,1.0,0.0,0,0
SUP0165,2024-07,1,0.0,5.0,1.0,0.0,0,0
SUP0165,2024-08,3,0.6667,1.67,1.0,0.0,0,0
SUP0165,2024-09,2,0.0,3.0,1.0,0.0,0,0
SUP0165,2024-10,2,0.0,3.0,1.0,0.0,0,0
SUP0165,2024-11,3,0.3333,2.0,0.9316,0.0,0,0
SUP0165,2024-12,2,0.5,4.5,1.0,0.0,0,0
SUP0165,2025-01,3,0.0,11.67,1.0,0.0,0,0
SUP0165,2025-02,1,0.0,8.0,1.0,0.0,0,0
SUP0165,2025-03,2,0.0,6.0,1.0,0.0,0,0
SUP0165,2025-04,3,0.6667,-1.0,1.0,0.0,0,0
SUP0165,2025-05,1,0.0,8.0,1.0,0.0,0,0
SUP0165,2025-06,4,0.0,4.5,0.7004,0.0,0,0
SUP0165,2025-07,4,0.25,2.5,1.0,0.0,0,0
SUP0165,2025-08,1,0.0,12.0,1.0,0.0,0,0
SUP0165,2025-09,1,1.0,-3.0,1.0,0.0,0,0
SUP0165,2025-10,1,0.0,11.0,1.0,0.0,0,0
SUP0166,2023-01,1,1.0,-3.0,1.0,0.0,0,0
SUP0166,2023-02,1,0.0,4.0,1.0,0.0,0,0
SUP0166,2023-05,3,0.0,8.0,1.0,0.0,0,0
SUP0166,2023-06,1,0.0,7.0,1.0,0.0,0,0
SUP0166,2023-07,1,0.0,5.0,1.0,0.0,0,0
SUP0166,2023-08,1,1.0,0.0,1.0,0.0,0,0
SUP0166,2023-09,3,0.3333,3.33,1.0,0.0,0,0
SUP0166,2023-10,1,1.0,0.0,1.0,0.0,0,0
SUP0166,2024-02,4,0.25,3.25,1.0,0.0,0,0
SUP0166,2024-03,2,0.5,4.0,1.0,0.0,0,0
SUP0166,2024-04,1,0.0,10.0,1.0,0.0,0,0
SUP0166,2024-05,1,0.0,1.0,1.0,0.0,0,0
SUP0166,2024-06,2,0.0,1.0,0.6603,0.0,0,0
SUP0166,2024-07,1,0.0,2.0,1.0,0.0,0,0
SUP0166,2024-08,1,0.0,2.0,1.0,0.0,0,0
SUP0166,2024-09,3,0.3333,7.33,1.0,0.0,0,0
SUP0166,2024-11,3,0.3333,4.67,1.0,0.0,0,0
SUP0166,2024-12,1,0.0,5.0,1.0,0.0,0,0
SUP0166,2025-01,4,0.25,2.5,1.0,0.0,0,0
SUP0166,2025-02,2,0.5,5.5,1.0,0.0,0,0
SUP0166,2025-03,3,0.0,3.67,0.7433,0.0,0,0
SUP0166,2025-04,3,0.0,5.0,1.0,0.0,0,0
SUP0166,2025-05,2,0.0,5.5,0.7613,0.0,0,0
SUP0166,2025-06,5,0.2,5.2,0.9911,0.0,0,0
SUP0166,2025-08,1,0.0,1.0,1.0,0.0,0,0
SUP0166,2025-09,1,0.0,11.0,1.0,0.0,0,0
SUP0166,2025-10,2,0.0,10.0,0.8935,0.0,0,0
SUP0166,2025-11,3,0.0,6.67,1.0,0.0,0,0
SUP0166,2025-12,1,,,,0.0,0,0
SUP0167,2023-01,2,0.0,8.0,1.0,0.0,0,0
SUP0167,2023-02,3,0.0,5.33,1.0,0.0,0,0
SUP0167,2023-03,2,0.0,2.0,0.6062,0.0,0,0
SUP0167,2023-04,4,0.75,2.0,1.0,0.0,0,0
SUP0167,2023-05,2,0.0,9.0,1.0,0.0,0,0
SUP0167,2023-07,3,0.3333,8.67,1.0,0.0,0,0
SUP0167,2023-09,1,0.0,-2.0,0.5965,0.0,0,0
SUP0167,2023-10,2,0.0,8.5,1.0,0.0,0,0
SUP0167,2023-11,2,0.5,3.5,1.0,0.0,0,0
SUP0167,2023-12,6,0.1667,3.5,0.916,0.0,0,0
SUP0167,2024-01,4,0.5,5.75,1.0,0.0,0,0
SUP0167,2024-02,2,0.5,4.0,1.0,0.0,0,0
SUP0167,2024-03,3,0.3333,5.0,1.0,0.0,0,0
SUP0167,2024-04,1,0.0,9.0,1.0,0.0,0,0
SUP0167,2024-06,3,0.0,7.0,1.0,0.0,0,0
SUP0167,2024-07,1,0.0,2.0,1.0,0.0,0,0
SUP0167,2024-08,2,0.0,8.5,0.8505,0.0,0,0
SUP0167,2024-09,1,0.0,2.0,0.3369,0.0,0,0
SUP0167,2024-10,3,0.3333,8.33,1.0,0.0,0,0
SUP0167,2024-12,1,1.0,-3.0,1.0,0.0,0,0
SUP0167,2025-01,4,0.75,-0.5,1.0,0.0,0,0
SUP0167,2025-02,2,0.0,1.0,1.0,0.0,0,0
SUP0167,2025-03,3,0.3333,9.33,1.0,0.0,0,0
SUP0167,2025-04,5,0.2,5.2,1.0,0.0,0,0
SUP0167,2025-05,2,0.5,3.5,1.0,0.0,0,0
SUP0167,2025-06,2,0.5,2.5,1.0,0.0,0,0
SUP0167,2025-07,2,0.5,3.5,1.0,0.0,0,0
SUP0167,2025-08,2,0.5,5.5,1.0,0.0,0,0
SUP0167,2025-09,2,1.0,-1.5,1.0,0.0,0,0
SUP0167,2025-10,3,0.0,11.33,1.0,0.0,0,0
SUP0167,2025-11,3,0.3333,7.33,0.7832,0.0,0,0
SUP0167,2025-12,2,,,,0.0,0,0
SUP0168,2023-03,7,0.5714,1.14,0.8295,0.0,2,2
SUP0168,2023-04,7,0.2857,5.71,0.9652,220886.7,0,0
SUP0168,2023-05,7,0.8571,1.14,1.0,0.0,0,0
SUP0168,2023-06,4,1.0,-0.75,1.0,0.0,0,0
SUP0168,2023-07,9,0.4444,4.78,0.868,0.0,0,0
SUP0168,2023-08,6,0.3333,5.67,1.0,0.0,0,0
SUP0168,2023-09,6,0.6667,0.5,0.9982,0.0,0,0
SUP0168,2023-10,3,1.0,0.0,1.0,0.0,0,0
SUP0168,2023-11,5,0.8,1.4,1.0,0.0,0,0
SUP0168,2023-12,5,0.6,0.6,0.8316,0.0,0,0
SUP0168,2024-01,1,1.0,0.0,1.0,0.0,0,0
SUP0168,2024-02,3,0.3333,6.0,1.0,2030653.3,0,0
SUP0168,2024-03,10,0.4,4.9,1.0,0.0,0,0
SUP0168,2024-04,9,0.6667,2.11,1.0,0.0,0,0
SUP0168,2024-05,5,0.2,7.2,1.0,0.0,0,0
SUP0168,2024-06,1,1.0,-1.0,1.0,0.0,0,0
SUP0168,2024-07,7,0.7143,0.43,0.7871,0.0,0,0
SUP0168,2024-08,10,0.7,1.1,0.9964,0.0,0,0
SUP0168,2024-09,11,0.7273,2.27,1.0,0.0,0,0
SUP0168,2024-10,3,1.0,0.0,1.0,0.0,0,0
SUP0168,2024-11,13,0.7692,3.77,1.0,0.0,0,0
SUP0168,2024-12,2,1.0,-1.0,1.0,0.0,0,0
SUP0168,2025-01,4,0.5,1.25,1.0,0.0,0,0
SUP0168,2025-02,6,0.8333,-0.17,0.4768,290534.6,0,0
SUP0168,2025-03,2,0.5,0.5,1.0,0.0,0,0
SUP0168,2025-04,5,0.8,1.2,1.0,0.0,0,0
SUP0168,2025-05,6,0.8333,2.17,1.0,0.0,0,0
SUP0168,2025-06,7,0.5714,3.14,1.0,144451.4,0,0
SUP0168,2025-07,5,0.8,1.6,1.0,0.0,0,0
SUP0168,2025-08,7,0.2857,5.43,0.9148,0.0,0,0
SUP0168,2025-09,5,1.0,-1.0,1.0,0.0,0,0
SUP0168,2025-10,4,0.75,1.25,1.0,0.0,0,0
SUP0168,2025-11,4,0.25,5.5,1.0,0.0,0,0
SUP0168,2025-12,7,0.3333,3.33,0.9883,0.0,0,0
SUP0169,2023-03,1,0.0,4.0,1.0,0.0,0,0
SUP0169,2023-04,1,1.0,-2.0,1.0,0.0,0,0
SUP0169,2023-05,2,0.5,3.0,1.0,0.0,0,0
SUP0169,2023-06,2,0.0,8.0,1.0,0.0,0,0
SUP0169,2023-07,4,0.0,7.25,1.0,0.0,0,0
SUP0169,2023-08,6,0.1667,6.33,1.0,0.0,0,0
SUP0169,2023-09,2,0.0,9.0,1.0,0.0,0,0
SUP0169,2023-10,2,0.5,0.0,0.5718,0.0,0,0
SUP0169,2023-11,2,0.5,3.0,1.0,0.0,0,0
SUP0169,2023-12,2,0.0,8.5,1.0,0.0,0,0
SUP0169,2024-01,1,0.0,12.0,1.0,0.0,0,0
SUP0169,2024-02,3,0.0,6.33,1.0,0.0,0,0
SUP0169,2024-04,1,0.0,9.0,1.0,0.0,0,0
SUP0169,2024-05,2,1.0,-0.5,1.0,0.0,0,0
SUP0169,2024-06,1,0.0,9.0,1.0,0.0,0,0
SUP0169,2024-07,4,0.0,6.25,1.0,0.0,0,0
SUP0169,2024-08,2,0.0,6.5,1.0,0.0,0,0
SUP0169,2024-09,2,0.5,5.0,1.0,0.0,0,0
SUP0169,2024-11,1,0.0,8.0,1.0,0.0,0,0
SUP0169,2024-12,3,0.3333,5.33,1.0,0.0,0,0
SUP0169,2025-01,2,0.0,7.0,1.0,0.0,0,0
SUP0169,2025-02,4,0.25,5.0,1.0,0.0,0,0
SUP0169,2025-03,1,0.0,9.0,1.0,0.0,0,0
SUP0169,2025-04,2,0.0,5.0,1.0,0.0,0,0
SUP0169,2025-05,2,0.0,4.5,1.0,0.0,0,0
SUP0169,2025-06,3,0.0,10.67,1.0,0.0,0,0
SUP0169,2025-07,1,0.0,7.0,0.1988,0.0,0,0
SUP0169,2025-08,2,0.0,4.5,1.0,0.0,0,0
SUP0169,2025-09,3,0.0,4.67,1.0,0.0,0,0
SUP0169,2025-10,1,0.0,12.0,1.0,0.0,0,0
SUP0169,2025-11,1,0.0,10.0,1.0,0.0,0,0
SUP0169,2025-12,5,0.5,-1.5,0.6574,0.0,0,0
SUP0170,2023-01,10,0.3,6.2,1.0,372067.9,1,0
SUP0170,2023-02,12,0.4167,4.83,1.0,0.0,0,0
SUP0170,2023-03,11,0.7273,0.91,0.984,0.0,0,0
SUP0170,2023-04,14,0.6429,2.21,1.0,0.0,0,0
SUP0170,2023-05,9,0.7778,1.0,1.0,0.0,0,0
SUP0170,2023-06,16,0.8125,0.44,0.977,0.0,0,0
SUP0170,2023-07,12,0.5,2.33,0.9784,0.0,0,0
SUP0170,2023-08,10,0.8,0.3,1.0,0.0,0,0
SUP0170,2023-09,16,0.875,0.44,1.0,0.0,0,0
SUP0170,2023-10,10,0.7,1.6,0.9535,0.0,0,0
SUP0170,2023-11,11,0.5455,3.82,1.0,0.0,0,0
SUP0170,2023-12,17,0.6471,2.35,1.0,0.0,0,0
SUP0170,2024-01,11,0.7273,1.36,1.0,0.0,0,0
SUP0170,2024-02,12,0.9167,0.33,1.0,0.0,0,0
SUP0170,2024-03,15,0.6667,1.27,0.9922,0.0,0,0
SUP0170,2024-04,12,0.75,1.67,0.995,0.0,0,0
SUP0170,2024-05,15,0.8,0.47,1.0,0.0,0,0
SUP0170,2024-06,16,0.75,2.12,0.9849,0.0,0,0
SUP0170,2024-07,18,0.6667,1.83,0.9734,0.0,0,0
SUP0170,2024-08,10,0.8,1.2,1.0,0.0,0,0
SUP0170,2024-09,9,1.0,-0.78,1.0,0.0,0,0
SUP0170,2024-10,13,0.6923,1.54,1.0,0.0,0,0
SUP0170,2024-11,17,0.8824,0.12,0.9755,0.0,0,0
SUP0170,2024-12,12,0.5,1.5,1.0,0.0,0,0
SUP0170,2025-01,15,0.7333,2.6,1.0,0.0,0,0
SUP0170,2025-02,7,0.8571,1.29,1.0,0.0,0,0
SUP0170,2025-03,10,0.7,2.9,0.9496,0.0,0,0
SUP0170,2025-04,12,0.5833,1.67,1.0,0.0,0,0
SUP0170,2025-05,14,1.0,0.0,1.0,0.0,0,0
SUP0170,2025-06,14,0.6429,2.36,0.9506,0.0,0,0
SUP0170,2025-07,15,0.7333,1.4,0.9744,0.0,0,0
SUP0170,2025-08,15,0.7333,1.47,0.9728,0.0,0,0
SUP0170,2025-09,13,1.0,-0.62,1.0,0.0,0,0
SUP0170,2025-10,9,1.0,-0.22,1.0,0.0,0,0
SUP0170,2025-11,19,0.7368,1.21,0.9399,0.0,0,0
SUP0170,2025-12,11,1.0,-0.22,1.0,0.0,0,0
SUP0171,2023-01,4,0.75,5.75,1.0,0.0,0,0
SUP0171,2023-02,4,0.75,1.0,1.0,0.0,0,0
SUP0171,2023-03,9,0.4444,3.11,1.0,0.0,0,0
SUP0171,2023-04,12,0.8333,0.83,1.0,0.0,0,0
SUP0171,2023-05,9,0.4444,1.56,0.9075,0.0,0,0
SUP0171,2023-06,10,0.6,2.2,0.9175,0.0,0,0
SUP0171,2023-07,11,0.5455,4.45,1.0,0.0,0,0
SUP0171,2023-08,15,0.8,1.47,1.0,22169.7,0,0
SUP0171,2023-09,8,0.75,-0.25,0.9626,0.0,0,0
SUP0171,2023-10,11,0.5455,3.36,1.0,0.0,0,0
SUP0171,2023-11,8,0.625,4.0,1.0,0.0,0,0
SUP0171,2023-12,10,0.8,1.1,1.0,0.0,0,0
SUP0171,2024-01,9,0.6667,2.44,1.0,0.0,0,0
SUP0171,2024-02,9,0.5556,0.56,0.95,0.0,0,0
SUP0171,2024-03,15,0.6667,2.33,0.9127,0.0,0,0
SUP0171,2024-04,10,0.7,1.5,1.0,0.0,0,0
SUP0171,2024-05,16,0.6875,1.38,0.9919,21002.6,0,0
SUP0171,2024-06,8,0.75,1.62,1.0,0.0,0,0
SUP0171,2024-07,7,0.5714,1.57,0.9125,0.0,0,0
SUP0171,2024-08,10,0.6,5.3,0.9739,0.0,0,0
SUP0171,2024-09,8,0.625,4.5,1.0,0.0,0,0
SUP0171,2024-10,9,0.6667,2.56,1.0,0.0,0,0
SUP0171,2024-11,7,0.2857,4.29,1.0,0.0,0,0
SUP0171,2024-12,12,0.5,5.33,0.9863,59740.3,0,0
SUP0171,2025-01,11,0.8182,0.55,1.0,15124.7,0,0
SUP0171,2025-02,7,0.5714,3.86,0.9314,0.0,0,0
SUP0171,2025-03,9,0.5556,2.78,0.9034,0.0,0,0
SUP0171,2025-04,6,0.5,4.83,0.9744,0.0,0,0
SUP0171,2025-05,14,0.7143,1.86,1.0,47355.9,0,0
SUP0171,2025-06,7,0.4286,2.57,1.0,0.0,0,0
SUP0171,2025-07,6,0.8333,0.83,0.964,0.0,0,0
SUP0171,2025-08,9,0.6667,3.78,1.0,0.0,0,0
SUP0171,2025-09,10,0.9,-0.5,1.0,0.0,0,0
SUP0171,2025-10,13,0.9231,0.69,1.0,0.0,0,0
SUP0171,2025-11,7,0.5714,0.57,0.8989,0.0,0,0
SUP0171,2025-12,9,0.6667,0.67,1.0,0.0,0,0
SUP0172,2023-02,2,0.0,3.0,1.0,0.0,0,0
SUP0172,2023-03,2,0.5,1.0,1.0,0.0,0,0
SUP0172,2023-04,3,0.6667,1.67,1.0,0.0,0,0
SUP0172,2023-05,2,0.5,7.0,1.0,0.0,0,0
SUP0172,2023-06,3,0.0,9.67,0.7974,0.0,0,0
SUP0172,2023-07,1,0.0,8.0,1.0,0.0,0,0
SUP0172,2023-08,2,0.5,1.0,1.0,0.0,0,0
SUP0172,2023-09,1,0.0,7.0,1.0,0.0,0,0
SUP0172,2023-10,1,1.0,0.0,1.0,0.0,0,0
SUP0172,2023-11,3,0.3333,7.0,1.0,0.0,0,0
SUP0172,2023-12,1,1.0,-2.0,1.0,0.0,0,0
SUP0172,2024-03,1,0.0,2.0,1.0,0.0,0,0
SUP0172,2024-04,2,0.0,7.5,1.0,0.0,0,0
SUP0172,2024-05,5,0.8,-0.4,1.0,0.0,0,0
SUP0172,2024-06,2,0.0,11.5,1.0,0.0,0,0
SUP0172,2024-07,4,0.25,6.75,1.0,0.0,0,0
SUP0172,2024-08,2,0.0,6.5,1.0,0.0,0,0
SUP0172,2024-09,4,0.25,8.25,1.0,0.0,0,0
SUP0172,2024-10,1,0.0,13.0,1.0,0.0,0,0
SUP0172,2024-11,3,0.6667,3.0,1.0,0.0,0,0
SUP0172,2024-12,3,0.0,6.33,1.0,0.0,0,0
SUP0172,2025-02,3,0.0,5.67,1.0,0.0,0,0
SUP0172,2025-04,3,0.0,3.33,1.0,0.0,0,0
SUP0172,2025-05,1,1.0,-1.0,1.0,0.0,0,0
SUP0172,2025-06,1,0.0,14.0,1.0,0.0,0,0
SUP0172,2025-07,1,0.0,5.0,1.0,0.0,0,0
SUP0172,2025-08,3,0.0,7.33,0.9474,0.0,0,0
SUP0172,2025-09,3,0.0,6.67,1.0,0.0,0,0
SUP0172,2025-10,3,0.3333,4.0,1.0,0.0,0,0
SUP0172,2025-11,1,0.0,5.0,1.0,0.0,0,0
SUP0172,2025-12,4,1.0,-3.0,1.0,0.0,0,0
SUP0173,2023-02,1,0.0,7.0,1.0,0.0,0,0
SUP0173,2023-03,4,0.0,5.0,0.774,0.0,0,0
SUP0173,2023-04,1,0.0,6.0,1.0,0.0,0,0
SUP0173,2023-05,5,0.2,9.4,0.9453,0.0,0,0
SUP0173,2023-06,3,0.3333,-0.33,0.8544,0.0,0,0
SUP0173,2023-07,2,1.0,-1.5,1.0,0.0,0,0
SUP0173,2023-08,4,0.0,5.0,1.0,0.0,0,0
SUP0173,2023-09,2,0.5,5.5,1.0,0.0,0,0
SUP0173,2023-10,3,0.0,9.33,1.0,0.0,0,0
SUP0173,2023-11,1,0.0,2.0,1.0,0.0,0,0
SUP0173,2023-12,4,0.0,4.0,0.3639,0.0,0,0
SUP0173,2024-01,4,0.5,0.75,1.0,0.0,0,0
SUP0173,2024-03,1,1.0,-3.0,1.0,0.0,0,0
SUP0173,2024-04,2,0.0,8.0,1.0,0.0,0,0
SUP0173,2024-05,3,0.0,5.67,1.0,0.0,0,0
SUP0173,2024-07,3,0.0,7.0,1.0,0.0,0,0
SUP0173,2024-08,2,0.0,5.5,0.7961,0.0,0,0
SUP0173,2024-09,2,0.0,5.0,0.9464,0.0,0,0
SUP0173,2024-10,3,0.3333,4.0,1.0,0.0,0,0
SUP0173,2024-11,1,1.0,-1.0,1.0,0.0,0,0
SUP0173,2024-12,3,0.0,4.0,1.0,0.0,0,0
SUP0173,2025-02,2,0.0,6.0,1.0,0.0,0,0
SUP0173,2025-04,2,0.5,-0.5,0.8774,0.0,0,0
SUP0173,2025-05,2,0.0,6.5,0.785,0.0,0,0
SUP0173,2025-06,3,0.0,9.67,0.7576,0.0,0,0
SUP0173,2025-07,3,0.0,8.0,1.0,0.0,0,0
SUP0173,2025-08,1,0.0,9.0,1.0,0.0,0,0
SUP0173,2025-09,1,0.0,10.0,0.6328,0.0,0,0
SUP0173,2025-10,4,0.5,5.5,1.0,0.0,0,0
SUP0173,2025-12,2,,,,0.0,0,0
SUP0174,2023-02,2,0.5,-1.0,1.0,0.0,0,0
SUP0174,2023-03,3,0.3333,5.33,0.929,0.0,0,0
SUP0174,2023-04,4,0.0,8.25,1.0,0.0,0,0
SUP0174,2023-05,2,0.5,4.0,1.0,0.0,0,0
SUP0174,2023-06,1,0.0,6.0,1.0,0.0,0,0
SUP0174,2023-07,4,1.0,0.0,1.0,0.0,0,0
SUP0174,2023-08,1,1.0,0.0,1.0,0.0,0,0
SUP0174,2023-09,4,0.5,2.5,1.0,0.0,0,0
SUP0174,2023-10,2,0.5,0.0,0.8631,0.0,0,0
SUP0174,2023-11,2,0.0,12.0,1.0,0.0,0,0
SUP0174,2023-12,4,0.25,4.75,1.0,0.0,0,0
SUP0174,2024-01,6,0.0,8.17,1.0,0.0,0,0
SUP0174,2024-02,3,0.6667,3.67,1.0,514433.3,0,0
SUP0174,2024-03,4,0.5,1.0,1.0,0.0,0,0
SUP0174,2024-04,5,0.2,2.4,0.988,0.0,0,0
SUP0174,2024-05,2,0.0,5.5,1.0,0.0,0,0
SUP0174,2024-06,6,0.5,4.0,1.0,0.0,0,0
SUP0174,2024-07,4,0.5,4.0,1.0,0.0,0,0
SUP0174,2024-08,4,0.75,2.5,1.0,0.0,0,0
SUP0174,2024-09,2,0.5,3.0,1.0,0.0,0,0
SUP0174,2024-10,4,0.75,3.5,1.0,0.0,0,0
SUP0174,2024-11,3,0.6667,1.0,1.0,0.0,0,0
SUP0174,2024-12,2,0.5,0.5,1.0,0.0,0,0
SUP0174,2025-01,5,0.6,5.0,1.0,0.0,0,0
SUP0174,2025-02,2,0.5,5.5,1.0,0.0,0,0
SUP0174,2025-03,4,0.25,5.25,1.0,0.0,0,0
SUP0174,2025-04,3,0.3333,6.0,1.0,0.0,0,0
SUP0174,2025-05,2,1.0,0.0,1.0,0.0,0,0
SUP0174,2025-06,2,0.5,-1.0,1.0,0.0,0,0
SUP0174,2025-07,3,0.6667,1.67,1.0,0.0,0,0
SUP0174,2025-08,4,0.5,1.75,0.9921,0.0,0,0
SUP0174,2025-09,4,0.5,5.0,1.0,0.0,0,0
SUP0174,2025-10,5,0.4,2.4,1.0,0.0,0,0
SUP0174,2025-11,4,0.5,6.0,1.0,0.0,0,0
SUP0174,2025-12,9,0.3333,2.67,1.0,0.0,0,0
SUP0175,2023-01,8,0.875,0.88,1.0,51678.1,2,0
SUP0175,2023-02,9,0.0,9.11,1.0,0.0,0,0
SUP0175,2023-03,11,0.6364,1.55,1.0,0.0,0,0
SUP0175,2023-04,18,0.8889,0.78,1.0,0.0,0,0
SUP0175,2023-05,9,0.8889,0.56,1.0,0.0,0,0
SUP0175,2023-06,14,0.7857,0.79,1.0,0.0,0,0
SUP0175,2023-07,11,0.8182,1.55,1.0,0.0,0,0
SUP0175,2023-08,11,0.8182,1.64,1.0,0.0,0,0
SUP0175,2023-09,8,0.75,0.5,1.0,0.0,0,0
SUP0175,2023-10,11,0.8182,0.18,1.0,0.0,0,0
SUP0175,2023-11,10,0.9,0.0,1.0,117088.6,0,0
SUP0175,2023-12,16,0.625,0.62,0.9525,0.0,0,0
SUP0175,2024-01,9,0.8889,0.0,1.0,0.0,0,0
SUP0175,2024-02,7,0.0,10.86,1.0,6527.0,2,1
SUP0175,2024-03,14,0.6429,1.93,0.991,0.0,0,0
SUP0175,2024-04,12,0.9167,0.5,1.0,0.0,0,0
SUP0175,2024-05,15,0.7333,2.33,1.0,0.0,0,0
SUP0175,2024-06,10,0.8,0.7,0.8896,0.0,0,0
SUP0175,2024-07,6,0.6667,0.17,1.0,0.0,0,0
SUP0175,2024-08,14,0.7857,1.79,1.0,0.0,0,0
SUP0175,2024-09,13,0.7692,1.08,1.0,0.0,0,0
SUP0175,2024-10,10,1.0,-0.1,1.0,0.0,0,0
SUP0175,2024-11,10,0.8,1.2,0.9641,0.0,0,0
SUP0175,2024-12,11,0.8182,1.91,1.0,7186.5,0,0
SUP0175,2025-01,8,0.875,1.25,1.0,0.0,0,0
SUP0175,2025-02,12,0.0833,7.25,1.0,0.0,6,5
SUP0175,2025-03,11,0.7273,1.0,1.0,0.0,0,0
SUP0175,2025-04,13,0.7692,0.31,0.9958,0.0,0,0
SUP0175,2025-05,11,0.8182,0.0,1.0,0.0,0,0
SUP0175,2025-06,5,0.8,0.6,1.0,0.0,0,0
SUP0175,2025-07,15,0.7333,1.47,1.0,0.0,0,0
SUP0175,2025-08,16,0.8125,1.25,1.0,0.0,0,0
SUP0175,2025-09,8,0.875,0.62,1.0,0.0,0,0
SUP0175,2025-10,11,0.9091,0.36,1.0,0.0,0,0
SUP0175,2025-11,13,0.75,0.67,0.9993,0.0,0,0
SUP0175,2025-12,6,1.0,0.0,1.0,0.0,0,0
SUP0176,2023-02,1,0.0,10.0,1.0,0.0,0,0
SUP0176,2023-03,4,0.25,5.5,1.0,0.0,0,0
SUP0176,2023-04,5,0.0,5.8,0.8998,0.0,0,0
SUP0176,2023-05,3,0.6667,3.33,1.0,0.0,0,0
SUP0176,2023-06,2,0.0,6.0,0.8354,0.0,0,0
SUP0176,2023-07,1,0.0,11.0,1.0,0.0,0,0
SUP0176,2023-08,3,0.0,4.67,1.0,0.0,0,0
SUP0176,2023-12,3,0.3333,5.67,1.0,0.0,0,0
SUP0176,2024-01,1,0.0,10.0,1.0,0.0,0,0
SUP0176,2024-02,3,0.3333,1.0,1.0,0.0,0,0
SUP0176,2024-03,2,0.5,0.5,1.0,0.0,0,0
SUP0176,2024-05,3,0.0,8.33,1.0,0.0,0,0
SUP0176,2024-06,2,0.0,11.5,1.0,0.0,0,0
SUP0176,2024-08,3,0.6667,1.33,1.0,0.0,0,0
SUP0176,2024-09,3,0.6667,-1.33,0.9107,0.0,0,0
SUP0176,2024-10,1,0.0,9.0,1.0,0.0,0,0
SUP0176,2024-11,4,0.25,4.0,1.0,0.0,0,0
SUP0176,2024-12,2,0.0,11.5,0.7687,0.0,0,0
SUP0176,2025-01,2,0.0,5.0,1.0,0.0,0,0
SUP0176,2025-02,1,0.0,12.0,1.0,0.0,0,0
SUP0176,2025-03,4,0.5,2.25,1.0,0.0,0,0
SUP0176,2025-04,1,0.0,6.0,1.0,0.0,0,0
SUP0176,2025-05,3,0.3333,7.67,1.0,0.0,0,0
SUP0176,2025-06,3,0.0,5.67,0.7798,0.0,0,0
SUP0176,2025-07,3,0.0,8.0,1.0,0.0,0,0
SUP0176,2025-08,1,0.0,4.0,1.0,0.0,0,0
SUP0176,2025-09,3,0.0,5.33,1.0,0.0,0,0
SUP0176,2025-10,3,0.0,3.67,1.0,0.0,0,0
SUP0176,2025-11,4,0.0,7.5,1.0,0.0,0,0
SUP0176,2025-12,5,0.0,4.0,1.0,0.0,0,0
SUP0177,2023-03,1,0.0,1.0,1.0,0.0,0,0
SUP0177,2023-07,3,0.0,8.0,0.8884,0.0,0,0
SUP0177,2023-08,1,0.0,4.0,1.0,0.0,0,0
SUP0177,2023-09,1,0.0,4.0,1.0,0.0,0,0
SUP0177,2023-11,2,0.0,7.5,0.8142,0.0,0,0
SUP0177,2023-12,2,0.0,3.0,0.7259,0.0,0,0
SUP0177,2024-01,1,0.0,4.0,1.0,0.0,0,0
SUP0177,2024-02,1,1.0,-1.0,1.0,0.0,0,0
SUP0177,2024-03,1,0.0,4.0,1.0,0.0,0,0
SUP0177,2024-04,1,1.0,0.0,1.0,0.0,0,0
SUP0177,2024-05,2,0.0,8.5,1.0,0.0,0,0
SUP0177,2024-07,2,0.5,3.5,1.0,0.0,0,0
SUP0177,2024-08,3,0.0,6.67,1.0,0.0,0,0
SUP0177,2024-09,2,0.0,11.5,1.0,0.0,0,0
SUP0177,2024-10,1,0.0,7.0,1.0,0.0,0,0
SUP0177,2024-11,2,0.0,5.0,0.9152,0.0,0,0
SUP0177,2024-12,1,1.0,-3.0,1.0,0.0,0,0
SUP0177,2025-01,1,1.0,-2.0,1.0,0.0,0,0
SUP0177,2025-02,1,0.0,1.0,1.0,0.0,0,0
SUP0177,2025-03,4,0.25,5.0,1.0,0.0,0,0
SUP0177,2025-04,1,1.0,-2.0,1.0,0.0,0,0
SUP0177,2025-05,2,0.5,3.0,0.5761,0.0,0,0
SUP0177,2025-06,1,0.0,9.0,1.0,0.0,0,0
SUP0177,2025-07,5,0.0,0.8,0.8541,0.0,0,0
SUP0177,2025-08,1,0.0,12.0,1.0,0.0,0,0
SUP0177,2025-09,3,0.0,7.0,1.0,0.0,0,0
SUP0177,2025-10,3,0.0,10.67,1.0,0.0,0,0
SUP0177,2025-11,1,0.0,2.0,1.0,0.0,0,0
SUP0177,2025-12,5,1.0,0.0,1.0,0.0,0,0
SUP0178,2023-01,1,0.0,11.0,1.0,0.0,0,0
SUP0178,2023-02,3,0.6667,2.33,1.0,0.0,0,0
SUP0178,2023-03,2,0.0,0.0,0.6901,0.0,0,0
SUP0178,2023-05,2,0.0,8.0,1.0,0.0,0,0
SUP0178,2023-06,1,1.0,-3.0,1.0,0.0,0,0
SUP0178,2023-07,3,0.0,6.33,0.7493,0.0,0,0
SUP0178,2023-08,1,0.0,3.0,1.0,0.0,0,0
SUP0178,2023-12,6,0.0,3.83,0.9438,0.0,0,0
SUP0178,2024-01,4,0.0,4.5,0.7664,0.0,0,0
SUP0178,2024-02,3,0.0,1.0,0.5974,0.0,0,0
SUP0178,2024-03,2,0.5,1.5,1.0,0.0,0,0
SUP0178,2024-04,2,0.0,7.5,0.8846,0.0,0,0
SUP0178,2024-05,5,0.2,7.6,1.0,0.0,0,0
SUP0178,2024-06,1,0.0,12.0,1.0,0.0,0,0
SUP0178,2024-08,1,0.0,11.0,1.0,0.0,0,0
SUP0178,2024-09,1,0.0,1.0,1.0,0.0,0,0
SUP0178,2024-10,1,0.0,10.0,1.0,0.0,0,0
SUP0178,2024-11,2,0.0,7.0,1.0,0.0,0,0
SUP0178,2024-12,4,0.0,5.75,0.8764,0.0,0,0
SUP0178,2025-01,3,0.0,8.33,1.0,0.0,0,0
SUP0178,2025-03,1,0.0,12.0,1.0,0.0,0,0
SUP0178,2025-04,3,0.3333,8.0,1.0,0.0,0,0
SUP0178,2025-06,7,0.0,8.0,0.9481,0.0,0,0
SUP0178,2025-07,2,0.0,11.5,1.0,0.0,0,0
SUP0178,2025-08,1,0.0,6.0,1.0,0.0,0,0
SUP0178,2025-09,7,0.0,8.71,1.0,0.0,0,0
SUP0178,2025-10,2,0.0,10.0,1.0,0.0,0,0
SUP0178,2025-11,2,0.0,6.0,0.9953,0.0,0,0
SUP0178,2025-12,1,,,,0.0,0,0
SUP0179,2023-01,21,0.8095,0.81,0.967,0.0,1,0
SUP0179,2023-02,26,0.6154,2.46,0.9964,718.4,1,1
SUP0179,2023-03,34,0.4706,2.38,1.0,25745.9,0,0
SUP0179,2023-04,32,0.4062,3.88,0.9866,182.0,4,2
SUP0179,2023-05,39,0.4872,2.64,1.0,0.0,1,1
SUP0179,2023-06,26,0.5769,1.69,1.0,0.0,1,1
SUP0179,2023-07,36,0.4722,3.39,1.0,0.0,2,1
SUP0179,2023-08,31,0.5161,3.32,1.0,0.0,1,1
SUP0179,2023-09,29,0.2759,4.31,1.0,0.0,1,0
SUP0179,2023-10,33,0.0909,9.61,1.0,0.0,6,3
SUP0179,2023-11,39,0.4359,5.0,1.0,0.0,0,0
SUP0179,2023-12,37,0.3514,7.03,0.9847,0.0,0,0
SUP0179,2024-01,39,0.6154,3.95,0.9988,70940.8,1,1
SUP0179,2024-02,28,0.3214,5.57,1.0,17118.6,3,1
SUP0179,2024-03,37,0.4865,3.11,0.9415,0.0,0,0
SUP0179,2024-04,34,0.5294,2.38,1.0,130.8,2,2
SUP0179,2024-05,43,0.5814,2.12,0.9975,0.0,0,0
SUP0179,2024-06,37,0.4865,3.51,0.9894,0.0,0,0
SUP0179,2024-07,38,0.3421,3.74,0.9888,107863.8,2,1
SUP0179,2024-08,33,0.4545,1.85,1.0,34234.4,4,0
SUP0179,2024-09,35,0.4,3.97,1.0,0.0,1,1
SUP0179,2024-10,39,0.5385,2.92,1.0,27071.1,1,0
SUP0179,2024-11,40,0.375,3.0,0.9813,0.0,2,0
SUP0179,2024-12,29,0.3793,4.66,1.0,26213.1,4,2
SUP0179,2025-01,39,0.3846,3.36,0.9927,12240.5,1,1
SUP0179,2025-02,35,0.5714,1.49,0.9865,0.0,2,2
SUP0179,2025-03,29,0.4483,2.55,0.9846,178356.2,3,1
SUP0179,2025-04,40,0.35,3.42,1.0,33240.3,4,2
SUP0179,2025-05,28,0.5357,2.39,0.9997,0.0,1,0
SUP0179,2025-06,33,0.2727,6.21,1.0,64530.2,2,1
SUP0179,2025-07,34,0.2941,6.41,1.0,85550.3,3,2
SUP0179,2025-08,35,0.4857,3.6,0.9591,0.0,1,1
SUP0179,2025-09,37,0.5946,2.14,1.0,24211.4,2,0
SUP0179,2025-10,30,0.5333,2.6,1.0,0.0,1,0
SUP0179,2025-11,38,0.2105,6.21,0.9541,0.0,1,0
SUP0179,2025-12,33,0.3226,5.0,1.0,0.0,0,0
SUP0180,2023-02,1,0.0,9.0,1.0,0.0,0,0
SUP0180,2023-04,1,0.0,9.0,1.0,0.0,0,0
SUP0180,2023-05,3,0.0,8.67,0.9088,0.0,0,0
SUP0180,2023-06,2,0.0,9.0,1.0,0.0,0,0
SUP0180,2023-07,1,0.0,5.0,1.0,0.0,0,0
SUP0180,2023-08,3,0.3333,3.33,1.0,0.0,0,0
SUP0180,2023-09,2,0.0,6.0,1.0,0.0,0,0
SUP0180,2023-10,2,0.0,6.0,1.0,0.0,0,0
SUP0180,2023-11,1,0.0,7.0,1.0,0.0,0,0
SUP0180,2023-12,2,0.5,5.5,1.0,0.0,0,0
SUP0180,2024-01,2,0.5,6.5,1.0,0.0,0,0
SUP0180,2024-02,2,0.5,6.0,1.0,0.0,0,0
SUP0180,2024-03,5,0.4,3.6,0.8069,0.0,0,0
SUP0180,2024-04,4,0.0,8.0,1.0,0.0,0,0
SUP0180,2024-05,1,1.0,-1.0,1.0,0.0,0,0
SUP0180,2024-06,1,0.0,11.0,1.0,0.0,0,0
SUP0180,2024-07,5,0.2,5.0,1.0,0.0,0,0
SUP0180,2024-08,1,0.0,9.0,1.0,0.0,0,0
SUP0180,2024-09,1,0.0,5.0,1.0,0.0,0,0
SUP0180,2024-11,2,0.0,9.5,1.0,0.0,0,0
SUP0180,2024-12,1,1.0,0.0,1.0,0.0,0,0
SUP0180,2025-01,2,0.0,7.0,1.0,0.0,0,0
SUP0180,2025-02,2,0.0,10.0,1.0,0.0,0,0
SUP0180,2025-03,4,0.25,6.25,1.0,0.0,0,0
SUP0180,2025-04,2,0.5,3.5,1.0,0.0,0,0
SUP0180,2025-06,1,0.0,13.0,1.0,0.0,0,0
SUP0180,2025-07,2,0.5,0.0,1.0,0.0,0,0
SUP0180,2025-08,4,0.25,3.5,1.0,0.0,0,0
SUP0180,2025-09,3,0.0,8.33,1.0,0.0,0,0
SUP0180,2025-10,2,1.0,-2.0,1.0,0.0,0,0
SUP0180,2025-11,3,0.3333,6.33,1.0,0.0,0,0
SUP0180,2025-12,4,0.5,3.0,1.0,0.0,0,0
SUP0181,2023-01,2,1.0,0.0,1.0,0.0,0,0
SUP0181,2023-02,4,0.75,2.75,1.0,0.0,0,0
SUP0181,2023-03,5,0.4,2.8,0.9894,0.0,0,0
SUP0181,2023-04,7,0.7143,2.14,1.0,0.0,0,0
SUP0181,2023-05,4,1.0,0.0,1.0,0.0,0,0
SUP0181,2023-06,7,0.4286,2.29,0.9798,0.0,0,0
SUP0181,2023-07,8,0.75,2.0,1.0,77740.8,0,0
SUP0181,2023-08,8,0.625,1.62,1.0,0.0,0,0
SUP0181,2023-09,8,0.625,-0.12,0.9307,56499.5,0,0
SUP0181,2023-10,5,0.4,3.4,0.757,0.0,0,0
SUP0181,2023-11,5,1.0,0.0,1.0,0.0,0,0
SUP0181,2023-12,5,0.8,0.8,1.0,0.0,0,0
SUP0181,2024-01,6,0.0,8.83,1.0,0.0,0,0
SUP0181,2024-02,5,1.0,0.0,1.0,0.0,0,0
SUP0181,2024-03,7,0.8571,0.14,0.9807,35330.0,0,0
SUP0181,2024-04,5,0.8,1.2,1.0,0.0,0,0
SUP0181,2024-05,6,0.8333,0.17,1.0,0.0,0,0
SUP0181,2024-06,11,0.5455,4.09,1.0,0.0,0,0
SUP0181,2024-07,11,0.7273,0.91,0.9471,0.0,0,0
SUP0181,2024-08,4,0.5,0.25,1.0,0.0,0,0
SUP0181,2024-09,5,0.2,3.6,0.9573,0.0,0,0
SUP0181,2024-10,7,0.5714,1.14,1.0,0.0,0,0
SUP0181,2024-11,9,0.5556,2.11,1.0,0.0,0,0
SUP0181,2024-12,13,0.6154,1.38,0.9734,0.0,0,0
SUP0181,2025-01,3,0.3333,5.33,1.0,0.0,0,0
SUP0181,2025-02,3,0.6667,1.33,1.0,0.0,0,0
SUP0181,2025-03,10,0.6,4.4,1.0,0.0,0,0
SUP0181,2025-04,8,0.625,1.38,0.9767,0.0,0,0
SUP0181,2025-05,5,0.2,6.4,0.9865,0.0,0,0
SUP0181,2025-06,8,0.625,1.75,0.8203,0.0,0,0
SUP0181,2025-07,2,1.0,0.0,1.0,0.0,0,0
SUP0181,2025-08,10,0.8,0.6,0.9127,0.0,0,0
SUP0181,2025-09,9,0.4444,3.11,0.9383,0.0,0,0
SUP0181,2025-10,10,0.5,1.5,0.8532,0.0,0,0
SUP0181,2025-11,5,1.0,0.0,1.0,0.0,1,0
SUP0181,2025-12,6,0.6,1.2,1.0,0.0,0,0
SUP0182,2023-01,3,1.0,0.0,1.0,0.0,4,2
SUP0182,2023-02,4,0.0,14.25,1.0,1097320.0,2,1
SUP0182,2023-03,13,0.6154,2.31,0.9219,0.0,0,0
SUP0182,2023-04,11,0.7273,1.09,0.9495,0.0,0,0
SUP0182,2023-05,13,0.8462,1.08,1.0,0.0,0,0
SUP0182,2023-06,6,0.8333,0.67,1.0,0.0,0,0
SUP0182,2023-07,4,0.75,1.5,1.0,0.0,0,0
SUP0182,2023-08,8,0.75,0.75,0.9714,0.0,0,0
SUP0182,2023-09,3,0.6667,3.33,1.0,0.0,0,0
SUP0182,2023-10,6,0.6667,1.17,1.0,506385.3,0,0
SUP0182,2023-11,5,0.8,1.2,1.0,0.0,0,0
SUP0182,2023-12,3,1.0,0.0,1.0,0.0,0,0
SUP0182,2024-01,4,0.5,2.25,1.0,0.0,1,0
SUP0182,2024-02,5,0.4,2.8,1.0,435080.6,0,0
SUP0182,2024-03,11,0.3636,3.73,0.9869,0.0,0,0
SUP0182,2024-04,11,0.7273,0.82,1.0,0.0,0,0
SUP0182,2024-05,12,0.3333,4.17,1.0,0.0,0,0
SUP0182,2024-06,11,0.8182,0.27,0.9973,0.0,0,0
SUP0182,2024-07,6,0.5,2.5,0.9738,0.0,0,0
SUP0182,2024-08,8,0.625,2.62,0.9575,0.0,0,0
SUP0182,2024-09,7,0.4286,3.0,1.0,0.0,0,0
SUP0182,2024-10,6,0.8333,1.17,1.0,0.0,0,0
SUP0182,2024-11,8,0.625,3.25,0.8846,0.0,0,0
SUP0182,2024-12,10,0.8,1.8,1.0,0.0,0,0
SUP0182,2025-01,7,0.7143,1.57,1.0,922008.9,1,0
SUP0182,2025-02,8,0.25,11.0,1.0,633296.5,8,4
SUP0182,2025-03,6,0.6667,3.33,0.9691,0.0,0,0
SUP0182,2025-04,7,0.7143,2.57,1.0,0.0,0,0
SUP0182,2025-05,4,0.5,3.0,0.9723,0.0,0,0
SUP0182,2025-06,13,0.4615,4.08,0.998,0.0,0,0
SUP0182,2025-07,6,0.5,1.33,0.8408,0.0,0,0
SUP0182,2025-08,9,0.8889,0.11,1.0,0.0,0,0
SUP0182,2025-09,9,0.7778,2.33,1.0,0.0,0,0
SUP0182,2025-10,10,0.9,0.8,1.0,35197.8,0,0
SUP0182,2025-11,10,0.7,1.3,0.9635,0.0,0,0
SUP0182,2025-12,7,1.0,0.0,1.0,0.0,0,0
SUP0183,2023-01,17,0.8235,1.0,1.0,200552.6,2,1
SUP0183,2023-02,17,0.5882,1.53,1.0,0.0,0,0
SUP0183,2023-03,29,0.6552,0.79,0.9555,20369.3,0,0
SUP0183,2023-04,18,0.6667,1.28,0.9913,0.0,0,0
SUP0183,2023-05,20,0.55,1.55,0.998,0.0,0,0
SUP0183,2023-06,21,0.5714,0.9,0.9528,0.0,0,0
SUP0183,2023-07,21,0.8095,0.29,0.9681,0.0,0,0
SUP0183,2023-08,27,0.5185,0.96,0.9699,0.0,0,0
SUP0183,2023-09,17,0.8235,0.24,0.9863,0.0,0,0
SUP0183,2023-10,26,0.6538,1.77,0.9116,0.0,0,0
SUP0183,2023-11,21,0.8571,0.29,1.0,0.0,0,0
SUP0183,2023-12,23,0.8261,0.39,0.9937,0.0,0,0
SUP0183,2024-01,21,0.6667,0.62,1.0,0.0,1,1
SUP0183,2024-02,28,0.5357,1.71,0.9523,0.0,0,0
SUP0183,2024-03,16,0.625,3.06,0.9818,0.0,0,0
SUP0183,2024-04,22,0.5,0.91,0.9214,0.0,0,0
SUP0183,2024-05,17,0.5882,1.24,0.9476,0.0,0,0
SUP0183,2024-06,23,0.8261,0.83,0.9991,0.0,0,0
SUP0183,2024-07,27,0.6296,1.26,0.9944,0.0,0,0
SUP0183,2024-08,18,0.7222,1.28,0.9845,10501.1,0,0
SUP0183,2024-09,25,0.76,1.16,0.9806,0.0,0,0
SUP0183,2024-10,25,0.76,1.2,0.9988,0.0,0,0
SUP0183,2024-11,26,0.8077,1.19,1.0,0.0,0,0
SUP0183,2024-12,22,0.5909,1.59,0.8869,0.0,0,0
SUP0183,2025-01,23,0.6522,1.39,0.9063,91650.0,0,0
SUP0183,2025-02,17,0.7059,1.35,1.0,0.0,0,0
SUP0183,2025-03,23,0.6957,0.3,0.9942,105867.8,0,0
SUP0183,2025-04,22,0.7727,0.41,0.9267,0.0,0,0
SUP0183,2025-05,23,0.7826,-0.22,0.9921,5483.4,0,0
SUP0183,2025-06,24,0.5833,1.04,0.9404,2476.7,0,0
SUP0183,2025-07,25,0.68,1.12,0.9592,0.0,0,0
SUP0183,2025-08,26,0.7308,0.62,0.9754,0.0,0,0
SUP0183,2025-09,29,0.7931,1.72,0.9982,0.0,0,0
SUP0183,2025-10,23,0.6957,0.57,0.9871,0.0,0,0
SUP0183,2025-11,18,0.7778,0.89,0.9704,0.0,0,0
SUP0183,2025-12,17,0.75,1.0,0.9921,0.0,0,0
SUP0184,2023-02,3,0.6667,3.0,1.0,0.0,0,0
SUP0184,2023-03,1,0.0,11.0,1.0,0.0,0,0
SUP0184,2023-04,5,0.0,5.2,1.0,0.0,0,0
SUP0184,2023-06,2,0.5,3.0,1.0,0.0,0,0
SUP0184,2023-07,1,0.0,2.0,1.0,0.0,0,0
SUP0184,2023-08,4,0.5,4.25,0.647,0.0,0,0
SUP0184,2023-09,1,0.0,9.0,1.0,0.0,0,0
SUP0184,2023-10,1,1.0,0.0,1.0,0.0,0,0
SUP0184,2023-11,2,0.0,5.5,1.0,0.0,0,0
SUP0184,2023-12,1,0.0,4.0,1.0,0.0,0,0
SUP0184,2024-01,4,0.0,4.5,1.0,0.0,0,0
SUP0184,2024-02,2,0.0,7.0,1.0,0.0,0,0
SUP0184,2024-03,5,0.4,4.4,0.815,0.0,0,0
SUP0184,2024-04,3,0.3333,2.33,1.0,0.0,0,0
SUP0184,2024-05,1,0.0,14.0,1.0,0.0,0,0
SUP0184,2024-06,4,0.0,6.0,1.0,0.0,0,0
SUP0184,2024-07,1,1.0,-2.0,1.0,0.0,0,0
SUP0184,2024-08,2,0.5,3.5,1.0,0.0,0,0
SUP0184,2024-09,1,0.0,6.0,1.0,0.0,0,0
SUP0184,2024-10,5,0.2,5.6,0.96,0.0,0,0
SUP0184,2024-11,3,0.0,7.67,1.0,0.0,0,0
SUP0184,2024-12,1,0.0,6.0,1.0,0.0,0,0
SUP0184,2025-01,2,0.0,4.5,0.6407,0.0,0,0
SUP0184,2025-02,2,0.0,5.5,1.0,0.0,0,0
SUP0184,2025-03,2,0.0,10.0,1.0,0.0,0,0
SUP0184,2025-06,1,0.0,4.0,1.0,0.0,0,0
SUP0184,2025-07,2,0.0,10.5,1.0,0.0,0,0
SUP0184,2025-08,1,0.0,5.0,1.0,0.0,0,0
SUP0184,2025-09,2,0.5,4.5,1.0,0.0,0,0
SUP0184,2025-10,1,0.0,2.0,1.0,0.0,0,0
SUP0184,2025-11,5,0.0,8.6,1.0,0.0,0,0
SUP0184,2025-12,5,0.0,5.5,1.0,0.0,0,0
SUP0185,2023-01,10,0.7,2.8,1.0,166453.1,3,1
SUP0185,2023-02,19,0.7895,2.58,1.0,431120.6,6,3
SUP0185,2023-03,19,0.7895,1.26,0.9595,247908.2,6,2
SUP0185,2023-04,22,0.8182,1.64,1.0,274632.1,4,2
SUP0185,2023-05,22,0.7273,2.36,0.9954,635877.3,6,4
SUP0185,2023-06,25,0.44,3.88,1.0,0.0,3,2
SUP0185,2023-07,19,0.5263,3.63,0.9964,432066.4,4,2
SUP0185,2023-08,18,0.5556,3.78,1.0,484807.7,4,4
SUP0185,2023-09,26,0.4231,4.42,0.9638,219993.7,2,1
SUP0185,2023-10,18,0.4444,4.11,1.0,174108.2,5,0
SUP0185,2023-11,20,0.65,2.6,0.9947,574677.8,6,4
SUP0185,2023-12,26,0.7308,1.85,1.0,273127.0,2,1
SUP0185,2024-01,22,0.5909,2.5,0.9928,559832.2,8,3
SUP0185,2024-02,22,0.8636,0.73,1.0,112133.7,0,0
SUP0185,2024-03,20,0.8,2.35,1.0,517631.4,6,1
SUP0185,2024-04,24,0.5417,3.12,0.9995,307747.4,7,4
SUP0185,2024-05,21,0.3333,8.67,1.0,161040.8,3,3
SUP0185,2024-06,19,0.5263,7.21,1.0,504374.1,8,4
SUP0185,2024-07,21,0.8571,0.81,1.0,336999.4,4,2
SUP0185,2024-08,19,0.7368,2.68,1.0,414670.7,5,2
SUP0185,2024-09,22,0.7727,1.64,1.0,298882.3,4,2
SUP0185,2024-10,25,0.64,1.36,0.9748,415396.5,3,0
SUP0185,2024-11,22,0.5909,2.23,0.9881,464027.5,4,1
SUP0185,2024-12,24,0.75,1.75,0.997,542795.4,5,1
SUP0185,2025-01,23,0.5652,4.35,0.9943,234552.5,3,2
SUP0185,2025-02,22,0.5909,2.68,0.9791,392318.1,4,1
SUP0185,2025-03,19,0.6842,2.16,0.9958,760655.1,10,4
SUP0185,2025-04,17,0.4118,8.59,1.0,116538.0,0,0
SUP0185,2025-05,22,0.6818,3.82,1.0,389536.6,5,3
SUP0185,2025-06,19,0.6842,2.0,1.0,431869.9,6,4
SUP0185,2025-07,20,0.75,1.5,1.0,458674.6,4,2
SUP0185,2025-08,22,0.7727,1.36,1.0,345532.5,6,3
SUP0185,2025-09,20,0.8,0.8,1.0,99823.5,0,0
SUP0185,2025-10,24,0.75,2.17,1.0,461691.0,6,1
SUP0185,2025-11,19,0.7222,1.94,1.0,42182.8,5,1
SUP0185,2025-12,18,0.4375,6.0,1.0,578217.1,1,0
SUP0186,2023-03,7,0.2857,5.86,1.0,0.0,0,0
SUP0186,2023-04,1,0.0,13.0,1.0,0.0,0,0
SUP0186,2023-05,2,0.5,1.5,1.0,0.0,0,0
SUP0186,2023-06,3,0.0,4.0,1.0,0.0,0,0
SUP0186,2023-07,1,0.0,5.0,1.0,0.0,0,0
SUP0186,2023-08,4,0.0,7.75,1.0,0.0,0,0
SUP0186,2023-09,2,0.0,6.5,1.0,0.0,0,0
SUP0186,2023-10,3,0.0,6.67,1.0,0.0,0,0
SUP0186,2023-11,1,0.0,11.0,1.0,0.0,0,0
SUP0186,2023-12,3,0.3333,0.67,0.8316,0.0,0,0
SUP0186,2024-01,2,0.5,1.0,1.0,0.0,0,0
SUP0186,2024-02,3,0.0,11.0,1.0,0.0,0,0
SUP0186,2024-03,1,1.0,-1.0,1.0,0.0,0,0
SUP0186,2024-04,4,0.25,4.0,0.8751,0.0,0,0
SUP0186,2024-05,3,0.6667,1.0,1.0,0.0,0,0
SUP0186,2024-06,3,0.0,7.67,0.495,0.0,0,0
SUP0186,2024-07,1,0.0,7.0,1.0,0.0,0,0
SUP0186,2024-08,1,0.0,3.0,1.0,0.0,0,0
SUP0186,2024-09,1,0.0,2.0,1.0,0.0,0,0
SUP0186,2024-10,2,0.0,13.5,1.0,0.0,0,0
SUP0186,2024-11,3,0.6667,-0.67,1.0,0.0,0,0
SUP0186,2024-12,3,0.3333,2.33,0.8422,0.0,0,0
SUP0186,2025-01,3,0.6667,-0.33,1.0,0.0,0,0
SUP0186,2025-02,2,0.0,-1.0,0.4741,0.0,0,0
SUP0186,2025-03,1,0.0,9.0,0.776,0.0,0,0
SUP0186,2025-04,1,1.0,-2.0,1.0,0.0,0,0
SUP0186,2025-07,1,0.0,1.0,1.0,0.0,0,0
SUP0186,2025-08,1,0.0,4.0,1.0,0.0,0,0
SUP0186,2025-09,2,0.5,2.0,1.0,0.0,0,0
SUP0186,2025-10,1,0.0,12.0,1.0,0.0,0,0
SUP0186,2025-12,3,0.5,-0.5,1.0,0.0,0,0
SUP0187,2023-01,1,0.0,1.0,1.0,0.0,0,0
SUP0187,2023-03,3,0.0,7.33,1.0,0.0,0,0
SUP0187,2023-04,2,0.5,0.5,1.0,0.0,0,0
SUP0187,2023-05,2,0.5,2.5,1.0,0.0,0,0
SUP0187,2023-06,2,0.5,2.0,0.768,0.0,0,0
SUP0187,2023-07,2,0.0,6.0,0.8997,0.0,0,0
SUP0187,2023-08,4,0.5,2.0,1.0,0.0,0,0
SUP0187,2023-09,1,0.0,1.0,1.0,0.0,0,0
SUP0187,2023-10,1,0.0,5.0,1.0,0.0,0,0
SUP0187,2023-12,1,0.0,4.0,1.0,0.0,0,0
SUP0187,2024-02,3,0.3333,0.0,0.916,0.0,0,0
SUP0187,2024-03,1,0.0,11.0,1.0,0.0,0,0
SUP0187,2024-04,2,0.5,5.0,1.0,0.0,0,0
SUP0187,2024-05,5,0.4,4.2,1.0,0.0,0,0
SUP0187,2024-06,3,0.0,8.0,1.0,0.0,0,0
SUP0187,2024-07,1,0.0,9.0,1.0,0.0,0,0
SUP0187,2024-09,2,0.0,11.5,1.0,0.0,0,0
SUP0187,2024-10,4,0.0,7.0,0.7646,0.0,0,0
SUP0187,2024-11,1,0.0,14.0,1.0,0.0,0,0
SUP0187,2024-12,3,0.0,7.33,1.0,0.0,0,0
SUP0187,2025-01,3,0.0,10.33,1.0,0.0,0,0
SUP0187,2025-03,1,0.0,1.0,1.0,0.0,0,0
SUP0187,2025-04,4,0.0,9.75,1.0,0.0,0,0
SUP0187,2025-05,1,0.0,2.0,1.0,0.0,0,0
SUP0187,2025-06,5,0.4,5.4,1.0,0.0,0,0
SUP0187,2025-07,4,0.25,4.5,1.0,0.0,0,0
SUP0187,2025-08,1,0.0,6.0,1.0,0.0,0,0
SUP0187,2025-10,1,0.0,8.0,0.5318,0.0,0,0
SUP0187,2025-11,2,0.0,13.0,1.0,0.0,0,0
SUP0187,2025-12,3,,,,0.0,0,0
SUP0188,2023-02,1,0.0,2.0,1.0,0.0,0,0
SUP0188,2023-03,1,0.0,9.0,1.0,0.0,0,0
SUP0188,2023-04,3,0.3333,6.0,1.0,0.0,0,0
SUP0188,2023-05,3,0.0,8.67,0.8303,0.0,0,0
SUP0188,2023-06,4,0.25,8.0,1.0,0.0,0,0
SUP0188,2023-07,1,1.0,0.0,1.0,0.0,0,0
SUP0188,2023-08,3,0.3333,7.33,1.0,0.0,0,0
SUP0188,2023-09,6,0.3333,3.17,1.0,0.0,0,0
SUP0188,2023-10,1,0.0,8.0,0.6494,0.0,0,0
SUP0188,2023-11,2,0.0,8.5,1.0,0.0,0,0
SUP0188,2023-12,1,0.0,6.0,1.0,0.0,0,0
SUP0188,2024-01,3,0.3333,5.33,1.0,0.0,0,0
SUP0188,2024-02,1,0.0,8.0,1.0,0.0,0,0
SUP0188,2024-03,1,0.0,8.0,1.0,0.0,0,0
SUP0188,2024-05,2,0.0,9.0,1.0,0.0,0,0
SUP0188,2024-06,1,1.0,-1.0,1.0,0.0,0,0
SUP0188,2024-07,1,0.0,11.0,1.0,0.0,0,0
SUP0188,2024-08,6,0.3333,1.67,1.0,0.0,0,0
SUP0188,2024-09,1,0.0,6.0,1.0,0.0,0,0
SUP0188,2024-10,3,0.0,5.33,0.8047,0.0,0,0
SUP0188,2024-12,1,0.0,12.0,1.0,0.0,0,0
SUP0188,2025-01,2,0.0,10.5,1.0,0.0,0,0
SUP0188,2025-02,3,0.0,6.67,1.0,0.0,0,0
SUP0188,2025-03,4,0.25,4.0,1.0,0.0,0,0
SUP0188,2025-04,1,0.0,13.0,1.0,0.0,0,0
SUP0188,2025-05,3,0.0,3.67,1.0,0.0,0,0
SUP0188,2025-06,3,0.0,5.67,0.5945,0.0,0,0
SUP0188,2025-07,2,0.0,9.5,0.5658,0.0,0,0
SUP0188,2025-08,3,0.3333,4.33,1.0,0.0,0,0
SUP0188,2025-09,3,0.3333,0.33,1.0,0.0,0,0
SUP0188,2025-10,1,0.0,3.0,1.0,0.0,0,0
SUP0188,2025-11,5,0.4,3.2,1.0,0.0,0,0
SUP0189,2023-02,4,0.0,6.75,1.0,0.0,0,0
SUP0189,2023-03,4,0.0,8.5,1.0,0.0,0,0
SUP0189,2023-05,4,0.0,7.75,1.0,0.0,0,0
SUP0189,2023-06,3,0.6667,2.33,1.0,0.0,0,0
SUP0189,2023-07,1,0.0,6.0,1.0,0.0,0,0
SUP0189,2023-08,1,0.0,8.0,1.0,0.0,0,0
SUP0189,2023-09,4,0.0,10.5,1.0,0.0,0,0
SUP0189,2023-10,3,0.3333,0.33,0.8563,0.0,0,0
SUP0189,2023-11,2,0.0,9.5,0.6937,0.0,0,0
SUP0189,2023-12,4,0.0,7.25,1.0,0.0,0,0
SUP0189,2024-01,3,0.3333,4.33,0.8449,0.0,0,0
SUP0189,2024-02,2,0.5,2.5,1.0,0.0,0,0
SUP0189,2024-03,2,0.5,4.5,1.0,0.0,0,0
SUP0189,2024-05,4,0.0,7.5,1.0,0.0,0,0
SUP0189,2024-06,4,0.25,5.0,0.7044,0.0,0,0
SUP0189,2024-07,2,0.0,4.5,1.0,0.0,0,0
SUP0189,2024-08,3,0.3333,0.67,1.0,0.0,0,0
SUP0189,2024-10,2,1.0,-1.0,1.0,0.0,0,0
SUP0189,2024-11,3,0.0,10.33,1.0,0.0,0,0
SUP0189,2024-12,2,0.0,8.5,1.0,0.0,0,0
SUP0189,2025-01,1,0.0,2.0,1.0,0.0,0,0
SUP0189,2025-02,2,0.0,2.5,1.0,0.0,0,0
SUP0189,2025-05,1,0.0,10.0,1.0,0.0,0,0
SUP0189,2025-07,2,0.0,8.0,1.0,0.0,0,0
SUP0189,2025-08,2,0.5,3.5,1.0,0.0,0,0
SUP0189,2025-09,3,0.3333,5.33,1.0,0.0,0,0
SUP0189,2025-10,3,0.0,5.67,1.0,0.0,0,0
SUP0189,2025-11,3,0.3333,3.0,1.0,0.0,0,0
SUP0189,2025-12,3,0.0,11.0,1.0,0.0,0,0
SUP0190,2023-04,2,0.0,7.0,1.0,0.0,0,0
SUP0190,2023-05,3,0.6667,1.33,1.0,0.0,0,0
SUP0190,2023-06,4,0.0,11.0,1.0,0.0,0,0
SUP0190,2023-07,1,0.0,4.0,1.0,0.0,0,0
SUP0190,2023-08,1,0.0,3.0,1.0,0.0,0,0
SUP0190,2023-09,2,0.0,6.0,1.0,0.0,0,0
SUP0190,2023-10,4,0.0,6.0,1.0,0.0,0,0
SUP0190,2023-11,4,0.0,6.25,1.0,0.0,0,0
SUP0190,2023-12,1,0.0,2.0,1.0,0.0,0,0
SUP0190,2024-01,2,0.5,3.0,1.0,0.0,0,0
SUP0190,2024-02,2,0.5,3.5,0.6342,0.0,0,0
SUP0190,2024-03,2,0.0,6.5,1.0,0.0,0,0
SUP0190,2024-04,1,0.0,12.0,0.9146,0.0,0,0
SUP0190,2024-05,3,0.3333,2.0,1.0,0.0,0,0
SUP0190,2024-06,1,0.0,14.0,1.0,0.0,0,0
SUP0190,2024-07,4,0.25,6.0,1.0,0.0,0,0
SUP0190,2024-08,1,0.0,14.0,1.0,0.0,0,0
SUP0190,2024-09,2,0.5,-0.5,1.0,0.0,0,0
SUP0190,2024-10,2,0.0,9.0,1.0,0.0,0,0
SUP0190,2024-11,4,0.5,2.75,1.0,0.0,0,0
SUP0190,2025-01,2,0.0,6.0,0.609,0.0,0,0
SUP0190,2025-03,2,0.0,7.5,1.0,0.0,0,0
SUP0190,2025-05,2,0.0,8.5,1.0,0.0,0,0
SUP0190,2025-06,3,0.0,7.0,1.0,0.0,0,0
SUP0190,2025-07,1,0.0,14.0,1.0,0.0,0,0
SUP0190,2025-08,3,0.6667,2.33,1.0,0.0,0,0
SUP0190,2025-09,1,0.0,9.0,1.0,0.0,0,0
SUP0190,2025-10,3,0.0,5.67,1.0,0.0,0,0
SUP0190,2025-11,4,0.25,3.0,1.0,0.0,0,0
SUP0190,2025-12,2,,,,0.0,0,0
SUP0191,2023-01,5,1.0,0.0,1.0,0.0,1,1
SUP0191,2023-02,8,0.125,9.75,1.0,209686.0,3,1
SUP0191,2023-03,16,0.8125,1.31,1.0,0.0,0,0
SUP0191,2023-04,16,0.8125,1.44,1.0,0.0,0,0
SUP0191,2023-05,14,0.9286,-0.36,0.9832,0.0,0,0
SUP0191,2023-06,16,0.875,0.0,0.9957,0.0,0,0
SUP0191,2023-07,23,0.7826,1.13,0.8522,0.0,0,0
SUP0191,2023-08,14,0.7857,1.07,1.0,0.0,0,0
SUP0191,2023-09,17,0.7647,1.82,1.0,0.0,0,0
SUP0191,2023-10,16,0.875,0.12,0.889,0.0,0,0
SUP0191,2023-11,23,0.8261,1.52,1.0,0.0,0,0
SUP0191,2023-12,17,0.8824,0.35,1.0,0.0,0,0
SUP0191,2024-01,17,0.8235,0.12,0.9842,0.0,2,1
SUP0191,2024-02,23,0.2609,6.26,1.0,325689.6,0,0
SUP0191,2024-03,19,0.8947,0.68,1.0,0.0,0,0
SUP0191,2024-04,12,0.6667,2.42,0.9299,0.0,0,0
SUP0191,2024-05,17,0.6471,2.29,1.0,31772.4,0,0
SUP0191,2024-06,12,0.75,0.92,1.0,0.0,0,0
SUP0191,2024-07,20,0.85,1.5,0.9792,0.0,0,0
SUP0191,2024-08,16,0.8125,0.62,0.9332,0.0,0,0
SUP0191,2024-09,17,0.8235,0.94,0.9514,0.0,0,0
SUP0191,2024-10,14,0.8571,0.57,1.0,0.0,0,0
SUP0191,2024-11,14,0.7857,1.43,1.0,0.0,0,0
SUP0191,2024-12,18,0.9444,-0.06,1.0,0.0,0,0
SUP0191,2025-01,13,0.9231,0.85,1.0,0.0,0,0
SUP0191,2025-02,17,0.3529,5.24,1.0,305439.8,4,1
SUP0191,2025-03,10,0.9,-0.4,1.0,0.0,0,0
SUP0191,2025-04,21,1.0,-0.19,1.0,0.0,0,0
SUP0191,2025-05,12,0.6667,1.5,1.0,0.0,0,0
SUP0191,2025-06,12,1.0,-0.25,1.0,0.0,0,0
SUP0191,2025-07,12,0.5,2.83,0.9942,0.0,0,0
SUP0191,2025-08,8,0.625,1.38,1.0,0.0,0,0
SUP0191,2025-09,19,0.8421,0.63,0.9862,106873.2,0,0
SUP0191,2025-10,10,1.0,-0.2,1.0,0.0,0,0
SUP0191,2025-11,15,1.0,-0.33,1.0,0.0,0,0
SUP0191,2025-12,12,0.7,2.3,1.0,0.0,0,0
SUP0192,2023-01,3,0.3333,7.0,1.0,0.0,0,0
SUP0192,2023-02,5,0.2,5.4,0.973,0.0,0,0
SUP0192,2023-03,10,0.8,1.2,1.0,0.0,0,0
SUP0192,2023-04,9,0.5556,2.67,1.0,0.0,0,0
SUP0192,2023-05,11,0.6364,1.91,0.993,0.0,0,0
SUP0192,2023-06,8,0.875,-0.25,1.0,0.0,0,0
SUP0192,2023-07,13,0.5385,0.31,0.9911,0.0,0,0
SUP0192,2023-08,6,0.6667,1.83,1.0,0.0,0,0
SUP0192,2023-09,10,0.6,4.0,1.0,0.0,0,0
SUP0192,2023-10,9,0.5556,3.67,0.9773,0.0,0,0
SUP0192,2023-11,11,0.6364,2.91,1.0,0.0,0,0
SUP0192,2023-12,7,0.8571,-0.71,0.9487,0.0,0,0
SUP0192,2024-01,8,0.5,3.5,1.0,0.0,0,0
SUP0192,2024-02,10,0.6,1.0,0.9808,0.0,0,0
SUP0192,2024-03,8,0.5,1.88,1.0,0.0,0,0
SUP0192,2024-04,15,0.5333,3.67,0.9792,0.0,0,0
SUP0192,2024-05,6,0.5,2.5,0.9742,0.0,0,0
SUP0192,2024-06,5,0.8,1.6,1.0,0.0,0,0
SUP0192,2024-07,10,0.5,2.9,1.0,0.0,0,0
SUP0192,2024-08,7,0.5714,1.86,1.0,0.0,0,0
SUP0192,2024-09,12,0.4167,3.42,0.951,0.0,0,0
SUP0192,2024-10,8,0.375,5.0,1.0,0.0,0,0
SUP0192,2024-11,7,0.8571,0.57,1.0,83720.8,0,0
SUP0192,2024-12,13,0.7692,0.92,0.924,40393.7,0,0
SUP0192,2025-01,6,0.8333,0.5,1.0,0.0,0,0
SUP0192,2025-02,8,0.875,-0.12,0.9372,0.0,0,0
SUP0192,2025-03,10,0.3,2.1,0.986,0.0,0,0
SUP0192,2025-04,5,0.4,5.2,0.9837,0.0,0,0
SUP0192,2025-05,10,0.9,-0.6,1.0,0.0,0,0
SUP0192,2025-06,8,0.75,0.75,1.0,0.0,0,0
SUP0192,2025-07,11,0.6364,2.55,1.0,0.0,0,0
SUP0192,2025-08,5,1.0,0.0,1.0,0.0,0,0
SUP0192,2025-09,11,0.7273,1.18,0.9919,0.0,0,0
SUP0192,2025-10,12,0.8333,1.25,1.0,89813.2,0,0
SUP0192,2025-11,10,0.7,3.0,1.0,0.0,0,0
SUP0192,2025-12,9,1.0,-0.38,1.0,0.0,0,0
SUP0193,2023-01,5,1.0,-0.4,1.0,0.0,0,0
SUP0193,2023-02,5,0.6,1.2,1.0,0.0,0,0
SUP0193,2023-03,16,0.5625,3.75,1.0,0.0,0,0
SUP0193,2023-04,8,0.875,0.12,1.0,0.0,0,0
SUP0193,2023-05,14,0.6429,2.93,1.0,0.0,0,0
SUP0193,2023-06,13,0.6154,0.92,1.0,0.0,0,0
SUP0193,2023-07,11,0.6364,1.09,1.0,0.0,0,0
SUP0193,2023-08,11,0.4545,2.18,0.8662,0.0,0,0
SUP0193,2023-09,9,1.0,0.0,1.0,0.0,0,0
SUP0193,2023-10,12,0.6667,1.33,0.9875,0.0,0,0
SUP0193,2023-11,5,0.6,5.6,0.7317,0.0,0,0
SUP0193,2023-12,15,0.8,1.6,1.0,0.0,0,0
SUP0193,2024-01,16,0.5625,3.12,1.0,0.0,0,0
SUP0193,2024-02,14,0.6429,-0.07,0.9428,0.0,0,0
SUP0193,2024-03,11,0.6364,1.18,1.0,0.0,0,0
SUP0193,2024-04,16,0.75,0.69,0.996,71139.2,0,0
SUP0193,2024-05,12,0.75,1.17,1.0,0.0,0,0
SUP0193,2024-06,8,0.5,6.25,1.0,29957.6,0,0
SUP0193,2024-07,14,0.5714,2.5,0.9355,0.0,0,0
SUP0193,2024-08,9,0.8889,0.22,1.0,0.0,0,0
SUP0193,2024-09,18,0.8333,0.33,1.0,10683.6,0,0
SUP0193,2024-10,12,0.6667,0.42,0.987,0.0,0,0
SUP0193,2024-11,17,0.7647,1.88,1.0,0.0,0,0
SUP0193,2024-12,15,0.6667,1.4,1.0,0.0,0,0
SUP0193,2025-01,14,0.9286,0.14,1.0,0.0,0,0
SUP0193,2025-02,9,0.8889,0.22,1.0,0.0,0,0
SUP0193,2025-03,19,0.7895,1.58,0.9569,0.0,0,0
SUP0193,2025-04,9,0.6667,0.44,0.7905,0.0,0,0
SUP0193,2025-05,13,0.9231,0.46,1.0,0.0,0,0
SUP0193,2025-06,12,0.6667,2.67,1.0,0.0,0,0
SUP0193,2025-07,10,0.6,2.6,1.0,0.0,0,0
SUP0193,2025-08,13,0.6923,1.69,1.0,30102.0,0,0
SUP0193,2025-09,13,0.7692,2.38,1.0,93246.3,0,0
SUP0193,2025-10,11,0.6364,0.82,0.9832,0.0,0,0
SUP0193,2025-11,7,0.7143,0.71,0.9351,0.0,0,0
SUP0193,2025-12,11,0.7273,0.0,0.9918,0.0,0,0
SUP0194,2023-01,3,0.3333,4.0,1.0,0.0,0,0
SUP0194,2023-02,2,0.0,8.0,1.0,0.0,0,0
SUP0194,2023-03,1,0.0,11.0,1.0,0.0,0,0
SUP0194,2023-04,1,0.0,11.0,0.4183,0.0,0,0
SUP0194,2023-05,3,0.0,7.0,1.0,0.0,0,0
SUP0194,2023-06,4,0.5,0.75,1.0,0.0,0,0
SUP0194,2023-07,5,0.4,6.0,1.0,0.0,0,0
SUP0194,2023-08,1,0.0,11.0,1.0,0.0,0,0
SUP0194,2023-09,2,0.5,2.5,1.0,0.0,0,0
SUP0194,2023-10,1,0.0,8.0,1.0,0.0,0,0
SUP0194,2023-11,1,1.0,-2.0,1.0,0.0,0,0
SUP0194,2023-12,4,0.25,5.0,1.0,0.0,0,0
SUP0194,2024-01,2,0.0,2.0,1.0,0.0,0,0
SUP0194,2024-04,2,0.0,5.5,1.0,0.0,0,0
SUP0194,2024-05,3,0.0,9.0,0.7071,0.0,0,0
SUP0194,2024-06,3,0.0,10.33,1.0,0.0,0,0
SUP0194,2024-07,2,0.0,5.5,1.0,0.0,0,0
SUP0194,2024-08,2,0.0,4.5,1.0,0.0,0,0
SUP0194,2024-09,1,0.0,6.0,1.0,0.0,0,0
SUP0194,2024-10,1,0.0,3.0,1.0,0.0,0,0
SUP0194,2024-11,2,0.0,2.5,1.0,0.0,0,0
SUP0194,2024-12,2,0.0,6.0,1.0,0.0,0,0
SUP0194,2025-01,2,0.0,10.5,1.0,0.0,0,0
SUP0194,2025-02,1,0.0,8.0,1.0,0.0,0,0
SUP0194,2025-03,2,0.0,2.5,1.0,0.0,0,0
SUP0194,2025-05,3,0.0,7.0,1.0,0.0,0,0
SUP0194,2025-06,4,0.0,9.0,0.8629,0.0,0,0
SUP0194,2025-07,2,0.0,7.0,1.0,0.0,0,0
SUP0194,2025-08,1,0.0,5.0,1.0,0.0,0,0
SUP0194,2025-09,4,0.25,6.5,1.0,0.0,0,0
SUP0194,2025-10,3,0.0,5.0,1.0,0.0,0,0
SUP0194,2025-11,1,0.0,9.0,1.0,0.0,0,0
SUP0194,2025-12,4,,,,0.0,0,0
SUP0195,2023-03,4,0.5,2.5,0.9462,0.0,0,0
SUP0195,2023-06,1,0.0,7.0,1.0,0.0,0,0
SUP0195,2023-07,3,0.3333,8.33,1.0,0.0,0,0
SUP0195,2023-08,2,0.0,9.0,1.0,0.0,0,0
SUP0195,2023-09,2,0.5,2.5,1.0,0.0,0,0
SUP0195,2023-10,2,0.0,9.0,1.0,0.0,0,0
SUP0195,2023-11,1,0.0,12.0,1.0,0.0,0,0
SUP0195,2023-12,3,0.3333,3.67,1.0,0.0,0,0
SUP0195,2024-01,2,0.5,6.5,1.0,0.0,0,0
SUP0195,2024-02,5,0.4,2.6,1.0,0.0,0,0
SUP0195,2024-03,2,0.0,11.5,0.6247,0.0,0,0
SUP0195,2024-04,3,0.3333,2.67,1.0,0.0,0,0
SUP0195,2024-05,2,0.0,2.5,1.0,0.0,0,0
SUP0195,2024-06,1,0.0,12.0,0.635,0.0,0,0
SUP0195,2024-07,1,0.0,6.0,1.0,0.0,0,0
SUP0195,2024-08,3,0.3333,8.67,1.0,0.0,0,0
SUP0195,2024-09,2,0.0,6.0,1.0,0.0,0,0
SUP0195,2024-10,3,0.0,3.33,1.0,0.0,0,0
SUP0195,2024-11,4,0.25,3.25,0.957,0.0,0,0
SUP0195,2024-12,2,0.0,8.0,1.0,0.0,0,0
SUP0195,2025-01,3,0.0,3.67,1.0,0.0,0,0
SUP0195,2025-02,1,0.0,-1.0,0.2781,0.0,0,0
SUP0195,2025-03,4,0.0,4.5,1.0,0.0,0,0
SUP0195,2025-04,6,0.1667,4.0,1.0,0.0,0,0
SUP0195,2025-05,1,0.0,-3.0,0.177,0.0,0,0
SUP0195,2025-06,1,0.0,9.0,1.0,0.0,0,0
SUP0195,2025-07,2,0.0,8.5,1.0,0.0,0,0
SUP0195,2025-08,2,0.0,5.5,1.0,0.0,0,0
SUP0195,2025-09,1,1.0,-1.0,1.0,0.0,0,0
SUP0195,2025-10,2,0.0,10.0,1.0,0.0,0,0
SUP0195,2025-11,2,0.5,6.5,1.0,0.0,0,0
SUP0195,2025-12,4,0.0,10.0,1.0,0.0,0,0
SUP0196,2023-02,0,,,,0.0,2,1
SUP0196,2023-03,1,0.0,5.0,1.0,0.0,0,0
SUP0196,2023-04,1,0.0,8.0,1.0,0.0,0,0
SUP0196,2023-05,1,0.0,3.0,1.0,0.0,0,0
SUP0196,2023-06,2,0.0,8.5,1.0,0.0,0,0
SUP0196,2023-07,2,0.5,-0.5,1.0,0.0,0,0
SUP0196,2023-08,3,0.0,8.33,1.0,0.0,0,0
SUP0196,2023-09,3,0.0,7.67,1.0,0.0,0,0
SUP0196,2023-11,2,0.5,2.5,0.9835,0.0,0,0
SUP0196,2023-12,3,0.0,6.0,1.0,0.0,0,0
SUP0196,2024-02,1,0.0,-2.0,0.215,0.0,0,0
SUP0196,2024-03,2,0.0,5.5,1.0,0.0,0,0
SUP0196,2024-04,5,0.2,10.2,0.9234,0.0,0,0
SUP0196,2024-05,6,0.1667,7.83,1.0,0.0,0,0
SUP0196,2024-06,3,0.0,10.33,0.8459,0.0,0,0
SUP0196,2024-07,3,0.0,5.67,1.0,0.0,0,0
SUP0196,2024-09,3,0.0,7.33,1.0,0.0,0,0
SUP0196,2024-10,1,1.0,0.0,1.0,0.0,0,0
SUP0196,2024-11,1,0.0,6.0,1.0,0.0,0,0
SUP0196,2024-12,2,0.0,10.0,1.0,0.0,0,0
SUP0196,2025-01,3,0.0,5.33,1.0,0.0,0,0
SUP0196,2025-02,1,0.0,7.0,1.0,0.0,0,0
SUP0196,2025-03,5,0.2,4.8,0.8127,0.0,0,0
SUP0196,2025-04,1,0.0,1.0,1.0,0.0,0,0
SUP0196,2025-05,1,0.0,13.0,1.0,0.0,0,0
SUP0196,2025-06,1,0.0,2.0,1.0,0.0,0,0
SUP0196,2025-07,1,0.0,14.0,1.0,0.0,0,0
SUP0196,2025-08,6,0.0,9.17,1.0,0.0,0,0
SUP0196,2025-10,2,0.0,7.5,1.0,0.0,0,0
SUP0196,2025-11,3,0.3333,7.33,1.0,0.0,0,0
SUP0196,2025-12,2,1.0,0.0,1.0,0.0,0,0
SUP0197,2023-01,5,0.6,5.4,1.0,0.0,0,0
SUP0197,2023-02,7,0.5714,1.14,0.9746,0.0,0,0
SUP0197,2023-03,11,0.8182,1.27,0.9226,0.0,0,0
SUP0197,2023-04,9,0.6667,1.22,0.9972,0.0,0,0
SUP0197,2023-05,14,0.7857,-0.07,0.994,0.0,0,0
SUP0197,2023-06,15,0.6667,1.13,0.9365,0.0,0,0
SUP0197,2023-07,9,0.6667,1.67,1.0,0.0,0,0
SUP0197,2023-08,9,0.7778,0.78,0.8887,0.0,0,0
SUP0197,2023-09,8,0.75,0.75,1.0,0.0,0,0
SUP0197,2023-10,7,0.8571,1.57,1.0,0.0,0,0
SUP0197,2023-11,9,0.8889,-0.56,1.0,0.0,0,0
SUP0197,2023-12,12,0.4167,1.42,0.9824,854157.6,1,0
SUP0197,2024-01,12,0.75,0.83,0.9809,2264.5,0,0
SUP0197,2024-02,9,0.6667,1.44,1.0,0.0,0,0
SUP0197,2024-03,12,0.6667,0.5,1.0,0.0,0,0
SUP0197,2024-04,8,0.625,2.5,0.9774,0.0,0,0
SUP0197,2024-05,9,0.8889,0.22,1.0,0.0,0,0
SUP0197,2024-06,10,0.5,2.7,1.0,0.0,0,0
SUP0197,2024-07,8,1.0,-0.5,1.0,0.0,0,0
SUP0197,2024-08,9,0.4444,3.78,1.0,0.0,0,0
SUP0197,2024-09,9,0.6667,0.44,0.9978,0.0,0,0
SUP0197,2024-10,10,0.8,0.5,0.9869,0.0,0,0
SUP0197,2024-11,10,0.7,2.0,1.0,0.0,0,0
SUP0197,2024-12,13,0.6923,0.54,1.0,0.0,0,0
SUP0197,2025-01,8,0.75,1.88,1.0,0.0,0,0
SUP0197,2025-02,9,0.4444,2.56,1.0,0.0,0,0
SUP0197,2025-03,8,0.625,0.25,0.9662,0.0,0,0
SUP0197,2025-04,11,0.8182,1.0,0.7928,0.0,0,0
SUP0197,2025-05,9,0.8889,0.33,1.0,0.0,0,0
SUP0197,2025-06,16,0.625,2.56,1.0,0.0,0,0
SUP0197,2025-07,5,0.6,1.0,1.0,0.0,0,0
SUP0197,2025-08,11,0.7273,1.09,0.8786,0.0,0,0
SUP0197,2025-09,12,0.6667,1.25,1.0,380553.3,0,0
SUP0197,2025-10,9,0.7778,0.22,0.9328,0.0,0,0
SUP0197,2025-11,12,0.6667,1.42,0.8588,0.0,0,0
SUP0197,2025-12,4,0.6667,0.67,1.0,0.0,0,0
SUP0198,2023-02,1,0.0,6.0,1.0,0.0,0,0
SUP0198,2023-03,1,0.0,14.0,1.0,0.0,0,0
SUP0198,2023-04,1,0.0,13.0,1.0,0.0,0,0
SUP0198,2023-05,3,0.3333,4.33,1.0,0.0,0,0
SUP0198,2023-06,3,0.3333,8.0,1.0,0.0,0,0
SUP0198,2023-07,2,0.0,6.0,1.0,0.0,0,0
SUP0198,2023-08,4,0.0,6.0,1.0,0.0,0,0
SUP0198,2023-09,2,0.0,4.0,0.9732,0.0,0,0
SUP0198,2023-10,3,0.3333,6.0,1.0,0.0,0,0
SUP0198,2023-11,4,0.5,2.5,1.0,0.0,0,0
SUP0198,2023-12,1,0.0,7.0,1.0,0.0,0,0
SUP0198,2024-01,5,0.4,2.2,0.9119,0.0,0,0
SUP0198,2024-02,2,0.0,2.5,1.0,0.0,0,0
SUP0198,2024-03,5,0.2,5.4,1.0,0.0,0,0
SUP0198,2024-04,2,0.5,-1.0,1.0,0.0,0,0
SUP0198,2024-05,3,0.3333,7.33,1.0,0.0,0,0
SUP0198,2024-08,2,0.0,12.5,1.0,0.0,0,0
SUP0198,2024-09,1,0.0,4.0,1.0,0.0,0,0
SUP0198,2024-10,2,0.0,10.5,1.0,0.0,0,0
SUP0198,2024-11,2,0.5,5.5,1.0,0.0,0,0
SUP0198,2024-12,2,0.0,4.5,0.4703,0.0,0,0
SUP0198,2025-02,1,0.0,10.0,1.0,0.0,0,0
SUP0198,2025-03,1,0.0,10.0,1.0,0.0,0,0
SUP0198,2025-04,3,0.3333,5.67,1.0,0.0,0,0
SUP0198,2025-05,3,0.0,6.0,1.0,0.0,0,0
SUP0198,2025-06,1,0.0,1.0,1.0,0.0,0,0
SUP0198,2025-07,1,0.0,5.0,1.0,0.0,0,0
SUP0198,2025-08,2,0.0,9.0,1.0,0.0,0,0
SUP0198,2025-09,2,0.5,5.5,1.0,0.0,0,0
SUP0198,2025-10,3,0.0,4.33,0.7911,0.0,0,0
SUP0198,2025-12,7,0.25,1.5,1.0,0.0,0,0
SUP0199,2023-01,6,0.8333,0.33,1.0,0.0,1,0
SUP0199,2023-02,8,0.625,2.12,1.0,72005.5,1,0
SUP0199,2023-03,10,0.7,1.8,1.0,0.0,0,0
SUP0199,2023-04,8,0.75,-0.12,0.9984,0.0,0,0
SUP0199,2023-05,8,0.625,1.12,1.0,0.0,0,0
SUP0199,2023-06,10,0.6,2.2,1.0,0.0,0,0
SUP0199,2023-07,9,0.6667,1.78,0.9987,0.0,0,0
SUP0199,2023-08,9,0.6667,2.0,1.0,0.0,0,0
SUP0199,2023-09,14,0.8571,0.21,0.9998,0.0,0,0
SUP0199,2023-10,9,0.7778,0.78,1.0,0.0,0,0
SUP0199,2023-11,11,0.4545,3.27,0.9994,0.0,0,0
SUP0199,2023-12,10,0.9,-0.2,1.0,0.0,0,0
SUP0199,2024-01,11,0.6364,0.91,0.9988,2253.1,2,1
SUP0199,2024-02,10,0.4,4.8,1.0,4553.0,0,0
SUP0199,2024-03,11,0.7273,0.82,0.9801,0.0,0,0
SUP0199,2024-04,6,0.8333,1.33,1.0,0.0,0,0
SUP0199,2024-05,10,0.9,-0.1,1.0,0.0,0,0
SUP0199,2024-06,11,0.6364,2.0,0.7131,0.0,0,0
SUP0199,2024-07,10,0.3,1.2,0.9478,0.0,0,0
SUP0199,2024-08,12,0.5,5.92,0.9806,0.0,0,0
SUP0199,2024-09,8,0.75,0.88,1.0,0.0,0,0
SUP0199,2024-10,12,0.5833,1.33,0.9825,0.0,0,0
SUP0199,2024-11,11,0.9091,-0.18,0.9933,1152.8,0,0
SUP0199,2024-12,14,0.7143,0.43,1.0,0.0,0,0
SUP0199,2025-01,13,0.5385,1.62,0.9434,0.0,0,0
SUP0199,2025-02,12,0.5833,2.25,1.0,12366.8,0,0
SUP0199,2025-03,18,0.5556,3.06,0.9165,0.0,0,0
SUP0199,2025-04,10,0.3,3.4,0.9128,0.0,0,0
SUP0199,2025-05,14,0.5714,1.57,1.0,0.0,0,0
SUP0199,2025-06,15,0.5333,3.13,0.9849,1332.9,0,0
SUP0199,2025-07,11,0.5455,3.82,0.8215,0.0,0,0
SUP0199,2025-08,14,0.7857,0.57,0.9981,0.0,0,0
SUP0199,2025-09,14,0.5,2.57,1.0,0.0,0,0
SUP0199,2025-10,13,0.6923,3.69,0.7475,0.0,0,0
SUP0199,2025-11,9,0.6667,3.11,1.0,0.0,0,0
SUP0199,2025-12,12,0.9091,-0.09,1.0,0.0,0,0
SUP0200,2023-01,3,0.3333,11.67,1.0,171192.7,0,0
SUP0200,2023-02,8,0.75,1.0,1.0,0.0,0,0
SUP0200,2023-03,7,0.5714,3.29,1.0,0.0,0,0
SUP0200,2023-04,7,0.5714,3.14,1.0,0.0,0,0
SUP0200,2023-05,20,0.75,0.9,1.0,0.0,0,0
SUP0200,2023-06,14,0.8571,0.21,1.0,92075.4,0,0
SUP0200,2023-07,11,0.7273,2.55,1.0,0.0,0,0
SUP0200,2023-08,16,0.875,1.06,1.0,0.0,0,0
SUP0200,2023-09,10,0.6,3.2,0.9357,0.0,0,0
SUP0200,2023-10,9,0.7778,0.78,0.983,0.0,0,0
SUP0200,2023-11,16,0.5625,1.19,0.9323,0.0,0,0
SUP0200,2023-12,8,0.875,-0.12,1.0,205806.6,0,0
SUP0200,2024-01,14,0.8571,0.64,0.9858,0.0,0,0
SUP0200,2024-02,8,0.625,3.12,0.9852,0.0,0,0
SUP0200,2024-03,17,0.7647,2.59,1.0,0.0,0,0
SUP0200,2024-04,13,0.9231,0.54,1.0,0.0,0,0
SUP0200,2024-05,14,0.7143,1.79,0.9957,0.0,0,0
SUP0200,2024-06,14,0.8571,0.71,1.0,0.0,0,0
SUP0200,2024-07,9,0.8889,0.56,1.0,0.0,0,0
SUP0200,2024-08,10,0.7,1.5,1.0,0.0,0,0
SUP0200,2024-09,13,0.7692,1.0,0.8804,0.0,0,0
SUP0200,2024-10,14,0.8571,0.71,1.0,0.0,0,0
SUP0200,2024-11,18,0.6667,2.11,1.0,0.0,0,0
SUP0200,2024-12,18,0.7778,0.56,1.0,0.0,0,0
SUP0200,2025-01,7,0.8571,1.71,1.0,0.0,0,0
SUP0200,2025-02,9,0.8889,0.56,0.9153,0.0,0,0
SUP0200,2025-03,9,0.6667,0.89,1.0,0.0,0,0
SUP0200,2025-04,11,0.7273,1.82,1.0,0.0,0,0
SUP0200,2025-05,9,1.0,0.0,1.0,0.0,0,0
SUP0200,2025-06,21,0.9048,0.33,1.0,26857.2,0,0
SUP0200,2025-07,13,0.9231,-0.46,1.0,0.0,0,0
SUP0200,2025-08,16,0.875,0.12,0.9945,0.0,0,0
SUP0200,2025-09,20,0.9,0.75,1.0,0.0,0,0
SUP0200,2025-10,11,0.7273,1.64,1.0,69903.3,0,0
SUP0200,2025-11,14,0.7143,2.0,0.9889,0.0,0,0
SUP0200,2025-12,12,0.9091,0.27,1.0,0.0,0,0
SUP0201,2023-01,3,0.6667,0.33,1.0,0.0,1,1
SUP0201,2023-02,16,0.0,9.44,1.0,8653.2,2,2
SUP0201,2023-03,9,0.4444,1.44,0.9997,0.0,0,0
SUP0201,2023-04,13,0.7692,1.62,1.0,0.0,0,0
SUP0201,2023-05,16,0.8125,1.06,1.0,0.0,0,0
SUP0201,2023-06,9,0.8889,0.56,1.0,0.0,0,0
SUP0201,2023-07,12,0.8333,-0.42,1.0,0.0,0,0
SUP0201,2023-08,9,0.7778,1.44,1.0,0.0,0,0
SUP0201,2023-09,8,0.875,0.75,1.0,0.0,0,0
SUP0201,2023-10,13,0.8462,1.54,1.0,0.0,0,0
SUP0201,2023-11,16,0.75,1.88,1.0,0.0,0,0
SUP0201,2023-12,13,0.7692,2.0,1.0,0.0,0,0
SUP0201,2024-01,12,0.5833,3.5,1.0,589502.9,3,1
SUP0201,2024-02,18,0.0,7.67,0.9713,8582.5,5,2
SUP0201,2024-03,7,0.7143,1.14,1.0,0.0,0,0
SUP0201,2024-04,18,0.7222,1.33,1.0,0.0,0,0
SUP0201,2024-05,9,0.8889,0.33,1.0,0.0,0,0
SUP0201,2024-06,16,0.5,3.88,1.0,0.0,0,0
SUP0201,2024-07,16,0.625,1.88,1.0,0.0,0,0
SUP0201,2024-08,9,0.7778,1.11,1.0,0.0,0,0
SUP0201,2024-09,11,0.6364,1.36,1.0,0.0,0,0
SUP0201,2024-10,8,0.875,1.0,1.0,0.0,0,0
SUP0201,2024-11,7,0.8571,1.86,1.0,0.0,0,0
SUP0201,2024-12,12,0.6667,1.08,0.9588,0.0,0,0
SUP0201,2025-01,9,0.7778,0.0,1.0,0.0,1,0
SUP0201,2025-02,10,0.3,6.6,1.0,0.0,2,1
SUP0201,2025-03,15,0.8667,1.33,0.9987,0.0,0,0
SUP0201,2025-04,14,0.7143,1.29,0.9997,0.0,0,0
SUP0201,2025-05,8,0.875,0.75,1.0,0.0,0,0
SUP0201,2025-06,10,0.7,2.4,1.0,0.0,0,0
SUP0201,2025-07,11,0.8182,0.36,0.9999,123250.3,0,0
SUP0201,2025-08,10,0.8,0.6,1.0,187984.7,0,0
SUP0201,2025-09,13,0.7692,0.92,0.9751,0.0,0,0
SUP0201,2025-10,12,0.75,1.67,1.0,0.0,0,0
SUP0201,2025-11,8,0.625,0.75,1.0,0.0,0,0
SUP0201,2025-12,10,1.0,0.0,1.0,0.0,0,0
SUP0202,2023-01,6,1.0,0.0,1.0,0.0,0,0
SUP0202,2023-02,9,0.7778,1.33,0.8834,71824.5,0,0
SUP0202,2023-03,11,0.8182,1.18,1.0,0.0,0,0
SUP0202,2023-04,14,0.4286,4.86,1.0,151673.6,2,1
SUP0202,2023-05,15,0.8667,0.73,1.0,0.0,0,0
SUP0202,2023-06,14,0.8571,0.57,1.0,0.0,1,1
SUP0202,2023-07,11,0.8182,2.27,0.9002,96714.8,2,0
SUP0202,2023-08,15,0.6,3.6,1.0,197417.3,2,1
SUP0202,2023-09,9,1.0,-0.56,1.0,0.0,0,0
SUP0202,2023-10,13,0.9231,0.62,1.0,0.0,0,0
SUP0202,2023-11,11,0.7273,0.0,0.997,0.0,0,0
SUP0202,2023-12,9,1.0,-0.56,1.0,0.0,0,0
SUP0202,2024-01,10,0.9,0.2,1.0,0.0,0,0
SUP0202,2024-02,7,0.7143,1.29,0.9658,76178.5,0,0
SUP0202,2024-03,15,0.7333,2.4,0.9513,0.0,0,0
SUP0202,2024-04,20,0.8,1.2,0.9679,0.0,0,0
SUP0202,2024-05,8,0.875,0.5,1.0,0.0,2,2
SUP0202,2024-06,9,0.7778,3.0,1.0,188459.1,0,0
SUP0202,2024-07,10,0.8,1.7,1.0,170364.9,2,2
SUP0202,2024-08,15,0.7333,1.6,1.0,181845.3,2,1
SUP0202,2024-09,11,0.8182,0.82,0.977,0.0,0,0
SUP0202,2024-10,12,0.6667,2.67,0.9832,243038.3,2,1
SUP0202,2024-11,14,0.9286,0.57,1.0,0.0,0,0
SUP0202,2024-12,17,0.7647,1.06,0.9579,0.0,0,0
SUP0202,2025-01,12,0.6667,1.25,0.9813,124220.8,2,0
SUP0202,2025-02,11,0.9091,0.91,1.0,0.0,0,0
SUP0202,2025-03,13,0.6154,3.46,1.0,0.0,0,0
SUP0202,2025-04,8,0.125,8.25,1.0,266211.7,2,1
SUP0202,2025-05,12,0.8333,1.0,1.0,0.0,0,0
SUP0202,2025-06,12,0.8333,1.17,1.0,0.0,0,0
SUP0202,2025-07,11,0.9091,-0.27,1.0,0.0,0,0
SUP0202,2025-08,11,0.9091,-0.18,0.9952,0.0,0,0
SUP0202,2025-09,11,0.8182,0.18,1.0,38584.9,0,0
SUP0202,2025-10,11,0.9091,0.91,1.0,0.0,0,0
SUP0202,2025-11,11,0.8182,1.91,1.0,0.0,0,0
SUP0202,2025-12,12,0.9167,-0.42,1.0,0.0,0,0
SUP0203,2023-02,2,1.0,0.0,1.0,0.0,0,0
SUP0203,2023-03,2,0.5,4.5,1.0,0.0,0,0
SUP0203,2023-04,4,0.5,4.5,1.0,0.0,0,0
SUP0203,2023-05,1,0.0,7.0,1.0,0.0,0,0
SUP0203,2023-06,2,0.0,10.0,1.0,0.0,0,0
SUP0203,2023-07,1,0.0,5.0,0.1589,0.0,0,0
SUP0203,2023-08,3,0.0,5.33,1.0,0.0,0,0
SUP0203,2023-10,2,0.5,0.0,1.0,0.0,0,0
SUP0203,2023-11,2,0.5,5.0,0.6358,0.0,0,0
SUP0203,2023-12,2,0.5,4.5,1.0,0.0,0,0
SUP0203,2024-01,1,0.0,2.0,1.0,0.0,0,0
SUP0203,2024-02,2,0.0,5.5,0.7829,0.0,0,0
SUP0203,2024-03,1,1.0,-2.0,1.0,0.0,0,0
SUP0203,2024-05,1,0.0,-3.0,0.6683,0.0,0,0
SUP0203,2024-06,2,0.0,7.5,1.0,0.0,0,0
SUP0203,2024-08,2,0.0,10.5,0.6864,0.0,0,0
SUP0203,2024-11,3,0.0,6.0,1.0,0.0,0,0
SUP0203,2024-12,5,0.4,2.4,1.0,0.0,0,0
SUP0203,2025-02,5,0.2,5.4,1.0,0.0,0,0
SUP0203,2025-03,5,0.2,6.4,0.8997,0.0,0,0
SUP0203,2025-04,1,0.0,11.0,1.0,0.0,0,0
SUP0203,2025-05,3,0.0,6.33,0.8476,0.0,0,0
SUP0203,2025-06,2,1.0,-2.0,1.0,0.0,0,0
SUP0203,2025-08,3,0.0,11.0,1.0,0.0,0,0
SUP0203,2025-09,2,0.0,8.0,1.0,0.0,0,0
SUP0203,2025-10,2,0.5,0.5,1.0,0.0,0,0
SUP0203,2025-11,4,0.5,4.25,1.0,0.0,0,0
SUP0204,2023-02,1,1.0,-3.0,1.0,0.0,0,0
SUP0204,2023-03,5,0.2,4.2,1.0,0.0,0,0
SUP0204,2023-05,4,0.25,4.25,1.0,0.0,0,0
SUP0204,2023-06,3,0.3333,5.33,1.0,0.0,0,0
SUP0204,2023-07,1,0.0,11.0,1.0,0.0,0,0
SUP0204,2023-08,4,0.0,9.25,1.0,0.0,0,0
SUP0204,2023-09,1,0.0,6.0,0.4739,0.0,0,0
SUP0204,2023-10,6,0.3333,4.17,0.9296,0.0,0,0
SUP0204,2023-11,3,0.0,7.33,1.0,0.0,0,0
SUP0204,2023-12,3,0.0,8.0,0.7881,0.0,0,0
SUP0204,2024-01,2,0.0,8.5,1.0,0.0,0,0
SUP0204,2024-02,1,0.0,6.0,1.0,0.0,0,0
SUP0204,2024-03,4,0.0,7.5,0.9583,0.0,0,0
SUP0204,2024-05,2,0.5,4.0,1.0,0.0,0,0
SUP0204,2024-06,2,1.0,-0.5,1.0,0.0,0,0
SUP0204,2024-07,1,1.0,-1.0,1.0,0.0,0,0
SUP0204,2024-08,1,1.0,-2.0,1.0,0.0,0,0
SUP0204,2024-09,1,0.0,3.0,1.0,0.0,0,0
SUP0204,2024-10,1,0.0,11.0,0.2807,0.0,0,0
SUP0204,2024-11,1,1.0,-1.0,1.0,0.0,0,0
SUP0204,2024-12,1,1.0,-3.0,1.0,0.0,0,0
SUP0204,2025-01,5,0.4,4.0,1.0,0.0,0,0
SUP0204,2025-04,1,0.0,9.0,1.0,0.0,0,0
SUP0204,2025-05,1,0.0,2.0,0.7923,0.0,0,0
SUP0204,2025-06,1,0.0,14.0,1.0,0.0,0,0
SUP0204,2025-07,1,0.0,14.0,1.0,0.0,0,0
SUP0204,2025-08,2,0.0,4.0,1.0,0.0,0,0
SUP0204,2025-09,4,0.25,7.75,1.0,0.0,0,0
SUP0204,2025-10,2,0.0,4.0,1.0,0.0,0,0
SUP0204,2025-11,4,0.0,3.75,1.0,0.0,0,0
SUP0205,2023-02,3,0.0,7.67,1.0,0.0,0,0
SUP0205,2023-03,7,0.1429,3.43,1.0,0.0,0,0
SUP0205,2023-04,3,0.0,8.67,0.7356,0.0,0,0
SUP0205,2023-05,3,0.3333,6.0,1.0,0.0,0,0
SUP0205,2023-06,3,0.3333,2.33,0.8472,0.0,0,0
SUP0205,2023-07,1,1.0,-1.0,1.0,0.0,0,0
SUP0205,2023-09,3,0.3333,3.33,1.0,0.0,0,0
SUP0205,2023-10,3,0.0,9.67,1.0,0.0,0,0
SUP0205,2023-11,2,0.0,3.0,1.0,0.0,0,0
SUP0205,2023-12,6,0.1667,5.67,0.9782,0.0,0,0
SUP0205,2024-01,2,0.0,9.0,1.0,0.0,0,0
SUP0205,2024-02,2,0.0,9.5,1.0,0.0,0,0
SUP0205,2024-03,3,0.0,9.67,1.0,0.0,0,0
SUP0205,2024-05,3,0.0,6.0,1.0,0.0,0,0
SUP0205,2024-06,2,0.5,6.5,1.0,0.0,0,0
SUP0205,2024-07,1,1.0,-3.0,1.0,0.0,0,0
SUP0205,2024-08,4,0.0,9.0,1.0,0.0,0,0
SUP0205,2024-09,2,0.0,6.5,1.0,0.0,0,0
SUP0205,2024-10,1,0.0,13.0,1.0,0.0,0,0
SUP0205,2024-11,1,0.0,8.0,1.0,0.0,0,0
SUP0205,2025-01,3,0.0,4.67,1.0,0.0,0,0
SUP0205,2025-02,1,0.0,5.0,1.0,0.0,0,0
SUP0205,2025-04,5,0.6,2.0,1.0,0.0,0,0
SUP0205,2025-05,3,0.0,11.67,1.0,0.0,0,0
SUP0205,2025-06,1,1.0,-2.0,1.0,0.0,0,0
SUP0205,2025-07,4,0.25,5.0,1.0,0.0,0,0
SUP0205,2025-08,1,0.0,7.0,1.0,0.0,0,0
SUP0205,2025-09,2,0.0,7.0,1.0,0.0,0,0
SUP0205,2025-10,2,0.0,9.5,1.0,0.0,0,0
SUP0205,2025-11,1,0.0,9.0,1.0,0.0,0,0
SUP0205,2025-12,5,0.0,3.5,0.4708,0.0,0,0
SUP0206,2023-01,5,1.0,0.0,1.0,0.0,0,0
SUP0206,2023-02,12,0.6667,3.67,1.0,0.0,0,0
SUP0206,2023-03,7,0.5714,2.14,0.669,0.0,0,0
SUP0206,2023-04,9,0.7778,0.0,0.998,0.0,0,0
SUP0206,2023-05,8,0.5,2.38,1.0,0.0,0,0
SUP0206,2023-06,10,0.7,2.0,1.0,0.0,0,0
SUP0206,2023-07,8,0.875,1.12,1.0,0.0,0,0
SUP0206,2023-08,12,0.75,1.42,1.0,0.0,0,0
SUP0206,2023-09,8,0.875,1.0,1.0,0.0,0,0
SUP0206,2023-10,11,0.6364,2.82,1.0,92575.5,0,0
SUP0206,2023-11,6,0.6667,2.33,0.9973,0.0,0,0
SUP0206,2023-12,14,0.6429,2.14,0.9996,0.0,0,0
SUP0206,2024-01,12,0.6667,2.42,0.9549,0.0,0,0
SUP0206,2024-02,7,0.8571,0.14,1.0,0.0,0,0
SUP0206,2024-03,9,0.8889,1.0,1.0,0.0,0,0
SUP0206,2024-04,12,0.8333,0.75,1.0,0.0,0,0
SUP0206,2024-05,10,0.7,0.6,1.0,0.0,0,0
SUP0206,2024-06,13,0.7692,2.08,1.0,0.0,0,0
SUP0206,2024-07,10,0.8,1.6,1.0,0.0,0,0
SUP0206,2024-08,8,0.75,2.5,1.0,0.0,0,0
SUP0206,2024-09,6,1.0,-0.5,1.0,0.0,0,0
SUP0206,2024-10,12,0.75,0.83,0.9996,0.0,0,0
SUP0206,2024-11,8,0.875,1.75,1.0,0.0,0,0
SUP0206,2024-12,7,1.0,-1.14,1.0,0.0,0,0
SUP0206,2025-01,9,0.7778,1.78,1.0,0.0,0,0
SUP0206,2025-02,10,0.8,1.9,0.9729,0.0,0,0
SUP0206,2025-03,11,0.7273,2.27,1.0,0.0,0,0
SUP0206,2025-04,14,0.6429,2.21,1.0,0.0,0,0
SUP0206,2025-05,7,0.7143,2.43,1.0,0.0,0,0
SUP0206,2025-06,10,0.7,1.4,0.9965,0.0,0,0
SUP0206,2025-07,12,0.75,0.5,1.0,0.0,0,0
SUP0206,2025-08,13,0.6923,1.62,1.0,0.0,0,0
SUP0206,2025-09,11,0.7273,2.09,0.7452,55072.9,0,0
SUP0206,2025-10,12,0.6667,2.42,0.8164,0.0,0,0
SUP0206,2025-11,11,0.7273,1.27,1.0,0.0,0,0
SUP0206,2025-12,13,0.6364,2.18,1.0,0.0,0,0
SUP0207,2023-01,1,1.0,-1.0,1.0,0.0,0,0
SUP0207,2023-02,1,0.0,4.0,1.0,0.0,0,0
SUP0207,2023-03,4,0.25,4.5,1.0,0.0,0,0
SUP0207,2023-04,3,0.0,4.33,0.9511,0.0,0,0
SUP0207,2023-05,2,0.0,9.5,1.0,0.0,0,0
SUP0207,2023-06,1,0.0,13.0,1.0,0.0,0,0
SUP0207,2023-07,2,0.0,7.5,1.0,0.0,0,0
SUP0207,2023-08,1,0.0,13.0,1.0,0.0,0,0
SUP0207,2023-09,3,0.0,5.0,1.0,0.0,0,0
SUP0207,2023-11,2,0.0,7.5,1.0,0.0,0,0
SUP0207,2023-12,1,0.0,4.0,1.0,0.0,0,0
SUP0207,2024-01,4,0.0,13.25,1.0,0.0,0,0
SUP0207,2024-02,2,0.5,3.0,1.0,0.0,0,0
SUP0207,2024-03,2,0.5,1.5,1.0,0.0,0,0
SUP0207,2024-04,3,0.6667,0.33,1.0,0.0,0,0
SUP0207,2024-05,2,0.0,7.5,1.0,0.0,0,0
SUP0207,2024-06,2,0.0,9.5,0.8872,0.0,0,0
SUP0207,2024-07,2,0.0,8.0,1.0,0.0,0,0
SUP0207,2024-08,2,0.5,3.5,1.0,0.0,0,0
SUP0207,2024-09,2,0.5,1.0,1.0,0.0,0,0
SUP0207,2024-10,1,1.0,-1.0,1.0,0.0,0,0
SUP0207,2024-11,5,0.0,6.8,1.0,0.0,0,0
SUP0207,2024-12,1,0.0,-2.0,0.3173,0.0,0,0
SUP0207,2025-01,4,0.5,3.75,1.0,0.0,0,0
SUP0207,2025-02,1,0.0,9.0,1.0,0.0,0,0
SUP0207,2025-03,1,0.0,2.0,1.0,0.0,0,0
SUP0207,2025-04,1,1.0,-3.0,1.0,0.0,0,0
SUP0207,2025-05,2,0.0,11.0,1.0,0.0,0,0
SUP0207,2025-06,2,0.0,5.5,1.0,0.0,0,0
SUP0207,2025-07,4,0.0,7.25,1.0,0.0,0,0
SUP0207,2025-08,1,0.0,13.0,0.479,0.0,0,0
SUP0207,2025-09,2,0.0,2.0,0.652,0.0,0,0
SUP0207,2025-10,3,0.3333,4.67,1.0,0.0,0,0
SUP0208,2023-01,1,0.0,16.0,1.0,0.0,0,0
SUP0208,2023-02,3,0.0,8.67,1.0,0.0,0,0
SUP0208,2023-03,11,0.4545,4.36,1.0,0.0,0,0
SUP0208,2023-04,14,0.7143,1.29,0.8297,0.0,0,0
SUP0208,2023-05,7,0.4286,3.29,1.0,0.0,0,0
SUP0208,2023-06,8,0.625,3.0,1.0,0.0,0,0
SUP0208,2023-07,11,0.5455,3.0,0.9846,0.0,0,0
SUP0208,2023-08,15,0.8,0.0,0.9323,0.0,0,0
SUP0208,2023-09,8,0.625,2.0,0.9846,0.0,0,0
SUP0208,2023-10,9,0.7778,1.56,1.0,0.0,0,0
SUP0208,2023-11,10,0.7,1.0,0.9835,0.0,0,0
SUP0208,2023-12,11,0.7273,2.09,1.0,0.0,0,0
SUP0208,2024-01,3,0.6667,2.0,1.0,0.0,0,0
SUP0208,2024-02,11,0.5455,6.55,0.9485,0.0,0,0
SUP0208,2024-03,12,0.5,1.5,0.9965,0.0,0,0
SUP0208,2024-04,8,0.75,1.5,1.0,0.0,0,0
SUP0208,2024-05,11,0.7273,3.73,1.0,0.0,0,0
SUP0208,2024-06,10,0.7,2.8,1.0,0.0,0,0
SUP0208,2024-07,8,0.75,0.88,1.0,0.0,0,0
SUP0208,2024-08,12,0.8333,0.17,1.0,0.0,2,1
SUP0208,2024-09,9,0.7778,2.11,1.0,0.0,0,0
SUP0208,2024-10,8,0.625,1.88,1.0,0.0,0,0
SUP0208,2024-11,11,0.8182,0.91,1.0,0.0,0,0
SUP0208,2024-12,10,0.5,3.8,0.9935,0.0,0,0
SUP0208,2025-01,5,0.6,1.4,1.0,0.0,0,0
SUP0208,2025-02,4,0.5,1.75,1.0,0.0,0,0
SUP0208,2025-03,5,0.8,2.2,1.0,0.0,0,0
SUP0208,2025-04,5,0.4,2.8,1.0,0.0,0,0
SUP0208,2025-05,8,1.0,0.0,1.0,22823.3,0,0
SUP0208,2025-06,9,1.0,-0.11,1.0,0.0,0,0
SUP0208,2025-07,6,0.8333,1.67,1.0,0.0,0,0
SUP0208,2025-08,10,0.6,3.1,0.977,0.0,0,0
SUP0208,2025-09,12,0.6667,3.5,0.9024,0.0,0,0
SUP0208,2025-10,4,1.0,0.0,1.0,0.0,0,0
SUP0208,2025-11,8,0.75,3.88,1.0,0.0,0,0
SUP0208,2025-12,10,0.375,2.5,0.7704,0.0,0,0
SUP0209,2023-02,1,0.0,9.0,1.0,0.0,0,0
SUP0209,2023-03,3,0.3333,4.33,1.0,0.0,0,0
SUP0209,2023-04,4,0.25,3.75,1.0,0.0,0,0
SUP0209,2023-05,5,0.0,7.8,1.0,0.0,0,0
SUP0209,2023-06,1,0.0,10.0,1.0,0.0,0,0
SUP0209,2023-07,4,0.5,1.5,1.0,0.0,0,0
SUP0209,2023-08,1,1.0,-2.0,1.0,0.0,0,0
SUP0209,2023-09,4,0.75,-0.5,1.0,0.0,0,0
SUP0209,2023-10,1,0.0,2.0,1.0,0.0,0,0
SUP0209,2023-11,4,0.25,4.5,0.9484,0.0,0,0
SUP0209,2023-12,2,0.5,4.5,1.0,0.0,0,0
SUP0209,2024-01,2,0.0,12.0,1.0,0.0,0,0
SUP0209,2024-02,2,0.0,6.0,1.0,0.0,0,0
SUP0209,2024-03,5,0.2,5.4,1.0,0.0,0,0
SUP0209,2024-04,2,0.0,7.0,1.0,0.0,0,0
SUP0209,2024-07,1,0.0,0.0,0.388,0.0,0,0
SUP0209,2024-08,4,0.25,3.5,1.0,0.0,0,0
SUP0209,2024-09,2,0.0,10.5,1.0,0.0,0,0
SUP0209,2024-10,1,0.0,8.0,1.0,0.0,0,0
SUP0209,2024-11,2,0.0,9.5,1.0,0.0,0,0
SUP0209,2024-12,1,0.0,2.0,1.0,0.0,0,0
SUP0209,2025-01,5,0.4,2.4,1.0,0.0,0,0
SUP0209,2025-02,2,0.0,8.5,1.0,0.0,0,0
SUP0209,2025-03,1,1.0,-3.0,1.0,0.0,0,0
SUP0209,2025-04,3,0.3333,4.67,1.0,0.0,0,0
SUP0209,2025-05,1,0.0,5.0,1.0,0.0,0,0
SUP0209,2025-06,1,0.0,4.0,1.0,0.0,0,0
SUP0209,2025-07,3,0.3333,8.0,1.0,0.0,0,0
SUP0209,2025-08,2,0.5,5.5,1.0,0.0,0,0
SUP0209,2025-09,1,1.0,-3.0,1.0,0.0,0,0
SUP0209,2025-11,1,0.0,5.0,1.0,0.0,0,0
SUP0209,2025-12,6,0.5,3.25,1.0,0.0,0,0
SUP0210,2023-04,1,1.0,-1.0,1.0,0.0,0,0
SUP0210,2023-05,1,0.0,14.0,1.0,0.0,0,0
SUP0210,2023-06,1,0.0,8.0,1.0,0.0,0,0
SUP0210,2023-07,3,0.6667,0.67,1.0,0.0,0,0
SUP0210,2023-08,1,0.0,7.0,1.0,0.0,0,0
SUP0210,2023-09,2,0.0,5.0,1.0,0.0,0,0
SUP0210,2023-11,1,0.0,13.0,1.0,0.0,0,0
SUP0210,2023-12,5,0.2,8.2,1.0,0.0,0,0
SUP0210,2024-01,2,0.0,3.5,1.0,0.0,0,0
SUP0210,2024-02,1,0.0,3.0,1.0,0.0,0,0
SUP0210,2024-03,2,0.5,4.5,1.0,0.0,0,0
SUP0210,2024-04,1,0.0,11.0,1.0,0.0,0,0
SUP0210,2024-05,2,0.5,2.0,1.0,0.0,0,0
SUP0210,2024-06,4,0.25,4.0,1.0,0.0,0,0
SUP0210,2024-07,1,0.0,11.0,0.3447,0.0,0,0
SUP0210,2024-08,1,1.0,0.0,1.0,0.0,0,0
SUP0210,2024-09,1,0.0,11.0,1.0,0.0,0,0
SUP0210,2024-10,2,0.5,3.5,1.0,0.0,0,0
SUP0210,2024-11,3,0.0,7.33,0.8493,0.0,0,0
SUP0210,2024-12,5,0.2,4.6,1.0,0.0,0,0
SUP0210,2025-01,3,0.0,12.0,1.0,0.0,0,0
SUP0210,2025-02,2,0.0,3.0,0.4592,0.0,0,0
SUP0210,2025-03,2,0.5,2.0,0.7403,0.0,0,0
SUP0210,2025-04,1,0.0,-3.0,0.6883,0.0,0,0
SUP0210,2025-05,5,0.0,8.4,0.9276,0.0,0,0
SUP0210,2025-06,5,0.0,4.4,0.8571,0.0,0,0
SUP0210,2025-07,1,0.0,1.0,0.6688,0.0,0,0
SUP0210,2025-08,2,0.0,6.5,0.8515,0.0,0,0
SUP0210,2025-10,3,0.3333,5.33,0.804,0.0,0,0
SUP0210,2025-11,1,0.0,0.0,0.6715,0.0,0,0
SUP0210,2025-12,1,0.0,-3.0,0.8104,0.0,0,0
SUP0211,2023-01,3,0.3333,3.33,1.0,0.0,0,0
SUP0211,2023-02,4,0.0,7.0,1.0,0.0,0,0
SUP0211,2023-03,1,0.0,9.0,1.0,0.0,0,0
SUP0211,2023-04,3,0.0,9.33,1.0,0.0,0,0
SUP0211,2023-05,2,1.0,-1.0,1.0,0.0,0,0
SUP0211,2023-06,1,0.0,2.0,1.0,0.0,0,0
SUP0211,2023-07,1,1.0,-3.0,1.0,0.0,0,0
SUP0211,2023-08,2,0.0,1.0,0.6877,0.0,0,0
SUP0211,2023-09,2,0.0,3.5,1.0,0.0,0,0
SUP0211,2023-10,1,1.0,-2.0,1.0,0.0,0,0
SUP0211,2023-11,2,0.5,5.5,1.0,0.0,0,0
SUP0211,2023-12,2,0.0,6.0,1.0,0.0,0,0
SUP0211,2024-01,1,0.0,13.0,1.0,0.0,0,0
SUP0211,2024-02,2,0.5,0.5,1.0,0.0,0,0
SUP0211,2024-03,4,0.25,4.0,1.0,0.0,0,0
SUP0211,2024-04,2,0.0,5.5,1.0,0.0,0,0
SUP0211,2024-05,1,1.0,-3.0,1.0,0.0,0,0
SUP0211,2024-07,4,0.0,7.25,1.0,0.0,0,0
SUP0211,2024-08,1,0.0,5.0,1.0,0.0,0,0
SUP0211,2024-09,1,0.0,4.0,1.0,0.0,0,0
SUP0211,2024-10,4,0.5,4.75,1.0,0.0,0,0
SUP0211,2024-11,3,0.0,8.0,0.9368,0.0,0,0
SUP0211,2024-12,5,0.0,9.8,1.0,0.0,0,0
SUP0211,2025-01,3,0.0,8.33,0.8986,0.0,0,0
SUP0211,2025-02,1,0.0,5.0,1.0,0.0,0,0
SUP0211,2025-04,3,0.6667,0.33,1.0,0.0,0,0
SUP0211,2025-05,1,0.0,6.0,1.0,0.0,0,0
SUP0211,2025-07,4,0.0,9.75,1.0,0.0,0,0
SUP0211,2025-08,2,0.0,5.0,1.0,0.0,0,0
SUP0211,2025-09,2,0.0,5.5,1.0,0.0,0,0
SUP0211,2025-10,1,0.0,8.0,1.0,0.0,0,0
SUP0212,2023-01,6,1.0,0.0,1.0,0.0,0,0
SUP0212,2023-02,12,0.25,4.17,0.9975,0.0,0,0
SUP0212,2023-03,12,0.5833,1.08,0.9985,0.0,0,0
SUP0212,2023-04,10,0.6,2.1,1.0,0.0,0,0
SUP0212,2023-05,15,0.7333,1.07,1.0,0.0,0,0
SUP0212,2023-06,12,0.9167,0.25,1.0,0.0,0,0
SUP0212,2023-07,8,0.625,3.25,1.0,0.0,0,0
SUP0212,2023-08,10,0.8,1.2,0.9337,0.0,0,0
SUP0212,2023-09,7,0.8571,0.43,1.0,0.0,0,0
SUP0212,2023-10,11,0.8182,0.36,1.0,0.0,0,0
SUP0212,2023-11,1,1.0,0.0,1.0,0.0,0,0
SUP0212,2023-12,13,0.9231,-0.31,1.0,0.0,0,0
SUP0212,2024-01,10,0.7,0.9,1.0,0.0,0,0
SUP0212,2024-02,12,0.9167,0.42,1.0,0.0,0,0
SUP0212,2024-03,14,0.7143,1.57,0.9993,0.0,0,0
SUP0212,2024-04,10,0.7,1.3,0.9771,0.0,0,0
SUP0212,2024-05,11,0.6364,1.36,1.0,0.0,0,0
SUP0212,2024-06,7,0.5714,2.57,1.0,0.0,0,0
SUP0212,2024-07,13,0.7692,0.92,0.8962,0.0,0,0
SUP0212,2024-08,7,1.0,0.0,1.0,0.0,0,0
SUP0212,2024-09,8,1.0,0.0,1.0,0.0,0,0
SUP0212,2024-10,9,0.8889,0.44,1.0,0.0,0,0
SUP0212,2024-11,12,0.8333,2.08,1.0,0.0,0,0
SUP0212,2024-12,6,1.0,-0.33,1.0,0.0,0,0
SUP0212,2025-01,10,0.8,0.7,1.0,0.0,0,0
SUP0212,2025-02,9,0.8889,0.67,1.0,0.0,0,0
SUP0212,2025-03,13,0.7692,1.08,0.8334,0.0,0,0
SUP0212,2025-04,9,0.7778,0.56,1.0,20460.0,0,0
SUP0212,2025-05,8,1.0,-0.25,1.0,0.0,0,0
SUP0212,2025-06,12,0.8333,0.75,1.0,1872.6,0,0
SUP0212,2025-07,15,0.8667,0.07,1.0,0.0,0,0
SUP0212,2025-08,15,0.9333,0.8,1.0,46490.4,0,0
SUP0212,2025-09,24,0.7917,0.67,0.9891,0.0,0,0
SUP0212,2025-10,22,0.6818,1.09,0.9972,0.0,0,0
SUP0212,2025-11,15,0.9333,0.27,1.0,0.0,0,0
SUP0212,2025-12,17,0.8,0.8,0.956,0.0,0,0
SUP0213,2023-02,1,0.0,11.0,1.0,0.0,0,0
SUP0213,2023-03,3,0.0,10.67,1.0,0.0,0,0
SUP0213,2023-04,5,0.2,5.2,1.0,0.0,0,0
SUP0213,2023-05,4,0.25,6.25,1.0,0.0,0,0
SUP0213,2023-06,2,0.5,5.5,1.0,0.0,0,0
SUP0213,2023-07,1,0.0,8.0,1.0,0.0,0,0
SUP0213,2023-08,1,0.0,5.0,1.0,0.0,0,0
SUP0213,2023-09,5,0.0,8.8,0.9907,0.0,0,0
SUP0213,2023-10,1,0.0,0.0,0.4183,0.0,0,0
SUP0213,2023-11,5,0.0,8.2,0.8677,0.0,0,0
SUP0213,2023-12,1,1.0,-3.0,1.0,0.0,0,0
SUP0213,2024-02,4,0.25,4.0,0.7855,0.0,0,0
SUP0213,2024-04,2,0.0,9.0,1.0,0.0,0,0
SUP0213,2024-05,2,0.5,1.0,1.0,0.0,0,0
SUP0213,2024-06,3,0.3333,3.33,1.0,0.0,0,0
SUP0213,2024-07,2,0.5,5.5,1.0,0.0,0,0
SUP0213,2024-09,1,0.0,14.0,1.0,0.0,0,0
SUP0213,2024-10,1,0.0,3.0,1.0,0.0,0,0
SUP0213,2024-11,2,0.0,7.0,1.0,0.0,0,0
SUP0213,2024-12,2,0.5,6.0,1.0,0.0,0,0
SUP0213,2025-01,1,0.0,6.0,1.0,0.0,0,0
SUP0213,2025-02,4,0.0,7.0,1.0,0.0,0,0
SUP0213,2025-04,1,1.0,-3.0,1.0,0.0,0,0
SUP0213,2025-05,1,0.0,7.0,1.0,0.0,0,0
SUP0213,2025-07,4,0.25,8.5,0.9434,0.0,0,0
SUP0213,2025-08,2,0.5,3.5,1.0,0.0,0,0
SUP0213,2025-10,2,0.0,6.5,1.0,0.0,0,0
SUP0213,2025-11,3,0.0,4.33,0.8134,0.0,0,0
SUP0213,2025-12,5,0.3333,4.0,1.0,0.0,0,0
SUP0214,2023-01,6,0.3333,3.0,0.9106,0.0,2,1
SUP0214,2023-02,12,0.1667,7.08,1.0,1141294.1,5,3
SUP0214,2023-03,13,0.7692,0.46,0.9555,0.0,0,0
SUP0214,2023-04,14,0.6429,1.79,0.7643,141198.3,0,0
SUP0214,2023-05,19,0.7895,2.26,1.0,0.0,0,0
SUP0214,2023-06,10,0.9,0.6,1.0,20200.5,0,0
SUP0214,2023-07,12,0.9167,0.42,1.0,0.0,0,0
SUP0214,2023-08,11,1.0,-0.18,1.0,0.0,0,0
SUP0214,2023-09,11,0.6364,2.45,0.4868,0.0,0,0
SUP0214,2023-10,14,0.5714,3.0,0.9979,70046.7,1,0
SUP0214,2023-11,11,0.7273,1.55,1.0,0.0,0,0
SUP0214,2023-12,12,0.75,0.75,0.9427,0.0,0,0
SUP0214,2024-01,13,0.6923,2.31,0.4976,397818.8,2,1
SUP0214,2024-02,11,0.0909,8.55,1.0,510534.2,5,3
SUP0214,2024-03,17,0.8824,0.41,1.0,9476.6,0,0
SUP0214,2024-04,15,0.8,1.67,1.0,0.0,0,0
SUP0214,2024-05,9,0.7778,2.22,1.0,0.0,0,0
SUP0214,2024-06,15,0.8,1.0,0.9689,0.0,0,0
SUP0214,2024-07,13,0.6923,2.38,1.0,0.0,0,0
SUP0214,2024-08,13,0.6923,1.92,0.9928,0.0,0,0
SUP0214,2024-09,13,0.5385,3.23,1.0,0.0,0,0
SUP0214,2024-10,13,0.7692,2.85,1.0,0.0,0,0
SUP0214,2024-11,15,0.6,2.67,0.9995,0.0,0,0
SUP0214,2024-12,16,0.5,3.0,0.996,0.0,0,0
SUP0214,2025-01,14,0.7143,1.43,1.0,115288.4,2,2
SUP0214,2025-02,13,0.1538,7.77,0.979,342503.0,3,2
SUP0214,2025-03,12,0.6667,2.83,1.0,0.0,0,0
SUP0214,2025-04,14,0.6429,3.21,1.0,0.0,0,0
SUP0214,2025-05,13,0.6154,3.31,1.0,288046.2,1,0
SUP0214,2025-06,16,0.625,1.75,0.997,0.0,0,0
SUP0214,2025-07,13,0.5385,3.46,0.9993,96488.8,0,0
SUP0214,2025-08,15,0.6,2.87,0.9707,0.0,0,0
SUP0214,2025-09,12,0.6667,1.08,0.9829,0.0,0,0
SUP0214,2025-10,9,0.5556,2.0,0.9861,0.0,0,0
SUP0214,2025-11,13,0.6154,2.77,1.0,43885.2,0,0
SUP0214,2025-12,12,0.7273,0.91,1.0,0.0,0,0
SUP0215,2023-02,1,0.0,1.0,1.0,0.0,0,0
SUP0215,2023-03,3,0.0,4.33,1.0,0.0,0,0
SUP0215,2023-04,6,0.8333,0.33,1.0,0.0,0,0
SUP0215,2023-05,3,0.6667,3.33,1.0,0.0,0,0
SUP0215,2023-06,5,0.4,5.6,1.0,0.0,0,0
SUP0215,2023-07,6,0.8333,1.17,1.0,0.0,0,0
SUP0215,2023-08,10,0.7,3.8,1.0,0.0,0,0
SUP0215,2023-09,6,0.8333,-0.5,1.0,0.0,0,0
SUP0215,2023-10,2,0.5,6.0,1.0,0.0,0,0
SUP0215,2023-11,5,1.0,-1.0,1.0,0.0,0,0
SUP0215,2023-12,4,0.5,1.0,0.9354,0.0,0,0
SUP0215,2024-01,6,0.1667,7.67,0.7434,0.0,0,0
SUP0215,2024-02,6,0.5,3.5,0.9922,0.0,0,0
SUP0215,2024-03,7,0.4286,3.14,1.0,0.0,0,0
SUP0215,2024-04,7,0.4286,4.14,1.0,0.0,0,0
SUP0215,2024-05,9,0.5556,4.56,1.0,0.0,0,0
SUP0215,2024-06,4,0.5,4.0,1.0,502861.9,0,0
SUP0215,2024-07,12,0.5833,2.33,0.8143,0.0,0,0
SUP0215,2024-08,3,0.6667,2.67,1.0,0.0,0,0
SUP0215,2024-09,4,0.75,2.75,1.0,0.0,0,0
SUP0215,2024-10,7,0.5714,2.86,1.0,0.0,0,0
SUP0215,2024-11,4,0.75,1.5,1.0,0.0,0,0
SUP0215,2024-12,9,0.6667,1.33,1.0,0.0,0,0
SUP0215,2025-01,5,0.2,7.6,1.0,0.0,0,0
SUP0215,2025-02,5,0.6,1.8,0.6503,0.0,0,0
SUP0215,2025-03,4,0.75,2.25,1.0,0.0,0,0
SUP0215,2025-04,4,1.0,0.0,1.0,0.0,0,0
SUP0215,2025-05,8,0.375,3.12,1.0,0.0,0,0
SUP0215,2025-06,6,0.6667,1.33,1.0,0.0,0,0
SUP0215,2025-07,5,0.8,2.4,1.0,0.0,0,0
SUP0215,2025-08,4,0.0,8.0,1.0,0.0,0,0
SUP0215,2025-09,7,0.7143,2.86,1.0,0.0,0,0
SUP0215,2025-10,4,0.25,6.75,1.0,0.0,0,0
SUP0215,2025-11,4,0.5,2.75,1.0,0.0,0,0
SUP0215,2025-12,5,1.0,0.0,1.0,0.0,0,0
SUP0216,2023-01,6,0.8333,3.33,1.0,0.0,0,0
SUP0216,2023-02,5,0.6,1.6,0.9472,0.0,0,0
SUP0216,2023-03,12,0.75,2.92,1.0,0.0,0,0
SUP0216,2023-04,7,0.8571,1.14,1.0,0.0,0,0
SUP0216,2023-05,9,0.5556,4.78,1.0,0.0,0,0
SUP0216,2023-06,10,0.7,2.1,1.0,0.0,0,0
SUP0216,2023-07,14,0.7857,0.71,0.9478,42177.9,0,0
SUP0216,2023-08,15,0.6,3.13,1.0,0.0,0,0
SUP0216,2023-09,8,0.625,1.38,0.9995,0.0,1,1
SUP0216,2023-10,18,0.5556,3.78,0.9998,0.0,0,0
SUP0216,2023-11,19,0.5263,3.63,0.9997,0.0,0,0
SUP0216,2023-12,10,0.5,2.4,1.0,0.0,0,0
SUP0216,2024-01,9,0.7778,1.89,1.0,0.0,0,0
SUP0216,2024-02,15,0.4,5.2,0.9658,0.0,1,1
SUP0216,2024-03,11,0.8182,0.91,1.0,788.4,0,0
SUP0216,2024-04,12,0.8333,0.58,1.0,0.0,0,0
SUP0216,2024-05,14,0.9286,0.07,1.0,0.0,0,0
SUP0216,2024-06,10,0.8,1.5,0.9968,0.0,0,0
SUP0216,2024-07,15,0.6667,2.47,0.9998,0.0,0,0
SUP0216,2024-08,13,0.9231,-0.08,1.0,0.0,0,0
SUP0216,2024-09,9,0.7778,4.22,0.9657,0.0,0,0
SUP0216,2024-10,10,0.8,0.8,1.0,0.0,0,0
SUP0216,2024-11,12,0.9167,0.83,1.0,0.0,0,0
SUP0216,2024-12,17,0.7647,0.88,0.9424,0.0,0,0
SUP0216,2025-01,13,0.9231,0.62,1.0,0.0,0,0
SUP0216,2025-02,8,0.75,2.38,1.0,0.0,0,0
SUP0216,2025-03,7,0.5714,5.43,0.9999,0.0,0,0
SUP0216,2025-04,7,1.0,-0.86,1.0,0.0,0,0
SUP0216,2025-05,14,0.5,2.86,0.9487,0.0,0,0
SUP0216,2025-06,15,0.7333,1.6,1.0,0.0,0,0
SUP0216,2025-07,9,0.5556,3.0,1.0,239596.6,0,0
SUP0216,2025-08,10,0.8,1.5,1.0,0.0,0,0
SUP0216,2025-09,16,0.625,2.38,1.0,0.0,0,0
SUP0216,2025-10,19,0.7368,2.21,0.9999,0.0,0,0
SUP0216,2025-11,3,0.6667,4.0,1.0,0.0,0,0
SUP0216,2025-12,18,0.6,2.07,1.0,0.0,0,0
SUP0217,2023-01,3,1.0,0.0,1.0,43568.9,0,0
SUP0217,2023-02,13,0.3077,4.92,1.0,0.0,2,1
SUP0217,2023-03,13,0.9231,-0.46,1.0,0.0,0,0
SUP0217,2023-04,14,0.6429,2.0,0.9941,69298.9,0,0
SUP0217,2023-05,15,0.8667,0.13,1.0,0.0,0,0
SUP0217,2023-06,11,0.7273,2.55,1.0,0.0,0,0
SUP0217,2023-07,13,1.0,0.0,1.0,0.0,0,0
SUP0217,2023-08,15,0.6667,2.0,0.999,0.0,0,0
SUP0217,2023-09,20,0.6,2.6,0.9827,0.0,0,0
SUP0217,2023-10,10,0.8,0.2,0.9695,0.0,0,0
SUP0217,2023-11,16,0.6875,1.5,1.0,0.0,0,0
SUP0217,2023-12,11,0.9091,0.64,1.0,0.0,0,0
SUP0217,2024-01,13,0.8462,0.69,1.0,0.0,2,1
SUP0217,2024-02,12,0.1667,7.58,1.0,0.0,3,2
SUP0217,2024-03,14,0.9286,0.36,0.9882,0.0,0,0
SUP0217,2024-04,12,0.8333,2.17,1.0,0.0,0,0
SUP0217,2024-05,19,0.6842,1.84,1.0,0.0,0,0
SUP0217,2024-06,11,0.7273,1.82,1.0,3817.0,0,0
SUP0217,2024-07,14,0.7143,1.29,0.9867,0.0,0,0
SUP0217,2024-08,10,0.4,5.8,1.0,72101.9,0,0
SUP0217,2024-09,13,0.9231,0.85,1.0,0.0,0,0
SUP0217,2024-10,14,0.6429,2.21,0.9455,0.0,0,0
SUP0217,2024-11,9,0.6667,1.56,1.0,0.0,0,0
SUP0217,2024-12,12,0.9167,0.75,1.0,0.0,0,0
SUP0217,2025-01,13,0.6923,1.92,0.9821,0.0,2,1
SUP0217,2025-02,14,0.2857,5.64,1.0,0.0,2,1
SUP0217,2025-03,14,0.7143,1.43,0.9867,0.0,0,0
SUP0217,2025-04,15,1.0,-0.27,1.0,0.0,0,0
SUP0217,2025-05,11,0.7273,2.09,1.0,4655.8,0,0
SUP0217,2025-06,13,0.6923,0.31,0.9376,0.0,0,0
SUP0217,2025-07,12,0.6667,3.33,1.0,23707.0,0,0
SUP0217,2025-08,8,1.0,0.0,1.0,0.0,0,0
SUP0217,2025-09,17,0.7647,1.18,0.98,0.0,0,0
SUP0217,2025-10,15,0.6667,1.33,1.0,0.0,0,0
SUP0217,2025-11,12,1.0,-0.08,1.0,0.0,0,0
SUP0217,2025-12,12,0.7,1.8,1.0,0.0,0,0
SUP0218,2023-01,3,0.3333,3.0,1.0,0.0,0,0
SUP0218,2023-02,2,0.0,7.0,1.0,0.0,0,0
SUP0218,2023-03,2,0.0,7.0,1.0,0.0,0,0
SUP0218,2023-04,2,0.0,3.0,1.0,0.0,0,0
SUP0218,2023-05,1,1.0,-3.0,1.0,0.0,0,0
SUP0218,2023-06,1,0.0,1.0,1.0,0.0,0,0
SUP0218,2023-07,2,0.0,14.0,1.0,0.0,0,0
SUP0218,2023-08,1,0.0,6.0,1.0,0.0,0,0
SUP0218,2023-09,4,0.75,-0.5,0.8499,0.0,0,0
SUP0218,2023-10,1,0.0,11.0,1.0,0.0,0,0
SUP0218,2023-11,1,0.0,9.0,1.0,0.0,0,0
SUP0218,2023-12,2,1.0,-1.5,1.0,0.0,0,0
SUP0218,2024-01,3,0.3333,1.67,1.0,0.0,0,0
SUP0218,2024-02,1,0.0,13.0,1.0,0.0,0,0
SUP0218,2024-03,4,0.0,8.75,1.0,0.0,0,0
SUP0218,2024-06,2,1.0,-1.5,1.0,0.0,0,0
SUP0218,2024-07,1,0.0,8.0,1.0,0.0,0,0
SUP0218,2024-08,3,0.3333,0.33,1.0,0.0,0,0
SUP0218,2024-09,1,0.0,6.0,1.0,0.0,0,0
SUP0218,2024-10,3,0.0,10.67,1.0,0.0,0,0
SUP0218,2024-11,1,0.0,6.0,1.0,0.0,0,0
SUP0218,2024-12,2,0.0,4.0,1.0,0.0,0,0
SUP0218,2025-01,5,0.2,4.4,1.0,0.0,0,0
SUP0218,2025-02,4,0.0,7.25,1.0,0.0,0,0
SUP0218,2025-03,2,0.0,10.5,1.0,0.0,0,0
SUP0218,2025-04,2,0.5,7.0,1.0,0.0,0,0
SUP0218,2025-07,3,0.6667,3.33,1.0,0.0,0,0
SUP0218,2025-09,1,1.0,-2.0,1.0,0.0,0,0
SUP0218,2025-10,2,0.5,4.5,1.0,0.0,0,0
SUP0218,2025-11,2,0.0,8.0,0.9182,0.0,0,0
SUP0218,2025-12,1,,,,0.0,0,0
SUP0219,2023-01,8,1.0,-0.12,1.0,0.0,0,0
SUP0219,2023-02,8,0.75,2.25,0.8792,0.0,0,0
SUP0219,2023-03,4,1.0,-1.0,1.0,0.0,0,0
SUP0219,2023-04,7,0.8571,1.71,1.0,0.0,0,0
SUP0219,2023-05,10,0.5,4.3,1.0,0.0,0,0
SUP0219,2023-06,12,0.5,2.42,0.9891,0.0,0,0
SUP0219,2023-07,7,0.2857,6.0,1.0,0.0,0,0
SUP0219,2023-08,6,0.6667,-0.17,1.0,0.0,0,0
SUP0219,2023-09,14,0.7857,1.93,1.0,0.0,0,0
SUP0219,2023-10,14,0.5714,2.71,1.0,0.0,0,0
SUP0219,2023-11,6,0.8333,0.67,1.0,0.0,0,0
SUP0219,2023-12,5,0.6,2.8,1.0,0.0,0,0
SUP0219,2024-01,4,0.75,3.25,1.0,0.0,0,0
SUP0219,2024-02,10,0.7,1.1,0.9949,0.0,0,0
SUP0219,2024-03,6,0.6667,-0.17,0.9465,0.0,0,0
SUP0219,2024-04,6,0.8333,-0.5,0.9425,0.0,0,0
SUP0219,2024-05,5,0.4,5.0,1.0,0.0,0,0
SUP0219,2024-06,6,0.6667,2.33,0.9071,0.0,0,0
SUP0219,2024-07,6,0.8333,1.17,1.0,0.0,0,0
SUP0219,2024-08,8,0.875,1.25,1.0,0.0,0,0
SUP0219,2024-09,11,0.9091,1.0,1.0,0.0,0,0
SUP0219,2024-10,8,0.625,2.5,0.9518,0.0,0,0
SUP0219,2024-11,8,0.25,6.25,1.0,0.0,0,0
SUP0219,2024-12,10,0.9,-0.3,1.0,0.0,0,0
SUP0219,2025-01,4,0.5,4.0,1.0,0.0,0,0
SUP0219,2025-02,8,0.625,0.88,0.9574,0.0,0,0
SUP0219,2025-03,4,1.0,-0.5,1.0,0.0,0,0
SUP0219,2025-04,7,0.7143,1.71,1.0,725210.2,0,0
SUP0219,2025-05,4,1.0,0.0,1.0,0.0,0,0
SUP0219,2025-06,7,0.7143,0.86,1.0,0.0,0,0
SUP0219,2025-07,9,0.6667,1.78,1.0,0.0,0,0
SUP0219,2025-08,9,0.7778,1.78,0.9313,0.0,0,0
SUP0219,2025-09,6,1.0,-0.33,1.0,0.0,0,0
SUP0219,2025-10,8,0.625,4.0,1.0,0.0,0,0
SUP0219,2025-11,3,0.3333,2.33,1.0,0.0,0,0
SUP0219,2025-12,5,0.3333,5.0,1.0,0.0,0,0
SUP0220,2023-01,3,0.3333,3.33,0.9639,0.0,0,0
SUP0220,2023-02,4,0.75,1.75,0.8547,0.0,0,0
SUP0220,2023-03,6,1.0,0.0,1.0,57842.2,0,0
SUP0220,2023-04,5,0.8,-0.2,1.0,0.0,0,0
SUP0220,2023-05,12,0.5,2.58,0.9618,0.0,0,0
SUP0220,2023-06,13,0.6154,2.31,0.9438,0.0,0,0
SUP0220,2023-07,9,0.7778,0.56,0.969,0.0,0,0
SUP0220,2023-08,9,0.3333,3.22,1.0,0.0,0,0
SUP0220,2023-09,10,0.6,2.7,0.9333,0.0,0,0
SUP0220,2023-10,10,0.7,0.9,1.0,0.0,0,0
SUP0220,2023-11,12,0.3333,2.42,1.0,0.0,0,0
SUP0220,2023-12,7,0.7143,0.14,0.9912,0.0,0,0
SUP0220,2024-01,13,0.6154,3.0,1.0,0.0,0,0
SUP0220,2024-02,6,1.0,0.0,1.0,0.0,0,0
SUP0220,2024-03,17,0.7059,0.53,0.9982,0.0,0,0
SUP0220,2024-04,10,0.9,0.1,0.9402,8952.7,0,0
SUP0220,2024-05,7,0.7143,1.43,1.0,0.0,0,0
SUP0220,2024-06,8,0.5,1.88,1.0,0.0,0,0
SUP0220,2024-07,11,0.6364,1.55,0.9718,0.0,0,0
SUP0220,2024-08,11,0.7273,0.82,1.0,0.0,0,0
SUP0220,2024-09,8,0.875,-0.62,1.0,0.0,0,0
SUP0220,2024-10,12,0.5,1.33,1.0,0.0,0,0
SUP0220,2024-11,7,0.5714,0.71,1.0,0.0,0,0
SUP0220,2024-12,5,0.8,-0.2,0.9949,0.0,0,0
SUP0220,2025-01,11,0.5455,4.64,0.9879,0.0,0,0
SUP0220,2025-02,10,0.6,1.0,1.0,0.0,0,0
SUP0220,2025-03,11,0.2727,1.36,0.9992,0.0,0,0
SUP0220,2025-04,12,0.5,3.33,1.0,0.0,0,0
SUP0220,2025-05,9,0.1111,5.44,0.9995,0.0,0,0
SUP0220,2025-06,14,0.5714,0.86,0.9935,0.0,0,0
SUP0220,2025-07,10,0.8,1.2,1.0,0.0,0,0
SUP0220,2025-08,10,0.4,3.5,0.9996,0.0,0,0
SUP0220,2025-09,10,0.4,2.0,0.9658,0.0,0,0
SUP0220,2025-10,9,1.0,-0.33,1.0,0.0,0,0
SUP0220,2025-11,7,0.5,3.33,1.0,0.0,0,0
SUP0220,2025-12,6,0.8333,0.5,1.0,0.0,0,0
SUP0221,2023-01,17,0.8824,0.06,0.997,0.0,0,0
SUP0221,2023-02,11,0.8182,0.36,0.9963,0.0,0,0
SUP0221,2023-03,25,0.92,0.52,1.0,26891.6,2,1
SUP0221,2023-04,24,0.75,0.46,0.9989,0.0,0,0
SUP0221,2023-05,26,0.6923,0.62,0.9967,51299.6,0,0
SUP0221,2023-06,25,0.72,0.76,1.0,0.0,0,0
SUP0221,2023-07,19,0.7368,1.32,1.0,0.0,0,0
SUP0221,2023-08,31,0.7742,0.61,0.9999,0.0,0,0
SUP0221,2023-09,19,0.4211,3.79,0.8278,2272.5,1,0
SUP0221,2023-10,20,0.35,6.0,0.9555,0.0,0,0
SUP0221,2023-11,24,0.7917,1.12,0.9994,0.0,0,0
SUP0221,2023-12,16,0.5,3.5,1.0,0.0,0,0
SUP0221,2024-01,23,0.8261,0.35,1.0,0.0,0,0
SUP0221,2024-02,24,0.4583,2.0,1.0,0.0,0,0
SUP0221,2024-03,16,0.6875,2.38,1.0,0.0,0,0
SUP0221,2024-04,19,0.7368,1.05,0.9696,0.0,0,0
SUP0221,2024-05,18,0.8889,0.33,1.0,0.0,0,0
SUP0221,2024-06,24,0.8333,0.67,0.9877,0.0,0,0
SUP0221,2024-07,21,0.8571,0.86,1.0,1652.8,0,0
SUP0221,2024-08,34,0.8529,0.29,0.9657,264.8,0,0
SUP0221,2024-09,28,0.9286,0.14,0.9999,0.0,0,0
SUP0221,2024-10,19,0.8421,0.58,0.9993,0.0,0,0
SUP0221,2024-11,24,0.7917,0.62,0.9943,0.0,0,0
SUP0221,2024-12,25,0.84,0.28,1.0,354.8,0,0
SUP0221,2025-01,22,0.9545,0.05,1.0,245.7,0,0
SUP0221,2025-02,21,0.9524,0.05,1.0,0.0,0,0
SUP0221,2025-03,17,0.8824,1.53,1.0,938.2,0,0
SUP0221,2025-04,24,0.5417,0.96,0.9992,0.0,0,0
SUP0221,2025-05,23,0.913,0.3,0.9968,0.0,0,0
SUP0221,2025-06,24,0.6667,1.67,1.0,0.0,0,0
SUP0221,2025-07,21,0.7143,1.19,0.997,0.0,0,0
SUP0221,2025-08,22,0.6818,2.09,1.0,0.0,0,0
SUP0221,2025-09,23,0.8261,0.35,0.9743,0.0,0,0
SUP0221,2025-10,26,0.8846,0.0,0.9971,0.0,0,0
SUP0221,2025-11,20,0.3158,5.79,0.9992,0.0,0,0
SUP0221,2025-12,19,0.7222,0.33,0.9223,0.0,0,0
SUP0222,2023-02,1,0.0,10.0,1.0,0.0,0,0
SUP0222,2023-04,3,0.0,8.33,1.0,0.0,0,0
SUP0222,2023-05,2,0.0,9.0,1.0,0.0,0,0
SUP0222,2023-06,2,0.0,11.5,0.8504,0.0,0,0
SUP0222,2023-07,2,0.0,6.5,1.0,0.0,0,0
SUP0222,2023-08,2,0.0,11.0,1.0,0.0,0,0
SUP0222,2023-10,5,0.4,4.2,1.0,0.0,0,0
SUP0222,2023-11,1,1.0,-3.0,1.0,0.0,0,0
SUP0222,2023-12,1,0.0,14.0,0.5288,0.0,0,0
SUP0222,2024-01,1,0.0,7.0,1.0,0.0,0,0
SUP0222,2024-02,1,0.0,3.0,1.0,0.0,0,0
SUP0222,2024-04,3,0.0,12.0,1.0,0.0,0,0
SUP0222,2024-05,3,0.0,9.67,1.0,0.0,0,0
SUP0222,2024-07,3,0.3333,2.33,1.0,0.0,0,0
SUP0222,2024-08,3,0.0,6.67,1.0,0.0,0,0
SUP0222,2024-09,2,0.0,8.0,1.0,0.0,0,0
SUP0222,2024-10,1,0.0,9.0,1.0,0.0,0,0
SUP0222,2024-11,2,0.0,6.0,1.0,0.0,0,0
SUP0222,2024-12,2,0.5,0.5,1.0,0.0,0,0
SUP0222,2025-01,1,0.0,3.0,1.0,0.0,0,0
SUP0222,2025-02,1,0.0,14.0,1.0,0.0,0,0
SUP0222,2025-03,3,0.3333,7.67,1.0,0.0,0,0
SUP0222,2025-05,2,0.0,6.5,1.0,0.0,0,0
SUP0222,2025-06,3,0.3333,3.0,1.0,0.0,0,0
SUP0222,2025-07,2,0.0,7.0,1.0,0.0,0,0
SUP0222,2025-08,3,0.6667,1.33,1.0,0.0,0,0
SUP0222,2025-11,3,0.0,10.33,1.0,0.0,0,0
SUP0222,2025-12,5,0.5,1.5,1.0,0.0,0,0
SUP0223,2023-02,6,0.8333,0.67,1.0,0.0,0,0
SUP0223,2023-03,4,0.75,2.0,1.0,0.0,0,0
SUP0223,2023-04,3,0.6667,3.0,1.0,0.0,0,0
SUP0223,2023-05,7,0.5714,1.86,1.0,0.0,0,0
SUP0223,2023-06,8,0.375,4.62,1.0,0.0,0,0
SUP0223,2023-07,5,0.2,4.6,1.0,0.0,0,0
SUP0223,2023-08,4,0.75,1.0,1.0,0.0,0,0
SUP0223,2023-09,4,0.25,5.5,1.0,0.0,0,0
SUP0223,2023-10,3,0.3333,4.67,1.0,0.0,0,0
SUP0223,2023-11,3,0.6667,1.0,1.0,0.0,0,0
SUP0223,2023-12,9,0.7778,1.44,1.0,0.0,0,0
SUP0223,2024-01,4,1.0,-0.5,1.0,0.0,0,0
SUP0223,2024-02,5,0.4,4.8,0.8963,0.0,0,0
SUP0223,2024-03,5,0.8,2.0,1.0,0.0,0,0
SUP0223,2024-04,7,0.7143,3.14,1.0,0.0,0,0
SUP0223,2024-05,4,0.5,5.0,1.0,0.0,0,0
SUP0223,2024-06,3,1.0,-0.33,1.0,0.0,0,0
SUP0223,2024-07,6,0.6667,4.0,1.0,0.0,0,0
SUP0223,2024-08,4,0.5,5.5,0.5027,0.0,0,0
SUP0223,2024-09,1,0.0,4.0,1.0,0.0,0,0
SUP0223,2024-10,8,0.5,3.62,0.8179,0.0,0,0
SUP0223,2024-11,5,1.0,-1.2,1.0,0.0,0,0
SUP0223,2024-12,1,0.0,2.0,1.0,0.0,0,0
SUP0223,2025-01,7,0.5714,4.71,1.0,157569.8,0,0
SUP0223,2025-02,5,0.6,0.6,1.0,0.0,0,0
SUP0223,2025-03,3,1.0,0.0,1.0,0.0,0,0
SUP0223,2025-04,3,0.6667,1.33,1.0,0.0,0,0
SUP0223,2025-05,2,0.0,4.0,1.0,0.0,0,0
SUP0223,2025-06,6,0.3333,6.0,0.8149,0.0,0,0
SUP0223,2025-07,5,0.4,2.8,1.0,0.0,0,0
SUP0223,2025-08,3,0.6667,1.33,1.0,0.0,0,0
SUP0223,2025-09,2,0.0,9.0,1.0,0.0,0,0
SUP0223,2025-10,3,0.6667,2.0,1.0,0.0,0,0
SUP0223,2025-11,4,0.25,4.5,0.7718,0.0,0,0
SUP0223,2025-12,7,0.7143,2.86,1.0,0.0,0,0
SUP0224,2023-01,1,0.0,1.0,1.0,0.0,0,0
SUP0224,2023-02,2,0.5,1.5,1.0,0.0,0,0
SUP0224,2023-04,2,0.5,4.5,1.0,0.0,0,0
SUP0224,2023-05,2,0.5,3.5,1.0,0.0,0,0
SUP0224,2023-06,3,0.0,3.33,1.0,0.0,0,0
SUP0224,2023-07,2,0.0,6.5,1.0,0.0,0,0
SUP0224,2023-08,3,0.0,11.67,1.0,0.0,0,0
SUP0224,2023-09,3,0.3333,7.33,1.0,0.0,0,0
SUP0224,2023-11,2,0.5,1.0,1.0,0.0,0,0
SUP0224,2023-12,1,1.0,0.0,1.0,0.0,0,0
SUP0224,2024-01,3,0.3333,5.67,1.0,0.0,0,0
SUP0224,2024-02,2,0.0,8.5,1.0,0.0,0,0
SUP0224,2024-03,4,0.0,7.75,1.0,0.0,0,0
SUP0224,2024-04,3,0.0,2.67,0.8959,0.0,0,0
SUP0224,2024-05,5,0.2,8.8,0.907,0.0,0,0
SUP0224,2024-06,2,0.0,7.0,1.0,0.0,0,0
SUP0224,2024-07,1,0.0,5.0,1.0,0.0,0,0
SUP0224,2024-08,1,1.0,0.0,1.0,0.0,0,0
SUP0224,2024-09,2,0.5,7.0,1.0,0.0,0,0
SUP0224,2024-10,2,0.0,10.5,1.0,0.0,0,0
SUP0224,2024-11,2,0.0,4.5,1.0,0.0,0,0
SUP0224,2024-12,2,1.0,-1.5,1.0,0.0,0,0
SUP0224,2025-02,1,0.0,4.0,1.0,0.0,0,0
SUP0224,2025-03,2,0.0,7.5,1.0,0.0,0,0
SUP0224,2025-04,1,1.0,0.0,1.0,0.0,0,0
SUP0224,2025-05,4,0.25,5.0,1.0,0.0,0,0
SUP0224,2025-06,4,0.25,4.75,1.0,0.0,0,0
SUP0224,2025-07,2,0.5,0.5,1.0,0.0,0,0
SUP0224,2025-08,1,0.0,4.0,1.0,0.0,0,0
SUP0224,2025-09,3,0.0,6.0,1.0,0.0,0,0
SUP0224,2025-11,1,0.0,11.0,1.0,0.0,0,0
SUP0224,2025-12,3,,,,0.0,0,0
SUP0225,2023-01,2,1.0,-2.0,1.0,0.0,0,0
SUP0225,2023-03,3,0.3333,5.67,1.0,0.0,0,0
SUP0225,2023-04,3,0.0,8.33,1.0,0.0,0,0
SUP0225,2023-06,5,0.4,4.4,1.0,0.0,0,0
SUP0225,2023-08,2,0.0,9.0,1.0,0.0,0,0
SUP0225,2023-09,5,0.0,7.8,1.0,0.0,0,0
SUP0225,2023-11,4,0.25,5.25,1.0,0.0,0,0
SUP0225,2023-12,4,0.25,7.0,1.0,0.0,0,0
SUP0225,2024-02,2,0.5,1.5,1.0,0.0,0,0
SUP0225,2024-03,3,0.3333,7.67,1.0,0.0,0,0
SUP0225,2024-04,1,0.0,13.0,1.0,0.0,0,0
SUP0225,2024-06,2,0.5,3.0,1.0,0.0,0,0
SUP0225,2024-07,2,0.5,1.5,1.0,0.0,0,0
SUP0225,2024-08,3,0.3333,5.67,1.0,0.0,0,0
SUP0225,2024-09,3,0.3333,5.0,0.5744,0.0,0,0
SUP0225,2024-10,1,0.0,3.0,1.0,0.0,0,0
SUP0225,2024-11,3,0.0,10.67,1.0,0.0,0,0
SUP0225,2025-01,1,0.0,9.0,1.0,0.0,0,0
SUP0225,2025-02,1,1.0,0.0,1.0,0.0,0,0
SUP0225,2025-03,2,0.0,6.5,1.0,0.0,0,0
SUP0225,2025-04,2,0.0,10.0,1.0,0.0,0,0
SUP0225,2025-05,3,0.6667,1.33,1.0,0.0,0,0
SUP0225,2025-06,2,0.0,7.5,1.0,0.0,0,0
SUP0225,2025-07,1,1.0,0.0,1.0,0.0,0,0
SUP0225,2025-08,2,0.5,1.0,1.0,0.0,0,0
SUP0225,2025-09,2,0.0,7.5,0.9332,0.0,0,0
SUP0225,2025-11,2,0.0,9.0,0.9215,0.0,0,0
SUP0225,2025-12,2,,,,0.0,0,0
SUP0226,2023-01,5,0.8,5.4,1.0,0.0,0,0
SUP0226,2023-02,8,0.625,0.88,0.9705,0.0,0,0
SUP0226,2023-03,13,0.8462,1.15,1.0,0.0,0,0
SUP0226,2023-04,13,0.4615,5.23,0.9773,0.0,0,0
SUP0226,2023-05,9,0.4444,5.33,0.9884,104217.8,0,0
SUP0226,2023-06,16,0.8125,0.44,0.9909,0.0,0,0
SUP0226,2023-07,11,0.9091,-0.09,1.0,0.0,0,0
SUP0226,2023-08,17,0.6471,2.18,0.9908,81425.3,0,0
SUP0226,2023-09,12,0.5,3.5,0.9809,56895.7,0,0
SUP0226,2023-10,20,0.55,4.85,1.0,0.0,0,0
SUP0226,2023-11,18,0.6111,2.61,0.9749,0.0,0,0
SUP0226,2023-12,21,0.6667,1.52,0.9915,0.0,0,0
SUP0226,2024-01,7,0.7143,0.29,0.9223,0.0,0,0
SUP0226,2024-02,19,0.5263,2.84,0.9913,0.0,0,0
SUP0226,2024-03,13,0.6154,1.77,1.0,0.0,0,0
SUP0226,2024-04,7,0.5714,0.29,0.98,0.0,0,0
SUP0226,2024-05,22,0.5909,2.73,0.9917,0.0,0,0
SUP0226,2024-06,13,0.8462,0.08,0.9882,0.0,0,0
SUP0226,2024-07,10,0.7,5.0,0.9614,0.0,0,0
SUP0226,2024-08,18,0.7778,1.28,0.9524,0.0,0,0
SUP0226,2024-09,14,0.9286,0.43,1.0,0.0,0,0
SUP0226,2024-10,17,0.8824,-0.29,0.9711,20993.1,0,0
SUP0226,2024-11,20,0.8,0.15,0.9963,0.0,0,0
SUP0226,2024-12,9,0.7778,0.89,1.0,0.0,0,0
SUP0226,2025-01,13,0.6923,1.85,0.9356,0.0,0,0
SUP0226,2025-02,13,0.6923,2.46,1.0,0.0,0,0
SUP0226,2025-03,14,0.4286,4.43,1.0,27750.5,0,0
SUP0226,2025-04,9,0.6667,6.22,1.0,0.0,0,0
SUP0226,2025-05,12,0.9167,-0.25,0.955,0.0,0,0
SUP0226,2025-06,7,0.5714,0.71,0.9839,0.0,0,0
SUP0226,2025-07,5,0.4,5.6,1.0,0.0,0,0
SUP0226,2025-08,4,0.75,-0.25,1.0,0.0,0,0
SUP0226,2025-09,7,0.5714,2.14,0.9935,0.0,0,0
SUP0226,2025-10,7,0.7143,2.71,0.871,0.0,0,0
SUP0226,2025-11,6,0.1667,5.5,0.8909,0.0,0,0
SUP0226,2025-12,7,0.5,3.75,1.0,92225.5,0,0
SUP0227,2023-02,2,0.0,7.0,1.0,0.0,0,0
SUP0227,2023-03,3,0.3333,6.67,1.0,0.0,0,0
SUP0227,2023-04,2,0.0,8.0,1.0,0.0,0,0
SUP0227,2023-05,2,0.5,3.5,1.0,0.0,0,0
SUP0227,2023-06,4,0.0,7.25,1.0,0.0,0,0
SUP0227,2023-07,2,0.0,5.0,1.0,0.0,0,0
SUP0227,2023-08,1,0.0,4.0,1.0,0.0,0,0
SUP0227,2023-09,2,0.5,4.0,1.0,0.0,0,0
SUP0227,2023-10,4,0.0,8.25,1.0,0.0,0,0
SUP0227,2023-12,4,0.0,8.25,1.0,0.0,0,0
SUP0227,2024-01,1,0.0,1.0,1.0,0.0,0,0
SUP0227,2024-02,1,1.0,-1.0,1.0,0.0,0,0
SUP0227,2024-04,2,0.0,3.0,1.0,0.0,0,0
SUP0227,2024-05,1,0.0,1.0,1.0,0.0,0,0
SUP0227,2024-07,1,0.0,12.0,1.0,0.0,0,0
SUP0227,2024-08,2,0.0,8.0,1.0,0.0,0,0
SUP0227,2024-09,2,0.0,4.0,0.6812,0.0,0,0
SUP0227,2024-10,3,0.0,6.33,0.7939,0.0,0,0
SUP0227,2024-11,3,0.3333,2.67,1.0,0.0,0,0
SUP0227,2024-12,2,0.5,4.5,1.0,0.0,0,0
SUP0227,2025-01,5,0.2,5.8,1.0,0.0,0,0
SUP0227,2025-02,1,1.0,-2.0,1.0,0.0,0,0
SUP0227,2025-03,3,0.3333,6.0,1.0,0.0,0,0
SUP0227,2025-04,7,0.1429,5.43,0.8603,0.0,0,0
SUP0227,2025-05,1,1.0,-2.0,1.0,0.0,0,0
SUP0227,2025-06,3,0.0,11.33,1.0,0.0,0,0
SUP0227,2025-07,2,0.5,0.5,1.0,0.0,0,0
SUP0227,2025-08,5,0.2,4.0,0.8785,0.0,0,0
SUP0227,2025-10,1,0.0,13.0,1.0,0.0,0,0
SUP0227,2025-11,4,0.0,9.0,1.0,0.0,0,0
SUP0227,2025-12,1,0.0,8.0,1.0,0.0,0,0
SUP0228,2023-01,4,0.5,3.75,0.9482,0.0,0,0
SUP0228,2023-02,10,0.4,4.5,1.0,0.0,0,0
SUP0228,2023-03,10,0.7,1.3,1.0,0.0,0,0
SUP0228,2023-04,9,0.6667,3.0,0.9938,0.0,0,0
SUP0228,2023-05,17,0.7059,1.12,0.9989,30229.9,0,0
SUP0228,2023-06,12,0.5833,5.0,1.0,0.0,0,0
SUP0228,2023-07,10,0.9,0.2,1.0,0.0,0,0
SUP0228,2023-08,13,0.7692,0.77,1.0,0.0,0,0
SUP0228,2023-09,5,0.6,3.0,1.0,0.0,0,0
SUP0228,2023-10,11,0.7273,1.82,0.9927,11158.0,0,0
SUP0228,2023-11,8,0.75,1.38,1.0,0.0,0,0
SUP0228,2023-12,12,0.6667,2.33,0.9414,0.0,0,0
SUP0228,2024-01,11,0.5455,2.91,0.9964,0.0,0,0
SUP0228,2024-02,6,0.3333,1.5,0.9891,0.0,0,0
SUP0228,2024-03,7,0.7143,2.14,1.0,0.0,0,0
SUP0228,2024-04,7,1.0,-0.14,1.0,0.0,0,0
SUP0228,2024-05,10,0.9,0.0,1.0,64900.0,0,0
SUP0228,2024-06,12,0.5833,0.92,1.0,0.0,0,0
SUP0228,2024-07,10,0.6,4.0,1.0,0.0,0,0
SUP0228,2024-08,7,0.5714,4.29,1.0,0.0,0,0
SUP0228,2024-09,8,0.75,2.38,0.9732,0.0,2,1
SUP0228,2024-10,13,0.7692,0.54,0.9967,0.0,0,0
SUP0228,2024-11,12,0.6667,2.67,1.0,0.0,0,0
SUP0228,2024-12,9,0.7778,2.33,1.0,0.0,0,0
SUP0228,2025-01,14,0.7143,1.07,0.9983,0.0,0,0
SUP0228,2025-02,8,0.25,8.5,1.0,359837.8,2,1
SUP0228,2025-03,5,1.0,-0.6,1.0,0.0,0,0
SUP0228,2025-04,11,0.7273,1.82,0.9842,0.0,0,0
SUP0228,2025-05,8,0.5,3.75,1.0,0.0,0,0
SUP0228,2025-06,12,0.5,4.67,0.9588,0.0,0,0
SUP0228,2025-07,7,0.7143,0.86,1.0,0.0,0,0
SUP0228,2025-08,13,0.4615,3.0,0.7096,0.0,0,0
SUP0228,2025-09,8,0.625,-0.5,0.5094,0.0,0,0
SUP0228,2025-10,10,0.8,0.0,0.9951,0.0,0,0
SUP0228,2025-11,9,0.5556,2.56,0.9993,0.0,0,0
SUP0228,2025-12,13,0.5455,3.09,1.0,0.0,0,0
SUP0229,2023-01,7,0.8571,2.0,1.0,0.0,0,0
SUP0229,2023-02,8,0.625,1.75,1.0,55781.2,0,0
SUP0229,2023-03,7,0.7143,0.71,1.0,0.0,0,0
SUP0229,2023-04,6,0.8333,0.33,1.0,0.0,0,0
SUP0229,2023-05,10,0.5,4.9,0.987,0.0,0,0
SUP0229,2023-06,12,0.5,2.42,0.9264,0.0,0,0
SUP0229,2023-07,7,1.0,-0.71,1.0,0.0,0,0
SUP0229,2023-08,12,0.6667,0.83,0.9447,0.0,0,0
SUP0229,2023-09,9,0.7778,0.0,0.9806,0.0,0,0
SUP0229,2023-10,7,0.4286,2.29,0.979,0.0,0,0
SUP0229,2023-11,8,0.625,2.5,0.9865,0.0,0,0
SUP0229,2023-12,17,0.8235,1.88,1.0,0.0,0,0
SUP0229,2024-01,9,0.7778,1.56,1.0,0.0,0,0
SUP0229,2024-02,6,0.8333,1.17,1.0,0.0,0,0
SUP0229,2024-03,14,0.7857,0.86,0.949,0.0,0,0
SUP0229,2024-04,14,0.7143,1.0,0.9727,0.0,0,0
SUP0229,2024-05,15,0.8667,0.07,1.0,0.0,0,0
SUP0229,2024-06,12,0.8333,0.83,0.9967,0.0,0,0
SUP0229,2024-07,14,0.6429,3.64,1.0,124439.1,0,0
SUP0229,2024-08,11,0.7273,1.55,0.985,0.0,0,0
SUP0229,2024-09,9,0.7778,1.22,1.0,0.0,0,0
SUP0229,2024-10,13,0.6923,4.08,1.0,0.0,0,0
SUP0229,2024-11,12,0.6667,1.0,0.9597,0.0,2,0
SUP0229,2024-12,9,0.8889,0.11,1.0,0.0,0,0
SUP0229,2025-01,7,0.2857,5.29,1.0,0.0,0,0
SUP0229,2025-02,13,0.6154,0.54,0.9592,0.0,0,0
SUP0229,2025-03,9,0.7778,1.89,0.9166,0.0,0,0
SUP0229,2025-04,11,0.4545,2.82,0.9955,0.0,0,0
SUP0229,2025-05,10,0.3,6.0,1.0,0.0,0,0
SUP0229,2025-06,11,0.8182,0.27,0.9853,0.0,0,0
SUP0229,2025-07,10,0.9,0.0,1.0,0.0,0,0
SUP0229,2025-08,14,0.7143,1.5,1.0,0.0,0,0
SUP0229,2025-09,11,0.7273,1.91,0.9972,0.0,0,0
SUP0229,2025-10,9,0.6667,2.33,1.0,0.0,0,0
SUP0229,2025-11,9,0.7778,0.33,0.9642,0.0,0,0
SUP0229,2025-12,6,0.8,1.0,1.0,0.0,0,0
SUP0230,2023-01,2,0.0,5.5,1.0,0.0,0,0
SUP0230,2023-02,2,0.0,4.5,1.0,0.0,0,0
SUP0230,2023-03,2,0.0,5.5,0.7935,0.0,0,0
SUP0230,2023-04,3,0.0,5.67,0.9026,0.0,0,0
SUP0230,2023-05,2,0.0,8.5,1.0,0.0,0,0
SUP0230,2023-06,2,0.5,0.0,1.0,0.0,0,0
SUP0230,2023-07,4,0.25,3.0,0.9167,0.0,0,0
SUP0230,2023-08,3,0.3333,6.67,1.0,0.0,0,0
SUP0230,2023-09,1,0.0,2.0,1.0,0.0,0,0
SUP0230,2023-10,2,1.0,-3.0,1.0,0.0,0,0
SUP0230,2023-11,2,0.5,5.5,1.0,0.0,0,0
SUP0230,2023-12,2,0.5,5.0,1.0,0.0,0,0
SUP0230,2024-01,1,1.0,-1.0,1.0,0.0,0,0
SUP0230,2024-02,2,0.5,6.5,1.0,0.0,0,0
SUP0230,2024-03,2,0.5,4.5,0.8741,0.0,0,0
SUP0230,2024-04,3,0.0,8.67,1.0,0.0,0,0
SUP0230,2024-07,1,1.0,-2.0,1.0,0.0,0,0
SUP0230,2024-08,1,0.0,10.0,1.0,0.0,0,0
SUP0230,2024-09,1,0.0,3.0,1.0,0.0,0,0
SUP0230,2024-10,1,1.0,-1.0,1.0,0.0,0,0
SUP0230,2024-11,2,0.5,1.0,1.0,0.0,0,0
SUP0230,2024-12,3,0.0,8.0,0.8483,0.0,0,0
SUP0230,2025-01,1,0.0,9.0,1.0,0.0,0,0
SUP0230,2025-03,2,0.0,10.0,1.0,0.0,0,0
SUP0230,2025-04,3,0.3333,5.0,1.0,0.0,0,0
SUP0230,2025-05,1,0.0,4.0,1.0,0.0,0,0
SUP0230,2025-06,2,0.0,6.5,1.0,0.0,0,0
SUP0230,2025-07,2,0.0,6.5,1.0,0.0,0,0
SUP0230,2025-08,2,0.0,6.0,1.0,0.0,0,0
SUP0230,2025-10,3,0.3333,3.67,0.7428,0.0,0,0
SUP0230,2025-11,2,0.0,1.0,1.0,0.0,0,0
SUP0230,2025-12,3,,,,0.0,0,0
SUP0231,2023-02,2,0.0,8.0,1.0,0.0,0,0
SUP0231,2023-04,1,0.0,10.0,1.0,0.0,0,0
SUP0231,2023-05,2,0.5,4.5,1.0,0.0,0,0
SUP0231,2023-08,1,0.0,1.0,1.0,0.0,0,0
SUP0231,2023-10,2,0.0,8.5,1.0,0.0,0,0
SUP0231,2023-11,2,1.0,-2.0,1.0,0.0,0,0
SUP0231,2023-12,2,0.0,3.0,1.0,0.0,0,0
SUP0231,2024-01,1,0.0,3.0,1.0,0.0,0,0
SUP0231,2024-02,2,0.0,7.0,0.6449,0.0,0,0
SUP0231,2024-03,6,0.0,6.0,1.0,0.0,0,0
SUP0231,2024-04,1,0.0,5.0,1.0,0.0,0,0
SUP0231,2024-05,3,0.0,10.33,1.0,0.0,0,0
SUP0231,2024-06,1,1.0,-1.0,1.0,0.0,0,0
SUP0231,2024-07,1,1.0,-1.0,1.0,0.0,0,0
SUP0231,2024-08,2,0.5,4.5,1.0,0.0,0,0
SUP0231,2024-09,2,0.5,7.0,1.0,0.0,0,0
SUP0231,2024-10,1,0.0,6.0,1.0,0.0,0,0
SUP0231,2024-11,1,0.0,14.0,1.0,0.0,0,0
SUP0231,2024-12,1,0.0,8.0,1.0,0.0,0,0
SUP0231,2025-03,2,0.5,3.0,1.0,0.0,0,0
SUP0231,2025-04,1,0.0,2.0,1.0,0.0,0,0
SUP0231,2025-06,2,0.0,7.0,1.0,0.0,0,0
SUP0231,2025-10,1,1.0,0.0,1.0,0.0,0,0
SUP0231,2025-11,5,0.2,6.2,0.9651,0.0,0,0
SUP0231,2025-12,4,0.0,6.33,1.0,0.0,0,0
SUP0232,2023-01,3,0.6667,4.0,1.0,0.0,0,0
SUP0232,2023-02,5,0.6,2.6,1.0,0.0,0,0
SUP0232,2023-03,6,0.8333,-0.5,0.9643,0.0,0,0
SUP0232,2023-04,6,0.5,2.0,1.0,0.0,0,0
SUP0232,2023-05,7,0.7143,2.86,1.0,0.0,0,0
SUP0232,2023-06,7,0.8571,0.0,1.0,32038.9,0,0
SUP0232,2023-07,7,0.7143,2.43,1.0,0.0,0,0
SUP0232,2023-08,4,0.5,2.25,1.0,0.0,0,0
SUP0232,2023-09,1,1.0,0.0,1.0,0.0,0,0
SUP0232,2023-10,5,1.0,0.0,1.0,0.0,0,0
SUP0232,2023-11,3,0.6667,2.0,1.0,352995.7,0,0
SUP0232,2023-12,9,0.4444,2.78,0.9914,0.0,0,0
SUP0232,2024-01,6,0.6667,2.83,1.0,0.0,0,0
SUP0232,2024-02,5,0.2,3.2,0.9823,0.0,0,0
SUP0232,2024-03,4,0.5,3.75,1.0,0.0,0,0
SUP0232,2024-04,3,0.6667,2.0,1.0,0.0,0,0
SUP0232,2024-05,6,0.5,3.83,0.93,0.0,0,0
SUP0232,2024-06,4,0.5,4.75,1.0,0.0,0,0
SUP0232,2024-07,9,0.6667,2.33,1.0,0.0,0,0
SUP0232,2024-08,3,0.3333,3.33,1.0,0.0,0,0
SUP0232,2024-09,4,0.75,0.75,1.0,0.0,0,0
SUP0232,2024-10,4,0.75,0.0,1.0,0.0,0,0
SUP0232,2024-11,2,0.5,2.0,1.0,0.0,0,0
SUP0232,2024-12,9,0.4444,2.67,1.0,0.0,0,0
SUP0232,2025-01,3,1.0,0.0,1.0,0.0,0,0
SUP0232,2025-02,2,1.0,0.0,1.0,0.0,0,0
SUP0232,2025-03,3,0.3333,4.0,1.0,0.0,0,0
SUP0232,2025-04,7,0.4286,2.71,0.9606,0.0,0,0
SUP0232,2025-05,5,0.8,0.6,1.0,0.0,0,0
SUP0232,2025-06,7,0.7143,1.43,1.0,0.0,0,0
SUP0232,2025-07,4,0.75,2.25,1.0,0.0,0,0
SUP0232,2025-08,4,0.5,2.75,1.0,0.0,0,0
SUP0232,2025-09,6,0.5,2.83,1.0,0.0,0,0
SUP0232,2025-10,5,0.6,3.2,1.0,0.0,0,0
SUP0232,2025-11,8,1.0,-0.12,1.0,0.0,0,0
SUP0232,2025-12,6,1.0,0.0,1.0,0.0,0,0
SUP0233,2023-01,1,0.0,11.0,0.4732,0.0,0,0
SUP0233,2023-02,1,0.0,3.0,1.0,0.0,0,0
SUP0233,2023-03,4,0.5,2.25,1.0,0.0,0,0
SUP0233,2023-04,1,0.0,5.0,1.0,0.0,0,0
SUP0233,2023-05,4,0.0,2.75,0.7676,0.0,0,0
SUP0233,2023-06,3,0.0,9.67,1.0,0.0,0,0
SUP0233,2023-07,2,0.0,9.5,1.0,0.0,0,0
SUP0233,2023-08,1,0.0,9.0,1.0,0.0,0,0
SUP0233,2023-09,5,0.4,2.0,0.9762,0.0,0,0
SUP0233,2023-10,3,0.3333,4.67,1.0,0.0,0,0
SUP0233,2023-11,1,0.0,1.0,0.6463,0.0,0,0
SUP0233,2023-12,1,1.0,-3.0,1.0,0.0,0,0
SUP0233,2024-01,2,1.0,-1.5,1.0,0.0,0,0
SUP0233,2024-02,5,0.0,7.0,1.0,0.0,0,0
SUP0233,2024-03,4,0.0,4.0,0.9365,0.0,0,0
SUP0233,2024-04,5,0.2,5.6,0.8919,0.0,0,0
SUP0233,2024-05,2,0.0,9.0,1.0,0.0,0,0
SUP0233,2024-06,1,0.0,10.0,1.0,0.0,0,0
SUP0233,2024-07,2,0.0,9.5,1.0,0.0,0,0
SUP0233,2024-08,4,0.0,8.0,1.0,0.0,0,0
SUP0233,2024-09,1,0.0,7.0,1.0,0.0,0,0
SUP0233,2024-10,3,0.3333,5.67,0.7569,0.0,0,0
SUP0233,2024-11,3,0.0,8.67,1.0,0.0,0,0
SUP0233,2024-12,2,0.0,12.0,1.0,0.0,0,0
SUP0233,2025-01,1,0.0,6.0,1.0,0.0,0,0
SUP0233,2025-04,3,0.0,7.67,1.0,0.0,0,0
SUP0233,2025-05,3,0.0,6.67,0.8834,0.0,0,0
SUP0233,2025-06,2,0.0,7.5,1.0,0.0,0,0
SUP0233,2025-07,2,0.0,4.5,1.0,0.0,0,0
SUP0233,2025-09,2,0.0,4.0,1.0,0.0,0,0
SUP0233,2025-10,1,0.0,8.0,1.0,0.0,0,0
SUP0233,2025-11,4,0.25,5.0,1.0,0.0,0,0
SUP0233,2025-12,2,0.0,-2.0,0.5519,0.0,0,0
SUP0234,2023-02,3,0.0,6.0,0.5955,0.0,0,0
SUP0234,2023-03,2,0.0,9.0,0.8282,0.0,0,0
SUP0234,2023-04,1,0.0,11.0,1.0,0.0,0,0
SUP0234,2023-06,5,0.2,5.4,0.999,0.0,0,0
SUP0234,2023-07,3,0.0,7.33,1.0,0.0,0,0
SUP0234,2023-08,3,0.0,4.0,1.0,0.0,0,0
SUP0234,2023-09,3,0.6667,0.0,0.9717,0.0,0,0
SUP0234,2023-10,2,0.0,2.5,0.6947,0.0,0,0
SUP0234,2023-11,3,0.6667,3.0,1.0,0.0,0,0
SUP0234,2023-12,2,0.5,0.5,1.0,0.0,0,0
SUP0234,2024-01,2,0.0,5.0,1.0,0.0,0,0
SUP0234,2024-02,3,0.0,7.33,1.0,0.0,0,0
SUP0234,2024-03,1,0.0,14.0,1.0,0.0,0,0
SUP0234,2024-04,3,0.3333,3.0,1.0,0.0,0,0
SUP0234,2024-05,1,1.0,-3.0,1.0,0.0,0,0
SUP0234,2024-06,3,0.0,11.67,1.0,0.0,0,0
SUP0234,2024-07,4,0.25,7.75,1.0,0.0,0,0
SUP0234,2024-08,4,0.25,1.75,1.0,0.0,0,0
SUP0234,2024-09,2,0.0,5.0,1.0,0.0,0,0
SUP0234,2024-10,4,0.25,0.25,0.8717,0.0,0,0
SUP0234,2024-11,2,0.5,6.0,1.0,0.0,0,0
SUP0234,2024-12,2,0.0,8.0,1.0,0.0,0,0
SUP0234,2025-01,1,0.0,2.0,1.0,0.0,0,0
SUP0234,2025-02,3,0.0,7.67,1.0,0.0,0,0
SUP0234,2025-03,3,0.0,12.0,1.0,0.0,0,0
SUP0234,2025-04,4,0.0,10.25,1.0,0.0,0,0
SUP0234,2025-06,2,0.0,8.5,1.0,0.0,0,0
SUP0234,2025-07,2,0.5,1.5,1.0,0.0,0,0
SUP0234,2025-08,6,0.0,8.17,0.9697,0.0,0,0
SUP0234,2025-09,1,0.0,-1.0,0.1659,0.0,0,0
SUP0234,2025-10,2,0.5,5.5,1.0,0.0,0,0
SUP0234,2025-11,2,0.0,6.5,1.0,0.0,0,0
SUP0234,2025-12,3,,,,0.0,0,0
SUP0235,2023-02,1,0.0,11.0,1.0,0.0,0,0
SUP0235,2023-04,4,0.0,5.25,1.0,0.0,0,0
SUP0235,2023-07,4,0.25,2.0,0.9582,0.0,0,0
SUP0235,2023-08,2,0.0,12.0,0.8626,0.0,0,0
SUP0235,2023-09,1,1.0,0.0,1.0,0.0,0,0
SUP0235,2023-11,2,0.5,6.0,1.0,0.0,0,0
SUP0235,2023-12,5,0.0,9.4,0.9429,0.0,0,0
SUP0235,2024-02,3,0.0,6.33,1.0,0.0,0,0
SUP0235,2024-03,4,0.5,3.75,0.8011,0.0,0,0
SUP0235,2024-04,4,0.25,4.5,0.6623,0.0,0,0
SUP0235,2024-05,2,0.0,10.5,1.0,0.0,0,0
SUP0235,2024-06,2,1.0,-0.5,1.0,0.0,0,0
SUP0235,2024-07,1,0.0,8.0,1.0,0.0,0,0
SUP0235,2024-08,1,0.0,6.0,1.0,0.0,0,0
SUP0235,2024-09,1,0.0,3.0,1.0,0.0,0,0
SUP0235,2024-10,3,0.3333,5.33,1.0,0.0,0,0
SUP0235,2024-12,9,0.2222,3.0,1.0,0.0,0,0
SUP0235,2025-01,1,1.0,0.0,1.0,0.0,0,0
SUP0235,2025-02,2,0.0,8.0,1.0,0.0,0,0
SUP0235,2025-03,2,0.5,0.5,1.0,0.0,0,0
SUP0235,2025-04,4,0.25,7.5,1.0,0.0,0,0
SUP0235,2025-07,1,0.0,10.0,0.4774,0.0,0,0
SUP0235,2025-08,6,0.1667,7.83,1.0,0.0,0,0
SUP0235,2025-09,2,0.5,0.0,1.0,0.0,0,0
SUP0235,2025-10,1,1.0,0.0,1.0,0.0,0,0
SUP0235,2025-11,3,0.3333,3.67,1.0,0.0,0,0
SUP0235,2025-12,5,0.6667,0.0,1.0,0.0,0,0
SUP0236,2023-02,2,1.0,0.0,1.0,0.0,0,0
SUP0236,2023-03,6,0.8333,1.67,1.0,0.0,0,0
SUP0236,2023-04,12,1.0,-0.33,1.0,90150.0,0,0
SUP0236,2023-05,9,0.7778,0.78,0.7701,0.0,0,0
SUP0236,2023-06,13,0.6923,1.85,1.0,0.0,0,0
SUP0236,2023-07,9,0.7778,1.11,1.0,0.0,0,0
SUP0236,2023-08,8,0.875,0.12,1.0,0.0,0,0
SUP0236,2023-09,6,0.6667,1.67,1.0,0.0,0,0
SUP0236,2023-10,15,0.8,0.73,0.8818,0.0,0,0
SUP0236,2023-11,7,0.4286,4.43,1.0,0.0,0,0
SUP0236,2023-12,9,0.6667,3.67,1.0,0.0,1,1
SUP0236,2024-01,9,0.8889,0.11,1.0,49509.5,0,0
SUP0236,2024-02,12,0.4167,5.5,1.0,0.0,0,0
SUP0236,2024-03,8,1.0,-0.25,1.0,0.0,0,0
SUP0236,2024-04,13,0.8462,0.77,1.0,0.0,0,0
SUP0236,2024-05,8,0.625,1.12,0.9574,0.0,0,0
SUP0236,2024-06,6,0.1667,3.17,1.0,0.0,0,0
SUP0236,2024-07,12,0.6667,1.17,0.9484,0.0,0,0
SUP0236,2024-08,12,0.9167,1.08,0.5787,0.0,0,0
SUP0236,2024-09,8,0.875,0.0,1.0,0.0,0,0
SUP0236,2024-10,6,0.5,2.5,0.7659,0.0,0,0
SUP0236,2024-11,15,0.7333,1.6,1.0,0.0,0,0
SUP0236,2024-12,12,0.5,4.58,1.0,4343.6,0,0
SUP0236,2025-01,7,0.8571,0.86,0.9418,0.0,0,0
SUP0236,2025-02,4,1.0,0.0,1.0,26355.9,0,0
SUP0236,2025-03,12,0.6667,1.5,0.9855,0.0,0,0
SUP0236,2025-04,9,0.7778,2.44,0.907,0.0,0,0
SUP0236,2025-05,9,1.0,-0.67,1.0,0.0,0,0
SUP0236,2025-06,6,0.5,2.0,0.7748,0.0,0,0
SUP0236,2025-07,12,0.6667,3.83,1.0,0.0,1,1
SUP0236,2025-08,5,1.0,-0.6,1.0,0.0,0,0
SUP0236,2025-09,14,0.8571,1.29,1.0,0.0,0,0
SUP0236,2025-10,9,1.0,-0.44,1.0,0.0,0,0
SUP0236,2025-11,8,0.5,2.75,1.0,0.0,0,0
SUP0236,2025-12,13,0.9,0.3,1.0,0.0,0,0
SUP0237,2023-01,1,0.0,1.0,1.0,0.0,0,0
SUP0237,2023-02,1,1.0,-1.0,1.0,0.0,0,0
SUP0237,2023-03,2,0.0,8.0,1.0,0.0,0,0
SUP0237,2023-04,3,0.0,5.67,1.0,0.0,0,0
SUP0237,2023-05,2,0.0,12.0,1.0,0.0,0,0
SUP0237,2023-06,1,0.0,11.0,1.0,0.0,0,0
SUP0237,2023-07,5,0.2,6.8,1.0,0.0,0,0
SUP0237,2023-08,1,1.0,-3.0,1.0,0.0,0,0
SUP0237,2023-09,1,0.0,4.0,1.0,0.0,0,0
SUP0237,2023-10,3,0.3333,7.33,1.0,0.0,0,0
SUP0237,2023-11,5,0.2,3.6,0.9143,0.0,0,0
SUP0237,2024-01,1,0.0,8.0,1.0,0.0,0,0
SUP0237,2024-02,2,0.0,11.5,0.7542,0.0,0,0
SUP0237,2024-03,1,0.0,12.0,1.0,0.0,0,0
SUP0237,2024-04,2,0.0,3.5,1.0,0.0,0,0
SUP0237,2024-05,2,1.0,-1.0,1.0,0.0,0,0
SUP0237,2024-06,3,0.0,4.0,0.8965,0.0,0,0
SUP0237,2024-07,1,0.0,12.0,1.0,0.0,0,0
SUP0237,2024-08,4,0.0,10.5,1.0,0.0,0,0
SUP0237,2024-09,1,0.0,4.0,1.0,0.0,0,0
SUP0237,2024-10,1,0.0,3.0,0.6397,0.0,0,0
SUP0237,2024-11,5,0.0,5.4,0.9688,0.0,0,0
SUP0237,2024-12,2,0.0,7.0,1.0,0.0,0,0
SUP0237,2025-01,1,1.0,0.0,1.0,0.0,0,0
SUP0237,2025-02,3,0.3333,6.67,0.8789,0.0,0,0
SUP0237,2025-03,2,0.0,4.5,1.0,0.0,0,0
SUP0237,2025-04,4,0.75,1.25,1.0,0.0,0,0
SUP0237,2025-05,2,0.0,7.5,0.8376,0.0,0,0
SUP0237,2025-06,4,0.25,3.75,1.0,0.0,0,0
SUP0237,2025-07,5,0.0,10.4,1.0,0.0,0,0
SUP0237,2025-08,1,0.0,2.0,1.0,0.0,0,0
SUP0237,2025-09,2,0.0,12.5,1.0,0.0,0,0
SUP0238,2023-02,2,0.5,5.5,1.0,0.0,0,0
SUP0238,2023-03,7,0.2857,4.86,1.0,0.0,0,0
SUP0238,2023-04,3,0.3333,7.33,1.0,0.0,0,0
SUP0238,2023-05,4,0.5,4.75,1.0,0.0,0,0
SUP0238,2023-06,2,0.5,0.5,1.0,0.0,0,0
SUP0238,2023-07,8,0.25,2.5,0.8323,0.0,0,0
SUP0238,2023-08,5,0.6,5.2,1.0,0.0,0,0
SUP0238,2023-09,9,0.4444,3.89,1.0,0.0,0,0
SUP0238,2023-10,6,0.5,4.0,1.0,0.0,0,0
SUP0238,2023-11,4,0.5,3.5,1.0,0.0,0,0
SUP0238,2023-12,4,0.5,6.25,1.0,0.0,0,0
SUP0238,2024-01,4,0.25,5.5,0.8051,0.0,0,0
SUP0238,2024-02,3,1.0,0.0,1.0,0.0,0,0
SUP0238,2024-03,7,0.4286,2.14,0.9147,0.0,0,0
SUP0238,2024-04,7,0.8571,0.0,0.9953,0.0,0,0
SUP0238,2024-05,4,0.5,3.75,1.0,0.0,0,0
SUP0238,2024-06,4,0.5,4.0,1.0,0.0,0,0
SUP0238,2024-07,4,0.75,3.0,1.0,0.0,0,0
SUP0238,2024-08,2,0.5,7.0,1.0,0.0,0,0
SUP0238,2024-09,3,0.6667,0.0,1.0,0.0,0,0
SUP0238,2024-10,3,0.6667,3.33,1.0,0.0,0,0
SUP0238,2024-11,2,1.0,0.0,1.0,0.0,0,0
SUP0238,2024-12,6,0.3333,3.83,0.9597,0.0,0,0
SUP0238,2025-01,3,1.0,-1.0,1.0,0.0,0,0
SUP0238,2025-02,8,0.75,2.12,1.0,0.0,0,0
SUP0238,2025-03,6,0.6667,1.5,1.0,0.0,0,0
SUP0238,2025-04,5,0.8,-0.4,0.9248,0.0,0,0
SUP0238,2025-05,3,1.0,0.0,1.0,0.0,0,0
SUP0238,2025-06,3,0.6667,4.0,1.0,0.0,0,0
SUP0238,2025-07,6,0.3333,4.5,0.9043,0.0,0,0
SUP0238,2025-08,7,0.5714,4.71,0.972,0.0,0,0
SUP0238,2025-09,5,0.6,4.2,0.9422,0.0,0,0
SUP0238,2025-10,7,0.7143,2.14,1.0,0.0,0,0
SUP0238,2025-11,4,0.25,4.25,0.9234,0.0,0,0
SUP0238,2025-12,6,0.0,5.5,1.0,0.0,0,0
SUP0239,2023-01,3,1.0,0.0,1.0,0.0,0,0
SUP0239,2023-02,2,1.0,0.0,1.0,0.0,0,0
SUP0239,2023-03,6,0.6667,2.83,0.99,0.0,0,0
SUP0239,2023-04,12,0.5833,1.58,0.8894,0.0,0,0
SUP0239,2023-05,8,0.25,5.25,1.0,0.0,0,0
SUP0239,2023-06,9,0.3333,3.89,1.0,0.0,0,0
SUP0239,2023-07,1,1.0,0.0,1.0,0.0,0,0
SUP0239,2023-08,4,0.5,4.5,1.0,0.0,0,0
SUP0239,2023-09,5,0.4,3.8,1.0,0.0,0,0
SUP0239,2023-10,5,1.0,-0.4,1.0,0.0,0,0
SUP0239,2023-11,5,0.8,0.0,0.9913,0.0,0,0
SUP0239,2023-12,5,0.8,0.4,1.0,0.0,0,0
SUP0239,2024-01,7,0.2857,5.0,0.996,0.0,0,0
SUP0239,2024-02,5,0.2,3.0,1.0,0.0,0,0
SUP0239,2024-03,7,0.2857,6.43,1.0,0.0,0,0
SUP0239,2024-04,9,0.3333,6.0,0.9994,0.0,0,0
SUP0239,2024-05,8,0.875,3.25,1.0,0.0,0,0
SUP0239,2024-06,3,0.6667,3.67,1.0,0.0,0,0
SUP0239,2024-07,3,0.3333,5.0,1.0,0.0,0,0
SUP0239,2024-08,9,0.5556,2.0,0.9917,0.0,0,0
SUP0239,2024-09,4,1.0,-1.25,1.0,0.0,0,0
SUP0239,2024-10,7,0.5714,2.57,1.0,0.0,0,0
SUP0239,2024-11,3,0.0,6.67,1.0,0.0,0,0
SUP0239,2024-12,8,0.375,4.0,1.0,0.0,0,0
SUP0239,2025-01,7,0.4286,2.57,0.9786,0.0,0,0
SUP0239,2025-02,5,0.4,6.0,1.0,0.0,0,0
SUP0239,2025-03,5,0.2,4.2,1.0,0.0,0,0
SUP0239,2025-04,7,0.7143,3.57,0.9042,119899.2,0,0
SUP0239,2025-05,6,0.1667,4.33,1.0,0.0,0,0
SUP0239,2025-06,9,0.6667,2.0,1.0,0.0,0,0
SUP0239,2025-07,11,0.6364,2.18,1.0,0.0,0,0
SUP0239,2025-08,4,0.25,2.5,1.0,0.0,0,0
SUP0239,2025-09,3,0.0,8.33,1.0,0.0,0,0
SUP0239,2025-10,8,0.625,1.38,1.0,0.0,0,0
SUP0239,2025-11,5,0.8,5.8,1.0,0.0,0,0
SUP0239,2025-12,4,1.0,0.0,1.0,0.0,0,0
SUP0240,2023-01,7,0.2857,5.29,1.0,0.0,0,0
SUP0240,2023-02,3,0.3333,7.67,1.0,0.0,0,0
SUP0240,2023-03,10,0.9,0.5,1.0,144469.3,0,0
SUP0240,2023-04,9,0.6667,3.56,1.0,0.0,0,0
SUP0240,2023-05,12,0.6667,2.0,1.0,24850.4,0,0
SUP0240,2023-06,10,1.0,-0.2,1.0,0.0,0,0
SUP0240,2023-07,10,0.8,1.2,1.0,0.0,0,0
SUP0240,2023-08,13,0.7692,2.08,1.0,0.0,0,0
SUP0240,2023-09,11,0.8182,0.18,1.0,117112.0,0,0
SUP0240,2023-10,14,0.7143,3.0,0.9964,0.0,0,0
SUP0240,2023-11,7,0.8571,1.29,1.0,0.0,0,0
SUP0240,2023-12,9,1.0,-0.11,1.0,0.0,0,0
SUP0240,2024-01,10,0.9,0.4,1.0,0.0,0,0
SUP0240,2024-02,5,0.8,-0.4,1.0,0.0,0,0
SUP0240,2024-03,11,0.8182,0.91,1.0,0.0,0,0
SUP0240,2024-04,8,1.0,0.0,1.0,12125.5,0,0
SUP0240,2024-05,13,0.7692,0.77,0.9484,0.0,0,0
SUP0240,2024-06,8,0.75,1.88,1.0,0.0,0,0
SUP0240,2024-07,8,0.5,4.38,1.0,0.0,1,1
SUP0240,2024-08,11,0.8182,0.0,1.0,163486.2,0,0
SUP0240,2024-09,10,0.5,3.3,1.0,265985.0,0,0
SUP0240,2024-10,12,0.4167,3.33,1.0,52346.6,0,0
SUP0240,2024-11,12,0.75,1.75,1.0,28481.7,0,0
SUP0240,2024-12,7,0.8571,0.57,1.0,0.0,0,0
SUP0240,2025-01,9,0.7778,0.33,1.0,69992.5,0,0
SUP0240,2025-02,9,0.7778,1.78,1.0,0.0,0,0
SUP0240,2025-03,8,0.5,2.12,0.9098,0.0,0,0
SUP0240,2025-04,13,0.7692,1.0,1.0,54288.1,0,0
SUP0240,2025-05,16,0.75,0.56,1.0,0.0,0,0
SUP0240,2025-06,4,0.75,0.25,1.0,0.0,0,0
SUP0240,2025-07,10,0.7,0.1,0.8845,0.0,0,0
SUP0240,2025-08,9,0.8889,0.11,1.0,172955.6,0,0
SUP0240,2025-09,12,0.75,1.08,1.0,0.0,0,0
SUP0240,2025-10,11,0.6364,0.82,0.9445,0.0,0,0
SUP0240,2025-11,9,0.6667,1.11,0.9768,0.0,0,0
SUP0240,2025-12,7,1.0,-1.14,1.0,0.0,0,0
SUP0241,2023-01,9,0.7778,-0.11,0.9377,0.0,0,0
SUP0241,2023-02,14,0.8571,0.0,0.9937,0.0,0,0
SUP0241,2023-03,16,0.6875,1.0,0.9786,0.0,2,2
SUP0241,2023-04,25,0.84,0.64,0.9765,0.0,0,0
SUP0241,2023-05,19,0.8421,1.26,1.0,0.0,0,0
SUP0241,2023-06,14,0.7857,1.07,1.0,0.0,0,0
SUP0241,2023-07,21,0.8571,0.57,1.0,0.0,0,0
SUP0241,2023-08,21,0.9524,0.1,1.0,0.0,0,0
SUP0241,2023-09,18,0.6667,2.44,1.0,0.0,2,0
SUP0241,2023-10,19,0.8421,0.89,0.9902,2234.2,0,0
SUP0241,2023-11,18,0.6111,2.39,1.0,0.0,0,0
SUP0241,2023-12,15,0.6667,1.33,0.9882,52415.2,0,0
SUP0241,2024-01,10,0.8,0.1,0.9953,0.0,0,0
SUP0241,2024-02,18,0.7222,0.22,0.9645,0.0,0,0
SUP0241,2024-03,21,0.9048,0.33,1.0,0.0,2,1
SUP0241,2024-04,25,0.92,0.52,1.0,90013.2,0,0
SUP0241,2024-05,18,0.5,2.78,1.0,158020.4,2,1
SUP0241,2024-06,17,0.8235,0.65,1.0,0.0,0,0
SUP0241,2024-07,17,0.7059,1.71,1.0,231755.3,0,0
SUP0241,2024-08,15,0.5333,3.47,0.9934,0.0,2,0
SUP0241,2024-09,20,0.65,2.6,0.9932,101907.2,3,1
SUP0241,2024-10,21,0.619,2.76,0.8924,98239.0,2,0
SUP0241,2024-11,14,0.9286,-0.07,1.0,0.0,0,0
SUP0241,2024-12,19,0.9474,0.32,1.0,0.0,0,0
SUP0241,2025-01,18,0.9444,-0.06,0.9103,16703.4,0,0
SUP0241,2025-02,15,0.8667,-0.13,0.9891,0.0,0,0
SUP0241,2025-03,18,0.7778,-0.22,0.9589,16553.3,0,0
SUP0241,2025-04,13,0.7692,1.77,0.9987,0.0,0,0
SUP0241,2025-05,16,0.6875,1.31,0.7778,0.0,0,0
SUP0241,2025-06,19,0.6842,0.32,0.9317,0.0,0,0
SUP0241,2025-07,19,0.8421,0.89,1.0,45066.0,0,0
SUP0241,2025-08,17,0.4706,4.12,0.9837,187600.3,3,2
SUP0241,2025-09,18,0.8333,1.06,1.0,21623.1,0,0
SUP0241,2025-10,18,0.9444,0.33,1.0,0.0,0,0
SUP0241,2025-11,16,0.75,1.44,1.0,146937.5,2,0
SUP0241,2025-12,14,1.0,0.0,1.0,0.0,0,0
SUP0242,2023-02,1,1.0,0.0,1.0,0.0,0,0
SUP0242,2023-04,1,1.0,0.0,1.0,0.0,0,0
SUP0242,2023-05,3,0.0,9.33,1.0,0.0,0,0
SUP0242,2023-06,2,0.0,7.5,1.0,0.0,0,0
SUP0242,2023-07,1,0.0,6.0,1.0,0.0,0,0
SUP0242,2023-08,1,1.0,-1.0,1.0,0.0,0,0
SUP0242,2023-10,2,0.0,7.5,1.0,0.0,0,0
SUP0242,2023-11,2,0.5,0.5,0.7542,0.0,0,0
SUP0242,2023-12,3,0.3333,5.33,1.0,0.0,0,0
SUP0242,2024-01,2,0.5,0.5,1.0,0.0,0,0
SUP0242,2024-02,3,0.0,5.67,1.0,0.0,0,0
SUP0242,2024-03,1,0.0,13.0,1.0,0.0,0,0
SUP0242,2024-05,4,0.5,1.75,0.8744,0.0,0,0
SUP0242,2024-07,4,0.0,9.0,1.0,0.0,0,0
SUP0242,2024-08,3,0.6667,2.33,1.0,0.0,0,0
SUP0242,2024-09,2,0.5,5.5,1.0,0.0,0,0
SUP0242,2024-10,1,0.0,-1.0,0.3325,0.0,0,0
SUP0242,2024-12,2,0.0,1.5,1.0,0.0,0,0
SUP0242,2025-01,1,0.0,13.0,1.0,0.0,0,0
SUP0242,2025-02,1,0.0,2.0,1.0,0.0,0,0
SUP0242,2025-03,2,0.0,2.5,1.0,0.0,0,0
SUP0242,2025-05,3,0.3333,6.33,1.0,0.0,0,0
SUP0242,2025-06,2,0.5,4.0,1.0,0.0,0,0
SUP0242,2025-07,3,0.3333,4.0,1.0,0.0,0,0
SUP0242,2025-08,2,0.0,13.5,0.603,0.0,0,0
SUP0242,2025-09,2,0.0,5.0,1.0,0.0,0,0
SUP0242,2025-10,1,0.0,5.0,1.0,0.0,0,0
SUP0242,2025-11,2,1.0,-2.5,1.0,0.0,0,0
SUP0242,2025-12,1,,,,0.0,0,0
SUP0243,2023-01,1,0.0,4.0,1.0,0.0,0,0
SUP0243,2023-02,1,0.0,14.0,1.0,0.0,0,0
SUP0243,2023-03,2,0.0,7.5,1.0,0.0,0,0
SUP0243,2023-04,3,0.3333,3.67,1.0,0.0,0,0
SUP0243,2023-05,1,0.0,11.0,1.0,0.0,0,0
SUP0243,2023-06,6,0.8333,0.5,0.9233,0.0,0,0
SUP0243,2023-07,2,0.5,0.0,1.0,0.0,0,0
SUP0243,2023-08,1,1.0,0.0,1.0,0.0,0,0
SUP0243,2023-09,2,0.5,2.5,1.0,0.0,0,0
SUP0243,2023-11,1,0.0,12.0,1.0,0.0,0,0
SUP0243,2023-12,1,0.0,13.0,1.0,0.0,0,0
SUP0243,2024-01,2,0.0,4.0,0.7711,0.0,0,0
SUP0243,2024-02,3,0.3333,2.67,1.0,0.0,0,0
SUP0243,2024-04,2,0.0,11.5,1.0,0.0,0,0
SUP0243,2024-05,3,0.3333,3.33,1.0,0.0,0,0
SUP0243,2024-06,3,0.0,8.67,0.9841,0.0,0,0
SUP0243,2024-07,4,0.25,4.25,1.0,0.0,0,0
SUP0243,2024-09,2,0.0,7.5,1.0,0.0,0,0
SUP0243,2024-10,3,0.3333,2.33,1.0,0.0,0,0
SUP0243,2024-11,1,0.0,7.0,1.0,0.0,0,0
SUP0243,2024-12,4,0.0,7.5,1.0,0.0,0,0
SUP0243,2025-01,2,0.0,4.5,1.0,0.0,0,0
SUP0243,2025-02,1,0.0,11.0,0.5904,0.0,0,0
SUP0243,2025-03,3,0.3333,4.0,1.0,0.0,0,0
SUP0243,2025-04,2,0.0,5.5,1.0,0.0,0,0
SUP0243,2025-05,3,0.0,6.33,1.0,0.0,0,0
SUP0243,2025-08,4,0.5,0.75,1.0,0.0,0,0
SUP0243,2025-09,2,0.0,5.5,1.0,0.0,0,0
SUP0243,2025-10,3,0.0,6.33,1.0,0.0,0,0
SUP0243,2025-11,1,0.0,4.0,1.0,0.0,0,0
SUP0243,2025-12,4,0.0,3.0,1.0,0.0,0,0
SUP0244,2023-03,2,0.0,8.5,1.0,0.0,0,0
SUP0244,2023-05,5,0.2,2.8,1.0,0.0,0,0
SUP0244,2023-06,4,0.25,2.75,1.0,0.0,0,0
SUP0244,2023-07,1,0.0,13.0,1.0,0.0,0,0
SUP0244,2023-08,2,0.5,2.0,1.0,0.0,0,0
SUP0244,2023-09,2,0.0,11.0,1.0,0.0,0,0
SUP0244,2023-10,6,0.3333,6.83,1.0,0.0,0,0
SUP0244,2023-11,1,0.0,9.0,1.0,0.0,0,0
SUP0244,2023-12,3,0.0,4.0,0.7783,0.0,0,0
SUP0244,2024-01,2,0.5,5.0,0.6963,0.0,0,0
SUP0244,2024-02,1,0.0,6.0,1.0,0.0,0,0
SUP0244,2024-03,4,0.25,5.0,1.0,0.0,0,0
SUP0244,2024-04,3,0.0,9.67,1.0,0.0,0,0
SUP0244,2024-05,2,0.0,8.0,1.0,0.0,0,0
SUP0244,2024-06,2,0.0,6.0,0.9016,0.0,0,0
SUP0244,2024-07,2,1.0,-2.5,1.0,0.0,0,0
SUP0244,2024-08,2,0.0,12.5,1.0,0.0,0,0
SUP0244,2024-09,3,0.3333,2.67,1.0,0.0,0,0
SUP0244,2024-10,3,0.3333,5.33,1.0,0.0,0,0
SUP0244,2024-11,2,0.5,5.5,1.0,0.0,0,0
SUP0244,2024-12,3,0.0,8.33,1.0,0.0,0,0
SUP0244,2025-01,1,0.0,3.0,1.0,0.0,0,0
SUP0244,2025-02,3,0.0,6.33,1.0,0.0,0,0
SUP0244,2025-03,3,0.3333,3.33,0.8988,0.0,0,0
SUP0244,2025-04,3,0.6667,2.67,1.0,0.0,0,0
SUP0244,2025-05,2,0.0,1.0,1.0,0.0,0,0
SUP0244,2025-06,3,0.3333,4.0,1.0,0.0,0,0
SUP0244,2025-07,1,0.0,7.0,1.0,0.0,0,0
SUP0244,2025-09,3,0.0,6.33,1.0,0.0,0,0
SUP0244,2025-10,6,0.1667,5.33,0.6702,0.0,0,0
SUP0244,2025-11,5,0.2,7.0,0.9039,0.0,0,0
SUP0244,2025-12,2,0.5,4.5,1.0,0.0,0,0
SUP0245,2023-01,4,0.5,2.0,0.7675,0.0,0,0
SUP0245,2023-02,2,0.0,1.5,1.0,0.0,0,0
SUP0245,2023-04,3,0.0,7.0,0.7543,0.0,0,0
SUP0245,2023-05,3,0.0,8.0,1.0,0.0,0,0
SUP0245,2023-06,5,0.0,9.0,0.9463,0.0,0,0
SUP0245,2023-07,2,0.5,5.0,1.0,0.0,0,0
SUP0245,2023-08,2,0.0,10.5,1.0,0.0,0,0
SUP0245,2023-09,2,0.5,3.5,0.8747,0.0,0,0
SUP0245,2023-10,2,0.0,6.0,1.0,0.0,0,0
SUP0245,2023-11,5,0.2,8.2,1.0,0.0,0,0
SUP0245,2023-12,1,0.0,9.0,1.0,0.0,0,0
SUP0245,2024-01,3,0.0,7.0,1.0,0.0,0,0
SUP0245,2024-02,2,0.5,3.0,1.0,0.0,0,0
SUP0245,2024-03,1,0.0,10.0,1.0,0.0,0,0
SUP0245,2024-04,3,0.6667,1.33,1.0,0.0,0,0
SUP0245,2024-05,2,0.5,3.5,1.0,0.0,0,0
SUP0245,2024-06,1,0.0,9.0,1.0,0.0,0,0
SUP0245,2024-07,2,0.0,6.0,0.452,0.0,0,0
SUP0245,2024-09,2,0.5,-0.5,1.0,0.0,0,0
SUP0245,2024-10,1,0.0,7.0,1.0,0.0,0,0
SUP0245,2024-11,5,0.0,6.0,0.8734,0.0,0,0
SUP0245,2024-12,1,1.0,-2.0,1.0,0.0,0,0
SUP0245,2025-02,2,0.0,6.5,1.0,0.0,0,0
SUP0245,2025-04,1,1.0,-3.0,1.0,0.0,0,0
SUP0245,2025-05,1,0.0,7.0,1.0,0.0,0,0
SUP0245,2025-06,1,0.0,6.0,1.0,0.0,0,0
SUP0245,2025-07,1,0.0,10.0,1.0,0.0,0,0
SUP0245,2025-08,2,0.0,11.5,1.0,0.0,0,0
SUP0245,2025-09,3,0.0,9.33,1.0,0.0,0,0
SUP0245,2025-10,3,0.0,9.0,0.8941,0.0,0,0
SUP0245,2025-11,1,0.0,7.0,1.0,0.0,0,0
SUP0245,2025-12,2,,,,0.0,0,0
SUP0246,2023-02,2,0.0,4.0,0.8731,0.0,0,0
SUP0246,2023-03,2,0.5,2.0,1.0,0.0,0,0
SUP0246,2023-04,4,0.25,4.0,1.0,0.0,0,0
SUP0246,2023-05,2,0.0,7.0,1.0,0.0,0,0
SUP0246,2023-07,3,0.0,10.0,1.0,0.0,0,0
SUP0246,2023-08,2,0.5,-0.5,1.0,0.0,0,0
SUP0246,2023-09,2,0.0,6.5,0.8338,0.0,0,0
SUP0246,2023-10,1,0.0,3.0,1.0,0.0,0,0
SUP0246,2023-11,4,0.0,8.75,0.7597,0.0,0,0
SUP0246,2023-12,6,0.0,6.17,1.0,0.0,0,0
SUP0246,2024-01,1,0.0,9.0,1.0,0.0,0,0
SUP0246,2024-02,2,0.0,3.5,1.0,0.0,0,0
SUP0246,2024-03,1,0.0,13.0,1.0,0.0,0,0
SUP0246,2024-04,1,0.0,5.0,1.0,0.0,0,0
SUP0246,2024-05,1,0.0,7.0,1.0,0.0,0,0
SUP0246,2024-06,2,0.5,4.5,1.0,0.0,0,0
SUP0246,2024-07,3,0.3333,1.33,0.6095,0.0,0,0
SUP0246,2024-08,1,0.0,-3.0,0.2617,0.0,0,0
SUP0246,2024-09,2,0.5,0.5,0.8679,0.0,0,0
SUP0246,2024-10,1,0.0,7.0,1.0,0.0,0,0
SUP0246,2024-12,2,0.0,6.0,1.0,0.0,0,0
SUP0246,2025-01,2,0.0,10.0,1.0,0.0,0,0
SUP0246,2025-02,1,1.0,-1.0,1.0,0.0,0,0
SUP0246,2025-04,4,0.25,8.5,1.0,0.0,0,0
SUP0246,2025-05,3,0.0,4.67,1.0,0.0,0,0
SUP0246,2025-06,2,0.5,0.0,0.7367,0.0,0,0
SUP0246,2025-07,5,0.2,4.4,1.0,0.0,0,0
SUP0246,2025-08,3,0.3333,6.0,1.0,0.0,0,0
SUP0246,2025-09,4,0.0,9.5,1.0,0.0,0,0
SUP0246,2025-10,4,0.25,3.75,0.9042,0.0,0,0
SUP0246,2025-11,1,0.0,12.0,1.0,0.0,0,0
SUP0246,2025-12,6,0.25,2.0,0.9633,0.0,0,0
SUP0247,2023-01,1,1.0,0.0,1.0,0.0,0,0
SUP0247,2023-03,13,0.7692,1.69,1.0,0.0,0,0
SUP0247,2023-04,9,0.6667,1.67,1.0,0.0,0,0
SUP0247,2023-05,2,0.5,4.0,1.0,0.0,0,0
SUP0247,2023-06,4,0.5,1.5,0.9377,0.0,0,0
SUP0247,2023-07,5,0.6,4.4,0.62,0.0,0,0
SUP0247,2023-08,5,0.6,3.8,0.9253,0.0,0,0
SUP0247,2023-09,6,0.8333,1.83,1.0,0.0,0,0
SUP0247,2023-10,8,0.625,0.62,1.0,0.0,0,0
SUP0247,2023-11,4,0.75,1.5,1.0,0.0,0,0
SUP0247,2023-12,5,0.6,2.8,1.0,0.0,0,0
SUP0247,2024-01,7,0.7143,0.29,0.7769,0.0,0,0
SUP0247,2024-02,10,0.5,4.1,1.0,0.0,0,0
SUP0247,2024-03,12,0.6667,2.67,0.8513,0.0,0,0
SUP0247,2024-04,9,0.6667,1.78,0.7776,117920.0,0,0
SUP0247,2024-05,10,0.8,1.2,0.891,0.0,0,0
SUP0247,2024-06,5,0.8,0.8,1.0,0.0,0,0
SUP0247,2024-07,3,1.0,0.0,1.0,0.0,0,0
SUP0247,2024-08,5,1.0,-1.2,1.0,0.0,0,0
SUP0247,2024-09,5,0.6,2.4,1.0,0.0,0,0
SUP0247,2024-10,8,0.5,1.62,1.0,0.0,0,0
SUP0247,2024-11,5,1.0,-0.6,1.0,0.0,0,0
SUP0247,2024-12,10,0.7,3.0,1.0,0.0,0,0
SUP0247,2025-01,6,0.8333,-0.17,1.0,0.0,0,0
SUP0247,2025-02,1,1.0,0.0,1.0,0.0,0,0
SUP0247,2025-03,5,0.8,2.0,1.0,0.0,0,0
SUP0247,2025-04,5,0.4,1.0,0.823,0.0,0,0
SUP0247,2025-05,10,0.9,0.5,1.0,0.0,0,0
SUP0247,2025-06,4,1.0,0.0,1.0,0.0,0,0
SUP0247,2025-07,7,0.7143,0.71,1.0,0.0,0,0
SUP0247,2025-08,8,0.875,0.75,1.0,0.0,0,0
SUP0247,2025-09,7,0.7143,0.57,1.0,0.0,0,0
SUP0247,2025-10,8,0.75,1.75,1.0,0.0,0,0
SUP0247,2025-11,5,1.0,-0.6,1.0,0.0,0,0
SUP0247,2025-12,17,0.7692,1.31,0.7255,0.0,0,0
SUP0248,2023-02,4,1.0,0.0,1.0,0.0,0,0
SUP0248,2023-03,8,0.375,3.75,0.9938,0.0,0,0
SUP0248,2023-04,12,0.5,3.83,0.923,0.0,0,0
SUP0248,2023-05,4,0.5,0.5,1.0,0.0,0,0
SUP0248,2023-06,5,0.2,5.0,0.9978,0.0,0,0
SUP0248,2023-07,6,0.5,3.67,1.0,0.0,0,0
SUP0248,2023-08,9,1.0,0.0,1.0,0.0,0,0
SUP0248,2023-09,7,0.7143,2.14,0.6327,0.0,0,0
SUP0248,2023-10,7,0.4286,4.71,1.0,0.0,0,0
SUP0248,2023-11,5,0.6,2.4,0.9025,0.0,0,0
SUP0248,2023-12,8,0.875,0.25,1.0,0.0,0,0
SUP0248,2024-01,4,0.5,4.0,1.0,0.0,0,0
SUP0248,2024-02,4,0.75,1.75,1.0,0.0,0,0
SUP0248,2024-03,4,0.75,2.75,1.0,0.0,0,0
SUP0248,2024-04,7,0.4286,3.86,1.0,0.0,0,0
SUP0248,2024-05,11,0.4545,2.36,0.6336,0.0,0,0
SUP0248,2024-06,6,0.8333,-0.33,0.9973,0.0,0,0
SUP0248,2024-07,9,0.7778,2.11,1.0,0.0,0,0
SUP0248,2024-08,9,0.4444,8.0,0.5237,0.0,0,0
SUP0248,2024-09,8,0.875,0.5,1.0,0.0,0,0
SUP0248,2024-10,5,1.0,0.0,1.0,57416.3,0,0
SUP0248,2024-11,8,0.625,2.5,0.9978,0.0,0,0
SUP0248,2024-12,6,0.6667,0.17,1.0,0.0,0,0
SUP0248,2025-01,9,0.4444,4.89,1.0,0.0,0,0
SUP0248,2025-02,2,1.0,0.0,1.0,0.0,0,0
SUP0248,2025-03,8,0.75,1.0,1.0,0.0,0,0
SUP0248,2025-04,9,1.0,0.0,1.0,0.0,0,0
SUP0248,2025-05,5,0.4,4.8,1.0,0.0,0,0
SUP0248,2025-06,5,0.8,5.2,0.9663,0.0,0,0
SUP0248,2025-07,8,0.875,0.88,1.0,0.0,0,0
SUP0248,2025-08,2,0.0,11.0,1.0,0.0,0,0
SUP0248,2025-09,9,0.8889,0.56,1.0,0.0,0,0
SUP0248,2025-10,11,0.7273,3.18,1.0,0.0,0,0
SUP0248,2025-11,8,0.375,5.12,0.9981,0.0,0,0
SUP0248,2025-12,10,0.3333,4.22,1.0,0.0,0,0
SUP0249,2023-03,2,0.0,7.5,1.0,0.0,0,0
SUP0249,2023-04,1,0.0,5.0,1.0,0.0,0,0
SUP0249,2023-05,1,0.0,12.0,1.0,0.0,0,0
SUP0249,2023-06,4,0.5,5.75,1.0,0.0,0,0
SUP0249,2023-07,2,0.0,8.0,1.0,0.0,0,0
SUP0249,2023-08,1,0.0,9.0,1.0,0.0,0,0
SUP0249,2023-09,1,0.0,4.0,1.0,0.0,0,0
SUP0249,2023-10,1,0.0,10.0,1.0,0.0,0,0
SUP0249,2023-11,4,0.5,4.5,1.0,0.0,0,0
SUP0249,2023-12,2,0.0,6.5,1.0,0.0,0,0
SUP0249,2024-01,2,0.5,2.0,1.0,0.0,0,0
SUP0249,2024-02,1,1.0,-3.0,1.0,0.0,0,0
SUP0249,2024-03,3,0.3333,1.67,1.0,0.0,0,0
SUP0249,2024-04,4,0.25,2.0,1.0,0.0,0,0
SUP0249,2024-05,1,0.0,4.0,1.0,0.0,0,0
SUP0249,2024-06,4,0.25,5.0,1.0,0.0,0,0
SUP0249,2024-07,1,0.0,1.0,1.0,0.0,0,0
SUP0249,2024-08,2,0.0,6.5,1.0,0.0,0,0
SUP0249,2024-09,2,0.0,6.5,0.6789,0.0,0,0
SUP0249,2024-10,1,0.0,2.0,1.0,0.0,0,0
SUP0249,2024-11,1,0.0,10.0,1.0,0.0,0,0
SUP0249,2024-12,1,0.0,1.0,1.0,0.0,0,0
SUP0249,2025-01,1,1.0,-1.0,1.0,0.0,0,0
SUP0249,2025-03,2,0.0,5.5,1.0,0.0,0,0
SUP0249,2025-04,2,0.5,1.0,1.0,0.0,0,0
SUP0249,2025-05,2,0.0,12.0,1.0,0.0,0,0
SUP0249,2025-06,1,1.0,0.0,1.0,0.0,0,0
SUP0249,2025-07,4,0.5,3.25,1.0,0.0,0,0
SUP0249,2025-08,1,0.0,3.0,1.0,0.0,0,0
SUP0249,2025-10,4,0.25,5.25,1.0,0.0,0,0
SUP0249,2025-12,6,0.0,2.0,1.0,0.0,0,0
SUP0250,2023-03,3,0.3333,2.0,1.0,0.0,0,0
SUP0250,2023-04,5,0.2,3.0,1.0,0.0,0,0
SUP0250,2023-06,6,0.0,5.67,1.0,0.0,0,0
SUP0250,2023-07,2,0.0,8.0,1.0,0.0,0,0
SUP0250,2023-08,1,0.0,2.0,1.0,0.0,0,0
SUP0250,2023-09,1,0.0,7.0,1.0,0.0,0,0
SUP0250,2024-01,1,1.0,-3.0,1.0,0.0,0,0
SUP0250,2024-02,2,0.5,0.5,1.0,0.0,0,0
SUP0250,2024-03,2,1.0,0.0,1.0,0.0,0,0
SUP0250,2024-04,2,0.0,7.0,1.0,0.0,0,0
SUP0250,2024-06,2,0.5,6.5,1.0,0.0,0,0
SUP0250,2024-07,5,0.6,4.0,1.0,0.0,0,0
SUP0250,2024-08,2,0.0,14.0,1.0,0.0,0,0
SUP0250,2024-09,1,0.0,8.0,1.0,0.0,0,0
SUP0250,2024-11,1,1.0,-2.0,1.0,0.0,0,0
SUP0250,2024-12,2,0.0,5.5,1.0,0.0,0,0
SUP0250,2025-01,2,0.0,9.5,0.6442,0.0,0,0
SUP0250,2025-02,1,1.0,-1.0,1.0,0.0,0,0
SUP0250,2025-03,2,0.5,6.0,0.9448,0.0,0,0
SUP0250,2025-04,2,0.0,3.5,1.0,0.0,0,0
SUP0250,2025-05,5,0.2,3.0,0.8449,0.0,0,0
SUP0250,2025-06,1,1.0,-1.0,1.0,0.0,0,0
SUP0250,2025-07,3,1.0,-2.0,1.0,0.0,0,0
SUP0250,2025-08,1,0.0,2.0,1.0,0.0,0,0
SUP0250,2025-09,1,0.0,11.0,1.0,0.0,0,0
SUP0250,2025-10,3,0.3333,3.0,1.0,0.0,0,0
SUP0250,2025-11,2,0.0,3.5,1.0,0.0,0,0
SUP0250,2025-12,3,0.0,8.5,1.0,0.0,0,0
